Date,signal,pos,held,turnover,gross,net
2000-01-03,,0.0,0.0,0.0,0.0,0.0
2000-01-04,,0.0,0.0,0.0,-0.0,-0.0
2000-01-05,,0.0,0.0,0.0,0.0,0.0
2000-01-06,,0.0,0.0,0.0,-0.0,-0.0
2000-01-07,,0.0,0.0,0.0,-0.0,-0.0
2000-01-10,,0.0,0.0,0.0,-0.0,-0.0
2000-01-11,,0.0,0.0,0.0,-0.0,-0.0
2000-01-12,,0.0,0.0,0.0,-0.0,-0.0
2000-01-13,,0.0,0.0,0.0,-0.0,-0.0
2000-01-14,,0.0,0.0,0.0,0.0,0.0
2000-01-18,,0.0,0.0,0.0,0.0,0.0
2000-01-19,,0.0,0.0,0.0,-0.0,-0.0
2000-01-20,,0.0,0.0,0.0,0.0,0.0
2000-01-21,,0.0,0.0,0.0,0.0,0.0
2000-01-24,,0.0,0.0,0.0,0.0,0.0
2000-01-25,,0.0,0.0,0.0,-0.0,-0.0
2000-01-26,,0.0,0.0,0.0,-0.0,-0.0
2000-01-27,,0.0,0.0,0.0,0.0,0.0
2000-01-28,,0.0,0.0,0.0,-0.0,-0.0
2000-01-31,,0.0,0.0,0.0,0.0,0.0
2000-02-01,,0.0,0.0,0.0,-0.0,-0.0
2000-02-02,,0.0,0.0,0.0,-0.0,-0.0
2000-02-03,,0.0,0.0,0.0,-0.0,-0.0
2000-02-04,,0.0,0.0,0.0,0.0,0.0
2000-02-07,,0.0,0.0,0.0,0.0,0.0
2000-02-08,,0.0,0.0,0.0,-0.0,-0.0
2000-02-09,,0.0,0.0,0.0,-0.0,-0.0
2000-02-10,,0.0,0.0,0.0,-0.0,-0.0
2000-02-11,,0.0,0.0,0.0,-0.0,-0.0
2000-02-14,,0.0,0.0,0.0,-0.0,-0.0
2000-02-15,,0.0,0.0,0.0,-0.0,-0.0
2000-02-16,,0.0,0.0,0.0,0.0,0.0
2000-02-17,,0.0,0.0,0.0,-0.0,-0.0
2000-02-18,,0.0,0.0,0.0,-0.0,-0.0
2000-02-22,,0.0,0.0,0.0,0.0,0.0
2000-02-23,,0.0,0.0,0.0,-0.0,-0.0
2000-02-24,,0.0,0.0,0.0,-0.0,-0.0
2000-02-25,,0.0,0.0,0.0,-0.0,-0.0
2000-02-28,,0.0,0.0,0.0,0.0,0.0
2000-02-29,,0.0,0.0,0.0,-0.0,-0.0
2000-03-01,,0.0,0.0,0.0,0.0,0.0
2000-03-02,,0.0,0.0,0.0,0.0,0.0
2000-03-03,,0.0,0.0,0.0,0.0,0.0
2000-03-06,,0.0,0.0,0.0,0.0,0.0
2000-03-07,,0.0,0.0,0.0,-0.0,-0.0
2000-03-08,,0.0,0.0,0.0,0.0,0.0
2000-03-09,,0.0,0.0,0.0,0.0,0.0
2000-03-10,,0.0,0.0,0.0,-0.0,-0.0
2000-03-13,,0.0,0.0,0.0,-0.0,-0.0
2000-03-14,,0.0,0.0,0.0,-0.0,-0.0
2000-03-15,,0.0,0.0,0.0,0.0,0.0
2000-03-16,,0.0,0.0,0.0,0.0,0.0
2000-03-17,,0.0,0.0,0.0,0.0,0.0
2000-03-20,,0.0,0.0,0.0,-0.0,-0.0
2000-03-21,,0.0,0.0,0.0,-0.0,-0.0
2000-03-22,,0.0,0.0,0.0,-0.0,-0.0
2000-03-23,,0.0,0.0,0.0,0.0,0.0
2000-03-24,,0.0,0.0,0.0,-0.0,-0.0
2000-03-27,,0.0,0.0,0.0,0.0,0.0
2000-03-28,,0.0,0.0,0.0,-0.0,-0.0
2000-03-29,,0.0,0.0,0.0,0.0,0.0
2000-03-30,,0.0,0.0,0.0,-0.0,-0.0
2000-03-31,,0.0,0.0,0.0,-0.0,-0.0
2000-04-03,,0.0,0.0,0.0,0.0,0.0
2000-04-04,,0.0,0.0,0.0,0.0,0.0
2000-04-05,,0.0,0.0,0.0,-0.0,-0.0
2000-04-06,,0.0,0.0,0.0,0.0,0.0
2000-04-07,,0.0,0.0,0.0,-0.0,-0.0
2000-04-10,,0.0,0.0,0.0,-0.0,-0.0
2000-04-11,,0.0,0.0,0.0,0.0,0.0
2000-04-12,,0.0,0.0,0.0,0.0,0.0
2000-04-13,,0.0,0.0,0.0,-0.0,-0.0
2000-04-14,,0.0,0.0,0.0,-0.0,-0.0
2000-04-17,,0.0,0.0,0.0,-0.0,-0.0
2000-04-18,,0.0,0.0,0.0,0.0,0.0
2000-04-19,,0.0,0.0,0.0,0.0,0.0
2000-04-20,,0.0,0.0,0.0,-0.0,-0.0
2000-04-24,,0.0,0.0,0.0,0.0,0.0
2000-04-25,,0.0,0.0,0.0,0.0,0.0
2000-04-26,,0.0,0.0,0.0,-0.0,-0.0
2000-04-27,,0.0,0.0,0.0,-0.0,-0.0
2000-04-28,,0.0,0.0,0.0,0.0,0.0
2000-05-01,,0.0,0.0,0.0,-0.0,-0.0
2000-05-02,,0.0,0.0,0.0,-0.0,-0.0
2000-05-03,,0.0,0.0,0.0,0.0,0.0
2000-05-04,,0.0,0.0,0.0,-0.0,-0.0
2000-05-05,-0.006079236023544484,-0.006079236023544484,0.0,0.0,0.0,0.0
2000-05-08,-0.014050194903972909,-0.014050194903972909,0.0,0.0,0.0,0.0
2000-05-09,-0.020671170659450594,-0.020671170659450594,-0.006079236023544484,0.006079236023544484,5.58060696076479e-05,5.276645159587566e-05
2000-05-10,-0.028032224385044838,-0.028032224385044838,-0.014050194903972909,0.007970958880428425,8.948221419919722e-05,8.549673475898301e-05
2000-05-11,-0.026030029371933223,-0.026030029371933223,-0.020671170659450594,0.006620975755477685,-0.0004276281750127033,-0.00043093866289044215
2000-05-12,-0.04589122275746632,-0.04589122275746632,-0.028032224385044838,0.007361053725594244,0.0008882581776503676,0.0008845776507875704
2000-05-15,-0.036635340628964494,-0.036635340628964494,-0.026030029371933223,0.0020021950131116142,-0.0010129581874733409,-0.0010139592849798967
2000-05-16,-0.026371023517821036,-0.026371023517821036,-0.04589122275746632,0.019861193385533098,-0.00015628520655970287,-0.00016621580325246942
2000-05-17,-0.0280748978790265,-0.0280748978790265,-0.036635340628964494,0.009255882128501827,0.0006630928405345213,0.0006584648994702704
2000-05-18,-0.029380602685776816,-0.029380602685776816,-0.026371023517821036,0.010264317111143458,0.00018228212337935228,0.00017714996482378056
2000-05-19,-0.0476531245658407,-0.0476531245658407,-0.0280748978790265,0.0017038743612054624,0.0006513864563164464,0.0006505345191358437
2000-05-22,-0.08221587642837758,-0.08221587642837758,-0.029380602685776816,0.0013057048067503171,0.00017447779820819185,0.0001738249458048167
2000-05-23,-0.1720228096407532,-0.1720228096407532,-0.0476531245658407,0.018272521880063883,0.0013663939599163632,0.0013572576989763312
2000-05-24,-0.33794254384659855,-0.33794254384659855,-0.08221587642837758,0.03456275186253688,-0.0012134964516411868,-0.0012307778275724552
2000-05-25,-0.5586283625643991,-0.5586283625643991,-0.1720228096407532,0.08980693321237562,0.003127679136840585,0.003082775670234397
2000-05-26,-0.5807555368893943,-0.5807555368893943,-0.33794254384659855,0.16591973420584535,-0.007092813816933526,-0.007175773684036449
2000-05-30,-0.5011374128448708,-0.5011374128448708,-0.5586283625643991,0.22068581871780052,-0.009456646688130036,-0.009566989597488937
2000-05-31,-0.4351979542397014,-0.4351979542397014,-0.5807555368893943,0.022127174324995225,-0.0034526454518613134,-0.003463709039023811
2000-06-01,-0.364705624445375,-0.364705624445375,-0.5011374128448708,0.07961812404452351,-0.0060718039668979295,-0.006111613028920191
2000-06-02,-0.3138902728190147,-0.3138902728190147,-0.4351979542397014,0.06593945860516937,-0.0008895665457349893,-0.0009225362750375739
2000-06-05,-0.2973244967503906,-0.2973244967503906,-0.364705624445375,0.0704923297943264,0.004250781408318685,0.004215535243421522
2000-06-06,-0.2551975121341651,-0.2551975121341651,-0.3138902728190147,0.050815351626360306,-0.006292466095190416,-0.006317873771003597
2000-06-07,-0.19769153498673914,-0.19769153498673914,-0.2973244967503906,0.01656577606862414,-0.0,-8.282888034312068e-06
2000-06-08,-0.15025923620379777,-0.15025923620379777,-0.2551975121341651,0.042126984616225494,-0.0026554255627793052,-0.002676489055087418
2000-06-09,-0.12034594860634351,-0.12034594860634351,-0.19769153498673914,0.057505977147425946,0.002488174282989299,0.0024594212944155864
2000-06-12,-0.09758241207520225,-0.09758241207520225,-0.15025923620379777,0.04743229878294136,0.0003481748983682481,0.0003244587489767774
2000-06-13,-0.07719506379672494,-0.07719506379672494,-0.12034594860634351,0.029913287597454263,-0.0036341316715450675,-0.0036490883153437945
2000-06-14,-0.05213993798067093,-0.05213993798067093,-0.09758241207520225,0.022763536531141257,-0.0034103876823894123,-0.003421769450654983
2000-06-15,-0.04555256708434876,-0.04555256708434876,-0.07719506379672494,0.02038734827847731,0.0010931307832684424,0.0010829371091292037
2000-06-16,-0.07545176814774501,-0.07545176814774501,-0.05213993798067093,0.025055125816054014,0.0013827402507834785,0.0013702126878754515
2000-06-19,-0.05876178959303885,-0.05876178959303885,-0.04555256708434876,0.006587370896322171,-0.0016028752980857968,-0.0016061689835339579
2000-06-20,-0.03933937090571042,-0.03933937090571042,-0.07545176814774501,0.029899201063396254,-0.0005791523384099372,-0.0005941019389416354
2000-06-21,-0.03855375931613622,-0.03855375931613622,-0.05876178959303885,0.016689978554706164,0.0006394029039637814,0.0006310579146864284
2000-06-22,-0.010892116397070599,-0.010892116397070599,-0.03933937090571042,0.019422418687328427,-0.0009520723574943093,-0.0009617835668379735
2000-06-23,-0.008727415012824336,-0.008727415012824336,-0.03855375931613622,0.0007856115895742005,0.0005383374768082234,0.0005379446710134363
2000-06-26,-0.0556822927194848,-0.0556822927194848,-0.010892116397070599,0.027661642919065622,0.0003559440925313215,0.00034211327107178867
2000-06-27,-0.1523958533417763,-0.1523958533417763,-0.008727415012824336,0.002164701384246263,0.00029484592674152305,0.0002937635760493999
2000-06-28,-0.2544688882791148,-0.2544688882791148,-0.0556822927194848,0.046954877706660465,0.0010546144905962123,0.001031137051742882
2000-06-29,-0.4054816035535406,-0.4054816035535406,-0.1523958533417763,0.0967135606222915,0.0032135253908730775,0.0031651686105619316
2000-06-30,-0.5785083913622631,-0.5785083913622631,-0.2544688882791148,0.10207303493733849,0.003397069633933555,0.0033460331164648855
2000-07-03,-0.4433867382795536,-0.4433867382795536,-0.4054816035535406,0.15101271527442583,-0.03676698021060059,-0.036842486568237805
2000-07-05,-0.37089517969334496,-0.37089517969334496,-0.5785083913622631,0.17302678780872244,0.0059166901830339114,0.00583017678912955
2000-07-06,-0.34587473090425597,-0.34587473090425597,-0.4433867382795536,0.13512165308270946,0.004711665588599459,0.004644104762058105
2000-07-07,-0.27091112678590856,-0.27091112678590856,-0.37089517969334496,0.07249155858620865,-0.010769069818730733,-0.010805315598023838
2000-07-10,-0.2293509930554182,-0.2293509930554182,-0.34587473090425597,0.02502044878908899,0.004294002662778227,0.004281492438383682
2000-07-11,-0.2974657904872012,-0.2974657904872012,-0.27091112678590856,0.0749636041183474,0.010526780243486387,0.010489298441427214
2000-07-12,-0.36645566516834,-0.36645566516834,-0.2293509930554182,0.04156013373049036,0.0019091768364970778,0.0018883967696318327
2000-07-13,-0.45470155451912636,-0.45470155451912636,-0.2974657904872012,0.06811479743178298,0.0035664686158227415,0.00353241121710685
2000-07-14,-0.6364677030127509,-0.6364677030127509,-0.36645566516834,0.06898987468113882,0.014231292660604205,0.014196797723263635
2000-07-17,-0.757645135341834,-0.757645135341834,-0.45470155451912636,0.08824588935078637,-0.0,-4.4122944675393184e-05
2000-07-18,-0.8384300902278894,-0.8384300902278894,-0.6364677030127509,0.18176614849362455,0.008839944454747985,0.008749061380501173
2000-07-19,-0.892286726818593,-0.892286726818593,-0.757645135341834,0.12117743232908307,0.028133050025370712,0.02807246130920617
2000-07-20,-0.9281911512123955,-0.9281911512123955,-0.8384300902278894,0.08078495488605542,0.0490568706174423,0.04901647813999927
2000-07-21,-0.7191891088666981,-0.7191891088666981,-0.892286726818593,0.05385663659070361,-0.07561743280355107,-0.07564436112184643
2000-07-24,-0.5552773680591548,-0.5552773680591548,-0.9281911512123955,0.03590442439380248,-0.014503307154037847,-0.014521259366234747
2000-07-25,-0.43307094103508303,-0.43307094103508303,-0.7191891088666981,0.20900204234569741,0.0027663252353730176,0.002661824214200169
2000-07-26,-0.41807920553860056,-0.41807920553860056,-0.5552773680591548,0.16391174080754323,0.017866184254722688,0.017784228384318916
2000-07-27,-0.4108943901476851,-0.4108943901476851,-0.43307094103508303,0.1222064270240718,-0.0,-6.11032135120359e-05
2000-07-28,-0.4029899299108362,-0.4029899299108362,-0.41807920553860056,0.014991735496482472,-0.0,-7.495867748241236e-06
2000-07-31,-0.4110506528271316,-0.4110506528271316,-0.4108943901476851,0.007184815390915478,0.0021854701675476035,0.0021818777598521456
2000-08-01,-0.36354981753521026,-0.36354981753521026,-0.4029899299108362,0.007904460236848876,-0.0102364072346525,-0.010240359464770924
2000-08-02,-0.33048452925162486,-0.33048452925162486,-0.4110506528271316,0.008060722916295393,0.0005362742075607751,0.0005322438461026274
2000-08-03,-0.2861361286623763,-0.2861361286623763,-0.36354981753521026,0.04750083529192134,-0.0009494431790661767,-0.0009731935967121374
2000-08-04,-0.22147841767915744,-0.22147841767915744,-0.33048452925162486,0.0330652882835854,0.007315468276862773,0.00729893563272098
2000-08-07,-0.16548462389730703,-0.16548462389730703,-0.2861361286623763,0.04434840058924855,-0.005714970863241247,-0.005737145063535872
2000-08-08,-0.44365641593153804,-0.44365641593153804,-0.22147841767915744,0.06465771098321887,0.02486557507555763,0.02483324622006602
2000-08-09,-0.629104277287692,-0.629104277287692,-0.16548462389730703,0.055993793781850404,0.008274248828507986,0.00824625193161706
2000-08-10,-0.629258219112331,-0.629258219112331,-0.44365641593153804,0.27817179203423104,-0.01922958907017797,-0.019368674966195085
2000-08-11,-0.6670200592433216,-0.6670200592433216,-0.629104277287692,0.185447861356154,0.009333695514176465,0.009240971583498387
2000-08-14,-0.6361737959224998,-0.6361737959224998,-0.629258219112331,0.0001539418246390145,-0.01516285761599424,-0.01516293458690656
2000-08-15,-0.6402542843697434,-0.6402542843697434,-0.6670200592433216,0.0377618401309906,0.007847388189045571,0.007828507268980076
2000-08-16,-0.6577402001381081,-0.6577402001381081,-0.6361737959224998,0.030846263320821854,0.003786680052979863,0.003771256921319452
2000-08-17,-0.7398438735431941,-0.7398438735431941,-0.6402542843697434,0.004080488447243624,0.015335441317925302,0.01533340107370168
2000-08-18,-0.6894892203026489,-0.6894892203026489,-0.6577402001381081,0.017485915768364668,-0.027237439165933713,-0.027246182123817894
2000-08-21,-0.6362743338054081,-0.6362743338054081,-0.7398438735431941,0.08210367340508606,-0.006538354071925723,-0.0065794059086282655
2000-08-22,-0.6123033114293804,-0.6123033114293804,-0.6894892203026489,0.05035465324054522,0.017111773403648275,0.017086596077028
2000-08-23,-0.7209387408084051,-0.7209387408084051,-0.6362743338054081,0.05321488649724082,0.019049896940039973,0.019023289496791353
2000-08-24,-0.6467056980731062,-0.6467056980731062,-0.6123033114293804,0.023971022376027662,-0.01700836509140194,-0.017020350602589954
2000-08-25,-0.5198090919800693,-0.5198090919800693,-0.7209387408084051,0.1086354293790247,-0.02597975030022782,-0.026034068014917335
2000-08-28,-0.4090866401439125,-0.4090866401439125,-0.6467056980731062,0.07423304273529896,-0.010309426233788728,-0.010346542755156377
2000-08-29,-0.3724171299112779,-0.3724171299112779,-0.5198090919800693,0.12689660609303688,0.011122800040651663,0.011059351737605144
2000-08-30,-0.3081023329090315,-0.3081023329090315,-0.4090866401439125,0.11072245183615681,-0.013119465385008406,-0.013174826610926484
2000-08-31,-0.28250457168377574,-0.28250457168377574,-0.3724171299112779,0.036669510232634595,0.006180671719376394,0.006162336964260076
2000-09-01,-0.23732150520888068,-0.23732150520888068,-0.3081023329090315,0.0643147970022464,-0.0038719900918858853,-0.0039041474903870085
2000-09-05,-0.22453457884442357,-0.22453457884442357,-0.28250457168377574,0.025597761225255755,0.0036063579407188077,0.0035935590601061797
2000-09-06,-0.24627637806879446,-0.24627637806879446,-0.23732150520888068,0.04518306647489506,0.004773836824904106,0.004751245291666658
2000-09-07,-0.2123326613919293,-0.2123326613919293,-0.22453457884442357,0.012786926364457107,-0.005267798104279452,-0.00527419156746168
2000-09-08,-0.17240034147455136,-0.17240034147455136,-0.24627637806879446,0.02174179922437089,-0.0038810270762696785,-0.003891897975881864
2000-09-11,-0.12888368135274597,-0.12888368135274597,-0.2123326613919293,0.03394371667686516,-0.0035938087701733405,-0.003610780628511773
2000-09-12,-0.10083817725581384,-0.10083817725581384,-0.17240034147455136,0.039932319917377945,0.0007172785970149242,0.0006973124370562352
2000-09-13,-0.11668065478933673,-0.11668065478933673,-0.12888368135274597,0.043516660121805384,0.00430807549756067,0.004286317167499768
2000-09-14,-0.1074262530002664,-0.1074262530002664,-0.10083817725581384,0.028045504096932128,-0.0002905901747806952,-0.0003046129268291613
2000-09-15,-0.08950259440779147,-0.08950259440779147,-0.11668065478933673,0.015842477533522886,-0.0026823151831002565,-0.002690236421867018
2000-09-18,-0.10132921541298472,-0.10132921541298472,-0.1074262530002664,0.009254401789070332,0.0027158232562225154,0.0027111960553279804
2000-09-19,-0.09556690028049061,-0.09556690028049061,-0.08950259440779147,0.017923658592474925,-0.000644790247124596,-0.0006537520764208335
2000-09-20,-0.17453449355899342,-0.17453449355899342,-0.10132921541298472,0.011826621005193244,0.0039139925331342145,0.003908079222631618
2000-09-21,-0.288013811298479,-0.288013811298479,-0.09556690028049061,0.005762315132494103,0.0017064864668516792,0.001703605309285432
2000-09-22,-0.26110599877962476,-0.26110599877962476,-0.17453449355899342,0.0789675932785028,-0.009255502524733696,-0.009294986321372947
2000-09-25,-0.25083429508999244,-0.25083429508999244,-0.288013811298479,0.11347931773948561,0.0020719602578970053,0.0020152205990272625
2000-09-26,-0.2360674550780229,-0.2360674550780229,-0.26110599877962476,0.02690781251885427,-0.001513652797930021,-0.0015271067041894482
2000-09-27,-0.22249655426425963,-0.22249655426425963,-0.25083429508999244,0.010271703689632317,-0.0003613660026608342,-0.00036650185450565035
2000-09-28,-0.14902811447012884,-0.14902811447012884,-0.2360674550780229,0.01476684001196954,-0.020719524777027345,-0.02072690819703333
2000-09-29,-0.07557820845171048,-0.07557820845171048,-0.22249655426425963,0.013570900813763276,-0.0055920062499065755,-0.005598791700313457
2000-10-02,-0.0421875523749659,-0.0421875523749659,-0.14902811447012884,0.07346843979413079,0.003269061752576336,0.0032323275326792706
2000-10-03,0.012160928414938089,0.012160928414938089,-0.07557820845171048,0.07344990601841836,-0.0003988162840222387,-0.00043554123703144786
2000-10-04,0.11276767604579581,0.11276767604579581,-0.0421875523749659,0.03339065607674458,-0.0016055648682895473,-0.0016222601963279196
2000-10-05,0.4085117840305305,0.4085117840305305,0.012160928414938089,0.054348480789903994,0.0006997417016620638,0.0006725674612671117
2000-10-06,0.4518676684194633,0.4518676684194633,0.11276767604579581,0.10060674763085772,-0.0032607461941089482,-0.003311049567924377
2000-10-09,0.4364160863261254,0.4364160863261254,0.4085117840305305,0.2957441079847347,-0.006082110730084147,-0.006229982784076514
2000-10-10,0.3813263110785709,0.3813263110785709,0.4518676684194633,0.043355884388932786,-0.009674527199674952,-0.009696205141869418
2000-10-11,0.279442947734436,0.279442947734436,0.4364160863261254,0.015451582093337912,-0.019096738801527822,-0.01910446459257449
2000-10-12,0.19303461696016178,0.19303461696016178,0.3813263110785709,0.055089775247554484,-0.004105823274717323,-0.004133368162341101
2000-10-13,0.14643141346194316,0.14643141346194316,0.279442947734436,0.10188336334413489,0.0034217431285342276,0.00337080144686216
2000-10-16,0.1152480433813625,0.1152480433813625,0.19303461696016178,0.08640833077427423,-0.000259439042518082,-0.00030264320790521915
2000-10-17,0.15362496163119227,0.15362496163119227,0.14643141346194316,0.046603203498218615,0.006109483698833768,0.006086182097084659
2000-10-18,0.1540403529655907,0.1540403529655907,0.1152480433813625,0.031183370080580655,-0.0013400909344010122,-0.0013556826194413025
2000-10-19,0.13612061727963126,0.13612061727963126,0.15362496163119227,0.038376918249829764,0.000803302294780809,0.0007841138356558941
2000-10-20,0.12847536200106946,0.12847536200106946,0.1540403529655907,0.00041539133439844056,0.0012018966962869025,0.0012016890006197032
2000-10-23,0.17485558096758863,0.17485558096758863,0.13612061727963126,0.017919735685959448,0.0035127924995026405,0.003503832631659661
2000-10-24,0.22732003885291624,0.22732003885291624,0.12847536200106946,0.007645255278561802,0.001292811446940292,0.001288988819301011
2000-10-25,0.18921077531947023,0.18921077531947023,0.17485558096758863,0.04638021896651917,-0.0010886969278552656,-0.0011118870373385253
2000-10-26,0.23780761496885733,0.23780761496885733,0.22732003885291624,0.05246445788532761,0.005127335916860855,0.005101103687918191
2000-10-27,0.49187174331257155,0.49187174331257155,0.18921077531947023,0.038109263533446014,0.0076519067634271,0.007632852131660377
2000-10-30,0.6612478288750477,0.6612478288750477,0.23780761496885733,0.0485968396493871,0.01036383359961326,0.010339535179788566
2000-10-31,0.7741652192500319,0.7741652192500319,0.49187174331257155,0.2540641283437142,0.02165136604007863,0.02152433397590677
2000-11-01,0.6849427940024458,0.6849427940024458,0.6612478288750477,0.1693760855624762,-0.02359049984779146,-0.0236751878905727
2000-11-02,0.7833722892005597,0.7833722892005597,0.7741652192500319,0.11291739037498416,0.027773155310492372,0.02771669661530488
2000-11-03,0.7865514613388984,0.7865514613388984,0.6849427940024458,0.08922242524758606,-0.00889609346822409,-0.008940704680847884
2000-11-06,0.7121037446787553,0.7121037446787553,0.7833722892005597,0.09842949519811384,-0.01975576207142634,-0.019804976819025398
2000-11-07,0.6381604598046366,0.6381604598046366,0.7865514613388984,0.0031791721383387372,-0.008847210238178908,-0.008848799824248077
2000-11-08,0.593033188796875,0.593033188796875,0.7121037446787553,0.07444771666014316,0.0016197695716121726,0.001582545713282101
2000-11-09,0.6068732050073111,0.6068732050073111,0.6381604598046366,0.07394328487411861,0.010865109217171634,0.010828137574734576
2000-11-10,0.6350453423049401,0.6350453423049401,0.593033188796875,0.045127271007761594,0.00463385898328952,0.004611295347785639
2000-11-13,0.678576883214197,0.678576883214197,0.6068732050073111,0.013840016210436068,0.0053762915629440656,0.005369371554838847
2000-11-14,0.6065306030305363,0.6065306030305363,0.6350453423049401,0.02817213729762902,-0.013244771363927208,-0.013258857432576023
2000-11-15,0.4828570120057459,0.4828570120057459,0.678576883214197,0.043531540909256816,-0.019018417659604266,-0.019040183430058893
2000-11-16,0.35061195372807136,0.35061195372807136,0.6065306030305363,0.07204628018366066,-0.004197225642156734,-0.004233248782248564
2000-11-17,0.25240422473009977,0.25240422473009977,0.4828570120057459,0.12367359102479042,-0.017385356934276463,-0.017447193729788858
2000-11-20,0.19027544596831408,0.19027544596831408,0.35061195372807136,0.13224505827767452,0.00253448905310904,0.0024683665239702028
2000-11-21,0.15173117582808882,0.15173117582808882,0.25240422473009977,0.09820772899797159,0.000905827649127964,0.0008567237846289783
2000-11-22,0.13732398159190817,0.13732398159190817,0.19027544596831408,0.062128778761785686,0.0020411186074960094,0.0020100542181151165
2000-11-24,0.11675068959603911,0.11675068959603911,0.15173117582808882,0.03854427014022527,-0.0007157652272263153,-0.0007350373622964279
2000-11-27,0.12568048649320518,0.12568048649320518,0.13732398159190817,0.014407194236180643,0.0024406269244158308,0.0024334233272977407
2000-11-28,0.18585063802289783,0.18585063802289783,0.11675068959603911,0.02057329199586906,0.002854226633170533,0.0028439399871725986
2000-11-29,0.26366506483386176,0.26366506483386176,0.12568048649320518,0.008929796897166067,0.0018566225187011556,0.0018521576202525725
2000-11-30,0.3138428109152692,0.3138428109152692,0.18585063802289783,0.060170151529692656,0.001248701594381518,0.0012186165186166718
2000-12-01,0.33634017776660563,0.33634017776660563,0.26366506483386176,0.07781442681096393,-0.0005864851630773708,-0.0006253923764828528
2000-12-04,0.31064656824973275,0.31064656824973275,0.3138428109152692,0.05017774608140746,0.005247965388661216,0.005222876515620513
2000-12-05,0.5069614432859736,0.5069614432859736,0.33634017776660563,0.02249736685133641,0.004425897879786137,0.004414649196360469
2000-12-06,0.6713076288573158,0.6713076288573158,0.31064656824973275,0.025693609516872884,0.005379047040335678,0.0053662002355772415
2000-12-07,0.6027982305918943,0.6027982305918943,0.5069614432859736,0.19631487503624084,-0.007550473218610441,-0.007648630656128561
2000-12-08,0.49411981420152634,0.49411981420152634,0.6713076288573158,0.16434618557134217,-0.019573982100280423,-0.019656155193066092
2000-12-11,0.3959533465704548,0.3959533465704548,0.6027982305918943,0.06850939826542146,-0.011398993613275179,-0.01143324831240789
2000-12-12,0.3249142069076043,0.3249142069076043,0.49411981420152634,0.10867841639036796,0.002241003227173733,0.0021866640189785493
2000-12-13,0.4243656575027849,0.4243656575027849,0.3959533465704548,0.09816646763107156,0.015641737080081555,0.015592653846266019
2000-12-14,0.4436443493461207,0.4436443493461207,0.3249142069076043,0.07103913966285047,-0.004586521156860864,-0.00462204072669229
2000-12-15,0.38882385201848335,0.38882385201848335,0.4243656575027849,0.09945145059518057,-0.01074897144928987,-0.01079869717458746
2000-12-18,0.3716389899803219,0.3716389899803219,0.4436443493461207,0.019278691843335805,0.004010185001860161,0.004000545655938493
2000-12-19,0.27971545444140045,0.27971545444140045,0.38882385201848335,0.05482049732763733,-0.02743107301048259,-0.027458483259146408
2000-12-20,0.18287487050833276,0.18287487050833276,0.3716389899803219,0.01718486203816144,-0.012537008530762945,-0.012545600961782026
2000-12-21,0.031914232577393495,0.031914232577393495,0.27971545444140045,0.09192353553892146,-0.007324244411647565,-0.007370206179417025
2000-12-22,-0.1106814468234705,-0.1106814468234705,0.18287487050833276,0.09684058393306769,-0.0025757525889618413,-0.002624172880928375
2000-12-26,-0.14376915320503575,-0.14376915320503575,0.031914232577393495,0.15096063793093928,0.0010776311903997176,0.001002150871434248
2000-12-27,-0.13897783036483102,-0.13897783036483102,-0.1106814468234705,0.14259567940086398,-0.0018075658339242679,-0.0018788636736246998
2000-12-28,-0.1851763658319355,-0.1851763658319355,-0.14376915320503575,0.033087706381565246,0.004620518759246419,0.004603974906055636
2000-12-29,-0.17900110356546495,-0.17900110356546495,-0.13897783036483102,0.004791322840204726,-0.003372465568028365,-0.0033748612294484674
2001-01-02,-0.17297969779181088,-0.17297969779181088,-0.1851763658319355,0.04619853546710448,-0.00046168851100398156,-0.0004847877787375338
2001-01-03,-0.07534073686093992,-0.07534073686093992,-0.17900110356546495,0.006175262266470555,-0.010241377608913726,-0.010244465240046961
2001-01-04,0.03030483951046275,0.03030483951046275,-0.17297969779181088,0.006021405773654065,-0.005087652514472629,-0.0050906632173594564
2001-01-05,0.08801535134922633,0.08801535134922633,-0.07534073686093992,0.09763896093087096,0.0001722070448012568,0.00012338756433582132
2001-01-08,0.12253514662123885,0.12253514662123885,0.03030483951046275,0.10564557637140268,4.055127927223426e-05,-1.2271508913467077e-05
2001-01-09,0.17803141051211396,0.17803141051211396,0.08801535134922633,0.057710511838763585,0.0020280343713781315,0.0019991791154587496
2001-01-10,0.24373721898945708,0.24373721898945708,0.12253514662123885,0.034519795272012516,0.0015178316559189328,0.0015005717582829265
2001-01-11,0.2539962512200832,0.2539962512200832,0.17803141051211396,0.055496263890875114,-0.0013861878549030016,-0.0014139359868484392
2001-01-12,0.22722604312392117,0.22722604312392117,0.24373721898945708,0.06570580847734311,-0.0010929337708594608,-0.0011257866750981323
2001-01-16,0.18460867177853302,0.18460867177853302,0.2539962512200832,0.010259032230626103,-0.005148679929205518,-0.005153809445320831
2001-01-17,0.1468146788067626,0.1468146788067626,0.22722604312392117,0.026770208096162013,-0.001828232248897338,-0.001841617352945419
2001-01-18,0.14620011319242474,0.14620011319242474,0.18460867177853302,0.04261737134538815,0.006203552651227361,0.006182243965554667
2001-01-19,0.12486896941073776,0.12486896941073776,0.1468146788067626,0.03779399297177041,-0.0009875634948310755,-0.0010064604913169607
2001-01-22,0.09632731633865632,0.09632731633865632,0.14620011319242474,0.0006145656143378697,-0.00379525470992736,-0.003795561992734529
2001-01-23,0.07570312095879639,0.07570312095879639,0.12486896941073776,0.021331143781686976,-0.00028933795301478885,-0.0003000035249056323
2001-01-24,0.038263091697756116,0.038263091697756116,0.09632731633865632,0.028541653072081438,-0.0034682830644948677,-0.0034825538910309086
2001-01-25,0.004416305780854227,0.004416305780854227,0.07570312095879639,0.020624195379859933,-0.0010032886736173268,-0.0010136007713072567
2001-01-26,-0.01145570463309218,-0.01145570463309218,0.038263091697756116,0.03744002926104027,0.0005139091393322457,0.0004951891247017256
2001-01-29,0.0027598805862226114,0.0027598805862226114,0.004416305780854227,0.03384678591690189,0.00011961628332181767,0.00010269289036336672
2001-01-30,0.02626470504048222,0.02626470504048222,-0.01145570463309218,0.015872010413946407,-0.00013115080120526735,-0.00013908680641224055
2001-01-31,0.07607456113221726,0.07607456113221726,0.0027598805862226114,0.014215585219314791,5.4285328469121964e-05,4.717753585946457e-05
2001-02-01,0.09839665030813619,0.09839665030813619,0.02626470504048222,0.02350482445425961,2.3904569938820487e-05,1.2152157711690682e-05
2001-02-02,0.04191711118784592,0.04191711118784592,0.07607456113221726,0.04980985609173504,-0.004149541900424513,-0.004174446828470381
2001-02-05,0.019590288425094818,0.019590288425094818,0.09839665030813619,0.02232208917591892,0.0009461206904839331,0.0009349596458959736
2001-02-06,0.06593740619844415,0.06593740619844415,0.04191711118784592,0.056479539120290266,0.0015169820860864796,0.0014887423165263344
2001-02-07,0.048399211407359644,0.048399211407359644,0.019590288425094818,0.0223268227627511,-0.0005221615570094332,-0.0005333249683908088
2001-02-08,0.042240364223528545,0.042240364223528545,0.06593740619844415,0.046347117773349336,0.00024903291219785853,0.00022585935331118388
2001-02-09,0.01930052397208031,0.01930052397208031,0.048399211407359644,0.01753819479108451,-0.0006009732290645183,-0.0006097423264600605
2001-02-12,0.030826633769449146,0.030826633769449146,0.042240364223528545,0.006158847183831098,0.000772550877568772,0.0007694714539768564
2001-02-13,0.06151738857645096,0.06151738857645096,0.01930052397208031,0.022939840251448237,0.00027081745055307946,0.00025934753042735535
2001-02-14,0.022982516625611994,0.022982516625611994,0.030826633769449146,0.011526109797368837,-0.001137508511636348,-0.0011432715665350324
2001-02-15,-0.006049777098106512,-0.006049777098106512,0.06151738857645096,0.030690754807001817,-0.00010608245095013489,-0.00012142782835363581
2001-02-16,-0.009289395480422954,-0.009289395480422954,0.022982516625611994,0.03853487195083897,0.00018083027077032715,0.00016156283479490768
2001-02-20,-0.035853336538313824,-0.035853336538313824,-0.006049777098106512,0.029032293723718506,0.00012325362275026567,0.00010873747588840641
2001-02-21,-0.1708774928243015,-0.1708774928243015,-0.009289395480422954,0.003239618382316442,0.00044235274114351925,0.00044073293195236103
2001-02-22,-0.25674951349526565,-0.25674951349526565,-0.035853336538313824,0.02656394105789087,-0.0,-1.3281970528945435e-05
2001-02-23,-0.3033628761514381,-0.3033628761514381,-0.1708774928243015,0.13502415628598768,-0.000418455794703529,-0.00048596787284652283
2001-02-26,-0.25530766267461796,-0.25530766267461796,-0.25674951349526565,0.08587202067096414,-0.00956547309099919,-0.009608409101334673
2001-02-27,-0.22348353560821865,-0.22348353560821865,-0.3033628761514381,0.04661336265617244,0.0005955138861807953,0.000572207204852709
2001-02-28,-0.2678190087238965,-0.2678190087238965,-0.25530766267461796,0.048055213476820124,0.006777943248176663,0.006753915641438253
2001-03-01,-0.3918852755243982,-0.3918852755243982,-0.22348353560821865,0.03182412706639931,0.004785847177146007,0.004769935113612808
2001-03-02,-0.3793964304626325,-0.3793964304626325,-0.2678190087238965,0.04433547311567787,-0.005916065925090756,-0.005938233661648595
2001-03-05,-0.522424790937154,-0.522424790937154,-0.3918852755243982,0.1240662668005017,0.010923105738815223,0.010861072605414973
2001-03-06,-0.614639148244023,-0.614639148244023,-0.3793964304626325,0.01248884506176573,7.898733667516806e-05,7.274291414428519e-05
2001-03-07,-0.7430927654960153,-0.7430927654960153,-0.522424790937154,0.1430283604745215,0.003908513847756096,0.003836999667518835
2001-03-08,-0.6062287094299993,-0.6062287094299993,-0.614639148244023,0.092214357306869,-0.01917554729286006,-0.019221654471513496
2001-03-09,-0.7374858062866663,-0.7374858062866663,-0.7430927654960153,0.12845361725199234,0.022783312753108697,0.0227190859444827
2001-03-12,-0.8249905375244442,-0.8249905375244442,-0.6062287094299993,0.13686405606601604,0.003555489620978183,0.003487057592945175
2001-03-13,-0.6487067511672561,-0.6487067511672561,-0.7374858062866663,0.13125709685666698,-0.02672688279969727,-0.026792511348125603
2001-03-14,-0.7658045007781707,-0.7658045007781707,-0.8249905375244442,0.08750473123777791,0.038246093008884416,0.038202340643265525
2001-03-15,-0.6762384799912158,-0.6762384799912158,-0.6487067511672561,0.1762837863571881,-0.01590637196277298,-0.015994513855951572
2001-03-16,-0.7035965836076997,-0.7035965836076997,-0.7658045007781707,0.11709774961091468,0.0114753996425588,0.011416850767753343
2001-03-19,-0.5751597972414583,-0.5751597972414583,-0.6762384799912158,0.08956602078695497,-0.02214597820296262,-0.022190761213356096
2001-03-20,-0.6927485313350457,-0.6927485313350457,-0.7035965836076997,0.027358103616483942,0.026485635509276677,0.026471956457468436
2001-03-21,-0.7951656875566971,-0.7951656875566971,-0.5751597972414583,0.12843678636624145,0.011371120611012612,0.011306902217829491
2001-03-22,-0.8634437917044648,-0.8634437917044648,-0.6927485313350457,0.11758873409358739,0.001652622000685358,0.0015938276336385645
2001-03-23,-0.7803410170004885,-0.7803410170004885,-0.7951656875566971,0.10241715622165148,-0.01642211796488252,-0.016473326542993348
2001-03-26,-0.6425325756345175,-0.6425325756345175,-0.8634437917044648,0.0682781041477677,-0.019310031324205112,-0.019344170376278995
2001-03-27,-0.45407615357605696,-0.45407615357605696,-0.7803410170004885,0.08310277470397631,-0.03430281432588,-0.03434436571323199
2001-03-28,-0.4929024514329595,-0.4929024514329595,-0.6425325756345175,0.13780844136597103,0.03744158036983329,0.037372676149150304
2001-03-29,-0.4431289784198855,-0.4431289784198855,-0.45407615357605696,0.18845642205846053,-0.009718413086077122,-0.009812641297106352
2001-03-30,-0.356782041312111,-0.356782041312111,-0.4929024514329595,0.03882629785690256,-0.011248857042711276,-0.011268270191639727
2001-04-02,-0.3286106108455676,-0.3286106108455676,-0.4431289784198855,0.049773473013074,0.005842660211288917,0.00581777347478238
2001-04-03,-0.3687787806147438,-0.3687787806147438,-0.356782041312111,0.08634693710777452,0.007700332415382391,0.0076571589468285035
2001-04-04,-0.3180261313807602,-0.3180261313807602,-0.3286106108455676,0.028171430466543412,-0.008974568568615898,-0.00898865428384917
2001-04-05,-0.25904752246319024,-0.25904752246319024,-0.3687787806147438,0.0401681697691762,-0.004525243084210964,-0.004545327169095552
2001-04-06,-0.20077368756661204,-0.20077368756661204,-0.3180261313807602,0.05075264923398359,-0.0021690497512442722,-0.002194426075861264
2001-04-09,-0.133749238224163,-0.133749238224163,-0.25904752246319024,0.05897860891756995,-0.0041908001586666785,-0.004220289463125464
2001-04-10,-0.06607316824732384,-0.06607316824732384,-0.20077368756661204,0.0582738348965782,-0.0031564654556203997,-0.003185602373068689
2001-04-11,-0.04248494724138703,-0.04248494724138703,-0.133749238224163,0.06702444934244906,0.0015461025914321664,0.0015125903667609418
2001-04-12,-0.005312510008850704,-0.005312510008850704,-0.06607316824732384,0.06767606997683914,-0.002134801634946203,-0.0021686396699346225
2001-04-16,0.02186987242641874,0.02186987242641874,-0.04248494724138703,0.023588221005936813,6.527907569031951e-05,5.348496518735111e-05
2001-04-17,0.07248293168460049,0.07248293168460049,-0.005312510008850704,0.037172437232536326,-9.194868894569765e-05,-0.00011053490756196581
2001-04-18,0.08784329511427391,0.08784329511427391,0.02186987242641874,0.027182382435269443,0.0001488315927672448,0.0001352404015496101
2001-04-19,0.10200123751378885,0.10200123751378885,0.07248293168460049,0.05061305925818175,0.0003266121154230158,0.00030130558579392495
2001-04-20,0.10234627456004586,0.10234627456004586,0.08784329511427391,0.015360363429673424,-0.0007224281173343377,-0.0007301082990491744
2001-04-23,0.1005108091819432,0.1005108091819432,0.10200123751378885,0.014157942399514942,-0.00028841022767350154,-0.000295489198873259
2001-04-24,0.09425330610087089,0.09425330610087089,0.10234627456004586,0.0003450370462570046,-0.00019341145813358708,-0.0001935839766567156
2001-04-25,0.39616887073391394,0.39616887073391394,0.1005108091819432,0.0018354653781026548,0.004510666359212939,0.0045097486265238875
2001-04-26,0.5974459138226094,0.5974459138226094,0.09425330610087089,0.006257503081072313,0.0005295484990456502,0.0005264197475051141
2001-04-27,0.731630609215073,0.731630609215073,0.39616887073391394,0.30191556463304303,0.001499257572880041,0.0013482997905635194
2001-04-30,0.6598749814119701,0.6598749814119701,0.5974459138226094,0.20127704308869543,-0.006757135059911717,-0.006857773581456065
2001-05-01,0.7732499876079801,0.7732499876079801,0.731630609215073,0.13418469539246358,0.021521839818142832,0.0214547474704466
2001-05-02,0.8488333250719868,0.8488333250719868,0.6598749814119701,0.07175562780310285,0.0024449657467695597,0.0024090879328680084
2001-05-03,0.7318147163446816,0.7318147163446816,0.7732499876079801,0.11337500619601004,-0.014948796438247935,-0.01500548394134594
2001-05-04,0.6519558385563442,0.6519558385563442,0.8488333250719868,0.0755833374640067,0.0,-3.7791668732003344e-05
2001-05-07,0.7529480797538337,0.7529480797538337,0.7318147163446816,0.11701860872730518,0.01350867419856011,0.013450164894196457
2001-05-08,0.6641105502210416,0.6641105502210416,0.6519558385563442,0.07985887778833745,-0.014110980072964569,-0.014150909511858737
2001-05-09,0.49214681301503954,0.49214681301503954,0.7529480797538337,0.10099224119748951,-0.024104705410972524,-0.024155201531571267
2001-05-10,0.36576800345002497,0.36576800345002497,0.6641105502210416,0.08883752953279211,-0.005059607319602112,-0.005104026084368508
2001-05-11,0.2798970853660945,0.2798970853660945,0.49214681301503954,0.17196373720600205,-0.0011055536401314771,-0.0011915355087344782
2001-05-14,0.24017638627825233,0.24017638627825233,0.36576800345002497,0.12637880956501457,0.003912179598323279,0.0038489901935407716
2001-05-15,0.19522360456444937,0.19522360456444937,0.2798970853660945,0.08587091808393049,0.0007277033690318335,0.0006847679099898683
2001-05-16,0.21064200201884792,0.21064200201884792,0.24017638627825233,0.03972069908784215,0.00400281780204426,0.003982957452500339
2001-05-17,0.18275162090062871,0.18275162090062871,0.19522360456444937,0.04495278171380296,-0.004160487241149985,-0.004182963632006886
2001-05-18,0.1800539035262806,0.1800539035262806,0.21064200201884792,0.015418397454398547,0.0016857066684918946,0.0016779974697646953
2001-05-21,0.19012664298529836,0.19012664298529836,0.18275162090062871,0.027890381118219204,0.0017209522823056146,0.0017070070917465051
2001-05-22,0.17849497951108684,0.17849497951108684,0.1800539035262806,0.002697717374348124,-0.0007904441784813445,-0.0007917930371685185
2001-05-23,0.12961967632347626,0.12961967632347626,0.19012664298529836,0.010072739459017765,-0.0025499810737927716,-0.0025550174435222807
2001-05-24,0.098998281238832,0.098998281238832,0.17849497951108684,0.011631663474211518,0.0007312796386510136,0.0007254638069139078
2001-05-25,0.07954001992556045,0.07954001992556045,0.12961967632347626,0.048875303187610575,0.00012025724207560834,9.581959048180305e-05
2001-05-29,0.07655173359354916,0.07655173359354916,0.098998281238832,0.03062139508464426,0.0010272053625220293,0.001011894664979707
2001-05-30,0.06950613027830879,0.06950613027830879,0.07954001992556045,0.019458261313271552,-0.000773060343330672,-0.0007827894739873078
2001-05-31,0.08400880478060427,0.08400880478060427,0.07655173359354916,0.0029882863320112862,0.0012049532830852876,0.001203459139919282
2001-06-01,0.06668380358843311,0.06668380358843311,0.06950613027830879,0.007045603315240373,-0.00013941632573891006,-0.00014293912739653025
2001-06-04,0.07885775274542718,0.07885775274542718,0.08400880478060427,0.014502674502295476,0.0010129320485986115,0.0010056807113474637
2001-06-05,0.09030984381904425,0.09030984381904425,0.06668380358843311,0.01732500119217116,0.0001203667062489049,0.00011170420565281933
2001-06-06,0.08421581295590513,0.08421581295590513,0.07885775274542718,0.012173949156994074,-0.0015203310447006173,-0.0015264180192791144
2001-06-07,0.07109425818777938,0.07109425818777938,0.09030984381904425,0.011452091073617068,-0.001874907450204551,-0.0018806334957413595
2001-06-08,0.06885354614148298,0.06885354614148298,0.08421581295590513,0.006094030863139116,0.00031602133715637,0.00031297432172480044
2001-06-11,0.07525434993377374,0.07525434993377374,0.07109425818777938,0.013121554768125751,0.00041193137167664783,0.00040537059429258493
2001-06-12,0.09396587835722747,0.09396587835722747,0.06885354614148298,0.002240712046296403,0.0006909724995882739,0.0006898521435651257
2001-06-13,0.09254178746057046,0.09254178746057046,0.07525434993377374,0.006400803792290757,-0.0010384485465244778,-0.0010416489484206231
2001-06-14,0.08146524743124355,0.08146524743124355,0.09396587835722747,0.018711528423453735,-0.0004383018006434427,-0.00044765756485516954
2001-06-15,0.06725627336811237,0.06725627336811237,0.09254178746057046,0.0014240908966570154,-0.0015611082320093701,-0.0015618202774576985
2001-06-18,0.04846438891021939,0.04846438891021939,0.08146524743124355,0.011076540029326912,-0.000403887156867307,-0.0004094254268819704
2001-06-19,0.034663667005016066,0.034663667005016066,0.06725627336811237,0.01420897406313118,-0.00011599260901921391,-0.0001230970960507795
2001-06-20,0.030391429643502593,0.030391429643502593,0.04846438891021939,0.018791884457892975,0.0005953743566694519,0.0005859784144405054
2001-06-21,0.02802078513757094,0.02802078513757094,0.034663667005016066,0.013800721905203324,0.00030232354910349863,0.000295423188150897
2001-06-22,0.025413359484908277,0.025413359484908277,0.030391429643502593,0.004272237361513474,-0.00037132462299352723,-0.000373460741674284
2001-06-25,0.01652570761027859,0.01652570761027859,0.02802078513757094,0.0023706445059316524,-0.000399906450682821,-0.0004010917729357868
2001-06-26,0.03461123091800018,0.03461123091800018,0.025413359484908277,0.0026074256526626635,0.0005887135744073377,0.0005874098615810064
2001-06-27,0.03184108056402282,0.03184108056402282,0.01652570761027859,0.008887651874629688,-0.00021826322283410737,-0.00022270704877142222
2001-06-28,0.056996355969360826,0.056996355969360826,0.03461123091800018,0.018085523307721594,0.0008669575534933957,0.0008579147918395349
2001-06-29,0.05806565862170852,0.05806565862170852,0.03184108056402282,0.0027701503539773603,-6.53423129510965e-05,-6.672738812808519e-05
2001-07-02,0.08873154465236716,0.08873154465236716,0.056996355969360826,0.025155275405338004,0.0009268470237315003,0.0009142693860288313
2001-07-03,0.12744768198001843,0.12744768198001843,0.05806565862170852,0.001069302652347691,0.0006514862197168174,0.0006509515683906436
2001-07-05,0.10434272503386244,0.10434272503386244,0.08873154465236716,0.03066588603065864,-0.0015815897537550458,-0.001596922696770375
2001-07-06,0.07299777003735619,0.07299777003735619,0.12744768198001843,0.03871613732765128,-0.0008201730349579991,-0.0008395311036218247
2001-07-09,0.054214872816030144,0.054214872816030144,0.10434272503386244,0.023104956946155997,0.001429942392287466,0.001418389913814388
2001-07-10,0.12664109465298157,0.12664109465298157,0.07299777003735619,0.03134495499650625,0.0016221778390858542,0.001606505361587601
2001-07-11,0.25037815758737636,0.25037815758737636,0.054214872816030144,0.018782897221326048,0.0006285427818137684,0.0006191513332031054
2001-07-12,0.27039517830804716,0.27039517830804716,0.12664109465298157,0.07242622183695142,-0.0008844129754711431,-0.0009206260863896188
2001-07-13,0.2508528399092615,0.2508528399092615,0.25037815758737636,0.12373706293439479,-0.0009030800476290761,-0.0009649485790962735
2001-07-16,0.3234408310428708,0.3234408310428708,0.27039517830804716,0.020017020720670797,0.003181084946783899,0.0031710764364235636
2001-07-17,0.5378562354702624,0.5378562354702624,0.2508528399092615,0.019542338398785664,0.00255774015066045,0.0025479689814610572
2001-07-18,0.5852912858139885,0.5852912858139885,0.3234408310428708,0.07258799113360931,-0.0014890373260149808,-0.0015253313215817855
2001-07-19,0.7235275238759924,0.7235275238759924,0.5378562354702624,0.2144154044273916,0.009090166573261858,0.008982958871048163
2001-07-20,0.5956877711252825,0.5956877711252825,0.5852912858139885,0.04743505034372608,-0.010546512701486004,-0.010570230226657868
2001-07-23,0.43616189739162364,0.43616189739162364,0.7235275238759924,0.1382362380620039,-0.014566017948235128,-0.01463513606726613
2001-07-24,0.2841032873563196,0.2841032873563196,0.5956877711252825,0.1278397527507099,-0.010180863575379456,-0.010244783451754811
2001-07-25,0.3017732583082127,0.3017732583082127,0.43616189739162364,0.15952587373365884,0.014280282250037198,0.014200519313170368
2001-07-26,0.35960119410705454,0.35960119410705454,0.2841032873563196,0.15205861003530402,0.0019338744317571543,0.0018578451267395023
2001-07-27,0.3878978766831289,0.3878978766831289,0.3017732583082127,0.0176699709518931,-0.00042944044867761726,-0.0004382754341535638
2001-07-30,0.39339614547794666,0.39339614547794666,0.35960119410705454,0.05782793579884182,-0.0007047703767342938,-0.0007336843446337147
2001-07-31,0.2576378226586022,0.2576378226586022,0.3878978766831289,0.028296682576074372,-0.012948444912184722,-0.01296259325347276
2001-08-01,0.2972551129651434,0.2972551129651434,0.39339614547794666,0.00549826879481774,0.011551207230353968,0.011548458095956558
2001-08-02,0.21890958569375935,0.21890958569375935,0.2576378226586022,0.13575832281934447,-0.005731376860159747,-0.005799256021569419
2001-08-03,0.10436375985984418,0.10436375985984418,0.2972551129651434,0.03961729030654121,-0.004472532917854119,-0.004492341563007389
2001-08-06,-0.004498068968811747,-0.004498068968811747,0.21890958569375935,0.07834552727138405,-0.0016720337345615803,-0.0017112064981972723
2001-08-07,-0.0511753473454421,-0.0511753473454421,0.10436375985984418,0.11454582583391516,0.0005877677939192332,0.0005304948810022756
2001-08-08,-0.11149745882988105,-0.11149745882988105,-0.004498068968811747,0.10886182882865593,4.366343298038523e-05,-1.076748143394274e-05
2001-08-09,-0.17555647368306293,-0.17555647368306293,-0.0511753473454421,0.046677278376630355,0.0002893750946326924,0.0002660364554443772
2001-08-10,-0.1360109132937976,-0.1360109132937976,-0.11149745882988105,0.060322111484438945,-0.0024941165706426197,-0.002524277626384839
2001-08-13,-0.13017304548769731,-0.13017304548769731,-0.17555647368306293,0.06405901485318188,0.0009439600912227684,0.0009119305837961774
2001-08-14,-0.11602958184747106,-0.11602958184747106,-0.1360109132937976,0.03954556038926532,-0.00010138445371237811,-0.00012115723390701078
2001-08-15,-0.1330454040451149,-0.1330454040451149,-0.13017304548769731,0.005837867806100294,0.0018915123573906801,0.00188859342348763
2001-08-16,-0.11523928125137925,-0.11523928125137925,-0.11602958184747106,0.014143463640226256,-0.000877337547627529,-0.0008844092794476422
2001-08-17,-0.15254948189178463,-0.15254948189178463,-0.1330454040451149,0.017015822197643832,0.0019968636812483847,0.001988355770149563
2001-08-20,-0.13387512626245984,-0.13387512626245984,-0.11523928125137925,0.01780612279373564,-0.001755968702475492,-0.0017648717638723598
2001-08-21,-0.1204761056806106,-0.1204761056806106,-0.15254948189178463,0.03731020064040538,-0.0,-1.8655100320202693e-05
2001-08-22,-0.16637007838094225,-0.16637007838094225,-0.13387512626245984,0.01867435562932479,0.0019088602454641497,0.0018995230676494873
2001-08-23,-0.2766617856420236,-0.2766617856420236,-0.1204761056806106,0.013399020581849247,0.0012382402856214263,0.0012315407753305018
2001-08-24,-0.2911523078630865,-0.2911523078630865,-0.16637007838094225,0.04589397270033166,-0.0003519367470872319,-0.00037488373343739774
2001-08-27,-0.5274348719087243,-0.5274348719087243,-0.2766617856420236,0.11029170726108134,0.0040349267818715825,0.003979780928241042
2001-08-28,-0.6849565812724829,-0.6849565812724829,-0.2911523078630865,0.014490522221062896,0.004422626745999209,0.004415381484888678
2001-08-29,-0.7899710541816554,-0.7899710541816554,-0.5274348719087243,0.2362825640456378,0.00594497851177294,0.005826837229750121
2001-08-30,-0.7700248043558751,-0.7700248043558751,-0.6849565812724829,0.15752170936375864,-0.003150645533999379,-0.0032294063886812584
2001-08-31,-0.8466832029039169,-0.8466832029039169,-0.7899710541816554,0.10501447290917243,0.0036170507689583338,0.0035645435325037476
2001-09-04,-0.8977888019359446,-0.8977888019359446,-0.7700248043558751,0.019946249825780304,0.0007700556607361024,0.0007600825358232122
2001-09-05,-0.9318592012906297,-0.9318592012906297,-0.8466832029039169,0.0766583985480418,0.0016955019882887777,0.001657172789014757
2001-09-06,-0.95457280086042,-0.95457280086042,-0.8977888019359446,0.051105599032027715,0.014587928272256795,0.014562375472740781
2001-09-07,-0.963153471419056,-0.963153471419056,-0.9318592012906297,0.034070399354685144,-0.00019036203736789032,-0.0002073972370452329
2001-09-10,-0.7354041593571403,-0.7354041593571403,-0.95457280086042,0.022713599569790244,-0.03211152001264683,-0.03212287681243173
2001-09-17,-0.676504508145624,-0.676504508145624,-0.963153471419056,0.008580670558636094,0.01709842619356484,0.017094135858285522
2001-09-18,-0.5067843359873861,-0.5067843359873861,-0.7354041593571403,0.22774931206191573,-0.028057760129861418,-0.028171634785892376
2001-09-19,-0.2924960719869102,-0.2924960719869102,-0.676504508145624,0.0588996512115163,-0.02878777974135949,-0.02881722956696525
2001-09-20,-0.18020176422858245,-0.18020176422858245,-0.5067843359873861,0.16972017215823787,0.006111503375082756,0.006026643289003638
2001-09-21,-0.2699419330184152,-0.2699419330184152,-0.2924960719869102,0.21428826400047596,0.014281527840663779,0.014174383708663542
2001-09-24,-0.23549532073056922,-0.23549532073056922,-0.18020176422858245,0.11229430775832774,-0.004803032232654096,-0.00485917938653326
2001-09-25,-0.09789818954360736,-0.09789818954360736,-0.2699419330184152,0.08974016878983274,-0.010122923979263078,-0.010167794063657995
2001-09-26,-0.01925075512101293,-0.01925075512101293,-0.23549532073056922,0.03444661228784596,0.0009168410077975708,0.0008996177016536479
2001-09-27,0.025176763524556438,0.025176763524556438,-0.09789818954360736,0.13759713118696187,0.0002550230481644107,0.00018622448257092977
2001-09-28,0.08418687054990212,0.08418687054990212,-0.01925075512101293,0.07864743442259443,-0.0001831700427336951,-0.00022249375994499234
2001-10-01,0.19999025534997886,0.19999025534997886,0.025176763524556438,0.04442751864556937,0.0005536972788150098,0.0005314835194922252
2001-10-02,0.3046319294649465,0.3046319294649465,0.08418687054990212,0.05901010702534568,0.0006089654889016091,0.0005794604353889363
2001-10-03,0.3046913039074266,0.3046913039074266,0.19999025534997886,0.11580338480007674,-0.003016041991445599,-0.0030739436838456372
2001-10-04,0.30960875050506986,0.30960875050506986,0.3046319294649465,0.10464167411496764,0.0004996831273912835,0.0004473622903337997
2001-10-05,0.2627765178746395,0.2627765178746395,0.3046913039074266,5.9374442480109035e-05,-0.0005862758723921927,-0.0005863055596134327
2001-10-08,0.22402690831316746,0.22402690831316746,0.30960875050506986,0.00491744659764326,0.0001705714509776756,0.00016811272767885396
2001-10-09,0.1605323584432768,0.1605323584432768,0.2627765178746395,0.04683223263043035,-0.00019289163478180605,-0.00021630775109702122
2001-10-10,0.11522193499415724,0.11522193499415724,0.22402690831316746,0.038749609561472054,-0.0014399156938733123,-0.0014592904986540482
2001-10-11,0.07994911796959536,0.07994911796959536,0.1605323584432768,0.06349454986989067,-0.003709315986692164,-0.0037410632616271095
2001-10-12,0.050415383805166775,0.050415383805166775,0.11522193499415724,0.04531042344911955,-0.0011990028466616392,-0.0012216580583861991
2001-10-15,0.032964067112400804,0.032964067112400804,0.07994911796959536,0.03527281702456188,-0.00013764541581953876,-0.0001552818243318197
2001-10-16,0.02164205162938595,0.02164205162938595,0.050415383805166775,0.029533734164428588,-0.00010619834090328008,-0.00012096520798549438
2001-10-17,0.014539608893926255,0.014539608893926255,0.032964067112400804,0.01745131669276597,0.0003479905172880768,0.0003392648589416938
2001-10-18,0.009628865447494406,0.009628865447494406,0.02164205162938595,0.011322015483014855,-0.0002260811633254745,-0.00023174217106698193
2001-10-19,0.007033015589215954,0.007033015589215954,0.014539608893926255,0.007102442735459694,6.97649252616691e-05,6.621370389393925e-05
2001-10-22,-0.003764390274629559,-0.003764390274629559,0.009628865447494406,0.0049107434464318485,-0.0002188736579380613,-0.00022132902966127724
2001-10-23,-0.06849383802491807,-0.06849383802491807,0.007033015589215954,0.0025958498582784525,-0.00017871424586336307,-0.0001800121707925023
2001-10-24,-0.1069630027637282,-0.1069630027637282,-0.003764390274629559,0.010797405863845512,-1.8118027636843323e-05,-2.351673056876608e-05
2001-10-25,-0.11603137892377595,-0.11603137892377595,-0.06849383802491807,0.06472944775028851,-0.00012306186457566035,-0.0001554265884508046
2001-10-26,-0.10722672117742174,-0.10722672117742174,-0.1069630027637282,0.038469164738810124,-0.0008950582129828485,-0.0009142927953522536
2001-10-29,-0.11755403476774044,-0.11755403476774044,-0.11603137892377595,0.009068376160047756,0.0009628843475303655,0.0009583501594503417
2001-10-30,-0.2329946440807026,-0.2329946440807026,-0.10722672117742174,0.008804657746354208,0.0019013681441144565,0.0018969658152412795
2001-10-31,-0.24349300604002125,-0.24349300604002125,-0.11755403476774044,0.010327313590318701,-0.0012160323193626651,-0.0012211959761578245
2001-11-01,-0.19178426709581925,-0.19178426709581925,-0.2329946440807026,0.11544060931296217,-0.006221316026939371,-0.006279036331595852
2001-11-02,-0.14871723473706036,-0.14871723473706036,-0.24349300604002125,0.010498361959318636,-0.000999900867842905,-0.0010051500488225643
2001-11-05,-0.12061733449503874,-0.12061733449503874,-0.19178426709581925,0.051708738944202,0.000560181787418441,0.00053432741794634
2001-11-06,-0.11997918445738609,-0.11997918445738609,-0.14871723473706036,0.04306703235875889,0.002178564155413853,0.0021570306392344734
2001-11-07,-0.16474515633023634,-0.16474515633023634,-0.12061733449503874,0.028099900242021622,0.0014345222537035934,0.0014204723035825826
2001-11-08,-0.18667264307223302,-0.18667264307223302,-0.11997918445738609,0.0006381500376526489,-0.0002166896807179625,-0.00021700875573678883
2001-11-09,-0.18351134473076408,-0.18351134473076408,-0.16474515633023634,0.04476597187285025,-0.0007916849256984979,-0.000814067911634923
2001-11-12,-0.2524841873676711,-0.2524841873676711,-0.18667264307223302,0.021927486741996682,0.0025296681261086132,0.0025187043827376147
2001-11-13,-0.4262593163677355,-0.4262593163677355,-0.18351134473076408,0.0031612983414689433,0.002261459456546551,0.0022598788073758163
2001-11-14,-0.4453363265138888,-0.4453363265138888,-0.2524841873676711,0.068972842636907,-0.0018592403611508023,-0.0018937267824692557
2001-11-15,-0.3266768001460898,-0.3266768001460898,-0.4262593163677355,0.17377512900006442,-0.013848063718424616,-0.013934951282924648
2001-11-16,-0.27578688489936215,-0.27578688489936215,-0.4453363265138888,0.019077010146153317,0.004816831016037663,0.004807292510964586
2001-11-19,-0.2740317314702593,-0.2740317314702593,-0.3266768001460898,0.11865952636779903,0.002597823961320406,0.0025384941981365064
2001-11-20,-0.3696684226170769,-0.3696684226170769,-0.27578688489936215,0.050889915246727646,0.0038687788327146657,0.003843333875091302
2001-11-21,-0.4807758458802815,-0.4807758458802815,-0.2740317314702593,0.0017551534291028736,0.0011698011411270135,0.0011689235644124622
2001-11-23,-0.5521192491824002,-0.5521192491824002,-0.3696684226170769,0.09563669114681761,-7.580507074676642e-05,-0.00012362341632017523
2001-11-26,-0.6436354742502518,-0.6436354742502518,-0.4807758458802815,0.11110742326320461,0.0014718585306250475,0.0014163048189934453
2001-11-27,-0.7624236495001679,-0.7624236495001679,-0.5521192491824002,0.07134340330211869,0.009607148903069941,0.009571477201418882
2001-11-28,-0.8416157663334454,-0.8416157663334454,-0.6436354742502518,0.09151622506785162,0.002011492693129974,0.0019657345805960485
2001-11-29,-0.8944105108889637,-0.8944105108889637,-0.7624236495001679,0.11878817524991614,0.006213893931145124,0.006154499843520166
2001-11-30,-0.9296070072593092,-0.9296070072593092,-0.8416157663334454,0.07919211683327743,0.008157301639098022,0.008117705580681383
2001-12-03,-0.718348886197913,-0.718348886197913,-0.8944105108889637,0.05279474455551836,-0.008943925146459092,-0.008970322518736851
2001-12-04,-0.5358364092586352,-0.5358364092586352,-0.9296070072593092,0.0351964963703455,-0.009987494993815054,-0.010005093242000227
2001-12-05,-0.39292834065046106,-0.39292834065046106,-0.718348886197913,0.2112581210613962,-0.0025451037853940735,-0.0026507328459247715
2001-12-06,-0.2868866920751595,-0.2868866920751595,-0.5358364092586352,0.18251247693927786,-0.004562578113397325,-0.0046538343518669634
2001-12-07,-0.27968429300386133,-0.27968429300386133,-0.39292834065046106,0.14290806860817412,0.005663927813269489,0.005592473778965402
2001-12-10,-0.24859725467284588,-0.24859725467284588,-0.2868866920751595,0.10604164857530157,-0.0026974322292708237,-0.0027504530535584744
2001-12-11,-0.25224050197740727,-0.25224050197740727,-0.27968429300386133,0.00720239907129816,0.002605216801098999,0.0026016156015633497
2001-12-12,-0.3660622107587206,-0.3660622107587206,-0.24859725467284588,0.03108703833101545,0.0025451998936855303,0.0025296563745200226
2001-12-13,-0.41208445522520354,-0.41208445522520354,-0.25224050197740727,0.0036432473045613922,-0.0008520874990696524,-0.0008539091227219331
2001-12-14,-0.5274838240219106,-0.5274838240219106,-0.3660622107587206,0.11382170878131331,0.002541824393938003,0.0024849135395473465
2001-12-17,-0.4583529287827437,-0.4583529287827437,-0.41208445522520354,0.04602224446648295,-0.010127470905187138,-0.010150482027420379
2001-12-18,-0.44544026276547244,-0.44544026276547244,-0.5274838240219106,0.11539936879670709,0.003380873215597762,0.0033231735311994083
2001-12-19,-0.41281724726680114,-0.41281724726680114,-0.4583529287827437,0.06913089523916693,-0.003815453216969833,-0.0038500186645894167
2001-12-20,-0.40374036920678164,-0.40374036920678164,-0.44544026276547244,0.012912666017271257,0.0016548742501089615,0.001648417917100326
2001-12-21,-0.5691257227698443,-0.5691257227698443,-0.41281724726680114,0.032623015498671304,0.009578722099765064,0.009562410592015728
2001-12-24,-0.6674591325661139,-0.6674591325661139,-0.40374036920678164,0.0090768780600195,-0.0004281831884556065,-0.0004327216274856162
2001-12-26,-0.7338372980285377,-0.7338372980285377,-0.5691257227698443,0.16538535356306266,-0.0,-8.269267678153134e-05
2001-12-27,-0.6180396005973984,-0.6180396005973984,-0.6674591325661139,0.09833340979626959,-0.01711088272604338,-0.017160049430941515
2001-12-28,-0.5555984383719645,-0.5555984383719645,-0.7338372980285377,0.06637816546242381,0.0021221241392274212,0.0020889350564962093
2001-12-31,-0.6191232967328142,-0.6191232967328142,-0.6180396005973984,0.11579769743113932,0.010371144055814406,0.010313245207098837
2002-01-02,-0.5340576889957703,-0.5340576889957703,-0.5555984383719645,0.06244116222543383,-0.01205772293834973,-0.012088943519462447
2002-01-03,-0.3815436192171732,-0.3815436192171732,-0.6191232967328142,0.06352485836084965,-0.02055649632733811,-0.020588258756518533
2002-01-04,-0.24441318067933715,-0.24441318067933715,-0.5340576889957703,0.08506560773704386,-0.005436516673890479,-0.0054790494777590005
2002-01-07,-0.1323014773164094,-0.1323014773164094,-0.3815436192171732,0.1525140697785971,0.0023368685394993746,0.002260611504610076
2002-01-08,-0.06219943173294481,-0.06219943173294481,-0.24441318067933715,0.13713043853783607,0.0005632412616961103,0.0004946760424271923
2002-01-09,-0.07460654841416337,-0.07460654841416337,-0.1323014773164094,0.11211170336292775,0.0024440243611383943,0.0023879685094569305
2002-01-10,-0.049345781399097725,-0.049345781399097725,-0.06219943173294481,0.07010204558346458,-0.0006234778720591958,-0.0006585288948509281
2002-01-11,-0.012752971479343775,-0.012752971479343775,-0.07460654841416337,0.012407116681218557,-0.000498700698127137,-0.0005049042564677463
2002-01-14,0.06737750926796825,0.06737750926796825,-0.049345781399097725,0.02526076701506564,-0.0006056700213672449,-0.0006183004048747777
2002-01-15,0.09643125702959766,0.09643125702959766,-0.012752971479343775,0.03659280991975395,5.576885567140673e-05,3.7472450711529753e-05
2002-01-16,0.08310641015467458,0.08310641015467458,0.06737750926796825,0.08013048074731202,-0.001466205145600565,-0.001506270385974221
2002-01-17,0.12879921156384694,0.12879921156384694,0.09643125702959766,0.029053747761629417,0.00161377714204393,0.0015992502681631154
2002-01-18,0.09506965322936427,0.09506965322936427,0.08310641015467458,0.01332484687492308,-0.0015346918182043425,-0.001541354241641804
2002-01-22,0.033524229230911806,0.033524229230911806,0.12879921156384694,0.045692801409172354,-0.0015803529999398446,-0.0016031994006444309
2002-01-23,0.051960181352686985,0.051960181352686985,0.09506965322936427,0.03372955833448267,0.0016730857071737782,0.001656220928006537
2002-01-24,-0.01690096865748967,-0.01690096865748967,0.033524229230911806,0.06154542399845246,-0.0007161844016642134,-0.0007469571136634397
2002-01-25,-0.0867554686407121,-0.0867554686407121,0.051960181352686985,0.01843595212177518,-0.0002916756991013843,-0.0003008936751622719
2002-01-28,-0.10288409893662534,-0.10288409893662534,-0.01690096865748967,0.06886115001017665,-0.00011660781937934271,-0.00015103839438443102
2002-01-29,-0.3377970811712483,-0.3377970811712483,-0.0867554686407121,0.06985449998322243,0.002413877155675121,0.0023789499056835095
2002-01-30,-0.5585313874474989,-0.5585313874474989,-0.10288409893662534,0.016128630295913243,0.0020216479278452916,0.002013583612697335
2002-01-31,-0.5861865192315283,-0.5861865192315283,-0.3377970811712483,0.23491298223462295,-0.003311598327357149,-0.0034290548184744605
2002-02-01,-0.5397974366447316,-0.5397974366447316,-0.5585313874474989,0.22073430627625057,-0.003012706936008692,-0.003123074089146817
2002-02-04,-0.6931982910964878,-0.6931982910964878,-0.5861865192315283,0.027655131784029452,0.012579022556699576,0.012565194990807561
2002-02-05,-0.7954655273976585,-0.7954655273976585,-0.5397974366447316,0.04638908258679675,0.006984305848423443,0.006961111307130045
2002-02-06,-0.8636436849317723,-0.8636436849317723,-0.6931982910964878,0.15340085445175622,0.024795471293476822,0.024718770866250944
2002-02-07,-0.7346769345370457,-0.7346769345370457,-0.7954655273976585,0.10226723630117074,-0.02016120054496645,-0.020212334163117036
2002-02-08,-0.5904351152643867,-0.5904351152643867,-0.8636436849317723,0.06817815753411383,-0.013585750232513698,-0.013619839311280755
2002-02-11,-0.47009416325414977,-0.47009416325414977,-0.7346769345370457,0.1289667503947266,-0.005363529894892323,-0.0054280132700896865
2002-02-12,-0.39798684772415294,-0.39798684772415294,-0.5904351152643867,0.144241819272659,0.0025933670951128855,0.002521246185476556
2002-02-13,-0.34881041210344,-0.34881041210344,-0.47009416325414977,0.12034095201023698,0.0003110143232930808,0.00025084384728796234
2002-02-14,-0.2985592836051496,-0.2985592836051496,-0.39798684772415294,0.07210731552999683,-0.0021083351734497817,-0.0021443888312147803
2002-02-15,-0.26015140764838474,-0.26015140764838474,-0.34881041210344,0.049176435620712944,-0.0005362454254491862,-0.0005608336432595426
2002-02-19,-0.22352261887973038,-0.22352261887973038,-0.2985592836051496,0.05025112849829039,-0.0006546249095160914,-0.0006797504737652366
2002-02-20,-0.15438589858249724,-0.15438589858249724,-0.26015140764838474,0.03840787595676487,-0.005122326389199903,-0.005141530327178285
2002-02-21,-0.2628759703479049,-0.2628759703479049,-0.22352261887973038,0.03662878876865436,0.010358634822829955,0.010340320428445628
2002-02-22,-0.2540409165323452,-0.2540409165323452,-0.15438589858249724,0.06913672029723314,-0.002952329980456893,-0.0029868983406055095
2002-02-25,-0.17131121932714924,-0.17131121932714924,-0.2628759703479049,0.10849007176540765,-0.008066111902903227,-0.008120356938785931
2002-02-26,-0.09951197142384902,-0.09951197142384902,-0.2540409165323452,0.008835053815559712,-0.0017410868085498909,-0.0017455043354576707
2002-02-27,-0.04498017960822964,-0.04498017960822964,-0.17131121932714924,0.08272969720519593,-0.0004737088877626595,-0.0005150737363652574
2002-02-28,-0.026183511866831488,-0.026183511866831488,-0.09951197142384902,0.07179924790330022,0.000717728295916484,0.0006818286719648338
2002-03-01,0.10386019074793493,0.10386019074793493,-0.04498017960822964,0.054531791815619374,-0.0017204198460342344,-0.001747685741942044
2002-03-04,0.1438436778105382,0.1438436778105382,-0.026183511866831488,0.018796667741398154,0.00035566343143659287,0.0003462650975658938
2002-03-05,0.13690680080579198,0.13690680080579198,0.10386019074793493,0.13004370261476642,-0.0011484751270299531,-0.0012134969783373364
2002-03-06,0.17714932616874823,0.17714932616874823,0.1438436778105382,0.03998348706260327,0.0020939755728786166,0.002073983829347315
2002-03-07,0.15337526926513145,0.15337526926513145,0.13690680080579198,0.006936877004746211,-0.0014519581592948832,-0.0014554265977972563
2002-03-08,0.09843137046151779,0.09843137046151779,0.17714932616874823,0.04024252536295625,-0.003499763510056692,-0.0035198847727381704
2002-03-11,0.0757653745892645,0.0757653745892645,0.15337526926513145,0.02377405690361678,0.0012496358000576662,0.0012377487716058579
2002-03-12,0.07716069525283818,0.07716069525283818,0.09843137046151779,0.05494389880361367,0.0009210507506110545,0.0008935788012092477
2002-03-13,0.0961765508234893,0.0961765508234893,0.0757653745892645,0.02266599587225329,0.0006545611809782708,0.0006432281830421442
2002-03-14,0.10688631199684534,0.10688631199684534,0.07716069525283818,0.0013953206635736876,-3.2260177433141516e-05,-3.295783776492836e-05
2002-03-15,0.08464343470796888,0.08464343470796888,0.0961765508234893,0.019015855570651122,-0.0003014620963731872,-0.0003109700241585128
2002-03-18,0.0655279989388696,0.0655279989388696,0.10688631199684534,0.010709761173356036,-0.0001792684769109483,-0.0001846233574976263
2002-03-19,0.051367516272275426,0.051367516272275426,0.08464343470796888,0.02224287728887646,0.00012443030560806378,0.00011330886696362556
2002-03-20,0.043734704388112285,0.043734704388112285,0.0655279989388696,0.019115435769099284,0.0005770846061793014,0.0005675268882947517
2002-03-21,0.032716600675448626,0.032716600675448626,0.051367516272275426,0.01416048266659417,-0.001153128811821428,-0.0011602090531547251
2002-03-22,-0.004865949361193066,-0.004865949361193066,0.043734704388112285,0.007632811884163142,-0.0013204987844120796,-0.0013243151903541612
2002-03-25,-0.026203683380214032,-0.026203683380214032,0.032716600675448626,0.011018103712663659,3.58635352794293e-05,3.0354483423097473e-05
2002-03-26,-0.032589692481761745,-0.032589692481761745,-0.004865949361193066,0.037582550036641696,-3.197161166563203e-05,-5.076288668395288e-05
2002-03-27,-0.044285866289462586,-0.044285866289462586,-0.026203683380214032,0.021337734019020966,0.000233762048918975,0.00022309318190946452
2002-03-28,-0.042986990127247895,-0.042986990127247895,-0.032589692481761745,0.006386009101547713,-0.000393506931701895,-0.00039669993625266885
2002-04-01,-0.04656791081149489,-0.04656791081149489,-0.044285866289462586,0.011696173807700841,0.00014409929983702236,0.00013825121293317195
2002-04-02,-0.07132814634477297,-0.07132814634477297,-0.042986990127247895,0.0012988761622146905,0.0005145147434830184,0.0005138653054019111
2002-04-03,-0.08421027213831865,-0.08421027213831865,-0.04656791081149489,0.0035809206842469937,-0.00010255174524391881,-0.0001043422055860423
2002-04-04,-0.09476943757881502,-0.09476943757881502,-0.07132814634477297,0.02476023553327808,0.00028214862787105514,0.0002697685101044161
2002-04-05,-0.09556978036120685,-0.09556978036120685,-0.08421027213831865,0.012882125793545682,0.00022299710354552234,0.0002165560406487495
2002-04-08,-0.08287343178494325,-0.08287343178494325,-0.09476943757881502,0.01055916544049637,0.001279375741745343,0.001274096159025095
2002-04-09,-0.38858228785662885,-0.38858228785662885,-0.09556978036120685,0.0008003427823918274,0.0032641899947045056,0.00326378982331331
2002-04-10,-0.373154571144066,-0.373154571144066,-0.08287343178494325,0.012696348576263602,-0.0023289791335880826,-0.0023353273078762144
2002-04-11,-0.5821030474293774,-0.5821030474293774,-0.38858228785662885,0.30570885607168563,0.018411216699946276,0.018258362271910432
2002-04-12,-0.6229077194645434,-0.6229077194645434,-0.373154571144066,0.015427716712562822,-0.004640061454821315,-0.0046477753131775965
2002-04-15,-0.7486051463096957,-0.7486051463096957,-0.5821030474293774,0.20894847628531132,0.013198331252331014,0.01309385701418836
2002-04-16,-0.5820762812744674,-0.5820762812744674,-0.6229077194645434,0.04080467203516602,-0.0334182579378118,-0.033438660273829385
2002-04-17,-0.5313359689577422,-0.5313359689577422,-0.7486051463096957,0.12569742684515228,0.01270606778921735,0.012643219075794772
2002-04-18,-0.5382584519341691,-0.5382584519341691,-0.5820762812744674,0.16652886503522824,0.005567975788526204,0.0054847113560085895
2002-04-19,-0.5908159687264349,-0.5908159687264349,-0.5313359689577422,0.05074031231672527,0.005632481217565006,0.005607111061406643
2002-04-22,-0.7272106458176233,-0.7272106458176233,-0.5382584519341691,0.006922482976426947,0.02563134393433247,0.025627882692844255
2002-04-23,-0.7964408269562457,-0.7964408269562457,-0.5908159687264349,0.052557516792265835,-0.0020676942775956397,-0.0020939730359917728
2002-04-24,-0.7429661866508382,-0.7429661866508382,-0.7272106458176233,0.13639467709118835,-0.013768980185362597,-0.01383717752390819
2002-04-25,-0.646898819483048,-0.646898819483048,-0.7964408269562457,0.06923018113862245,-0.010126052853750591,-0.010160667944319902
2002-04-26,-0.6026273192636823,-0.6026273192636823,-0.7429661866508382,0.053474640305407495,0.0039468036178103676,0.003920066297657664
2002-04-29,-0.7350848795091216,-0.7350848795091216,-0.646898819483048,0.0960673671677903,0.03218771932750707,0.03213968564392317
2002-04-30,-0.6842534650127989,-0.6842534650127989,-0.6026273192636823,0.044271500219365656,-0.01477698027103837,-0.014799116021148051
2002-05-01,-0.5475325716653657,-0.5475325716653657,-0.7350848795091216,0.1324575602454393,-0.02620783887501463,-0.02627406765513735
2002-05-02,-0.4587404710267064,-0.4587404710267064,-0.6842534650127989,0.05083141449632267,0.0006590956525031365,0.0006336799452549753
2002-05-03,-0.4901281574192098,-0.4901281574192098,-0.5475325716653657,0.1367208933474332,0.01517270424391216,0.015104343797238443
2002-05-06,-0.549099157338411,-0.549099157338411,-0.4587404710267064,0.08879210063865933,0.0054573667910365305,0.005412970740717201
2002-05-07,-0.6369440128500474,-0.6369440128500474,-0.4901281574192098,0.03138768639250339,0.004302271394191424,0.004286577550995173
2002-05-08,-0.528300243006663,-0.528300243006663,-0.549099157338411,0.058970999919201184,-0.025287224358013376,-0.025316709857972977
2002-05-09,-0.5541189656311335,-0.5541189656311335,-0.6369440128500474,0.08784485551163645,0.018334708562020362,0.018290786134264544
2002-05-10,-0.6712237145030622,-0.6712237145030622,-0.528300243006663,0.10864376984338442,0.010526677676026356,0.010472355791104664
2002-05-13,-0.5688229749059549,-0.5688229749059549,-0.5541189656311335,0.02581872262447049,-0.023235105865488333,-0.023248015226800568
2002-05-14,-0.4334734790667097,-0.4334734790667097,-0.6712237145030622,0.11710474887192868,-0.018990728815527356,-0.01904928118996332
2002-05-15,-0.3371144280844394,-0.3371144280844394,-0.5688229749059549,0.10240073959710727,-0.000539658848913716,-0.0005908592187122695
2002-05-16,-0.20210322340042888,-0.20210322340042888,-0.4334734790667097,0.13534949583924522,-0.018386797765870468,-0.01845447251379009
2002-05-17,-0.14639355044942653,-0.14639355044942653,-0.3371144280844394,0.09635905098227027,0.006514008124724277,0.006465828599233142
2002-05-20,-0.14153532134334793,-0.14153532134334793,-0.20210322340042888,0.13501120468401054,0.003466706442964916,0.003399200840622911
2002-05-21,-0.11121765709916276,-0.11121765709916276,-0.14639355044942653,0.05570967295100235,-0.0021406305494278597,-0.002168485385903361
2002-05-22,-0.07659689435356147,-0.07659689435356147,-0.14153532134334793,0.00485822910607861,-0.0011185812194219728,-0.0011210103339750121
2002-05-23,-0.028662587527805282,-0.028662587527805282,-0.11121765709916276,0.030317664244185166,-0.002103335724648493,-0.0021184945567705856
2002-05-24,-0.017144116218543795,-0.017144116218543795,-0.07659689435356147,0.03462076274560129,0.0011789868589063628,0.0011616764775335621
2002-05-28,0.02890748419607158,0.02890748419607158,-0.028662587527805282,0.04793430682575619,-0.0007577596469484261,-0.0007817268003613042
2002-05-29,0.036996658856889755,0.036996658856889755,-0.017144116218543795,0.011518471309261487,0.0002918236902626978,0.00028606445460806706
2002-05-30,0.04519393134447634,0.04519393134447634,0.02890748419607158,0.046051600414615375,6.587620915936999e-05,4.28504089520623e-05
2002-05-31,0.02645836987127738,0.02645836987127738,0.036996658856889755,0.008089174660818176,-0.0008326267463335173,-0.0008366713336639263
2002-06-03,-0.0016063428816907935,-0.0016063428816907935,0.04519393134447634,0.008197272487586588,-0.0008618168551128786,-0.0008659154913566719
2002-06-04,-0.015067584518935183,-0.015067584518935183,0.02645836987127738,0.018735561473198964,0.00010662482745396834,9.725704671736886e-05
2002-06-05,-0.025674444134381455,-0.025674444134381455,-0.0016063428816907935,0.028064712752968173,7.58519174449288e-06,-6.447164631991207e-06
2002-06-06,-0.07506881088558576,-0.07506881088558576,-0.015067584518935183,0.01346124163724439,0.0004111034757880083,0.0004043728549693861
2002-06-07,-0.08267371923115491,-0.08267371923115491,-0.025674444134381455,0.010606859615446272,-0.0003005848748714962,-0.00030588830467921934
2002-06-10,-0.08196550301680233,-0.08196550301680233,-0.07506881088558576,0.0493943667512043,-0.00036193740963069856,-0.0003866345930063007
2002-06-11,-0.10961609703330995,-0.10961609703330995,-0.08267371923115491,0.00760490834556915,0.00228106827968328,0.002277265825510495
2002-06-12,-0.10480344276158104,-0.10480344276158104,-0.08196550301680233,0.000708216214352575,-0.002386402363079453,-0.002386756471186629
2002-06-13,-0.11289388624810716,-0.11289388624810716,-0.10961609703330995,0.027650594016507615,0.0009461552554053617,0.000932329958397108
2002-06-14,-0.10541179218986717,-0.10541179218986717,-0.10480344276158104,0.004812654271728903,0.00010140500547565352,9.899867833978907e-05
2002-06-17,-0.07847260694493191,-0.07847260694493191,-0.11289388624810716,0.008090443486526114,-0.0015304609193391512,-0.0015345061410824143
2002-06-18,-0.050287014811778045,-0.050287014811778045,-0.10541179218986717,0.007482094058239991,-0.0013343250008300337,-0.0013380660478591537
2002-06-19,-0.2251704176924937,-0.2251704176924937,-0.07847260694493191,0.026939185244935257,0.004793514025265154,0.004780044432642686
2002-06-20,-0.31740093888798404,-0.31740093888798404,-0.050287014811778045,0.028185592133153865,-0.00016420517271012043,-0.00017829796877669738
2002-06-21,-0.33881665033107267,-0.33881665033107267,-0.2251704176924937,0.17488340288071566,-0.0017477292165077618,-0.0018351709179481195
2002-06-24,-0.42850376866674783,-0.42850376866674783,-0.31740093888798404,0.09223052119549033,0.004337131953668115,0.00429101669307037
2002-06-25,-0.6190025124444986,-0.6190025124444986,-0.33881665033107267,0.021415711443088625,0.008961209785634314,0.00895050192991277
2002-06-26,-0.7284856487314493,-0.7284856487314493,-0.42850376866674783,0.08968711833567516,-0.0005543861684433906,-0.0005992297276112282
2002-06-27,-0.6701861855093262,-0.6701861855093262,-0.6190025124444986,0.19049874377775072,-0.008477116896193113,-0.008572366268081989
2002-06-28,-0.526346736907581,-0.526346736907581,-0.7284856487314493,0.10948313628695072,-0.017084295922919265,-0.01713903749106274
2002-07-01,-0.6842311579383874,-0.6842311579383874,-0.6701861855093262,0.058299463222123094,0.03188177785401184,0.03185262812240078
2002-07-02,-0.7894874386255917,-0.7894874386255917,-0.526346736907581,0.14383944860174513,0.014727963745667833,0.01465604402136696
2002-07-03,-0.7483258808300479,-0.7483258808300479,-0.6842311579383874,0.15788442103080635,-0.007547688504915739,-0.007626630715431142
2002-07-05,-0.5815367615272486,-0.5815367615272486,-0.7894874386255917,0.10525628068720427,-0.027520463383547588,-0.027573091523891192
2002-07-08,-0.4697385248383989,-0.4697385248383989,-0.7483258808300479,0.04116155779554376,-0.000874528705099801,-0.0008951094839975729
2002-07-09,-0.528994158969262,-0.528994158969262,-0.5815367615272486,0.16678911930279927,0.01795120370491543,0.017867809145264032
2002-07-10,-0.6859961059795081,-0.6859961059795081,-0.4697385248383989,0.11179823668884975,0.01584244643411046,0.015786547315766033
2002-07-11,-0.5913917426285951,-0.5913917426285951,-0.528994158969262,0.059255634130863155,-0.02198014824665265,-0.02200977606371808
2002-07-12,-0.72759449508573,-0.72759449508573,-0.6859961059795081,0.15700194701024606,0.041962200583314235,0.04188369960980911
2002-07-15,-0.8183963300571534,-0.8183963300571534,-0.5913917426285951,0.09460436335091305,0.00251308360071411,0.0024657814190386534
2002-07-16,-0.8789308867047689,-0.8789308867047689,-0.72759449508573,0.13620275245713498,0.003105210464321493,0.0030371090880929254
2002-07-17,-0.8594188303612292,-0.8594188303612292,-0.8183963300571534,0.09080183497142336,-0.00841813794119072,-0.008463538858676432
2002-07-18,-0.9062792202408196,-0.9062792202408196,-0.8789308867047689,0.060534556647615534,0.03256268701279078,0.03253241973446697
2002-07-19,-0.9375194801605464,-0.9375194801605464,-0.8594188303612292,0.019512056343539697,0.039121455313173445,0.039111699285001675
2002-07-22,-0.958346320107031,-0.958346320107031,-0.9062792202408196,0.0468603898795904,0.10735933209373513,0.10733590189879534
2002-07-23,-0.9722308800713542,-0.9722308800713542,-0.9375194801605464,0.031240259919726787,0.039922445470189284,0.03990682534022942
2002-07-24,-0.9451340604477158,-0.9451340604477158,-0.958346320107031,0.0208268399464846,-0.014674580153396255,-0.014684993573369498
2002-07-25,-0.9465395279278741,-0.9465395279278741,-0.9722308800713542,0.01388455996432314,0.008727565035581494,0.008720622755599332
2002-07-26,-0.859150815218013,-0.859150815218013,-0.9451340604477158,0.027096819623638413,-0.040407527678393396,-0.040421076088205214
2002-07-29,-0.720201920751611,-0.720201920751611,-0.9465395279278741,0.001405467480158351,-0.054266265105081674,-0.054266967838821754
2002-07-30,-0.638199981950148,-0.638199981950148,-0.859150815218013,0.08738871270986115,0.006493355669057757,0.006449661312702827
2002-07-31,-0.4821670430733947,-0.4821670430733947,-0.720201920751611,0.1389488944664019,-0.06677374117739587,-0.06684321562462907
2002-08-01,-0.4365002222164065,-0.4365002222164065,-0.638199981950148,0.082001938801463,0.031716574431838555,0.03167557346243782
2002-08-02,-0.3826149147119065,-0.3826149147119065,-0.4821670430733947,0.15603293887675335,-0.009532600957238705,-0.009610617426677083
2002-08-05,-0.402011466589233,-0.402011466589233,-0.4365002222164065,0.0456668208569882,0.024977911432033068,0.024955078021604574
2002-08-06,-0.4229424018548325,-0.4229424018548325,-0.3826149147119065,0.05388530750449999,0.0035534655832780244,0.0035265229295257743
2002-08-07,-0.460113973751794,-0.460113973751794,-0.402011466589233,0.019396551877326473,0.005383337032543418,0.005373638756604755
2002-08-08,-0.4727472956315691,-0.4727472956315691,-0.4229424018548325,0.020930935265599526,-0.0033009278434905946,-0.0033113933111233946
2002-08-09,-0.45137644776129565,-0.45137644776129565,-0.460113973751794,0.03717157189696152,-0.008520650490265305,-0.008539236276213787
2002-08-12,-0.43661704419520964,-0.43661704419520964,-0.4727472956315691,0.012633321879775061,0.002344338114357322,0.0023380214534174343
2002-08-13,-0.46398815815259614,-0.46398815815259614,-0.45137644776129565,0.021370847870273435,0.010497281150183233,0.010486595726248096
2002-08-14,-0.384882894640392,-0.384882894640392,-0.43661704419520964,0.014759403566086016,-0.02301873885553229,-0.023026118557315334
2002-08-15,-0.3343352108421378,-0.3343352108421378,-0.46398815815259614,0.027371113957386506,0.007495772067012106,0.007482086510033413
2002-08-16,-0.2732962979846102,-0.2732962979846102,-0.384882894640392,0.07910526351220415,-0.01567356684169428,-0.01571311947345038
2002-08-19,-0.19526363384520867,-0.19526363384520867,-0.3343352108421378,0.050547683798254195,-0.02004533948462524,-0.020070613326524368
2002-08-20,-0.18527812426339044,-0.18527812426339044,-0.2732962979846102,0.061038912857527605,0.014563904887121972,0.014533385430693208
2002-08-21,-0.16164224451312725,-0.16164224451312725,-0.19526363384520867,0.07803266413940152,-0.003377168579400606,-0.003416184911470307
2002-08-22,-0.13716483959076756,-0.13716483959076756,-0.18527812426339044,0.009985509581818236,-0.002520089109448282,-0.0025250818642391913
2002-08-23,-0.14542322133971394,-0.14542322133971394,-0.16164224451312725,0.023635879750263183,0.005669018089670253,0.005657200149795121
2002-08-26,-0.12850812528955083,-0.12850812528955083,-0.13716483959076756,0.024477404922359697,-0.0032947166008659677,-0.0033069553033271476
2002-08-27,-0.1289658119275295,-0.1289658119275295,-0.14542322133971394,0.008258381748946386,0.002378821291881571,0.002374692101007098
2002-08-28,-0.14997992484548284,-0.14997992484548284,-0.12850812528955083,0.016915096050163114,0.00366936457605364,0.0036609070280285588
2002-08-29,-0.16455683410592864,-0.16455683410592864,-0.1289658119275295,0.0004576866379786826,0.0002499956136127968,0.0002497667702938074
2002-08-30,-0.16364552827988704,-0.16364552827988704,-0.14997992484548284,0.021014112917953326,-0.00048533752957857085,-0.0004958445860375475
2002-09-03,-0.20705325366100613,-0.20705325366100613,-0.16455683410592864,0.014576909260445803,0.008705529155964509,0.008698240701334285
2002-09-04,-0.1951321672203542,-0.1951321672203542,-0.16364552827988704,0.0009113058260415974,-0.003567200509735884,-0.003567656162648905
2002-09-05,-0.20581974013866847,-0.20581974013866847,-0.20705325366100613,0.04340772538111909,0.004002970407357278,0.003981266544666719
2002-09-06,-0.19620820781238518,-0.19620820781238518,-0.1951321672203542,0.011921086440651929,-0.0027193023181678413,-0.0027252628613881674
2002-09-09,-0.18010857994574325,-0.18010857994574325,-0.20581974013866847,0.010687572918314264,-0.0001381271461964534,-0.00014347093265561052
2002-09-10,-0.15030149794916112,-0.15030149794916112,-0.19620820781238518,0.009611532326283284,-0.004535376976269175,-0.004540182742432316
2002-09-11,-0.12134219373286352,-0.12134219373286352,-0.18010857994574325,0.01609962786664193,-0.007253903374202627,-0.0072619531881359485
2002-09-12,-0.10309187858194294,-0.10309187858194294,-0.15030149794916112,0.029807081996582135,0.0034536095804321345,0.0034387060394338435
2002-09-13,-0.11035219573178487,-0.11035219573178487,-0.12134219373286352,0.028959304216297596,0.0026973519675027456,0.002682872315394597
2002-09-16,-0.10262708540478234,-0.10262708540478234,-0.10309187858194294,0.018250315150920585,-0.002241856201915639,-0.002250981359491099
2002-09-17,-0.08634351402933697,-0.08634351402933697,-0.11035219573178487,0.007260317149841933,0.0016725281439735925,0.0016688979853986716
2002-09-18,-0.0797684641618432,-0.0797684641618432,-0.10262708540478234,0.0077251103270025295,0.001209751661953072,0.0012058891067895708
2002-09-19,-0.09891389509779391,-0.09891389509779391,-0.08634351402933697,0.016283571375445366,0.002145713166257948,0.0021375713805702255
2002-09-20,-0.10180681560218237,-0.10180681560218237,-0.0797684641618432,0.006575049867493771,-0.0006234229276025426,-0.0006267104525362895
2002-09-23,-0.10251617477769459,-0.10251617477769459,-0.09891389509779391,0.01914543093595071,-0.00016672848483242675,-0.0001763012003004021
2002-09-24,-0.14466923516858898,-0.14466923516858898,-0.10180681560218237,0.002892920504388455,0.003289655726967785,0.0032882092667155904
2002-09-25,-0.12041553310517439,-0.12041553310517439,-0.10251617477769459,0.0007093591755122225,-0.0021038584650820077,-0.0021042131446697638
2002-09-26,-0.09730551466108092,-0.09730551466108092,-0.14466923516858898,0.04215306039089439,-0.0015778664258356177,-0.001598942956031065
2002-09-27,-0.22889440375515135,-0.22889440375515135,-0.12041553310517439,0.024253702063414595,0.006374023625053486,0.006361896774021779
2002-09-30,-0.4817034064645723,-0.4817034064645723,-0.09730551466108092,0.023110018444093466,0.002251646512430316,0.0022400915032082694
2002-10-01,-0.39929809064869065,-0.39929809064869065,-0.22889440375515135,0.13158888909407043,-0.01785123534842281,-0.017917029792969847
2002-10-02,-0.31433882653303996,-0.31433882653303996,-0.4817034064645723,0.25280900270942097,-0.012539055172365527,-0.012665459673720238
2002-10-03,-0.18636899880281868,-0.18636899880281868,-0.39929809064869065,0.08240531581588167,-0.03354899753023458,-0.03359020018814252
2002-10-04,-0.004524199113514385,-0.004524199113514385,-0.31433882653303996,0.08495926411565069,-0.006688125684420462,-0.006730605316478287
2002-10-07,0.052993101897257595,0.052993101897257595,-0.18636899880281868,0.12796982773022128,0.006656051815144347,0.006592066901279236
2002-10-08,0.10581905832319412,0.10581905832319412,-0.004524199113514385,0.18184479968930428,-5.157957147985619e-05,-0.00014250197132450833
2002-10-09,0.12989128464670896,0.12989128464670896,0.052993101897257595,0.05751730101077198,-0.0003764263196983056,-0.0004051849702036916
2002-10-10,0.2938524915650635,0.2938524915650635,0.10581905832319412,0.05282595642593652,0.0026331309379589336,0.0026067179597459656
2002-10-11,0.529234994376709,0.529234994376709,0.12989128464670896,0.024072226323514842,0.008830202894191721,0.008818166781029963
2002-10-14,0.5992635243582104,0.5992635243582104,0.2938524915650635,0.16396120691835453,-0.0040081450765667515,-0.004090125680025929
2002-10-15,0.7142208396307134,0.7142208396307134,0.529234994376709,0.23538250281164547,0.005946707730129096,0.005829016478723273
2002-10-16,0.7318107080318526,0.7318107080318526,0.5992635243582104,0.07002852998150144,-0.005975654510029973,-0.006010668775020723
2002-10-17,0.8212071386879017,0.8212071386879017,0.7142208396307134,0.11495731527250297,0.020758623228180745,0.020701144570544495
2002-10-18,0.7357171126815789,0.7357171126815789,0.7318107080318526,0.017589868401139186,-0.01616724266195045,-0.01617603759615102
2002-10-21,0.80097677393957,0.80097677393957,0.8212071386879017,0.08939643065604919,0.016673719498904723,0.016629021283576698
2002-10-22,0.8673178492930467,0.8673178492930467,0.7357171126815789,0.08549002600632283,0.042682986215960124,0.04264024120295696
2002-10-23,0.7752259920588069,0.7752259920588069,0.80097677393957,0.0652596612579911,-0.021642535786346565,-0.02167516561697556
2002-10-24,0.7368877169347781,0.7368877169347781,0.8673178492930467,0.06634107535347666,0.003778311518550498,0.0037451409808737595
2002-10-25,0.6521272485359785,0.6521272485359785,0.7752259920588069,0.09209185723423974,-0.0067245228638743515,-0.006770568792491471
2002-10-28,0.740015264469936,0.740015264469936,0.7368877169347781,0.038338275124028875,0.020955982641343473,0.02093681350378146
2002-10-29,0.674631674968994,0.674631674968994,0.6521272485359785,0.08476046839879958,-0.01751262769442701,-0.01755500792862641
2002-10-30,0.7830877833126627,0.7830877833126627,0.740015264469936,0.08788801593395756,0.03315890148560755,0.03311495747764057
2002-10-31,0.7877783320403852,0.7877783320403852,0.674631674968994,0.06538358950094203,-0.008468023407166068,-0.00850071520191654
2002-11-01,0.8585188880269234,0.8585188880269234,0.7830877833126627,0.1084561083436687,0.017212999282010793,0.01715877122783896
2002-11-04,0.9056792586846156,0.9056792586846156,0.7877783320403852,0.0046905487277224545,0.012860769298130579,0.012858424023766718
2002-11-05,0.9371195057897439,0.9371195057897439,0.8585188880269234,0.07074055598653828,0.010507226280624343,0.010471856002631074
2002-11-06,0.8393757154299004,0.8393757154299004,0.9056792586846156,0.047160370657692186,-0.015969485237961854,-0.0159930654232907
2002-11-07,0.7013182421100258,0.7013182421100258,0.9371195057897439,0.03144024710512827,-0.021385517410488587,-0.02140123753404115
2002-11-08,0.6584043792192634,0.6584043792192634,0.8393757154299004,0.09774379035984349,0.012554627062287231,0.01250575516710731
2002-11-11,0.549652612283564,0.549652612283564,0.7013182421100258,0.1380574733198746,-0.021213910966716657,-0.021282939703376594
2002-11-12,0.5339790796291958,0.5339790796291958,0.6584043792192634,0.04291386289076238,0.015271347250766808,0.015249890319321427
2002-11-13,0.4529715388776172,0.4529715388776172,0.549652612283564,0.10875176693569943,-0.009738732358669972,-0.009793108242137822
2002-11-14,0.44283754359142224,0.44283754359142224,0.5339790796291958,0.015673532654368216,0.00849836880715968,0.008490532040832496
2002-11-15,0.5577279035508413,0.5577279035508413,0.4529715388776172,0.08100754075157857,0.011945437910102226,0.011904934139726436
2002-11-18,0.548876028909951,0.548876028909951,0.44283754359142224,0.010133995286194963,-0.007773162186973362,-0.0077782291846164595
2002-11-19,0.48910575208773244,0.48910575208773244,0.5577279035508413,0.1148903599594191,-0.009098189724380564,-0.009155634904360273
2002-11-20,0.561050611578816,0.561050611578816,0.548876028909951,0.008851874640890323,0.015314553427031896,0.01531012748971145
2002-11-21,0.7073670743858773,0.7073670743858773,0.48910575208773244,0.05977027682221858,0.01991501614150345,0.01988513100309234
2002-11-22,0.7235713231823134,0.7235713231823134,0.561050611578816,0.07194485949108353,-0.008835231478213666,-0.008871203907959207
2002-11-25,0.8157142154548757,0.8157142154548757,0.7073670743858773,0.14631646280706134,0.017684107206220573,0.01761094897481704
2002-11-26,0.750297990654612,0.750297990654612,0.7235713231823134,0.016204248796436116,-0.020471900490795447,-0.020480002615193664
2002-11-27,0.8335319937697414,0.8335319937697414,0.8157142154548757,0.09214289227256223,0.03542164053693276,0.03537556909079648
2002-11-29,0.8890213291798277,0.8890213291798277,0.750297990654612,0.06541622480026366,0.005594977552551903,0.005562269440151771
2002-12-02,0.8676585151785025,0.8676585151785025,0.8335319937697414,0.0832340031151294,-0.010548326470972248,-0.010589943472529811
2002-12-03,0.771842812782151,0.771842812782151,0.8890213291798277,0.05548933541008627,-0.021930013467661116,-0.02195775813536616
2002-12-04,0.6798634316189537,0.6798634316189537,0.8676585151785025,0.021362814001325225,-0.008820587050291902,-0.008831268457292565
2002-12-05,0.5757415948014475,0.5757415948014475,0.771842812782151,0.0958157023963514,-0.016434696298098468,-0.016482604149296642
2002-12-06,0.5564461596945457,0.5564461596945457,0.6798634316189537,0.09197938116319737,0.019489425724488568,0.01944343603390697
2002-12-09,0.4717423133917171,0.4717423133917171,0.5757415948014475,0.1041218368175062,-0.027075302812439833,-0.027127363730848585
2002-12-10,0.4091006678422343,0.4091006678422343,0.5564461596945457,0.019295435106901793,0.0007265223911614681,0.0007168746736080172
2002-12-11,0.3741296819345179,0.3741296819345179,0.4717423133917171,0.08470384630282857,0.0036904109287912335,0.0036480590056398193
2002-12-12,0.30883712089274507,0.30883712089274507,0.4091006678422343,0.06264164554948282,-0.0026463344791361585,-0.0026776553019109
2002-12-13,0.2759569136572865,0.2759569136572865,0.3741296819345179,0.03497098590771641,0.002922846300680299,0.002905360807726441
2002-12-16,0.3341007788547049,0.3341007788547049,0.30883712089274507,0.06529256104177283,0.009895589004229311,0.009862942723708424
2002-12-17,0.32840743175089615,0.32840743175089615,0.2759569136572865,0.03288020723545859,-0.0053891762595454215,-0.005405616363163151
2002-12-18,0.33033114498738136,0.33033114498738136,0.3341007788547049,0.05814386519741843,0.0007677866940223434,0.0007387147614236342
2002-12-19,0.30771934913603693,0.30771934913603693,0.32840743175089615,0.005693347103808755,-0.003848848884405644,-0.0038516955579575483
2002-12-20,0.3527677699169424,0.3527677699169424,0.33033114498738136,0.0019237132364852139,0.010304244649397946,0.010303282792779703
2002-12-23,0.3193749016162093,0.3193749016162093,0.30771934913603693,0.02261179585134443,-0.0007693680644160259,-0.0007806739623416981
2002-12-24,0.2671320036607326,0.2671320036607326,0.3527677699169424,0.045048420780905485,-0.0035365925422545974,-0.00355911675264505
2002-12-26,0.24157582312353065,0.24157582312353065,0.3193749016162093,0.033392868300733125,0.0015363027754655366,0.00151960634131517
2002-12-27,0.19055292291670775,0.19055292291670775,0.2671320036607326,0.05224289795547671,-0.005317134811092446,-0.005343256260070184
2002-12-30,0.16582300389775928,0.16582300389775928,0.24157582312353065,0.025556180537201934,0.0004969027683011118,0.0004841246780325108
2002-12-31,0.12586505852287633,0.12586505852287633,0.19055292291670775,0.0510229002068229,-0.0011243581016402132,-0.0011498695517436247
2003-01-02,0.17158567754421417,0.17158567754421417,0.16582300389775928,0.02472991901894847,0.006076547948642361,0.006064182989132886
2003-01-03,0.2230377002095479,0.2230377002095479,0.12586505852287633,0.03995794537488295,0.0008773738052899415,0.0008573948326025
2003-01-06,0.48202513347303194,0.48202513347303194,0.17158567754421417,0.04572061902133784,0.015355660032702927,0.015332799723192259
2003-01-07,0.5921965885642387,0.5921965885642387,0.2230377002095479,0.051452022665333746,-0.002277377334326229,-0.002303103345658896
2003-01-08,0.4960360415393945,0.4960360415393945,0.48202513347303194,0.25898743326348406,-0.025921310767744156,-0.026050804484375897
2003-01-09,0.40757495426384993,0.40757495426384993,0.5921965885642387,0.1101714550912068,-0.006513899201623148,-0.006568984929168751
2003-01-10,0.33303658332569747,0.33303658332569747,0.4960360415393945,0.09616054702484422,-0.003923188554066965,-0.003971268827579387
2003-01-13,0.303478754345278,0.303478754345278,0.40757495426384993,0.08846108727554458,0.0051783703773823865,0.005134139833744614
2003-01-14,0.31401082926213597,0.31401082926213597,0.33303658332569747,0.07453837093815247,0.004342209917693717,0.0043049407322246405
2003-01-15,0.25417575899931805,0.25417575899931805,0.303478754345278,0.029557828980419476,-0.007296003720813791,-0.007310782635304001
2003-01-16,0.1546731031871947,0.1546731031871947,0.31401082926213597,0.01053207491685798,-0.005234649866892591,-0.00523991590435102
2003-01-17,0.02410311447382657,0.02410311447382657,0.25417575899931805,0.059835070262817924,-0.00656025206130692,-0.006590169596438329
2003-01-21,-0.08022905394018867,-0.08022905394018867,0.1546731031871947,0.09950265581212334,-0.004539697131847159,-0.00458944845975322
2003-01-22,-0.19655928600215494,-0.19655928600215494,0.02410311447382657,0.13056998871336814,-0.00024510199506364906,-0.0003103869894203331
2003-01-23,-0.46437285733476996,-0.46437285733476996,-0.08022905394018867,0.10433216841401524,0.002364139374877388,0.0023119732906703807
2003-01-24,-0.64291523822318,-0.64291523822318,-0.19655928600215494,0.11633023206196627,0.004927693991726491,0.004869528875695508
2003-01-27,-0.6243915154657846,-0.6243915154657846,-0.46437285733476996,0.267813571332615,-0.005970399704018533,-0.006104306489684841
2003-01-28,-0.5287908526916205,-0.5287908526916205,-0.64291523822318,0.17854238088841,-0.010881660560720855,-0.01097093175116506
2003-01-29,-0.3986495414072523,-0.3986495414072523,-0.6243915154657846,0.018523722757395333,-0.027712428773195057,-0.027721690634573755
2003-01-30,-0.33178845512498967,-0.33178845512498967,-0.5287908526916205,0.09560066277416412,0.006741731137275154,0.006693930805888071
2003-01-31,-0.24817940826302887,-0.24817940826302887,-0.3986495414072523,0.13014131128436823,-0.011904867987596416,-0.011969938643238599
2003-02-03,-0.17650159412218533,-0.17650159412218533,-0.33178845512498967,0.06686108628226262,-0.0039003231893325113,-0.003933753732473642
2003-02-04,-0.1289626412020254,-0.1289626412020254,-0.24817940826302887,0.0836090468619608,0.0005126038580891044,0.00047079933465812396
2003-02-05,-0.10098267334139238,-0.10098267334139238,-0.17650159412218533,0.07167781414084354,0.0006850452101281283,0.0006492063030577066
2003-02-06,-0.08974993565491741,-0.08974993565491741,-0.1289626412020254,0.047538952920159916,0.0016078647684149181,0.0015840952919548381
2003-02-07,-0.10725639999717984,-0.10725639999717984,-0.10098267334139238,0.02797996786063303,0.002231059332231435,0.0022170693483011187
2003-02-10,-0.11284567182721056,-0.11284567182721056,-0.08974993565491741,0.011232737686474967,-0.00038623061340496267,-0.00039184698224820015
2003-02-11,-0.13513664488064042,-0.13513664488064042,-0.10725639999717984,0.017506464342262426,0.001177668299019612,0.0011689150668484807
2003-02-12,-0.17791972476622564,-0.17791972476622564,-0.11284567182721056,0.005589271830030718,0.002780702439765673,0.0027779078038506575
2003-02-13,-0.18413979891323456,-0.18413979891323456,-0.13513664488064042,0.022290973053429863,-0.001087976153924149,-0.001099121640450864
2003-02-14,-0.14291769629796866,-0.14291769629796866,-0.17791972476622564,0.04278307988558522,-0.005047082024078129,-0.0050684735640209215
2003-02-18,-0.10727076643630049,-0.10727076643630049,-0.18413979891323456,0.006220074147008925,-0.00276159052182761,-0.0027647005589011148
2003-02-19,-0.14138279145849234,-0.14138279145849234,-0.14291769629796866,0.041222102615265904,0.00490211587677922,0.004881504825471587
2003-02-20,-0.4275885276389949,-0.4275885276389949,-0.10727076643630049,0.035646929861668175,0.0053928739630195914,0.005375050498088757
2003-02-21,-0.46856474107120566,-0.46856474107120566,-0.14138279145849234,0.03411202502219185,-0.0035793052801490377,-0.0035963612926601337
2003-02-24,-0.5189477407807972,-0.5189477407807972,-0.4275885276389949,0.2862057361805026,0.0022796861061762314,0.0021365832380859802
2003-02-25,-0.5350982115358076,-0.5350982115358076,-0.46856474107120566,0.04097621343221075,-0.0018504014361162694,-0.0018708895428323747
2003-02-26,-0.6443217252332103,-0.6443217252332103,-0.5189477407807972,0.050382999709591536,0.00889437391588655,0.008869182416031754
2003-02-27,-0.7424165388510944,-0.7424165388510944,-0.5350982115358076,0.016150470755010415,0.0019886561817706707,0.0019805809463931657
2003-02-28,-0.8282776925673963,-0.8282776925673963,-0.6443217252332103,0.10922351369740269,0.004991861880861732,0.0049372501240130305
2003-03-03,-0.8305374559013575,-0.8305374559013575,-0.7424165388510944,0.09809481361788408,-0.00493825264353493,-0.004987300050343872
2003-03-04,-0.887024970600905,-0.887024970600905,-0.8282776925673963,0.08586115371630187,0.009517943783730094,0.009475013206871942
2003-03-05,-0.8634766410434258,-0.8634766410434258,-0.8305374559013575,0.0022597633339612733,-0.005310297339736569,-0.00531142722140355
2003-03-06,-0.908984427362284,-0.908984427362284,-0.887024970600905,0.05648751469954749,0.03150599708109026,0.03147775332374049
2003-03-07,-0.757909992207336,-0.757909992207336,-0.8634766410434258,0.02354832955747921,-0.01706284481269686,-0.017074618977475597
2003-03-10,-0.8386066614715575,-0.8386066614715575,-0.908984427362284,0.04550778631885821,0.03496071510817187,0.03493796121501244
2003-03-11,-0.8924044409810383,-0.8924044409810383,-0.757909992207336,0.151074435154948,0.007868541197242564,0.00779300397966509
2003-03-12,-0.7605061236966646,-0.7605061236966646,-0.8386066614715575,0.08069666926422148,-0.027427471144337332,-0.02746781947896944
2003-03-13,-0.5993920077116417,-0.5993920077116417,-0.8924044409810383,0.053797779509480836,-0.034128549375285776,-0.034155448265040515
2003-03-14,-0.47925104459987083,-0.47925104459987083,-0.7605061236966646,0.13189831728437373,-0.006565044274982212,-0.006630993433624399
2003-03-17,-0.36611710465862174,-0.36611710465862174,-0.5993920077116417,0.1611141159850229,-0.016246061221068604,-0.016326618279061116
2003-03-18,-0.29301155613482366,-0.29301155613482366,-0.47925104459987083,0.12014096311177086,0.0013311262443311996,0.0012710557627753142
2003-03-19,-0.22671181397871934,-0.22671181397871934,-0.36611710465862174,0.1131339399412491,-0.005813020103385674,-0.005869587073356298
2003-03-20,-0.18109385256091717,-0.18109385256091717,-0.29301155613482366,0.07310554852379808,0.001767553967215596,0.001731001192953697
2003-03-21,-0.12279276336760912,-0.12279276336760912,-0.22671181397871934,0.06629974215610432,-0.008005350363329167,-0.008038500234407218
2003-03-24,-0.1280158593142825,-0.1280158593142825,-0.18109385256091717,0.045617961417802166,0.008106560123570049,0.008083751142861148
2003-03-25,-0.11668017144533997,-0.11668017144533997,-0.12279276336760912,0.05830108919330805,-0.0014385125600620947,-0.0014676631046587486
2003-03-26,-0.11301496568650335,-0.11301496568650335,-0.1280158593142825,0.005223095946673376,0.0007058256036386504,0.0007032140556653138
2003-03-27,-0.09854785533935095,-0.09854785533935095,-0.11668017144533997,0.011335687868942526,-0.0007439926831225128,-0.0007496605270569841
2003-03-28,-0.09235698698341789,-0.09235698698341789,-0.11301496568650335,0.0036652057588366233,0.00046698099847107435,0.00046514839559165603
2003-03-31,-0.10864811950475248,-0.10864811950475248,-0.09854785533935095,0.014467110347152395,0.0021809121001014464,0.0021736785449278703
2003-04-01,-0.10381332392102624,-0.10381332392102624,-0.09235698698341789,0.006190868355933063,-0.0018288584087105166,-0.0018319538428884833
2003-04-02,-0.06792500363393257,-0.06792500363393257,-0.10864811950475248,0.016291132521334586,-0.004309795884585617,-0.004317941450846284
2003-04-03,-0.06270681976551742,-0.06270681976551742,-0.10381332392102624,0.004834795583726237,0.0038500777879086102,0.003847660390116747
2003-04-04,-0.06573624956205901,-0.06573624956205901,-0.06792500363393257,0.03588832028709367,0.0003952660321122191,0.00037732187196867225
2003-04-07,-0.07703817056109333,-0.07703817056109333,-0.06270681976551742,0.005218183868415147,0.0008738426164469728,0.0008712335245127653
2003-04-08,-0.1035114979004311,-0.1035114979004311,-0.06573624956205901,0.003029429796541583,0.0009673877894825949,0.0009658730745843241
2003-04-09,-0.16053509820434902,-0.16053509820434902,-0.07703817056109333,0.01130192099903432,0.0015192783966399268,0.0015136274361404096
2003-04-10,-0.16250344402224537,-0.16250344402224537,-0.1035114979004311,0.02647332733933777,-0.0013781110830905921,-0.001391347746760261
2003-04-11,-0.16993373673724885,-0.16993373673724885,-0.16053509820434902,0.057023600303917926,0.0012655927754839302,0.0012370809753319712
2003-04-14,-0.1270515146441459,-0.1270515146441459,-0.16250344402224537,0.0019683458178963442,-0.003538971245985263,-0.0035399554188942114
2003-04-15,-0.10492826326157662,-0.10492826326157662,-0.16993373673724885,0.007430292715003478,0.0008810127422418713,0.0008772975958843696
2003-04-16,-0.14013748761202427,-0.14013748761202427,-0.1270515146441459,0.04288222209310294,0.0044509024365759296,0.004429461325529378
2003-04-17,-0.13200273102869386,-0.13200273102869386,-0.10492826326157662,0.022123251382569292,-0.000944477837430823,-0.0009555394631221077
2003-04-21,-0.1603655959641343,-0.1603655959641343,-0.14013748761202427,0.035209224350447654,0.0019168605740027221,0.0018992559618274984
2003-04-22,-0.14304102390582257,-0.14304102390582257,-0.13200273102869386,0.008134756583330405,-0.0032632851339261895,-0.0032673525122178548
2003-04-23,-0.043151434257043375,-0.043151434257043375,-0.1603655959641343,0.028362864935440435,-0.009624780779111112,-0.009638962211578832
2003-04-24,0.03600215005318015,0.03600215005318015,-0.14304102390582257,0.017324572058311727,-0.0010718842473148918,-0.0010805465333440477
2003-04-25,0.07722324744715807,0.07722324744715807,-0.043151434257043375,0.0998895896487792,0.00028529031526726526,0.00023534552044287565
2003-04-28,0.18626065764298572,0.18626065764298572,0.03600215005318015,0.07915358431022353,0.0010283408838182438,0.000988764091663132
2003-04-29,0.24423724422315446,0.24423724422315446,0.07722324744715807,0.04122109739397792,-0.00033309915764154197,-0.0003537097063385309
2003-04-30,0.3392438267853519,0.3392438267853519,0.18626065764298572,0.10903741019582765,0.0022696080825337036,0.0022150893774357896
2003-05-01,0.3975247989428219,0.3975247989428219,0.24423724422315446,0.05797658658016874,0.00013063862664158192,0.00010165033335149755
2003-05-02,0.5983498659618813,0.5983498659618813,0.3392438267853519,0.09500658256219746,0.006893639709994661,0.006846136418713562
2003-05-05,0.5422233649053706,0.5422233649053706,0.3975247989428219,0.05828097215746997,-0.010104775449081883,-0.010133915935160618
2003-05-06,0.6009611050098087,0.6009611050098087,0.5983498659618813,0.20082506701905944,0.009653639447298202,0.009553226913788673
2003-05-07,0.5428690682409159,0.5428690682409159,0.5422233649053706,0.056126501056510736,-0.0028699823706145743,-0.0028980456211428296
2003-05-08,0.40959374028878726,0.40959374028878726,0.6009611050098087,0.05873774010443811,-0.020143700868137354,-0.020173069738189574
2003-05-09,0.3822595691488865,0.3822595691488865,0.5428690682409159,0.05809203676889285,0.010908206693088195,0.010879160674703748
2003-05-12,0.4099813208560077,0.4099813208560077,0.40959374028878726,0.1332753279521286,0.004862896178968463,0.004796258514992398
2003-05-13,0.41227107009106845,0.41227107009106845,0.3822595691488865,0.027334171139900776,-0.0011211143147439988,-0.0011347814003139492
2003-05-14,0.41548230292483734,0.41548230292483734,0.4099813208560077,0.02772175170712121,0.0003289071559318788,0.0003150462800783182
2003-05-15,0.38055329325074705,0.38055329325074705,0.41227107009106845,0.0022897492350607562,-0.00352567635549851,-0.0035268212301160407
2003-05-16,0.2936228548406277,0.2936228548406277,0.41548230292483734,0.0032112328337688956,-0.010638845361045705,-0.01064045097746259
2003-05-19,0.21592958671092774,0.21592958671092774,0.38055329325074705,0.034929009674090294,-0.004211107342631843,-0.004228571847468889
2003-05-20,0.1608179119575782,0.1608179119575782,0.2936228548406277,0.08693043841011933,0.0003285428998956359,0.00028507768069057623
2003-05-21,0.12327342855841067,0.12327342855841067,0.21592958671092774,0.07769326812969998,-0.0002413396674980154,-0.0002801863015628654
2003-05-22,0.0952801486939952,0.0952801486939952,0.1608179119575782,0.05511167475334955,0.0017994833298774038,0.001771927492500729
2003-05-23,0.08765992299774411,0.08765992299774411,0.12327342855841067,0.03754448339916752,0.00194365276856376,0.0019248805268641763
2003-05-27,0.16174959678296985,0.16174959678296985,0.0952801486939952,0.027993279864415466,0.0019460963488315934,0.0019320997088993856
2003-05-28,0.18530297087064523,0.18530297087064523,0.08765992299774411,0.007620225696251093,-0.000444497721930386,-0.00044830783477851156
2003-05-29,0.1792033890372614,0.1792033890372614,0.16174959678296985,0.07408967378522574,-0.0010413350517504685,-0.0010783798886430814
2003-05-30,0.3300992136848793,0.3300992136848793,0.18530297087064523,0.023553374087675383,0.004052327456989696,0.004040550769945858
2003-06-02,0.5533994757899195,0.5533994757899195,0.1792033890372614,0.006099581833383827,0.0031246683680826266,0.003121618577165935
2003-06-03,0.7022663171932797,0.7022663171932797,0.3300992136848793,0.15089582464761792,0.0033431208258540646,0.0032676729135302555
2003-06-04,0.8015108781288531,0.8015108781288531,0.5533994757899195,0.22330026210504023,0.009531690861975863,0.009420040730923342
2003-06-05,0.8676739187525688,0.8676739187525688,0.7022663171932797,0.14886684140336015,0.003194551321713901,0.003120117901012221
2003-06-06,0.7209643041536107,0.7209643041536107,0.8015108781288531,0.09924456093557343,-0.010485057825301309,-0.010534680105769096
2003-06-09,0.5843984958783454,0.5843984958783454,0.8676739187525688,0.0661630406237157,-0.006635180067430384,-0.006668261587742242
2003-06-10,0.6321271208946438,0.6321271208946438,0.7209643041536107,0.14670961459895815,0.011481869776410856,0.011408514969111378
2003-06-11,0.7547514139297626,0.7547514139297626,0.5843984958783454,0.13656580827526532,0.006206058189658507,0.006137775285520874
2003-06-12,0.7504149656678082,0.7504149656678082,0.6321271208946438,0.04772862501629849,-0.002846717192350494,-0.0028705815048586433
2003-06-13,0.6403892553616353,0.6403892553616353,0.7547514139297626,0.12262429303511879,-0.006449189007544826,-0.006510501154062385
2003-06-16,0.6918993303419305,0.6918993303419305,0.7504149656678082,0.004336448261954451,0.007608760565553014,0.007606592341422037
2003-06-17,0.7945995535612871,0.7945995535612871,0.6403892553616353,0.11002571030617292,0.0019283692544465893,0.0018733563992935028
2003-06-18,0.8630663690408582,0.8630663690408582,0.6918993303419305,0.05151007498029525,0.004673931587052449,0.0046481765495623014
2003-06-19,0.8334308997990835,0.8334308997990835,0.7945995535612871,0.10270022321935657,-0.002567457912632711,-0.0026188080242423896
2003-06-20,0.888953933199389,0.888953933199389,0.8630663690408582,0.06846681547957112,0.02366986100450442,0.023635627596764637
2003-06-23,0.7646814479681642,0.7646814479681642,0.8334308997990835,0.029635469241774737,-0.01152832832277907,-0.011543146057399957
2003-06-24,0.6840048513052921,0.6840048513052921,0.888953933199389,0.05552303340030551,0.001312637462536922,0.0012848759458367691
2003-06-25,0.5453235347984555,0.5453235347984555,0.7646814479681642,0.1242724852312248,-0.01596980443735857,-0.016031940679974183
2003-06-26,0.481724803464464,0.481724803464464,0.6840048513052921,0.08067659666287208,0.004805785495010704,0.004765447196679268
2003-06-27,0.40702831681113827,0.40702831681113827,0.5453235347984555,0.13868131650683657,-0.006386806412005413,-0.0064561470702588315
2003-06-30,0.34629788546384077,0.34629788546384077,0.481724803464464,0.06359873133399152,-0.0025505310788559144,-0.00258233044452291
2003-07-01,0.30867648916827,0.30867648916827,0.40702831681113827,0.07469648665332573,0.0005157408410359684,0.00047839259770930556
2003-07-02,0.3588919569748321,0.3588919569748321,0.34629788546384077,0.0607304313472975,0.006224690650241107,0.006194325434567458
2003-07-03,0.3595131694555991,0.3595131694555991,0.30867648916827,0.037621396295570764,-0.0027635631026208976,-0.002782373800768683
2003-07-07,0.33861501418537826,0.33861501418537826,0.3588919569748321,0.05021546780656211,0.0018009802235723776,0.0017758724896690965
2003-07-08,0.3010460228810171,0.3010460228810171,0.3595131694555991,0.0006212124807669639,-0.0014047669239858668,-0.0014050775302262503
2003-07-09,0.24687621002507878,0.24687621002507878,0.33861501418537826,0.02089815527022082,-0.005999431184413234,-0.006009880262048344
2003-07-10,0.18543386547348592,0.18543386547348592,0.3010460228810171,0.03756899130436114,-0.005507268736882739,-0.00552605323253492
2003-07-11,0.17766138696066944,0.17766138696066944,0.24687621002507878,0.05416981285593833,0.004341416281211388,0.004314331374783419
2003-07-14,0.1454877276186094,0.1454877276186094,0.18543386547348592,0.061442344551592865,-0.006074337881415771,-0.006105059053691567
2003-07-15,0.10709610143788995,0.10709610143788995,0.17766138696066944,0.007772478512816483,-0.0026056189993715036,-0.002609505238627912
2003-07-16,0.040361117748673264,0.040361117748673264,0.1454877276186094,0.03217365934206004,-0.002834966403673455,-0.002851053233344485
2003-07-17,-0.15634347652496994,-0.15634347652496994,0.10709610143788995,0.03839162618071945,-0.001182480277784535,-0.0012016760908748947
2003-07-18,-0.27589946456106107,-0.27589946456106107,0.040361117748673264,0.06673498368921668,0.00019151331793667325,0.00015814582609206492
2003-07-21,-0.5172663097073741,-0.5172663097073741,-0.15634347652496994,0.1967045942736432,0.005341741365587038,0.005243389068450216
2003-07-22,-0.5088219382768592,-0.5088219382768592,-0.27589946456106107,0.11955598803609113,-0.0071415693126332365,-0.007201347306651282
2003-07-23,-0.5553812971218632,-0.5553812971218632,-0.5172663097073741,0.241366845146313,0.004930523362922158,0.004809839940349001
2003-07-24,-0.7035875314145755,-0.7035875314145755,-0.5088219382768592,0.008444371430514908,0.009217121407832155,0.009212899222116898
2003-07-25,-0.7196583514232406,-0.7196583514232406,-0.5553812971218632,0.04655935884500406,-0.005603226666532532,-0.005626506345955034
2003-07-28,-0.5995839039135964,-0.5995839039135964,-0.7035875314145755,0.1482062342927123,-0.01887460079780644,-0.0189487039149528
2003-07-29,-0.59239908118045,-0.59239908118045,-0.7196583514232406,0.01607082000866511,0.01160067008724821,0.011592634677243878
2003-07-30,-0.6132594862216868,-0.6132594862216868,-0.5995839039135964,0.12007444750964424,0.0028792914674300773,0.002819254243675255
2003-07-31,-0.6701436624795929,-0.6701436624795929,-0.59239908118045,0.0071848227331463566,0.0038675450835255094,0.003863952672158936
2003-08-01,-0.7800957749863953,-0.7800957749863953,-0.6132594862216868,0.020860405041236763,0.010863354164806435,0.010852923962285816
2003-08-04,-0.6359647071346505,-0.6359647071346505,-0.6701436624795929,0.056884176257906094,-0.028458500913694628,-0.02848694300182358
2003-08-05,-0.6313590884626054,-0.6313590884626054,-0.7800957749863953,0.10995211250680237,0.017195354277147544,0.017140378220894145
2003-08-06,-0.521426566359539,-0.521426566359539,-0.6359647071346505,0.1441310678517448,-0.01814471497874775,-0.01821678051267362
2003-08-07,-0.5194701792139016,-0.5194701792139016,-0.6313590884626054,0.00460561867204512,0.012259642543918831,0.012257339734582809
2003-08-08,-0.5655411763852525,-0.5655411763852525,-0.521426566359539,0.10993252210306637,0.005162442669838203,0.00510747640878667
2003-08-11,-0.5604840127312296,-0.5604840127312296,-0.5194701792139016,0.001956387145637395,-0.0029681931511632855,-0.0029691713447361043
2003-08-12,-0.46827025041506987,-0.46827025041506987,-0.5655411763852525,0.04607099717135088,-0.014138659125607854,-0.01416169462419353
2003-08-13,-0.45159697286133244,-0.45159697286133244,-0.5604840127312296,0.005057163654022867,0.007145588379497274,0.0071430597976702625
2003-08-14,-0.42656621659908056,-0.42656621659908056,-0.46827025041506987,0.09221376231615974,-0.001708857303239347,-0.001754964184397427
2003-08-15,-0.39840618835694624,-0.39840618835694624,-0.45159697286133244,0.01667327755373743,-0.0008841774740086762,-0.0008925141127855449
2003-08-18,-0.35207925855259414,-0.35207925855259414,-0.42656621659908056,0.025030756262251874,-0.0003573404593826927,-0.0003698558375138186
2003-08-19,-0.3135632798481379,-0.3135632798481379,-0.39840618835694624,0.028160028242134316,0.0007778220934081732,0.000763742079287106
2003-08-20,-0.25887476540193766,-0.25887476540193766,-0.35207925855259414,0.0463269298043521,-0.0001966914262057298,-0.00021985489110790585
2003-08-21,-0.19363291190777415,-0.19363291190777415,-0.3135632798481379,0.03851597870445622,-0.002189705673180694,-0.002208963662532922
2003-08-22,-0.2357796631227883,-0.2357796631227883,-0.25887476540193766,0.054688514446200265,0.00596013920960716,0.00593279495238406
2003-08-25,-0.3489951791982239,-0.3489951791982239,-0.19363291190777415,0.0652418534941635,0.002309050919894505,0.0022764299931474236
2003-08-26,-0.33046870200637724,-0.33046870200637724,-0.2357796631227883,0.042146751215014155,-0.001422812759540763,-0.00144388613514827
2003-08-27,-0.29812011243632053,-0.29812011243632053,-0.3489951791982239,0.11321551607543562,-0.0005979389850735158,-0.0006545467431112337
2003-08-28,-0.24569728506789454,-0.24569728506789454,-0.33046870200637724,0.01852647719184669,-0.004994162975094049,-0.005003426213689972
2003-08-29,-0.23752067699421037,-0.23752067699421037,-0.29812011243632053,0.03234858957005671,0.0023446126440854593,0.002328438349300431
2003-09-02,-0.21550688805355567,-0.21550688805355567,-0.24569728506789454,0.05242282736842599,-0.0015999278162589345,-0.0016261392299431474
2003-09-03,-0.17744977779604118,-0.17744977779604118,-0.23752067699421037,0.008176608073684172,-0.0046768292042488795,-0.004680917508285721
2003-09-04,-0.13996630563379972,-0.13996630563379972,-0.21550688805355567,0.0220137889406547,-0.002377962216717898,-0.002388969111188225
2003-09-05,-0.13062554671487292,-0.13062554671487292,-0.17744977779604118,0.03805711025751449,0.0016945774712444558,0.0016755489161156985
2003-09-08,-0.13658644987202145,-0.13658644987202145,-0.13996630563379972,0.03748347216224146,0.001966476307282505,0.0019477345712013842
2003-09-09,-0.21353162166563625,-0.21353162166563625,-0.13062554671487292,0.0093407589189268,0.0023357717531338,0.0023311013736743366
2003-09-10,-0.21057590624220804,-0.21057590624220804,-0.13658644987202145,0.005960903157148534,-0.0023703204789769406,-0.0023733009305555147
2003-09-11,-0.26316390641652454,-0.26316390641652454,-0.21353162166563625,0.07694517179361479,0.002806506978926602,0.0027680343930297944
2003-09-12,-0.25667033610269974,-0.25667033610269974,-0.21057590624220804,0.002955715423428207,-0.002028737662022306,-0.0020302155197340203
2003-09-15,-0.3346763717652003,-0.3346763717652003,-0.26316390641652454,0.0525880001743165,0.004431578646774613,0.004405284646687455
2003-09-16,-0.3219830685840968,-0.3219830685840968,-0.25667033610269974,0.0064935703138248035,-0.0035169986472116817,-0.003520245432368594
2003-09-17,-0.29518696355518353,-0.29518696355518353,-0.3346763717652003,0.07800603566250058,-0.0003771021588327834,-0.00041610517666403366
2003-09-18,-0.2418814530493283,-0.2418814530493283,-0.3219830685840968,0.01269330318110351,-0.0030794959099696762,-0.003085842561560228
2003-09-19,-0.2723532851671273,-0.2723532851671273,-0.29518696355518353,0.026796105028913275,0.005263906797686958,0.005250508745172501
2003-09-22,-0.3982716093699862,-0.3982716093699862,-0.2418814530493283,0.05330551050585525,0.0037055008483419163,0.0036788480930889885
2003-09-23,-0.5988477395799908,-0.5988477395799908,-0.2723532851671273,0.030471832117799025,0.01239753960649353,0.01238230369043463
2003-09-24,-0.7325651597199939,-0.7325651597199939,-0.3982716093699862,0.12591832420285887,0.006371272435406189,0.00630831327330476
2003-09-25,-0.8081593995837564,-0.8081593995837564,-0.5988477395799908,0.20057613021000464,-0.0009186479400622493,-0.0010189360051672516
2003-09-26,-0.872106266389171,-0.872106266389171,-0.7325651597199939,0.1337174201400031,0.0013463716732428032,0.0012795129631728015
2003-09-29,-0.8894702865058953,-0.8894702865058953,-0.8081593995837564,0.07559423986376246,-0.002232228838789229,-0.0022700259587211105
2003-09-30,-0.9263135243372635,-0.9263135243372635,-0.872106266389171,0.06394686680541461,0.006404988436469694,0.006373015003066987
2003-10-01,-0.8182533580103336,-0.8182533580103336,-0.8894702865058953,0.017364020116724332,-0.014805994989969061,-0.014814677000027423
2003-10-02,-0.6976207788959154,-0.6976207788959154,-0.9263135243372635,0.036843237831368225,-0.008426073418669189,-0.008444495037584872
2003-10-03,-0.5699410931604135,-0.5699410931604135,-0.8182533580103336,0.10806016632692994,-0.011309810647988767,-0.011363840731152233
2003-10-06,-0.45238140248172015,-0.45238140248172015,-0.6976207788959154,0.12063257911441816,-0.0012409385305108228,-0.0013012548200680319
2003-10-07,-0.3271642802438334,-0.3271642802438334,-0.5699410931604135,0.12767968573550192,0.0050585510710484255,0.004994711228180675
2003-10-08,-0.27094231764768234,-0.27094231764768234,-0.45238140248172015,0.11755969067869337,0.005942647590216808,0.005883867744877462
2003-10-09,-0.32561753075784167,-0.32561753075784167,-0.3271642802438334,0.12521712223788672,0.0032036542155118746,0.003141045654392931
2003-10-10,-0.3661570601652849,-0.3661570601652849,-0.27094231764768234,0.05622196259615109,8.373159980883798e-05,5.5620618510762436e-05
2003-10-13,-0.57743804011019,-0.57743804011019,-0.32561753075784167,0.054675213110159326,0.004730757466551833,0.004703419859996754
2003-10-14,-0.7182920267401267,-0.7182920267401267,-0.3661570601652849,0.04053952940744321,0.004364384753949314,0.004344114989245593
2003-10-15,-0.5851285542545218,-0.5851285542545218,-0.57743804011019,0.21128097994490508,-0.01228168367512269,-0.012387324165095142
2003-10-16,-0.4822166932104399,-0.4822166932104399,-0.7182920267401267,0.14085398662993676,-0.001116679965839722,-0.0011871069591546904
2003-10-17,-0.4111192699831465,-0.4111192699831465,-0.5851285542545218,0.1331634724856049,0.0018161293303831602,0.0017495475941403577
2003-10-20,-0.32198032310798586,-0.32198032310798586,-0.4822166932104399,0.1029118610440819,-0.008857579566654547,-0.008909035497176587
2003-10-21,-0.337661310029799,-0.337661310029799,-0.4111192699831465,0.0710974232272934,0.006912692619495971,0.0068771439078823245
2003-10-22,-0.304808880459246,-0.304808880459246,-0.32198032310798586,0.08913894687516066,-0.0031037495623728304,-0.0031483190358104107
2003-10-23,-0.2311969368972022,-0.2311969368972022,-0.337661310029799,0.015680986921813134,-0.00800733472808093,-0.008015175221541836
2003-10-24,-0.18216493089876115,-0.18216493089876115,-0.304808880459246,0.03285242957055301,-0.0,-1.6426214785276504e-05
2003-10-27,-0.14580076874084769,-0.14580076874084769,-0.2311969368972022,0.07361194356204379,6.953382717298695e-05,3.272785539196506e-05
2003-10-28,-0.13030757526663886,-0.13030757526663886,-0.18216493089876115,0.04903200599844104,0.00082225735410946,0.0007977413511102395
2003-10-29,-0.13324762585815686,-0.13324762585815686,-0.14580076874084769,0.036364162157913466,0.0011900433260618275,0.0011718612449828707
2003-10-30,-0.14009075161388637,-0.14009075161388637,-0.13030757526663886,0.015493193474208827,3.9784456731668156e-05,3.203785999456374e-05
2003-10-31,-0.10321720357055646,-0.10321720357055646,-0.13324762585815686,0.002940050591518001,-0.0032500596284314597,-0.0032515296537272186
2003-11-03,-0.10044225216905932,-0.10044225216905932,-0.14009075161388637,0.006843125755729512,0.001584407568907759,0.0015809860060298942
2003-11-04,-0.11558369535033346,-0.11558369535033346,-0.10321720357055646,0.036873548043329915,0.0010253441690266623,0.0010069073950049973
2003-11-05,-0.12673149862406852,-0.12673149862406852,-0.10044225216905932,0.002774951401497139,-0.0,-1.3874757007485694e-06
2003-11-06,-0.15247303733801731,-0.15247303733801731,-0.11558369535033346,0.015141443181274139,0.0015462622332795292,0.0015386915116888922
2003-11-07,-0.20906469729435334,-0.20906469729435334,-0.12673149862406852,0.01114780327373506,0.0010935888402799799,0.0010880149386431122
2003-11-10,-0.21484108260074541,-0.21484108260074541,-0.15247303733801731,0.025741538713948797,-0.0014219503436411313,-0.0014348211129981056
2003-11-11,-0.22182952802946884,-0.22182952802946884,-0.20906469729435334,0.05659165995633603,0.0001932353450788807,0.00016493951510071267
2003-11-12,-0.22392433023473207,-0.22392433023473207,-0.21484108260074541,0.005776385306392073,-0.0,-2.8881926531960365e-06
2003-11-13,-0.3242755096582203,-0.3242755096582203,-0.22182952802946884,0.006988445428723428,0.0034873726128924875,0.0034838783901781256
2003-11-14,-0.2736490395814798,-0.2736490395814798,-0.22392433023473207,0.00209480220526323,-0.0047687949540781635,-0.004769842355180795
2003-11-17,-0.22974281098723195,-0.22974281098723195,-0.3242755096582203,0.1003511794234882,-0.0012928226816089523,-0.0013429982713206964
2003-11-18,-0.2243668656444409,-0.2243668656444409,-0.2736490395814798,0.05062647007674048,0.0023403940099493356,0.0023150807749109654
2003-11-19,-0.2560214587596146,-0.2560214587596146,-0.22974281098723195,0.04390622859424784,0.0017693493929345084,0.0017473962786373845
2003-11-20,-0.35970454344115876,-0.35970454344115876,-0.2243668656444409,0.005375945342791066,0.002647042769572318,0.0026443547969009222
2003-11-21,-0.35206330637474936,-0.35206330637474936,-0.2560214587596146,0.031654593115173685,-0.002976121239904595,-0.002991948536462182
2003-11-24,-0.30689396137531827,-0.30689396137531827,-0.35970454344115876,0.10368308468154419,-0.003350957793914987,-0.003402799336255759
2003-11-25,-0.24246212440299947,-0.24246212440299947,-0.35206330637474936,0.007641237066409401,-0.005741621455381143,-0.005745442073914348
2003-11-26,-0.22414051905761795,-0.22414051905761795,-0.30689396137531827,0.045169344999431094,0.0025086660705465505,0.002486081398046835
2003-11-28,-0.18783022690212742,-0.18783022690212742,-0.24246212440299947,0.0644318369723188,-0.0005921465157127562,-0.0006243624341989156
2003-12-01,-0.14664319803740195,-0.14664319803740195,-0.22414051905761795,0.01832160534538152,0.0004779036322663237,0.00046874282959363296
2003-12-02,-0.13213441879788623,-0.13213441879788623,-0.18783022690212742,0.03631029215549053,0.0011464104765476525,0.0011282553304699072
2003-12-03,-0.15785780640029434,-0.15785780640029434,-0.14664319803740195,0.04118702886472547,0.0014857741876299737,0.001465180673197611
2003-12-04,-0.11686507710182246,-0.11686507710182246,-0.13213441879788623,0.014508779239515712,-0.004139538484598661,-0.004146792874218419
2003-12-05,-0.07953873454850052,-0.07953873454850052,-0.15785780640029434,0.02572338760240811,-0.0007120630624021692,-0.0007249247562033733
2003-12-08,-0.08034341182162204,-0.08034341182162204,-0.11686507710182246,0.04099272929847188,0.0013645527093002145,0.0013440563446509785
2003-12-09,-0.12144946630435971,-0.12144946630435971,-0.07953873454850052,0.03732634255332194,0.001012004749144319,0.000993341577867658
2003-12-10,-0.08542524141802164,-0.08542524141802164,-0.08034341182162204,0.0008046772731215152,-0.0019229351166350065,-0.0019233374552715672
2003-12-11,-0.06342611991442841,-0.06342611991442841,-0.12144946630435971,0.04110605448273767,0.00010920189142083477,8.864886417946594e-05
2003-12-12,-0.0158458056252718,-0.0158458056252718,-0.08542524141802164,0.036024224886338066,-0.00023060453129786497,-0.000248616643741034
2003-12-15,0.06823619033434848,0.06823619033434848,-0.06342611991442841,0.021999121503593233,-0.00017073805267503074,-0.00018173761342682736
2003-12-16,0.3788241268895656,0.3788241268895656,-0.0158458056252718,0.047580314289156614,-0.00018437241728268372,-0.00020816257442726204
2003-12-17,0.5858827512597105,0.5858827512597105,0.06823619033434848,0.08408199595962028,0.000583519591775504,0.0005414785937956939
2003-12-18,0.7239218341731404,0.7239218341731404,0.3788241268895656,0.31058793655521716,0.0022154530838164894,0.0020601591155388808
2003-12-19,0.6819790670896025,0.6819790670896025,0.5858827512597105,0.20705862437014483,-0.0042579021895364595,-0.004361431501721532
2003-12-22,0.6319570213868563,0.6319570213868563,0.7239218341731404,0.13803908291342992,-0.00042398637713944977,-0.0004930059185961648
2003-12-23,0.5868433901914598,0.5868433901914598,0.6819790670896025,0.041942767083537835,0.0007991093944481648,0.0007781380109063958
2003-12-24,0.4257471115917819,0.4257471115917819,0.6319570213868563,0.050022045702746265,-0.003883846587144146,-0.003908857609995519
2003-12-26,0.3137786939280887,0.3137786939280887,0.5868433901914598,0.045113631195396464,-0.0008636568929721356,-0.0008862137085698338
2003-12-29,0.4443535347604173,0.4443535347604173,0.4257471115917819,0.1610962785996779,0.005147417673491714,0.0050668695341918755
2003-12-30,0.6295690231736115,0.6295690231736115,0.3137786939280887,0.1119684176636932,0.0062169309600168705,0.0061609467511850235
2003-12-31,0.7530460154490743,0.7530460154490743,0.4443535347604173,0.13057484083232856,0.001015800085358042,0.0009505126649418776
2004-01-02,0.8353640102993829,0.8353640102993829,0.6295690231736115,0.18521548841319424,0.0030507794654550443,0.002958171721248447
2004-01-05,0.8902426735329221,0.8902426735329221,0.7530460154490743,0.12347699227546283,0.021790180558187978,0.021728442062050247
2004-01-06,0.926828449021948,0.926828449021948,0.8353640102993829,0.08231799485030855,0.01381945547618266,0.013778296478757507
2004-01-07,0.9512189660146322,0.9512189660146322,0.8902426735329221,0.05487866323353918,0.0018298202278616376,0.001802380896244868
2004-01-08,0.9674793106764215,0.9674793106764215,0.926828449021948,0.03658577548902597,0.014197052260894813,0.0141787593731503
2004-01-09,0.7928903238728899,0.7928903238728899,0.9512189660146322,0.02439051699268413,-0.027676064004241593,-0.027688259262737935
2004-01-12,0.7794354843300119,0.7794354843300119,0.9674793106764215,0.016260344661789272,0.01852270413577335,0.018514573963442454
2004-01-13,0.7466192944869074,0.7466192944869074,0.7928903238728899,0.17458898680353152,-0.003237987560834628,-0.0033252820542363937
2004-01-14,0.773162731065224,0.773162731065224,0.7794354843300119,0.013454839542878072,0.005966210549013072,0.005959483129241634
2004-01-15,0.795836509451721,0.795836509451721,0.7466192944869074,0.032816189843104415,0.0004054802626897219,0.0003890721677681697
2004-01-16,0.8263858800958467,0.8263858800958467,0.773162731065224,0.026543436578316593,0.0014668852796788528,0.0014536135613896946
2004-01-20,0.8842572533972313,0.8842572533972313,0.795836509451721,0.02267377838649698,0.005169514483928227,0.005158177594734979
2004-01-21,0.8791406208138025,0.8791406208138025,0.8263858800958467,0.030549370644125662,-0.0037776291633855714,-0.0037929038487076344
2004-01-22,0.9194270805425351,0.9194270805425351,0.8842572533972313,0.05787137330138459,0.011226538657147912,0.01119760297049722
2004-01-23,0.9462847203616902,0.9462847203616902,0.8791406208138025,0.00511663258342876,0.002579590791510102,0.0025770324752183876
2004-01-26,0.9641898135744602,0.9641898135744602,0.9194270805425351,0.04028645972873257,0.004157033360919356,0.00413689013105499
2004-01-27,0.7725648035560196,0.7725648035560196,0.9462847203616902,0.02685763981915512,-0.017287183860828073,-0.01730061268073765
2004-01-28,0.6082463952921785,0.6082463952921785,0.9641898135744602,0.017905093212770007,-0.00832101027850279,-0.008329962825109175
2004-01-29,0.5515455459373991,0.5515455459373991,0.7725648035560196,0.19162501001844057,0.006935392491624385,0.006839579986615165
2004-01-30,0.48568539063939153,0.48568539063939153,0.6082463952921785,0.16431840826384114,-0.003771928716006242,-0.0038540879201381627
2004-02-02,0.5807149535490712,0.5807149535490712,0.5515455459373991,0.05670084935477937,0.009576557512913928,0.009548207088236537
2004-02-03,0.5875700912161546,0.5875700912161546,0.48568539063939153,0.0658601552980076,-0.0034968499861911624,-0.0035297800638401664
2004-02-04,0.5251212903825275,0.5251212903825275,0.5807149535490712,0.09502956290967968,-0.008423097778425726,-0.008470612559880566
2004-02-05,0.500013668996647,0.500013668996647,0.5875700912161546,0.006855137667083344,0.0032027747168236853,0.0031993471479901435
2004-02-06,0.5257794080819816,0.5257794080819816,0.5251212903825275,0.06244880083362703,0.0037012486879017007,0.003670024287484887
2004-02-09,0.5102405343818219,0.5102405343818219,0.500013668996647,0.02510762138588052,-0.002692124635533443,-0.002704678446226383
2004-02-10,0.624484285999104,0.624484285999104,0.5257794080819816,0.025765739085334638,0.00924946252097534,0.009236579651432672
2004-02-11,0.7496561906660694,0.7496561906660694,0.5102405343818219,0.015538873700159717,0.008142068019526667,0.008134298582676587
2004-02-12,0.717414509070424,0.717414509070424,0.624484285999104,0.11424375161728206,-0.009644891902437348,-0.00970201377824599
2004-02-13,0.6999457799668369,0.6999457799668369,0.7496561906660694,0.12517190466696537,0.0007969606151637872,0.0007343746628303045
2004-02-17,0.7999638533112247,0.7999638533112247,0.717414509070424,0.03224168159564533,0.029534992059534356,0.029518871218736534
2004-02-18,0.7351725508468607,0.7351725508468607,0.6999457799668369,0.0174687291035871,-0.019462829140491834,-0.01947156350504363
2004-02-19,0.6199401226970125,0.6199401226970125,0.7999638533112247,0.10001807334438773,-0.015953194542534188,-0.01600320357920638
2004-02-20,0.5294499564861292,0.5294499564861292,0.7351725508468607,0.06479130246436393,-0.003346076666149356,-0.003378472317381538
2004-02-23,0.4563651803980745,0.4563651803980745,0.6199401226970125,0.11523242814984824,-0.0028346177758723323,-0.0028922339899472562
2004-02-24,0.5039261957225611,0.5039261957225611,0.5294499564861292,0.09049016621088324,0.015450332341718416,0.015405087258612974
2004-02-25,0.5271460616988198,0.5271460616988198,0.4563651803980745,0.07308477608805475,-0.0008390522504075725,-0.0008755946384515998
2004-02-26,0.5738608248750419,0.5738608248750419,0.5039261957225611,0.047561015324486644,0.004241567264191338,0.004217786756529095
2004-02-27,0.6013010211727116,0.6013010211727116,0.5271460616988198,0.02321986597625869,-0.00013743492630301395,-0.0001490448592911433
2004-03-01,0.6638657880487256,0.6638657880487256,0.5738608248750419,0.04671476317622203,0.005539159284080745,0.005515801902492634
2004-03-02,0.7759105253658172,0.7759105253658172,0.6013010211727116,0.027440196297669694,0.011808520284873832,0.011794800186724998
2004-03-03,0.7620043387245449,0.7620043387245449,0.6638657880487256,0.06256476687601409,-0.007738662464660771,-0.007769944848098778
2004-03-04,0.7870298688713928,0.7870298688713928,0.7759105253658172,0.11204473731709153,0.004973622994902528,0.004917600626243982
2004-03-05,0.750380287089385,0.750380287089385,0.7620043387245449,0.0139061866412723,-0.005241557982931777,-0.005248511076252413
2004-03-08,0.786404301430114,0.786404301430114,0.7870298688713928,0.02502553014684794,0.0064609758415231835,0.0064484630764497595
2004-03-09,0.7574671376408642,0.7574671376408642,0.750380287089385,0.036649581782007834,-0.0019094544238364266,-0.0019277792147274304
2004-03-10,0.6181743070711974,0.6181743070711974,0.786404301430114,0.036024014340728994,-0.01865690679266998,-0.018674918799840342
2004-03-11,0.47603998357960087,0.47603998357960087,0.7574671376408642,0.02893716378924982,-0.01365731115901216,-0.013671779740906784
2004-03-12,0.39959588816018043,0.39959588816018043,0.6181743070711974,0.1392928305696668,0.005428435930010021,0.005358789514725188
2004-03-15,0.30906910719427305,0.30906910719427305,0.47603998357960087,0.1421343234915965,-0.007659722586880017,-0.007730789748625815
2004-03-16,0.23259092841068577,0.23259092841068577,0.39959588816018043,0.07644409541942043,-0.0005356052905141058,-0.000573827338223816
2004-03-17,0.18550704629563733,0.18550704629563733,0.30906910719427305,0.09052678096590738,0.0007466247091073365,0.0007013613186243828
2004-03-18,0.1525920282704484,0.1525920282704484,0.23259092841068577,0.07647817878358729,0.00018683333252571762,0.00014859424313392396
2004-03-19,0.13631297338684872,0.13631297338684872,0.18550704629563733,0.04708388211504844,0.0004964794317407014,0.00047293749068317724
2004-03-22,0.09678241631598744,0.09678241631598744,0.1525920282704484,0.032915018025188925,-0.003583696821191814,-0.0036001543302044085
2004-03-23,0.05474658938178349,0.05474658938178349,0.13631297338684872,0.01627905488359968,-0.001974449595059724,-0.0019825891225015236
2004-03-24,0.022166047194379878,0.022166047194379878,0.09678241631598744,0.03953055707086128,-5.371855063257047e-05,-7.34838291680011e-05
2004-03-25,-0.002845510602607451,-0.002845510602607451,0.05474658938178349,0.04203582693420395,0.0005316879093775564,0.0005106699959104544
2004-03-26,-0.03434155072879437,-0.03434155072879437,0.022166047194379878,0.03258054218740361,-0.00022537093151459614,-0.00024166120260829795
2004-03-29,-0.04718814292450543,-0.04718814292450543,-0.002845510602607451,0.025011557796987327,-2.0538778825350507e-05,-3.304455772384417e-05
2004-03-30,-0.1463981909173493,-0.1463981909173493,-0.03434155072879437,0.03149604012618692,-2.838835603227213e-05,-4.4136376095365584e-05
2004-03-31,-0.1944619636310751,-0.1944619636310751,-0.04718814292450543,0.012846592195711062,-0.0002988975542207879,-0.00030532085031864344
2004-04-01,-0.18155741394894698,-0.18155741394894698,-0.1463981909173493,0.09921004799284386,-0.0014423965215024364,-0.0014920015454988583
2004-04-02,-0.14725957005075865,-0.14725957005075865,-0.1944619636310751,0.048063772713725805,-0.0017917592397237382,-0.0018157911260806012
2004-04-05,-0.09919577425051918,-0.09919577425051918,-0.18155741394894698,0.01290454968212812,-0.0019989098681145573,-0.0020053621429556214
2004-04-06,-0.06454595248316959,-0.06454595248316959,-0.14725957005075865,0.034297843898188324,-0.0014028273486629444,-0.0014199762706120385
2004-04-07,-0.04310055689948213,-0.04310055689948213,-0.09919577425051918,0.04806379580023948,0.0008173841784866303,0.0007933522805865106
2004-04-08,-0.0287985833923112,-0.0287985833923112,-0.06454595248316959,0.034649821767349584,-0.0,-1.7324910883674794e-05
2004-04-12,-0.018602133200721654,-0.018602133200721654,-0.04310055689948213,0.02144539558368746,-0.0003003541543214918,-0.00031107685211333554
2004-04-13,-0.014953080994157642,-0.014953080994157642,-0.0287985833923112,0.014301973507170933,0.00032961078497191606,0.0003224597982183306
2004-04-14,-0.013760715296695326,-0.013760715296695326,-0.018602133200721654,0.010196450191589546,3.0050321570722987e-05,2.4952096474928213e-05
2004-04-15,-0.013342014934300721,-0.013342014934300721,-0.014953080994157642,0.0036490522065640123,8.06974721680848e-06,6.245221113526474e-06
2004-04-16,-0.021757135872975383,-0.021757135872975383,-0.013760715296695326,0.0011923656974623161,0.00011510444072616825,0.00011450825787743709
2004-04-19,-0.0176547163190894,-0.0176547163190894,-0.013342014934300721,0.0004187003623946049,-0.00014885159022442988,-0.0001490609404056272
2004-04-20,-0.012474610323704548,-0.012474610323704548,-0.021757135872975383,0.008415120938674662,-5.8549351262563325e-05,-6.275691173190066e-05
2004-04-21,-0.0019942752267874606,-0.0019942752267874606,-0.0176547163190894,0.004102419553885982,-0.0002037399109239771,-0.00020579112070092008
2004-04-22,0.004646734209458417,0.004646734209458417,-0.012474610323704548,0.0051801059953848535,-2.3171508121764512e-05,-2.576156111945694e-05
2004-04-23,0.006435990809701591,0.006435990809701591,-0.0019942752267874606,0.010480335096917088,1.1619153305191936e-05,6.378985756733392e-06
2004-04-26,0.01086922431259773,0.01086922431259773,0.004646734209458417,0.006641009436245878,2.4755952738060865e-05,2.1435448019937925e-05
2004-04-27,0.008607956117447088,0.008607956117447088,0.006435990809701591,0.001789256600243174,-4.092904279989141e-05,-4.1823671100013e-05
2004-04-28,0.008811748473756292,0.008811748473756292,0.01086922431259773,0.004433233502896138,4.637704469608359e-05,4.416042794463552e-05
2004-04-29,0.010616353794109273,0.010616353794109273,0.008607956117447088,0.0022612681951506407,2.9715446047199813e-05,2.858481194962449e-05
2004-04-30,0.008839162142665141,0.008839162142665141,0.008811748473756292,0.00020379235630920388,-1.1660648001505499e-05,-1.1762544179660101e-05
2004-05-03,0.00640479285015612,0.00640479285015612,0.010616353794109273,0.001804605320352981,-1.4067310134139735e-05,-1.4969612794316225e-05
2004-05-04,0.005643323881351185,0.005643323881351185,0.008839162142665141,0.0017771916514441322,4.6909540727817625e-05,4.6020944902095556e-05
2004-05-05,0.003836274691992998,0.003836274691992998,0.00640479285015612,0.002434369292509021,-1.014387556645398e-05,-1.136106021270849e-05
2004-05-06,0.0026846704149798436,0.0026846704149798436,0.005643323881351185,0.0007614689688049351,-4.0278549086849796e-05,-4.0659283571252266e-05
2004-05-07,-0.011704571349465369,-0.011704571349465369,0.003836274691992998,0.0018070491893581874,-7.966519688713046e-05,-8.056872148180956e-05
2004-05-10,-0.05115584776870143,-0.05115584776870143,0.0026846704149798436,0.0011516042770131543,-3.1387299200133605e-05,-3.196310133864018e-05
2004-05-11,-0.10503257730639834,-0.10503257730639834,-0.011704571349465369,0.014389241764445213,6.11854419211996e-05,5.3990821038976996e-05
2004-05-12,-0.1353131855879214,-0.1353131855879214,-0.05115584776870143,0.03945127641923606,-0.00016979331023730138,-0.0001895189484469194
2004-05-13,-0.162759748142443,-0.162759748142443,-0.10503257730639834,0.053876729537696906,8.688037270613e-05,5.9942007937281545e-05
2004-05-14,-0.17430462260150503,-0.17430462260150503,-0.1353131855879214,0.03028060828152307,-0.00041059817085679814,-0.00042573847499755967
2004-05-17,-0.3671751172329035,-0.3671751172329035,-0.162759748142443,0.027446562554521603,0.0025962928378845574,0.0025825695566072965
2004-05-18,-0.38025197113090325,-0.38025197113090325,-0.17430462260150503,0.011544874459062021,-0.0016076682990639182,-0.0016134407362934492
2004-05-19,-0.4060294503741974,-0.4060294503741974,-0.3671751172329035,0.1928704946313985,0.00020334285587656024,0.00010690760856086099
2004-05-20,-0.5246432728656483,-0.5246432728656483,-0.38025197113090325,0.01307685389799973,0.0030555539331718205,0.0030490155062228206
2004-05-21,-0.5984717753303291,-0.5984717753303291,-0.4060294503741974,0.025777479243294155,0.0003402861385446227,0.0003273973989229756
2004-05-24,-0.7323145168868861,-0.7323145168868861,-0.5246432728656483,0.11861382249145086,0.006013310755725317,0.005954003844479592
2004-05-25,-0.7600525535710758,-0.7600525535710758,-0.5984717753303291,0.07382850246468087,-0.0015230392927041794,-0.0015599535439365197
2004-05-26,-0.8400350357140507,-0.8400350357140507,-0.7323145168868861,0.13384274155655695,0.021690464569789188,0.02162354319901091
2004-05-27,-0.7313224999241588,-0.7313224999241588,-0.7600525535710758,0.027738036684189726,-0.01502398357657667,-0.015037852594918764
2004-05-28,-0.7678714093732801,-0.7678714093732801,-0.8400350357140507,0.07998248214297488,0.01197295051235546,0.011932959271283973
2004-06-01,-0.7230797939735534,-0.7230797939735534,-0.7313224999241588,0.10871253578989193,-0.006132953837380092,-0.006187310105275038
2004-06-02,-0.6336848928193465,-0.6336848928193465,-0.7678714093732801,0.03654890944912137,-0.006826638823245939,-0.006844913277970499
2004-06-03,-0.5943401148205212,-0.5943401148205212,-0.7230797939735534,0.04479161539972676,0.005138282513420555,0.005115886705720692
2004-06-04,-0.5651309001894274,-0.5651309001894274,-0.6336848928193465,0.0893949011542069,-0.000544128598129746,-0.0005888260487068494
2004-06-07,-0.46552468196232577,-0.46552468196232577,-0.5943401148205212,0.0393447779988253,-0.008160293333464899,-0.008179965722464311
2004-06-08,-0.3815459230559767,-0.3815459230559767,-0.5651309001894274,0.029209214631093827,-0.0017540955969805592,-0.001768700204296106
2004-06-09,-0.28513128593132175,-0.28513128593132175,-0.46552468196232577,0.09960621822710158,-0.00405946460742559,-0.004109267716539141
2004-06-10,-0.17820242682077536,-0.17820242682077536,-0.3815459230559767,0.0839787589063491,-0.004256191854192176,-0.00429818123364535
2004-06-14,-0.12479136350938395,-0.12479136350938395,-0.28513128593132175,0.09641463712465492,0.001966159031658268,0.0019179517130959404
2004-06-15,-0.0889126619657577,-0.0889126619657577,-0.17820242682077536,0.10692885911054639,0.00034633871689183774,0.0002928742873365645
2004-06-16,-0.07494328952757552,-0.07494328952757552,-0.12479136350938395,0.05341106331139141,0.000694379334011586,0.0006676738023558903
2004-06-17,-0.0594641803438184,-0.0594641803438184,-0.0889126619657577,0.035878701543626254,-0.0003482491498036016,-0.00036618850057541476
2004-06-18,-0.037335769400260996,-0.037335769400260996,-0.07494328952757552,0.013969372438182179,-0.0006057254569605237,-0.0006127101431796148
2004-06-21,-0.04832810636107513,-0.04832810636107513,-0.0594641803438184,0.015479109183757118,0.0007233500397695526,0.000715610485177674
2004-06-22,-0.08340067733565226,-0.08340067733565226,-0.037335769400260996,0.022128410943557407,0.00037619338265789065,0.0003651291771861119
2004-06-23,-0.09957816584631587,-0.09957816584631587,-0.04832810636107513,0.010992336960814135,-0.00010930590961095528,-0.00011480207809136235
2004-06-24,-0.09899787982874912,-0.09899787982874912,-0.08340067733565226,0.03507257097457713,-0.00016467399614863176,-0.00018221028163592032
2004-06-25,-0.07882856502343694,-0.07882856502343694,-0.09957816584631587,0.016177488510663612,-0.0007008674833835289,-0.0007089562276388607
2004-06-28,-0.05776836790007716,-0.05776836790007716,-0.09899787982874912,0.0005802860175667529,-0.0005258828775779361,-0.0005261730205867195
2004-06-29,-0.040862003790256105,-0.040862003790256105,-0.07882856502343694,0.020169314805312186,-0.0001753288591614779,-0.000185413516564134
2004-06-30,-0.02425138624781391,-0.02425138624781391,-0.05776836790007716,0.021060197123359777,-0.00024045602024575988,-0.00025098611880743977
2004-07-01,-0.018154936527744556,-0.018154936527744556,-0.040862003790256105,0.016906364109821055,0.00015806389813323186,0.00014961071607832134
2004-07-02,-0.013081605980327388,-0.013081605980327388,-0.02425138624781391,0.016610617542442193,-1.3448423267009933e-05,-2.175373203823103e-05
2004-07-06,-0.00906851226179117,-0.00906851226179117,-0.018154936527744556,0.006096449720069355,5.031051604522117e-06,1.98282674448744e-06
2004-07-07,-0.0052472241087604,-0.0052472241087604,-0.013081605980327388,0.005073330547417168,-0.00014483934059462522,-0.0001473760058683338
2004-07-08,-0.01423815691435852,-0.01423815691435852,-0.00906851226179117,0.004013093718536219,0.00014833532351739623,0.00014632877665812812
2004-07-09,-0.02276239135255645,-0.02276239135255645,-0.0052472241087604,0.0038212881530307694,5.914510641141434e-06,4.00386656462605e-06
2004-07-12,-0.013617675014945766,-0.013617675014945766,-0.01423815691435852,0.00899093280559812,-0.0001245415651963086,-0.00012903703159910767
2004-07-13,-0.027643770097974654,-0.027643770097974654,-0.02276239135255645,0.00852423443819793,0.0002228484155914346,0.00021858629837233563
2004-07-14,-0.055947951537980614,-0.055947951537980614,-0.013617675014945766,0.009144716337610683,9.232472352909599e-05,8.775236536029064e-05
2004-07-15,-0.11615774898580042,-0.11615774898580042,-0.027643770097974654,0.014026095083028888,0.0002751821137836793,0.00026816906624216487
2004-07-16,-0.19358006090931373,-0.19358006090931373,-0.055947951537980614,0.02830418144000596,0.0003375176722386264,0.0003233655815186234
2004-07-19,-0.27392630926037054,-0.27392630926037054,-0.11615774898580042,0.060209797447819804,0.00040284400426279505,0.00037273910553888516
2004-07-20,-0.28390922250186434,-0.28390922250186434,-0.19358006090931373,0.07742231192351332,-0.0014036424092768798,-0.0014423535652386364
2004-07-21,-0.4657532186750054,-0.4657532186750054,-0.27392630926037054,0.0803462483510568,0.004732487604877035,0.004692314480701507
2004-07-22,-0.4385506919156779,-0.4385506919156779,-0.28390922250186434,0.009982913241493807,-0.0039928201015314675,-0.003997811558152214
2004-07-23,-0.3343900266028244,-0.3343900266028244,-0.4657532186750054,0.18184399617314106,-0.009554722933518854,-0.009645644931605425
2004-07-26,-0.11818367713761256,-0.11818367713761256,-0.4385506919156779,0.027202526759327494,-0.014651353940458332,-0.014664955203837995
2004-07-27,0.2545442152415916,0.2545442152415916,-0.3343900266028244,0.1041606653128535,-0.012459619173876509,-0.012511699506532935
2004-07-28,0.5030294768277277,0.5030294768277277,-0.11818367713761256,0.21620634946521183,-0.0026220922733596087,-0.0027301954480922147
2004-07-29,0.6686863178851519,0.6686863178851519,0.2545442152415916,0.3727278923792042,0.0011181962152975553,0.0009318322691079532
2004-07-30,0.7056150265494807,0.7056150265494807,0.5030294768277277,0.2484852615861361,-0.004270644863878987,-0.004394887494672055
2004-08-02,0.7626931244795341,0.7626931244795341,0.6686863178851519,0.16565684105742418,0.0027759663513375644,0.0026931379308088523
2004-08-03,0.8417954163196895,0.8417954163196895,0.7056150265494807,0.036928708664328846,0.006198907699404051,0.006180443345071887
2004-08-04,0.8945302775464596,0.8945302775464596,0.7626931244795341,0.05707809793005336,0.0025398649300687436,0.002511325881103717
2004-08-05,0.8218860897957592,0.8218860897957592,0.8417954163196895,0.07910229184015538,-0.01138998554627991,-0.011429536692199987
2004-08-06,0.7312728681673657,0.7312728681673657,0.8945302775464596,0.05273486122677018,-0.006713051611071375,-0.006739419041684761
2004-08-09,0.6559249363045815,0.6559249363045815,0.8218860897957592,0.07264418775070047,-0.0002145827769408528,-0.00025090487081620304
2004-08-10,0.7413931422960023,0.7413931422960023,0.7312728681673657,0.09061322162839347,0.01430497616310502,0.014259669552290823
2004-08-11,0.8275954281973349,0.8275954281973349,0.6559249363045815,0.07534793186278421,0.005201724151839952,0.005164050185908559
2004-08-12,0.7550173995023038,0.7550173995023038,0.7413931422960023,0.0854682059914208,-0.007526915419455442,-0.007569649522451152
2004-08-13,0.7188557764055882,0.7188557764055882,0.8275954281973349,0.08620228590133261,0.0014853022900157323,0.001442201147065066
2004-08-16,0.7210652692911446,0.7210652692911446,0.7550173995023038,0.07257802869503105,0.0017396009639790446,0.0017033119496315291
2004-08-17,0.6558556183903236,0.6558556183903236,0.7188557764055882,0.03616162309671567,-0.004405604413434305,-0.004423685224982663
2004-08-18,0.6694117614967287,0.6694117614967287,0.7210652692911446,0.0022094928855563856,0.003889947928009364,0.003888843181566586
2004-08-19,0.707471664453593,0.707471664453593,0.6558556183903236,0.06520965090082098,0.0020116197950956244,0.001979014969645214
2004-08-20,0.8049811096357287,0.8049811096357287,0.6694117614967287,0.013556143106405072,0.0059691065740232075,0.005962328502470005
2004-08-23,0.807292443187605,0.807292443187605,0.707471664453593,0.038059902956864344,-0.002501068463306936,-0.0025200984147853685
2004-08-24,0.7040347515242643,0.7040347515242643,0.8049811096357287,0.09750944518213567,-0.003467856768112397,-0.003516611490703465
2004-08-25,0.5844756804170199,0.5844756804170199,0.807292443187605,0.0023113335518762934,-0.002465816716920927,-0.0024669723836968655
2004-08-26,0.43996975777524033,0.43996975777524033,0.7040347515242643,0.10325769166334064,-0.002875703812184008,-0.0029273326580156783
2004-08-27,0.3363614099185305,0.3363614099185305,0.5844756804170199,0.1195590711072444,-0.0007491561691375752,-0.0008089357046911974
2004-08-30,0.2773277127693708,0.2773277127693708,0.43996975777524033,0.14450592264177958,0.0007905805292679601,0.0007183275679470704
2004-08-31,0.28283484487450095,0.28283484487450095,0.3363614099185305,0.10360834785670986,0.001895920995761762,0.0018441168218334071
2004-09-01,0.42556608764430637,0.42556608764430637,0.2773277127693708,0.05903369714915968,0.0017664897713609413,0.0017369729227863615
2004-09-02,0.6170440584295376,0.6170440584295376,0.28283484487450095,0.0055071321051301525,0.0032220464040487646,0.0032192928379961997
2004-09-03,0.744696038953025,0.744696038953025,0.42556608764430637,0.14273124276980542,0.0011717620176268872,0.0011003963962419845
2004-09-07,0.8297973593020167,0.8297973593020167,0.6170440584295376,0.1914779707852312,0.005237122807595169,0.005141383822202554
2004-09-08,0.8865315728680112,0.8865315728680112,0.744696038953025,0.12765198052348747,0.00036870749066449495,0.0003048815004027512
2004-09-09,0.8257576139901441,0.8257576139901441,0.8297973593020167,0.08510132034899165,-0.0026687846195219125,-0.0027113352796964084
2004-09-10,0.806187252138004,0.806187252138004,0.8865315728680112,0.05673421356599451,0.0011002896962396679,0.0010719225894566706
2004-09-13,0.870791501425336,0.870791501425336,0.8257576139901441,0.060773958877867074,0.004298791805258826,0.0042684048258198925
2004-09-14,0.9138610009502242,0.9138610009502242,0.806187252138004,0.019570361852140117,0.005169203227013053,0.005159418046086983
2004-09-15,0.7534977260368385,0.7534977260368385,0.870791501425336,0.064604249287332,-0.01835090106309102,-0.018383203187734686
2004-09-16,0.6828616788125841,0.6828616788125841,0.9138610009502242,0.043069499524888144,0.005261749598330662,0.005240214848568218
2004-09-17,0.7158298246103281,0.7158298246103281,0.7534977260368385,0.16036327491338564,0.007313534184946349,0.007233352547489656
2004-09-20,0.6643574126157421,0.6643574126157421,0.6828616788125841,0.07063604722425443,-0.006396128371248983,-0.00643144639486111
2004-09-21,0.7039149802151492,0.7039149802151492,0.7158298246103281,0.032968145797743986,0.006412232729404388,0.006395748656505516
2004-09-22,0.7075649075550222,0.7075649075550222,0.6643574126157421,0.051472411994585965,-0.0016385702458684166,-0.0016643064518657095
2004-09-23,0.6545351805915185,0.6545351805915185,0.7039149802151492,0.039557567599407095,-0.005394447168257564,-0.005414225952057268
2004-09-24,0.6499855781479906,0.6499855781479906,0.7075649075550222,0.003649927339873016,0.00299677787648411,0.0029949529128141736
2004-09-27,0.5767859298149267,0.5767859298149267,0.6545351805915185,0.05302972696350372,-0.008281514940963478,-0.008308029804445229
2004-09-28,0.5306942291290868,0.5306942291290868,0.6499855781479906,0.004549602443527867,0.0009797876221946055,0.0009775128209728416
2004-09-29,0.444839452298913,0.444839452298913,0.5767859298149267,0.07319964833306392,-0.0011577213939476566,-0.0011943212181141885
2004-09-30,0.3572355677463271,0.3572355677463271,0.5306942291290868,0.0460917006858399,-0.005336135720282942,-0.005359181570625862
2004-10-01,0.3947646334260583,0.3947646334260583,0.444839452298913,0.08585477683017384,0.007455533311049618,0.0074126059226345305
2004-10-04,0.5965097556173722,0.5965097556173722,0.3572355677463271,0.08760388455258589,0.007851149190105584,0.007807347247829291
2004-10-05,0.7310065037449148,0.7310065037449148,0.3947646334260583,0.03752906567973119,0.0025084683915678548,0.002489703858727989
2004-10-06,0.82067100249661,0.82067100249661,0.5965097556173722,0.2017451221913139,0.010015929618634086,0.00991505705753843
2004-10-07,0.8109036209089246,0.8109036209089246,0.7310065037449148,0.13449674812754264,-0.006520171376004502,-0.006587419750068273
2004-10-08,0.7540859697348492,0.7540859697348492,0.82067100249661,0.08966449875169513,-0.007585942864126164,-0.007630775113502012
2004-10-11,0.7232434513896724,0.7232434513896724,0.8109036209089246,0.009767381587685309,0.002388839750388473,0.0023839560595946305
2004-10-12,0.7867174185642556,0.7867174185642556,0.7540859697348492,0.056817651174075445,0.009045645846397358,0.00901723702081032
2004-10-13,0.7826404658615767,0.7826404658615767,0.7232434513896724,0.030842518345176817,-0.004723780196466085,-0.004739201455638674
2004-10-14,0.7287319204379991,0.7287319204379991,0.7867174185642556,0.0634739671745832,-0.005746719655748342,-0.0057784566393356334
2004-10-15,0.6895891802199413,0.6895891802199413,0.7826404658615767,0.004076952702678938,0.0019198958885255568,0.0019178574121742173
2004-10-18,0.6057476606531649,0.6057476606531649,0.7287319204379991,0.05390854542357759,-0.000713311294373946,-0.0007402655670857349
2004-10-19,0.46417974703923015,0.46417974703923015,0.6895891802199413,0.03914274021805775,-0.008782521621860346,-0.008802092991969376
2004-10-20,0.3259958313431442,0.3259958313431442,0.6057476606531649,0.08384151956677643,-0.004057367128789441,-0.004099287888572829
2004-10-21,0.22201699771309374,0.22201699771309374,0.46417974703923015,0.14156791361393473,-0.002898094637300821,-0.0029688785941077885
2004-10-22,0.08670599698848114,0.08670599698848114,0.3259958313431442,0.13818391569608596,-0.006718257868197123,-0.006787349826045166
2004-10-25,-0.01117887945741268,-0.01117887945741268,0.22201699771309374,0.10397883363005045,-0.0005126696927075103,-0.0005646591095225355
2004-10-26,-0.04313261065985036,-0.04313261065985036,0.08670599698848114,0.1353110007246126,0.000267595204819984,0.00019993970445767768
2004-10-27,-0.04883601473288081,-0.04883601473288081,-0.01117887945741268,0.09788487644589382,-0.00011465239061322609,-0.000163594828836173
2004-10-28,-0.054100391719678134,-0.054100391719678134,-0.04313261065985036,0.03195373120243768,2.188696096127696e-05,5.910095360058123e-06
2004-10-29,-0.08020980454936472,-0.08020980454936472,-0.04883601473288081,0.005703404073030452,0.0003472430286484382,0.00034439132661192294
2004-11-01,-0.022613460202554007,-0.022613460202554007,-0.054100391719678134,0.005264376986797326,-0.0012176281337569698,-0.0012202603222503685
2004-11-02,-0.014045689910924584,-0.014045689910924584,-0.08020980454936472,0.026109412829686582,-4.011071696961912e-05,-5.3165423384462414e-05
2004-11-03,0.07046877854399831,0.07046877854399831,-0.022613460202554007,0.05759634434681071,-0.00031658549953378254,-0.0003453836717071879
2004-11-04,0.23661076374958193,0.23661076374958193,-0.014045689910924584,0.008567770291629423,-0.00018007608388578917,-0.0001843599690316039
2004-11-05,0.2959545870727568,0.2959545870727568,0.07046877854399831,0.0845144684549229,-0.00012010202250228891,-0.00016235925672975036
2004-11-08,0.3559209393012564,0.3559209393012564,0.23661076374958193,0.1661419852055836,0.0005193020007463399,0.00043623100814354804
2004-11-09,0.45690913748367246,0.45690913748367246,0.2959545870727568,0.059343823323174866,0.0012241500292164249,0.0011944781175548375
2004-11-10,0.48723251130869355,0.48723251130869355,0.3559209393012564,0.05996635222849961,-0.0008623648390005269,-0.0008923480151147768
2004-11-11,0.658155007539129,0.658155007539129,0.45690913748367246,0.10098819818241606,0.005215870320761584,0.005165376221670376
2004-11-12,0.7721033383594194,0.7721033383594194,0.48723251130869355,0.030323373825021094,0.00678662985628508,0.006771468169372569
2004-11-15,0.6834664904212572,0.6834664904212572,0.658155007539129,0.17092249623043548,-0.005611653005027072,-0.00569711425314229
2004-11-16,0.5743894646717402,0.5743894646717402,0.7721033383594194,0.11394833082029032,-0.004611491193372866,-0.004668465358783011
2004-11-17,0.45896832908806817,0.45896832908806817,0.6834664904212572,0.08863684793816218,-0.003777804963142871,-0.003822123387111952
2004-11-18,0.38771870696491156,0.38771870696491156,0.5743894646717402,0.10907702574951694,0.0020819259097715234,0.002027387396896765
2004-11-19,0.30320050037354174,0.30320050037354174,0.45896832908806817,0.11542113558367206,-0.004751917913700532,-0.004809628481492368
2004-11-22,0.23631242178011141,0.23631242178011141,0.38771870696491156,0.07124962212315661,-0.0010377173568074736,-0.001073342167869052
2004-11-23,0.18337672816319273,0.18337672816319273,0.30320050037354174,0.08451820659136983,-0.00014786242317825152,-0.00019012152647393643
2004-11-24,0.1429039234788823,0.1429039234788823,0.23631242178011141,0.06688807859343032,-0.0004614944982639105,-0.0004949385375606257
2004-11-26,0.11635604323865917,0.11635604323865917,0.18337672816319273,0.05293569361691869,0.00062782870235422,0.0006013608555457606
2004-11-29,0.08632235327055957,0.08632235327055957,0.1429039234788823,0.040472804684310415,0.0005573156261207676,0.0005370792237786124
2004-11-30,0.06386822244559102,0.06386822244559102,0.11635604323865917,0.026547880240223143,0.0001129999068236953,9.972596670358373e-05
2004-12-01,0.0822438518216119,0.0822438518216119,0.08632235327055957,0.030033689968099603,0.0007746628061685249,0.0007596459611844751
2004-12-02,0.16960350684128425,0.16960350684128425,0.06386822244559102,0.02245413082496854,0.0004912582472477668,0.0004800311818352825
2004-12-03,0.2733794875857459,0.2733794875857459,0.0822438518216119,0.01837562937602087,0.00019623675811299246,0.00018704894342498203
2004-12-06,0.23934933429723418,0.23934933429723418,0.16960350684128425,0.08735965501967236,-0.0003229811896921934,-0.0003666610172020296
2004-12-07,0.1906922663160893,0.1906922663160893,0.2733794875857459,0.10377598074446162,-0.003585060437043553,-0.003636948427415784
2004-12-08,0.15578406688945423,0.15578406688945423,0.23934933429723418,0.034030153288511694,-0.00023134114765147997,-0.0002483562242957358
2004-12-09,0.1284808953781728,0.1284808953781728,0.1906922663160893,0.048657067981144886,-0.0006916678262530114,-0.0007159963602435839
2004-12-10,0.09678289265592499,0.09678289265592499,0.15578406688945423,0.03490819942663506,-0.0015125030227457852,-0.0015299571224591027
2004-12-13,0.1175342520132532,0.1175342520132532,0.1284808953781728,0.02730317151128142,0.0015115827281910305,0.0014979311424353897
2004-12-14,0.11245438584273457,0.11245438584273457,0.09678289265592499,0.03169800272224782,-0.0005627031961616866,-0.0005785521975228106
2004-12-15,0.08451302057370541,0.08451302057370541,0.1175342520132532,0.020751359357328206,-0.0009737666827280726,-0.0009841423624067367
2004-12-16,0.05191677917852459,0.05191677917852459,0.11245438584273457,0.005079866170518629,-0.0008289112166748142,-0.0008314511497600735
2004-12-17,0.060211836966232904,0.060211836966232904,0.08451302057370541,0.027941365269029156,0.0010459738025844773,0.0010320031199499628
2004-12-20,0.05452863673666801,0.05452863673666801,0.05191677917852459,0.032596241395180824,-0.0002030867947837642,-0.0002193849154813546
2004-12-21,0.08565352278202362,0.08565352278202362,0.060211836966232904,0.008295057787708317,0.0006207300202780184,0.0006165824913841642
2004-12-22,0.08534586129311703,0.08534586129311703,0.05452863673666801,0.005683200229564894,-0.00033117571459629534,-0.00033401731471107777
2004-12-23,0.0730699066995649,0.0730699066995649,0.08565352278202362,0.031124886045355613,-0.0003350428481051439,-0.0003506052911278217
2004-12-27,0.054501470754438286,0.054501470754438286,0.08534586129311703,0.0003076614889065965,-0.00029319661900885,-0.0002933504497533033
2004-12-28,0.06062838187006728,0.06062838187006728,0.0730699066995649,0.01227595459355213,0.0005757600611649739,0.0005696220838681979
2004-12-29,0.060197031868818016,0.060197031868818016,0.054501470754438286,0.01856843594512661,-0.00011984673905994268,-0.00012913095703250598
2004-12-30,0.05369967453926875,0.05369967453926875,0.06062838187006728,0.006126911115628991,-8.906921730904901e-05,-9.213267286686351e-05
2004-12-31,0.035507775612904365,0.035507775612904365,0.060197031868818016,0.0004313500012492616,-0.0003985358228166832,-0.00039875149781730786
2005-01-03,0.023013341748684527,0.023013341748684527,0.05369967453926875,0.006497357329549265,-2.651950649962377e-05,-2.9768185164398402e-05
2005-01-04,-0.0035008028969374418,-0.0035008028969374418,0.035507775612904365,0.018191898926364386,-0.00035954995286144954,-0.00036864590232463175
2005-01-05,-0.009472388022465621,-0.009472388022465621,0.023013341748684527,0.012494433864219837,-3.4442592727565346e-05,-4.0689809659675266e-05
2005-01-06,-0.015090171470175412,-0.015090171470175412,-0.0035008028969374418,0.02651414464562197,7.508893319267848e-06,-5.748179003543136e-06
2005-01-07,-0.023476338199220185,-0.023476338199220185,-0.009472388022465621,0.00597158512552818,3.353058925869439e-05,3.05447966959303e-05
2005-01-10,-0.07652274390484684,-0.07652274390484684,-0.015090171470175412,0.005617783447709791,0.00014551001299943473,0.00014270112127557984
2005-01-11,-0.2522997076457762,-0.2522997076457762,-0.023476338199220185,0.008386166729044773,0.00025862331335509196,0.0002544302299905696
2005-01-12,-0.5015331384305175,-0.5015331384305175,-0.07652274390484684,0.05304640570562666,0.0007335212945876192,0.0007069980917348059
2005-01-13,-0.6676887589536784,-0.6676887589536784,-0.2522997076457762,0.17577696374092935,0.007457498344348118,0.007369609862477653
2005-01-14,-0.7784591726357857,-0.7784591726357857,-0.5015331384305175,0.2492334307847413,0.003514936772967822,0.0033903200575754514
2005-01-18,-0.677152603270735,-0.677152603270735,-0.6676887589536784,0.1661556205231609,-0.015224241364416254,-0.015307319174677834
2005-01-19,-0.78476840218049,-0.78476840218049,-0.7784591726357857,0.11077041368210727,0.021279741718748944,0.02122435651190789
2005-01-20,-0.8565122681203268,-0.8565122681203268,-0.677152603270735,0.10130656936505067,0.0070207158788045355,0.00697006259412201
2005-01-21,-0.8540337656056073,-0.8540337656056073,-0.78476840218049,0.10761579890975503,-0.004976343543495163,-0.00503015144295004
2005-01-24,-0.7933828860942154,-0.7933828860942154,-0.8565122681203268,0.07174386593983673,-0.008212949056711803,-0.00824882098968172
2005-01-25,-0.8622552573961437,-0.8622552573961437,-0.8540337656056073,0.002478502514719483,0.019699188091920228,0.01969794884066287
2005-01-26,-0.8161498140585509,-0.8161498140585509,-0.7933828860942154,0.06065087951139192,-0.01146003987262556,-0.011490365312381257
2005-01-27,-0.8774332093723674,-0.8774332093723674,-0.8622552573961437,0.06887237130192836,0.015346982431793665,0.015312546246142702
2005-01-28,-0.918288806248245,-0.918288806248245,-0.8161498140585509,0.04610544333759281,0.004322629283086629,0.004299576561417833
2005-01-31,-0.9455258708321634,-0.9455258708321634,-0.8774332093723674,0.061283395313816436,0.002213890440221831,0.002183248742564923
2005-02-01,-0.9057724361816992,-0.9057724361816992,-0.918288806248245,0.0408555968758777,-0.007482943973863,-0.007503371772300939
2005-02-02,-0.8696363247499523,-0.8696363247499523,-0.9455258708321634,0.02723706458391839,-0.0,-1.3618532291959195e-05
2005-02-03,-0.8396212529477829,-0.8396212529477829,-0.9057724361816992,0.039753434650464214,-0.0005050167359916317,-0.0005248934533168639
2005-02-04,-0.6945839774813063,-0.6945839774813063,-0.8696363247499523,0.03613611143174689,-0.023012016301207232,-0.023030084356923105
2005-02-07,-0.6162856342169587,-0.6162856342169587,-0.8396212529477829,0.030015071802169446,0.004100702212868839,0.004085694676967754
2005-02-08,-0.5755481100549478,-0.5755481100549478,-0.6945839774813063,0.1450372754664766,0.004167203484466498,0.004094684846733259
2005-02-09,-0.6054788125085672,-0.6054788125085672,-0.6162856342169587,0.07829834326434759,0.006593931140288122,0.006554781968655948
2005-02-10,-0.614493731391089,-0.614493731391089,-0.5755481100549478,0.04073752416201093,0.0003194500657843422,0.00029908130370333676
2005-02-11,-0.5703863832785578,-0.5703863832785578,-0.6054788125085672,0.029930702453619396,-0.004535957723290526,-0.004550923074517335
2005-02-14,-0.5617691566998698,-0.5617691566998698,-0.614493731391089,0.009014918882521816,0.002030579067341215,0.002026071607899954
2005-02-15,-0.5408143928235031,-0.5408143928235031,-0.5703863832785578,0.04410734811253114,-0.001103438431978227,-0.0011254921060344927
2005-02-16,-0.5543164451202738,-0.5543164451202738,-0.5617691566998698,0.00861722657868802,0.0021693393437778505,0.0021650307304885066
2005-02-17,-0.675089871493606,-0.675089871493606,-0.5408143928235031,0.020954763876366744,0.0065876424596987455,0.006577165077760562
2005-02-18,-0.783393247662404,-0.783393247662404,-0.5543164451202738,0.013502052296770706,0.00574824000320002,0.005741488977051634
2005-02-22,-0.8106226944600238,-0.8106226944600238,-0.675089871493606,0.12077342637333222,-0.001337867864928191,-0.0013982545781148572
2005-02-23,-0.7555750204649546,-0.7555750204649546,-0.783393247662404,0.10830337616879804,-0.003764212318077985,-0.003818364006162384
2005-02-24,-0.7254580138396887,-0.7254580138396887,-0.8106226944600238,0.02722944679761974,0.001139820415452486,0.001126205692053676
2005-02-25,-0.6001993173947191,-0.6001993173947191,-0.7555750204649546,0.05504767399506916,-0.01489825804611948,-0.014925781883117016
2005-02-28,-0.5499906972674589,-0.5499906972674589,-0.7254580138396887,0.030117006625265952,0.004608951631018469,0.004593893127705836
2005-03-01,-0.4818238776468876,-0.4818238776468876,-0.6001993173947191,0.12525869644496956,-0.004672005296007307,-0.004734634644229792
2005-03-02,-0.4131686086495978,-0.4131686086495978,-0.5499906972674589,0.05020862012726024,-0.0033378901270494734,-0.0033629944371131033
2005-03-03,-0.3670721147549304,-0.3670721147549304,-0.4818238776468876,0.06816681962057125,0.0013211881094450527,0.001287104699634767
2005-03-04,-0.3131342204516363,-0.3131342204516363,-0.4131686086495978,0.0686552689972898,-0.000568077744366373,-0.0006024053788650179
2005-03-07,-0.2476421186848028,-0.2476421186848028,-0.3670721147549304,0.04609649389466741,-0.0009071645324803416,-0.0009302127794276753
2005-03-08,-0.27033921868348076,-0.27033921868348076,-0.3131342204516363,0.0539378943032941,0.0035164960818682067,0.0034895271347165596
2005-03-09,-0.27951160300794076,-0.27951160300794076,-0.2476421186848028,0.06549210176683351,-0.00027437702601054877,-0.00030712307689396555
2005-03-10,-0.28051561243843726,-0.28051561243843726,-0.27033921868348076,0.022697099998677972,-0.00022444251637491116,-0.00023579106637425015
2005-03-11,-0.23056313851729726,-0.23056313851729726,-0.27951160300794076,0.009172384324459992,0.000772743982325302,0.000768157790163072
2005-03-14,-0.18638742809239764,-0.18638742809239764,-0.28051561243843726,0.0010040094304964997,-7.781417046249024e-05,-7.83161751777385e-05
2005-03-15,-0.24003089387735393,-0.24003089387735393,-0.23056313851729726,0.049952473921139995,0.002556100534021218,0.002531124297060648
2005-03-16,-0.4634583296830284,-0.4634583296830284,-0.18638742809239764,0.04417571042489962,0.0017762420561040753,0.0017541542008916256
2005-03-17,-0.642305553122019,-0.642305553122019,-0.24003089387735393,0.053643465784956296,0.0008829711679129128,0.0008561494350204347
2005-03-18,-0.7615370354146793,-0.7615370354146793,-0.4634583296830284,0.22342743580567448,0.0007894976453517657,0.0006777839274489285
2005-03-21,-0.8410246902764529,-0.8410246902764529,-0.642305553122019,0.17884722343899057,0.00365481349620394,0.003565389884484445
2005-03-22,-0.8940164601843019,-0.8940164601843019,-0.7615370354146793,0.11923148229266034,0.010676948884174163,0.010617333143027832
2005-03-23,-0.7576905832729836,-0.7576905832729836,-0.8410246902764529,0.07948765486177356,-0.010982889034806086,-0.011022632862236972
2005-03-24,-0.7060513239011508,-0.7060513239011508,-0.8940164601843019,0.05299176990784904,0.003841442302751909,0.0038149464177979846
2005-03-28,-0.6852532076700828,-0.6852532076700828,-0.7576905832729836,0.13632587691131837,0.0008719211700472594,0.0008037582315916002
2005-03-29,-0.6297528181056912,-0.6297528181056912,-0.7060513239011508,0.05163925937183278,-0.0028471121235512436,-0.00287293175323716
2005-03-30,-0.5190196033104321,-0.5190196033104321,-0.6852532076700828,0.020798116231067976,-0.011204519579496428,-0.011214918637611962
2005-03-31,-0.42143080904467645,-0.42143080904467645,-0.6297528181056912,0.05550038956439163,-0.0012443051594111137,-0.0012720553541933095
2005-04-01,-0.4017127980664601,-0.4017127980664601,-0.5190196033104321,0.1107332147952591,0.004532161527173344,0.004476794919775714
2005-04-04,-0.34100161496215503,-0.34100161496215503,-0.42143080904467645,0.09758879426575562,-0.005508713671215152,-0.00555750806834803
2005-04-05,-0.2837053998676855,-0.2837053998676855,-0.4017127980664601,0.01971801097821635,-0.0013523489599453207,-0.0013622079654344288
2005-04-06,-0.21095725770172657,-0.21095725770172657,-0.34100161496215503,0.060711183104305066,-0.0013979000854140967,-0.0014282556769662491
2005-04-07,-0.1581313972448535,-0.1581313972448535,-0.2837053998676855,0.05729621509446953,0.0007989049274755531,0.0007702568199283184
2005-04-08,-0.14349512551706808,-0.14349512551706808,-0.21095725770172657,0.07274814216595893,0.002025438750271833,0.0019890646791888536
2005-04-11,-0.13998063773678196,-0.13998063773678196,-0.1581313972448535,0.05282586045687307,0.000766547290861123,0.0007401343606326864
2005-04-12,-0.12023810002023447,-0.12023810002023447,-0.14349512551706808,0.014636271727785422,-0.0011923173065603323,-0.001199635442424225
2005-04-13,-0.12009430255552203,-0.12009430255552203,-0.13998063773678196,0.003514487780286124,0.0011535302145077612,0.001151772970617618
2005-04-14,-0.10300274473254692,-0.10300274473254692,-0.12023810002023447,0.019742537716547492,3.448415555633842e-05,2.461288669806467e-05
2005-04-15,-0.3432504093284402,-0.3432504093284402,-0.12009430255552203,0.00014379746471243626,0.0025471476914330536,0.0025470757927006974
2005-04-18,-0.5621669395522935,-0.5621669395522935,-0.10300274473254692,0.017091557822975112,0.0004524287751508498,0.00044388299623936226
2005-04-19,-0.5885367807143131,-0.5885367807143131,-0.3432504093284402,0.24024766459589328,-0.0016153928301669038,-0.0017355166624648504
2005-04-20,-0.7256911871428755,-0.7256911871428755,-0.5621669395522935,0.21891653022385327,0.006253648585076374,0.006144190319964447
2005-04-21,-0.6158481777046045,-0.6158481777046045,-0.5885367807143131,0.02636984116201968,-0.008362651111431831,-0.008375836032012841
2005-04-22,-0.6051228736893925,-0.6051228736893925,-0.7256911871428755,0.13715440642856236,0.004236295808726442,0.00416771860551216
2005-04-25,-0.601765436703088,-0.601765436703088,-0.6158481777046045,0.10984300943827097,-0.0,-5.492150471913548e-05
2005-04-26,-0.615648106442186,-0.615648106442186,-0.6051228736893925,0.01072530401521199,0.001065962484016564,0.001060599832008958
2005-04-27,-0.38708557206337113,-0.38708557206337113,-0.601765436703088,0.0033574369863045295,-0.02159273989296388,-0.02159441861145703
2005-04-28,-0.26336331206710795,-0.26336331206710795,-0.615648106442186,0.01388266973909802,0.0029712795478806808,0.0029643382130111317
2005-04-29,-0.048431914979350926,-0.048431914979350926,-0.38708557206337113,0.2285625343788149,-0.008282521796887725,-0.008396803064077132
2005-05-02,-0.05139809870009222,-0.05139809870009222,-0.26336331206710795,0.12372225999626318,0.006105911163458466,0.006044050033460334
2005-05-03,-0.09890187955316973,-0.09890187955316973,-0.048431914979350926,0.21493139708775702,0.00041547468894131533,0.00030800899039743683
2005-05-04,-0.11084042982295256,-0.11084042982295256,-0.05139809870009222,0.0029661837207412903,-4.445995730580416e-05,-4.594304916617481e-05
2005-05-05,-0.21318223686566198,-0.21318223686566198,-0.09890187955316973,0.047503780853077514,0.0011400490272804255,0.0011162971368538868
2005-05-06,-0.2173425622921344,-0.2173425622921344,-0.11084042982295256,0.011938550269782827,-0.0008402045292146197,-0.0008461738043495111
2005-05-09,-0.22466541056963235,-0.22466541056963235,-0.21318223686566198,0.10234180704270943,0.000123328027373631,7.215712385227627e-05
2005-05-10,-0.2819976331691328,-0.2819976331691328,-0.2173425622921344,0.0041603254264724054,0.0013214368957900609,0.0013193567330768248
2005-05-11,-0.2783466316296219,-0.2783466316296219,-0.22466541056963235,0.007322848277497962,-0.0003271874430581539,-0.0003308488671969029
2005-05-12,-0.2970337369434991,-0.2970337369434991,-0.2819976331691328,0.05733222259950044,0.0007382514072490437,0.0007095852959492935
2005-05-13,-0.3245708559270991,-0.3245708559270991,-0.2783466316296219,0.0036510015395108675,0.001623378026540303,0.0016215525257705474
2005-05-16,-0.23965454286903093,-0.23965454286903093,-0.2970337369434991,0.018687105313877184,-0.0035723793510934443,-0.003581722903750383
2005-05-17,-0.1751873429007095,-0.1751873429007095,-0.3245708559270991,0.027537118983600006,-0.0005644304867782686,-0.0005781990462700687
2005-05-18,-0.12271505286496769,-0.12271505286496769,-0.23965454286903093,0.08491631305806818,-0.0015255276449001145,-0.0015679858014291486
2005-05-19,-0.07877981553260761,-0.07877981553260761,-0.1751873429007095,0.06446719996832143,-0.0014104008845646952,-0.0014426344845488558
2005-05-20,-0.04708141742364291,-0.04708141742364291,-0.12271505286496769,0.05247229003574182,-0.0004900882045234559,-0.0005163243495413267
2005-05-23,-0.019448750561835423,-0.019448750561835423,-0.07877981553260761,0.04393523733236007,-0.00033568163745463346,-0.0003576492561208135
2005-05-24,-0.00800668632536315,-0.00800668632536315,-0.04708141742364291,0.0316983981089647,0.0001997632304639492,0.00018391403140946685
2005-05-25,0.007337284271916401,0.007337284271916401,-0.019448750561835423,0.02763266686180749,-0.00011049685763796228,-0.00012431319106886602
2005-05-26,0.014335773081865628,0.014335773081865628,-0.00800668632536315,0.011442064236472272,1.1308661043690941e-05,5.5876289254548045e-06
2005-05-27,0.014686654177026774,0.014686654177026774,0.007337284271916401,0.01534397059727955,2.2826689382588166e-05,1.5154704083948392e-05
2005-05-31,0.01085392759149501,0.01085392759149501,0.014335773081865628,0.006998488809949227,-3.233542297520713e-05,-3.583466738018174e-05
2005-06-01,0.012382537271531598,0.012382537271531598,0.014686654177026774,0.0003508810951611454,-8.306010041444908e-06,-8.48145058902548e-06
2005-06-02,0.011180396099694612,0.011180396099694612,0.01085392759149501,0.0038327265855317635,-5.83184052650138e-05,-6.023476855777968e-05
2005-06-03,0.008076360778843631,0.008076360778843631,0.012382537271531598,0.001528609680036588,0.0,-7.64304840018294e-07
2005-06-06,0.0056040152059561536,0.0056040152059561536,0.011180396099694612,0.001202141171836986,-4.768346132495339e-05,-4.828453191087188e-05
2005-06-07,0.003809166573640483,0.003809166573640483,0.008076360778843631,0.003104035320850981,4.61161060368725e-06,3.0595929432617593e-06
2005-06-08,0.0025811027514555528,0.0025811027514555528,0.0056040152059561536,0.002472345572887478,4.799887116730176e-06,3.5637143302864373e-06
2005-06-09,0.0017226895534861837,0.0017226895534861837,0.003809166573640483,0.0017948486323156707,-2.8239979296603514e-05,-2.913740361276135e-05
2005-06-10,0.0011578105044683714,0.0011578105044683714,0.0025811027514555528,0.00122806382218493,2.9654062380137605e-06,2.351374326921295e-06
2005-06-13,0.0007792092360388394,0.0007792092360388394,0.0017226895534861837,0.0008584131979693691,2.964742900573886e-06,2.535536301589201e-06
2005-06-14,0.0005840729733087072,0.0005840729733087072,0.0011578105044683714,0.0005648790490178123,3.317020259280354e-06,3.034580734771448e-06
2005-06-15,0.0011326777057605241,0.0011326777057605241,0.0007792092360388394,0.00037860126842953197,3.338521039903274e-06,3.149220405688508e-06
2005-06-16,0.0010321660696283297,0.0010321660696283297,0.0005840729733087072,0.0001951362627301322,-3.65459191663712e-06,-3.752160048002186e-06
2005-06-17,0.001518045926261005,0.001518045926261005,0.0011326777057605241,0.0005486047324518169,2.9180577250098475e-06,2.643755358783939e-06
2005-06-20,0.0023161643292706167,0.0023161643292706167,0.0010321660696283297,0.0001005116361321944,3.2404577720053412e-06,3.190201953939244e-06
2005-06-21,0.0024236452574565586,0.0024236452574565586,0.001518045926261005,0.0004858798566326752,-6.04787812283626e-06,-6.2908180511525976e-06
2005-06-22,0.002692595748183784,0.002692595748183784,0.0023161643292706167,0.0007981184030096118,1.9867093879123733e-06,1.5876501864075673e-06
2005-06-23,0.0014224522439255502,0.0014224522439255502,0.0024236452574565586,0.00010748092818594181,-2.1448425987191192e-05,-2.1502166451284164e-05
2005-06-24,-0.0044126654121131904,-0.0044126654121131904,0.002692595748183784,0.00026895049072722535,-1.9389024221665808e-05,-1.952349946702942e-05
2005-06-27,-0.01099727579282727,-0.01099727579282727,0.0014224522439255502,0.0012701435042582337,-3.713773742574023e-06,-4.34884549470314e-06
2005-06-28,-0.010988535769224178,-0.010988535769224178,-0.0044126654121131904,0.005835117656038741,-3.465499437519741e-05,-3.7572553203216775e-05
2005-06-29,-0.008415287523507769,-0.008415287523507769,-0.01099727579282727,0.0065846103807140795,-2.538704004104761e-05,-2.867934523140465e-05
2005-06-30,-0.011187560205844395,-0.011187560205844395,-0.010988535769224178,8.74002360309184e-06,5.694673751178125e-05,5.6942367499979705e-05
2005-07-01,-0.011868283780038881,-0.011868283780038881,-0.008415287523507769,0.0025732482457164092,-4.872811807235611e-06,-6.159435930093816e-06
2005-07-05,-0.001160165082587909,-0.001160165082587909,-0.011187560205844395,0.0027722726823366257,-0.00011325677829262792,-0.00011464291463379624
2005-07-06,0.0013425569965925743,0.0013425569965925743,-0.011868283780038881,0.0006807235741944865,3.266497759316834e-05,3.23246158060711e-05
2005-07-07,-0.0019916792242910936,-0.0019916792242910936,-0.001160165082587909,0.010708118697450971,3.7072209961385477e-06,-1.6468383525869382e-06
2005-07-08,-0.00048254450183207883,-0.00048254450183207883,0.0013425569965925743,0.002502722079180483,3.5216074055827806e-06,2.270246365992539e-06
2005-07-11,-0.0016575906184281008,-0.0016575906184281008,-0.0019916792242910936,0.003334236220883668,5.790106718035409e-06,4.122988607593575e-06
2005-07-12,-0.00402769128943084,-0.00402769128943084,-0.00048254450183207883,0.0015091347224590148,7.031957386442702e-07,-5.1371622585237215e-08
2005-07-13,0.004144134322567259,0.004144134322567259,-0.0016575906184281008,0.001175046116596022,-1.597019141265872e-05,-1.6557714470956733e-05
2005-07-14,0.026081618549628156,0.026081618549628156,-0.00402769128943084,0.0023701006710027395,-2.5623816319595577e-05,-2.680886665509695e-05
2005-07-15,0.02586173261081316,0.02586173261081316,0.004144134322567259,0.008171825611998099,-1.3098787909626067e-05,-1.7184700715625115e-05
2005-07-18,0.007383083767936418,0.007383083767936418,0.026081618549628156,0.021937484227060898,-0.00024811007931443356,-0.000259078821427964
2005-07-19,0.005729047707544124,0.005729047707544124,0.02586173261081316,0.0002198859388149975,0.00010538094140762423,0.00010527099843821673
2005-07-20,0.002206965212719258,0.002206965212719258,0.007383083767936418,0.01847864884287674,-1.0700751728500117e-05,-1.994007614993849e-05
2005-07-21,-0.030344867426586822,-0.030344867426586822,0.005729047707544124,0.0016540360603922938,-4.489917980447554e-05,-4.572619783467169e-05
2005-07-22,-0.07194024970639905,-0.07194024970639905,0.002206965212719258,0.003522082494824866,-6.466541824654009e-07,-2.4076954298778337e-06
2005-07-25,-0.14251556410584842,-0.14251556410584842,-0.030344867426586822,0.03255183263930608,0.00013321070021108072,0.00011693478389142768
2005-07-26,-0.145155824092151,-0.145155824092151,-0.07194024970639905,0.04159538227981223,-0.00023262876137403836,-0.00025342645251394446
2005-07-27,-0.10955484066876109,-0.10955484066876109,-0.14251556410584842,0.07057531439944938,-0.0007098298565653014,-0.0007451175137650261
2005-07-28,0.006069771530025844,0.006069771530025844,-0.145155824092151,0.0026402599863025733,-0.0015235729960184875,-0.0015248931260116387
2005-07-29,-0.03373445264217276,-0.03373445264217276,-0.10955484066876109,0.03560098342338991,0.0013591615963990515,0.0013413611046873566
2005-08-01,-0.14931538005824943,-0.14931538005824943,0.006069771530025844,0.11562461219878693,-4.43317280453614e-05,-0.00010214403414475486
2005-08-02,-0.2774349964360687,-0.2774349964360687,-0.03373445264217276,0.0398042241721986,9.927701744984484e-05,7.937490536374554e-05
2005-08-03,-0.22892918882420138,-0.22892918882420138,-0.14931538005824943,0.11558092741607667,-0.0014983984565947446,-0.001556188920302783
2005-08-04,-0.4809386403176573,-0.4809386403176573,-0.2774349964360687,0.1281196163778193,0.00421584559065077,0.00415178578246186
2005-08-05,-0.653959093545105,-0.653959093545105,-0.22892918882420138,0.048505807611867346,0.002581397255541029,0.0025571443517350954
2005-08-08,-0.7693060623634034,-0.7693060623634034,-0.4809386403176573,0.25200945149345594,0.0027424470934655516,0.0026164423677188238
2005-08-09,-0.7516566992574303,-0.7516566992574303,-0.653959093545105,0.17302045322744763,-0.0033558099350010696,-0.0034423201616147936
2005-08-10,-0.8217098591918696,-0.8217098591918696,-0.7693060623634034,0.11534696881829842,0.0034655466447826755,0.003407873160373526
2005-08-11,-0.881139906127913,-0.881139906127913,-0.7516566992574303,0.017649363105973093,0.0011335752018321232,0.0011247505202791367
2005-08-12,-0.9207599374186088,-0.9207599374186088,-0.8217098591918696,0.07005315993443928,0.0012411717315542882,0.0012061451515870685
2005-08-15,-0.947173291612406,-0.947173291612406,-0.881139906127913,0.05943004693604348,0.0015994599950522246,0.0015697449715842027
2005-08-16,-0.9007719414911727,-0.9007719414911727,-0.9207599374186088,0.0396200312906958,-0.0027908425126374177,-0.0028106525282827655
2005-08-17,-0.8849911294758201,-0.8849911294758201,-0.947173291612406,0.0264133541937972,0.0011449799489566214,0.0011317732718597229
2005-08-18,-0.9233274196505468,-0.9233274196505468,-0.9007719414911727,0.046401350121233365,0.004361164639900075,0.004337963964839458
2005-08-19,-0.7657369459229272,-0.7657369459229272,-0.8849911294758201,0.01578081201535253,-0.004843723251534092,-0.004851613657541768
2005-08-22,-0.6106480730031907,-0.6106480730031907,-0.9233274196505468,0.03833629017472662,-0.0016750259155013203,-0.0016941940605886836
2005-08-23,-0.4545794711912125,-0.4545794711912125,-0.7657369459229272,0.15759047372761958,-0.002542634366385976,-0.002621429603249786
2005-08-24,-0.636386314127475,-0.636386314127475,-0.6106480730031907,0.1550888729197365,0.008267153393206996,0.008189608956747127
2005-08-25,-0.7575908760849834,-0.7575908760849834,-0.4545794711912125,0.15606860181197818,0.001386114905301497,0.0013080806043955081
2005-08-26,-0.838393917389989,-0.838393917389989,-0.636386314127475,0.18180684293626254,0.0017522458492421121,0.0016613424277739808
2005-08-29,-0.8922626115933261,-0.8922626115933261,-0.7575908760849834,0.1212045619575084,0.004182669361457146,0.004122067080478392
2005-08-30,-0.9281750743955508,-0.9281750743955508,-0.838393917389989,0.0808030413050056,0.001810672659059877,0.001770271138407374
2005-08-31,-0.7735954393842237,-0.7735954393842237,-0.8922626115933261,0.053868694203337064,-0.009929474503372842,-0.00995640885047451
2005-09-01,-0.7012329484330646,-0.7012329484330646,-0.9281750743955508,0.03591246280222471,0.002553749714481832,0.0025357934830807197
2005-09-02,-0.7146143778756521,-0.7146143778756521,-0.7735954393842237,0.1545796350113271,0.003320451422851102,0.0032431616053454388
2005-09-06,-0.5909026679104963,-0.5909026679104963,-0.7012329484330646,0.0723624909511591,-0.009068151439460166,-0.009104332684935745
2005-09-07,-0.5547193538419836,-0.5547193538419836,-0.7146143778756521,0.013381429442587467,0.003692766397707163,0.0036860756829858693
2005-09-08,-0.6205146722552313,-0.6205146722552313,-0.5909026679104963,0.12371170996515579,0.004513673478907048,0.00445181762392447
2005-09-09,-0.5666808817816382,-0.5666808817816382,-0.5547193538419836,0.03618331406851272,-0.004269899434419126,-0.004287991091453383
2005-09-12,-0.5830329270941306,-0.5830329270941306,-0.6205146722552313,0.0657953184132477,0.0026543236866677497,0.002621426027461126
2005-09-13,-0.632766717558237,-0.632766717558237,-0.5666808817816382,0.053833790473593046,0.0015649964774107931,0.0015380795821739966
2005-09-14,-0.650982402006812,-0.650982402006812,-0.5830329270941306,0.016352045312492347,-0.000538260940952315,-0.0005464369636085612
2005-09-15,-0.7358968651742582,-0.7358968651742582,-0.632766717558237,0.04973379046410642,0.0027233144328005607,0.0026984475375685076
2005-09-16,-0.6205227884887579,-0.6205227884887579,-0.650982402006812,0.01821568444857502,-0.008441464963000522,-0.00845057280522481
2005-09-19,-0.6256083239799834,-0.6256083239799834,-0.7358968651742582,0.08491446316744622,0.005158689585052251,0.005116232353468528
2005-09-20,-0.750405549319989,-0.750405549319989,-0.6205227884887579,0.11537407668550037,0.006094536933309643,0.0060368498949668935
2005-09-21,-0.8336036995466594,-0.8336036995466594,-0.6256083239799834,0.00508553549122559,0.006011881650874935,0.006009338883129322
2005-09-22,-0.8890691330311062,-0.8890691330311062,-0.750405549319989,0.12479722534000559,0.00023492652571803518,0.00017252791304803237
2005-09-23,-0.810584144961368,-0.810584144961368,-0.8336036995466594,0.08319815022667032,-0.0057417383860780815,-0.005783337461191417
2005-09-26,-0.8369250998098656,-0.8369250998098656,-0.8890691330311062,0.05546543348444688,0.00442345579877397,0.004395723082031747
2005-09-27,-0.8912833998732439,-0.8912833998732439,-0.810584144961368,0.07848498806973825,0.003799363709109906,0.0037601212150750367
2005-09-28,-0.7390388056662994,-0.7390388056662994,-0.8369250998098656,0.026340954848497633,-0.01471509825881117,-0.014728268736235419
2005-09-29,-0.6109501753751719,-0.6109501753751719,-0.8912833998732439,0.05435830006337827,-0.0032998995281682537,-0.003327078678199943
2005-09-30,-0.4872372576565782,-0.4872372576565782,-0.7390388056662994,0.15224459420694447,-0.0036352470281724165,-0.0037113693252758886
2005-10-03,-0.46219787792591693,-0.46219787792591693,-0.6109501753751719,0.1280886302911275,0.005419745223660863,0.0053557009085153
2005-10-04,-0.48709493360360334,-0.48709493360360334,-0.4872372576565782,0.12371291771859372,0.002707069788641368,0.002645213329782071
2005-10-05,-0.658063289069069,-0.658063289069069,-0.46219787792591693,0.025039379730661282,0.005883953794333506,0.0058714341044681755
2005-10-06,-0.7720421927127127,-0.7720421927127127,-0.48709493360360334,0.024897055677686408,0.004652025350044189,0.004639576822205346
2005-10-07,-0.8480281284751419,-0.8480281284751419,-0.658063289069069,0.17096835546546563,0.010999558381851474,0.01091407420411874
2005-10-10,-0.8986854189834279,-0.8986854189834279,-0.7720421927127127,0.11397890364364371,0.007571545976462139,0.007514556524640318
2005-10-11,-0.932456945988952,-0.932456945988952,-0.8480281284751419,0.07598593576242918,0.009798892012907257,0.009760899045026042
2005-10-12,-0.9549712973259681,-0.9549712973259681,-0.8986854189834279,0.050657290508286046,0.0033019817521531447,0.003276653106899002
2005-10-13,-0.9699808648839787,-0.9699808648839787,-0.932456945988952,0.033771527005524105,0.0009373895150561528,0.0009205037515533908
2005-10-14,-0.920903465446274,-0.920903465446274,-0.9549712973259681,0.02251435133701607,-0.0032051078636379485,-0.0032163650393064566
2005-10-17,-0.9472689769641827,-0.9472689769641827,-0.9699808648839787,0.015009567558010639,0.01622076932266968,0.016213264538890673
2005-10-18,-0.9648459846427886,-0.9648459846427886,-0.920903465446274,0.04907739943770473,0.0015663612193638529,0.0015418225196450004
2005-10-19,-0.954095876616857,-0.954095876616857,-0.9472689769641827,0.02636551151790867,-0.00161395138192635,-0.0016271341376853043
2005-10-20,-0.9693972510779048,-0.9693972510779048,-0.9648459846427886,0.017577007678605927,0.006563905709575577,0.006555117205736274
2005-10-21,-0.8680869803786798,-0.8680869803786798,-0.954095876616857,0.01075010802593157,-0.010455987891582584,-0.01046136294559555
2005-10-24,-0.7122212077491983,-0.7122212077491983,-0.9693972510779048,0.015301374461047734,-0.018718311132071872,-0.018725961819302396
2005-10-25,-0.5654171706436886,-0.5654171706436886,-0.8680869803786798,0.10131027069922494,-0.008654669323609447,-0.008705324458959059
2005-10-26,-0.4451021546854419,-0.4451021546854419,-0.7122212077491983,0.15586577262948154,-0.004687081263086738,-0.004765014149401479
2005-10-27,-0.333021678715441,-0.333021678715441,-0.5654171706436886,0.1468040371055097,-0.003142246043239648,-0.003215648061792403
2005-10-28,-0.13702868940746005,-0.13702868940746005,-0.4451021546854419,0.12031501595824667,-0.013602095148277624,-0.013662252656256748
2005-10-31,-0.03687055868447225,-0.03687055868447225,-0.333021678715441,0.11208047597000087,0.001996036364993852,0.0019399961270088516
2005-11-01,0.012684503972261566,0.012684503972261566,-0.13702868940746005,0.19599298930798098,0.0007393147767450653,0.0006413182820910748
2005-11-02,0.06402934789220854,0.06402934789220854,-0.03687055868447225,0.10015813072298779,-0.0001529489088603917,-0.0002030279742218856
2005-11-03,0.02717122042798443,0.02717122042798443,0.012684503972261566,0.04955506265673382,-0.0002579623024578799,-0.0002827398337862468
2005-11-04,0.011145464858986475,0.011145464858986475,0.06402934789220854,0.05134484391994698,0.00014536737518795815,0.00011969495322798466
2005-11-07,-0.0417761400141495,-0.0417761400141495,0.02717122042798443,0.036858127464224115,-0.00030775498754545685,-0.0003261840512775689
2005-11-08,-0.06260441139712644,-0.06260441139712644,0.011145464858986475,0.016025755568997956,4.012548863679623e-05,3.2112610852297246e-05
2005-11-09,-0.054106840337756625,-0.054106840337756625,-0.0417761400141495,0.05292160487313597,-0.0002588919538474805,-0.0002853527562840485
2005-11-10,-0.01521340654175286,-0.01521340654175286,-0.06260441139712644,0.020828271382976944,-0.0005885040536878553,-0.0005989181893793437
2005-11-11,0.02265467842803387,0.02265467842803387,-0.054106840337756625,0.008497571059369817,-0.0004517662039350242,-0.0004560149894647091
2005-11-14,0.044713873653445674,0.044713873653445674,-0.01521340654175286,0.03889343379600377,1.4535156015639119e-05,-4.911560882362764e-06
2005-11-15,0.01814117034169822,0.01814117034169822,0.02265467842803387,0.03786808496978673,-0.00039719636044327944,-0.00041613040292817283
2005-11-16,0.041683383115504256,0.041683383115504256,0.044713873653445674,0.022059195225411804,0.0004062230084300218,0.0003951934108173159
2005-11-17,0.12556201660710173,0.12556201660710173,0.01814117034169822,0.026572703311747454,0.0003499917428559064,0.0003367053912000327
2005-11-18,0.1819600290622757,0.1819600290622757,0.041683383115504256,0.023542212773806036,0.0,-1.1771106386903018e-05
2005-11-21,0.216314999007623,0.216314999007623,0.12556201660710173,0.08387863349159747,0.0002771818364899349,0.0002352425197441362
2005-11-22,0.25756822071744806,0.25756822071744806,0.1819600290622757,0.05639801245517398,0.00057283244982389,0.000544633443596303
2005-11-23,0.28214885588286104,0.28214885588286104,0.216314999007623,0.034354969945347286,-0.0001357279542005692,-0.00015290543917324286
2005-11-25,0.3238178637689554,0.3238178637689554,0.25756822071744806,0.041253221709825066,0.0010513028283498584,0.0010306762174949458
2005-11-28,0.40608563961434196,0.40608563961434196,0.28214885588286104,0.02458063516541298,0.0017644582249871814,0.001752167907404475
2005-11-29,0.4512145757514092,0.4512145757514092,0.3238178637689554,0.041669007886094345,-0.00030182034116493214,-0.00032265484510797933
2005-11-30,0.40237252095313036,0.40237252095313036,0.40608563961434196,0.08226777584538658,-0.0021472339562326787,-0.002188367844155372
2005-12-01,0.4186622219856758,0.4186622219856758,0.4512145757514092,0.045128936137067255,0.0022574922926937558,0.002234927824625222
2005-12-02,0.30109148603268043,0.30109148603268043,0.40237252095313036,0.048842054798278856,-0.003380280877426453,-0.0034047019048255925
2005-12-05,0.21686444672553495,0.21686444672553495,0.4186622219856758,0.016289701032545456,-0.002101858007103554,-0.002110002857619827
2005-12-06,0.16196418217564695,0.16196418217564695,0.30109148603268043,0.11757073595299539,0.0002848266020987896,0.00022604123412229193
2005-12-07,0.11929499565738973,0.11929499565738973,0.21686444672553495,0.08422703930714548,-0.0019814832074119804,-0.002023596727065553
2005-12-08,0.08682559339854018,0.08682559339854018,0.16196418217564695,0.054900264549888,-0.0011329021902139454,-0.0011603523224888895
2005-12-09,0.060897310636884604,0.060897310636884604,0.11929499565738973,0.04266918651825723,-0.0005730437136317677,-0.0005943783068908963
2005-12-12,0.04069858890437312,0.04069858890437312,0.08682559339854018,0.03246940225884955,-0.001005628638153672,-0.0010218633392830969
2005-12-13,0.027248527654208158,0.027248527654208158,0.060897310636884604,0.025928282761655576,0.0,-1.2964141380827787e-05
2005-12-14,0.01708596109201433,0.01708596109201433,0.04069858890437312,0.020198721732511485,-0.00023848952763080047,-0.0002485888884970562
2005-12-15,0.011115504669091152,0.011115504669091152,0.027248527654208158,0.013450061250164961,6.246419238522085e-05,5.573916176013837e-05
2005-12-16,0.006922044177806628,0.006922044177806628,0.01708596109201433,0.010162566562193828,-6.698728432431203e-05,-7.206856760540895e-05
2005-12-19,0.003863926841723115,0.003863926841723115,0.011115504669091152,0.005970456422923178,1.0939159882640447e-05,7.953931671178858e-06
2005-12-20,0.0019421107755030161,0.0019421107755030161,0.006922044177806628,0.004193460491284524,4.534689540845309e-06,2.437959295203047e-06
2005-12-21,0.0009874368266501266,0.0009874368266501266,0.003863926841723115,0.0030581173360835134,1.0120485627268004e-05,8.591426959226247e-06
2005-12-22,0.0006088741307447845,0.0006088741307447845,0.0019421107755030161,0.0019218160662200989,4.4404405461151425e-06,3.479532513005093e-06
2005-12-23,-0.001024629585515464,-0.001024629585515464,0.0009874368266501266,0.0009546739488528896,-6.75658201366362e-06,-7.233918988090065e-06
2005-12-27,-0.0007352141610254217,-0.0007352141610254217,0.0006088741307447845,0.00037856269590534207,-7.988657492300023e-07,-9.881470971826734e-07
2005-12-28,-0.0009633145588682799,-0.0009633145588682799,-0.001024629585515464,0.0016335037162602485,6.395749946454314e-06,5.578998088324189e-06
2005-12-29,-0.000832899205264925,-0.000832899205264925,-0.0007352141610254217,0.0002894154244900423,-4.859439961213944e-07,-6.306517083664155e-07
2005-12-30,-0.0010517305351778865,-0.0010517305351778865,-0.0009633145588682799,0.00022810039784285823,4.773531159116503e-06,4.659480960195074e-06
2006-01-03,-0.002457608687443668,-0.002457608687443668,-0.000832899205264925,0.00013041535360335497,-7.189814179472932e-06,-7.2550218562746094e-06
2006-01-04,0.06626749192155071,0.06626749192155071,-0.0010517305351778865,0.00021883132991296148,-3.081096795087571e-05,-3.092038361583219e-05
2006-01-05,0.18001464881598284,0.18001464881598284,-0.002457608687443668,0.0014058781522657815,-2.829365299001623e-05,-2.899659206614912e-05
2006-01-06,0.2890347513404756,0.2890347513404756,0.06626749192155071,0.06872510060899438,0.0002652835326842213,0.00023092098237972408
2006-01-09,0.401500568944728,0.401500568944728,0.18001464881598284,0.11374715689443213,0.0007464403342628959,0.0006895667558156799
2006-01-10,0.5200684890722735,0.5200684890722735,0.2890347513404756,0.10902010252449279,0.0011936885891889052,0.0011391785379266588
2006-01-11,0.6800456593815157,0.6800456593815157,0.401500568944728,0.1124658176042524,0.004826511463134505,0.004770278554332379
2006-01-12,0.7866971062543439,0.7866971062543439,0.5200684890722735,0.11856792012754552,0.001951027070675532,0.0018917431106117593
2006-01-13,0.8577980708362294,0.8577980708362294,0.6800456593815157,0.1599771703092422,0.0014824749704658085,0.0014024863853111874
2006-01-17,0.7082346760928843,0.7082346760928843,0.7866971062543439,0.10665144687282813,-0.017112929053395298,-0.017166254776831712
2006-01-18,0.5442468406705615,0.5442468406705615,0.8577980708362294,0.07110096458188553,-0.008992159022219207,-0.009027709504510149
2006-01-19,0.42777357336045685,0.42777357336045685,0.7082346760928843,0.14956339474334512,0.006138674189755103,0.0060638924923834304
2006-01-20,0.2860760398233818,0.2860760398233818,0.5442468406705615,0.16398783542232276,-0.008314243294915152,-0.008396237212626313
2006-01-23,0.19929381129668539,0.19929381129668539,0.42777357336045685,0.11647326731010466,0.0008295805232130143,0.000771343889557962
2006-01-24,0.12744394403125364,0.12744394403125364,0.2860760398233818,0.14169753353707504,-0.0010152293125753908,-0.0010860780793439282
2006-01-25,0.1540591325143954,0.1540591325143954,0.19929381129668539,0.08678222852669643,0.00316148220223988,0.003118091087976532
2006-01-26,0.24209818663248778,0.24209818663248778,0.12744394403125364,0.07184986726543174,0.0012183694787169291,0.0011824445450842132
2006-01-27,0.47410389406915276,0.47410389406915276,0.1540591325143954,0.02661518848314176,0.0022368671259398914,0.0022235595316983203
2006-01-30,0.5291284330496273,0.5291284330496273,0.24209818663248778,0.08803905411809237,-0.001807678649070593,-0.001851698176129639
2006-01-31,0.4764081577353746,0.4764081577353746,0.47410389406915276,0.232005707436665,-0.0035669020013334414,-0.003682904855051774
2006-02-01,0.47810673569419704,0.47810673569419704,0.5291284330496273,0.05502453898047455,0.0023397518102746865,0.002312239540784449
2006-02-02,0.4138666836373619,0.4138666836373619,0.4764081577353746,0.05272027531425272,-0.0038950857417746816,-0.003921445879431808
2006-02-03,0.3690243843341706,0.3690243843341706,0.47810673569419704,0.0016985779588224448,0.0010610912877249622,0.001060241998745551
2006-02-06,0.3281373529530782,0.3281373529530782,0.4138666836373619,0.06424005205683514,-0.000785798002964397,-0.0008179180289928146
2006-02-07,0.2906031862411966,0.2906031862411966,0.3690243843341706,0.04484229930319128,-0.0005847424531022966,-0.0006071636027538922
2006-02-08,0.5270687908274644,0.5270687908274644,0.3281373529530782,0.0408870313810924,0.011354662229339592,0.011334218713649046
2006-02-09,0.6847125272183097,0.6847125272183097,0.2906031862411966,0.037534166711881645,0.0006243096530804452,0.0006055425697245044
2006-02-10,0.7898083514788732,0.7898083514788732,0.5270687908274644,0.2364656045862678,0.008391425029882452,0.008273192227589318
2006-02-13,0.7791708712344878,0.7791708712344878,0.6847125272183097,0.15764373639084528,-0.004952743790109855,-0.0050315656583052775
2006-02-14,0.852780580822992,0.852780580822992,0.7898083514788732,0.10509582426056352,0.013907084211386278,0.013854536299255997
2006-02-15,0.9018537205486614,0.9018537205486614,0.7791708712344878,0.010637480244385378,0.014644319705597113,0.01463900096547492
2006-02-16,0.9345691470324411,0.9345691470324411,0.852780580822992,0.07360970958850421,0.009988223143660694,0.009951418288866441
2006-02-17,0.9563794313549607,0.9563794313549607,0.9018537205486614,0.0490731397256694,0.0060036229274585745,0.00597908635759574
2006-02-21,0.8782387772545698,0.8782387772545698,0.9345691470324411,0.032715426483779675,-0.011553932204011623,-0.011570289917253512
2006-02-22,0.7719849152267421,0.7719849152267421,0.9563794313549607,0.021810284322519635,-0.010023503559928343,-0.010034408702089603
2006-02-23,0.6669252762626284,0.6669252762626284,0.8782387772545698,0.07814065410039095,-0.0018087145970811548,-0.0018477849241313503
2006-02-24,0.5841600666860215,0.5841600666860215,0.7719849152267421,0.10625386202782772,-0.0025035102359478555,-0.002556637166961769
2006-02-27,0.5574946351900164,0.5574946351900164,0.6669252762626284,0.10505963896411363,0.004931626304399155,0.004879096484917098
2006-02-28,0.4930005604192851,0.4930005604192851,0.5841600666860215,0.08276520957660694,-0.006174208652359605,-0.006215591257147908
2006-03-01,0.5181333872042174,0.5181333872042174,0.5574946351900164,0.026665431496005088,0.008271070304639442,0.00825773758889144
2006-03-02,0.4828017425543378,0.4828017425543378,0.4930005604192851,0.06449407477073132,-0.002883033438439271,-0.0029152804758246368
2006-03-03,0.4012492161477831,0.4012492161477831,0.5181333872042174,0.02513282678493234,-0.006400210678994933,-0.0064127770923873995
2006-03-06,0.35884829671401175,0.35884829671401175,0.4828017425543378,0.035331644649879645,0.0021565628676229326,0.0021388970452979926
2006-03-07,0.3027081618651569,0.3027081618651569,0.4012492161477831,0.08155252640655469,-0.002617231797263638,-0.0026580080604669157
2006-03-08,0.25375113393399434,0.25375113393399434,0.35884829671401175,0.042400919433771334,-0.0007495942704953969,-0.0007707947302122826
2006-03-09,0.23532930157004817,0.23532930157004817,0.3027081618651569,0.05614013484885483,0.0012674600403723762,0.0012393899729479488
2006-03-10,0.33266578727219553,0.33266578727219553,0.25375113393399434,0.04895702793116258,0.004609468373594193,0.004584989859628612
2006-03-13,0.42155893141191303,0.42155893141191303,0.23532930157004817,0.018421832363946178,0.0008947919620981671,0.000885581045916194
2006-03-14,0.4867347364498527,0.4867347364498527,0.33266578727219553,0.09733648570214737,0.0006785010793211529,0.0006298328364700793
2006-03-15,0.5113866536113477,0.5113866536113477,0.42155893141191303,0.0888931441397175,0.0,-4.444657206985875e-05
2006-03-16,0.5625679499412412,0.5625679499412412,0.4867347364498527,0.06517580503793968,0.0018400763461723557,0.0018074884436533858
2006-03-17,0.5284285927260437,0.5284285927260437,0.5113866536113477,0.024651917161495007,-0.0016298022400469856,-0.001642128198627733
2006-03-20,0.46831660141352544,0.46831660141352544,0.5625679499412412,0.05118129632989343,-0.003106145136220046,-0.003131735784384993
2006-03-21,0.44230070548844214,0.44230070548844214,0.5284285927260437,0.03413935721519745,0.0020075749754710566,0.001990505296863458
2006-03-22,0.6282004703256281,0.6282004703256281,0.46831660141352544,0.060111991312518265,0.006271490928836901,0.006241434933180642
2006-03-23,0.701327530960967,0.701327530960967,0.44230070548844214,0.0260158959250833,-0.0011436849011671533,-0.001156692849129695
2006-03-24,0.8008850206406447,0.8008850206406447,0.6282004703256281,0.18589976483718595,0.004523521358278127,0.0044305714758595335
2006-03-27,0.831724722719148,0.831724722719148,0.701327530960967,0.07312706063533891,-0.0008026163608110305,-0.0008391798911286999
2006-03-28,0.7016618313589978,0.7016618313589978,0.8008850206406447,0.0995574896796777,-0.00871272340929297,-0.008762502154132809
2006-03-29,0.8011078875726653,0.8011078875726653,0.831724722719148,0.030839702078503284,0.011314716801433679,0.011299296950394427
2006-03-30,0.6806127864235716,0.6806127864235716,0.7016618313589978,0.13006289136015015,-0.010619256877343443,-0.010684288323023518
2006-03-31,0.5456782260530612,0.5456782260530612,0.8011078875726653,0.09944605621366742,-0.009987526706864093,-0.010037249734970928
2006-04-03,0.5189064940489394,0.5189064940489394,0.6806127864235716,0.12049510114909368,0.007193593111460852,0.0071333455608863046
2006-04-04,0.5412374528517595,0.5412374528517595,0.5456782260530612,0.13493456037051044,0.0028536759471745375,0.0027862086669892825
2006-04-05,0.5084074088783128,0.5084074088783128,0.5189064940489394,0.02677173200412175,-0.002399430315889119,-0.0024128161818911796
2006-04-06,0.43307209608824593,0.43307209608824593,0.5412374528517595,0.0223309588028201,-0.005645516118362068,-0.005656681597763478
2006-04-07,0.3951985125314921,0.3951985125314921,0.5084074088783128,0.03283004397344669,0.0016605745065776027,0.0016441594845908794
2006-04-10,0.33348196540734165,0.33348196540734165,0.43307209608824593,0.07533531279006689,-0.003973094294194894,-0.004010761950589928
2006-04-11,0.23881850256549086,0.23881850256549086,0.3951985125314921,0.037873583556753854,-0.008734997547219533,-0.00875393433899791
2006-04-12,0.19470004666729984,0.19470004666729984,0.33348196540734165,0.06171654712415042,0.0028519024831263665,0.0028210442095642912
2006-04-13,0.1483366986939112,0.1483366986939112,0.23881850256549086,0.09466346284185079,-0.001518736460633285,-0.0015660681920542103
2006-04-17,0.09699133191892452,0.09699133191892452,0.19470004666729984,0.04411845589819102,-0.002017676705449423,-0.0020397359333985186
2006-04-18,0.12331674376783959,0.12331674376783959,0.1483366986939112,0.04636334797338865,0.003334989091313237,0.0033118074173265426
2006-04-19,0.10225807769064993,0.10225807769064993,0.09699133191892452,0.051345366774986675,-0.0012854333029450882,-0.0013111059863325815
2006-04-20,0.05036762733766027,0.05036762733766027,0.12331674376783959,0.02632541184891507,-0.0007528345178028622,-0.0007659972237273197
2006-04-21,0.005183892946267359,0.005183892946267359,0.10225807769064993,0.02105866607718966,-0.0001256462200280299,-0.00013617555306662474
2006-04-24,-0.04700432677122495,-0.04700432677122495,0.05036762733766027,0.051890450352989656,-0.00034074671137336804,-0.0003666919365498629
2006-04-25,-0.06265804611466769,-0.06265804611466769,0.005183892946267359,0.045183734391392914,3.209874305917498e-05,9.50687586347852e-06
2006-04-26,-0.019224724262950254,-0.019224724262950254,-0.04700432677122495,0.05218821971749231,-0.0008388394824109536,-0.0008649335922696998
2006-04-27,0.03240203942690323,0.03240203942690323,-0.06265804611466769,0.015653719343442736,-0.00045459305800704685,-0.0004624199176787682
2006-04-28,0.039797864551919915,0.039797864551919915,-0.019224724262950254,0.04343332185171743,0.00016732413480818507,0.00014560747388232635
2006-05-01,0.023768854211852725,0.023768854211852725,0.03240203942690323,0.051626763689853486,-0.00023542550060842786,-0.0002612388824533546
2006-05-02,0.0065418213367500234,0.0065418213367500234,0.039797864551919915,0.007395825125016686,-0.00018207075192329256,-0.0001857686644858009
2006-05-03,-0.0024492709337081663,-0.0024492709337081663,0.023768854211852725,0.01602901034006719,0.0,-8.014505170033595e-06
2006-05-04,-0.046585395647443545,-0.046585395647443545,0.0065418213367500234,0.017227032875102702,3.206495655736726e-05,2.345144011981591e-05
2006-05-05,-0.06513195063758462,-0.06513195063758462,-0.0024492709337081663,0.00899109227045819,-1.6429250519061067e-05,-2.0924796654290162e-05
2006-05-08,-0.08840173049145639,-0.08840173049145639,-0.046585395647443545,0.044136124713735375,0.00014107535822056178,0.00011900729586369408
2006-05-09,-0.11650334451055566,-0.11650334451055566,-0.06513195063758462,0.018546554990141073,0.00013846373167610517,0.00012919045418103463
2006-05-10,-0.35963271760307836,-0.35963271760307836,-0.08840173049145639,0.02326977985387177,0.0013725074667653035,0.0013608725768383676
2006-05-11,-0.5730884784020522,-0.5730884784020522,-0.11650334451055566,0.028101614019099275,0.0015850984580669468,0.0015710476510573971
2006-05-12,-0.7153923189347016,-0.7153923189347016,-0.35963271760307836,0.2431293730925227,0.0012400854620188218,0.0011185207754725603
2006-05-15,-0.8102615459564677,-0.8102615459564677,-0.5730884784020522,0.21345576079897388,0.00486697272811206,0.004760244847712573
2006-05-16,-0.7501980453983813,-0.7501980453983813,-0.7153923189347016,0.14230384053264933,-0.004085020684585002,-0.004156172604851327
2006-05-17,-0.8334653635989209,-0.8334653635989209,-0.8102615459564677,0.09486922702176614,0.022748305826747348,0.022700871213236464
2006-05-18,-0.8889769090659474,-0.8889769090659474,-0.7501980453983813,0.0600635005580864,0.00974005959630301,0.009710027846023966
2006-05-19,-0.7786274405499617,-0.7786274405499617,-0.8334653635989209,0.08326731820053956,-0.013429803096179102,-0.013471436755279372
2006-05-22,-0.7307801423462297,-0.7307801423462297,-0.8889769090659474,0.055511545467026524,0.003164658370438555,0.0031369025977050417
2006-05-23,-0.6827144422147255,-0.6827144422147255,-0.7786274405499617,0.1103494685159857,-0.0020231173002468192,-0.002078292034504812
2006-05-24,-0.6769845583464031,-0.6769845583464031,-0.7307801423462297,0.047847298203732014,0.0028406689101708573,0.0028167452610689914
2006-05-25,-0.5962766047297057,-0.5962766047297057,-0.6827144422147255,0.04806570013150413,-0.008880729160941084,-0.008904762011006836
2006-05-26,-0.4959974718181482,-0.4959974718181482,-0.6769845583464031,0.005729883868322405,-0.007389262313889275,-0.007392127255823436
2006-05-30,-0.5302203839391636,-0.5302203839391636,-0.5962766047297057,0.08070795361669747,0.010982399981659447,0.010942046004851097
2006-05-31,-0.49893434184442714,-0.49893434184442714,-0.4959974718181482,0.10027913291155749,-0.004813662521932723,-0.004863802088388502
2006-06-01,-0.3740768481341131,-0.3740768481341131,-0.5302203839391636,0.034222912121015414,-0.012741786080200077,-0.012758897536260584
2006-06-02,-0.28751592296917367,-0.28751592296917367,-0.49893434184442714,0.031286042094736455,0.0003121148047700421,0.00029647178372267386
2006-06-05,-0.26960889100320085,-0.26960889100320085,-0.3740768481341131,0.12485749371031402,0.004567714513304358,0.0045052857664492005
2006-06-06,-0.24266930705552503,-0.24266930705552503,-0.28751592296917367,0.08656092516493946,-0.001366940471337524,-0.0014102209339199936
2006-06-07,-0.21110487646024356,-0.21110487646024356,-0.26960889100320085,0.01790703196597282,-0.0011908471567009114,-0.001199800672683898
2006-06-08,-0.2085718647090904,-0.2085718647090904,-0.24266930705552503,0.026939583947675816,0.0013719657334277117,0.0013584959414538738
2006-06-09,-0.22237579843867328,-0.22237579843867328,-0.21110487646024356,0.03156443059528147,0.0010668667218221223,0.0010510845065244815
2006-06-12,-0.2499788416545603,-0.2499788416545603,-0.2085718647090904,0.002533011751153169,0.001125609664940023,0.0011243431590644464
2006-06-13,-0.22538911964666375,-0.22538911964666375,-0.22237579843867328,0.013803933729582885,-0.0015614928573684536,-0.001568394824233245
2006-06-14,-0.19934288946080614,-0.19934288946080614,-0.2499788416545603,0.027603043215887024,-0.0005546958906256119,-0.0005684974122335554
2006-06-15,-0.1405794109079056,-0.1405794109079056,-0.22538911964666375,0.024589722007896553,-0.004062895641715711,-0.0040751905027196595
2006-06-16,-0.09008429680427298,-0.09008429680427298,-0.19934288946080614,0.02604623018585761,-0.002167503745619185,-0.002180526860712114
2006-06-19,-0.0696252884614471,-0.0696252884614471,-0.1405794109079056,0.05876347855290054,0.0015984473645402845,0.0015690656252638341
2006-06-20,-0.032099951319879166,-0.032099951319879166,-0.09008429680427298,0.050495114103632624,-0.0015961343986169915,-0.0016213819556688078
2006-06-21,-0.00045845474540752093,-0.00045845474540752093,-0.0696252884614471,0.02045900834282588,-0.00027645218688549173,-0.0002866816910569047
2006-06-22,0.013643449757951504,0.013643449757951504,-0.032099951319879166,0.03752533714156793,0.00012695108389279154,0.00010818841532200758
2006-06-23,0.03979245155158262,0.03979245155158262,-0.00045845474540752093,0.03164149657447164,-1.2601132500054407e-06,-1.708086153724126e-05
2006-06-26,0.05249909465201544,0.05249909465201544,0.013643449757951504,0.014101904503359025,-2.077040612197043e-05,-2.7821358373649943e-05
2006-06-27,0.046378345390758594,0.046378345390758594,0.03979245155158262,0.026149001793631117,-0.0004127574549160956,-0.0004258319558129112
2006-06-28,0.053270818038263626,0.053270818038263626,0.05249909465201544,0.012706643100432818,0.00027511949032034855,0.00026876616877013213
2006-06-29,0.14149786549437737,0.14149786549437737,0.046378345390758594,0.006120749261256844,0.0009813547439237356,0.0009782943692931072
2006-06-30,0.2909233593545274,0.2909233593545274,0.053270818038263626,0.006892472647505032,0.00030392750986712325,0.00030048127354337075
2006-07-03,0.39653795686217497,0.39653795686217497,0.14149786549437737,0.08822704745611375,0.00025349202882197,0.00020937850509391312
2006-07-05,0.4397358934269682,0.4397358934269682,0.2909233593545274,0.14942549386015003,-0.0022544352789739324,-0.0023291480259040073
2006-07-06,0.5380923968134769,0.5380923968134769,0.39653795686217497,0.10561459750764757,0.0016276371591395621,0.0015748298603857384
2006-07-07,0.4907279323764761,0.4907279323764761,0.4397358934269682,0.04319793656479326,-0.004128167740671109,-0.004149766708953505
2006-07-10,0.5636823144248192,0.5636823144248192,0.5380923968134769,0.09835650338650864,0.004441450744539228,0.004392272492845973
2006-07-11,0.5150969047114073,0.5150969047114073,0.4907279323764761,0.047364464437000764,-0.0043150995628794785,-0.004338781795097979
2006-07-12,0.4115671425650854,0.4115671425650854,0.5636823144248192,0.07295438204834309,-0.006724639675091818,-0.006761116866115989
2006-07-13,0.2920678437629278,0.2920678437629278,0.5150969047114073,0.04858540971341185,-0.008930680019707727,-0.008954972724564433
2006-07-14,0.19793066899602618,0.19793066899602618,0.4115671425650854,0.10352976214632192,-0.0015558883671231477,-0.0016076532481963087
2006-07-17,0.13298377027824995,0.13298377027824995,0.2920678437629278,0.1194992988021576,-0.0003695691023532904,-0.0004293187517543692
2006-07-18,0.08962200658221546,0.08962200658221546,0.19793066899602618,0.09413717476690164,0.0,-4.706858738345082e-05
2006-07-19,0.14430828932862944,0.14430828932862944,0.13298377027824995,0.06494689871777623,0.0031161785861034182,0.00308370513674453
2006-07-20,0.16906702100832477,0.16906702100832477,0.08962200658221546,0.04336176369603449,-0.0001940838130897702,-0.00021576469493778743
2006-07-21,0.1432033562331468,0.1432033562331468,0.14430828932862944,0.054686282746413975,-0.0017004498410922101,-0.001727792982465417
2006-07-24,0.24827427631767676,0.24827427631767676,0.16906702100832477,0.024758731679695334,0.003819565702075047,0.003807186336235199
2006-07-25,0.41422523032214426,0.41422523032214426,0.1432033562331468,0.025863664775177958,0.0014940033253362664,0.0014810714929486774
2006-07-26,0.6094834868814295,0.6094834868814295,0.24827427631767676,0.10507092008452995,0.0037696854906399332,0.0037171500305976683
2006-07-27,0.6886672279372734,0.6886672279372734,0.41422523032214426,0.1659509540044675,-0.0013629431070758913,-0.001445918584078125
2006-07-28,0.792444818624849,0.792444818624849,0.6094834868814295,0.19525825655928525,0.007499765018938061,0.007402135890658418
2006-07-31,0.8616298790832326,0.8616298790832326,0.6886672279372734,0.07918374105584391,0.0018374702759525058,0.0017978784054245838
2006-08-01,0.7471345997542217,0.7471345997542217,0.792444818624849,0.10377759068757553,-0.012887222169876197,-0.012939110965219984
2006-08-02,0.7227391382612791,0.7227391382612791,0.8616298790832326,0.06918506045838368,0.006733347964994927,0.0066987554347657345
2006-08-03,0.6942802430999954,0.6942802430999954,0.7471345997542217,0.11449527932901093,-0.0008912717977545911,-0.0009485194374190966
2006-08-04,0.7710393540781112,0.7710393540781112,0.7227391382612791,0.024395461492942583,0.006042590181079678,0.006030392450333206
2006-08-07,0.6637897398357893,0.6637897398357893,0.6942802430999954,0.028458895161283748,-0.009662798993784168,-0.00967702844136481
2006-08-08,0.6551983952122865,0.6551983952122865,0.7710393540781112,0.07675911097811583,0.005556915830449549,0.005518536274960491
2006-08-09,0.7701322634748577,0.7701322634748577,0.6637897398357893,0.10724961424232193,0.0057396581281545745,0.0056860333210334135
2006-08-10,0.8467548423165718,0.8467548423165718,0.6551983952122865,0.00859134462350275,0.0021304519985173675,0.002126156326205616
2006-08-11,0.8978365615443813,0.8978365615443813,0.7701322634748577,0.11493386826257124,0.002949792812740246,0.00289232587860896
2006-08-14,0.8532609494414638,0.8532609494414638,0.8467548423165718,0.07662257884171408,-0.0037280248079193195,-0.0037663360973401766
2006-08-15,0.9021739662943093,0.9021739662943093,0.8978365615443813,0.05108171922780946,0.012440263420588895,0.01241472256097499
2006-08-16,0.8458618184604979,0.8458618184604979,0.8532609494414638,0.044575612102917495,-0.003969745443453277,-0.003992033249504735
2006-08-17,0.8076756742723381,0.8076756742723381,0.9021739662943093,0.04891301685284555,0.0,-2.4456508426422773e-05
2006-08-18,0.8717837828482256,0.8717837828482256,0.8458618184604979,0.05631214783381144,0.004694876991663217,0.004666720917746311
2006-08-21,0.9145225218988171,0.9145225218988171,0.8076756742723381,0.0381861441881598,0.0023466582597798887,0.002327565187685809
2006-08-22,0.9430150145992116,0.9430150145992116,0.8717837828482256,0.06410810857588745,0.0020205113976132613,0.0019884573433253177
2006-08-23,0.7972298786156983,0.7972298786156983,0.9145225218988171,0.04273873905059156,-0.005550690816062401,-0.005572060185587697
2006-08-24,0.8648199190771322,0.8648199190771322,0.9430150145992116,0.028492492700394445,0.007129589860823553,0.0071153436144733555
2006-08-25,0.9098799460514215,0.9098799460514215,0.7972298786156983,0.14578513598351328,0.0011507055805512379,0.0010778130125594812
2006-08-28,0.939919964034281,0.939919964034281,0.8648199190771322,0.06759004046143391,0.006230471819947461,0.006196676799716744
2006-08-29,0.9599466426895207,0.9599466426895207,0.9098799460514215,0.04506002697428935,0.0059880972236097205,0.005965567210122576
2006-08-30,0.9732977617930139,0.9732977617930139,0.939919964034281,0.03004001798285949,0.005610387518614946,0.005595367509623516
2006-08-31,0.8183619842548614,0.8183619842548614,0.9599466426895207,0.02002667865523966,-0.005695927850265603,-0.005705941189593222
2006-09-01,0.878907989503241,0.878907989503241,0.9732977617930139,0.013351119103493181,0.010789282135652677,0.010782606576100931
2006-09-05,0.867285830571737,0.867285830571737,0.8183619842548614,0.15493577753815246,-0.001610303239350551,-0.0016877711281196273
2006-09-06,0.827706361226108,0.827706361226108,0.878907989503241,0.06054600524837961,-0.0012380759267547193,-0.0012683489293789092
2006-09-07,0.7201367518016227,0.7201367518016227,0.867285830571737,0.011622158931503979,-0.003425059804539534,-0.003430870884005286
2006-09-08,0.6758075316003214,0.6758075316003214,0.827706361226108,0.03957946934562906,0.0021099069249614355,0.002090117190288621
2006-09-11,0.7547392304244236,0.7547392304244236,0.7201367518016227,0.10756960942448524,0.0028478381151843543,0.002794053310472112
2006-09-12,0.8364928202829491,0.8364928202829491,0.6758075316003214,0.04432922020130137,0.005704479464828952,0.005682314854728302
2006-09-13,0.8210147927644011,0.8210147927644011,0.7547392304244236,0.07893169882410223,-0.0018950807165898887,-0.0019345465660019399
2006-09-14,0.8806765285096008,0.8806765285096008,0.8364928202829491,0.08175358985852554,0.005381583326586165,0.005340706531656902
2006-09-15,0.8044365835920086,0.8044365835920086,0.8210147927644011,0.015478027518547988,-0.0038791020185592823,-0.0038868410323185565
2006-09-18,0.6905455060811663,0.6905455060811663,0.8806765285096008,0.05966173574519962,-0.001229389545058185,-0.0012592204129307847
2006-09-19,0.7936970040541109,0.7936970040541109,0.8044365835920086,0.07623994491759212,0.0053986462455109146,0.005360526273052118
2006-09-20,0.8624646693694074,0.8624646693694074,0.6905455060811663,0.11389107751084238,0.012851997361533574,0.012795051822778153
2006-09-21,0.9083097795796049,0.9083097795796049,0.7936970040541109,0.10315149797294465,0.0049780815477213245,0.004926505798734852
2006-09-22,0.9388731863864033,0.9388731863864033,0.8624646693694074,0.06876766531529643,0.004674441542789311,0.004640057710131663
2006-09-25,0.9592487909242688,0.9592487909242688,0.9083097795796049,0.04584511021019755,0.009793410830751127,0.009770488275646028
2006-09-26,0.972832527282846,0.972832527282846,0.9388731863864033,0.030563406806798366,0.011516588082280723,0.011501306378877325
2006-09-27,0.813158371831296,0.813158371831296,0.9592487909242688,0.020375604537865577,-0.02981844734517456,-0.029828635147443494
2006-09-28,0.7247221630171818,0.7247221630171818,0.972832527282846,0.013583736358577125,0.004231622559566466,0.004224830691387177
2006-09-29,0.6868204513713795,0.6868204513713795,0.813158371831296,0.15967415545154995,0.004182511709395263,0.004102674631669488
2006-10-02,0.6634601108354883,0.6634601108354883,0.7247221630171818,0.08843620881411418,0.0001954102327217725,0.0001511921283147154
2006-10-03,0.6931603286732742,0.6931603286732742,0.6868204513713795,0.03790171164580236,0.006102940553655058,0.006083989697832156
2006-10-04,0.7682319266105863,0.7682319266105863,0.6634601108354883,0.0233603405358912,0.006196716435767009,0.006185036265499063
2006-10-05,0.7413771331976957,0.7413771331976957,0.6931603286732742,0.02970021783778587,-0.009355550270574083,-0.009370400379492976
2006-10-06,0.7114872963333482,0.7114872963333482,0.7682319266105863,0.0750715979373121,-0.002289495664697817,-0.002327031463666473
2006-10-09,0.6747974366287584,0.6747974366287584,0.7413771331976957,0.026854793412890543,-0.002216363027347257,-0.0022297904240537025
2006-10-10,0.6257852409467834,0.6257852409467834,0.7114872963333482,0.02988983686434754,-0.0029086477677345147,-0.0029235926861666886
2006-10-11,0.5134749880287857,0.5134749880287857,0.6747974366287584,0.03668985970458982,0.0011080242109243626,0.0010896792810720676
2006-10-12,0.520237354411801,0.520237354411801,0.6257852409467834,0.0490121956819749,0.00666857528103282,0.006644069183191832
2006-10-13,0.5345870323709768,0.5345870323709768,0.5134749880287857,0.11231025291799779,0.0008327103936353114,0.0007765552671763125
2006-10-16,0.5310418350816125,0.5310418350816125,0.520237354411801,0.006762366383015306,-0.00014047458620775985,-0.0001438557693992675
2006-10-17,0.4595826821382748,0.4595826821382748,0.5345870323709768,0.014349677959175855,-0.0064946304939266,-0.006501805332906187
2006-10-18,0.3866999411941886,0.3866999411941886,0.5310418350816125,0.0035451972893643102,0.0,-1.7725986446821552e-06
2006-10-19,0.4726841425639965,0.4726841425639965,0.4595826821382748,0.07145915294333771,0.0077872088738937025,0.0077514792974220335
2006-10-20,0.6484560950426643,0.6484560950426643,0.3866999411941886,0.0728827409440862,0.006131598374752198,0.006095157004280156
2006-10-23,0.7656373966951096,0.7656373966951096,0.4726841425639965,0.08598420136980789,0.0027510646317110967,0.002708072531026193
2006-10-24,0.8367033838902791,0.8367033838902791,0.6484560950426643,0.17577195247866784,-0.00034120796859027526,-0.00042909394482960916
2006-10-25,0.8911355892601862,0.8911355892601862,0.7656373966951096,0.11718130165244522,0.0060446472569859805,0.005986056606159758
2006-10-26,0.9274237261734575,0.9274237261734575,0.8367033838902791,0.07106598719516954,0.009612168979916035,0.00957663598631845
2006-10-27,0.9516158174489717,0.9516158174489717,0.8911355892601862,0.054432205369907116,0.002300261899340022,0.0022730457966550683
2006-10-30,0.7947660905412298,0.7947660905412298,0.9274237261734575,0.03628813691327126,-0.028414824192588364,-0.028432968261044998
2006-10-31,0.6212741838712328,0.6212741838712328,0.9516158174489717,0.02419209127551425,-0.016428437365634645,-0.016440533411272402
2006-11-01,0.4936098810516945,0.4936098810516945,0.7947660905412298,0.1568497269077419,-0.0006447415549929712,-0.0007231664184468421
2006-11-02,0.4034110677461962,0.4034110677461962,0.6212741838712328,0.17349190666999703,0.000336337954185764,0.0002495920008507655
2006-11-03,0.31383674564048636,0.31383674564048636,0.4936098810516945,0.12766430281953828,-0.0038700715452436754,-0.003933903696653445
2006-11-06,0.2775055458020689,0.2775055458020689,0.4034110677461962,0.09019881330549834,0.003077810928743318,0.003032711522090569
2006-11-07,0.2336759441127483,0.2336759441127483,0.31383674564048636,0.08957432210570981,-0.0009336050853265495,-0.0009783922463794045
2006-11-08,0.20233727894102815,0.20233727894102815,0.2775055458020689,0.03633119983841748,-7.525369565725739e-05,-9.341929557646613e-05
2006-11-09,0.1236956976668852,0.1236956976668852,0.2336759441127483,0.04382960168932057,-0.004754729464003597,-0.004776644264848257
2006-11-10,0.025341603982995516,0.025341603982995516,0.20233727894102815,0.031338665171720154,-0.002913585779951626,-0.0029292551125374862
2006-11-13,-0.0056278764802890555,-0.0056278764802890555,0.1236956976668852,0.07864158127414296,0.001251145464297882,0.0012118246736608105
2006-11-14,-0.001616103715444333,-0.001616103715444333,0.025341603982995516,0.09835409368388967,0.0003101586351395234,0.00026098158829757854
2006-11-15,-0.01594688558369345,-0.01594688558369345,-0.0056278764802890555,0.03096948046328457,4.639470200336432e-05,3.0909961771722035e-05
2006-11-16,-0.045062024512386056,-0.045062024512386056,-0.001616103715444333,0.0040117727648447225,6.7174572464181156e-06,4.711570863995755e-06
2006-11-17,-0.05983163452225896,-0.05983163452225896,-0.01594688558369345,0.014330781868249116,-4.4372763636425945e-05,-5.1538154570550505e-05
2006-11-20,-0.08186748755857587,-0.08186748755857587,-0.045062024512386056,0.029115138928692608,6.330390936452686e-05,4.874633990018056e-05
2006-11-21,-0.07693471346155276,-0.07693471346155276,-0.05983163452225896,0.014769610009872904,-0.0007938494058021557,-0.0008012342108070921
2006-11-22,-0.10992572843232154,-0.10992572843232154,-0.08186748755857587,0.02203585303631691,0.0008855546134151236,0.0008745366868969652
2006-11-24,-0.11684046864058614,-0.11684046864058614,-0.07693471346155276,0.004932774097023113,-0.0,-2.4663870485115565e-06
2006-11-27,-0.19844744376174012,-0.19844744376174012,-0.10992572843232154,0.032991014970768784,0.001613289540425615,0.0015967940329402305
2006-11-28,-0.21860550312248234,-0.21860550312248234,-0.11684046864058614,0.0069147402082646026,-0.0005459580810674468,-0.0005494154511715792
2006-11-29,-0.1820935551306176,-0.1820935551306176,-0.19844744376174012,0.08160697512115397,-0.0028266913672177316,-0.0028674948547783084
2006-11-30,-0.15105623487395628,-0.15105623487395628,-0.21860550312248234,0.02015805936074222,-0.00031332800101309014,-0.00032340703069346123
2006-12-01,-0.16558422655251298,-0.16558422655251298,-0.1820935551306176,0.036511947991864746,0.0015634649263168363,0.001545208952320904
2006-12-04,-0.16472358555135883,-0.16472358555135883,-0.15105623487395628,0.03103732025666131,-0.0009157587872044575,-0.0009312774473327881
2006-12-05,-0.23571776916570877,-0.23571776916570877,-0.16558422655251298,0.014527991678556701,0.0012828880916567567,0.0012756240958174782
2006-12-06,-0.21584380015374147,-0.21584380015374147,-0.16472358555135883,0.0008606410011541554,-0.0017624539871274267,-0.0017628843076280037
2006-12-07,-0.20085629290270526,-0.20085629290270526,-0.23571776916570877,0.07099418361434995,0.00033704598143930885,0.00030154888963213386
2006-12-08,-0.1593296099218991,-0.1593296099218991,-0.21584380015374147,0.019873969011967307,-0.0025356194749710857,-0.0025455564594770693
2006-12-11,-0.10688210547950201,-0.10688210547950201,-0.20085629290270526,0.014987507251036203,-0.0021615724028130117,-0.00216906615643853
2006-12-12,-0.07246033268857104,-0.07246033268857104,-0.1593296099218991,0.04152668298080617,-0.0003125077527774719,-0.000333271094267875
2006-12-13,-0.046439687770412616,-0.046439687770412616,-0.10688210547950201,0.05244750444239708,-0.00032878935768625026,-0.0003550131099074488
2006-12-14,-0.02230311608098237,-0.02230311608098237,-0.07246033268857104,0.03442177279093098,-0.000444384444406056,-0.00046159533080152146
2006-12-15,0.00016016916337743999,0.00016016916337743999,-0.046439687770412616,0.02602064491815842,-0.0005018585171937907,-0.0005148688396528699
2006-12-18,0.01918117077085886,0.01918117077085886,-0.02230311608098237,0.024136571689430245,-3.668062149072085e-05,-4.8748907335435966e-05
2006-12-19,0.018847313434566977,0.018847313434566977,0.00016016916337743999,0.02246328524435981,5.259641268847511e-07,-1.0705678495295155e-05
2006-12-20,0.02111007351480106,0.02111007351480106,0.01918117077085886,0.019021001607481422,-0.00010986867723419117,-0.00011937917803793189
2006-12-21,0.034278828789184757,0.034278828789184757,0.018847313434566977,0.00033385733629188313,0.00011893135037932193,0.00011876442171117598
2006-12-22,0.03672218149312836,0.03672218149312836,0.02111007351480106,0.0022627600802340823,-7.482164483423663e-05,-7.595302487435367e-05
2006-12-26,0.0405088229199773,0.0405088229199773,0.034278828789184757,0.013168755274383697,0.0001875595516262486,0.00018097517398905674
2006-12-27,0.13122909798218232,0.13122909798218232,0.03672218149312836,0.0024433527039436007,0.0003896977809217494,0.0003884761045697776
2006-12-28,0.30724491403956594,0.30724491403956594,0.0405088229199773,0.0037866414268489454,0.00019634972903187167,0.0001944564083184472
2006-12-29,0.3727660452244863,0.3727660452244863,0.13122909798218232,0.09072027506220502,-0.000281262738519967,-0.0003266228760510695
2007-01-03,0.5818440301496576,0.5818440301496576,0.30724491403956594,0.17601581605738362,0.004785060916638629,0.004697053008609938
2007-01-04,0.7212293534331051,0.7212293534331051,0.3727660452244863,0.06552113118492037,0.002069888575636851,0.0020371280100443907
2007-01-05,0.6032255575088548,0.6032255575088548,0.5818440301496576,0.20907798492517127,-0.009944937782264183,-0.010049476774726769
2007-01-08,0.4954911226981509,0.4954911226981509,0.7212293534331051,0.13938532328344755,-0.0032180870412705774,-0.003287779702912301
2007-01-09,0.4466507567114708,0.4466507567114708,0.6032255575088548,0.11800379592425037,0.0024579065746842413,0.002398904676722116
2007-01-10,0.3843203355932491,0.3843203355932491,0.4954911226981509,0.10773443481070388,-0.0028153188416420445,-0.0028691860590473964
2007-01-11,0.41018370492144063,0.41018370492144063,0.4466507567114708,0.04884036598668007,0.004375384109725284,0.004350963926731944
2007-01-12,0.4826208422330748,0.4826208422330748,0.3843203355932491,0.062330421118221735,0.0022783752399344738,0.0022472100293753627
2007-01-16,0.485521943946437,0.485521943946437,0.41018370492144063,0.025863369328191554,-0.0018681109428296087,-0.0018810426274937044
2007-01-17,0.43482451945684,0.43482451945684,0.4826208422330748,0.07243713731163415,-0.003636020427348817,-0.003672238996004634
2007-01-18,0.6010898463772849,0.6010898463772849,0.485521943946437,0.0029011017133622197,0.009083447233613344,0.009081996682756662
2007-01-19,0.6027615851591754,0.6027615851591754,0.43482451945684,0.05069742448959702,-0.003703484326019771,-0.0037288330382645694
2007-01-22,0.5805284510872256,0.5805284510872256,0.6010898463772849,0.16626532692044493,0.0,-8.313266346022247e-05
2007-01-23,0.6535675789453791,0.6535675789453791,0.6027615851591754,0.0016717387818905305,0.0038834989781789436,0.0038826631087879983
2007-01-24,0.7690450526302528,0.7690450526302528,0.5805284510872256,0.022233134071949823,0.00898105539765672,0.008969938830620744
2007-01-25,0.683756459191506,0.683756459191506,0.6535675789453791,0.07303912785815347,-0.00978566308850184,-0.009822182652430917
2007-01-26,0.7061339616587526,0.7061339616587526,0.7690450526302528,0.11547747368487371,0.006767831388531241,0.0067100926516888044
2007-01-29,0.7899986282683683,0.7899986282683683,0.683756459191506,0.08528859343874684,0.003615117243674177,0.0035724729469548033
2007-01-30,0.8599990855122457,0.8599990855122457,0.7061339616587526,0.02237750246724668,0.010212298998485627,0.010201110247252005
2007-01-31,0.8881978618196082,0.8881978618196082,0.7899986282683683,0.08386466660961567,-0.0012287650783940605,-0.0012706974116988682
2007-02-01,0.7827735294347373,0.7827735294347373,0.8599990855122457,0.07000045724387738,-0.01160918111044671,-0.01164418133906865
2007-02-02,0.7423272562099517,0.7423272562099517,0.8881978618196082,0.02819877630736256,0.003973099793607043,0.003959000405453362
2007-02-05,0.6994525137004182,0.6994525137004182,0.7827735294347373,0.10542433238487092,-0.0016407306340941983,-0.0016934428002866337
2007-02-06,0.6681154611217106,0.6681154611217106,0.7423272562099517,0.04044627322478567,-0.00019468437277618515,-0.00021490750938857797
2007-02-07,0.6341719525436031,0.6341719525436031,0.6994525137004182,0.04287474250953349,0.00018348807084345558,0.00016205069958868883
2007-02-08,0.563821567166356,0.563821567166356,0.6681154611217106,0.03133705257870756,-0.002455654338393422,-0.0024713228646827757
2007-02-09,0.4779262039227149,0.4779262039227149,0.6341719525436031,0.03394350857810746,-0.00417739370047497,-0.004194365454764024
2007-02-12,0.4011432319839735,0.4011432319839735,0.563821567166356,0.07035038537724714,-0.0019443609150298813,-0.0019795361077185047
2007-02-13,0.4120586489277688,0.4120586489277688,0.4779262039227149,0.08589536324364111,0.005978807748105357,0.005935860066483537
2007-02-14,0.6080390992851792,0.6080390992851792,0.4011432319839735,0.0767829719387414,0.0062218211327975835,0.006183429646828212
2007-02-15,0.6480727021828234,0.6480727021828234,0.4120586489277688,0.010915416943795275,-0.0024534333115423953,-0.002458891020014293
2007-02-16,0.7096322346996398,0.7096322346996398,0.6080390992851792,0.1959804503574104,0.0015834236062354965,0.0014854333810567914
2007-02-20,0.6772435452722667,0.6772435452722667,0.6480727021828234,0.04003360289764424,-0.004039678059971134,-0.004059694861419956
2007-02-21,0.6656664472057745,0.6656664472057745,0.7096322346996398,0.06155953251681634,0.0005562115931171466,0.0005254318268587384
2007-02-22,0.7059393915215794,0.7059393915215794,0.6772435452722667,0.03238868942737305,0.0026529887333046898,0.002636794388591003
2007-02-23,0.7214192609610451,0.7214192609610451,0.6656664472057745,0.011577098066492209,-0.0005194536532854185,-0.0005252422023186646
2007-02-26,0.7198138448140775,0.7198138448140775,0.7059393915215794,0.04027294431580486,-0.0003678665942702423,-0.0003880030664281447
2007-02-27,0.5094579204524494,0.5094579204524494,0.7214192609610451,0.015479869439465777,-0.033073370755502755,-0.03308111069022249
2007-02-28,0.46027580821657044,0.46027580821657044,0.7198138448140775,0.001605416146967631,0.015131391690841985,0.0151305889827685
2007-03-01,0.387228334965268,0.387228334965268,0.5094579204524494,0.2103559243616281,-0.004086644398839701,-0.004191822361020515
2007-03-02,0.27170654786046217,0.27170654786046217,0.46027580821657044,0.04918211223587898,-0.007691974163813602,-0.007716565219931542
2007-03-05,0.15819160727930162,0.15819160727930162,0.387228334965268,0.07304747325130245,-0.0037151717891707376,-0.003751695525796389
2007-03-06,0.10107498047165919,0.10107498047165919,0.27170654786046217,0.11552178710480582,0.0026320778488655217,0.0025743169553131186
2007-03-07,-0.036092940315792243,-0.036092940315792243,0.15819160727930162,0.11351494058116054,-0.003469149509033242,-0.003525906979323822
2007-03-08,-0.05800533152131141,-0.05800533152131141,0.10107498047165919,0.05711662680764243,0.002266278754435485,0.0022377204410316638
2007-03-09,-0.1124324495818344,-0.1124324495818344,-0.036092940315792243,0.13716792078745144,2.9675658199078607e-05,-3.8908302194647114e-05
2007-03-12,-0.13540431471000244,-0.13540431471000244,-0.05800533152131141,0.021912391205519167,-0.00020686681675347894,-0.00021782301235623853
2007-03-13,-0.2224043073852489,-0.2224043073852489,-0.1124324495818344,0.05442711806052299,0.0013831161896115604,0.001355902630581299
2007-03-14,-0.26822355077982774,-0.26822355077982774,-0.13540431471000244,0.02297186512816804,-0.0005620822850307422,-0.0005735682175948262
2007-03-15,-0.2825571263146557,-0.2825571263146557,-0.2224043073852489,0.08699999267524647,-0.0004905411329884452,-0.0005340411293260684
2007-03-16,-0.2912289027960583,-0.2912289027960583,-0.26822355077982774,0.045819243394578824,0.00029507736796828034,0.00027216774627099094
2007-03-19,-0.23304178800855735,-0.23304178800855735,-0.2825571263146557,0.014333575534827947,-0.0033452036958961174,-0.0033523704836635315
2007-03-20,-0.16927899046298084,-0.16927899046298084,-0.2912289027960583,0.008671776481402604,-0.001822730506631518,-0.0018270663948722194
2007-03-21,-0.07295568938321023,-0.07295568938321023,-0.23304178800855735,0.05818711478750094,-0.004411197350850941,-0.004440290908244691
2007-03-22,0.007689901581115155,0.007689901581115155,-0.16927899046298084,0.06376279754557651,-0.0014825649037979824,-0.0015144463025707708
2007-03-23,0.07756957270543464,0.07756957270543464,-0.07295568938321023,0.0963233010797706,-0.00021115892092217256,-0.00025932057146205785
2007-03-26,0.08635233259096572,0.08635233259096572,0.007689901581115155,0.08064559096432539,-9.077924316102206e-05,-0.00013110203864318475
2007-03-27,0.07992895887349402,0.07992895887349402,0.07756957270543464,0.06987967112431949,4.1169592218000136e-05,6.229756655840391e-06
2007-03-28,0.058782275477056584,0.058782275477056584,0.08635233259096572,0.00878275988553108,-0.001053900090874775,-0.0010582914708175404
2007-03-29,0.0667836132162984,0.0667836132162984,0.07992895887349402,0.006423373717471703,0.0007299345894401895,0.0007267229025814537
2007-03-30,0.11079669015745547,0.11079669015745547,0.058782275477056584,0.021146683396437438,0.0005476149295539349,0.0005370415878557162
2007-04-02,0.12613273473225328,0.12613273473225328,0.0667836132162984,0.008001337739241818,-0.00015851756224162172,-0.00016251823111124264
2007-04-03,0.18803485634590636,0.18803485634590636,0.11079669015745547,0.04401307694115707,0.0008494022894218062,0.0008273957509512276
2007-04-04,0.18299848404295976,0.18299848404295976,0.12613273473225328,0.015336044574797814,-0.0003308715695356145,-0.00033853959182301345
2007-04-05,0.2942521133535971,0.2942521133535971,0.18803485634590636,0.06190212161365308,0.0019245312433960003,0.0018935801825891738
2007-04-09,0.3684372064247559,0.3684372064247559,0.18299848404295976,0.005036372302946596,0.0,-2.518186151473298e-06
2007-04-10,0.3242315788222046,0.3242315788222046,0.2942521133535971,0.11125362931063731,-0.0015487286451391108,-0.0016043554597944295
2007-04-11,0.24942970454653515,0.24942970454653515,0.3684372064247559,0.07418509307115884,-0.0040937407366664095,-0.004130833283201989
2007-04-12,0.1853048868768397,0.1853048868768397,0.3242315788222046,0.04420562760255131,-8.671115306073644e-05,-0.00010881396686201209
2007-04-13,0.1385284872163659,0.1385284872163659,0.24942970454653515,0.07480187427566945,0.0001334300935825917,9.6029156444757e-05
2007-04-16,0.18887404512223938,0.18887404512223938,0.1853048868768397,0.06412481766969547,0.0023789186531418764,0.0023468562443070286
2007-04-17,0.16457354277406105,0.16457354277406105,0.1385284872163659,0.04677639966047378,-0.001499820238995714,-0.001523208438825951
2007-04-18,0.1388780726696061,0.1388780726696061,0.18887404512223938,0.05034555790587347,-0.00020158739220019876,-0.0002267601711531355
2007-04-19,0.13078063810914775,0.13078063810914775,0.16457354277406105,0.02430050234817832,0.0003957654013610097,0.00038361515018692054
2007-04-20,0.21212427246504673,0.21212427246504673,0.1388780726696061,0.025695470104454943,0.0014810238339773166,0.0014681760989250891
2007-04-23,0.19594137581846124,0.19594137581846124,0.13078063810914775,0.00809743456045836,-0.001242009235670166,-0.001246057952950395
2007-04-24,0.191535910539637,0.191535910539637,0.21212427246504673,0.08134363435589897,0.00028261459019202626,0.00024194277301407678
2007-04-25,0.18022170305001672,0.18022170305001672,0.19594137581846124,0.016182896646585482,0.0002605767182186452,0.0002524852698953525
2007-04-26,0.27288123599833136,0.27288123599833136,0.191535910539637,0.004405465278824239,0.0016278780180930855,0.0016256752854536733
2007-04-27,0.30441627650333236,0.30441627650333236,0.18022170305001672,0.011314207489620282,-0.0003797614919478655,-0.0003854185956926757
2007-04-30,0.49237987868423205,0.49237987868423205,0.27288123599833136,0.09265953294831464,0.002088620892793773,0.0020422911263196157
2007-05-01,0.661586585789488,0.661586585789488,0.30441627650333236,0.031535040505001,0.0026311144084482474,0.0026153468881957467
2007-05-02,0.7743910571929921,0.7743910571929921,0.49237987868423205,0.1879636021808997,0.013936672218927696,0.013842690417837247
2007-05-03,0.8495940381286615,0.8495940381286615,0.661586585789488,0.16920670710525598,0.02455859671812174,0.024473993364569114
2007-05-04,0.8102534173600096,0.8102534173600096,0.7743910571929921,0.11280447140350403,-0.007730448596311041,-0.007786850832012793
2007-05-07,0.8131865575412732,0.8131865575412732,0.8495940381286615,0.07520298093566946,0.003552225368086709,0.0035146238776188744
2007-05-08,0.7752202063315984,0.7752202063315984,0.8102534173600096,0.03934062076865197,-0.00416743274887801,-0.0041871030592623365
2007-05-09,0.8501468042210656,0.8501468042210656,0.8131865575412732,0.0029331401812636715,0.010810327081066393,0.010808860510975762
2007-05-10,0.8193438470051272,0.8193438470051272,0.7752202063315984,0.03796635120967484,-0.007157270309160431,-0.007176253484765268
2007-05-11,0.8795625646700849,0.8795625646700849,0.8501468042210656,0.0749265978894672,0.011883236529303601,0.011845773230358868
2007-05-14,0.9197083764467233,0.9197083764467233,0.8193438470051272,0.030802957215938398,0.004953693894645772,0.004938292416037803
2007-05-15,0.9464722509644823,0.9464722509644823,0.8795625646700849,0.06021871766495768,0.01987483506835557,0.019844725709523094
2007-05-16,0.9643148339763217,0.9643148339763217,0.9197083764467233,0.04014581177663845,0.004323822423450695,0.004303749517562376
2007-05-17,0.8500696943128412,0.8500696943128412,0.9464722509644823,0.026763874517758968,-0.013287030587450049,-0.013300412524708928
2007-05-18,0.8590601979966211,0.8590601979966211,0.9643148339763217,0.017842583011839386,0.010297318587229863,0.010288397295723943
2007-05-21,0.8535483886360039,0.8535483886360039,0.8500696943128412,0.11424513966348049,-0.0009974789690634332,-0.0010546015388951736
2007-05-22,0.8653436038116895,0.8653436038116895,0.8590601979966211,0.00899050368377996,0.0014134125709298708,0.0014089173190879808
2007-05-23,0.8925067519600086,0.8925067519600086,0.8535483886360039,0.005511809360617237,0.001201619320326035,0.0011988634156457263
2007-05-24,0.877600304747845,0.877600304747845,0.8653436038116895,0.011795215175685603,-0.0026359257165679624,-0.0026418233241558052
2007-05-25,0.8550660473518681,0.8550660473518681,0.8925067519600086,0.027163148148319105,-0.0008392925358788995,-0.000852874109953059
2007-05-29,0.9033773649012455,0.9033773649012455,0.877600304747845,0.01490644721216361,0.014454302070500908,0.014446848846894825
2007-05-30,0.9355849099341638,0.9355849099341638,0.8550660473518681,0.02253425739597692,0.012272349681303365,0.012261082552605376
2007-05-31,0.8923117092934459,0.8923117092934459,0.9033773649012455,0.04831131754937745,-0.0059793329639378015,-0.0060034886227124905
2007-06-01,0.7711397728181277,0.7711397728181277,0.9355849099341638,0.03220754503291823,-0.011175886276844382,-0.01119199004936084
2007-06-04,0.6782929218862086,0.6782929218862086,0.8923117092934459,0.043273200640717824,-0.0012450246125334167,-0.0012666612128537757
2007-06-05,0.5958073852857333,0.5958073852857333,0.7711397728181277,0.12117193647531821,-0.0034109177468685382,-0.0034715037151061973
2007-06-06,0.5606925006977168,0.5606925006977168,0.6782929218862086,0.09284685093191913,0.002537529055445149,0.0024911056299791894
2007-06-07,0.5067803637208291,0.5067803637208291,0.5958073852857333,0.0824855366004753,-0.004580935446808623,-0.004622178215108861
2007-06-08,0.5342458070171705,0.5342458070171705,0.5606925006977168,0.03511488458801648,0.006319466164752447,0.006301908722458439
2007-06-11,0.6257644576159448,0.6257644576159448,0.5067803637208291,0.05391213697688768,0.00517721156936232,0.005150255500873876
2007-06-12,0.6021539290182529,0.6021539290182529,0.5342458070171705,0.027465443296341374,-0.005279924120895226,-0.005293656842543397
2007-06-13,0.531547471394995,0.531547471394995,0.6257644576159448,0.09151865059877429,-0.00261457044310798,-0.002660329768407367
2007-06-14,0.5356368108030347,0.5356368108030347,0.6021539290182529,0.02361052859769186,0.0044914153014941425,0.0044796100371952965
2007-06-15,0.48799823471007703,0.48799823471007703,0.531547471394995,0.0706064576232579,-0.002828486008679331,-0.00286378923749096
2007-06-18,0.41962789836351017,0.41962789836351017,0.5356368108030347,0.004089339408039683,-0.005482499567683671,-0.005484544237387691
2007-06-19,0.4495250078940457,0.4495250078940457,0.48799823471007703,0.047638576092957685,0.005964075370849603,0.005940256082803124
2007-06-20,0.4192767830937477,0.4192767830937477,0.41962789836351017,0.06837033634656686,-0.005163747184338379,-0.005197932352511663
2007-06-21,0.38581515655870036,0.38581515655870036,0.4495250078940457,0.029897109530535537,-0.0010568070857386667,-0.0010717556405039344
2007-06-22,0.3095015524406184,0.3095015524406184,0.4192767830937477,0.030248224800297985,-0.00800238502845006,-0.008017509140850209
2007-06-25,0.23956440593689177,0.23956440593689177,0.38581515655870036,0.03346162653504736,-0.001204797859309866,-0.0012215286725773896
2007-06-26,0.17748294123479766,0.17748294123479766,0.3095015524406184,0.07631360411808197,-0.0032068144093178033,-0.003244971211376844
2007-06-27,0.13143385140192382,0.13143385140192382,0.23956440593689177,0.06993714650372662,-0.0008749035308813196,-0.0009098721041331829
2007-06-28,0.10314768344184144,0.10314768344184144,0.17748294123479766,0.06208146470209411,0.0006505541734859937,0.0006195134411349466
2007-06-29,0.08901075988234858,0.08901075988234858,0.13143385140192382,0.04604908983287384,0.00032002649991879375,0.00029700195500235684
2007-07-02,0.10084442441659529,0.10084442441659529,0.10314768344184144,0.028286167960082376,0.0010272451231932568,0.0010131020392132157
2007-07-03,0.13918222016820947,0.13918222016820947,0.08901075988234858,0.014136923559492864,0.0011560234879722027,0.0011489550261924563
2007-07-05,0.14861851356881095,0.14861851356881095,0.10084442441659529,0.01183366453424671,-0.0003352339136199824,-0.00034115074588710574
2007-07-06,0.1548341829184487,0.1548341829184487,0.13918222016820947,0.03833779575161418,-8.379608520732714e-05,-0.00010296498308313422
2007-07-09,0.15991721630716935,0.15991721630716935,0.14861851356881095,0.009436293400601481,0.0016811491020052441,0.0016764309553049435
2007-07-10,0.1294056642110183,0.1294056642110183,0.1548341829184487,0.006215669349637742,-0.005527055421749764,-0.005530163256424583
2007-07-11,0.12475599048649379,0.12475599048649379,0.15991721630716935,0.005083033388720654,0.00110501920232797,0.0011024776856336097
2007-07-12,0.16585993581726616,0.16585993581726616,0.1294056642110183,0.030511552096151057,0.001998116119352107,0.0019828603433040314
2007-07-13,0.21787696155239833,0.21787696155239833,0.12475599048649379,0.004649673724524503,0.0009936963204645747,0.0009913714836023125
2007-07-16,0.36914155549678723,0.36914155549678723,0.16585993581726616,0.04110394533077237,0.003971873864854925,0.003951321892189539
2007-07-17,0.4104923061726847,0.4104923061726847,0.21787696155239833,0.05201702573513217,-0.002547790321302291,-0.0025737988341698573
2007-07-18,0.40628164962496643,0.40628164962496643,0.36914155549678723,0.1512645939443889,-0.0025329719420181737,-0.0026086042389903683
2007-07-19,0.43250121456816076,0.43250121456816076,0.4104923061726847,0.04135075067589744,0.0028361733483373377,0.002815497972999389
2007-07-20,0.4467987764743816,0.4467987764743816,0.40628164962496643,0.004210656547718239,0.00019218063274448446,0.00019007530447062533
2007-07-23,0.5227473009707622,0.5227473009707622,0.43250121456816076,0.02621956494319433,0.005217251429176512,0.005204141646704915
2007-07-24,0.5826491105675407,0.5826491105675407,0.4467987764743816,0.014297561906220835,0.0033414015675051613,0.0033342527865520507
2007-07-25,0.6529082033474669,0.6529082033474669,0.5227473009707622,0.07594852449638057,0.0013338934956363911,0.0012959192333882009
2007-07-26,0.5245524524592319,0.5245524524592319,0.5826491105675407,0.05990180959677849,-0.011054566529847782,-0.011084517434646172
2007-07-27,0.3689449353356326,0.3689449353356326,0.6529082033474669,0.07025909277992626,-0.0061593750231821506,-0.006194504569572113
2007-07-30,0.22747271086582782,0.22747271086582782,0.5245524524592319,0.12835575088823503,-0.006120044551915334,-0.006184222427359451
2007-07-31,0.2527328108432494,0.2527328108432494,0.3689449353356326,0.15560751712359927,0.009865847436910479,0.009788043678348679
2007-08-01,0.43228162016958493,0.43228162016958493,0.22747271086582782,0.14147222446980479,0.0033090752864761786,0.003238339174241276
2007-08-02,0.5079423784144651,0.5079423784144651,0.2527328108432494,0.02526009997742157,-0.0006429753153797877,-0.0006556053653684984
2007-08-03,0.46256935630118035,0.46256935630118035,0.43228162016958493,0.17954880932633555,-0.003808414320747159,-0.0038981887254103268
2007-08-06,0.641712904200787,0.641712904200787,0.5079423784144651,0.07566075824488017,0.007960760175032267,0.007922929795909826
2007-08-07,0.6361000631657991,0.6361000631657991,0.46256935630118035,0.045373022113284756,-0.003302595172344306,-0.0033252816834009485
2007-08-08,0.6593936894615828,0.6593936894615828,0.641712904200787,0.17914354789960663,0.0011906890579087824,0.0011011172839589791
2007-08-09,0.43621747634841546,0.43621747634841546,0.6361000631657991,0.0056128410349878255,-0.018704293152660253,-0.018707099573177746
2007-08-10,0.19763883696519563,0.19763883696519563,0.6593936894615828,0.023293626295783687,-0.009280693830875496,-0.009292340644023388
2007-08-13,0.09050835218456219,0.09050835218456219,0.43621747634841546,0.22317621311316738,0.003377277985915402,0.0032656898793588184
2007-08-14,-0.09842561838527805,-0.09842561838527805,0.19763883696519563,0.23857863938321983,-0.0032740689018058776,-0.0033933582214974874
2007-08-15,-0.398950412256852,-0.398950412256852,0.09050835218456219,0.10713048478063344,-0.001016461621435804,-0.0010700268638261208
2007-08-16,-0.5993002748379014,-0.5993002748379014,-0.09842561838527805,0.18893397056984024,0.0006561977304129255,0.0005617307451280054
2007-08-17,-0.5360803489321928,-0.5360803489321928,-0.398950412256852,0.30052479387157394,-0.005652545117858782,-0.005802807514794569
2007-08-20,-0.43013892775220813,-0.43013892775220813,-0.5993002748379014,0.20034986258104936,-0.0045532950888777955,-0.00465347002016832
2007-08-21,-0.29547942290074486,-0.29547942290074486,-0.5360803489321928,0.06321992590570857,-0.00782416639627561,-0.007855776359228465
2007-08-22,-0.19431198566228347,-0.19431198566228347,-0.43013892775220813,0.10594142117998467,-0.001134397434382629,-0.0011873681449726212
2007-08-23,-0.10279433232234686,-0.10279433232234686,-0.29547942290074486,0.13465950485146327,-0.002331696219483668,-0.0023990259719093997
2007-08-24,0.002487523976067288,0.002487523976067288,-0.19431198566228347,0.10116743723846139,-0.0022589407022396684,-0.0023095244208588992
2007-08-27,0.06633734113526167,0.06633734113526167,-0.10279433232234686,0.09151765333993661,0.00012057938862572845,7.482056195576016e-05
2007-08-28,0.02167410896357179,0.02167410896357179,0.002487523976067288,0.10528185629841415,-6.249499712409914e-05,-0.00011513592527330622
2007-08-29,0.05054994415023099,0.05054994415023099,0.06633734113526167,0.06384981715919438,0.001134423283254891,0.0011024983746752938
2007-08-30,0.04427806908735016,0.04427806908735016,0.02167410896357179,0.04466323217168988,-0.00015398038128234943,-0.00017631199736819437
2007-08-31,0.035778355419536445,0.035778355419536445,0.05054994415023099,0.028875835186659198,-6.027019038048484e-05,-7.470810797381444e-05
2007-09-04,0.11806956528007378,0.11806956528007378,0.04427806908735016,0.006271875062880829,0.0008352323523414444,0.000832096414810004
2007-09-05,0.09292721018944625,0.09292721018944625,0.035778355419536445,0.008499713667813713,-0.0006037313514513506,-0.0006079812082852575
2007-09-06,0.10794219074384176,0.10794219074384176,0.11806956528007378,0.08229120986053734,0.0008725183958201952,0.0008313727908899265
2007-09-07,0.02173578800234996,0.02173578800234996,0.09292721018944625,0.02514235509062754,-0.002023041062990367,-0.002035612240535681
2007-09-10,-0.04389953671682642,-0.04389953671682642,0.10794219074384176,0.015014980554395513,-0.0002349548045609745,-0.00024246229483817228
2007-09-11,-0.02127847132331871,-0.02127847132331871,0.02173578800234996,0.0862064027414918,0.0003266991147939684,0.0002835959134232225
2007-09-12,-0.007873495022039647,-0.007873495022039647,-0.04389953671682642,0.06563532471917638,-0.0,-3.281766235958819e-05
2007-09-13,0.07987706544906638,0.07987706544906638,-0.02127847132331871,0.022621065393507712,-0.0003760655520841011,-0.00038737608478085496
2007-09-14,0.12442775135466762,0.12442775135466762,-0.007873495022039647,0.013404976301279061,1.6628226738050973e-05,9.925738587411443e-06
2007-09-17,0.16374202612846403,0.16374202612846403,0.07987706544906638,0.08775056047110602,0.00013148323950143008,8.760795926587708e-05
2007-09-18,0.38397273038737467,0.38397273038737467,0.12442775135466762,0.04455068590560124,0.0021034837105056293,0.0020812083675528286
2007-09-19,0.5893151535915832,0.5893151535915832,0.16374202612846403,0.03931427477379641,0.0017769746198785356,0.0017573174824916373
2007-09-20,0.7262101023943888,0.7262101023943888,0.38397273038737467,0.22023070425891064,0.00017537011315423029,6.525476102477497e-05
2007-09-21,0.8174734015962593,0.8174734015962593,0.5893151535915832,0.20534242320420848,0.007803968642347433,0.0077012974307453285
2007-09-24,0.7195951769690897,0.7195951769690897,0.7262101023943888,0.13689494880280562,-0.0042547389967968596,-0.004323186471198262
2007-09-25,0.6302699872642824,0.6302699872642824,0.8174734015962593,0.09126329920187048,-0.0009265396913430045,-0.0009721713409439397
2007-09-26,0.7535133248428549,0.7535133248428549,0.7195951769690897,0.09787822462716955,0.006694822855405263,0.006645883743091678
2007-09-27,0.8356755498952366,0.8356755498952366,0.6302699872642824,0.0893251897048073,0.0028341568429376854,0.002789494248085282
2007-09-28,0.6830214695466256,0.6830214695466256,0.7535133248428549,0.12324333757857253,-0.006746038304878033,-0.006807659973667319
2007-10-01,0.7886809796977504,0.7886809796977504,0.8356755498952366,0.08216222505238169,0.021136810543318754,0.021095729430792562
2007-10-02,0.8276445091911009,0.8276445091911009,0.6830214695466256,0.15265408034861105,-0.0009021357706321843,-0.00097846281080649
2007-10-03,0.8146104524942146,0.8146104524942146,0.7886809796977504,0.10565951015112485,-0.0017399911322086964,-0.001792820887284259
2007-10-04,0.8764069683294764,0.8764069683294764,0.8276445091911009,0.03896352949335047,0.003293520084612995,0.0032740383198663196
2007-10-05,0.9176046455529843,0.9176046455529843,0.8146104524942146,0.013034056696886287,0.004163664777542059,0.004157147749193615
2007-10-08,0.8357651660796844,0.8357651660796844,0.8764069683294764,0.0617965158352618,-0.00503846132530354,-0.005069359583221171
2007-10-09,0.8905101107197897,0.8905101107197897,0.9176046455529843,0.04119767722350787,0.013470078940599694,0.01344948010198794
2007-10-10,0.9270067404798599,0.9270067404798599,0.8357651660796844,0.08183947947329984,0.00018314361167188535,0.00014222387193523544
2007-10-11,0.9513378269865733,0.9513378269865733,0.8905101107197897,0.054744944640105264,0.0009756985564332942,0.0009483260841132415
2007-10-12,0.9053290257942025,0.9053290257942025,0.9270067404798599,0.036496629760070176,-0.0030438902164936174,-0.0030621385313736524
2007-10-15,0.6749453670582889,0.6749453670582889,0.9513378269865733,0.02433108650671345,-0.0188052956103765,-0.018817461153629856
2007-10-16,0.5651586372356056,0.5651586372356056,0.9053290257942025,0.04600880119237083,0.006085516281448327,0.006062511880852142
2007-10-17,0.5621108511925359,0.5621108511925359,0.6749453670582889,0.2303836587359136,0.004957460184550589,0.004842268355182632
2007-10-18,0.5043095592285483,0.5043095592285483,0.5651586372356056,0.10978672982268334,-0.003621220531632765,-0.0036761138965441063
2007-10-19,0.40461448402998834,0.40461448402998834,0.5621108511925359,0.0030477860430696557,-0.008749970740269565,-0.0087514946332911
2007-10-22,0.3432237781503664,0.3432237781503664,0.5043095592285483,0.057801291963987644,0.0006835326078425931,0.0006546319618605993
2007-10-23,0.343830713049203,0.343830713049203,0.40461448402998834,0.09969507519855991,0.004381347212950956,0.004331499675351676
2007-10-24,0.31003829812972816,0.31003829812972816,0.3432237781503664,0.06139070587962192,-0.0029873149694153987,-0.0030180103223552096
2007-10-25,0.35839084634349483,0.35839084634349483,0.343830713049203,0.0006069348988365642,0.00379284144913067,0.003792537981681252
2007-10-26,0.5483555652241588,0.5483555652241588,0.31003829812972816,0.03379241491947482,0.004763330545927208,0.00474643433846747
2007-10-29,0.6989037101494393,0.6989037101494393,0.35839084634349483,0.048352548213766666,0.0030652853841789053,0.003041109110072022
2007-10-30,0.6489328772975305,0.6489328772975305,0.5483555652241588,0.18996471888066402,-0.007511971787135778,-0.00760695414657611
2007-10-31,0.765955251531687,0.765955251531687,0.6989037101494393,0.15054814492528046,0.01093957130453243,0.010864297232069789
2007-11-01,0.6402090769771867,0.6402090769771867,0.6489328772975305,0.04997083285190884,-0.018733950119017673,-0.018758935535443628
2007-11-02,0.5245896717083848,0.5245896717083848,0.765955251531687,0.11702237423415651,-0.006162981577176582,-0.006221492764293661
2007-11-05,0.40929524842985876,0.40929524842985876,0.6402090769771867,0.12574617455450032,-0.008078578899284582,-0.008141451986561831
2007-11-06,0.324843099247363,0.324843099247363,0.5245896717083848,0.11561940526880188,-0.0009577404161474322,-0.0010155501187818332
2007-11-07,0.23126017523187656,0.23126017523187656,0.40929524842985876,0.11529442327852601,-0.005988765615235494,-0.006046412826874756
2007-11-08,0.14779100029857148,0.14779100029857148,0.324843099247363,0.08445214918249577,-0.002788697432775327,-0.002830923507366575
2007-11-09,0.07905738621774595,0.07905738621774595,0.23126017523187656,0.09358292401548643,0.00021659327698517167,0.00016980181497742845
2007-11-12,0.026901105917114483,0.026901105917114483,0.14779100029857148,0.08346917493330508,0.0001036317234306829,6.189713596403037e-05
2007-11-13,0.030144286019822285,0.030144286019822285,0.07905738621774595,0.06873361408082553,0.0014407924128373567,0.001406425605796944
2007-11-14,0.027075738381138824,0.027075738381138824,0.026901105917114483,0.05215628030063147,-3.704696198558876e-05,-6.31251021359045e-05
2007-11-15,0.008145639391591748,0.008145639391591748,0.030144286019822285,0.0032431801027078024,-0.00033247418583975377,-0.0003340957758911077
2007-11-16,0.017773513534914673,0.017773513534914673,0.027075738381138824,0.0030685476386834616,0.0004089014576858723,0.00040736718386653057
2007-11-19,-0.0024807960647452738,-0.0024807960647452738,0.008145639391591748,0.018930098989547076,-0.00011932153088153882,-0.00012878658037631237
2007-11-20,-0.011338394753721729,-0.011338394753721729,0.017773513534914673,0.009627874143322925,4.541681040439184e-05,4.060287333273038e-05
2007-11-21,-0.11749282343505202,-0.11749282343505202,-0.0024807960647452738,0.020254309599659945,6.955018092433318e-05,5.942302612450321e-05
2007-11-23,-0.13050121318528135,-0.13050121318528135,-0.011338394753721729,0.008857598688976455,-0.0001865006776063453,-0.00019092947695083354
2007-11-26,-0.3333284871586883,-0.3333284871586883,-0.11749282343505202,0.10615442868133029,0.003885243722555696,0.0038321665082150305
2007-11-27,-0.42666964445128996,-0.42666964445128996,-0.13050121318528135,0.013008389750229332,-0.0007279984975429067,-0.0007345026924180214
2007-11-28,-0.3691922775088844,-0.3691922775088844,-0.3333284871586883,0.20282727397340694,-0.007637830221191761,-0.007739243858178465
2007-11-29,-0.3251077053154174,-0.3251077053154174,-0.42666964445128996,0.09334115729260167,-0.0007041828950791806,-0.0007508534737254815
2007-11-30,-0.23147025320758685,-0.23147025320758685,-0.3691922775088844,0.05747736694240557,-0.006344315591957366,-0.006373054275428568
2007-12-03,-0.1789960551743451,-0.1789960551743451,-0.3251077053154174,0.04408457219346701,0.0009028488844405292,0.0008808065983437957
2007-12-04,-0.10013544214895265,-0.10013544214895265,-0.23147025320758685,0.09363745210783053,-0.003814034377894208,-0.0038608531039481236
2007-12-05,0.02237432975550474,0.02237432975550474,-0.1789960551743451,0.05247419803324174,-0.0029424154838041837,-0.0029686525828208046
2007-12-06,0.08215305552121399,0.08215305552121399,-0.10013544214895265,0.07886061302539246,0.0002249246617716624,0.00018549435525896615
2007-12-07,0.22634625946104428,0.22634625946104428,0.02237432975550474,0.12250977190445739,0.0004432551042304008,0.00038200021827817214
2007-12-10,0.25413078481887535,0.25413078481887535,0.08215305552121399,0.05977872576570925,9.06775866285051e-05,6.078822374565048e-05
2007-12-11,0.22249728403832142,0.22249728403832142,0.22634625946104428,0.1441932039398303,-0.0043921614777549705,-0.004464258079724886
2007-12-12,0.2340145324840641,0.2340145324840641,0.25413078481887535,0.027784525357831075,0.002685801039539778,0.0026719087768608623
2007-12-13,0.25101624145190904,0.25101624145190904,0.22249728403832142,0.031633500780553936,0.0003961152920976683,0.00038029854170739134
2007-12-14,0.21192646285992453,0.21192646285992453,0.2340145324840641,0.011517248445742673,-0.0033787149719100157,-0.0033844735961328872
2007-12-17,0.10592094710852717,0.10592094710852717,0.25101624145190904,0.017001708967844947,-0.007184861332516884,-0.007193362187000806
2007-12-18,0.08653848164074099,0.08653848164074099,0.21192646285992453,0.03908977859198451,0.003491232904199075,0.003471688014903083
2007-12-19,0.06197281756653056,0.06197281756653056,0.10592094710852717,0.10600551575139736,-0.00038687295071625433,-0.000439875708591953
2007-12-20,0.05674158667043605,0.05674158667043605,0.08653848164074099,0.019382465467786186,0.0003370247503174923,0.0003273335175835992
2007-12-21,0.08329428603984004,0.08329428603984004,0.06197281756653056,0.02456566407421043,0.0007071329512728282,0.000694850119235723
2007-12-24,0.14389034413816298,0.14389034413816298,0.05674158667043605,0.0052312308960945075,0.000601725051585278,0.0005991094361372308
2007-12-26,0.21157650501062591,0.21157650501062591,0.08329428603984004,0.026552699369403993,0.0005764953731307421,0.0005632190234460401
2007-12-27,0.19095184290731532,0.19095184290731532,0.14389034413816298,0.06059605809832294,-0.0022970919949664662,-0.0023273900240156275
2007-12-28,0.19706026960761902,0.19706026960761902,0.21157650501062591,0.06768616087246293,0.0011441215834971706,0.0011102785030609392
2007-12-31,0.13799412977068315,0.13799412977068315,0.19095184290731532,0.020624662103310598,-0.003979969224504399,-0.003990281555556054
2008-01-02,0.07600642150695486,0.07600642150695486,0.19706026960761902,0.006108426700303704,-0.0021650171972485066,-0.0021680714105986585
2008-01-03,0.04507483763329634,0.04507483763329634,0.13799412977068315,0.05906613983693587,0.0006387813802698902,0.0006092483103514222
2008-01-04,-0.021366710095075125,-0.021366710095075125,0.07600642150695486,0.06198770826372829,-0.0014182538873084595,-0.0014492477414403237
2008-01-07,-0.026333431419023078,-0.026333431419023078,0.04507483763329634,0.03093158387365852,0.0007935621333082123,0.000778096341371383
2008-01-08,-0.09798922227930384,-0.09798922227930384,-0.021366710095075125,0.06644154772837146,0.00046297596126597927,0.00042975518740179355
2008-01-09,-0.10573134674923026,-0.10573134674923026,-0.026333431419023078,0.004966721323947952,-0.0003010268136140558,-0.0003035101742760298
2008-01-10,-0.05035315877660728,-0.05035315877660728,-0.09798922227930384,0.07165579086028076,-0.0022611052914794138,-0.002296933186909554
2008-01-11,-0.08100086230547925,-0.08100086230547925,-0.10573134674923026,0.00774212446992642,0.0023116930436462542,0.002307821981411291
2008-01-14,-0.06540189790191665,-0.06540189790191665,-0.05035315877660728,0.055378187972622984,-0.0005805291706372333,-0.0006082182646235448
2008-01-15,-0.12030744366968524,-0.12030744366968524,-0.08100086230547925,0.030647703528871965,0.001545007683363691,0.0015296838315992552
2008-01-16,-0.1426797151812859,-0.1426797151812859,-0.06540189790191665,0.015598964403562593,-0.00023260594232205243,-0.00024040542452383374
2008-01-17,-0.40128619487283146,-0.40128619487283146,-0.12030744366968524,0.054905545767768585,0.00400828433457843,0.003980831561694546
2008-01-18,-0.6008574632485544,-0.6008574632485544,-0.1426797151812859,0.02237227151160065,0.006347603283880995,0.006336417148125195
2008-01-22,-0.7339049754990363,-0.7339049754990363,-0.40128619487283146,0.2586064796915456,0.012934625521291584,0.012805322281445812
2008-01-23,-0.7801234091074065,-0.7801234091074065,-0.6008574632485544,0.19957126837572292,-0.0038119623625707776,-0.003911747996758639
2008-01-24,-0.7846679480114647,-0.7846679480114647,-0.7339049754990363,0.13304751225048195,-0.003084321836018002,-0.003150845592143243
2008-01-25,-0.8564452986743099,-0.8564452986743099,-0.7801234091074065,0.04621843360837019,0.009590733322954268,0.009567624106150084
2008-01-28,-0.8379940033686372,-0.8379940033686372,-0.7846679480114647,0.0045445389040581485,-0.007273320033698225,-0.007275592303150255
2008-01-29,-0.7348323492609365,-0.7348323492609365,-0.8564452986743099,0.07177735066284519,-0.013483764222730997,-0.01351965289806242
2008-01-30,-0.7320969961337047,-0.7320969961337047,-0.8379940033686372,0.018451295305672688,0.010174961457615964,0.010165735809963128
2008-01-31,-0.6558336676672533,-0.6558336676672533,-0.7348323492609365,0.10316165410770062,-0.011337929564001252,-0.011389510391055102
2008-02-01,-0.6055707955707235,-0.6055707955707235,-0.7320969961337047,0.002735353127231832,0.0015084042921127052,0.0015070366155490894
2008-02-04,-0.5471011631691085,-0.5471011631691085,-0.6558336676672533,0.07626332846645145,0.0023697225294536054,0.00233159086522038
2008-02-05,-0.6980674421127391,-0.6980674421127391,-0.6055707955707235,0.0502628720965298,0.02791772629343666,0.027892594857388396
2008-02-06,-0.7987116280751594,-0.7987116280751594,-0.5471011631691085,0.05846963240161496,0.0019313079247693437,0.0019020731085685363
2008-02-07,-0.8092370418732407,-0.8092370418732407,-0.6980674421127391,0.15096627894363057,-0.004755404657792487,-0.004830887797264302
2008-02-08,-0.8728246945821605,-0.8728246945821605,-0.7987116280751594,0.10064418596242031,0.011456416053113228,0.011406093960132018
2008-02-11,-0.8385773175971992,-0.8385773175971992,-0.8092370418732407,0.010525413798081362,-0.008220953770192677,-0.008226216477091717
2008-02-12,-0.7135550739335139,-0.7135550739335139,-0.8728246945821605,0.06358765270891975,-0.018268212116106342,-0.0183000059424608
2008-02-13,-0.5557957693071939,-0.5557957693071939,-0.8385773175971992,0.034247376984961275,-0.024558460054949077,-0.024575583743441556
2008-02-14,-0.49419902031054463,-0.49419902031054463,-0.7135550739335139,0.1250222436636853,0.011811990432595083,0.01174947931076324
2008-02-15,-0.46943746056732905,-0.46943746056732905,-0.5557957693071939,0.15775930462632004,0.002777774282820132,0.002698894630506972
2008-02-19,-0.6462916403782194,-0.6462916403782194,-0.49419902031054463,0.06159674899664924,0.032528402059996665,0.03249760368549834
2008-02-20,-0.764194426918813,-0.764194426918813,-0.46943746056732905,0.02476155974321559,0.0013285519371928338,0.001316171157321226
2008-02-21,-0.8241377860533852,-0.8241377860533852,-0.6462916403782194,0.17685417981089036,-0.0022006542705648464,-0.0022890813604702917
2008-02-22,-0.7644572540073147,-0.7644572540073147,-0.764194426918813,0.11790278654059361,-0.018154009480428432,-0.018212960873698728
2008-02-25,-0.6941646325098174,-0.6941646325098174,-0.8241377860533852,0.05994335913457216,-0.007285459440199947,-0.007315431119767233
2008-02-26,-0.6240857411465881,-0.6240857411465881,-0.7644572540073147,0.05968053204607049,-0.006070349788001821,-0.006100190054024856
2008-02-27,-0.6102888614107802,-0.6102888614107802,-0.6941646325098174,0.07029262149749727,0.007920432291329958,0.007885285980581209
2008-02-28,-0.5345739115131306,-0.5345739115131306,-0.6240857411465881,0.07007889136322931,-0.013548312801284695,-0.01358335224696631
2008-02-29,-0.5543938927890786,-0.5543938927890786,-0.6102888614107802,0.013796879735807899,0.01411620373374351,0.014109305293875605
2008-03-03,-0.5713542050078738,-0.5713542050078738,-0.5345739115131306,0.0757149498976496,0.00044155062558732627,0.00040369315063850145
2008-03-04,-0.6000664332372772,-0.6000664332372772,-0.5543938927890786,0.019819981275947973,0.009166086309488954,0.00915617631885098
2008-03-05,-0.5742225072484544,-0.5742225072484544,-0.5713542050078738,0.016960312218795237,-0.0041622635479730925,-0.00417074370408249
2008-03-06,-0.7051337255308097,-0.7051337255308097,-0.6000664332372772,0.028712228229403336,0.011183547476861216,0.011169191362746514
2008-03-07,-0.8034224836872065,-0.8034224836872065,-0.5742225072484544,0.02584392598882279,0.00325503531420763,0.0032421133512132183
2008-03-10,-0.8689483224581378,-0.8689483224581378,-0.7051337255308097,0.1309112182823553,0.014271594268550838,0.01420613865940966
2008-03-11,-0.7575028097542498,-0.7575028097542498,-0.8034224836872065,0.09828875815639682,-0.019635460132466646,-0.019684604511544843
2008-03-12,-0.7897098705854382,-0.7897098705854382,-0.8689483224581378,0.06552583877093132,0.015548022480975204,0.015515259561589738
2008-03-13,-0.7799818531387585,-0.7799818531387585,-0.7575028097542498,0.11144551270388803,-0.0019716882884172103,-0.0020274110447691543
2008-03-14,-0.853321235425839,-0.853321235425839,-0.7897098705854382,0.032207060831188405,0.019361286578928855,0.01934518304851326
2008-03-17,-0.7652980535927676,-0.7652980535927676,-0.7799818531387585,0.009728017446679726,-0.01821958257680634,-0.01822444658552968
2008-03-18,-0.6439666058769161,-0.6439666058769161,-0.853321235425839,0.07333938228708059,-0.01676546547164,-0.016802135162783543
2008-03-19,-0.5749480901035001,-0.5749480901035001,-0.7652980535927676,0.08802318183307145,0.003469386253367637,0.003425374662451101
2008-03-20,-0.46939771136187236,-0.46939771136187236,-0.6439666058769161,0.12133144771585147,-0.018147735972214626,-0.018208401696072553
2008-03-24,-0.366055728932175,-0.366055728932175,-0.5749480901035001,0.069018515773416,-0.013529935518536554,-0.013564444776423263
2008-03-25,-0.2876611177919674,-0.2876611177919674,-0.46939771136187236,0.10555037874162776,0.0008887308117320032,0.0008359556223611894
2008-03-26,-0.2696679104978892,-0.2696679104978892,-0.366055728932175,0.10334198242969739,0.007539393088138345,0.007487722096923496
2008-03-27,-0.25249126369557956,-0.25249126369557956,-0.2876611177919674,0.07839461114020757,0.0014327252048253677,0.0013935278992552639
2008-03-28,-0.248527479629486,-0.248527479629486,-0.2696679104978892,0.017993207294078217,0.0008249372003921453,0.0008159405967451063
2008-03-31,-0.20378288140749498,-0.20378288140749498,-0.25249126369557956,0.017176646802309625,-0.004225751196001036,-0.0042343395194021916
2008-04-01,-0.14361544860601588,-0.14361544860601588,-0.248527479629486,0.003963784066093573,-0.010335206369830086,-0.010337188261863132
2008-04-02,-0.09975999155503276,-0.09975999155503276,-0.20378288140749498,0.044744598221991005,-0.0009166217249560338,-0.0009389940240670294
2008-04-03,-0.06820342397428601,-0.06820342397428601,-0.14361544860601588,0.0601674328014791,-0.0004162037565080112,-0.00044628747290875075
2008-04-04,-0.06358745028433876,-0.06358745028433876,-0.09975999155503276,0.04385545705098312,0.0019129570730768853,0.0018910293445513937
2008-04-07,-0.05651757116193389,-0.05651757116193389,-0.06820342397428601,0.03155656758074675,-0.0001095938747514154,-0.00012537215854178878
2008-04-08,-0.05382012865518461,-0.05382012865518461,-0.06358745028433876,0.0046159736899472475,0.00037836690783702207,0.00037605892099204844
2008-04-09,-0.07111718197320727,-0.07111718197320727,-0.05651757116193389,0.007069879122404872,0.0011226811167802245,0.0011191461772190221
2008-04-10,-0.08315434292843937,-0.08315434292843937,-0.05382012865518461,0.0026974425067492827,0.00028386587424493383,0.0002825171529915592
2008-04-11,-0.10127297814226074,-0.10127297814226074,-0.07111718197320727,0.017297053318022657,0.00047637173661929476,0.00046772320996028345
2008-04-14,-0.10440051250502631,-0.10440051250502631,-0.08315434292843937,0.012037160955232107,0.0005841177135537585,0.0005780991330761424
2008-04-15,-0.07008904519961072,-0.07008904519961072,-0.10127297814226074,0.01811863521382137,0.0006591221638331976,0.0006500628462262869
2008-04-16,-0.044894096887268725,-0.044894096887268725,-0.10440051250502631,0.003127534362765569,-0.002200449094485676,-0.0022020128616670586
2008-04-17,-0.028003577338474826,-0.028003577338474826,-0.07008904519961072,0.034311467305415594,-0.0,-1.7155733652707796e-05
2008-04-18,-0.01617005624582819,-0.01617005624582819,-0.044894096887268725,0.025194948312341994,-0.00022539259932797157,-0.00023799007348414256
2008-04-21,-0.008889750627507825,-0.008889750627507825,-0.028003577338474826,0.0168905195487939,5.441407615053146e-05,4.596881637613451e-05
2008-04-22,-0.005473634048377447,-0.005473634048377447,-0.01617005624582819,0.011833521092646637,0.0001034179509939077,9.750119044758438e-05
2008-04-23,0.0005754474000248251,0.0005754474000248251,-0.008889750627507825,0.0072803056183203645,-0.00014928293121379586,-0.00015292308402295606
2008-04-24,0.004465430335818688,0.004465430335818688,-0.005473634048377447,0.0034161165791303785,-4.518257545950237e-06,-6.226315835515426e-06
2008-04-25,0.02688462457745928,0.02688462457745928,0.0005754474000248251,0.0060490814484022715,1.0762212444834033e-05,7.737671720632897e-06
2008-04-28,0.240290637998814,0.240290637998814,0.004465430335818688,0.003889982935793863,0.00010970669323096002,0.00010776170176306309
2008-04-29,0.4935270919992093,0.4935270919992093,0.02688462457745928,0.022419194241640593,0.0001841804238352933,0.000172970826714473
2008-04-30,0.6623513946661396,0.6623513946661396,0.240290637998814,0.21340601342135473,0.0016978834540718412,0.0015911804473611637
2008-05-01,0.7749009297774264,0.7749009297774264,0.4935270919992093,0.2532364540003953,0.01077369249603027,0.010647074269030072
2008-05-02,0.849933953184951,0.849933953184951,0.6623513946661396,0.16882430266693027,0.004548204208758673,0.004463792057425208
2008-05-05,0.7002250898051773,0.7002250898051773,0.7749009297774264,0.11254953511128685,-0.01350550484135837,-0.013561779608914012
2008-05-06,0.5910248195091071,0.5910248195091071,0.849933953184951,0.0750330234075246,-0.0002186233536519076,-0.0002561398653556699
2008-05-07,0.4690404085914365,0.4690404085914365,0.7002250898051773,0.14970886337977374,-0.010983193841739488,-0.011058048273429374
2008-05-08,0.3875287367807447,0.3875287367807447,0.5910248195091071,0.10920027029607016,-0.0004633005480612307,-0.0005179006832092658
2008-05-09,0.31077382030665324,0.31077382030665324,0.4690404085914365,0.12198441091767065,-0.004169190498787023,-0.004230182704245858
2008-05-12,0.24746127584517555,0.24746127584517555,0.3875287367807447,0.0815116718106918,0.001533379104297166,0.00149262326839182
2008-05-13,0.20572369687925984,0.20572369687925984,0.31077382030665324,0.07675491647409144,0.000408275921988108,0.00036989846375106225
2008-05-14,0.3138376637953917,0.3138376637953917,0.24746127584517555,0.06331254446147769,0.0054544543960689425,0.005422798123838204
2008-05-15,0.3498915633396048,0.3498915633396048,0.20572369687925984,0.041737578965915706,-0.00026410577029670565,-0.0002849745597796635
2008-05-16,0.3482398795493108,0.3482398795493108,0.3138376637953917,0.10811396691613184,-0.001048804397389962,-0.001102861380848028
2008-05-19,0.39148673498620534,0.39148673498620534,0.3498915633396048,0.03605389954421312,0.0029781585694580452,0.002960131619685939
2008-05-20,0.32777715489921394,0.32777715489921394,0.3482398795493108,0.0016516837902940118,-0.011311100544609095,-0.011311926386504242
2008-05-21,0.2526914183792875,0.2526914183792875,0.39148673498620534,0.04324685543689455,-0.006312673591589303,-0.006334297019307751
2008-05-22,0.21646021540784505,0.21646021540784505,0.32777715489921394,0.0637095800869914,0.002201660922471075,0.002169806132427579
2008-05-23,0.17509418898034096,0.17509418898034096,0.2526914183792875,0.07508573651992645,-0.0026301043484467856,-0.002667647216706749
2008-05-27,0.16445848896020418,0.16445848896020418,0.21646021540784505,0.036231202971442444,0.0017513906333118927,0.0017332750318261715
2008-05-28,0.18336961768298154,0.18336961768298154,0.17509418898034096,0.04136602642750409,0.0018267568832572465,0.0018060738700434946
2008-05-29,0.238586473585622,0.238586473585622,0.16445848896020418,0.010635700020136779,0.002612504924941699,0.0026071870749316307
2008-05-30,0.28656750743643455,0.28656750743643455,0.18336961768298154,0.018911128722777365,0.0004779199818614428,0.0004684644175000541
2008-06-02,0.27145022021616544,0.27145022021616544,0.238586473585622,0.055216855902640444,-0.0037832555048200253,-0.0038108639327713457
2008-06-03,0.22872641842126057,0.22872641842126057,0.28656750743643455,0.047981033850812566,-0.0037844598101889134,-0.0038084503271143197
2008-06-04,0.16964759130672774,0.16964759130672774,0.27145022021616544,0.015117287220269116,-0.0027610855163164626,-0.0027686441599265974
2008-06-05,0.33275766064050827,0.33275766064050827,0.22872641842126057,0.04272380179490487,0.012246668328942677,0.012225306428045224
2008-06-06,0.3606234254100658,0.3606234254100658,0.16964759130672774,0.05907882711453283,-0.003178757926811992,-0.0032082973403692585
2008-06-09,0.3515444264106774,0.3515444264106774,0.33275766064050827,0.16311006933378053,-0.00252418511990059,-0.00260574015456748
2008-06-10,0.29269723966905103,0.29269723966905103,0.3606234254100658,0.027865764769557544,-0.003992024968521252,-0.004005957850906031
2008-06-11,0.16893645708347815,0.16893645708347815,0.3515444264106774,0.00907899899938841,-0.007964190225078915,-0.00796872972457861
2008-06-12,0.08405284225634807,0.08405284225634807,0.29269723966905103,0.05884718674162637,-0.00031934221578236704,-0.00034876580915318024
2008-06-13,0.06033642254821271,0.06033642254821271,0.16893645708347815,0.12376078258557288,0.0032284767923155436,0.003166596401022757
2008-06-16,-0.07104221105193395,-0.07104221105193395,0.08405284225634807,0.08488361482713008,-0.002454258204967747,-0.0024967000123813123
2008-06-17,-0.20997318274452875,-0.20997318274452875,0.06033642254821271,0.02371641970813536,-0.000582725599200505,-0.0005945838090545728
2008-06-18,-0.2884140915355764,-0.2884140915355764,-0.07104221105193395,0.13137863360014668,-0.00017812590885077947,-0.0002438152256508528
2008-06-19,-0.24138163157762227,-0.24138163157762227,-0.20997318274452875,0.1389309716925948,-0.00303464874029114,-0.0031041142261374376
2008-06-20,-0.39612208150590605,-0.39612208150590605,-0.2884140915355764,0.07844090879104765,0.008849847737387803,0.008810627282992279
2008-06-23,-0.394662706872784,-0.394662706872784,-0.24138163157762227,0.04703245995795413,-0.0036158450221281955,-0.0036393612521071726
2008-06-24,-0.49780121701401053,-0.49780121701401053,-0.39612208150590605,0.15474044992828379,0.005515353840640795,0.005437983615676652
2008-06-25,-0.5243472245827617,-0.5243472245827617,-0.394662706872784,0.001459374633122068,-0.0020061588522540907,-0.0020068885395706517
2008-06-26,-0.6828981497218412,-0.6828981497218412,-0.49780121701401053,0.10313851014122655,0.017903778542718882,0.01785220928764827
2008-06-27,-0.7885987664812275,-0.7885987664812275,-0.5243472245827617,0.026546007568751195,0.0004583502158480289,0.0004450772120636533
2008-06-30,-0.6480253848392176,-0.6480253848392176,-0.6828981497218412,0.15855092513907942,-0.022311743432744335,-0.022391018895313874
2008-07-01,-0.5391105514331626,-0.5391105514331626,-0.7885987664812275,0.10570061675938636,-0.0028960149458757425,-0.0029488652542554354
2008-07-02,-0.45605334528604624,-0.45605334528604624,-0.6480253848392176,0.14057338164200994,-0.0018240130660294837,-0.0018942997568504886
2008-07-03,-0.38738500128504705,-0.38738500128504705,-0.5391105514331626,0.10891483340605501,-0.0018158663633365145,-0.001870323780039542
2008-07-07,-0.360863192853854,-0.360863192853854,-0.45605334528604624,0.08305720614711631,0.004082277481968443,0.004040748878894885
2008-07-08,-0.306522319588426,-0.306522319588426,-0.38738500128504705,0.06866834400099919,-0.003984482804991337,-0.004018816976991836
2008-07-09,-0.35077349540170366,-0.35077349540170366,-0.360863192853854,0.02652180843119306,0.007143836532514676,0.0071305756282990795
2008-07-10,-0.3484676459051561,-0.3484676459051561,-0.306522319588426,0.05434087326542797,-0.0021226223575229277,-0.0021497927941556416
2008-07-11,-0.30436440814155763,-0.30436440814155763,-0.35077349540170366,0.04425117581327764,-0.0002007465648988777,-0.00022287215280551652
2008-07-14,-0.27907300270556756,-0.27907300270556756,-0.3484676459051561,0.0023058494965475518,0.00039893895761137165,0.0003977860328630979
2008-07-15,-0.20097432464644832,-0.20097432464644832,-0.30436440814155763,0.04410323776359848,-0.0013961423009007424,-0.0014181939197825417
2008-07-16,-0.14350102872134513,-0.14350102872134513,-0.27907300270556756,0.025291405435990066,-0.0027079123281832976,-0.0027205580309012925
2008-07-17,-0.10424089428315297,-0.10424089428315297,-0.20097432464644832,0.07809867805911924,-0.00028398312989171286,-0.0003230324689212725
2008-07-18,-0.0779066841394157,-0.0779066841394157,-0.14350102872134513,0.057473295925103196,-8.098145167827348e-05,-0.00010971809964082507
2008-07-21,-0.06650466977388007,-0.06650466977388007,-0.10424089428315297,0.03926013443819215,0.0008821371346829154,0.0008625070674638193
2008-07-22,-0.08866485945882507,-0.08866485945882507,-0.0779066841394157,0.02633421014373727,0.0010416931959101948,0.001028526090838326
2008-07-23,-0.07305007320155169,-0.07305007320155169,-0.06650466977388007,0.011402014365535632,-0.002224487547203079,-0.002230188554385847
2008-07-24,-0.11411430534898206,-0.11411430534898206,-0.08866485945882507,0.022160189684945,0.0018554326740590342,0.0018443525792165617
2008-07-25,-0.2358670428838322,-0.2358670428838322,-0.07305007320155169,0.015614786257273389,0.0013323668873973333,0.0013245594942686966
2008-07-28,-0.4905780285892215,-0.4905780285892215,-0.11411430534898206,0.04106423214743038,0.002815532393389307,0.002795000277315592
2008-07-29,-0.5132443172073415,-0.5132443172073415,-0.2358670428838322,0.12175273753485014,-0.003720468105385963,-0.0037813444741533883
2008-07-30,-0.4896868641848714,-0.4896868641848714,-0.4905780285892215,0.2547109857053893,-0.003018359366362405,-0.0031457148592150992
2008-07-31,-0.530741708636247,-0.530741708636247,-0.5132443172073415,0.022666288618120034,0.00448363748862865,0.00447230434431959
2008-08-01,-0.5676560730545148,-0.5676560730545148,-0.4896868641848714,0.023557453022470143,0.0005753680509099349,0.0005635893243986998
2008-08-04,-0.6358111820309187,-0.6358111820309187,-0.530741708636247,0.04105484445137564,0.0026536589340661653,0.0026331315118404775
2008-08-05,-0.5472733795114412,-0.5472733795114412,-0.5676560730545148,0.03691436441826779,-0.012081121615929332,-0.012099578798138466
2008-08-06,-0.5042491497262278,-0.5042491497262278,-0.6358111820309187,0.06815510897640387,0.0057047217774724,0.005670644222984198
2008-08-07,-0.622644748954468,-0.622644748954468,-0.5472733795114412,0.08853780251947752,0.008631147329195862,0.008586878427936123
2008-08-08,-0.51280016401629,-0.51280016401629,-0.5042491497262278,0.043024229785213364,-0.013317220535449011,-0.013338732650341618
2008-08-11,-0.3710868136686221,-0.3710868136686221,-0.622644748954468,0.11839559922824017,-0.012780258535062075,-0.012839456334676196
2008-08-12,-0.3108866981650314,-0.3108866981650314,-0.51280016401629,0.10984458493817795,0.006972835944679148,0.00691791365221006
2008-08-13,-0.3282109481015648,-0.3282109481015648,-0.3710868136686221,0.1417133503476679,0.005008922780003571,0.004938066104829737
2008-08-14,-0.2993725287722949,-0.2993725287722949,-0.3108866981650314,0.06020011550359072,-0.0030771089578386134,-0.003107209015590409
2008-08-15,-0.2565981672293679,-0.2565981672293679,-0.3282109481015648,0.01732424993653342,-0.0025546753799377117,-0.0025633375049059783
2008-08-18,-0.24824911762274215,-0.24824911762274215,-0.2993725287722949,0.028838419329269893,0.001884015611091861,0.0018695964014272262
2008-08-19,-0.31276865028259293,-0.31276865028259293,-0.2565981672293679,0.04277436154292702,0.003988591967603099,0.003967204786831636
2008-08-20,-0.3143995294442789,-0.3143995294442789,-0.24824911762274215,0.008349049606625747,-0.0018146441737824438,-0.0018188186985857566
2008-08-21,-0.2904412406035784,-0.2904412406035784,-0.31276865028259293,0.06451953265985078,-0.001089646980832506,-0.0011219067471624315
2008-08-22,-0.2164357015222179,-0.2164357015222179,-0.3143995294442789,0.001630879161685972,-0.006547990493017093,-0.006548805932597936
2008-08-25,-0.2315825147189017,-0.2315825147189017,-0.2904412406035784,0.023958288840700503,0.006830990681992794,0.006819011537572444
2008-08-26,-0.27037366751782455,-0.27037366751782455,-0.2164357015222179,0.07400553908136051,0.0013817741478205229,0.0013447713782798426
2008-08-27,-0.23786688580289087,-0.23786688580289087,-0.2315825147189017,0.015146813196683817,-0.0031787232597617634,-0.0031862966663601055
2008-08-28,-0.17796553616154936,-0.17796553616154936,-0.27037366751782455,0.03879115279892284,-0.005920151047262235,-0.0059395466236616965
2008-08-29,-0.1487515335089203,-0.1487515335089203,-0.23786688580289087,0.03250678171493368,0.0023471582454283003,0.0023309048545708333
2008-09-02,-0.07561838578879712,-0.07561838578879712,-0.17796553616154936,0.0599013496413415,-0.003597873282741204,-0.0036278239575618745
2008-09-03,-0.022260803864658042,-0.022260803864658042,-0.1487515335089203,0.02921400265262908,0.0005397211093177162,0.0005251141079914017
2008-09-04,-0.15345350822261422,-0.15345350822261422,-0.07561838578879712,0.07313314772012317,0.003156064993268228,0.0031194984194081667
2008-09-05,-0.2716060208582799,-0.2716060208582799,-0.022260803864658042,0.05335758192413908,8.458437827950718e-05,5.790558731743764e-05
2008-09-08,-0.19032092993735578,-0.19032092993735578,-0.15345350822261422,0.13119270435795619,-0.004682775323870094,-0.004748371676049072
2008-09-09,-0.06237236819689518,-0.06237236819689518,-0.2716060208582799,0.11815251263566567,-0.0008506936932376263,-0.0009097699495554592
2008-09-10,-0.054688996885422475,-0.054688996885422475,-0.19032092993735578,0.08128509092092412,0.002755120192387561,0.002714477646927099
2008-09-11,-0.04780141652002344,-0.04780141652002344,-0.06237236819689518,0.1279485617404606,-1.7959083878442046e-05,-8.193336474867234e-05
2008-09-12,-0.07670424857512684,-0.07670424857512684,-0.054688996885422475,0.007683371311472703,0.0003779252677281781,0.0003740835820724417
2008-09-15,-0.38446949905008454,-0.38446949905008454,-0.04780141652002344,0.006887580365399035,0.0017324405672290593,0.0017289967770463598
2008-09-16,-0.5896463327000564,-0.5896463327000564,-0.07670424857512684,0.028902832055103397,0.000923046573424299,0.0009085951573967473
2008-09-17,-0.7264308884667043,-0.7264308884667043,-0.38446949905008454,0.30776525047495773,0.01849748723920103,0.018343604613963553
2008-09-18,-0.5726544793228897,-0.5726544793228897,-0.5896463327000564,0.20517683364997186,-0.025087158452223014,-0.025189746869048
2008-09-19,-0.39817182386441174,-0.39817182386441174,-0.7264308884667043,0.13678455576664794,-0.015826178158505896,-0.01589457043638922
2008-09-22,-0.43119695933945756,-0.43119695933945756,-0.5726544793228897,0.15377640914381463,0.021840085753544746,0.021763197548972837
2008-09-23,-0.6207979728929718,-0.6207979728929718,-0.39817182386441174,0.17448265545847796,0.012182600763825071,0.012095359436095831
2008-09-24,-0.6900990542126298,-0.6900990542126298,-0.43119695933945756,0.03302513547504582,-0.003194052357865276,-0.003210564925602799
2008-09-25,-0.6043352767417289,-0.6043352767417289,-0.6207979728929718,0.18960101355351422,-0.015281585462351751,-0.015376385969128508
2008-09-26,-0.5302469871413613,-0.5302469871413613,-0.6900990542126298,0.06930108131965806,-0.0027994540812437425,-0.0028341046219035717
2008-09-29,-0.6868313247609076,-0.6868313247609076,-0.6043352767417289,0.08576377747090091,0.02929668605869048,0.029253804169955027
2008-09-30,-0.561411479771802,-0.561411479771802,-0.5302469871413613,0.07408828960036762,-0.025455922547076557,-0.02549296669187674
2008-10-01,-0.5580746163971514,-0.5580746163971514,-0.6868313247609076,0.15658433761954627,0.014553911062551654,0.014475618893741882
2008-10-02,-0.5701864931640843,-0.5701864931640843,-0.561411479771802,0.12541984498910563,0.002502460123731638,0.0024397502012370852
2008-10-03,-0.5797328191360442,-0.5797328191360442,-0.5580746163971514,0.003336863374650556,0.0005353908766018156,0.0005337224449144904
2008-10-06,-0.7198218794240295,-0.7198218794240295,-0.5701864931640843,0.012111876766932927,0.023362383774659767,0.0233563278362763
2008-10-07,-0.8132145862826864,-0.8132145862826864,-0.5797328191360442,0.009546325971959924,0.020704754386342297,0.02069998122335632
2008-10-08,-0.8754763908551244,-0.8754763908551244,-0.7198218794240295,0.1400890602879853,0.017723228963546955,0.01765318443340296
2008-10-09,-0.9169842605700831,-0.9169842605700831,-0.8132145862826864,0.09339270685865686,0.052787185212620526,0.0527404888591912
2008-10-10,-0.8353975152967714,-0.8353975152967714,-0.8754763908551244,0.06226180457243802,-0.028360894616037136,-0.028392025518323354
2008-10-13,-0.6269343187077188,-0.6269343187077188,-0.9169842605700831,0.04150786971495868,-0.07398899503545764,-0.07400974897031512
2008-10-14,-0.4828614647301863,-0.4828614647301863,-0.8353975152967714,0.08158674527331167,-0.0005776064857045554,-0.0006183998583412112
2008-10-15,-0.5671936625251581,-0.5671936625251581,-0.6269343187077188,0.20846319658905266,0.050024859559998344,0.049920627961703816
2008-10-16,-0.5537856011110516,-0.5537856011110516,-0.4828614647301863,0.14407285397753244,-0.013956813845142527,-0.014028850272131294
2008-10-17,-0.5636639820363882,-0.5636639820363882,-0.5671936625251581,0.08433219779497181,0.004552674102341081,0.004510508003443595
2008-10-20,-0.44490379026823423,-0.44490379026823423,-0.5537856011110516,0.013408061414106553,-0.03666101559734656,-0.03666771962805361
2008-10-21,-0.4284237195120569,-0.4284237195120569,-0.5636639820363882,0.00987838092533666,0.019054338141836075,0.019049398951373406
2008-10-22,-0.6189491463413712,-0.6189491463413712,-0.44490379026823423,0.118760191768154,0.03589733586638436,0.035837955770500286
2008-10-23,-0.6857631812341456,-0.6857631812341456,-0.4284237195120569,0.016480070756177356,-0.008152639946439775,-0.008160879981817864
2008-10-24,-0.7905087874894304,-0.7905087874894304,-0.6189491463413712,0.19052542682931434,0.027362037571314675,0.02726677485790002
2008-10-27,-0.6379657357165827,-0.6379657357165827,-0.6857631812341456,0.06681403489277438,-0.06917770456372961,-0.069211111581176
2008-10-28,-0.3287949623327116,-0.3287949623327116,-0.7905087874894304,0.10474560625528484,-0.11567007553705297,-0.11572244834018061
2008-10-29,-0.18275858138908554,-0.18275858138908554,-0.6379657357165827,0.15254305177284777,0.023180088026197348,0.023103816500310924
2008-10-30,-0.08542649347110252,-0.08542649347110252,-0.3287949623327116,0.30917077338387106,-0.0,-0.00015458538669193552
2008-10-31,-0.0602073799634913,-0.0602073799634913,-0.18275858138908554,0.14603638094362606,0.004973504953882889,0.004900486763411076
2008-11-03,0.007607018557422025,0.007607018557422025,-0.08542649347110252,0.09733208791798302,-0.0031095387103254745,-0.003158204754284466
2008-11-04,0.14713461416444953,0.14713461416444953,-0.0602073799634913,0.025219113507611225,-0.003641829180327632,-0.0036544387370814374
2008-11-05,0.14697058097901064,0.14697058097901064,0.007607018557422025,0.06781439852091332,-0.0004128900873772009,-0.0004467972866376576
2008-11-06,0.07536437188208768,0.07536437188208768,0.14713461416444953,0.13952759560702752,-0.007585778819626474,-0.007655542617429988
2008-11-07,0.06403927993391256,0.06403927993391256,0.14697058097901064,0.00016403318543889434,0.0040196814243432,0.0040195994077504805
2008-11-10,0.0732174328803694,0.0732174328803694,0.07536437188208768,0.07160620909692296,0.0011034890768071507,0.0010676859722586892
2008-11-11,0.04842736956088792,0.04842736956088792,0.06403927993391256,0.011325091948175117,-0.001617238041120072,-0.0016229005870941596
2008-11-12,0.015221116840532848,0.015221116840532848,0.0732174328803694,0.009178152946456838,-0.0018723539696810913,-0.0018769430461543198
2008-11-13,0.05110521713855741,0.05110521713855741,0.04842736956088792,0.024790063319481484,0.0036454520125413716,0.0036330569808816307
2008-11-14,0.04157127608369999,0.04157127608369999,0.015221116840532848,0.03320625272035507,-0.0005572245017575219,-0.0005738276281176994
2008-11-17,0.013782794147261346,0.013782794147261346,0.05110521713855741,0.035884100298024565,-0.001294682432190869,-0.0013126244823398812
2008-11-18,-0.01946524675863741,-0.01946524675863741,0.04157127608369999,0.009533941054857421,-0.0010520625675620651,-0.0010568295380894938
2008-11-19,-0.10234822418739184,-0.10234822418739184,0.013782794147261346,0.027788481936438642,-0.0007544263177712826,-0.0007683205587395019
2008-11-20,-0.17884212114473938,-0.17884212114473938,-0.01946524675863741,0.03324804090589875,0.00031792440366493,0.00030130038321198065
2008-11-21,-0.15328831226826323,-0.15328831226826323,-0.10234822418739184,0.08288297742875443,-0.007608512986933909,-0.007649954475648286
2008-11-24,-0.10238789308215175,-0.10238789308215175,-0.17884212114473938,0.07649389695734754,-0.007915030058819755,-0.00795327700729843
2008-11-25,-0.04366810105231894,-0.04366810105231894,-0.15328831226826323,0.025553808876476153,-0.004382653700456054,-0.004395430604894291
2008-11-26,0.08961761980348619,0.08961761980348619,-0.10238789308215175,0.050900419186111476,-0.006562479787193984,-0.006587929996787039
2008-11-28,0.172053878268883,0.172053878268883,-0.04366810105231894,0.05871979202983281,-0.00014760466951627116,-0.00017696456553118758
2008-12-01,0.14859438121056182,0.14859438121056182,0.08961761980348619,0.13328572085580515,-0.005434659397665417,-0.00550130225809332
2008-12-02,0.19122064101226732,0.19122064101226732,0.172053878268883,0.0824362584653968,0.008190350520333388,0.00814913239110069
2008-12-03,0.32181870296654913,0.32181870296654913,0.14859438121056182,0.023459497058321177,0.004902276018808166,0.004890546270279005
2008-12-04,0.3126680540505196,0.3126680540505196,0.19122064101226732,0.04262625980170551,-0.005991851778425066,-0.0060131649083259185
2008-12-05,0.4111175179505082,0.4111175179505082,0.32181870296654913,0.1305980619542818,0.010410314593517059,0.010345015562539918
2008-12-08,0.6074116786336722,0.6074116786336722,0.3126680540505196,0.009150648916029513,0.00979735236201799,0.009792777037559977
2008-12-09,0.586760377964094,0.586760377964094,0.4111175179505082,0.0984494638999886,-0.010569130275855699,-0.010618355007805693
2008-12-10,0.5143815334443835,0.5143815334443835,0.6074116786336722,0.19629416068316397,-0.011110391693386141,-0.011208538773727723
2008-12-11,0.4270405560308258,0.4270405560308258,0.586760377964094,0.02065130066957821,-0.004838677030900288,-0.004849002681235077
2008-12-12,0.3942637141294887,0.3942637141294887,0.5143815334443835,0.07237884451971044,0.005227710789381697,0.005191521367121842
2008-12-15,0.3068917183246648,0.3068917183246648,0.4270405560308258,0.08734097741355773,-0.0065096174460013,-0.006553287934708079
2008-12-16,0.3424081483329867,0.3424081483329867,0.3942637141294887,0.03277684190133712,0.014647452085652933,0.014631063664702263
2008-12-17,0.48932963054683704,0.48932963054683704,0.3068917183246648,0.08737199580482391,0.005038465493112619,0.0049947794952102074
2008-12-18,0.4147583142544602,0.4147583142544602,0.3424081483329867,0.03551643000832194,-0.007541924793204664,-0.0075596830082088244
2008-12-19,0.33666709855625787,0.33666709855625787,0.48932963054683704,0.14692148221385032,-0.0016164089328679074,-0.0016898696739748326
2008-12-22,0.28674430457373373,0.28674430457373373,0.4147583142544602,0.07457131629237684,0.0028741033634738966,0.0028368177053277083
2008-12-23,0.20727199300770172,0.20727199300770172,0.33666709855625787,0.07809121569820232,-0.00634652728502463,-0.0063855728928737315
2008-12-24,0.15257400716037137,0.15257400716037137,0.28674430457373373,0.04992279398252414,0.0005246263921521036,0.0004996649951608415
2008-12-26,0.1311380580393708,0.1311380580393708,0.20727199300770172,0.07947231156603202,0.002145385744673696,0.00210564958889068
2008-12-29,0.1125595063737924,0.1125595063737924,0.15257400716037137,0.05469798584733035,-0.0002299328692210009,-0.00025728186214466603
2008-12-30,0.09879506289491875,0.09879506289491875,0.1311380580393708,0.02143594912100058,0.0003562007175771686,0.00034548274301666836
2008-12-31,0.15370595131796017,0.15370595131796017,0.1125595063737924,0.018578551665578383,0.002269470888861132,0.0022601816130283425
2009-01-02,0.43580396754530676,0.43580396754530676,0.09879506289491875,0.01376444347887365,0.0021565726028897436,0.0021496903811503067
2009-01-05,0.31485268810769645,0.31485268810769645,0.15370595131796017,0.05491088842304141,-0.009584421414060441,-0.009611876858271962
2009-01-06,0.22653033786934787,0.22653033786934787,0.43580396754530676,0.2820980162273466,-0.006977075621994518,-0.007118124630108191
2009-01-07,0.17765878933917054,0.17765878933917054,0.31485268810769645,0.1209512794376103,0.003998132834331796,0.003937657194612991
2009-01-08,0.16576363904923205,0.16576363904923205,0.22653033786934787,0.08832235023834858,0.0034796131265332963,0.003435451951414122
2009-01-09,0.1484744370557319,0.1484744370557319,0.17765878933917054,0.04887154853017733,-0.0012616087363503485,-0.0012860445106154372
2009-01-12,0.12858886456981322,0.12858886456981322,0.16576363904923205,0.011895150289938483,-0.0019071111790708245,-0.0019130587542157938
2009-01-13,0.10886065718131442,0.10886065718131442,0.1484744370557319,0.017289201993500147,-0.0013543802505054392,-0.0013630248515021893
2009-01-14,0.08425631563910203,0.08425631563910203,0.12858886456981322,0.019885572485918684,-0.0038372567750097016,-0.003847199561252661
2009-01-15,0.06083930174173842,0.06083930174173842,0.10886065718131442,0.0197282073884988,-0.0023510516488843567,-0.002360915752578606
2009-01-16,0.04375229638673114,0.04375229638673114,0.08425631563910203,0.024604341542212388,0.0001690810197419386,0.0001567788489708324
2009-01-20,0.02921280758562693,0.02921280758562693,0.06083930174173842,0.023417013897363614,-0.00018275388719953898,-0.00019446239414822077
2009-01-21,0.022648268271314255,0.022648268271314255,0.04375229638673114,0.017087005355007276,0.0015086910338074997,0.0015001475311299962
2009-01-22,0.015536805230612419,0.015536805230612419,0.02921280758562693,0.014539488801104214,-0.0006996010272852815,-0.0007068707716858336
2009-01-23,0.011390402076733634,0.011390402076733634,0.022648268271314255,0.006564539314312674,0.00021026972694095198,0.00020698745728379563
2009-01-26,0.016001169080011535,0.016001169080011535,0.015536805230612419,0.007111463040701836,0.0002807232404148927,0.0002771675088945418
2009-01-27,0.01164847901284681,0.01164847901284681,0.011390402076733634,0.004146403153878785,-0.00037857712107939434,-0.00038065032265633374
2009-01-28,0.025741023571719354,0.025741023571719354,0.016001169080011535,0.0046107670032779005,0.0005127193091936357,0.0005104139256919967
2009-01-29,0.022262620051256787,0.022262620051256787,0.01164847901284681,0.0043526900671647245,-0.0002599446005041829,-0.0002621209455377653
2009-01-30,0.014945828657028109,0.014945828657028109,0.025741023571719354,0.014092544558872544,-0.000306533595649536,-0.00031357986792897226
2009-02-02,0.022408365363083743,0.022408365363083743,0.022262620051256787,0.003478403520462567,0.0005366226105389115,0.0005348834087786802
2009-02-03,0.05851430616773563,0.05851430616773563,0.014945828657028109,0.007316791394228679,0.00047392421970502465,0.00047026582400791034
2009-02-04,0.05617367341704417,0.05617367341704417,0.022408365363083743,0.007462536706055635,-0.0006745240824083676,-0.0006782553507613954
2009-02-05,0.06870624645547219,0.06870624645547219,0.05851430616773563,0.03610594080465189,0.0011087480668384385,0.0010906950964361126
2009-02-06,0.09669246904879679,0.09669246904879679,0.05617367341704417,0.0023406327506914626,0.0009545235183703995,0.0009533532019950538
2009-02-09,0.10306497069832023,0.10306497069832023,0.06870624645547219,0.012532573038428016,-0.0007147449064152232,-0.0007210111929344372
2009-02-10,0.07215262891762622,0.07215262891762622,0.09669246904879679,0.027986222593324603,-0.004281719090082831,-0.004295712201379493
2009-02-11,0.050796736077987174,0.050796736077987174,0.10306497069832023,0.006372501649523438,-6.87148322231071e-05,-7.190108304786882e-05
2009-02-12,0.03382621185396254,0.03382621185396254,0.07215262891762622,0.030912341780694005,-0.0002888295633274978,-0.00030428573421784484
2009-02-13,0.015941514564515473,0.015941514564515473,0.050796736077987174,0.021355892839639047,-0.0005103334490868814,-0.0005210113955067009
2009-02-17,-0.03997311284105855,-0.03997311284105855,0.03382621185396254,0.016970524224024633,-0.0014876129364176152,-0.0014960981985296276
2009-02-18,-0.0726175422250522,-0.0726175422250522,0.015941514564515473,0.01788469728944707,-0.00010717829293740641,-0.00011612064158212995
2009-02-19,-0.3817450281500348,-0.3817450281500348,-0.03997311284105855,0.05591462740557402,0.0001139429428391947,8.598562913640768e-05
2009-02-20,-0.3784497232915427,-0.3784497232915427,-0.0726175422250522,0.03264442938399366,-0.002127422372286768,-0.002143744586978765
2009-02-23,-0.5856331488610285,-0.5856331488610285,-0.3817450281500348,0.3091274859249826,0.012720477655896444,0.012565913912933952
2009-02-24,-0.5496410525786282,-0.5496410525786282,-0.3784497232915427,0.0032953048584921096,-0.009784017760998786,-0.009785665413428032
2009-02-25,-0.5166745154182618,-0.5166745154182618,-0.5856331488610285,0.20718342556948577,0.00040994074965453286,0.00030634903686978997
2009-02-26,-0.506437492817795,-0.506437492817795,-0.5496410525786282,0.0359920962824003,0.001347726743833719,0.0013297306956925189
2009-02-27,-0.4998557178535733,-0.4998557178535733,-0.5166745154182618,0.03296653716036635,-0.0009071014421389106,-0.0009235847107190937
2009-03-02,-0.6665704785690489,-0.6665704785690489,-0.506437492817795,0.010237022600466772,0.017928437954677984,0.01792331944337775
2009-03-03,-0.777713652379366,-0.777713652379366,-0.4998557178535733,0.006581774964221743,0.0038143452849381866,0.0038110543974560758
2009-03-04,-0.6745409890459514,-0.6745409890459514,-0.6665704785690489,0.16671476071547564,-0.02050250179729218,-0.020585859177649917
2009-03-05,-0.6456161602570476,-0.6456161602570476,-0.777713652379366,0.11114317381031702,0.00663078350768059,0.006575211920775431
2009-03-06,-0.7637441068380317,-0.7637441068380317,-0.6745409890459514,0.10317266333341457,0.015226026512109832,0.015174440180443125
2009-03-09,-0.8424960712253546,-0.8424960712253546,-0.6456161602570476,0.02892482878890379,0.02603288838310044,0.026018425968705988
2009-03-10,-0.6910209774558446,-0.6910209774558446,-0.7637441068380317,0.11812794658098413,-0.04171680566649085,-0.041775869639781346
2009-03-11,-0.6056796282484984,-0.6056796282484984,-0.8424960712253546,0.0787519643873229,0.005187466695605498,0.005148090713411836
2009-03-12,-0.4964917066110215,-0.4964917066110215,-0.6910209774558446,0.15147509376951007,-0.017628189489145858,-0.017703927036030614
2009-03-13,-0.40732639246257396,-0.40732639246257396,-0.6056796282484984,0.08534134920734615,-0.005596311076811519,-0.005638981751415192
2009-03-16,-0.3333920994474398,-0.3333920994474398,-0.4964917066110215,0.10918792163747693,-0.002622279121061834,-0.0026768730818805724
2009-03-17,-0.22523354744232246,-0.22523354744232246,-0.40732639246257396,0.08916531414844753,-0.01826194533075373,-0.018306527987827954
2009-03-18,-0.11114027119973437,-0.11114027119973437,-0.3333920994474398,0.07393429301513416,-0.010505881642276798,-0.010542848788784365
2009-03-19,-0.058211776051329794,-0.058211776051329794,-0.22523354744232246,0.10815855200511734,0.0038063604474661544,0.0037522811714635956
2009-03-20,-0.051666044613226506,-0.051666044613226506,-0.11114027119973437,0.1140932762425881,0.0023514516673155887,0.0022944050291942948
2009-03-23,0.010249209935211626,0.010249209935211626,-0.058211776051329794,0.05292849514840457,-0.0028703163829607286,-0.002896780630534931
2009-03-24,0.02743923624597264,0.02743923624597264,-0.051666044613226506,0.006545731438103289,0.0009312176157586267,0.000927944750039575
2009-03-25,0.02697029674038813,0.02697029674038813,0.010249209935211626,0.06191525454843813,-0.00012093379334727626,-0.00015189142062149534
2009-03-26,0.03940819262260314,0.03940819262260314,0.02743923624597264,0.017190026310761015,0.0003549188622873739,0.0003463238491319934
2009-03-27,0.050579799057429195,0.050579799057429195,0.02697029674038813,0.00046893950558450984,7.065637152559723e-05,7.042190177280497e-05
2009-03-30,0.04509173173800929,0.04509173173800929,0.03940819262260314,0.012437895882215007,-0.0005147940571793826,-0.0005210130051204902
2009-03-31,0.07161159256060838,0.07161159256060838,0.050579799057429195,0.011171606434826058,-3.3485242876114954e-05,-3.907104609352798e-05
2009-04-01,0.16899086012468578,0.16899086012468578,0.04509173173800929,0.0054880673194199064,0.0015229751384447225,0.0015202311047850124
2009-04-02,0.4459939067497905,0.4459939067497905,0.07161159256060838,0.026519860822599092,0.002844258220514088,0.0028309982901027885
2009-04-03,0.6306626044998603,0.6306626044998603,0.16899086012468578,0.0973792675640774,0.001718090639515542,0.0016694010057335031
2009-04-06,0.7537750696665736,0.7537750696665736,0.4459939067497905,0.2770030466251047,0.0032641122767916213,0.003125610753479069
2009-04-07,0.6457693833724722,0.6457693833724722,0.6306626044998603,0.18466869775006983,-0.016458648180444072,-0.016550982529319108
2009-04-08,0.5623837954001498,0.5623837954001498,0.7537750696665736,0.12311246516671326,-0.0009505023680242774,-0.001012058600607634
2009-04-09,0.5771675623566023,0.5771675623566023,0.6457693833724722,0.10800568629410134,0.00856126244607108,0.008507259602924028
2009-04-13,0.5333724161945249,0.5333724161945249,0.5623837954001498,0.08338558797232243,-0.006306841249743549,-0.00634853404372971
2009-04-14,0.45543086098869934,0.45543086098869934,0.5771675623566023,0.014783766956452449,-0.008001139923751168,-0.008008531807229395
2009-04-15,0.44662870955956635,0.44662870955956635,0.5333724161945249,0.04379514616207736,0.00664571313798444,0.006623815564903401
2009-04-16,0.4252597732786699,0.4252597732786699,0.45543086098869934,0.07794155520582557,0.0005748011921853403,0.0005358304145824276
2009-04-17,0.35792457168880054,0.35792457168880054,0.44662870955956635,0.008802151429132987,0.0007038676246126105,0.000699466548898044
2009-04-20,0.2693995277397496,0.2693995277397496,0.4252597732786699,0.021368936280896478,-0.011374116585721043,-0.011384801053861492
2009-04-21,0.21291525453957783,0.21291525453957783,0.35792457168880054,0.06733520158986933,0.0012729202001343586,0.001239252599339424
2009-04-22,0.1559072464595577,0.1559072464595577,0.2693995277397496,0.08852504394905092,-0.0011282385752847258,-0.0011725010972592513
2009-04-23,0.12246403183803611,0.12246403183803611,0.21291525453957783,0.0564842732001718,0.0006198627475072891,0.0005916206109072032
2009-04-24,0.0937528519250327,0.0937528519250327,0.1559072464595577,0.05700800808002013,0.0,-2.8504004040010067e-05
2009-04-27,0.06931741343438913,0.06931741343438913,0.12246403183803611,0.03344321462152158,-0.0018171291601323718,-0.0018338507674431326
2009-04-28,0.063715655270529,0.063715655270529,0.0937528519250327,0.028711179913003412,0.0012892893745551832,0.0012749337845986814
2009-04-29,0.05033349999431227,0.05033349999431227,0.06931741343438913,0.02443543849064357,-0.0012314220271564301,-0.001243639746401752
2009-04-30,0.04090061953192188,0.04090061953192188,0.063715655270529,0.005601758163860132,-0.00014668251384787997,-0.00014948339292981003
2009-05-01,0.040127058090546425,0.040127058090546425,0.05033349999431227,0.01338215527621673,0.0003484101863437579,0.00034171910870564956
2009-05-04,0.04091544458919651,0.04091544458919651,0.04090061953192188,0.009432880462390388,0.0006560123602945292,0.000651295920063334
2009-05-05,0.037620686838982065,0.037620686838982065,0.040127058090546425,0.000773561441375456,-0.0005300317868884387,-0.0005304185676091264
2009-05-06,0.038228569202455265,0.038228569202455265,0.04091544458919651,0.0007883864986500885,0.00017366659138909067,0.00017327239813976563
2009-05-07,0.03759207248583049,0.03759207248583049,0.037620686838982065,0.0032947577502144484,-0.0011007464051362588,-0.0011023937840113662
2009-05-08,0.03696563355542201,0.03696563355542201,0.038228569202455265,0.0006078823634732,-1.281415790696774e-05,-1.311809908870434e-05
2009-05-11,0.03450710215420745,0.03450710215420745,0.03759207248583049,0.0006364967166247737,-3.777413499519224e-05,-3.809238335350463e-05
2009-05-12,0.04817234985120218,0.04817234985120218,0.03696563355542201,0.0006264389304084794,0.0007189899503925393,0.0007186767309273351
2009-05-13,0.04559409333939478,0.04559409333939478,0.03450710215420745,0.0024585314012145615,-0.0007378234653344855,-0.0007390527310350928
2009-05-14,0.050255290476068304,0.050255290476068304,0.04817234985120218,0.013665247696994731,0.0003724329951676263,0.000365600371319129
2009-05-15,0.045013304738508855,0.045013304738508855,0.04559409333939478,0.002578256511807403,-0.0005627079877517874,-0.0005639971160076912
2009-05-18,0.04067748413070103,0.04067748413070103,0.050255290476068304,0.0046611971366735255,0.00015273243957855315,0.0001504018410102164
2009-05-19,0.03702497922491518,0.03702497922491518,0.045013304738508855,0.005241985737559449,-7.576499990478662e-05,-7.838599277356633e-05
2009-05-20,0.03883583741057764,0.03883583741057764,0.04067748413070103,0.004335820607807822,0.00024695609219914957,0.0002447881818952457
2009-05-21,0.02751113910271164,0.02751113910271164,0.03702497922491518,0.00365250490578585,-0.000831602757187483,-0.000833429009640376
2009-05-22,0.016292133642352498,0.016292133642352498,0.03883583741057764,0.0018108581856624562,-0.0004661541488006722,-0.0004670595778935034
2009-05-26,0.025913265142409905,0.025913265142409905,0.02751113910271164,0.011324698307865998,0.0007830361098293452,0.0007773737606754122
2009-05-27,0.01619906177343434,0.01619906177343434,0.016292133642352498,0.011219005460359144,-0.00037389346767651924,-0.00037950297040669883
2009-05-28,0.016618884941663626,0.016618884941663626,0.025913265142409905,0.009621131500057407,0.0002864275779606772,0.0002816170122106485
2009-05-29,0.016652560358685987,0.016652560358685987,0.01619906177343434,0.009714203368975563,-5.539352030143351e-06,-1.0396453714631133e-05
2009-06-01,0.016085381540262345,0.016085381540262345,0.016618884941663626,0.0004198231682292844,-5.6734898040599986e-06,-5.883401388174641e-06
2009-06-02,0.02380668283108768,0.02380668283108768,0.016652560358685987,3.367541702236146e-05,0.00018217395478350347,0.0001821571170749923
2009-06-03,0.012914052945277681,0.012914052945277681,0.016085381540262345,0.0005671788184236429,1.088526957777048e-05,1.0601680168558658e-05
2009-06-04,0.004440345861182398,0.004440345861182398,0.02380668283108768,0.007721301290825336,-1.6099519437047025e-05,-1.996017008245969e-05
2009-06-05,-0.027627834208227047,-0.027627834208227047,0.012914052945277681,0.01089262988581,-0.00013974702858496763,-0.00014519334352787263
2009-06-08,-0.054876615496437894,-0.054876615496437894,0.004440345861182398,0.008473707084095283,4.5541338889409946e-06,3.172803468933529e-07
2009-06-09,-0.048311372449535386,-0.048311372449535386,-0.027627834208227047,0.032068180069409445,-0.00013208262242660342,-0.00014811671246130816
2009-06-10,-0.03396703560922599,-0.03396703560922599,-0.054876615496437894,0.027248781288210847,-0.00020522175838186114,-0.00021884614902596656
2009-06-11,-0.02305320685353125,-0.02305320685353125,-0.048311372449535386,0.006565243046902508,-0.0003599073034266894,-0.00036318992495014066
2009-06-12,-0.015684642215487477,-0.015684642215487477,-0.03396703560922599,0.014344336840309398,-0.0001940983419405329,-0.0002012705103606876
2009-06-15,-0.01248351473611787,-0.01248351473611787,-0.02305320685353125,0.01091382875569474,0.00014639511427134446,0.00014093819989349708
2009-06-16,-0.011309694428934244,-0.011309694428934244,-0.015684642215487477,0.007368564638043772,0.00010023896016511423,9.655467784609235e-05
2009-06-17,-0.01180203459209548,-0.01180203459209548,-0.01248351473611787,0.003201127479369608,-0.00010142604047707479,-0.00010302660421675959
2009-06-18,-0.011169138984681746,-0.011169138984681746,-0.011309694428934244,0.0011738203071836248,-0.00011773100657837635,-0.00011831791673196817
2009-06-19,-0.02656927558057178,-0.02656927558057178,-0.01180203459209548,0.0004923401631612354,0.00016866058571955887,0.00016841441563797825
2009-06-22,-0.028580369258031237,-0.028580369258031237,-0.011169138984681746,0.0006328956074137335,-0.00013556790399667915,-0.000135884351800386
2009-06-23,-0.021524893177775076,-0.021524893177775076,-0.02656927558057178,0.015400136595890035,-0.00044252719359943164,-0.00045022726189737665
2009-06-24,-0.010328122002775053,-0.010328122002775053,-0.028580369258031237,0.002011093677459455,-0.0002621935952907526,-0.0002631991421294823
2009-06-25,0.005482517776551177,0.005482517776551177,-0.021524893177775076,0.007055476080256161,-0.0002026846446946172,-0.0002062123827347453
2009-06-26,0.015727924946166254,0.015727924946166254,-0.010328122002775053,0.011196771175000023,3.322179970177899e-05,2.762341411427898e-05
2009-06-29,0.04321178808565979,0.04321178808565979,0.005482517776551177,0.01581063977932623,6.545650864573853e-05,5.755118875607542e-05
2009-06-30,0.03490225285149404,0.03490225285149404,0.015727924946166254,0.010245407169615077,-0.0003159632176200632,-0.0003210859212048707
2009-07-01,0.05390921763725685,0.05390921763725685,0.04321178808565979,0.02748386313949354,0.00012656456163558482,0.00011282263006583804
2009-07-02,0.013905210183475,0.013905210183475,0.03490225285149404,0.008309535234165756,-0.0007247650803834125,-0.0007289198480004954
2009-07-06,0.0050359172027524286,0.0050359172027524286,0.05390921763725685,0.01900696478576281,0.0003215303154343418,0.0003120268330414604
2009-07-07,-0.07508139519782142,-0.07508139519782142,0.013905210183475,0.04000400745378185,-0.00032977436995434804,-0.00034977637368123894
2009-07-08,-0.2490011144801194,-0.2490011144801194,0.0050359172027524286,0.008869292980722572,-9.146690787058716e-05,-9.590155436094845e-05
2009-07-09,-0.363627849685556,-0.363627849685556,-0.07508139519782142,0.08011731240057385,2.6203789447728566e-05,-1.385486675255836e-05
2009-07-10,-0.4407725148049451,-0.4407725148049451,-0.2490011144801194,0.173919719282298,0.00017390881937716816,8.694895973601915e-05
2009-07-13,-0.39136307390736014,-0.39136307390736014,-0.363627849685556,0.11462673520543659,-0.005463263992409854,-0.005520577360012572
2009-07-14,-0.3500265604541729,-0.3500265604541729,-0.4407725148049451,0.07714466511938911,0.0015171745311972468,0.0014786021986375522
2009-07-15,-0.2641543438361235,-0.2641543438361235,-0.39136307390736014,0.04940944089758498,-0.005272218371976721,-0.005296923092425513
2009-07-16,-0.18712418682488233,-0.18712418682488233,-0.3500265604541729,0.04133651345318723,-0.0019089041493601999,-0.0019295724060867936
2009-07-17,-0.12489464147019481,-0.12489464147019481,-0.2641543438361235,0.08587221661804939,-0.000805769362714599,-0.0008487054710236237
2009-07-20,-0.06551464086704435,-0.06551464086704435,-0.18712418682488233,0.07703015701124119,-0.0011383124406693027,-0.0011768275191749234
2009-07-21,0.02942754297859078,0.02942754297859078,-0.12489464147019481,0.06222954535468751,-0.002307472969149004,-0.002338587741826348
2009-07-22,0.04059261378959665,0.04059261378959665,-0.06551464086704435,0.05938000060315046,0.0004105428253318676,0.00038085282503029234
2009-07-23,0.3603950758597311,0.3603950758597311,0.02942754297859078,0.09494218384563513,0.0011134083015018345,0.001065937209579017
2009-07-24,0.5735967172398208,0.5735967172398208,0.04059261378959665,0.011165070811005873,0.0002985757849911963,0.0002929932495856934
2009-07-27,0.5325391952380444,0.5325391952380444,0.3603950758597311,0.3198024620701344,-0.005720602379993614,-0.005880503611028681
2009-07-28,0.637135225695183,0.637135225695183,0.5735967172398208,0.21320164138008968,0.007401098319640226,0.007294497498950181
2009-07-29,0.7580901504634554,0.7580901504634554,0.5325391952380444,0.04105752200177637,0.009837105925295887,0.009816577164295
2009-07-30,0.8387267669756371,0.8387267669756371,0.637135225695183,0.10459603045713861,0.0065742473258932396,0.00652194931066467
2009-07-31,0.8093104775259807,0.8093104775259807,0.7580901504634554,0.12095492476827241,-0.005630849097745176,-0.005691326560129312
2009-08-03,0.7836667142889173,0.7836667142889173,0.8387267669756371,0.08063661651218168,-0.0010460792400434945,-0.0010863975482995854
2009-08-04,0.7237059472174693,0.7237059472174693,0.8093104775259807,0.029416289449656352,-0.004295624890661074,-0.004310333035385902
2009-08-05,0.5885103398416526,0.5885103398416526,0.7836667142889173,0.02564376323706341,-0.01451246435174713,-0.014525286233365662
2009-08-06,0.4379975575280345,0.4379975575280345,0.7237059472174693,0.05996076707144804,-0.007174307932213704,-0.007204288315749428
2009-08-07,0.34895050896631175,0.34895050896631175,0.5885103398416526,0.1351956073758167,0.0022808182910371436,0.0022132204873492353
2009-08-10,0.2692443892318491,0.2692443892318491,0.4379975575280345,0.1505127823136181,-0.0022546570736679864,-0.0023299134648247953
2009-08-11,0.1943782690036099,0.1943782690036099,0.34895050896631175,0.08904704856172274,-0.0036115264783202327,-0.003656050002601094
2009-08-12,0.18532209029063182,0.18532209029063182,0.2692443892318491,0.07970611973446262,0.005367272372613185,0.005327419312745954
2009-08-13,0.15710508736614978,0.15710508736614978,0.1943782690036099,0.07486612022823921,-0.0010587130052285656,-0.0010961460653426851
2009-08-14,0.1414502100996914,0.1414502100996914,0.18532209029063182,0.009056178712978091,0.00023877843389207096,0.00023425034453558192
2009-08-17,0.0911034132587944,0.0911034132587944,0.15710508736614978,0.028217002924482038,-0.004347168177941425,-0.004361276679403666
2009-08-18,0.05633895295377223,0.05633895295377223,0.1414502100996914,0.015654877266458395,0.0002808242733548609,0.00027299683472163167
2009-08-19,0.04310023460533045,0.04310023460533045,0.0911034132587944,0.05034679684089699,0.0004513411730809007,0.0004261677746604522
2009-08-20,0.05144181194506853,0.05144181194506853,0.05633895295377223,0.034764460305022164,0.0005184115147267966,0.0005010292845742855
2009-08-21,0.13548939097198032,0.13548939097198032,0.04310023460533045,0.013238718348441786,0.0009262657944173494,0.0009196464352431285
2009-08-24,0.19614917961298348,0.19614917961298348,0.05144181194506853,0.00834157733973808,6.557089886641664e-05,6.14001101965476e-05
2009-08-25,0.2187691443430234,0.2187691443430234,0.13548939097198032,0.08404757902691179,-0.0004313250010960216,-0.00047334879060947747
2009-08-26,0.24624339025037562,0.24624339025037562,0.19614917961298348,0.06065978864100316,0.0010649771427553515,0.00103464724843485
2009-08-27,0.2174126739618473,0.2174126739618473,0.2187691443430234,0.02261996473003991,-0.0029882788239453976,-0.0029995888063104174
2009-08-28,0.19522195028155087,0.19522195028155087,0.24624339025037562,0.02747424590735223,-0.00023789252284796194,-0.00025162964580163804
2009-08-31,0.15167995058833572,0.15167995058833572,0.2174126739618473,0.02883071628852832,0.00014024807792156472,0.00012583271977730057
2009-09-01,0.09884149242650425,0.09884149242650425,0.19522195028155087,0.022190723680296426,-0.004213886289275005,-0.004224981651115153
2009-09-02,0.049517659462769634,0.049517659462769634,0.15167995058833572,0.04354199969321515,-0.0011487198501138054,-0.001170490849960413
2009-09-03,0.02366690012786367,0.02366690012786367,0.09884149242650425,0.05283845816183147,0.0003279487252381893,0.0003015294961572736
2009-09-04,0.022162377088876552,0.022162377088876552,0.049517659462769634,0.04932383296373462,0.000589485143792983,0.0005648232273111157
2009-09-08,0.040798535785168885,0.040798535785168885,0.02366690012786367,0.025850759334905965,0.00027070509495060943,0.00025777971528315646
2009-09-09,0.049835724140354504,0.049835724140354504,0.022162377088876552,0.0015045230389871163,-4.296343305877716e-05,-4.371569457827072e-05
2009-09-10,0.10105776649327394,0.10105776649327394,0.040798535785168885,0.018636158696292333,0.0006075639908013825,0.0005982459114532364
2009-09-11,0.11665616922740979,0.11665616922740979,0.049835724140354504,0.009037188355185619,-0.0001430742308392691,-0.0001475928250168619
2009-09-14,0.1137801657742179,0.1137801657742179,0.10105776649327394,0.05122204235291944,-0.0006142524862610376,-0.0006398635074374974
2009-09-15,0.10807268271247011,0.10807268271247011,0.11665616922740979,0.015598402734135847,-0.0002628435225357965,-0.00027064272390286444
2009-09-16,0.07208528693361126,0.07208528693361126,0.1137801657742179,0.0028760034531918888,-0.0021654842692055633,-0.002166922270932159
2009-09-17,-0.0365167815761004,-0.0365167815761004,0.10807268271247011,0.005707483061747787,-0.0031984622300652277,-0.0032013159715961015
2009-09-18,-0.09869458839627172,-0.09869458839627172,0.07208528693361126,0.03598739577885886,0.00019540567628090186,0.00017741197839147243
2009-09-21,-0.14623264904480351,-0.14623264904480351,-0.0365167815761004,0.10860206850971166,0.00012340594875216498,6.910491449730916e-05
2009-09-22,-0.1662792760859476,-0.1662792760859476,-0.09869458839627172,0.06217780682017132,-6.694404608685857e-05,-9.803294949694424e-05
2009-09-23,-0.1506500159676913,-0.1506500159676913,-0.14623264904480351,0.04753806064853179,-0.001833494078864317,-0.001857263109188583
2009-09-24,-0.11716360826305318,-0.11716360826305318,-0.1662792760859476,0.0200466270411441,-0.00150245484629326,-0.001512478159813832
2009-09-25,-0.11004010696449197,-0.11004010696449197,-0.1506500159676913,0.015629260118256327,0.0010492847370466504,0.0010414701069875222
2009-09-28,-0.07789352497501507,-0.07789352497501507,-0.11716360826305318,0.03348640770463811,-0.0016044575972193169,-0.0016212008010716358
2009-09-29,-0.07150410246704808,-0.07150410246704808,-0.11004010696449197,0.007123501298561208,0.0006888503252421884,0.0006852885745929078
2009-09-30,-0.05739027020693779,-0.05739027020693779,-0.07789352497501507,0.0321465819894769,-0.00028403403749992446,-0.0003001073284946629
2009-10-01,-0.04655132970467898,-0.04655132970467898,-0.07150410246704808,0.006389422507966994,0.0006141482422681222,0.0006109535310141387
2009-10-02,-0.04373875812438781,-0.04373875812438781,-0.05739027020693779,0.014113832260110287,0.00022948984977066032,0.00022243293364060518
2009-10-05,-0.04709877895629562,-0.04709877895629562,-0.04655132970467898,0.010838940502258816,-0.00010902393599549349,-0.00011444340624662289
2009-10-06,-0.04258987176498884,-0.04258987176498884,-0.04373875812438781,0.002812571580291169,-0.0003065961002925636,-0.0003080023860827092
2009-10-07,-0.08960273665421854,-0.08960273665421854,-0.04709877895629562,0.0033600208319078118,0.0004996404824378622,0.0004979604720219083
2009-10-08,-0.2520517122746477,-0.2520517122746477,-0.04258987176498884,0.004508907191306782,0.00031892074686937433,0.00031666629327372096
2009-10-09,-0.3560884065651228,-0.3560884065651228,-0.08960273665421854,0.047012864889229705,-0.0,-2.350643244461485e-05
2009-10-12,-0.5707256043767486,-0.5707256043767486,-0.2520517122746477,0.16244897562042915,0.0013828385517966025,0.001301614063986388
2009-10-13,-0.6697920115331739,-0.6697920115331739,-0.3560884065651228,0.10403669429047513,-0.0002456163920524393,-0.00029763473919767683
2009-10-14,-0.779861341022116,-0.779861341022116,-0.5707256043767486,0.21463719781162577,0.0015734318281218711,0.0014661132292160583
2009-10-15,-0.6266720948232142,-0.6266720948232142,-0.6697920115331739,0.09906640715642534,-0.003934277778201954,-0.003983810981780167
2009-10-16,-0.7511147298821428,-0.7511147298821428,-0.779861341022116,0.1100693294889421,0.005625640107845184,0.0055706054431007125
2009-10-19,-0.7419143775720646,-0.7419143775720646,-0.6266720948232142,0.15318924619890184,-0.0013009888387989729,-0.0013775834618984237
2009-10-20,-0.8279429183813765,-0.8279429183813765,-0.7511147298821428,0.12444263505892861,0.004149696416872318,0.004087475099342854
2009-10-21,-0.6448710177522898,-0.6448710177522898,-0.7419143775720646,0.009200352310078208,-0.005924870174034079,-0.005929470350189118
2009-10-22,-0.5151649115416135,-0.5151649115416135,-0.8279429183813765,0.08602854080931188,0.0002849703755026977,0.00024195610509804175
2009-10-23,-0.5868954233966115,-0.5868954233966115,-0.6448710177522898,0.18307190062908663,0.0037779906777608997,0.0036864547274463562
2009-10-26,-0.7245969489310744,-0.7245969489310744,-0.5151649115416135,0.12970610621067635,0.0037497491837848182,0.0036848961306794803
2009-10-27,-0.5524997221171123,-0.5524997221171123,-0.5868954233966115,0.07173051185499801,-0.01147540709020793,-0.011511272346135429
2009-10-28,-0.34991454076654516,-0.34991454076654516,-0.7245969489310744,0.1377015255344629,-0.01861117706514915,-0.01868002782791638
2009-10-29,-0.2028500995454729,-0.2028500995454729,-0.5524997221171123,0.1720972268139621,-0.0016603910666683364,-0.0017464396800753175
2009-10-30,-0.16235126857560173,-0.16235126857560173,-0.34991454076654516,0.20258518135056713,0.005241670167421269,0.005140377576745986
2009-11-02,-0.1647921181756286,-0.1647921181756286,-0.2028500995454729,0.14706444122107226,0.0012340404239349412,0.001160508203324405
2009-11-03,-0.24596629640901962,-0.24596629640901962,-0.16235126857560173,0.04049883096987117,0.0018768648140067,0.0018566153985217645
2009-11-04,-0.29028911618057107,-0.29028911618057107,-0.1647921181756286,0.0024408496000268842,-0.00017003563004955422,-0.00017125605484956765
2009-11-05,-0.2739801622491416,-0.2739801622491416,-0.24596629640901962,0.08117417823339101,-0.0017751273898618397,-0.0018157144789785352
2009-11-06,-0.2174897729992205,-0.2174897729992205,-0.29028911618057107,0.04432281977155145,-0.002475977368586181,-0.0024981387784719566
2009-11-09,-0.0840659886705099,-0.0840659886705099,-0.2739801622491416,0.01630895393142945,-0.005653856899898304,-0.005662011376864019
2009-11-10,0.03083726691216554,0.03083726691216554,-0.2174897729992205,0.056490389249921114,-0.0010092156082755364,-0.001037460802900497
2009-11-11,0.09494560820719548,0.09494560820719548,-0.0840659886705099,0.1334237843287106,-0.00013868513278836387,-0.00020539702495271916
2009-11-12,0.10754036451674248,0.10754036451674248,0.03083726691216554,0.11490325558267545,-0.00020314365504603448,-0.0002605952828373722
2009-11-13,0.10181199778207142,0.10181199778207142,0.09494560820719548,0.06410834129502994,-9.443372021109322e-05,-0.00012648789085860818
2009-11-16,0.12326048673676475,0.12326048673676475,0.10754036451674248,0.012594756309546998,0.0007138669402271729,0.0007075695620723994
2009-11-17,0.18130854083853515,0.18130854083853515,0.10181199778207142,0.005728366734671059,0.001074125785660042,0.0010712616022927064
2009-11-18,0.22475066824759643,0.22475066824759643,0.12326048673676475,0.021448488954693326,4.0241255628992505e-05,2.9517011151645842e-05
2009-11-19,0.255924902206311,0.255924902206311,0.18130854083853515,0.0580480541017704,-0.0008279070187403559,-0.000856931045791241
2009-11-20,0.25472551672836036,0.25472551672836036,0.22475066824759643,0.04344212740906128,-0.0006627423126750867,-0.0006844633763796173
2009-11-23,0.5031503444855736,0.5031503444855736,0.255924902206311,0.031174233958714548,0.007569147635051536,0.007553560518072178
2009-11-24,0.6687668963237158,0.6687668963237158,0.25472551672836036,0.0011993854779506208,0.004390412484524659,0.004389812791785684
2009-11-25,0.7791779308824772,0.7791779308824772,0.5031503444855736,0.24842482775721325,0.002526139821381246,0.0024019274075026396
2009-11-27,0.709593304832713,0.709593304832713,0.6687668963237158,0.16561655183814217,-0.008351488232922009,-0.00843429650884108
2009-11-30,0.6253758927978108,0.6253758927978108,0.7791779308824772,0.11041103455876145,-0.004188156222445967,-0.004243361739725348
2009-12-01,0.7502505951985405,0.7502505951985405,0.709593304832713,0.06958462604976423,0.019848520983715277,0.019813728670690395
2009-12-02,0.8335003967990271,0.8335003967990271,0.6253758927978108,0.08421741203490218,0.005995009402197158,0.005952900696179707
2009-12-03,0.8890002645326849,0.8890002645326849,0.7502505951985405,0.12487470240072973,0.0009188962057027473,0.0008564588545023824
2009-12-04,0.9260001763551233,0.9260001763551233,0.8335003967990271,0.08324980160048656,0.00025501080227194865,0.00021338590147170535
2009-12-07,0.9506667842367489,0.9506667842367489,0.8890002645326849,0.05549986773365778,0.014952627215461475,0.014924877281594646
2009-12-08,0.9671111894911659,0.9671111894911659,0.9260001763551233,0.03699991182243845,0.0038987454436289013,0.0038802454877176823
2009-12-09,0.9466699667590215,0.9466699667590215,0.9506667842367489,0.024666607881625557,-0.002562291806062362,-0.0025746251100031746
2009-12-10,0.9644466445060145,0.9644466445060145,0.9671111894911659,0.016444405254417038,0.01045498477846887,0.010446762575841661
2009-12-11,0.9762977630040097,0.9762977630040097,0.9466699667590215,0.020441222732144437,0.001969157260265384,0.0019589366488993116
2009-12-14,0.9261774564502611,0.9261774564502611,0.9644466445060145,0.017776677746992986,-0.0051468041066598975,-0.005155692445533394
2009-12-15,0.7591535227293494,0.7591535227293494,0.9762977630040097,0.01185111849799525,-0.015714214030519293,-0.01572013958976829
2009-12-16,0.6080014807889527,0.6080014807889527,0.9261774564502611,0.05012030655374866,-0.008416653510403991,-0.008441713663680865
2009-12-17,0.5215561292691506,0.5215561292691506,0.7591535227293494,0.16702393372091162,0.0023203211942871196,0.0022368092274266636
2009-12-18,0.46326015118221686,0.46326015118221686,0.6080014807889527,0.15115204194039678,-0.00018520397787418622,-0.00026077999884438464
2009-12-21,0.4290333332640245,0.4290333332640245,0.5215561292691506,0.08644535151980204,0.003498363840569376,0.0034551411648094748
2009-12-22,0.4440372051669473,0.4440372051669473,0.46326015118221686,0.058295978086933764,0.002525362156535485,0.002496214167492018
2009-12-23,0.4610343144239193,0.4610343144239193,0.4290333332640245,0.034226817918192376,0.0003876784206288172,0.00037056501166972096
2009-12-24,0.4880887867343039,0.4880887867343039,0.4440372051669473,0.015003871902922794,0.0017371091002601276,0.0017296071643086663
2009-12-28,0.5517404128692784,0.5517404128692784,0.4610343144239193,0.01699710925697201,0.0017965748081167764,0.0017880762534882905
2009-12-29,0.5706260821209672,0.5706260821209672,0.4880887867343039,0.027054472310384603,-0.0008743388111751488,-0.0008878660473303411
2009-12-30,0.49148132454091664,0.49148132454091664,0.5517404128692784,0.06365162613497455,-0.00016502916075390175,-0.00019685497382138903
2009-12-31,0.36615263271342646,0.36615263271342646,0.5706260821209672,0.018885669251688775,-0.004951680619437178,-0.004961123454063022
2010-01-04,0.3142284632282825,0.3142284632282825,0.49148132454091664,0.07914475758005057,0.00222519082989027,0.0021856184511002447
2010-01-05,0.2947601585000155,0.2947601585000155,0.36615263271342646,0.12532869182749018,0.0006602071267881017,0.0005975427808743567
2010-01-06,0.27529900913075445,0.27529900913075445,0.3142284632282825,0.051924169485143945,-0.009035327384347674,-0.009061289469090246
2010-01-07,0.2435604612257687,0.2435604612257687,0.2947601585000155,0.019468304728266994,-0.0017544660431857595,-0.001764200195549893
2010-01-08,0.22379104212308754,0.22379104212308754,0.27529900913075445,0.019461149369261077,0.00017340232013577639,0.00016367174545114585
2010-01-11,0.22138718702793417,0.22138718702793417,0.2435604612257687,0.03173854790498576,0.0009971682834855583,0.0009812990095330655
2010-01-12,0.22033445565592566,0.22033445565592566,0.22379104212308754,0.01976941910268115,0.0002107122713347011,0.00020082756178336052
2010-01-13,0.2170319227965821,0.2170319227965821,0.22138718702793417,0.0024038550951533677,-0.0002776649005806018,-0.00027886682812817845
2010-01-14,0.17701650604970842,0.17701650604970842,0.22033445565592566,0.0010527313720085085,-0.004493690106904216,-0.00449421647259022
2010-01-15,0.11459850308758851,0.11459850308758851,0.2170319227965821,0.0033025328593435654,-0.00444903854691526,-0.004450689813344932
2010-01-19,0.12099271423925893,0.12099271423925893,0.17701650604970842,0.04001541674687367,0.0037626161034458065,0.0037426083950723695
2010-01-20,0.08591330822678576,0.08591330822678576,0.11459850308758851,0.06241800296211991,-0.0019081747817933877,-0.0019393837832744477
2010-01-21,0.05679762946435099,0.05679762946435099,0.12099271423925893,0.006394211151670423,-0.00031511392642064544,-0.00031831103199648066
2010-01-22,0.001988748389313476,0.001988748389313476,0.08591330822678576,0.03507940601247317,-0.000813436969647283,-0.0008309766726535196
2010-01-25,-0.012409646930144368,-0.012409646930144368,0.05679762946435099,0.029115678762434774,0.0006364911149838467,0.0006219332756026292
2010-01-26,-0.06592230003631092,-0.06592230003631092,0.001988748389313476,0.054808881075037515,-3.3059828145503945e-05,-6.0464268683022705e-05
2010-01-27,-0.13082289179864942,-0.13082289179864942,-0.012409646930144368,0.014398395319457843,0.00012339875832693078,0.00011619956066720185
2010-01-28,-0.2509176198990922,-0.2509176198990922,-0.06592230003631092,0.05351265310616655,0.001191750154093838,0.0011649938275407547
2010-01-29,-0.3136603934073106,-0.3136603934073106,-0.13082289179864942,0.0649005917623385,-0.00040139316933294155,-0.0004338434652141108
2010-02-01,-0.326893992165428,-0.326893992165428,-0.2509176198990922,0.1200947281004428,-0.0016206040029196722,-0.0016806513669698935
2010-02-02,-0.3151281186730195,-0.3151281186730195,-0.3136603934073106,0.06274277350821839,-0.0012710708272476296,-0.0013024422140017389
2010-02-03,-0.5163950945951626,-0.5163950945951626,-0.326893992165428,0.013233598758117415,0.005937661443993536,0.005931044644614477
2010-02-04,-0.6775967297301084,-0.6775967297301084,-0.3151281186730195,0.01176587349240854,0.006045446702059668,0.006039563765313463
2010-02-05,-0.7415114591508358,-0.7415114591508358,-0.5163950945951626,0.20126697592214315,-0.0019840624146609193,-0.0020846959026219907
2010-02-08,-0.8276743061005573,-0.8276743061005573,-0.6775967297301084,0.1612016351349458,0.008723672594899977,0.008643071777332504
2010-02-09,-0.7615699009105694,-0.7615699009105694,-0.7415114591508358,0.0639147294207274,-0.009932420545382657,-0.00996437791009302
2010-02-10,-0.6914313545437231,-0.6914313545437231,-0.8276743061005573,0.08616284694972143,-0.003454311560337993,-0.0034973929838128534
2010-02-11,-0.600917977173818,-0.600917977173818,-0.7615699009105694,0.06610440518998784,-0.004484751403685948,-0.004517803606280942
2010-02-12,-0.5607925831459121,-0.5607925831459121,-0.6914313545437231,0.07013854636684635,0.002619240261874004,0.0025841709886905806
2010-02-16,-0.4936363786785781,-0.4936363786785781,-0.600917977173818,0.09051337736990506,-0.005193034802474308,-0.005238291491159261
2010-02-17,-0.4529049575569827,-0.4529049575569827,-0.5607925831459121,0.040125394027905936,0.0007686011187489819,0.0007485384217350289
2010-02-18,-0.40248403907156244,-0.40248403907156244,-0.4936363786785781,0.06715620446733395,-0.00016940233445476749,-0.00020298043668843445
2010-02-19,-0.34189872723515424,-0.34189872723515424,-0.4529049575569827,0.040731421121595446,0.0020197874300154246,0.001999421719454627
2010-02-22,-0.3145671893638824,-0.3145671893638824,-0.40248403907156244,0.05042091848542024,0.000277418159647472,0.00025220770040476186
2010-02-23,-0.3395987361071596,-0.3395987361071596,-0.34189872723515424,0.060585311836408196,0.0030653679047754354,0.003035075248857231
2010-02-24,-0.2774438877685147,-0.2774438877685147,-0.3145671893638824,0.02733153787127185,-0.0024079446486120456,-0.0024216104175476816
2010-02-25,-0.24954269460562015,-0.24954269460562015,-0.3395987361071596,0.025031546743277233,0.0009380941376001493,0.0009255783642285107
2010-02-26,-0.21265636864379545,-0.21265636864379545,-0.2774438877685147,0.06215484833864493,-0.00048024938599577736,-0.0005113268101650998
2010-03-01,-0.18729946063790714,-0.18729946063790714,-0.24954269460562015,0.02790119316289455,-0.0005176293140792586,-0.0005315799106607059
2010-03-02,-0.1491146815821586,-0.1491146815821586,-0.21265636864379545,0.0368863259618247,-0.0019806481564083674,-0.00199909131938928
2010-03-03,-0.13769631739585736,-0.13769631739585736,-0.18729946063790714,0.0253569080058883,0.0008322067658980234,0.0008195283118950792
2010-03-04,-0.12283059494419854,-0.12283059494419854,-0.1491146815821586,0.03818477905574855,-0.0007165810715467629,-0.0007356734610746372
2010-03-05,-0.11497431533600533,-0.11497431533600533,-0.13769631739585736,0.011418364186301239,0.0001881299171494231,0.00018242073505627247
2010-03-08,-0.10588486960830432,-0.10588486960830432,-0.12283059494419854,0.01486572245165882,-0.0016808813329994773,-0.0016883141942253068
2010-03-09,-0.07978032537361623,-0.07978032537361623,-0.11497431533600533,0.007856279608193212,-0.001086507789887869,-0.0010904359296919656
2010-03-10,-0.07230115583506937,-0.07230115583506937,-0.10588486960830432,0.009089445727701012,0.0005664294629034566,0.0005618847400396061
2010-03-11,-0.06017547473680972,-0.06017547473680972,-0.07978032537361623,0.026104544234688082,-0.00024135971890863926,-0.0002544119910259833
2010-03-12,-0.05862924211894823,-0.05862924211894823,-0.07230115583506937,0.007479169538546868,0.00026653844032009053,0.0002627988555508171
2010-03-15,-0.054496676816550536,-0.054496676816550536,-0.06017547473680972,0.01212568109825965,-0.00026311522227200675,-0.0002691780628211366
2010-03-16,-0.0468733894242382,-0.0468733894242382,-0.05862924211894823,0.0015462326178614857,-0.00013746238120577095,-0.0001382354975147017
2010-03-17,-0.03601625923890123,-0.03601625923890123,-0.054496676816550536,0.004132565302397695,-0.00040057003358278287,-0.0004026363162339817
2010-03-18,-0.026971890525532057,-0.026971890525532057,-0.0468733894242382,0.007623287392312335,-0.00023321314054370793,-0.0002370247842398641
2010-03-19,-0.019442154896711493,-0.019442154896711493,-0.03601625923890123,0.010857130185336974,-0.0001307469724799682,-0.00013617553757263668
2010-03-22,-0.012859139112816234,-0.012859139112816234,-0.026971890525532057,0.00904436871336917,-0.00021287113148962304,-0.00021739331584630763
2010-03-23,-0.007420754897111264,-0.007420754897111264,-0.019442154896711493,0.007529735628820564,-0.00020933065523927964,-0.0002130955230536899
2010-03-24,-0.008919414900135678,-0.008919414900135678,-0.012859139112816234,0.006583015783895259,0.00021584479838788456,0.00021255329049593694
2010-03-25,-0.014613505335703124,-0.014613505335703124,-0.007420754897111264,0.0054383842157049705,3.6546512930397204e-05,3.382732082254472e-05
2010-03-26,-0.01572213943617104,-0.01572213943617104,-0.008919414900135678,0.0014986600030244147,-1.7657871772834782e-05,-1.840720177434699e-05
2010-03-29,-0.012966947946563901,-0.012966947946563901,-0.014613505335703124,0.005694090435567446,-3.850165845997457e-05,-4.134870367775829e-05
2010-03-30,0.03424334149409682,0.03424334149409682,-0.01572213943617104,0.001108634100467916,-0.00040273257996305896,-0.0004032868970132929
2010-03-31,0.05368092379373343,0.05368092379373343,-0.012966947946563901,0.0027551914896071384,8.719704418040663e-05,8.581944843560306e-05
2010-04-01,0.16901546292956254,0.16901546292956254,0.03424334149409682,0.047210289440660726,0.00028701307554775666,0.0002634079308274263
2010-04-05,0.29529789947164303,0.29529789947164303,0.05368092379373343,0.01943758229963661,0.00030890701114912435,0.000299188219999306
2010-04-06,0.3290869046143478,0.3290869046143478,0.16901546292956254,0.11533453913582911,-0.001396789967436217,-0.0014544572370041315
2010-04-07,0.2841224146092536,0.2841224146092536,0.29529789947164303,0.1262824365420805,-0.004661300264966208,-0.004724441483237248
2010-04-08,0.2373977788117975,0.2373977788117975,0.3290869046143478,0.033789005142704776,-0.0008705376798757645,-0.0008874321824471169
2010-04-09,0.20001237815299136,0.20001237815299136,0.2841224146092536,0.044964490005094226,-0.0007537411988481821,-0.0007762234438507292
2010-04-12,0.18830466062630366,0.18830466062630366,0.2373977788117975,0.04672463579745609,-0.0011049373983635798,-0.0011282997162623079
2010-04-13,0.20122628689039185,0.20122628689039185,0.20001237815299136,0.037385400658806134,0.0008684441461308656,0.0008497514458014625
2010-04-14,0.1539940491046975,0.1539940491046975,0.18830466062630366,0.0117077175266877,-0.0013775987159946174,-0.0013834525747579611
2010-04-15,0.10884991913185374,0.10884991913185374,0.20122628689039185,0.012921626264088187,-0.0020898647525958627,-0.002096325565727907
2010-04-16,0.07858046255097964,0.07858046255097964,0.1539940491046975,0.04723223778569435,0.00020855074486313282,0.00018493462597028563
2010-04-19,0.06389584544778218,0.06389584544778218,0.10884991913185374,0.045144129972843755,0.0005519755211313722,0.0005294034561449504
2010-04-20,0.05583073402692436,0.05583073402692436,0.07858046255097964,0.0302694565808741,7.928763887889223e-05,6.415291058845518e-05
2010-04-21,0.03886550494430577,0.03886550494430577,0.06389584544778218,0.014684617103197461,-0.0004293995030063493,-0.00043674181155794805
2010-04-22,0.02294115685411947,0.02294115685411947,0.05583073402692436,0.00806511142085782,-0.0005288607791904981,-0.000532893334900927
2010-04-23,0.004751450814567199,0.004751450814567199,0.03886550494430577,0.01696522908261859,-0.0003052940501987706,-0.0003137766647400799
2010-04-26,-0.013940677799465787,-0.013940677799465787,0.02294115685411947,0.015924348090186297,-8.686381638682479e-05,-9.482599043191793e-05
2010-04-27,-0.028411272053524127,-0.028411272053524127,0.004751450814567199,0.01818970603955227,-3.119476652914489e-05,-4.028961954892103e-05
2010-04-28,-0.03777841315828846,-0.03777841315828846,-0.013940677799465787,0.018692128614032986,-0.00017941370258595723,-0.00018875976689297373
2010-04-29,-0.035828943965778216,-0.035828943965778216,-0.028411272053524127,0.01447059425405834,-9.755284319793293e-05,-0.0001047881403249621
2010-04-30,-0.06491703745536875,-0.06491703745536875,-0.03777841315828846,0.009367141104764335,0.00041371224990298714,0.000409028679350605
2010-05-03,-0.05598898306397529,-0.05598898306397529,-0.035828943965778216,0.0019494691925102461,-0.0004834973577227322,-0.0004844720923189873
2010-05-04,-0.12477710224225308,-0.12477710224225308,-0.06491703745536875,0.029088093489590537,0.0011968280050610857,0.0011822839583162904
2010-05-05,-0.25403847852357186,-0.25403847852357186,-0.05598898306397529,0.008928054391393464,0.00013631293693078302,0.00013184890973508628
2010-05-06,-0.5026923190157145,-0.5026923190157145,-0.12477710224225308,0.06878811917827779,0.0029149298601921334,0.0028805358006029945
2010-05-07,-0.5945831450793502,-0.5945831450793502,-0.25403847852357186,0.12926137628131878,-0.0016324305170607107,-0.0016970612052013701
2010-05-10,-0.5427596046184744,-0.5427596046184744,-0.5026923190157145,0.24865384049214267,-0.007489707674990707,-0.007614034595236779
2010-05-11,-0.5602031372410688,-0.5602031372410688,-0.5945831450793502,0.09189082606363563,0.004364377528160883,0.004318432115129066
2010-05-12,-0.4985793070074837,-0.4985793070074837,-0.5427596046184744,0.05182354046087578,-0.005733177852517106,-0.005759089622747544
2010-05-13,-0.4589793418247943,-0.4589793418247943,-0.5602031372410688,0.01744353262259446,0.00019506969281569218,0.00018634792650439494
2010-05-14,-0.4710517382469015,-0.4710517382469015,-0.4985793070074837,0.06162383023358514,0.0031280176802059964,0.003097205765089204
2010-05-17,-0.43911019951014607,-0.43911019951014607,-0.4589793418247943,0.039599965182689434,-0.0024147879135789,-0.0024345878961702446
2010-05-18,-0.46443700581397435,-0.46443700581397435,-0.4710517382469015,0.012072396422107223,0.003944594230514461,0.003938558032303407
2010-05-19,-0.45920041679183016,-0.45920041679183016,-0.43911019951014607,0.031941538736755426,-0.0013905991932880771,-0.0014065699626564549
2010-05-20,-0.6394669445278868,-0.6394669445278868,-0.46443700581397435,0.025326806303828275,0.012217930885184636,0.012205267482032722
2010-05-21,-0.6740409891301263,-0.6740409891301263,-0.45920041679183016,0.005236589022144189,-0.003308455083575852,-0.003311073378086924
2010-05-24,-0.7826939927534176,-0.7826939927534176,-0.6394669445278868,0.18026652773605661,0.010749162099620643,0.010659028835752614
2010-05-25,-0.8551293285022785,-0.8551293285022785,-0.6740409891301263,0.03457404460223956,0.0022068633156832377,0.002189576293382118
2010-05-26,-0.9034195523348525,-0.9034195523348525,-0.7826939927534176,0.10865300362329122,0.013425576439872588,0.013371249938060941
2010-05-27,-0.7669946064633697,-0.7669946064633697,-0.8551293285022785,0.07243533574886096,-0.020640016204638286,-0.020676233872512717
2010-05-28,-0.6876543519502023,-0.6876543519502023,-0.9034195523348525,0.048290223832573975,0.0019654503883272736,0.0019413052764109867
2010-06-01,-0.7041636641533262,-0.7041636641533262,-0.7669946064633697,0.1364249458714828,0.00863996294563009,0.008571750472694348
2010-06-02,-0.6373801110573891,-0.6373801110573891,-0.6876543519502023,0.0793402545131674,-0.009603475181913675,-0.00964314530917026
2010-06-03,-0.5841745800760396,-0.5841745800760396,-0.7041636641533262,0.016509312203123905,-0.0012762773366147525,-0.0012845319927163145
2010-06-04,-0.6321516864447192,-0.6321516864447192,-0.6373801110573891,0.06678355309593709,0.009916028554678874,0.009882636778130905
2010-06-07,-0.7012423919127044,-0.7012423919127044,-0.5841745800760396,0.0532055309813495,0.002790993155363486,0.002764390389872811
2010-06-08,-0.6100594989211061,-0.6100594989211061,-0.6321516864447192,0.04797710636867958,-0.014006437662057914,-0.014030426215242253
2010-06-09,-0.5326614671557024,-0.5326614671557024,-0.7012423919127044,0.06909070546798524,-0.002533461516911598,-0.0025680068696455906
2010-06-10,-0.40511884059180686,-0.40511884059180686,-0.6100594989211061,0.09118289299159832,-0.012297809497248739,-0.012343400943744538
2010-06-11,-0.2945511495884538,-0.2945511495884538,-0.5326614671557024,0.07739803176540372,-0.004134899357364175,-0.004173598373246877
2010-06-14,-0.21507042632608456,-0.21507042632608456,-0.40511884059180686,0.12754262656389553,-0.0009930131093745102,-0.0010567844226564579
2010-06-15,-0.1290436116840556,-0.1290436116840556,-0.2945511495884538,0.11056769100335306,-0.004938246726117011,-0.004993530571618687
2010-06-16,-0.06761802081109564,-0.06761802081109564,-0.21507042632608456,0.07948072326236924,-0.0005171780523750546,-0.0005569184140062392
2010-06-17,-0.03160100501598524,-0.03160100501598524,-0.1290436116840556,0.08602681464202896,0.0003979877472402821,0.0003549743399192676
2010-06-18,-0.01083005373500712,-0.01083005373500712,-0.06761802081109564,0.061425590872959956,-9.296826968773777e-05,-0.00012368106512421776
2010-06-21,-0.0005770386981175761,-0.0005770386981175761,-0.03160100501598524,0.036017015795110394,7.593594187873977e-05,5.792743398118457e-05
2010-06-22,0.0032853460379504763,0.0032853460379504763,-0.01083005373500712,0.020770951280978122,-0.0,-1.0385475640489061e-05
2010-06-23,0.012575522663202353,0.012575522663202353,-0.0005770386981175761,0.010253015036889544,-5.361413501693139e-06,-1.0487921020137911e-05
2010-06-24,0.01031458507938353,0.01031458507938353,0.0032853460379504763,0.0038623847360680524,-4.1446140436737064e-05,-4.337733280477109e-05
2010-06-25,-0.007031779804510374,-0.007031779804510374,0.012575522663202353,0.009290176625251877,-0.0001780365892731352,-0.00018268167758576115
2010-06-28,-0.012102615390868533,-0.012102615390868533,0.01031458507938353,0.0022609375838188225,5.780854422083174e-05,5.667807542892233e-05
2010-06-29,-0.010979532505323662,-0.010979532505323662,-0.007031779804510374,0.017346364883893906,2.2045429955669737e-05,1.3372247513722785e-05
2010-06-30,-0.037024153472015695,-0.037024153472015695,-0.012102615390868533,0.005070835586358158,0.0002537248322432226,0.00025118941445004354
2010-07-01,-0.047618293940018826,-0.047618293940018826,-0.010979532505323662,0.001123082885544871,-4.3104503473316483e-05,-4.366604491608892e-05
2010-07-02,-0.02159273542711028,-0.02159273542711028,-0.037024153472015695,0.026044620966692033,-0.0005994895094658274,-0.0006125118199491734
2010-07-06,-0.021459031284906744,-0.021459031284906744,-0.047618293940018826,0.010594140468003131,0.00035521516238887414,0.00034991809215487255
2010-07-07,0.01870648862723876,0.01870648862723876,-0.02159273542711028,0.026025558512908546,-0.00031807547869620623,-0.0003310882579526605
2010-07-08,0.10098232212132513,0.10098232212132513,-0.021459031284906744,0.00013370414220353552,-0.00021039311438914983,-0.0002104599664602516
2010-07-09,0.13894505404365204,0.13894505404365204,0.01870648862723876,0.04016551991214551,-9.081266601843498e-05,-0.00011089542597450773
2010-07-12,0.13567603266670406,0.13567603266670406,0.10098232212132513,0.08227583349408638,-0.0006062939891860625,-0.0006474319059331057
2010-07-13,0.20820298635448453,0.20820298635448453,0.13894505404365204,0.03796273192232691,0.0020981605156097515,0.002079179149648588
2010-07-14,0.24483811933386956,0.24483811933386956,0.13567603266670406,0.0032690213769479837,-0.00025233079434918023,-0.00025396530503765425
2010-07-15,0.2560696226256806,0.2560696226256806,0.20820298635448453,0.07252695368778048,-0.00031027320143893656,-0.0003465366782828268
2010-07-16,0.2897119652351872,0.2897119652351872,0.24483811933386956,0.03663513297938503,-0.0010049898067114047,-0.0010233073732010972
2010-07-19,0.3021586261507575,0.3021586261507575,0.2560696226256806,0.011231503291811051,0.0002878391544290285,0.000282223402783123
2010-07-20,0.28354159262696876,0.28354159262696876,0.2897119652351872,0.033642342609506604,-0.0005420711945883567,-0.00055889236589311
2010-07-21,0.2194235052780982,0.2194235052780982,0.3021586261507575,0.012446660915570285,-0.00169952884697789,-0.0017057521774356751
2010-07-22,0.45709845107301494,0.45709845107301494,0.28354159262696876,0.01861703352378874,0.00513208515807195,0.005122776641310056
2010-07-23,0.6380656340486767,0.6380656340486767,0.2194235052780982,0.06411808734887056,0.008289289948963418,0.008257230905288983
2010-07-26,0.7587104226991178,0.7587104226991178,0.45709845107301494,0.23767494579491674,0.004241524504983618,0.00412268703208616
2010-07-27,0.839140281799412,0.839140281799412,0.6380656340486767,0.18096718297566172,0.006994188079925139,0.006903704488437308
2010-07-28,0.8927601878662748,0.8927601878662748,0.7587104226991178,0.12064478865044115,0.008492161712494669,0.008431839318169449
2010-07-29,0.9163046954920975,0.9163046954920975,0.839140281799412,0.08042985910029421,-0.000870942616486172,-0.0009111575460363191
2010-07-30,0.9442031303280651,0.9442031303280651,0.8927601878662748,0.05361990606686273,0.005564607089971823,0.005537797136938391
2010-08-02,0.9628020868853768,0.9628020868853768,0.9163046954920975,0.02354450762582272,0.015765652958193915,0.015753880704381003
2010-08-03,0.9678627782747351,0.9678627782747351,0.9442031303280651,0.027898434835967656,-0.0006384278840781603,-0.0006523771014961442
2010-08-04,0.92423761805625,0.92423761805625,0.9628020868853768,0.018598956557311697,-0.004563570748584745,-0.004572870226863401
2010-08-05,0.9457155118686946,0.9457155118686946,0.9678627782747351,0.005060691389358274,0.004938149669360663,0.004935619323665983
2010-08-06,0.9552142312656122,0.9552142312656122,0.92423761805625,0.04362516021848506,0.0,-2.181258010924253e-05
2010-08-09,0.9701428208437415,0.9701428208437415,0.9457155118686946,0.02147789381244458,0.009921392632882884,0.009910653685976663
2010-08-10,0.9800952138958277,0.9800952138958277,0.9552142312656122,0.009498719396917599,0.005118400228393411,0.005113650868694953
2010-08-11,0.816701678385336,0.816701678385336,0.9701428208437415,0.014928589578129259,-0.014865794521995306,-0.014873258816784371
2010-08-12,0.8778011189235575,0.8778011189235575,0.9800952138958277,0.009952393052086173,0.025198493759285196,0.025193517562759154
2010-08-13,0.8358164286160122,0.8358164286160122,0.816701678385336,0.16339353551049163,-0.007811376108036967,-0.007893072875792212
2010-08-16,0.7880502536267627,0.7880502536267627,0.8778011189235575,0.06109944053822147,-0.0020462040111232558,-0.0020767537313923666
2010-08-17,0.8115932332765012,0.8115932332765012,0.8358164286160122,0.04198469030754526,0.005858662850785588,0.005837670505631816
2010-08-18,0.8219546195476892,0.8219546195476892,0.7880502536267627,0.04776617498924951,-0.0005224671468605695,-0.0005463502343551942
2010-08-19,0.729412905675697,0.729412905675697,0.8115932332765012,0.023542979649738505,-0.014266660751924901,-0.01427843224174977
2010-08-20,0.633739237841783,0.633739237841783,0.8219546195476892,0.010361386271187989,-0.0069375791549756306,-0.006942759848111224
2010-08-23,0.5736024625688687,0.5736024625688687,0.729412905675697,0.09254171387199217,0.0009934736174571166,0.0009472027605211205
2010-08-24,0.5403188313789741,0.5403188313789741,0.633739237841783,0.09567366783391407,0.0012926818482796077,0.0012448450143626507
2010-08-25,0.540691183276239,0.540691183276239,0.5736024625688687,0.06013677527291428,0.00369849523341795,0.003668426845781493
2010-08-26,0.4504020178411503,0.4504020178411503,0.5403188313789741,0.033283631189894636,-0.0029149923086471794,-0.002931634124242127
2010-08-27,0.46753424164565044,0.46753424164565044,0.540691183276239,0.000372351897264922,0.00623178325788441,0.006231597081935778
2010-08-30,0.4272417802533617,0.4272417802533617,0.4504020178411503,0.09028916543508869,-0.006037704761543091,-0.006082849344260635
2010-08-31,0.3940857756254562,0.3940857756254562,0.46753424164565044,0.017132223804500135,0.0014294489367115075,0.0014208828248092574
2010-09-01,0.5765938277804092,0.5765938277804092,0.4272417802533617,0.04029246139228876,0.010561622136377178,0.010541475905681033
2010-09-02,0.6411246984056325,0.6411246984056325,0.3940857756254562,0.03315600462790547,-0.0019534713265324005,-0.001970049328846353
2010-09-03,0.7122881657617788,0.7122881657617788,0.5765938277804092,0.18250805215495303,0.001723247041469432,0.0016319930153919555
2010-09-07,0.7674071196637307,0.7674071196637307,0.6411246984056325,0.06453087062522322,0.00042458930608856607,0.00039232387077595447
2010-09-08,0.8449380797758206,0.8449380797758206,0.7122881657617788,0.07116346735614631,0.005657020677641762,0.005621438943963689
2010-09-09,0.8966253865172138,0.8966253865172138,0.7674071196637307,0.05511895390195187,0.009574040854839368,0.009546481377888393
2010-09-10,0.923565814397015,0.923565814397015,0.8449380797758206,0.07753096011208993,-0.000548606717981434,-0.000587372198037479
2010-09-13,0.9490438762646767,0.9490438762646767,0.8966253865172138,0.05168730674139321,0.002327467701738202,0.0023016240483675053
2010-09-14,0.9660292508431179,0.9660292508431179,0.923565814397015,0.02694042787980122,0.00029950647187424975,0.00028603625793434916
2010-09-15,0.977352833895412,0.977352833895412,0.9490438762646767,0.02547806186766166,0.008596831488515871,0.00858409245758204
2010-09-16,0.9849018892636081,0.9849018892636081,0.9660292508431179,0.01698537457844118,0.007123202407703515,0.0071147097204142945
2010-09-17,0.9899345928424055,0.9899345928424055,0.977352833895412,0.011323583052294195,0.008087710734779882,0.008082048943253735
2010-09-20,0.9932897285616038,0.9932897285616038,0.9849018892636081,0.007549055368196056,0.012746923329875629,0.012743148802191531
2010-09-21,0.9955264857077359,0.9955264857077359,0.9899345928424055,0.005032703578797371,0.007094884349116629,0.00709236799732723
2010-09-22,0.9970176571384908,0.9970176571384908,0.9932897285616038,0.003355135719198321,0.002151424715097547,0.002149747147237948
2010-09-23,0.8784331463566262,0.8784331463566262,0.9955264857077359,0.00223675714613214,-0.006762285817377847,-0.006763404195950912
2010-09-24,0.9189554309044174,0.9189554309044174,0.9970176571384908,0.001491171430754834,0.014566396995182295,0.014565651409466918
2010-09-27,0.9459702872696116,0.9459702872696116,0.8784331463566262,0.1185845107818646,0.00592097550182491,0.005861683246433978
2010-09-28,0.9051935580547075,0.9051935580547075,0.9189554309044174,0.040522284547791276,-0.003915299867031387,-0.003935561009305283
2010-09-29,0.8573882862395655,0.8573882862395655,0.9459702872696116,0.027014856365194184,-0.0017344273488335115,-0.0017479347770161086
2010-09-30,0.8078336661978169,0.8078336661978169,0.9051935580547075,0.04077672921490416,-0.0019403815671219062,-0.0019607699317293584
2010-10-01,0.8718891107985447,0.8718891107985447,0.8573882862395655,0.047805271815141936,0.00789267404475216,0.007868771408844588
2010-10-04,0.9145927405323633,0.9145927405323633,0.8078336661978169,0.0495546200417486,0.0034386086353443146,0.0034138313253234405
2010-10-05,0.9430618270215756,0.9430618270215756,0.8718891107985447,0.06405544460072776,0.014254199867786001,0.014222172145485637
2010-10-06,0.9620412180143838,0.9620412180143838,0.9145927405323633,0.04270362973381858,0.007685996191985588,0.007664644377118678
2010-10-07,0.8753806270876041,0.8753806270876041,0.9430618270215756,0.028469086489212314,-0.012155873319957712,-0.012170107863202318
2010-10-08,0.7896673538696767,0.7896673538696767,0.9620412180143838,0.01897939099280821,-0.0029214616390520433,-0.0029309513345484473
2010-10-11,0.7729850168587268,0.7729850168587268,0.8753806270876041,0.08666059092677969,0.005332844451184696,0.005289514155721306
2010-10-12,0.6946003591712039,0.6946003591712039,0.7896673538696767,0.08571327321792743,-0.011714997834044434,-0.011757854470653398
2010-10-13,0.6099365768105778,0.6099365768105778,0.7729850168587268,0.0166823370109499,-0.00783896660273287,-0.007847307771238345
2010-10-14,0.5741773231526369,0.5741773231526369,0.6946003591712039,0.0783846576875229,0.004959802131897127,0.004920609803053365
2010-10-15,0.5252344337023532,0.5252344337023532,0.6099365768105778,0.0846637823606261,-0.0001879589452208746,-0.00023029083640118767
2010-10-18,0.5235471017030593,0.5235471017030593,0.5741773231526369,0.03575925365794086,0.0028328094870681973,0.002814929860239227
2010-10-19,0.44558632965620415,0.44558632965620415,0.5252344337023532,0.04894288945028369,-0.0069299171202957905,-0.0069543885650209325
2010-10-20,0.4614319836427623,0.4614319836427623,0.5235471017030593,0.0016873319992939395,0.007813998826934026,0.007813155160934379
2010-10-21,0.4450508613809062,0.4450508613809062,0.44558632965620415,0.07796077204685514,-0.0016380328005343387,-0.0016770131865577662
2010-10-22,0.3835986803756467,0.3835986803756467,0.4614319836427623,0.015845653986558128,-0.006101516375436582,-0.006109439202429861
2010-10-25,0.3649766628472607,0.3649766628472607,0.4450508613809062,0.016381122261856063,0.0036058826228771977,0.0035976920617462695
2010-10-26,0.36468381133512495,0.36468381133512495,0.3835986803756467,0.06145218100525951,0.0017785944767105496,0.0017478683862079199
2010-10-27,0.3562163480118514,0.3562163480118514,0.3649766628472607,0.018622017528385992,0.00011236006846016218,0.00010304905969596919
2010-10-28,0.3342403350711943,0.3342403350711943,0.36468381133512495,0.0002928515121357611,-0.0011216826822636403,-0.0011218291080197082
2010-10-29,0.32936493051290044,0.32936493051290044,0.3562163480118514,0.008467463323273527,0.0007693039507368958,0.0007650702190752591
2010-11-01,0.31335515016667226,0.31335515016667226,0.3342403350711943,0.021976012940657097,-0.0008232268810392952,-0.0008342148875096237
2010-11-02,0.3591433088745686,0.3591433088745686,0.32936493051290044,0.004875404558293883,0.004066326196819262,0.0040638884945401145
2010-11-03,0.4126237588701871,0.4126237588701871,0.31335515016667226,0.016009780346228186,0.0018151491412963423,0.0018071442511232282
2010-11-04,0.6084158392467914,0.6084158392467914,0.3591433088745686,0.04578815870789632,0.005769841668434338,0.00574694758908039
2010-11-05,0.687902833939496,0.687902833939496,0.4126237588701871,0.05348044999561852,-0.0011080724986975209,-0.00113481272369533
2010-11-08,0.6551204323803996,0.6551204323803996,0.6084158392467914,0.19579208037660434,-0.004732136239075802,-0.004830032279264105
2010-11-09,0.598391096394888,0.598391096394888,0.687902833939496,0.0794869946927046,-0.003317959819738563,-0.0033577033170849153
2010-11-10,0.533938961369638,0.533938961369638,0.6551204323803996,0.0327824015590964,-0.00317532484128959,-0.003191716042069138
2010-11-11,0.4614949651695803,0.4614949651695803,0.598391096394888,0.056729335985511664,-0.004007435423866829,-0.004035800091859585
2010-11-12,0.4104145022525814,0.4104145022525814,0.533938961369638,0.06445213502524993,-0.0011454186027033551,-0.0011776446702159802
2010-11-15,0.4093898212162965,0.4093898212162965,0.4614949651695803,0.07244399620005776,0.00297647566777278,0.002940253669672751
2010-11-16,0.34442284396753386,0.34442284396753386,0.4104145022525814,0.05108046291699886,-0.0072640513803422365,-0.007289591611800736
2010-11-17,0.31482277063204545,0.31482277063204545,0.4093898212162965,0.0010246810362848913,0.0019078300254414728,0.0019073176849233305
2010-11-18,0.3119209014259353,0.3119209014259353,0.34442284396753386,0.06496697724876266,0.003301538061230254,0.003269054572605873
2010-11-19,0.30284988635088494,0.30284988635088494,0.31482277063204545,0.02960007333548842,-0.000578641621079101,-0.0005934416577468452
2010-11-22,0.2834389880722227,0.2834389880722227,0.3119209014259353,0.0029018692061101303,-0.0008614637506619717,-0.0008629146852650268
2010-11-23,0.2590495013316455,0.2590495013316455,0.30284988635088494,0.00907101507505037,-0.001024897230766744,-0.0010294327383042691
2010-11-24,0.22250478821528413,0.22250478821528413,0.2834389880722227,0.01941089827866227,-0.0003501060377121985,-0.0003598114868515296
2010-11-26,0.1905040276483902,0.1905040276483902,0.2590495013316455,0.02438948674057717,-0.001121058323085607,-0.0011332530664558956
2010-11-29,0.14733474701569238,0.14733474701569238,0.22250478821528413,0.03654471311636137,-0.0021413869419863035,-0.0021596592985444842
2010-11-30,0.12353047823102542,0.12353047823102542,0.1905040276483902,0.03200076056689394,0.0006568119523103162,0.0006408115720268693
2010-12-01,0.11108618728230661,0.11108618728230661,0.14733474701569238,0.043169280632697815,0.0015649564057512483,0.0015433717654348995
2010-12-02,0.14291888189115742,0.14291888189115742,0.12353047823102542,0.02380426878466696,0.0014893108861071423,0.0014774087517148088
2010-12-03,0.1823042438034519,0.1823042438034519,0.11108618728230661,0.012444290948718809,0.000542816518598338,0.0005365943731239786
2010-12-06,0.20283763418913345,0.20283763418913345,0.14291888189115742,0.03183269460885081,-4.3435580846273504e-05,-5.935192815069891e-05
2010-12-07,0.22451301894489262,0.22451301894489262,0.1823042438034519,0.03938536191229447,0.00033261688355471967,0.00031292420259857243
2010-12-08,0.22929249892484788,0.22929249892484788,0.20283763418913345,0.020533390385681555,0.00018457827112496085,0.00017431157593212007
2010-12-09,0.48619499928323195,0.48619499928323195,0.22451301894489262,0.02167538475575917,0.003948393856820007,0.0039375561644421275
2010-12-10,0.657463332855488,0.657463332855488,0.22929249892484788,0.004779479979955259,0.0032796157459657476,0.00327722600597577
2010-12-13,0.7716422219036587,0.7716422219036587,0.48619499928323195,0.2569025003583841,0.0009996719572925806,0.0008712207071133886
2010-12-14,0.8477614812691059,0.8477614812691059,0.657463332855488,0.17126833357225602,0.010793844191595903,0.010708210024809775
2010-12-15,0.8685245890372959,0.8685245890372959,0.7716422219036587,0.11417888904817075,-0.0008902198369821211,-0.0009473092815062065
2010-12-16,0.9123497260248641,0.9123497260248641,0.8477614812691059,0.07611925936544717,0.0031823807274713248,0.0031443210977886013
2010-12-17,0.8633825932454449,0.8633825932454449,0.8685245890372959,0.020763107768190014,-0.0029980804802760947,-0.00300846203416019
2010-12-20,0.894165509040441,0.894165509040441,0.9123497260248641,0.04382513698756818,0.0026338494369432925,0.0026119368684495085
2010-12-21,0.9294436726936275,0.9294436726936275,0.8633825932454449,0.04896713277941922,0.004970358778385405,0.004945875211995695
2010-12-22,0.9529624484624184,0.9529624484624184,0.894165509040441,0.030782915794996146,0.0061424172670432675,0.00612702580914577
2010-12-23,0.9686416323082789,0.9686416323082789,0.9294436726936275,0.03527816365318648,0.006868685949206984,0.006851046867380391
2010-12-27,0.9790944215388526,0.9790944215388526,0.9529624484624184,0.02351877576879091,0.001613131311330177,0.0016013719234457815
2010-12-28,0.9860629476925684,0.9860629476925684,0.9686416323082789,0.015679183845860534,0.003274269162006179,0.003266429570083249
2010-12-29,0.9228261030792951,0.9228261030792951,0.9790944215388526,0.01045278923057369,-0.0010989558188275726,-0.0011041822134428595
2010-12-30,0.8539103448910064,0.8539103448910064,0.9860629476925684,0.006968526153715793,-0.0005543953424288691,-0.000557879605505727
2010-12-31,0.9026068965940044,0.9026068965940044,0.9228261030792951,0.06323684461327328,0.005709082547016539,0.005677464124709902
2011-01-03,0.9350712643960031,0.9350712643960031,0.8539103448910064,0.06891575818828877,0.015512588487325387,0.015478130608231243
2011-01-04,0.9567141762640021,0.9567141762640021,0.9026068965940044,0.048696551702998025,0.01808646232676812,0.018062114050916622
2011-01-05,0.9711427841760014,0.9711427841760014,0.9350712643960031,0.032464367801998684,0.012833467062438807,0.012817234878537807
2011-01-06,0.8257295668758688,0.8257295668758688,0.9567141762640021,0.02164291186799905,-0.024495188605124577,-0.024506010061058577
2011-01-07,0.6976719526671128,0.6976719526671128,0.9711427841760014,0.014428607911999292,-0.008041205430787053,-0.008048419734743052
2011-01-10,0.6115910800085903,0.6115910800085903,0.8257295668758688,0.14541321730013257,-0.00023006022623914854,-0.00030276683488921483
2011-01-11,0.5025028022924436,0.5025028022924436,0.6976719526671128,0.12805761420875605,-0.010877178120889647,-0.010941206927994026
2011-01-12,0.44008395884108176,0.44008395884108176,0.6115910800085903,0.08608087265852249,0.001902845438747364,0.0018598050024181028
2011-01-13,0.4336242896169202,0.4336242896169202,0.5025028022924436,0.10908827771614671,0.004674991770216601,0.004620447631358528
2011-01-14,0.3969594326585374,0.3969594326585374,0.44008395884108176,0.06241884345136184,-0.00417949911275722,-0.004210708534482901
2011-01-18,0.2765426975574158,0.2765426975574158,0.4336242896169202,0.006459669224161579,-0.01345148509291391,-0.013454714927525991
2011-01-19,0.21414400974266554,0.21414400974266554,0.3969594326585374,0.036664856958382785,0.0027726583878754764,0.002754325959396285
2011-01-20,0.17092411779823408,0.17092411779823408,0.2765426975574158,0.12041673510112161,8.004426721375554e-05,1.9835899663194734e-05
2011-01-21,0.16401113470538164,0.16401113470538164,0.21414400974266554,0.06239868781475025,0.002103635809310136,0.0020724364654027606
2011-01-24,0.18311439170333416,0.18311439170333416,0.17092411779823408,0.04321989194443146,0.0014182868260838389,0.001396676880111623
2011-01-25,0.25106460884347626,0.25106460884347626,0.16401113470538164,0.006912983092852432,0.002559805456235115,0.0025563489646886887
2011-01-26,0.36556539702630375,0.36556539702630375,0.18311439170333416,0.01910325699795251,0.0031209478549727395,0.003111396226473763
2011-01-27,0.4546962936154274,0.4546962936154274,0.25106460884347626,0.0679502171401421,0.0006207545623754751,0.0005867794538054041
2011-01-28,0.421030782696269,0.421030782696269,0.36556539702630375,0.1145007881828275,-0.00861558236167208,-0.008672832755763494
2011-01-31,0.3962215073727796,0.3962215073727796,0.4546962936154274,0.08913089658912365,-0.00012785928328941067,-0.0001724247315839725
2011-02-01,0.4236809857538483,0.4236809857538483,0.421030782696269,0.033665510919158426,0.00768308222608828,0.007666249470628701
2011-02-02,0.43066389949794853,0.43066389949794853,0.3962215073727796,0.024809275323489366,-0.001201651162296017,-0.0012140557999577618
2011-02-03,0.46405526049903695,0.46405526049903695,0.4236809857538483,0.027459478381068714,0.0025777261542588308,0.0025639964150682964
2011-02-04,0.4773903493338616,0.4773903493338616,0.43066389949794853,0.006982913744100205,-0.000828387286780041,-0.0008318787436520911
2011-02-07,0.454143046063009,0.454143046063009,0.46405526049903695,0.033391361001088415,-0.0037066316738300934,-0.0037233273543306375
2011-02-08,0.4727770906886898,0.4727770906886898,0.4773903493338616,0.013335088834824649,0.004241092465482181,0.004234424921064768
2011-02-09,0.530745742119923,0.530745742119923,0.454143046063009,0.023247303270852615,0.004248981638817089,0.0042373579871816626
2011-02-10,0.5280994052828585,0.5280994052828585,0.4727770906886898,0.0186340446256808,-0.0033510654374446654,-0.003360382459757506
2011-02-11,0.47416834325004176,0.47416834325004176,0.530745742119923,0.0579686514312332,-0.0004371603637866097,-0.0004661446895022263
2011-02-14,0.40328996385609706,0.40328996385609706,0.5280994052828585,0.0026463368370645,-0.007111071064227218,-0.00711239423264575
2011-02-15,0.41415484334502844,0.41415484334502844,0.47416834325004176,0.05393106203281672,0.0073966691701463985,0.00736970363912999
2011-02-16,0.3863636857966367,0.3863636857966367,0.40328996385609706,0.0708783793939447,-0.003207831778763857,-0.0032432709684608297
2011-02-17,0.39347117905972245,0.39347117905972245,0.41415484334502844,0.01086487948893139,0.0022899678560061544,0.0022845354162616886
2011-02-18,0.4436509230051342,0.4436509230051342,0.3863636857966367,0.02779115754839173,0.0026557400922472088,0.0026418445134730128
2011-02-22,0.4043842473711512,0.4043842473711512,0.39347117905972245,0.00710749326308574,-0.0066616377943237316,-0.0066651915409552745
2011-02-23,0.3553779040173855,0.3553779040173855,0.4436509230051342,0.05017974394541175,-0.0023414839238123965,-0.002366573795785102
2011-02-24,0.2958074746926654,0.2958074746926654,0.4043842473711512,0.039266675633983006,-0.002597128146477383,-0.0026167614842943746
2011-02-25,0.2892648892316432,0.2892648892316432,0.3553779040173855,0.04900634335376569,0.0038952559115468413,0.0038707527398699586
2011-02-28,0.4560055621350252,0.4560055621350252,0.2958074746926654,0.05957042932472012,0.007812413043078127,0.007782627828415767
2011-03-01,0.4207928179413454,0.4207928179413454,0.2892648892316432,0.00654258546102221,-0.007051346738417217,-0.007054618031147728
2011-03-02,0.43530426477848333,0.43530426477848333,0.4560055621350252,0.16674067290338201,0.004051111960028985,0.003967741623577293
2011-03-03,0.4444700121700556,0.4444700121700556,0.4207928179413454,0.03521274419367981,0.00023173497137950232,0.0002141285992826624
2011-03-04,0.4118483143429954,0.4118483143429954,0.43530426477848333,0.014511446837137953,-0.0033521035254235874,-0.003359359248842156
2011-03-07,0.3609343122992499,0.3609343122992499,0.4444700121700556,0.009165747391572276,-0.0008626752587048588,-0.0008672581324006449
2011-03-08,0.3754670219616634,0.3754670219616634,0.4118483143429954,0.0326216978270602,0.005375629809660451,0.005359318960746921
2011-03-09,0.41635044955115547,0.41635044955115547,0.3609343122992499,0.05091400204374552,0.0016819363900589762,0.0016564793890371035
2011-03-10,0.3736043676979602,0.3736043676979602,0.3754670219616634,0.014532709662413545,-0.00256112256455598,-0.0025683889193871866
2011-03-11,0.27230433292273704,0.27230433292273704,0.41635044955115547,0.04088342758949204,-0.006291035709920734,-0.00631147742371548
2011-03-14,0.13692430501674313,0.13692430501674313,0.3736043676979602,0.042746081853195284,-0.006982319539230513,-0.007003692580157111
2011-03-15,0.026473378529091984,0.026473378529091984,0.27230433292273704,0.10130003477522315,-0.002399452380547798,-0.0024501023979354095
2011-03-16,-0.30621925742081646,-0.30621925742081646,0.13692430501674313,0.1353800279059939,-0.0022382827708684336,-0.0023059727848214304
2011-03-17,-0.24917673654156813,-0.24917673654156813,0.026473378529091984,0.11045092648765115,0.0007949766145768858,0.0007397511513330602
2011-03-18,-0.15090145821714465,-0.15090145821714465,-0.30621925742081646,0.33269263594990844,-0.0044203926158113225,-0.0045867389337862765
2011-03-21,0.008743067161714524,0.008743067161714524,-0.24917673654156813,0.057042520879248326,-0.004310658515112272,-0.004339179775551896
2011-03-22,0.24200730854920757,0.24200730854920757,-0.15090145821714465,0.09827527832442348,-0.0020279775200461154,-0.002077115159208327
2011-03-23,0.408122894149212,0.408122894149212,0.008743067161714524,0.15964452537885918,7.100119795508274e-06,-7.27221428939213e-05
2011-03-24,0.6044151860144105,0.6044151860144105,0.24200730854920757,0.23326424138749305,0.0013088102095948197,0.001192178088901073
2011-03-25,0.7362767906762737,0.7362767906762737,0.408122894149212,0.16611558560000442,0.001207358188672912,0.00112430039587291
2011-03-28,0.8241845271175159,0.8241845271175159,0.6044151860144105,0.19629229186519848,0.007456179738521986,0.007358033592589387
2011-03-29,0.8827896847450107,0.8827896847450107,0.7362767906762737,0.13186160466186325,0.010532172007504137,0.010466241205173206
2011-03-30,0.9218597898300072,0.9218597898300072,0.8241845271175159,0.08790773644124217,0.003658745316353478,0.003614791448132857
2011-03-31,0.9479065265533382,0.9479065265533382,0.8827896847450107,0.05860515762749485,0.0018366786559778242,0.0018073760771640766
2011-04-01,0.8873134916793001,0.8873134916793001,0.9218597898300072,0.03907010508499642,-0.0016747354997607557,-0.0016942705523032538
2011-04-04,0.9248756611195335,0.9248756611195335,0.9479065265533382,0.02604673672333102,0.0034496497662519017,0.0034366263978902363
2011-04-05,0.749208143582832,0.749208143582832,0.8873134916793001,0.06059303487403811,-0.005285727463720933,-0.005316023981157952
2011-04-06,0.6169619407450506,0.6169619407450506,0.9248756611195335,0.037562169440233384,-0.0010248913826543362,-0.0010436724673744528
2011-04-07,0.5068154491145258,0.5068154491145258,0.749208143582832,0.1756675175367014,-0.0017814558128276823,-0.001869289571596033
2011-04-08,0.42530939748393165,0.42530939748393165,0.6169619407450506,0.13224620283778143,-0.0006536232750339502,-0.000719746376452841
2011-04-11,0.3826321239201023,0.3826321239201023,0.5068154491145258,0.11014649163052481,0.0017467525849219601,0.0016916793391066978
2011-04-12,0.25990105722615764,0.25990105722615764,0.42530939748393165,0.08150605163059416,-0.002359686616780399,-0.002400439642595696
2011-04-13,0.17917475804197142,0.17917475804197142,0.3826321239201023,0.04267727356382933,0.0005082314924066516,0.00048689285562473697
2011-04-14,0.12500209167549908,0.12500209167549908,0.25990105722615764,0.12273106669394468,0.00013799997195323307,7.663443860626073e-05
2011-04-15,0.11440139921576825,0.11440139921576825,0.17917475804197142,0.08072629918418622,0.0006651480596848577,0.0006247849100927646
2011-04-18,0.09141967966995826,0.09141967966995826,0.12500209167549908,0.05417266636647233,-0.001783423514795964,-0.0018105098479792002
2011-04-19,0.07113725656291055,0.07113725656291055,0.11440139921576825,0.010600692459730832,-0.00021457100535205668,-0.0002198713515819221
2011-04-20,0.197062921320918,0.197062921320918,0.09141967966995826,0.022981719545809992,0.0013501395979265557,0.0013386487381536506
2011-04-21,0.1888515990432108,0.1888515990432108,0.07113725656291055,0.020282423107047712,-0.0016565363727258453,-0.0016666775842793691
2011-04-25,0.19173448428512116,0.19173448428512116,0.197062921320918,0.12592566475800743,0.0004270947572827158,0.00036413192490371206
2011-04-26,0.31319608674609223,0.31319608674609223,0.1888515990432108,0.008211322277707184,0.0032675818499430303,0.0032634761888041767
2011-04-27,0.5421307244973949,0.5421307244973949,0.19173448428512116,0.0028828852419103546,0.0031590498919727332,0.003157608449351778
2011-04-28,0.6947538163315966,0.6947538163315966,0.31319608674609223,0.12146160246097107,0.0001637951975350523,0.00010306439630456677
2011-04-29,0.6666213224738091,0.6666213224738091,0.5421307244973949,0.22893463775130263,-0.006941305695706228,-0.0070557730145818795
2011-05-02,0.6071490051154065,0.6071490051154065,0.6947538163315966,0.15262309183420175,-0.004045565958156047,-0.004121877504073147
2011-05-03,0.6068230962362999,0.6068230962362999,0.6666213224738091,0.02813249385778749,0.0042593718416455,0.004245305594716606
2011-05-04,0.5813450617340118,0.5813450617340118,0.6071490051154065,0.05947231735840264,-0.002088192549769471,-0.002117928708448672
2011-05-05,0.48138573107841387,0.48138573107841387,0.6068230962362999,0.0003259088791065512,-0.008859824915667884,-0.008859987870107437
2011-05-06,0.40927379066827496,0.40927379066827496,0.5813450617340118,0.025478034502288138,0.0025059044733183955,0.0024931654560672516
2011-05-09,0.3571712642386411,0.3571712642386411,0.48138573107841387,0.09995933065559792,-0.0005165033346802487,-0.0005664830000080476
2011-05-10,0.3499184432699539,0.3499184432699539,0.40927379066827496,0.07211194041013891,0.003626582728636517,0.0035905267584314476
2011-05-11,0.27884158487165667,0.27884158487165667,0.3571712642386411,0.052102526429633866,-0.0029470873984973837,-0.0029731386617122004
2011-05-12,0.255270659069794,0.255270659069794,0.3499184432699539,0.007252820968687179,0.001596617122673537,0.0015929907121891933
2011-05-13,0.20885835506597444,0.20885835506597444,0.27884158487165667,0.07107685839829725,-0.0012665268123142038,-0.0013020652415133523
2011-05-16,0.16302558867854314,0.16302558867854314,0.255270659069794,0.023570925801862652,-0.001986761724953842,-0.0019985471878547732
2011-05-17,0.13617439589968822,0.13617439589968822,0.20885835506597444,0.04641230400381957,0.0007909086589584962,0.0007677025069565864
2011-05-18,0.11912885551929528,0.11912885551929528,0.16302558867854314,0.045832766387431306,-8.789648210212528e-05,-0.00011081286529584093
2011-05-19,0.10048183195304303,0.10048183195304303,0.13617439589968822,0.02685119277885492,0.0008444276835902852,0.0008310020872008577
2011-05-20,0.08142893751892154,0.08142893751892154,0.11912885551929528,0.017045540380392937,-0.0005426638836932926,-0.0005511866538834891
2011-05-23,0.06527885222142465,0.06527885222142465,0.10048183195304303,0.018647023566252252,-0.0008114093576737149,-0.0008207328694568411
2011-05-24,0.050689277681189,0.050689277681189,0.08142893751892154,0.01905289443412149,0.00011048600157378942,0.00010095955435672867
2011-05-25,0.03948315917997423,0.03948315917997423,0.06527885222142465,0.016150085297496883,-0.000884529109708269,-0.0008926041523570174
2011-05-26,0.03712465632807725,0.03712465632807725,0.050689277681189,0.014589574540235656,0.00029243539782460666,0.00028514061055448883
2011-05-27,0.03739290171155318,0.03739290171155318,0.03948315917997423,0.011206118501214772,6.470820706281114e-05,5.910514781220376e-05
2011-05-31,0.04764311543738657,0.04764311543738657,0.03712465632807725,0.002358502851896975,0.00026322539793045287,0.0002620461465045044
2011-06-01,0.041778037501320364,0.041778037501320364,0.03739290171155318,0.0002682453834759249,-0.000668270779468567,-0.0006684049021603051
2011-06-02,0.034269069391753795,0.034269069391753795,0.04764311543738657,0.010250213725833394,-0.00013134463770711978,-0.00013646974457003647
2011-06-03,0.007967939195822876,0.007967939195822876,0.041778037501320364,0.005865077936066207,-0.0006237383977026192,-0.0006266709366706522
2011-06-06,-0.03370664513047343,-0.03370664513047343,0.034269069391753795,0.007508968109566569,-0.00040394581168256275,-0.00040770029573734606
2011-06-07,-0.05563008032074673,-0.05563008032074673,0.007967939195822876,0.02630113019593092,3.846739604932115e-05,2.531683095135569e-05
2011-06-08,-0.04377926456590732,-0.04377926456590732,-0.03370664513047343,0.04167458432629631,-0.0004954090781882983,-0.0005162463703514465
2011-06-09,-0.05004022068166347,-0.05004022068166347,-0.05563008032074673,0.021923435190273302,0.0003564204200291449,0.00034545870243400824
2011-06-10,-0.23442612380628527,-0.23442612380628527,-0.04377926456590732,0.011850815754839414,0.0005891082469144182,0.0005831828390369985
2011-06-13,-0.32781665038483365,-0.32781665038483365,-0.05004022068166347,0.006260956115756153,-0.0006256745869676086,-0.0006288050650254867
2011-06-14,-0.40123854045020213,-0.40123854045020213,-0.23442612380628527,0.1843859031246218,0.0003289698744034118,0.0002367769228411009
2011-06-15,-0.6008256936334682,-0.6008256936334682,-0.32781665038483365,0.09339052657854838,0.004238212826900547,0.004191517563611273
2011-06-16,-0.6782532185722143,-0.6782532185722143,-0.40123854045020213,0.07342189006536848,-0.0013710092361751108,-0.001407720181207795
2011-06-17,-0.6306188186749797,-0.6306188186749797,-0.6008256936334682,0.19958715318326603,-0.004603402538226735,-0.004703196114818368
2011-06-20,-0.5536769768725307,-0.5536769768725307,-0.6782532185722143,0.07742752493874616,-0.002674340849607851,-0.002713054612077224
2011-06-21,-0.4430917727709993,-0.4430917727709993,-0.6306188186749797,0.047634399897234614,-0.006013962654011795,-0.006037779853960412
2011-06-22,-0.36669310226557345,-0.36669310226557345,-0.5536769768725307,0.07694184180244901,0.0007693303568728712,0.0007308594359716467
2011-06-23,-0.30056367669973333,-0.30056367669973333,-0.4430917727709993,0.11058520410153139,-0.0013561393706349473,-0.001411431972685713
2011-06-24,-0.2427877255301055,-0.2427877255301055,-0.36669310226557345,0.07639867050542587,0.000508500267401286,0.000470300932148573
2011-06-27,-0.17356025928378577,-0.17356025928378577,-0.30056367669973333,0.06612942556584012,-0.003339599883591994,-0.003372664596374914
2011-06-28,-0.11944835829303216,-0.11944835829303216,-0.2427877255301055,0.05777595116962783,-0.0011338880838167463,-0.0011627760594015602
2011-06-29,-0.07951420648107078,-0.07951420648107078,-0.17356025928378577,0.06922746624631973,-0.00071186965565609,-0.0007464833887792499
2011-06-30,-0.045830947164187216,-0.045830947164187216,-0.11944835829303216,0.05411190099075361,-0.001659030368577651,-0.0016860863190730278
2011-07-01,0.03976329767398628,0.03976329767398628,-0.07951420648107078,0.039934151811961374,-0.0012173874302995116,-0.0012373545062054924
2011-07-05,0.10848979724276106,0.10848979724276106,-0.045830947164187216,0.03368325931688357,-2.4248948711956687e-05,-4.109057837039847e-05
2011-07-06,0.22139409776939584,0.22139409776939584,0.03976329767398628,0.08559424483817349,0.00022155428654064833,0.0001787571641215616
2011-07-07,0.2572308253863946,0.2572308253863946,0.10848979724276106,0.06872649956877477,-0.0003468322715835197,-0.0003811955213679071
2011-07-08,0.30529039290747884,0.30529039290747884,0.22139409776939584,0.11290430052663478,0.0003549506986142245,0.0002984985483509071
2011-07-11,0.2793176061027683,0.2793176061027683,0.2572308253863946,0.03583672761699874,-0.0024706446125040637,-0.002488562976312563
2011-07-12,0.2528603389865913,0.2528603389865913,0.30529039290747884,0.04805956752108426,-0.000246824953088338,-0.00027085473684888015
2011-07-13,0.22097643665325845,0.22097643665325845,0.2793176061027683,0.025972786804710546,-0.0011296420817772444,-0.0011426284751795996
2011-07-14,0.19626007059699613,0.19626007059699613,0.2528603389865913,0.026457267116176963,-0.00041063876094303716,-0.00042386739450112564
2011-07-15,0.15780179640407083,0.15780179640407083,0.22097643665325845,0.03188390233333288,-0.00035956695600787515,-0.0003755089071745416
2011-07-18,0.10646051944993432,0.10646051944993432,0.19626007059699613,0.024716366056262318,-0.0005863144797940673,-0.0005986726628221985
2011-07-19,0.08752922102325975,0.08752922102325975,0.15780179640407083,0.0384582741929253,0.001117691233354811,0.0010984620962583484
2011-07-20,0.13717308174497606,0.13717308174497606,0.10646051944993432,0.05134127695413651,0.001036694037334826,0.0010110233988577578
2011-07-21,0.27281160933418996,0.27281160933418996,0.08752922102325975,0.01893129842667457,0.0005626982145591894,0.000553232565345852
2011-07-22,0.23801605926874383,0.23801605926874383,0.13717308174497606,0.04964386072171631,-0.003030396130925716,-0.003055218061286574
2011-07-25,0.17239915818078552,0.17239915818078552,0.27281160933418996,0.1356385275892139,-0.0038612741334233505,-0.003929093397217957
2011-07-26,0.13584200282021977,0.13584200282021977,0.23801605926874383,0.03479555006544613,0.0003942695743909393,0.00037687179935821626
2011-07-27,0.10372894850520728,0.10372894850520728,0.17239915818078552,0.06561690108795831,-0.00033261484528245797,-0.0003654232958264371
2011-07-28,0.014715834178896305,0.014715834178896305,0.13584200282021977,0.03655715536056575,-0.0020633708796187326,-0.0020816494572990156
2011-07-29,-0.10905865951675779,-0.10905865951675779,0.10372894850520728,0.03211305431501249,-0.0010762728014680723,-0.0010923293286255785
2011-08-01,-0.1041706487666975,-0.1041706487666975,0.014715834178896305,0.08901311432631098,0.00024185770066491395,0.00019735114350175845
2011-08-02,-0.16046362031475708,-0.16046362031475708,-0.10905865951675779,0.1237744936956541,0.0011553343726108335,0.0010934471257630066
2011-08-03,-0.12382399741026737,-0.12382399741026737,-0.1041706487666975,0.00488801075006029,-0.001408874645185615,-0.0014113186505606452
2011-08-04,-0.31883722000336306,-0.31883722000336306,-0.16046362031475708,0.05629297154805958,0.004684015963932202,0.004655869478158172
2011-08-05,-0.4058135017145604,-0.4058135017145604,-0.12382399741026737,0.036639622904489716,-0.0004609205900322158,-0.00047924040148446067
2011-08-08,-0.6038756678097069,-0.6038756678097069,-0.31883722000336306,0.1950132225930957,0.01755641287181701,0.017458906260520463
2011-08-09,-0.5245854630796978,-0.5245854630796978,-0.4058135017145604,0.08697628171119731,-0.014335761112303499,-0.014379249253159098
2011-08-10,-0.5705347962299225,-0.5705347962299225,-0.6038756678097069,0.19806216609514654,0.011094897399064486,0.010995866316016912
2011-08-11,-0.4600436463165924,-0.4600436463165924,-0.5245854630796978,0.07929020473000914,-0.014961571945677973,-0.015001217048042978
2011-08-12,-0.4288277240164153,-0.4288277240164153,-0.5705347962299225,0.04594933315022476,0.00527360827832801,0.005250633611752898
2011-08-15,-0.3124734644710713,-0.3124734644710713,-0.4600436463165924,0.11049114991333014,-0.010059119102278212,-0.010114364677234877
2011-08-16,-0.25525593130912905,-0.25525593130912905,-0.4288277240164153,0.031215922300177112,0.002079848197987955,0.0020642402368378663
2011-08-17,-0.13081286753156696,-0.13081286753156696,-0.3124734644710713,0.11635425954534395,-0.006539735008068781,-0.006597912137841454
2011-08-18,-0.11072235158309734,-0.11072235158309734,-0.25525593130912905,0.05721753316194228,0.0038708387200400954,0.003842229953459124
2011-08-19,-0.14030566065713862,-0.14030566065713862,-0.13081286753156696,0.12444306377756209,0.0013427699952127125,0.0012805484633239316
2011-08-22,-0.13472749647722262,-0.13472749647722262,-0.11072235158309734,0.02009051594846961,-0.00035092290755138803,-0.00036096816552562286
2011-08-23,-0.031060335759188006,-0.031060335759188006,-0.14030566065713862,0.029583309074041275,-0.0045935115829358756,-0.004608303237472897
2011-08-24,0.08284450671002365,0.08284450671002365,-0.13472749647722262,0.005578164179915995,-0.0019107861257459309,-0.001913575207835889
2011-08-25,0.09277750626757904,0.09277750626757904,-0.031060335759188006,0.10366716071803461,0.0005961764192602152,0.0005443428389011979
2011-08-26,0.09723309345076164,0.09723309345076164,0.08284450671002365,0.11390484246921165,-2.314680968780204e-05,-8.009923092240786e-05
2011-08-29,0.12820417145197033,0.12820417145197033,0.09277750626757904,0.009932999557555389,0.00098589069077942,0.0009809241910006422
2011-08-30,0.16419875042874646,0.16419875042874646,0.09723309345076164,0.004455587183182605,0.00045739793441563857,0.00045517014082404727
2011-08-31,0.16886325285280554,0.16886325285280554,0.12820417145197033,0.030971078001208685,-0.0004943746204015627,-0.000509860159402167
2011-09-01,0.14681596881775433,0.14681596881775433,0.16419875042874646,0.03599457897677613,-0.0013164357702033537,-0.0013344330596917417
2011-09-02,0.11283589730119109,0.11283589730119109,0.16886325285280554,0.0046645024240590804,-0.0015060367425708233,-0.0015083689937828528
2011-09-06,0.07215372389735684,0.07215372389735684,0.14681596881775433,0.022047284035051212,-0.0014037806885466252,-0.001414804330564151
2011-09-07,0.056869193224487996,0.056869193224487996,0.11283589730119109,0.03398007151656324,0.0012814738710717434,0.0012644838353134617
2011-09-08,0.039453312998791346,0.039453312998791346,0.07215372389735684,0.040682173403834246,-0.00048614743360367096,-0.000506488520305588
2011-09-09,0.026145109271582572,0.026145109271582572,0.056869193224487996,0.015284530672868848,-0.00022501447447955517,-0.0002326567398159896
2011-09-12,0.017316574969825402,0.017316574969825402,0.039453312998791346,0.01741588022569665,1.119826729938927e-05,2.490327186540944e-06
2011-09-13,0.012172626988903883,0.012172626988903883,0.026145109271582572,0.013308203727208773,0.00018542466400072637,0.00017877056213712198
2011-09-14,0.008907058151125306,0.008907058151125306,0.017316574969825402,0.00882853430175717,4.8780659826865465e-05,4.436639267598688e-05
2011-09-15,0.02138112056738358,0.02138112056738358,0.012172626988903883,0.005143947980921519,0.00020173331606867682,0.00019916134207821607
2011-09-16,0.06678171087213321,0.06678171087213321,0.008907058151125306,0.0032655688377785774,0.00013044495414493587,0.00012881216972604657
2011-09-19,0.07050458623707431,0.07050458623707431,0.02138112056738358,0.012474062416258275,-0.0002561971132556199,-0.00026243414446374904
2011-09-20,0.07103906854573429,0.07103906854573429,0.06678171087213321,0.045400590304749626,0.0002392989104819402,0.00021659861532956538
2011-09-21,0.059941088292249034,0.059941088292249034,0.07050458623707431,0.0037228753649411056,-0.0011037596957095587,-0.0011056211333920292
2011-09-22,0.04642682205639414,0.04642682205639414,0.07103906854573429,0.0005344823086599754,-0.0004955411100644027,-0.0004958083512187327
2011-09-23,0.045160618394029246,0.045160618394029246,0.059941088292249034,0.011097980253485254,0.0004884267805729582,0.0004828777904462156
2011-09-26,0.0705029874578855,0.0705029874578855,0.04642682205639414,0.013514266235854895,0.0006210987175404785,0.0006143415844225511
2011-09-27,0.152331496855638,0.152331496855638,0.045160618394029246,0.0012662036623648926,0.0006582647644617533,0.0006576316626305708
2011-09-28,0.20038669697869282,0.20038669697869282,0.0705029874578855,0.02534236906385625,-9.554187897668882e-05,-0.00010821306350861695
2011-09-29,0.28498336225974286,0.28498336225974286,0.152331496855638,0.08182850939775249,0.0012818329707419824,0.001240918716043106
2011-09-30,0.2676689656197664,0.2676689656197664,0.20038669697869282,0.048055200123054836,-0.0018878353725580487,-0.001911862972619576
2011-10-03,0.2136972059106,0.2136972059106,0.28498336225974286,0.08459666528105003,-0.0035624061967125978,-0.0036047045293531228
2011-10-04,0.18135594809550915,0.18135594809550915,0.2676689656197664,0.01731439663997647,0.0004420159357816342,0.00043335873746164596
2011-10-05,0.1401935631637002,0.1401935631637002,0.2136972059106,0.05397175970916637,-0.0007739044895291325,-0.0008008903693837156
2011-10-06,0.11475880076954784,0.11475880076954784,0.18135594809550915,0.03234125781509087,0.0007098619418264948,0.0006936913129189494
2011-10-07,0.11166247714101066,0.11166247714101066,0.1401935631637002,0.04116238493180893,0.0009759932609351757,0.0009554120684692713
2011-10-10,0.30697939045536504,0.30697939045536504,0.11475880076954784,0.025434762394152377,0.002348503885773047,0.0023357865045759707
2011-10-11,0.29990987191523666,0.29990987191523666,0.11166247714101066,0.0030963236285371787,-0.0012104513713450755,-0.0012119995331593442
2011-10-12,0.338799802743046,0.338799802743046,0.30697939045536504,0.19531691331435438,0.0014297902407333577,0.0013321317840761806
2011-10-13,0.533706260923063,0.533706260923063,0.29990987191523666,0.007069518540128383,0.002862450944856467,0.0028589161855864026
2011-10-14,0.689137507282042,0.689137507282042,0.338799802743046,0.03888993082780934,0.0028372564097578785,0.002817811444343974
2011-10-17,0.591840233869304,0.591840233869304,0.533706260923063,0.19490645818001695,-0.005576097745213384,-0.005673550974303393
2011-10-18,0.6635217203709274,0.6635217203709274,0.689137507282042,0.1554312463589791,0.005596950808973418,0.005519235185793928
2011-10-19,0.618321136010559,0.618321136010559,0.591840233869304,0.09729727341273808,-0.0030194024213962677,-0.003068051058102637
2011-10-20,0.6092474438467321,0.6092474438467321,0.6635217203709274,0.07168148650162343,0.0008950364642060917,0.0008591957209552801
2011-10-21,0.7394982958978215,0.7394982958978215,0.618321136010559,0.045200584360368334,0.0053334298261534146,0.005310829533973231
2011-10-24,0.5959292652149014,0.5959292652149014,0.6092474438467321,0.009073692163826919,-0.007978026031911166,-0.00798256287799308
2011-10-25,0.4352321088037444,0.4352321088037444,0.7394982958978215,0.13025085205108933,-0.014818148993157077,-0.014883274419182621
2011-10-26,0.41744384871952744,0.41744384871952744,0.5959292652149014,0.14356903068292004,0.010209451967527015,0.010137667452185554
2011-10-27,0.611629232479685,0.611629232479685,0.4352321088037444,0.160697156411157,0.010050347391178426,0.009969998812972848
2011-10-28,0.7285835250268996,0.7285835250268996,0.41744384871952744,0.017788260084216967,-0.0003327185842230717,-0.0003416127142651802
2011-10-31,0.6368763643414727,0.6368763643414727,0.611629232479685,0.1941853837601576,-0.010564662908215366,-0.010661755600095446
2011-11-01,0.512737399762478,0.512737399762478,0.7285835250268996,0.11695429254721457,-0.01004838764725763,-0.010106864793531237
2011-11-02,0.48080662774190286,0.48080662774190286,0.6368763643414727,0.09170716068542695,0.00576298619961567,0.0057171326192729565
2011-11-03,0.5857715517316431,0.5857715517316431,0.512737399762478,0.12413896457899465,0.009056311936114718,0.00899424245382522
2011-11-04,0.5884740616404003,0.5884740616404003,0.48080662774190286,0.03193077202057515,-0.0035948286495980143,-0.003610794035608302
2011-11-07,0.6176672795403657,0.6176672795403657,0.5857715517316431,0.10496492398974022,0.0026791812048581973,0.002626698742863327
2011-11-08,0.6867311762226065,0.6867311762226065,0.5884740616404003,0.0027025099087572,0.0028369940093824655,0.002835642754428087
2011-11-09,0.5742707048768998,0.5742707048768998,0.6176672795403657,0.02919321789996543,-0.010371693966673362,-0.010386290575623345
2011-11-10,0.5851998163858476,0.5851998163858476,0.6867311762226065,0.06906389668224078,0.008191356471702533,0.008156824523361413
2011-11-11,0.6612766633148686,0.6612766633148686,0.5742707048768998,0.11246047134570669,0.0029228908379641248,0.0028666606022912716
2011-11-14,0.5575442388150075,0.5575442388150075,0.5851998163858476,0.01092911150894782,-0.008110614237809134,-0.008116078793563608
2011-11-15,0.5158586253176898,0.5158586253176898,0.6612766633148686,0.07607684692902095,0.004289469502992228,0.004251431079527718
2011-11-16,0.39618821341025634,0.39618821341025634,0.5575442388150075,0.10373242449986109,-0.00883354615269866,-0.008885412364948591
2011-11-17,0.31128166933302587,0.31128166933302587,0.5158586253176898,0.0416856134973177,0.0007036743608981244,0.0006828315541494655
2011-11-18,0.232025284402419,0.232025284402419,0.39618821341025634,0.11967041190743344,-0.002590592739598218,-0.0026504279455519344
2011-11-21,0.14669619285689137,0.14669619285689137,0.31128166933302587,0.08490654407723047,-0.0033298024837572016,-0.0033722557557958168
2011-11-22,0.09950672819978663,0.09950672819978663,0.232025284402419,0.07925638493060685,0.0007718970415516852,0.0007322688490863817
2011-11-23,-0.034026516780535226,-0.034026516780535226,0.14669619285689137,0.08532909154552765,-0.003404936515546301,-0.0034476010613190646
2011-11-25,-0.10736997078362377,-0.10736997078362377,0.09950672819978663,0.04718946465710473,0.0,-2.3594732328552365e-05
2011-11-28,-0.06229477055835443,-0.06229477055835443,-0.034026516780535226,0.13353324498032187,-0.0008663040103706246,-0.0009330706328607856
2011-11-29,0.01482105179791076,0.01482105179791076,-0.10736997078362377,0.07334345400308855,-0.0011255709778706885,-0.0011622427048722328
2011-11-30,0.3432140345319405,0.3432140345319405,-0.06229477055835443,0.04507520022526934,-0.0018707036674481313,-0.001893241267560766
2011-12-01,0.5621426896879603,0.5621426896879603,0.01482105179791076,0.07711582235626518,1.570757281509053e-05,-2.285033836304206e-05
2011-12-02,0.7080951264586403,0.7080951264586403,0.3432140345319405,0.3283929827340297,0.0007269743752118839,0.000562777883844869
2011-12-05,0.8053967509724269,0.8053967509724269,0.5621426896879603,0.21892865515601984,0.0029706570655654717,0.0028611927379874618
2011-12-06,0.8702645006482848,0.8702645006482848,0.7080951264586403,0.14595243677067993,0.005024329531288499,0.0049513533129031595
2011-12-07,0.9089271441558041,0.9089271441558041,0.8053967509724269,0.09730162451378666,-0.00021006478948846962,-0.0002587156017453629
2011-12-08,0.7494497001158106,0.7494497001158106,0.8702645006482848,0.06486774967585784,-0.011357853846943756,-0.011390287721781685
2011-12-09,0.8329664667438738,0.8329664667438738,0.9089271441558041,0.038662643507519356,0.014904145773951601,0.014884814452197841
2011-12-12,0.8439279712110299,0.8439279712110299,0.7494497001158106,0.15947744403999353,-0.0015603317831830348,-0.0016400705052030315
2011-12-13,0.8105458341214316,0.8105458341214316,0.8329664667438738,0.08351676662806318,-0.001954826872272728,-0.0019965852555867596
2011-12-14,0.7303664384185331,0.7303664384185331,0.8439279712110299,0.010961504467156158,0.0,-5.480752233578079e-06
2011-12-15,0.8095069943834885,0.8095069943834885,0.8105458341214316,0.03338213708959836,0.0033896322087720665,0.0033729411402272673
2011-12-16,0.8730046629223258,0.8730046629223258,0.7303664384185331,0.08017939570289845,0.006843601441613201,0.006803511743761752
2011-12-19,0.8020489134699624,0.8020489134699624,0.8095069943834885,0.0791405559649554,-0.003130923931987278,-0.003170494209969756
2011-12-20,0.868032608979975,0.868032608979975,0.8730046629223258,0.06349766853883732,0.013107667340363829,0.01307591850609441
2011-12-21,0.9120217393199834,0.9120217393199834,0.8020489134699624,0.07095574945236338,0.00040888644268177634,0.00037340856795559465
2011-12-22,0.9413478262133224,0.9413478262133224,0.868032608979975,0.0659836955100126,0.0013275265632901444,0.001294534715535138
2011-12-23,0.9608985508088816,0.9608985508088816,0.9120217393199834,0.0439891303400084,0.016016992351176006,0.015994997786006
2011-12-27,0.9739323672059212,0.9739323672059212,0.9413478262133224,0.029326086893338932,0.0002349476039035572,0.00022028456045688775
2011-12-28,0.8525921976589637,0.8525921976589637,0.9608985508088816,0.019550724595559288,-0.00552594610583245,-0.005535721468130229
2011-12-29,0.9017281317726424,0.9017281317726424,0.9739323672059212,0.0130338163970396,0.007103323425920338,0.007096806517721818
2011-12-30,0.9344854211817617,0.9344854211817617,0.8525921976589637,0.12134016954695759,0.0014901570836195882,0.0014294869988461093
2012-01-03,0.7918262885789915,0.7918262885789915,0.9017281317726424,0.04913593411367878,-0.008765624648490216,-0.008790192615547055
2012-01-04,0.6190148190807281,0.6190148190807281,0.9344854211817617,0.03275728940911926,-0.012230557223839702,-0.012246935868544261
2012-01-05,0.4652174393390728,0.4652174393390728,0.7918262885789915,0.1426591326027702,-0.005452803553506678,-0.005524133119808063
2012-01-06,0.3557429548741141,0.3557429548741141,0.6190148190807281,0.17281146949826343,-0.0017711511639737442,-0.0018575568987228759
2012-01-09,0.28550020433676887,0.28550020433676887,0.4652174393390728,0.1537973797416553,0.000485310376681532,0.00040841168681070435
2012-01-10,0.2175291254471259,0.2175291254471259,0.3557429548741141,0.10947448446495867,0.0018544206285222348,0.0017996833862897554
2012-01-11,0.22121741101999604,0.22121741101999604,0.28550020433676887,0.07024275053734524,0.002442631536867464,0.0024075101615987915
2012-01-12,0.22486903406888625,0.22486903406888625,0.2175291254471259,0.06797107888964296,0.00011188911261811535,7.790357317329388e-05
2012-01-13,0.21396753589920378,0.21396753589920378,0.22121741101999604,0.003688285572870126,0.0,-1.8441427864350628e-06
2012-01-17,0.22452292920796219,0.22452292920796219,0.22486903406888625,0.003651623048890218,0.0005776784194092449,0.0005758526078847999
2012-01-18,0.21126206914942905,0.21126206914942905,0.21396753589920378,0.010901498169682472,-5.473869206514221e-05,-6.018944114998345e-05
2012-01-19,0.15320999340953315,0.15320999340953315,0.22452292920796219,0.010555393308758404,-5.763796627136801e-05,-6.291566292574722e-05
2012-01-20,0.10391321027741478,0.10391321027741478,0.21126206914942905,0.013260860058533136,-0.0001624612197938948,-0.00016909164982316138
2012-01-23,0.0848754226060959,0.0848754226060959,0.15320999340953315,0.0580520757398959,-0.00224097559328885,-0.0022700016311587978
2012-01-24,0.07126650134865521,0.07126650134865521,0.10391321027741478,0.04929678313211837,-0.001650707182793723,-0.0016753555743597823
2012-01-25,0.05892404095146966,0.05892404095146966,0.0848754226060959,0.019037787671318876,-0.00022458805370465654,-0.00023410694754031597
2012-01-26,0.041317041204156184,0.041317041204156184,0.07126650134865521,0.01360892125744069,-0.0006618219398763037,-0.000668626400505024
2012-01-27,0.02795218973347005,0.02795218973347005,0.05892404095146966,0.012342460397185555,-0.00020513727041184107,-0.00021130850061043383
2012-01-30,0.031639303647590336,0.031639303647590336,0.041317041204156184,0.017606999747313473,0.0004441532761474353,0.00043534977627377857
2012-01-31,0.03550816801789734,0.03550816801789734,0.02795218973347005,0.013364851470686133,3.716346614967286e-05,3.0481040414329793e-05
2012-02-01,0.046528306698002224,0.046528306698002224,0.031639303647590336,0.0036871139141202852,0.00011761255616620247,0.00011576899920914233
2012-02-02,0.04428344121325516,0.04428344121325516,0.03550816801789734,0.003868864370307007,-0.00022544214745489371,-0.00022737657964004722
2012-02-03,0.05950079425303384,0.05950079425303384,0.046528306698002224,0.011020138680104881,0.0003468396544361608,0.00034132958509610836
2012-02-06,0.08224150182512399,0.08224150182512399,0.04428344121325516,0.0022448654847470606,0.0003510836075231723,0.0003499611747807988
2012-02-07,0.07212930506799248,0.07212930506799248,0.05950079425303384,0.015217353039778676,-0.0003431955992478135,-0.00035080427576770286
2012-02-08,0.06540091241710833,0.06540091241710833,0.08224150182512399,0.022740707572090152,0.0,-1.1370353786045076e-05
2012-02-09,0.05299568787450228,0.05299568787450228,0.07212930506799248,0.010112196757131514,0.0,-5.0560983785657575e-06
2012-02-10,0.04307352585184004,0.04307352585184004,0.06540091241710833,0.006728392650884152,-0.0003966803982559909,-0.000400044594581433
2012-02-13,0.048642845472651026,0.048642845472651026,0.05299568787450228,0.012405224542606043,0.0006186821320161222,0.0006124795197448191
2012-02-14,0.05234859704263585,0.05234859704263585,0.04307352585184004,0.009922162022662245,-0.00010166546668008026,-0.0001066265476914114
2012-02-15,0.0500082648781141,0.0500082648781141,0.048642845472651026,0.005569319620810989,-0.00026852009074626587,-0.0002713047505566714
2012-02-16,0.05385731234814725,0.05385731234814725,0.05234859704263585,0.0037057515699848234,0.0003044163960633024,0.00030256352027830996
2012-02-17,0.08539194720412632,0.08539194720412632,0.0500082648781141,0.002340332164521751,0.0005388556348519002,0.0005376854687696393
2012-02-21,0.1018791010049689,0.1018791010049689,0.05385731234814725,0.0038490474700331526,4.2003553279895746e-05,4.007902954487917e-05
2012-02-22,0.10445790622548148,0.10445790622548148,0.08539194720412632,0.03153463485597907,-0.0006212347875964531,-0.0006370021050244427
2012-02-23,0.08723950584386164,0.08723950584386164,0.1018791010049689,0.016487153800842577,-0.0002132476476566409,-0.0002214912245570622
2012-02-24,0.07207250231900365,0.07207250231900365,0.10445790622548148,0.002578805220512584,2.7357867521719408e-05,2.6068464911463116e-05
2012-02-27,0.032449781857241955,0.032449781857241955,0.08723950584386164,0.01721840038161984,-2.2842329626625466e-05,-3.145152981743539e-05
2012-02-28,0.010704339406807598,0.010704339406807598,0.07207250231900365,0.015167003524857989,3.77898610368161e-05,3.0206359274387105e-05
2012-02-29,-0.005511829383151314,-0.005511829383151314,0.032449781857241955,0.0396227204617617,-3.401103254438145e-05,-5.38223927752623e-05
2012-03-01,-0.001859200301636573,-0.001859200301636573,0.010704339406807598,0.021745442450434357,8.987935750662676e-05,7.900663628140958e-05
2012-03-02,0.01265816758061887,0.01265816758061887,-0.005511829383151314,0.016216168789958914,-3.442275950499967e-05,-4.253084389997913e-05
2012-03-05,0.04293126656166177,0.04293126656166177,-0.001859200301636573,0.003652629081514741,-1.586548060577937e-05,-1.7691795146536742e-05
2012-03-06,0.04717273727611218,0.04717273727611218,0.01265816758061887,0.014517367882255444,-0.00010061544700560403,-0.00010787413094673175
2012-03-07,0.05874975312071885,0.05874975312071885,0.04293126656166177,0.030273098981042898,0.0001997216696000274,0.00018458512010950594
2012-03-08,0.13728224435670233,0.13728224435670233,0.04717273727611218,0.004241470714450413,0.0004247697321844812,0.000422648996827256
2012-03-09,0.16703544187843308,0.16703544187843308,0.05874975312071885,0.011577015844606672,-0.0001797372650604713,-0.00018552577298277465
2012-03-12,0.2513732629602029,0.2513732629602029,0.13728224435670233,0.07853249123598348,0.00077236258213922,0.0007330963365212283
2012-03-13,0.39142960724834464,0.39142960724834464,0.16703544187843308,0.02975319752173075,0.0006797903238196328,0.0006649137250587674
2012-03-14,0.47662252695489254,0.47662252695489254,0.2513732629602029,0.08433782108176982,-6.376257438079635e-05,-0.00010593148492168126
2012-03-15,0.5844647122058442,0.5844647122058442,0.39142960724834464,0.14005634428814173,0.0006942459432238532,0.0006242177710797823
2012-03-16,0.6842269594119188,0.6842269594119188,0.47662252695489254,0.08519291970654791,0.00036171150741341203,0.0003191150475601381
2012-03-19,0.7894846396079459,0.7894846396079459,0.5844647122058442,0.10784218525095163,0.0011817352099321185,0.0011278141173066427
2012-03-20,0.8196927401234628,0.8196927401234628,0.6842269594119188,0.09976224720607463,-0.000345353359568887,-0.0003952344831719243
2012-03-21,0.8797951600823086,0.8797951600823086,0.7894846396079459,0.1052576801960271,0.0029881211393331174,0.0029354922992351038
2012-03-22,0.7249509195142823,0.7249509195142823,0.8196927401234628,0.030208100515516922,-0.0024726885186015977,-0.0024877925688593563
2012-03-23,0.5367907528913478,0.5367907528913478,0.8797951600823086,0.0601024199588458,-0.00532413675583001,-0.005354187965809433
2012-03-26,0.38256236707633406,0.38256236707633406,0.7249509195142823,0.15484424056802637,-0.0016551647879829176,-0.0017325869082669308
2012-03-27,0.27020332362355537,0.27020332362355537,0.5367907528913478,0.18816016662293444,-0.009144240868759493,-0.00923832095207096
2012-03-28,0.16008648287449584,0.16008648287449584,0.38256236707633406,0.15422838581501375,-0.003958214103692867,-0.004035328296600373
2012-03-29,0.06741094919371196,0.06741094919371196,0.27020332362355537,0.1123590434527787,-0.0013418999996974044,-0.0013980795214237937
2012-03-30,0.01890551327830037,0.01890551327830037,0.16008648287449584,0.11011684074905953,0.0006728006645920175,0.0006177422442174877
2012-04-02,0.01824584348839737,0.01824584348839737,0.06741094919371196,0.09267553368078388,0.0005113515260398431,0.0004650137591994512
2012-04-03,0.010526821221540819,0.010526821221540819,0.01890551327830037,0.04850543591541159,-2.9441098722494655e-05,-5.369381668020045e-05
2012-04-04,-0.0023038051706661938,-0.0023038051706661938,0.01824584348839737,0.0006596697899030023,-3.321285432203836e-05,-3.354268921698986e-05
2012-04-05,-0.0389718626198379,-0.0389718626198379,0.010526821221540819,0.00771902226685655,-6.38967304013575e-05,-6.775624153478578e-05
2012-04-09,-0.09392674372784399,-0.09392674372784399,-0.0023038051706661938,0.012830626392207013,1.223626177508093e-05,5.820948578977425e-06
2012-04-10,-0.35187724073314924,-0.35187724073314924,-0.0389718626198379,0.036668057449171704,0.0006866225498651046,0.0006682885211405188
2012-04-11,-0.33613362129462543,-0.33613362129462543,-0.09392674372784399,0.05495488110800609,-0.0014803618925700898,-0.001507839333124093
2012-04-12,-0.2897016038526743,-0.2897016038526743,-0.35187724073314924,0.25795049700530526,-0.0016003870292999696,-0.0017293622778026222
2012-04-13,-0.3202556999218532,-0.3202556999218532,-0.33613362129462543,0.015743619438523815,0.002596032995850152,0.0025881611861308905
2012-04-16,-0.3025220553950013,-0.3025220553950013,-0.2897016038526743,0.046432017441951134,-0.0013218162094180328,-0.0013450322181390083
2012-04-17,-0.23624952467104574,-0.23624952467104574,-0.3202556999218532,0.030554096069178915,-0.0026522614096618274,-0.002667538457696417
2012-04-18,-0.20660727693128428,-0.20660727693128428,-0.3025220553950013,0.01773364452685189,0.0006411147444244556,0.0006322479221610297
2012-04-19,-0.10754940817456882,-0.10754940817456882,-0.23624952467104574,0.06627253072395559,-0.0030738522823669924,-0.00310698854772897
2012-04-20,0.07810280098517265,0.07810280098517265,-0.20660727693128428,0.029642247739761457,-0.0031410688058977772,-0.003155889929767658
2012-04-23,0.16443183550323182,0.16443183550323182,-0.10754940817456882,0.09905786875671546,0.00044427997900893626,0.0003947510446305785
2012-04-24,0.4429545570021545,0.4429545570021545,0.07810280098517265,0.18565220915974145,0.0018831975326166401,0.0017903714280367695
2012-04-25,0.6183778803297431,0.6183778803297431,0.16443183550323182,0.08632903451805916,-8.324384942903272e-05,-0.0001264083666880623
2012-04-26,0.7455852535531621,0.7455852535531621,0.4429545570021545,0.2785227214989227,0.007405030405796012,0.007265769045046551
2012-04-27,0.8303901690354414,0.8303901690354414,0.6183778803297431,0.17542332332758853,0.0013864062385694112,0.0012986945769056168
2012-04-30,0.8869267793569611,0.8869267793569611,0.7455852535531621,0.12720737322341902,0.0027798993537481533,0.002716295667136444
2012-05-01,0.9246178529046407,0.9246178529046407,0.8303901690354414,0.08480491548227931,0.003701591494123384,0.003659189036382244
2012-05-02,0.9497452352697606,0.9497452352697606,0.8869267793569611,0.05653661032151969,0.000874719818198136,0.0008464515130373762
2012-05-03,0.9664968235131739,0.9664968235131739,0.9246178529046407,0.03769107354767964,0.0009110836163038749,0.0008922380795300351
2012-05-04,0.8616303916363741,0.8616303916363741,0.9497452352697606,0.02512738236511991,-0.008880789605973908,-0.008893353297156468
2012-05-07,0.8670377469463142,0.8670377469463142,0.9664968235131739,0.016751588243413273,0.0064821512827269905,0.006473775488605284
2012-05-08,0.8599989184957941,0.8599989184957941,0.8616303916363741,0.10486643187679978,0.00042503226375471955,0.0003725990478163197
2012-05-09,0.7543472317288995,0.7543472317288995,0.8670377469463142,0.005407355309940076,-0.0064149490616066986,-0.006417652739261669
2012-05-10,0.7719266538716272,0.7719266538716272,0.8599989184957941,0.007038828450520063,0.006410298761254182,0.006406779347028922
2012-05-11,0.8479511025810849,0.8479511025810849,0.7543472317288995,0.10565168676689463,0.0113475646048743,0.011294738761490852
2012-05-14,0.7970168991857106,0.7970168991857106,0.7719266538716272,0.017579422142727674,-0.005063697618335304,-0.005072487329406667
2012-05-15,0.8188347617138498,0.8188347617138498,0.8479511025810849,0.07602444870945768,0.003318044395597572,0.0032800321712428433
2012-05-16,0.7777373118379454,0.7777373118379454,0.7970168991857106,0.050934203395374245,-0.003300403210831399,-0.0033258703125290862
2012-05-17,0.8518248745586303,0.8518248745586303,0.8188347617138498,0.02181786252813922,0.00981463742894782,0.00980372849768375
2012-05-18,0.901216583039087,0.901216583039087,0.7777373118379454,0.04109744987590447,0.0030077632793677716,0.0029872145544298195
2012-05-21,0.8663498204007032,0.8663498204007032,0.8518248745586303,0.07408756272068495,-0.003896749953659858,-0.003933793735020201
2012-05-22,0.8592903680987367,0.8592903680987367,0.901216583039087,0.04939170848045671,0.0010897520354287875,0.0010650561811885592
2012-05-23,0.812945532593592,0.812945532593592,0.8663498204007032,0.03486676263838384,-0.002302346765080308,-0.0023197801463994997
2012-05-24,0.81699144347009,0.81699144347009,0.8592903680987367,0.0070594523019664734,0.0022896709493661883,0.002286141223215205
2012-05-25,0.8280356222259374,0.8280356222259374,0.812945532593592,0.04634483550514468,0.0011784410254228707,0.0011552686076702985
2012-05-29,0.8853570814839584,0.8853570814839584,0.81699144347009,0.004045910876497971,0.0059131140454353115,0.005911091089997062
2012-05-30,0.7832722289705676,0.7832722289705676,0.8280356222259374,0.0110441787558474,-0.006544888574869003,-0.006550410664246926
2012-05-31,0.7978568948822762,0.7978568948822762,0.8853570814839584,0.05732145925802101,0.004702478238579803,0.004673817508950792
2012-06-01,0.6538948666744712,0.6538948666744712,0.7832722289705676,0.10208485251339083,-0.011474249411990578,-0.011525291838247274
2012-06-04,0.630218352719482,0.630218352719482,0.7978568948822762,0.014584665911708594,0.006028161177734036,0.006020868844778181
2012-06-05,0.5811220534594483,0.5811220534594483,0.6538948666744712,0.14396202820780502,-0.0022144201937061877,-0.0022864012078100903
2012-06-06,0.7207480356396323,0.7207480356396323,0.630218352719482,0.023676513954989153,0.00871884838845516,0.008707010131477665
2012-06-07,0.7694600766957207,0.7694600766957207,0.5811220534594483,0.04909629926003367,-0.0018086127968497752,-0.001833160946479792
2012-06-08,0.8463067177971473,0.8463067177971473,0.7207480356396323,0.13962598218018396,0.013847493379992148,0.013777680388902055
2012-06-11,0.897537811864765,0.897537811864765,0.7694600766957207,0.048712041056088395,0.002175401855917619,0.0021510458353895747
2012-06-12,0.9316918745765101,0.9316918745765101,0.8463067177971473,0.07684664110142658,0.007556171864310708,0.007517748543759994
2012-06-13,0.9544612497176734,0.9544612497176734,0.897537811864765,0.05123109406761772,0.0010451118664293593,0.0010194963193955505
2012-06-14,0.9696408331451156,0.9696408331451156,0.9316918745765101,0.03415406271174515,0.016471414391247934,0.01645433735989206
2012-06-15,0.9305437596062736,0.9305437596062736,0.9544612497176734,0.022769375141163284,-0.004363269936989256,-0.004374654624559837
2012-06-18,0.9536958397375157,0.9536958397375157,0.9696408331451156,0.01517958342744219,0.006011154114218146,0.0060035643225044245
2012-06-19,0.9457756741094916,0.9457756741094916,0.9305437596062736,0.039097073538842064,-0.0019109944185139041,-0.0019305429552833253
2012-06-20,0.8595871564398159,0.8595871564398159,0.9536958397375157,0.023152080131242148,-0.009377692975840034,-0.009389269015905654
2012-06-21,0.808707420535261,0.808707420535261,0.9457756741094916,0.007920165628024112,0.0006556024561701925,0.0006516423733561804
2012-06-22,0.872471613690174,0.872471613690174,0.8595871564398159,0.08618851766967572,0.012299328196987896,0.012256233938153059
2012-06-25,0.8507766449671091,0.8507766449671091,0.808707420535261,0.05087973590455486,-0.005520429457323823,-0.0055458693252761005
2012-06-26,0.874390781523934,0.874390781523934,0.872471613690174,0.063764193154913,0.0037977494735615736,0.003765867376984117
2012-06-27,0.8772339095835794,0.8772339095835794,0.8507766449671091,0.021694968723064867,-0.001164358853109237,-0.0011752063374707695
2012-06-28,0.9181559397223864,0.9181559397223864,0.874390781523934,0.023614136556824872,0.003794801207112187,0.003782994138833775
2012-06-29,0.9454372931482578,0.9454372931482578,0.8772339095835794,0.0028431280596453723,0.00937682618295105,0.009375404618921227
2012-07-02,0.9636248620988386,0.9636248620988386,0.9181559397223864,0.04092203013880702,0.010123842240785504,0.0101033812257161
2012-07-03,0.9757499080658925,0.9757499080658925,0.9454372931482578,0.027281353425871346,0.0004208674819689963,0.0004072268052560606
2012-07-05,0.9654817980957345,0.9654817980957345,0.9636248620988386,0.018187568950580824,-0.0012862341180819468,-0.0012953279025572373
2012-07-06,0.9680340051600109,0.9680340051600109,0.9757499080658925,0.012125045967053882,0.0006592896664812457,0.0006532271434977187
2012-07-09,0.9786893367733407,0.9786893367733407,0.9654817980957345,0.010268109970157924,0.00695519148617542,0.00695005743119034
2012-07-10,0.9663503243443617,0.9663503243443617,0.9680340051600109,0.0025522070642763905,-0.0008655892187922382,-0.0008668653223243764
2012-07-11,0.9775668828962412,0.9775668828962412,0.9786893367733407,0.010655331613329766,0.004378816672533006,0.00437348900672634
2012-07-12,0.9009316358446818,0.9009316358446818,0.9663503243443617,0.012339012428978946,-0.004949705913911834,-0.004955875420126323
2012-07-13,0.9339544238964546,0.9339544238964546,0.9775668828962412,0.011216558551879419,0.011817437540322703,0.011811829261046763
2012-07-16,0.9559696159309699,0.9559696159309699,0.9009316358446818,0.07663524705155933,0.0011953139344766986,0.001156996310950919
2012-07-17,0.9706464106206467,0.9706464106206467,0.9339544238964546,0.03302278805177272,0.008046352481411974,0.008029841087386087
2012-07-18,0.9804309404137646,0.9804309404137646,0.9559696159309699,0.022015192034515296,0.004815276938167565,0.004804269342150307
2012-07-19,0.8088557598701959,0.8088557598701959,0.9706464106206467,0.014676794689676864,-0.028554545511003816,-0.028561883908348656
2012-07-20,0.6754447360077951,0.6754447360077951,0.9804309404137646,0.009784529793117835,-0.0011009137826760013,-0.0011058060475725602
2012-07-23,0.5712630393522271,0.5712630393522271,0.8088557598701959,0.17157518054356868,-0.002545303080636537,-0.0026310906709083215
2012-07-24,0.4542521652457026,0.4542521652457026,0.6754447360077951,0.13341102386240078,-0.008833211645897843,-0.008899917157829043
2012-07-25,0.3713215069678698,0.3713215069678698,0.5712630393522271,0.10418169665556798,-0.000652494094789904,-0.000704584943117688
2012-07-26,0.3866269195958502,0.3866269195958502,0.4542521652457026,0.1170108741065245,0.0076886413151065645,0.0076301358780533025
2012-07-27,0.44245330842009145,0.44245330842009145,0.3713215069678698,0.0829306582778328,0.0036746607441336928,0.0036331954149947765
2012-07-30,0.48561953068228425,0.48561953068228425,0.3866269195958502,0.015305412627980408,0.00043075876164163225,0.00042310605532764207
2012-07-31,0.5377930318861188,0.5377930318861188,0.44245330842009145,0.055826388824241235,0.0018699314790725952,0.0018420182846604746
2012-08-01,0.5813214923848483,0.5813214923848483,0.48561953068228425,0.0431662222621928,0.0007533012603330872,0.0007317181492019907
2012-08-02,0.5016598246425701,0.5016598246425701,0.5377930318861188,0.05217350120383457,-0.007018410952486763,-0.00704449770308868
2012-08-03,0.42872447735551045,0.42872447735551045,0.5813214923848483,0.04352846049872949,-0.0020844420295288934,-0.002106206259778258
2012-08-06,0.3957107356050854,0.3957107356050854,0.5016598246425701,0.07966166774227823,0.0025951373082118453,0.0025553064743407063
2012-08-07,0.3398997240847973,0.3398997240847973,0.42872447735551045,0.07293534728705964,-0.002110559969072809,-0.002147027642716339
2012-08-08,0.28563635936236187,0.28563635936236187,0.3957107356050854,0.03301374175042504,-0.0025805821436484,-0.0025970890145236127
2012-08-09,0.23398602046305508,0.23398602046305508,0.3398997240847973,0.05581101152028811,0.0012310354940709002,0.0012031299883107562
2012-08-10,0.20265821670856296,0.20265821670856296,0.28563635936236187,0.054263364722435425,0.0016748400468182835,0.0016477083644570658
2012-08-13,0.1691061158881581,0.1691061158881581,0.23398602046305508,0.051650338899306786,-0.0017311617421562238,-0.0017569869116058773
2012-08-14,0.14628129689191352,0.14628129689191352,0.20265821670856296,0.03132780375449212,0.00027455080921706524,0.00025888690733981916
2012-08-15,0.12366365015766376,0.12366365015766376,0.1691061158881581,0.033552100820404857,-0.0005339884396057676,-0.00055076449001597
2012-08-16,0.09095570147880679,0.09095570147880679,0.14628129689191352,0.022824818996244584,-0.00023172750029326925,-0.00024313990979139155
2012-08-17,0.06767208295992552,0.06767208295992552,0.12366365015766376,0.022617646734249763,-0.00016816836561648672,-0.0001794771889836116
2012-08-20,0.04824902763550239,0.04824902763550239,0.09095570147880679,0.03270794867885697,-0.0007431545197954052,-0.0007595084941348336
2012-08-21,0.025407170440190748,0.025407170440190748,0.06767208295992552,0.023283618518881263,-0.0012543459357032848,-0.0012659877449627255
2012-08-22,0.002506199360302573,0.002506199360302573,0.04824902763550239,0.019423055324423136,-0.0003037331461868949,-0.00031344467384910647
2012-08-23,-0.02236274883900725,-0.02236274883900725,0.025407170440190748,0.02284185719531164,-0.0002205718751211941,-0.00023199280371884992
2012-08-24,-0.013774157481591547,-0.013774157481591547,0.002506199360302573,0.022900971079888175,5.457240162102012e-05,4.312191608107603e-05
2012-08-27,-0.03885094329187011,-0.03885094329187011,-0.02236274883900725,0.024868948199309824,0.00021238369000331977,0.00019994921590366487
2012-08-28,-0.06116337657280945,-0.06116337657280945,-0.013774157481591547,0.008588591357415704,2.8989916451774417e-05,2.4695620773066563e-05
2012-08-29,-0.06871327332194782,-0.06871327332194782,-0.03885094329187011,0.025076785810278564,-0.00038240074842033474,-0.000394939141325474
2012-08-30,-0.10102166308124758,-0.10102166308124758,-0.06116337657280945,0.02231243328093934,0.0004542175138065774,0.0004430612971661077
2012-08-31,-0.1681497407437922,-0.1681497407437922,-0.06871327332194782,0.00754989674913837,-0.0002731084962386869,-0.0002768834446132561
2012-09-04,-0.1388501252116736,-0.1388501252116736,-0.10102166308124758,0.032308389759299755,-0.0017880461487917235,-0.0018042003436713734
2012-09-05,-0.11478465679850008,-0.11478465679850008,-0.1681497407437922,0.06712807766254461,-0.000384764961674062,-0.0004183290005053343
2012-09-06,-0.06578231336147018,-0.06578231336147018,-0.1388501252116736,0.0292996155321186,-0.001109496279919157,-0.0011241460876852164
2012-09-07,-0.07311451738541956,-0.07311451738541956,-0.11478465679850008,0.024065468413173502,0.0011179353655638951,0.0011059026313573084
2012-09-10,-0.04678727910515022,-0.04678727910515022,-0.06578231336147018,0.0490023434370299,-0.0005115790003519845,-0.0005360801720704994
2012-09-11,-0.019358429050584644,-0.019358429050584644,-0.07311451738541956,0.007332204023949379,-0.0002986947082624334,-0.0003023608102744081
2012-09-12,0.05288668039329544,0.05288668039329544,-0.04678727910515022,0.02632723828026934,-0.0006874288287963917,-0.0007005924479365263
2012-09-13,0.2397873170378803,0.2397873170378803,-0.019358429050584644,0.02742885005456558,-0.00029755659703182777,-0.00031127102205911057
2012-09-14,0.2116248517462525,0.2116248517462525,0.05288668039329544,0.07224510944388009,-0.0012183339017059526,-0.0012544564564278926
2012-09-17,0.19872933544671,0.19872933544671,0.2397873170378803,0.18690063664458487,0.0002692726749442662,0.00017582235662197377
2012-09-18,0.22686213523913895,0.22686213523913895,0.2116248517462525,0.028162465291627803,0.001566552891414718,0.0015524716587689042
2012-09-19,0.30645333112507567,0.30645333112507567,0.19872933544671,0.012895516299542498,0.0015929539282028434,0.0015865061700530722
2012-09-20,0.4077143369362239,0.4077143369362239,0.22686213523913895,0.028132799792428942,0.0011026049619208835,0.001088538562024669
2012-09-21,0.5096234234348935,0.5096234234348935,0.30645333112507567,0.07959119588593672,0.0010103578314826986,0.0009705622335397302
2012-09-24,0.5905768212468805,0.5905768212468805,0.4077143369362239,0.10126100581114822,0.00035744761620825813,0.000306817113302684
2012-09-25,0.6269520878006818,0.6269520878006818,0.5096234234348935,0.10190908649866964,-0.0006692748619862153,-0.0007202294052355502
2012-09-26,0.6356265936981003,0.6356265936981003,0.5905768212468805,0.08095339781198696,-0.00038848127789668877,-0.00042895797680268224
2012-09-27,0.6917787788088374,0.6917787788088374,0.6269520878006818,0.0363752665538013,0.0023380746562536585,0.0023198870229767577
2012-09-28,0.5058545684112995,0.5058545684112995,0.6356265936981003,0.008674505897418472,-0.0026392183389789066,-0.002643555591927616
2012-10-01,0.5369181720625263,0.5369181720625263,0.6917787788088374,0.05615218511073716,0.003643045620687392,0.0036149695281320234
2012-10-02,0.6235332520827525,0.6235332520827525,0.5058545684112995,0.18592421039753793,0.0005522274914815739,0.000459265386282805
2012-10-03,0.7490221680551683,0.7490221680551683,0.5369181720625263,0.031063603651226845,0.0049172914212754345,0.004901759619449821
2012-10-04,0.8326814453701122,0.8326814453701122,0.6235332520827525,0.08661508002022611,0.013203467566481308,0.013160160026471196
2012-10-05,0.8884542969134082,0.8884542969134082,0.7490221680551683,0.12548891597241585,0.004887292110230808,0.0048245476522446
2012-10-08,0.7727020746463363,0.7727020746463363,0.8326814453701122,0.08365927731494394,-0.008495141023973248,-0.00853697066263072
2012-10-09,0.6318826995885637,0.6318826995885637,0.8884542969134082,0.05577285154329592,-0.008775885742142381,-0.00880377216791403
2012-10-10,0.5082247021887685,0.5082247021887685,0.7727020746463363,0.11575222226707182,-0.005529868072925439,-0.005587744184058975
2012-10-11,0.388227897793004,0.388227897793004,0.6318826995885637,0.14081937505777264,-0.008005377307015978,-0.008075786994544865
2012-10-12,0.2769094537534085,0.2769094537534085,0.5082247021887685,0.12365799739979522,-0.006521580155776619,-0.006583409154476517
2012-10-15,0.19458800888820937,0.19458800888820937,0.388227897793004,0.11999680439576449,-0.0010440735254644926,-0.001104071927662375
2012-10-16,0.11283021868133802,0.11283021868133802,0.2769094537534085,0.11131844403959551,-0.002613495174639832,-0.00266915439665963
2012-10-17,0.1015364805814338,0.1015364805814338,0.19458800888820937,0.0823214448651991,0.0028252485756717215,0.002784087853239122
2012-10-18,0.18395336281777147,0.18395336281777147,0.11283021868133802,0.08175779020687135,0.0026743946183724067,0.002633515723268971
2012-10-19,0.18248480434572403,0.18248480434572403,0.1015364805814338,0.011293738099904221,-0.0013751213714150825,-0.0013807682404650345
2012-10-22,0.1516682255830238,0.1516682255830238,0.18395336281777147,0.08241688223633767,-0.0015886620816730446,-0.0016298705227912134
2012-10-23,0.08179873163287048,0.08179873163287048,0.18248480434572403,0.0014685584720474376,-0.0028532383295108202,-0.002853972608746844
2012-10-24,0.046497694388599256,0.046497694388599256,0.1516682255830238,0.03081657876270022,0.0005506844239022676,0.0005352761345209175
2012-10-25,0.024622138617922208,0.024622138617922208,0.08179873163287048,0.06986949395015334,3.700751264265038e-05,2.0727656675737123e-06
2012-10-26,0.043638749956956296,0.043638749956956296,0.046497694388599256,0.03530103724427122,0.0005043812908745392,0.0004867307722524036
2012-10-31,0.04990433149930758,0.04990433149930758,0.024622138617922208,0.021875555770677048,-4.9545466217010636e-05,-6.048324410234916e-05
2012-11-01,0.0903563843055665,0.0903563843055665,0.043638749956956296,0.019016611339034088,0.0004887613031862378,0.0004792529975167208
2012-11-02,0.07237978995567722,0.07237978995567722,0.04990433149930758,0.006265581542351281,-0.0006854221411655417,-0.0006885549319367173
2012-11-05,0.04196760244926329,0.04196760244926329,0.0903563843055665,0.04045205280625892,-0.0006494301603063357,-0.0006696561867094652
2012-11-06,0.026347141648289007,0.026347141648289007,0.07237978995567722,0.017976594349889283,0.0001637597741907997,0.00015477147701585504
2012-11-07,-0.05967615485725515,-0.05967615485725515,0.04196760244926329,0.030412187506413925,-0.0010515688389160316,-0.0010667749326692386
2012-11-08,-0.17969177073630524,-0.17969177073630524,0.026347141648289007,0.015620460800974286,-0.00035380875967729215,-0.0003616189900777793
2012-11-09,-0.25357212060156475,-0.25357212060156475,-0.05967615485725515,0.08602329650554416,-4.2018935801454735e-05,-8.503058405422682e-05
2012-11-12,-0.31388416313875933,-0.31388416313875933,-0.17969177073630524,0.12001561587905009,0.0003371975171418368,0.00027718970920231174
2012-11-13,-0.3427123824292053,-0.3427123824292053,-0.25357212060156475,0.07388034986525951,0.0001191770032894556,8.223682835682584e-05
2012-11-14,-0.41801976985425976,-0.41801976985425976,-0.31388416313875933,0.06031204253719458,0.002213432732801704,0.0021832767115331064
2012-11-15,-0.6120131799028399,-0.6120131799028399,-0.3427123824292053,0.02882821929044599,0.004381425962667174,0.0043670118530219505
2012-11-16,-0.7413421199352266,-0.7413421199352266,-0.41801976985425976,0.07530738742505444,0.003007266837953,0.0029696131442404727
2012-11-19,-0.5972558625058269,-0.5972558625058269,-0.6120131799028399,0.19399341004858012,-0.020843932023755774,-0.020940928728780065
2012-11-20,-0.5002944359961631,-0.5002944359961631,-0.7413421199352266,0.1293289400323867,-0.00017289428154411478,-0.00023755875156030815
2012-11-21,-0.3975299317681835,-0.3975299317681835,-0.5972558625058269,0.14408625742939973,-0.004742809215846132,-0.004814852344560833
2012-11-23,-0.28700889272627134,-0.28700889272627134,-0.5002944359961631,0.09696142650966377,-0.006954718984407006,-0.007003199697661838
2012-11-26,-0.245838491786944,-0.245838491786944,-0.3975299317681835,0.10276450422797956,0.004178688692737001,0.004127306440623012
2012-11-27,-0.2456003115913675,-0.2456003115913675,-0.28700889272627134,0.11052103904191218,0.002121182255636774,0.002065921736115818
2012-11-28,-0.2021998779937374,-0.2021998779937374,-0.245838491786944,0.041170400939327334,-0.0033175628171713935,-0.003338148017641057
2012-11-29,-0.14270685626193969,-0.14270685626193969,-0.2456003115913675,0.00023818019557650394,-0.0025371993305888445,-0.002537318420686633
2012-11-30,-0.09598260644773648,-0.09598260644773648,-0.2021998779937374,0.0434004335976301,-0.000505359997432475,-0.00052706021423129
2012-12-03,-0.06585575316126076,-0.06585575316126076,-0.14270685626193969,0.05949302173179771,6.466216799767301e-05,3.491565713177415e-05
2012-12-04,-0.05705300362702175,-0.05705300362702175,-0.09598260644773648,0.0467242498142032,0.0009359060099620054,0.0009125438850549039
2012-12-05,-0.039060781718537343,-0.039060781718537343,-0.06585575316126076,0.030126853286475727,-0.0006484685411520333,-0.0006635319677952711
2012-12-06,-0.016599125117358584,-0.016599125117358584,-0.05705300362702175,0.008802749534239006,-0.00045277932905390765,-0.00045718070382102713
2012-12-07,-0.004634438668585353,-0.004634438668585353,-0.039060781718537343,0.01799222190848441,3.514180520765042e-05,2.614569425340822e-05
2012-12-10,-0.005329886226200283,-0.005329886226200283,-0.016599125117358584,0.02246165660117876,0.0001420299590619353,0.00013079913076134592
2012-12-11,0.0023633526292654345,0.0023633526292654345,-0.004634438668585353,0.01196468644877323,-4.315380755992577e-05,-4.913615078431238e-05
2012-12-12,0.01334518742285169,0.01334518742285169,-0.005329886226200283,0.00069544755761493,-4.197824033632336e-05,-4.232596411513083e-05
2012-12-13,0.01518742848984727,0.01518742848984727,0.0023633526292654345,0.007693238855465717,-1.4247326227687258e-05,-1.8093945655420118e-05
2012-12-14,0.011578526332190388,0.011578526332190388,0.01334518742285169,0.010981834793586257,-9.292248707775705e-05,-9.841340447455017e-05
2012-12-17,0.007426798780698398,0.007426798780698398,0.01518742848984727,0.001842241066995579,-3.091744473394348e-05,-3.183856526744127e-05
2012-12-18,0.0006988446596855801,0.0006988446596855801,0.011578526332190388,0.0036089021576568812,-6.560898819110975e-05,-6.741343926993819e-05
2012-12-19,-0.013279610698298262,-0.013279610698298262,0.007426798780698398,0.00415172755149199,-8.295378944950635e-05,-8.502965322525235e-05
2012-12-20,-0.014735762636272772,-0.014735762636272772,0.0006988446596855801,0.006727954121012818,6.927637890914592e-06,3.563660830408183e-06
2012-12-21,-0.021060582019055002,-0.021060582019055002,-0.013279610698298262,0.013978455357983841,7.275415521589157e-05,6.576492753689965e-05
2012-12-24,-0.02408964386244953,-0.02408964386244953,-0.014735762636272772,0.0014561519379745098,1.0143158578441637e-05,9.415082609454383e-06
2012-12-26,-0.022727482570461286,-0.022727482570461286,-0.021060582019055002,0.00632481938278223,4.353705235065314e-05,4.0374642659262026e-05
2012-12-27,-0.01786259945097382,-0.01786259945097382,-0.02408964386244953,0.0030290618433945274,-1.662970950088254e-05,-1.8144240422579805e-05
2012-12-28,-0.02835659090055706,-0.02835659090055706,-0.022727482570461286,0.0013621612919882432,0.0003031617164692848,0.0003024806358232907
2012-12-31,-0.0339403200745281,-0.0339403200745281,-0.01786259945097382,0.0048648831194874655,-0.0001540537229291256,-0.00015648616448886934
2013-01-02,-0.01714374615456013,-0.01714374615456013,-0.02835659090055706,0.01049399144958324,-0.0006553465250688149,-0.0006605935207936066
2013-01-03,-0.014629431225289619,-0.014629431225289619,-0.0339403200745281,0.0055837291739710415,0.00016100385937477997,0.00015821199478779446
2013-01-04,0.0063140682721752,0.0063140682721752,-0.01714374615456013,0.016796573919967972,-9.338693076712345e-05,-0.00010178521772710744
2013-01-07,0.0567419678915936,0.0567419678915936,-0.014629431225289619,0.0025143149292705114,-0.00012878931462766371,-0.00013004647209229896
2013-01-08,0.04266432576293934,0.04266432576293934,0.0063140682721752,0.020943499497464817,-0.00015365359516990364,-0.00016412534491863604
2013-01-09,0.026014777381814996,0.026014777381814996,0.0567419678915936,0.050427899619418404,-0.00013166640484385056,-0.00015688035465355978
2013-01-10,0.06239285266584499,0.06239285266584499,0.04266432576293934,0.014077642128654262,0.0005854119227451408,0.0005783731016808137
2013-01-11,0.06323332770700751,0.06323332770700751,0.026014777381814996,0.016649548381124344,-0.00017307822844047908,-0.00018140300263104126
2013-01-14,0.0047909832886034245,0.0047909832886034245,0.06239285266584499,0.03637807528402999,-0.0010230582988612863,-0.0010412473365033013
2013-01-15,-0.10166444756098439,-0.10166444756098439,0.06323332770700751,0.000840475041162525,-0.0009205284622721635,-0.0009209486997927447
2013-01-16,-0.22236647508120808,-0.22236647508120808,0.0047909832886034245,0.05844234441840409,-5.251004452616793e-05,-8.173121673536997e-05
2013-01-17,-0.2091989546761518,-0.2091989546761518,-0.10166444756098439,0.1064554308495878,-0.0015184643188711304,-0.0015716920342959244
2013-01-18,-0.15804257419717468,-0.15804257419717468,-0.22236647508120808,0.12070202752022369,-0.0021640675547136543,-0.002224418568473766
2013-01-22,-0.08514610045272841,-0.08514610045272841,-0.2091989546761518,0.013167520405056282,-0.0019670713537079223,-0.0019736551139104505
2013-01-23,-0.05228468727385081,-0.05228468727385081,-0.15804257419717468,0.05115638047897711,0.0005520441275212268,0.0005264659372817383
2013-01-24,-0.04582095740022332,-0.04582095740022332,-0.08514610045272841,0.07289647374444627,0.0003979777335134442,0.00036152949664122107
2013-01-25,-0.034513008677630165,-0.034513008677630165,-0.05228468727385081,0.0328614131788776,-9.819388213759545e-05,-0.00011462458872703424
2013-01-28,-0.020496717072106287,-0.020496717072106287,-0.04582095740022332,0.006463729873627491,-0.00010740862721475424,-0.00011064049215156799
2013-01-29,0.04236164154238413,0.04236164154238413,-0.034513008677630165,0.011307948722593157,-0.0005890545589728313,-0.0005947085333341279
2013-01-30,0.1078848815719215,0.1078848815719215,-0.020496717072106287,0.014016291605523878,-5.182641842563692e-05,-5.883456422839886e-05
2013-01-31,0.12621674437591074,0.12621674437591074,0.04236164154238413,0.06285835861449042,0.0,-3.1429179307245206e-05
2013-02-01,0.4174778295839405,0.4174778295839405,0.1078848815719215,0.06552324002953737,0.0023501965593236344,0.0023174349393088657
2013-02-04,0.5830001154946738,0.5830001154946738,0.12621674437591074,0.01833186280398924,-0.00011326538699005194,-0.00012243131839204655
2013-02-05,0.7220000769964492,0.7220000769964492,0.4174778295839405,0.29126108520802974,0.00037497607763659383,0.00022934553503257897
2013-02-06,0.8146667179976328,0.8146667179976328,0.5830001154946738,0.1655222859107333,0.002485866332188742,0.0024031051892333755
2013-02-07,0.7306825557304699,0.7306825557304699,0.7220000769964492,0.1389999615017754,-0.004678881102079009,-0.004748381082829896
2013-02-08,0.6441108923387493,0.6441108923387493,0.8146667179976328,0.0926666410011836,-0.002015564820497697,-0.002061898140998289
2013-02-11,0.5802035912049671,0.5802035912049671,0.7306825557304699,0.08398416226716288,-0.0004944538273907383,-0.0005364459085243198
2013-02-12,0.5466808825276741,0.5466808825276741,0.6441108923387493,0.08657166339172062,0.0017441639376131115,0.0017008781059172512
2013-02-13,0.5590865844659106,0.5590865844659106,0.5802035912049671,0.06390730113378218,0.0010445958595531079,0.0010126422089862168
2013-02-14,0.48709842236092116,0.48709842236092116,0.5466808825276741,0.03352270867729301,-0.002333003931420102,-0.0023497652857587484
2013-02-15,0.33783526897051924,0.33783526897051924,0.5590865844659106,0.012405701938236535,0.0008824403914929628,0.0008762375405238445
2013-02-19,0.2600744294364583,0.2600744294364583,0.48709842236092116,0.07198816210498948,0.0010971477585693832,0.0010611536775168885
2013-02-20,0.5067162862909722,0.5067162862909722,0.33783526897051924,0.14926315339040191,0.0031885844945072623,0.0031139529178120613
2013-02-21,0.6711441908606481,0.6711441908606481,0.2600744294364583,0.07776083953406093,0.001157961967267694,0.0011190815475006636
2013-02-22,0.7807627939070988,0.7807627939070988,0.5067162862909722,0.2466418568545139,0.0031446134950526006,0.0030212925666253435
2013-02-25,0.8538418626047326,0.8538418626047326,0.6711441908606481,0.16442790456967593,0.0047302502471773065,0.0046480362948924684
2013-02-26,0.9025612417364886,0.9025612417364886,0.7807627939070988,0.10961860304645066,0.0068311830263310435,0.006776373724807818
2013-02-27,0.9350408278243258,0.9350408278243258,0.8538418626047326,0.07307906869763381,0.004257947049439215,0.004221407515090397
2013-02-28,0.9566938852162172,0.9566938852162172,0.9025612417364886,0.04871937913175595,0.0035051210719642153,0.0034807613823983376
2013-03-01,0.9711292568108116,0.9711292568108116,0.9350408278243258,0.0324795860878373,0.0038181393733180205,0.003801899580274102
2013-03-04,0.9807528378738746,0.9807528378738746,0.9566938852162172,0.021653057391891384,0.007986009619066736,0.007975183090370791
2013-03-05,0.9871685585825831,0.9871685585825831,0.9711292568108116,0.014435371594594404,0.011956081279402259,0.01194886359360496
2013-03-06,0.8134535523090516,0.8134535523090516,0.9807528378738746,0.009623581063062936,-0.008431815494140078,-0.00843662728467161
2013-03-07,0.7661123913031296,0.7661123913031296,0.9871685585825831,0.00641572070870855,0.004175981615061155,0.004172773754706801
2013-03-08,0.8440749275354198,0.8440749275354198,0.8134535523090516,0.17371500627353154,0.008223431706781508,0.008136574203644742
2013-03-11,0.8309717936374869,0.8309717936374869,0.7661123913031296,0.047341161005922006,-0.002395813580036921,-0.002419484160539882
2013-03-12,0.887314529091658,0.887314529091658,0.8440749275354198,0.07796253623229021,0.009710050134886987,0.009671068866770842
2013-03-13,0.8122805461593359,0.8122805461593359,0.8309717936374869,0.01310313389793294,-0.00721700204361403,-0.007223553610562997
2013-03-14,0.8748536974395573,0.8748536974395573,0.887314529091658,0.05634273545417112,0.009994724974733658,0.009966553607006573
2013-03-15,0.8162081471810617,0.8162081471810617,0.8122805461593359,0.07503398293232211,-0.007707006802693655,-0.007744523794159817
2013-03-18,0.8774720981207078,0.8774720981207078,0.8748536974395573,0.06257315128022145,0.01329954099682319,0.01326825442118308
2013-03-19,0.9183147320804719,0.9183147320804719,0.8162081471810617,0.058645550258495605,0.003348403063285036,0.003319080288155788
2013-03-20,0.8708218429396098,0.8708218429396098,0.8774720981207078,0.061263950939646095,-0.006274340266388405,-0.006304972241858228
2013-03-21,0.8795654252982256,0.8795654252982256,0.9183147320804719,0.04084263395976406,0.0037792018118228297,0.0037587804948429476
2013-03-22,0.9197102835321505,0.9197102835321505,0.8708218429396098,0.04749288914086203,0.003926051225530554,0.003902304780960123
2013-03-25,0.9464735223547671,0.9464735223547671,0.8795654252982256,0.00874358235861572,0.0025120623307993534,0.0025076905396200456
2013-03-26,0.9643156815698448,0.9643156815698448,0.9197102835321505,0.040144858233924885,0.00598679569323497,0.005966723264118007
2013-03-27,0.8690829471036456,0.8690829471036456,0.9464735223547671,0.026763238822616664,-0.010329496147287186,-0.010342877766698495
2013-03-28,0.8365839543143605,0.8365839543143605,0.9643156815698448,0.017842159215077702,0.004137807342975456,0.004128886263367917
2013-04-01,0.8228831008995794,0.8228831008995794,0.8690829471036456,0.09523273446619918,0.0012378808437960877,0.0011902644765629882
2013-04-02,0.8819220672663863,0.8819220672663863,0.8365839543143605,0.03249899278928514,0.004758805219971949,0.0047425557235773064
2013-04-03,0.7931855358129922,0.7931855358129922,0.8228831008995794,0.013700853414781111,-0.008478071707152566,-0.008484922133859957
2013-04-04,0.8005553721902781,0.8005553721902781,0.8819220672663863,0.059038966366806944,0.005580738651620901,0.005551219168437498
2013-04-05,0.8670369147935189,0.8670369147935189,0.7931855358129922,0.08873653145339411,0.0041833681041005405,0.004138999838373843
2013-04-08,0.9113579431956793,0.9113579431956793,0.8005553721902781,0.007369836377285832,0.006283971201067498,0.006280286282878855
2013-04-09,0.9232727347806842,0.9232727347806842,0.8670369147935189,0.0664815426032408,-0.0012277359387490355,-0.0012609767100506559
2013-04-10,0.9488484898537894,0.9488484898537894,0.9113579431956793,0.044321028402160456,0.009231690520352914,0.009209530006151835
2013-04-11,0.9658989932358597,0.9658989932358597,0.9232727347806842,0.011914791585004858,0.012036315643506004,0.012030358247713502
2013-04-12,0.9772659954905731,0.9772659954905731,0.9488484898537894,0.025575755073105277,0.006575049174975779,0.006562261297439227
2013-04-15,0.9450722868087981,0.9450722868087981,0.9658989932358597,0.01705050338207026,-0.004178167010836796,-0.004186692262527831
2013-04-16,0.8964470095550309,0.8964470095550309,0.9772659954905731,0.011367002254713432,-0.003473789755386074,-0.003479473256513431
2013-04-17,0.7745055100519518,0.7745055100519518,0.9450722868087981,0.03219370868177507,-0.017230660730736647,-0.017246757585077533
2013-04-18,0.8496703400346346,0.8496703400346346,0.8964470095550309,0.048625277253767196,0.024790528926805264,0.02476621628817838
2013-04-19,0.8997802266897565,0.8997802266897565,0.7745055100519518,0.12194149950307909,0.020385767035543963,0.020324796285792424
2013-04-22,0.9271088105429592,0.9271088105429592,0.8496703400346346,0.07516482998268281,-0.0009758887454848085,-0.00101347116047615
2013-04-23,0.9514058736953062,0.9514058736953062,0.8997802266897565,0.05010988665512195,0.0022413526137942262,0.002216297670466665
2013-04-24,0.914419197970576,0.914419197970576,0.9271088105429592,0.027328583853202693,-0.009214289871112615,-0.009227954163039216
2013-04-25,0.942946131980384,0.942946131980384,0.9514058736953062,0.02429706315234692,0.026081229170845596,0.026069080639269424
2013-04-26,0.9619640879869227,0.9619640879869227,0.914419197970576,0.036986675724730134,0.007044276903373754,0.0070257835655113884
2013-04-29,0.9580331604816649,0.9580331604816649,0.942946131980384,0.02852693400980799,-0.0029890233708757285,-0.0030032868378806325
2013-04-30,0.9720221069877766,0.9720221069877766,0.9619640879869227,0.01901795600653866,0.008097361180257613,0.008087852202254345
2013-05-01,0.858641480113844,0.858641480113844,0.9580331604816649,0.0039309275052578085,-0.026833823058780293,-0.026835788522532922
2013-05-02,0.7862432801597562,0.7862432801597562,0.9720221069877766,0.01398894650611171,0.0024112518135112203,0.0024042573402581644
2013-05-03,0.7393261878594716,0.7393261878594716,0.858641480113844,0.11338062687393258,0.002451845566229574,0.0023951552527926075
2013-05-06,0.6644720987779495,0.6644720987779495,0.7862432801597562,0.0723981999540878,-0.009402659054048804,-0.009438858154025849
2013-05-07,0.6829988913027571,0.6829988913027571,0.7393261878594716,0.046917092300284624,0.012357506865014498,0.012334048318864355
2013-05-08,0.7095773710242061,0.7095773710242061,0.6644720987779495,0.07485408908152202,0.0023857421559388024,0.0023483151113980415
2013-05-09,0.6778204721461587,0.6778204721461587,0.6829988913027571,0.0185267925248076,-0.0051437585734687465,-0.00515302196973115
2013-05-10,0.6705205902798795,0.6705205902798795,0.7095773710242061,0.026578479721449,0.002422650540319354,0.0024093613004586294
2013-05-13,0.636154280608382,0.636154280608382,0.6778204721461587,0.031756898878047446,-0.004357000742986531,-0.004372879192425554
2013-05-14,0.6703300540466642,0.6703300540466642,0.6705205902798795,0.007299881866279168,0.007911013171790656,0.007907363230857516
2013-05-15,0.7168252322476799,0.7168252322476799,0.636154280608382,0.034366309671497564,0.005144564040388187,0.005127380885552438
2013-05-16,0.6891846797410458,0.6891846797410458,0.6703300540466642,0.034175773438282264,-0.005002433470607217,-0.0050195213573263585
2013-05-17,0.6890423380155917,0.6890423380155917,0.7168252322476799,0.046495178201015674,0.0020211626252518815,0.001997915036151374
2013-05-20,0.6056865609484752,0.6056865609484752,0.6891846797410458,0.02764055250663411,-0.007880098380821918,-0.007893918657075234
2013-05-21,0.47629134800505574,0.47629134800505574,0.6890423380155917,0.00014234172545413148,-0.008753345274923564,-0.008753416445786292
2013-05-22,0.36200028969182324,0.36200028969182324,0.6056865609484752,0.0833557770671165,-0.006979604216580095,-0.007021282105113653
2013-05-23,0.3085876221786802,0.3085876221786802,0.47629134800505574,0.12939521294341944,0.0038866086828242994,0.00382191107635259
2013-05-24,0.24812726673187246,0.24812726673187246,0.36200028969182324,0.1142910583132325,-0.0034879989969922942,-0.0035451445261489105
2013-05-28,0.18476166838308797,0.18476166838308797,0.3085876221786802,0.05341266751314305,-0.003422825274549313,-0.0034495316083058844
2013-05-29,0.10357760733905505,0.10357760733905505,0.24812726673187246,0.06046035544680772,-0.006103110290397473,-0.006133340468120876
2013-05-30,0.04303929993364095,0.04303929993364095,0.18476166838308797,0.0633655983487845,-0.0018263576904860993,-0.0018580404896604917
2013-05-31,-0.03046685855484309,-0.03046685855484309,0.10357760733905505,0.08118406104403292,-0.001266246372012647,-0.0013068384025346634
2013-06-03,-0.0871702186989197,-0.0871702186989197,0.04303929993364095,0.0605383074054141,0.00015981053921194672,0.00012954138550923966
2013-06-04,-0.12413855823259423,-0.12413855823259423,-0.03046685855484309,0.07350615848848405,-0.00011270418907416625,-0.00014945726831840827
2013-06-05,-0.20868943395574094,-0.20868943395574094,-0.0871702186989197,0.056703360144076606,0.0009638114928492307,0.0009354598127771924
2013-06-06,-0.17567064065355747,-0.17567064065355747,-0.12413855823259423,0.03696833953367454,-0.004292168829095246,-0.004310652998862083
2013-06-07,-0.1396163672435055,-0.1396163672435055,-0.20868943395574094,0.0845508757231467,-0.0011275832666493891,-0.0011698587045109626
2013-06-10,-0.09816216705712626,-0.09816216705712626,-0.17567064065355747,0.03301879330218346,-0.0010140401785168859,-0.0010305495751679777
2013-06-11,-0.11569340959476088,-0.11569340959476088,-0.1396163672435055,0.03605427341005196,0.0009670787457762158,0.0009490516090711898
2013-06-12,-0.13860806257286107,-0.13860806257286107,-0.09816216705712626,0.041454200186379256,0.0005477596502194118,0.0005270325501262222
2013-06-13,-0.10765661427408693,-0.10765661427408693,-0.11569340959476088,0.01753124253763462,-0.0017157436723643949,-0.0017245092936332123
2013-06-14,-0.06952016964972911,-0.06952016964972911,-0.13860806257286107,0.022914652978100192,-0.0011769528770439672,-0.0011884102035330173
2013-06-17,-0.0633660669535501,-0.0633660669535501,-0.10765661427408693,0.030951448298774137,0.0007588764902853013,0.0007434007661359142
2013-06-18,-0.012847131416685045,-0.012847131416685045,-0.06952016964972911,0.03813644462435782,-0.0011515834153365,-0.001170651637648679
2013-06-19,-0.08068531182549206,-0.08068531182549206,-0.0633660669535501,0.006154102696179012,0.0018438261969122682,0.0018407491455641786
2013-06-20,-0.2353603585109667,-0.2353603585109667,-0.012847131416685045,0.05051893553686505,0.0002797887029958912,0.0002545292352274587
2013-06-21,-0.2677596634792,-0.2677596634792,-0.08068531182549206,0.06783818040880701,-0.0009228482822227256,-0.0009567673724271291
2013-06-24,-0.33772115613359505,-0.33772115613359505,-0.2353603585109667,0.15467504668547466,0.0019011229606187743,0.001823785437276037
2013-06-25,-0.2658235706545215,-0.2658235706545215,-0.2677596634792,0.03239930496823329,-0.007195462903993765,-0.007211662556477882
2013-06-26,-0.20207865971650302,-0.20207865971650302,-0.33772115613359505,0.06996149265439505,-0.001473214831025367,-0.0015081955773525646
2013-06-27,-0.13653120066438365,-0.13653120066438365,-0.2658235706545215,0.07189758547907354,-0.0017840357749964908,-0.0018199845677360276
2013-06-28,-0.13801545364597145,-0.13801545364597145,-0.20207865971650302,0.06374491093801848,0.0026151225106490314,0.002583250055180022
2013-07-01,-0.13727357028398826,-0.13727357028398826,-0.13653120066438365,0.06554745905211937,-5.421664445239532e-05,-8.699037397845501e-05
2013-07-02,-0.11622879945013828,-0.11622879945013828,-0.13801545364597145,0.0014842529815878025,-0.0007399554576947717,-0.0007406975841855656
2013-07-03,-0.07827194629315945,-0.07827194629315945,-0.13727357028398826,0.0007418833619831922,-0.001030297336500095,-0.0010306682781810867
2013-07-05,-0.045604029348499026,-0.045604029348499026,-0.11622879945013828,0.02104477083384998,-0.0006607735992715807,-0.0006712959846885057
2013-07-08,-0.013994099486614672,-0.013994099486614672,-0.07827194629315945,0.03795685315697883,-0.0005933907569634908,-0.0006123691835419802
2013-07-09,-0.00014064045428243202,-0.00014064045428243202,-0.045604029348499026,0.032667916944660425,0.00018717811422121913,0.0001708441557488889
2013-07-10,3.4087791776197965e-07,3.4087791776197965e-07,-0.013994099486614672,0.03160992986188435,0.00011533439899235797,9.95294340614158e-05
2013-07-11,0.006221462453634606,0.006221462453634606,-0.00014064045428243202,0.01385345903233224,-1.8644777140993378e-06,-8.791207230265457e-06
2013-07-12,0.0023206246042077757,0.0023206246042077757,3.4087791776197965e-07,0.00014098133220019399,-5.325139134999359e-09,-7.581580523509635e-08
2013-07-15,-0.007928231842633068,-0.007928231842633068,0.006221462453634606,0.0062211215757168445,-5.553887625962274e-05,-5.864943704748116e-05
2013-07-16,-0.009903037016022652,-0.009903037016022652,0.0023206246042077757,0.0039008378494268304,1.4862844662867107e-05,1.2912425738153691e-05
2013-07-17,-0.0018487040258231358,-0.0018487040258231358,-0.007928231842633068,0.010248856446840844,-7.253935707874387e-05,-7.76637853021643e-05
2013-07-18,-0.017350332523365222,-0.017350332523365222,-0.009903037016022652,0.0019748051733895836,0.00015028360244332176,0.00014929619985662698
2013-07-19,-0.02743224221921696,-0.02743224221921696,-0.0018487040258231358,0.008054332990199517,7.401588646847345e-07,-3.287007630415024e-06
2013-07-22,-0.02536113270863476,-0.02536113270863476,-0.017350332523365222,0.015501628497542087,-0.00011115846121309134,-0.00011890927546186238
2013-07-23,-0.021427137697691452,-0.021427137697691452,-0.02743224221921696,0.010081909695851737,-4.910483196816291e-05,-5.414578681608878e-05
2013-07-24,-0.01789341315222103,-0.01789341315222103,-0.02536113270863476,0.0020711095105821996,-1.0060043647762972e-05,-1.1095598403054072e-05
2013-07-25,-0.004472775474283911,-0.004472775474283911,-0.021427137697691452,0.003933995010943308,-0.00014036574674530233,-0.00014233274425077397
2013-07-26,0.006645055154456202,0.006645055154456202,-0.01789341315222103,0.003533724545470421,-0.00010938407506370885,-0.00011115093733644406
2013-07-29,0.02029240777510568,0.02029240777510568,-0.004472775474283911,0.01342063767793712,-4.1202268466709065e-05,-4.7912587305677627e-05
2013-07-30,0.015130845633024121,0.015130845633024121,0.006645055154456202,0.011117830628740112,-0.00013808854646149205,-0.0001436474617758621
2013-07-31,-0.03111260926920268,-0.03111260926920268,0.02029240777510568,0.013647352620649478,-0.0003783183431910652,-0.0003851420195013899
2013-08-01,-0.035032892741913645,-0.035032892741913645,0.015130845633024121,0.005161562142081558,0.00016207275736995834,0.00015949197629891755
2013-08-02,-0.02810595884234872,-0.02810595884234872,-0.03111260926920268,0.046243454902226803,-0.0001493182125058221,-0.0001724399399569355
2013-08-05,-0.024881165147240425,-0.024881165147240425,-0.035032892741913645,0.003920283472710964,2.7900886410562688e-05,2.5940744674207205e-05
2013-08-06,-0.027463101497744332,-0.027463101497744332,-0.02810595884234872,0.006926933899564926,6.716407036684302e-05,6.370060341706056e-05
2013-08-07,-0.03592782933790854,-0.03592782933790854,-0.024881165147240425,0.003224793695108294,7.94757246559273e-05,7.786332780837315e-05
2013-08-08,-0.05523356197903906,-0.05523356197903906,-0.027463101497744332,0.002581936350503907,0.00017051330778098894,0.000169222339605737
2013-08-09,-0.07803508154611935,-0.07803508154611935,-0.03592782933790854,0.00846472784016421,0.00021722406645491142,0.00021299170253482932
2013-08-12,-0.07406979977734976,-0.07406979977734976,-0.05523356197903906,0.019305732641130516,-0.0003695816521400578,-0.00037923451846062306
2013-08-13,-0.07246242440492842,-0.07246242440492842,-0.07803508154611935,0.02280151956708029,0.0007858527191735869,0.0007744519593900467
2013-08-14,-0.05693972626592045,-0.05693972626592045,-0.07406979977734976,0.003965281768769591,0.0003918291750438486,0.00038984653415946385
2013-08-15,-0.04553686434112378,-0.04553686434112378,-0.07246242440492842,0.001607375372421338,0.000518742316866418,0.0005179386291802073
2013-08-16,-0.3636912428940825,-0.3636912428940825,-0.05693972626592045,0.015522698139007973,0.0009736271116597273,0.0009658657625902233
2013-08-19,-0.5757941619293884,-0.5757941619293884,-0.04553686434112378,0.01140286192479667,0.00020044616844802957,0.00019474473748563124
2013-08-20,-0.4832036232071151,-0.4832036232071151,-0.3636912428940825,0.3181543785529587,-0.0031392035220213278,-0.003298280711297807
2013-08-21,-0.6554690821380768,-0.6554690821380768,-0.5757941619293884,0.21210291903530587,0.00769167744378718,0.0075856259842695265
2013-08-22,-0.7703127214253845,-0.7703127214253845,-0.4832036232071151,0.0925905387222733,0.0025554592328886467,0.00250916396352751
2013-08-23,-0.6365159750116858,-0.6365159750116858,-0.6554690821380768,0.17226545893096168,-0.008224637891667675,-0.008310770621133156
2013-08-26,-0.7576773166744573,-0.7576773166744573,-0.7703127214253845,0.11484363928730779,0.010840361044242708,0.010782939224599055
2013-08-27,-0.8324074506872453,-0.8324074506872453,-0.6365159750116858,0.13379674641369876,-0.00013577162149517366,-0.00020266999470202305
2013-08-28,-0.8882716337914969,-0.8882716337914969,-0.7576773166744573,0.12116134166277148,0.006293888107924129,0.0062333074370927435
2013-08-29,-0.6777508988272556,-0.6777508988272556,-0.8324074506872453,0.07473013401278805,-0.02252650666149847,-0.022563871728504863
2013-08-30,-0.5924099260459447,-0.5924099260459447,-0.8882716337914969,0.055864183104251564,0.008173285085756862,0.008145352994204736
2013-09-03,-0.7282732840306299,-0.7282732840306299,-0.6777508988272556,0.21052073496424129,0.01959722211331009,0.01949196174582797
2013-09-04,-0.6660379777535093,-0.6660379777535093,-0.5924099260459447,0.08534097278131092,-0.009914244878305414,-0.009956915364696069
2013-09-05,-0.6439555736364632,-0.6439555736364632,-0.7282732840306299,0.13586335798468518,0.0021795738405199485,0.002111642161527606
2013-09-06,-0.684615471633476,-0.684615471633476,-0.6660379777535093,0.062235306277120594,0.004284244211381438,0.004253126558242878
2013-09-09,-0.7897436477556508,-0.7897436477556508,-0.6439555736364632,0.022082404117046095,0.005975200298051,0.005964159095992476
2013-09-10,-0.7384199619264921,-0.7384199619264921,-0.684615471633476,0.04065989799701286,-0.008350688645705172,-0.008371018594703678
2013-09-11,-0.695953896390014,-0.695953896390014,-0.7897436477556508,0.10512817612217473,-0.0008500348466415482,-0.0009025989347026355
2013-09-12,-0.5661797911163717,-0.5661797911163717,-0.7384199619264921,0.051323685829158694,-0.013174521404665834,-0.013200183247580414
2013-09-13,-0.43625740950842856,-0.43625740950842856,-0.695953896390014,0.042466065536478026,-0.006026105558877709,-0.006047338591645949
2013-09-16,-0.31207028809884896,-0.31207028809884896,-0.5661797911163717,0.1297741052736423,-0.006401511028647193,-0.006466398081284014
2013-09-17,-0.20954785011421398,-0.20954785011421398,-0.43625740950842856,0.12992238160794317,-0.002438648082265215,-0.0025036092730691866
2013-09-18,-0.13740857767243433,-0.13740857767243433,-0.31207028809884896,0.1241871214095796,-0.0009638989146916995,-0.0010259924753964892
2013-09-19,-0.09469469611603346,-0.09469469611603346,-0.20954785011421398,0.10252243798463498,0.0009032589938246062,0.0008519977748322887
2013-09-20,-0.10048975724846286,-0.10048975724846286,-0.13740857767243433,0.07213927244177964,0.00206777554810494,0.00203170591188405
2013-09-23,-0.08876762224413459,-0.08876762224413459,-0.09469469611603346,0.04271388155640088,-0.000396354757006183,-0.00041771169778438347
2013-09-24,-0.13433808855476936,-0.13433808855476936,-0.10048975724846286,0.005795061132429405,0.0014870182996790592,0.0014841207691128446
2013-09-25,-0.2001266588059367,-0.2001266588059367,-0.08876762224413459,0.011722135004328268,0.0006008950982735247,0.0005950340307713605
2013-09-26,-0.1778431744806745,-0.1778431744806745,-0.13433808855476936,0.04557046631063477,-0.0020600906974452375,-0.002082875930600555
2013-09-27,-0.22211155505688734,-0.22211155505688734,-0.2001266588059367,0.06578857025116733,0.002812757287482776,0.002779863002357192
2013-09-30,-0.2825445114297681,-0.2825445114297681,-0.1778431744806745,0.0222834843252622,0.0012486767689979107,0.0012375350268352796
2013-10-01,-0.2837081792216089,-0.2837081792216089,-0.22211155505688734,0.04426838057621285,-0.00152295952562396,-0.0015450937159120666
2013-10-02,-0.3048103744615142,-0.3048103744615142,-0.2825445114297681,0.060432956372880764,0.0012025923962664961,0.0011723759180800558
2013-10-03,-0.298153014045089,-0.298153014045089,-0.2837081792216089,0.0011636677918407945,-0.0013339232110816041,-0.0013345050449775245
2013-10-04,-0.27567441652226266,-0.27567441652226266,-0.3048103744615142,0.021102195239905308,-0.0005835818060035564,-0.0005941329036235091
2013-10-07,-0.24650562135541298,-0.24650562135541298,-0.298153014045089,0.006657360416425229,-0.0012027765491205455,-0.001206105229328758
2013-10-08,-0.3097353318164421,-0.3097353318164421,-0.27567441652226266,0.022478597522826327,0.00418583401683009,0.004174594718068677
2013-10-09,-0.3268641493527157,-0.3268641493527157,-0.24650562135541298,0.02916879516684967,-0.0008029218557415395,-0.0008175062533249644
2013-10-10,-0.26908618415257907,-0.26908618415257907,-0.3097353318164421,0.0632297104610291,-0.004424780182678468,-0.0044563950379089825
2013-10-11,-0.20666883322373583,-0.20666883322373583,-0.3268641493527157,0.0171288175362736,-0.0016043501081659294,-0.001612914516934066
2013-10-14,-0.17671879924316555,-0.17671879924316555,-0.26908618415257907,0.057777965200136616,0.001599983648897121,0.0015710946662970528
2013-10-15,-0.205720220411871,-0.205720220411871,-0.20666883322373583,0.062417350928843235,0.002163409195053075,0.0021322005195886532
2013-10-16,-0.17403242236974487,-0.17403242236974487,-0.17671879924316555,0.02995003398057028,-0.0035481762745589182,-0.0035631512915492033
2013-10-17,-0.062139993228003954,-0.062139993228003954,-0.205720220411871,0.029001421168705438,-0.007183853671982088,-0.00719835438256644
2013-10-18,0.12380066078065499,0.12380066078065499,-0.17403242236974487,0.031687798042126125,-0.0039503672289896855,-0.003966211128010749
2013-10-21,0.340339881366307,0.340339881366307,-0.062139993228003954,0.11189242914174091,-0.0007082784282902502,-0.0007642246428611207
2013-10-22,0.5602265875775381,0.5602265875775381,0.12380066078065499,0.18594065400865895,0.0013706600428210142,0.0012776897158166848
2013-10-23,0.6314579629627082,0.6314579629627082,0.340339881366307,0.216539220585652,-0.0021296257880161046,-0.0022378953983089307
2013-10-24,0.6166770823900409,0.6166770823900409,0.5602265875775381,0.21988670621123108,-0.004409641703356192,-0.004519585056461807
2013-10-25,0.6542921707854112,0.6542921707854112,0.6314579629627082,0.0712313753851701,0.003632232422778136,0.003596616735085551
2013-10-28,0.6537655685001608,0.6537655685001608,0.6166770823900409,0.014780880572667243,-0.0017025891082082878,-0.0017099795484946214
2013-10-29,0.7553136423294293,0.7553136423294293,0.6542921707854112,0.03761508839537031,0.006727844606311302,0.0067090370621136165
2013-10-30,0.7097953359689542,0.7097953359689542,0.6537655685001608,0.000526602285250477,-0.007165965092672382,-0.007166228393815007
2013-10-31,0.6370745003037684,0.6370745003037684,0.7553136423294293,0.10154807382926856,-0.00029885026587514945,-0.00034962430278978374
2013-11-01,0.5407070325841657,0.5407070325841657,0.7097953359689542,0.04551830636047516,-0.00028105542275942794,-0.0003038145759396655
2013-11-04,0.6612710369786987,0.6612710369786987,0.6370745003037684,0.07272083566518572,0.0074444424557048436,0.00740808203787225
2013-11-05,0.5271845018407846,0.5271845018407846,0.5407070325841657,0.0963674677196027,-0.010373776974454678,-0.01042196070831448
2013-11-06,0.5249825288673649,0.5249825288673649,0.6612710369786987,0.12056400439453296,0.006731549656947619,0.006671267654750352
2013-11-07,0.45444856106762427,0.45444856106762427,0.5271845018407846,0.13408653513791413,-0.004583295865002823,-0.00465033913257178
2013-11-08,0.40811169194326785,0.40811169194326785,0.5249825288673649,0.00220197297341973,0.00031388797216022753,0.00031278698567351764
2013-11-11,0.35500035707759814,0.35500035707759814,0.45444856106762427,0.07053396779974058,-0.0021726936554306016,-0.002207960639330472
2013-11-12,0.3308228755035528,0.3308228755035528,0.40811169194326785,0.04633686912435642,0.0016338981952727907,0.0016107297607106125
2013-11-13,0.2888917010173586,0.2888917010173586,0.35500035707759814,0.05311133486566971,-0.001203220421718381,-0.0012297760891512158
2013-11-14,0.29752447616015343,0.29752447616015343,0.3308228755035528,0.024177481574045312,0.0018530296301656176,0.001840940889378595
2013-11-15,0.309305345856406,0.309305345856406,0.2888917010173586,0.04193117448619421,0.00022976903238435296,0.00020880344514125586
2013-11-18,0.39894931064994127,0.39894931064994127,0.29752447616015343,0.008632775142794813,0.002661215513349154,0.0026568991257777566
2013-11-19,0.39246279897017355,0.39246279897017355,0.309305345856406,0.011780869696252583,0.00012189402098802385,0.00011600358613989756
2013-11-20,0.30308708511818644,0.30308708511818644,0.39894931064994127,0.08964396479353526,-0.002985513973797256,-0.0030303359561940236
2013-11-21,0.22326948401130436,0.22326948401130436,0.39246279897017355,0.006486511679767715,-0.00015577027844663292,-0.00015901353428651678
2013-11-22,0.16720697695666686,0.16720697695666686,0.30308708511818644,0.08937571385198712,-0.0009625105772617362,-0.0010071984341877298
2013-11-25,0.12151358875946515,0.12151358875946515,0.22326948401130436,0.07981760110688207,-0.0009336538740926812,-0.0009735626746461221
2013-11-26,0.09446129005879028,0.09446129005879028,0.16720697695666686,0.0560625070546375,0.0001338149825650039,0.00010578372903768515
2013-11-27,0.07320835552956972,0.07320835552956972,0.12151358875946515,0.045693388197201715,-0.00029134540506718545,-0.0003141920991657863
2013-11-29,0.052927563728926055,0.052927563728926055,0.09446129005879028,0.027052298700674868,-0.0005864894123855707,-0.0006000155617359082
2013-12-02,0.03825463187030866,0.03825463187030866,0.07320835552956972,0.021252934529220557,-0.0005311771383233112,-0.0005418036055879215
2013-12-03,0.027457985446429915,0.027457985446429915,0.052927563728926055,0.02028079180064367,0.00036533143311674233,0.0003551910372164205
2013-12-04,0.01929781290985226,0.01929781290985226,0.03825463187030866,0.014672931858617393,-0.00017739300923027787,-0.00018472947515958655
2013-12-05,0.013302831587381015,0.013302831587381015,0.027457985446429915,0.010796646423878748,-0.0002558325221135992,-0.00026123084532553856
2013-12-06,0.02496847229628385,0.02496847229628385,0.01929781290985226,0.008160172536577654,0.000224898169752552,0.0002208180834842632
2013-12-09,0.03662517101866063,0.03662517101866063,0.013302831587381015,0.005994981322471246,2.419609773940207e-05,2.1198607078166446e-05
2013-12-10,0.03509232803201189,0.03509232803201189,0.02496847229628385,0.011665640708902835,-0.0002619228665528791,-0.0002677556869073305
2013-12-11,0.022491525084251354,0.022491525084251354,0.03662517101866063,0.011656698722376777,-0.0004181472015712105,-0.0004239755509323989
2013-12-12,0.004828902262256386,0.004828902262256386,0.03509232803201189,0.0015328429866487345,-0.0002605285801978418,-0.0002612950016911662
2013-12-13,-0.015794258282223438,-0.015794258282223438,0.022491525084251354,0.012600802947760538,-0.0001355125617255265,-0.0001418129631994068
2013-12-16,-0.019714915842263904,-0.019714915842263904,0.004828902262256386,0.017662622821994968,4.239218892164395e-05,3.3560877510646466e-05
2013-12-17,-0.0539640022111342,-0.0539640022111342,-0.015794258282223438,0.020623160544479824,0.00022908684622636668,0.00021877526595412677
2013-12-18,-0.03938113270457999,-0.03938113270457999,-0.019714915842263904,0.003920657560040466,-0.0003772159052901891,-0.00037917623407020934
2013-12-19,-0.03178599570054775,-0.03178599570054775,-0.0539640022111342,0.03424908636887029,4.4534575760982935e-05,2.7410032576547786e-05
2013-12-20,-0.04449624567628006,-0.04449624567628006,-0.03938113270457999,0.014582869506554207,0.0002846115819773397,0.0002773201472240626
2013-12-23,-0.026670907665705602,-0.026670907665705602,-0.03178599570054775,0.007595137004032242,-0.00033055553499645096,-0.0003343531034984671
2013-12-24,0.00889910236596432,0.00889910236596432,-0.04449624567628006,0.012710249975732314,-0.00036637689991429,-0.00037273202490215615
2013-12-26,0.04154050204538097,0.04154050204538097,-0.026670907665705602,0.01782533801057446,-0.00010890686112561659,-0.00011781953013090382
2013-12-27,0.060143197340339696,0.060143197340339696,0.00889910236596432,0.03557001003166992,-1.8108604686229003e-06,-1.9595865484457862e-05
2013-12-30,0.06925606765185865,0.06925606765185865,0.04154050204538097,0.03264139967941665,-1.6900054241675375e-05,-3.32207540813837e-05
2013-12-31,0.07349183713782301,0.07349183713782301,0.060143197340339696,0.018602695294958727,-1.2227789520740974e-05,-2.1529137168220335e-05
2014-01-02,0.06085907513346357,0.06085907513346357,0.06925606765185865,0.009112870311518959,-0.0001973083581129104,-0.00020186479326866989
2014-01-03,0.0377889316911987,0.0377889316911987,0.07349183713782301,0.004235769485964352,-0.0008699213998084586,-0.0008720392845514408
2014-01-06,0.025531058024270557,0.025531058024270557,0.06085907513346357,0.012632762004359435,0.0003393678232592311,0.0003330514422570514
2014-01-07,0.03204716241104737,0.03204716241104737,0.0377889316911987,0.023070143442264872,0.00047343853978420194,0.00046190346806306953
2014-01-08,0.028466758746644682,0.028466758746644682,0.025531058024270557,0.012257873666928144,-0.0001413460389983874,-0.00014747497583185147
2014-01-09,-0.010878336999079419,-0.010878336999079419,0.03204716241104737,0.00651610438677681,-0.0006607695748163851,-0.0006640276270097735
2014-01-10,-0.06866920936133798,-0.06866920936133798,0.028466758746644682,0.003580403664402685,0.00014983020430104436,0.00014804000246884303
2014-01-13,-0.379112806240892,-0.379112806240892,-0.010878336999079419,0.039345095745724104,0.00016403192517763887,0.00014435937730477682
2014-01-14,-0.5626597906830929,-0.5626597906830929,-0.06866920936133798,0.057790872362258563,-7.302322588187045e-05,-0.00010191866206299974
2014-01-15,-0.43889128740637096,-0.43889128740637096,-0.379112806240892,0.31044359687955403,-0.009582555242897521,-0.009737777041337298
2014-01-16,-0.3232589378029879,-0.3232589378029879,-0.5626597906830929,0.1835469844422009,-0.0030305215875190685,-0.003122295079740169
2014-01-17,-0.2658356888485202,-0.2658356888485202,-0.43889128740637096,0.12376850327672195,0.0016278273390632613,0.0015659430874249004
2014-01-21,-0.3322894478227719,-0.3322894478227719,-0.3232589378029879,0.11563234960338303,0.004345886783644878,0.0042880706088431865
2014-01-22,-0.45750239356081424,-0.45750239356081424,-0.2658356888485202,0.05742324895446771,0.0020619608591411127,0.002033249234663879
2014-01-23,-0.4296340488172633,-0.4296340488172633,-0.3322894478227719,0.06645375897425171,-0.0037209847228162926,-0.0037542116023034184
2014-01-24,-0.4421384044322685,-0.4421384044322685,-0.45750239356081424,0.1252129457380423,0.002198647852101436,0.002136041379232415
2014-01-27,-0.4383687716251489,-0.4383687716251489,-0.4296340488172633,0.027868344743550932,-0.000541310916233717,-0.0005552450886054924
2014-01-28,-0.5060733301858866,-0.5060733301858866,-0.4421384044322685,0.01250435561500518,0.0030596491926339485,0.003053397014826446
2014-01-29,-0.4744851912123505,-0.4744851912123505,-0.4383687716251489,0.0037696328071195606,-0.0030547017868054237,-0.0030565866032089837
2014-01-30,-0.411784968782233,-0.411784968782233,-0.5060733301858866,0.0677045585607377,0.0006368170836518263,0.0006029648043714575
2014-01-31,-0.3154133909007356,-0.3154133909007356,-0.4744851912123505,0.03158813897353613,-0.003885231466372828,-0.0039010255358595957
2014-02-03,-0.5436089272671571,-0.5436089272671571,-0.411784968782233,0.06270022243011752,0.013806239535622373,0.013774889424407313
2014-02-04,-0.5734838304073017,-0.5734838304073017,-0.3154133909007356,0.09637157788149736,-0.0027865271514194837,-0.0028347129403602325
2014-02-05,-0.6260929414929628,-0.6260929414929628,-0.5436089272671571,0.22819553636642154,0.001509697956090109,0.0013956001879068983
2014-02-06,-0.65965867812519,-0.65965867812519,-0.5734838304073017,0.029874903140144515,0.00012281246351981392,0.00010787501194974167
2014-02-07,-0.6480471808622402,-0.6480471808622402,-0.6260929414929628,0.05260911108566113,-0.0017437410746280213,-0.0017700456301708517
2014-02-10,-0.6173005836144567,-0.6173005836144567,-0.65965867812519,0.03356573663222717,-0.0014092538829762829,-0.0014260367512923965
2014-02-11,-0.5396413046989845,-0.5396413046989845,-0.6480471808622402,0.011611497262949744,-0.00414448937134649,-0.004150295119977965
2014-02-12,-0.46197026416491005,-0.46197026416491005,-0.6173005836144567,0.030746597247783503,-0.002091883870097709,-0.0021072571687216005
2014-02-13,-0.41906845550201166,-0.41906845550201166,-0.5396413046989845,0.0776592789154722,0.0006834365033884676,0.0006446068639307315
2014-02-14,-0.5765341628126575,-0.5765341628126575,-0.46197026416491005,0.07767104053407448,0.007811846729334776,0.007773011209067739
2014-02-18,-0.717689441875105,-0.717689441875105,-0.41906845550201166,0.04290180866289839,0.00477531003575045,0.004753859131419001
2014-02-19,-0.5958155469821853,-0.5958155469821853,-0.5765341628126575,0.1574657073106458,-0.006896430883200057,-0.00697516373685538
2014-02-20,-0.3655261827161608,-0.3655261827161608,-0.717689441875105,0.14115527906244751,-0.024524235610680026,-0.02459481325021125
2014-02-21,-0.2947146561829663,-0.2947146561829663,-0.5958155469821853,0.12187389489291967,0.010524661626722463,0.010463724679276004
2014-02-24,-0.44770186508695553,-0.44770186508695553,-0.3655261827161608,0.23028936426602453,0.008041928857036024,0.007926784174903011
2014-02-25,-0.5301180662851476,-0.5301180662851476,-0.2947146561829663,0.0708115265331945,-0.00038247279232500993,-0.00041787855559160717
2014-02-26,-0.5590219544058919,-0.5590219544058919,-0.44770186508695553,0.15298720890398926,-0.000580333216068761,-0.0006568268205207556
2014-02-27,-0.3724394481080992,-0.3724394481080992,-0.5301180662851476,0.08241620119819204,-0.013152799191858652,-0.013194007292457748
2014-02-28,-0.23650288867018202,-0.23650288867018202,-0.5590219544058919,0.028903888120744292,-0.000941563742154883,-0.0009560156862152551
2014-03-03,-0.182227327018334,-0.182227327018334,-0.3724394481080992,0.18658250629779266,0.002113512074019445,0.0020202208208705487
2014-03-04,-0.06302386400275081,-0.06302386400275081,-0.23650288867018202,0.1359365594379172,-0.0029494782730029637,-0.0030174465527219225
2014-03-05,-0.05647803646535856,-0.05647803646535856,-0.182227327018334,0.05427556165184802,0.001978264359362104,0.0019511265785361798
2014-03-06,-0.040159947359183594,-0.040159947359183594,-0.06302386400275081,0.11920346301558318,-0.00010638134132833865,-0.00016598307283613025
2014-03-07,-0.0477169667937789,-0.0477169667937789,-0.05647803646535856,0.006545827537392253,0.0003688619587804351,0.00036558904501173895
2014-03-10,-0.053882152865470864,-0.053882152865470864,-0.040159947359183594,0.016318089106174966,0.00010222802082580612,9.406897627271864e-05
2014-03-11,-0.09657283406652299,-0.09657283406652299,-0.0477169667937789,0.007557019434595309,0.0003348076518453823,0.0003310291421280847
2014-03-12,-0.201930072467356,-0.201930072467356,-0.053882152865470864,0.006165186071691961,0.0003923033566291657,0.0003892207635933197
2014-03-13,-0.3934626239764031,-0.3934626239764031,-0.09657283406652299,0.04269068120105213,0.0006874373779103932,0.0006660920373098672
2014-03-14,-0.46441989117274407,-0.46441989117274407,-0.201930072467356,0.10535723840083301,-0.00021941473534870461,-0.0002720933545491211
2014-03-17,-0.39269083641686936,-0.39269083641686936,-0.3934626239764031,0.19153255150904708,-0.001963773747507318,-0.0020595400232618416
2014-03-18,-0.2746902152833513,-0.2746902152833513,-0.46441989117274407,0.07095726719634099,-0.003911281514523978,-0.003946760148122149
2014-03-19,-0.22265604383024337,-0.22265604383024337,-0.39269083641686936,0.07172905475587471,0.0028590901634625364,0.002823225636084599
2014-03-20,-0.15444836774271375,-0.15444836774271375,-0.2746902152833513,0.11800062113351806,-0.005036438854483003,-0.005095439165049762
2014-03-21,-0.12501202061328284,-0.12501202061328284,-0.22265604383024337,0.05203417145310793,0.0014149147393894145,0.0013888976536628604
2014-03-24,-0.09947526393573024,-0.09947526393573024,-0.15444836774271375,0.06820767608752962,-0.00032926256786489923,-0.00036336640590866405
2014-03-25,-0.07143469548578578,-0.07143469548578578,-0.12501202061328284,0.029436347129430912,-0.0005585012519455874,-0.0005732194255103029
2014-03-26,-0.060432615384735905,-0.060432615384735905,-0.09947526393573024,0.025536756677552605,0.0004424371151801984,0.0004296687368414221
2014-03-27,-0.02679200331791423,-0.02679200331791423,-0.07143469548578578,0.02804056844994446,-0.0010333114684925248,-0.001047331752717497
2014-03-28,-0.014984819627767472,-0.014984819627767472,-0.060432615384735905,0.011002080101049874,0.00034214610968874023,0.0003366450696382153
2014-03-31,-0.00031226076269285155,-0.00031226076269285155,-0.02679200331791423,0.033640612066821673,-8.474451988093718e-05,-0.00010156482591434801
2014-04-01,0.01830843473262958,0.01830843473262958,-0.014984819627767472,0.01180718369014676,-5.670306205289378e-05,-6.260665389796716e-05
2014-04-02,0.02998442662949566,0.02998442662949566,-0.00031226076269285155,0.01467255886507462,-4.5780215740980833e-07,-7.794081589947118e-06
2014-04-03,0.05864478435947594,0.05864478435947594,0.01830843473262958,0.018620695495322432,0.00011485227100034705,0.00010554192325268583
2014-04-04,0.057167071000733025,0.057167071000733025,0.02998442662949566,0.011675991896866078,-4.98385548826682e-05,-5.567655083110124e-05
2014-04-07,0.06908341022548853,0.06908341022548853,0.05864478435947594,0.028660357729980282,9.763860109238025e-05,8.33084222273901e-05
2014-04-08,0.37938894015032565,0.37938894015032565,0.057167071000733025,0.0014777133587429159,0.000744761908603047,0.0007440230519236756
2014-04-09,0.37512334874354114,0.37512334874354114,0.06908341022548853,0.011916339224755504,-0.0003295875126894071,-0.00033554568230178487
2014-04-10,0.2682320299676227,0.2682320299676227,0.37938894015032565,0.3103055299248371,-0.004032713994677399,-0.004187866759639817
2014-04-11,0.185214181711068,0.185214181711068,0.37512334874354114,0.004265591406784508,-0.0031606887951977805,-0.0031628215909011727
2014-04-14,0.13763844306781553,0.13763844306781553,0.2682320299676227,0.10689131877591845,0.0011395762477512637,0.0010861305883633045
2014-04-15,0.0946839710852602,0.0946839710852602,0.185214181711068,0.0830178482565547,-0.0013713266028426623,-0.0014128355269709396
2014-04-16,0.07305122739866257,0.07305122739866257,0.13763844306781553,0.04757573864325246,0.0005280017524212044,0.0005042138830995782
2014-04-17,0.1054564065241003,0.1054564065241003,0.0946839710852602,0.04295447198255534,0.0010051571862944922,0.0009836799503032145
2014-04-21,0.24255223903924314,0.24255223903924314,0.07305122739866257,0.021632743686597622,0.0005831548305021848,0.000572338458658886
2014-04-22,0.30864982648235983,0.30864982648235983,0.1054564065241003,0.03240517912543772,-0.00013186976447847071,-0.00014807235404118958
2014-04-23,0.2387778718250595,0.2387778718250595,0.24255223903924314,0.13709583251514285,-0.002480196562348607,-0.0025487444786061785
2014-04-24,0.10563415818050481,0.10563415818050481,0.30864982648235983,0.0660975874431167,-0.0074834998482843865,-0.007516548642005945
2014-04-25,-0.043350102083179465,-0.043350102083179465,0.2387778718250595,0.06987195465730034,-0.0017542627236426212,-0.0017891987009712714
2014-04-28,-0.050689163341589856,-0.050689163341589856,0.10563415818050481,0.13314371364455468,0.0015176092266673718,0.0014510373698450945
2014-04-29,-0.038768559000536856,-0.038768559000536856,-0.043350102083179465,0.14898426026368428,-0.0001581260738316323,-0.00023261820396347445
2014-04-30,-0.03577232035873722,-0.03577232035873722,-0.050689163341589856,0.007339061258410391,4.3331699568611857e-05,3.966216893940666e-05
2014-05-01,0.02435003698430818,0.02435003698430818,-0.038768559000536856,0.011920604341053,-0.0004065435757720916,-0.0004125038779426181
2014-05-02,0.048892808433334274,0.048892808433334274,-0.03577232035873722,0.0029962386417996395,7.577622408988749e-05,7.427810476898767e-05
2014-05-05,0.09965373563352442,0.09965373563352442,0.02435003698430818,0.0601223573430454,0.0001395190218765964,0.00010945784320507371
2014-05-06,0.14672948539298647,0.14672948539298647,0.048892808433334274,0.024542771449026096,8.25358510446342e-05,7.026446532012116e-05
2014-05-07,0.3687140271093138,0.3687140271093138,0.09965373563352442,0.05076092720019015,0.0013225699026378896,0.0012971894390377944
2014-05-08,0.5791426847395426,0.5791426847395426,0.14672948539298647,0.04707574975946205,0.0011897243935926297,0.0011661865187128986
2014-05-09,0.7042513483518348,0.7042513483518348,0.3687140271093138,0.2219845417163273,-7.610008677203425e-05,-0.0001870923576301979
2014-05-12,0.5548725114004129,0.5548725114004129,0.5791426847395426,0.21042865763022878,-0.003822587616982766,-0.003927801945797881
2014-05-13,0.41404583345399704,0.41404583345399704,0.7042513483518348,0.12510866361229223,-0.0045332645807211495,-0.004595818912527296
2014-05-14,0.3443623678083817,0.3443623678083817,0.5548725114004129,0.14937883695142185,0.0018553905895488715,0.0017807011710731606
2014-05-15,0.2783084298037722,0.2783084298037722,0.41404583345399704,0.1408266779464159,-0.000431303626461843,-0.000501716965435051
2014-05-16,0.5188722865358482,0.5188722865358482,0.3443623678083817,0.06968346564561534,0.00797001544356459,0.007935173710741782
2014-05-19,0.6792481910238988,0.6792481910238988,0.2783084298037722,0.06605393800460951,0.0004537886040758725,0.00042076163507356775
2014-05-20,0.6229113897797759,0.6229113897797759,0.5188722865358482,0.24056385673207598,-0.005278253479103003,-0.0053985354074690415
2014-05-21,0.7486075931865173,0.7486075931865173,0.6792481910238988,0.1603759044880506,0.007259956809527858,0.007179768857283832
2014-05-22,0.8324050621243448,0.8324050621243448,0.6229113897797759,0.05633680124412288,0.003547369487841029,0.0035192010872189677
2014-05-23,0.8882700414162299,0.8882700414162299,0.7486075931865173,0.12569620340674137,0.004390006603058563,0.004327158501355193
2014-05-27,0.8807017692721739,0.8807017692721739,0.8324050621243448,0.08379746893782758,-0.0020081278008899825,-0.0020500265353588965
2014-05-28,0.9204678461814493,0.9204678461814493,0.8882700414162299,0.05586497929188505,0.002148080864868348,0.0021201483752224057
2014-05-29,0.9386778874168898,0.9386778874168898,0.8807017692721739,0.007568272144055976,-0.0003542135644505829,-0.0003579977005226109
2014-05-30,0.9591185916112599,0.9591185916112599,0.9204678461814493,0.03976607690927536,0.004443269926398758,0.00442338688794412
2014-06-02,0.97274572774084,0.97274572774084,0.9386778874168898,0.018210041235440566,0.0016911715040696838,0.0016820664834519634
2014-06-03,0.7699199530135629,0.7699199530135629,0.9591185916112599,0.020440704194370052,-0.014564119804721009,-0.014574340156818194
2014-06-04,0.598884581632121,0.598884581632121,0.97274572774084,0.013627136129580109,-0.0027631344815530873,-0.0027699480496178775
2014-06-05,0.4841956243298348,0.4841956243298348,0.7699199530135629,0.20282577472727714,0.0020364549136652594,0.0019350420263016207
2014-06-06,0.4255239838405888,0.4255239838405888,0.598884581632121,0.17103537138144187,0.0017015080661762305,0.0016159903804855095
2014-06-09,0.41040332864748874,0.41040332864748874,0.4841956243298348,0.11468895730228618,0.0014694642290577222,0.0014121197504065792
2014-06-10,0.3812459072389289,0.3812459072389289,0.4255239838405888,0.058671640489246,-0.0004291863241103984,-0.0004585221443550214
2014-06-11,0.332367421297344,0.332367421297344,0.41040332864748874,0.015120655193100074,-0.0012431802966818407,-0.0012507406242783909
2014-06-12,0.26914025281825227,0.26914025281825227,0.3812459072389289,0.029157421408559814,-0.002548193902575582,-0.002562772613279862
2014-06-13,0.23500147333993404,0.23500147333993404,0.332367421297344,0.04887848594158495,0.0009488216325534882,0.0009243823895826957
2014-06-16,0.2356423851073453,0.2356423851073453,0.26914025281825227,0.06322716847909171,0.0007114473958027995,0.0006798338115632537
2014-06-17,0.16482675257156654,0.16482675257156654,0.23500147333993404,0.034138779478318226,-0.0004765474908357529,-0.000493616880574912
2014-06-18,0.1305155502223791,0.1305155502223791,0.2356423851073453,0.0006409117674112674,0.001005559663395671,0.0010052392075119653
2014-06-19,0.11008503118720973,0.11008503118720973,0.16482675257156654,0.07081563253577877,0.0001667136884514736,0.00013130587218358422
2014-06-20,0.08880812846529723,0.08880812846529723,0.1305155502223791,0.03431120234918744,-0.000211030726587806,-0.00022818632776239973
2014-06-23,0.1618199624144386,0.1618199624144386,0.11008503118720973,0.02043051903516936,0.000757833676621055,0.0007476184171034704
2014-06-24,0.15967151035837654,0.15967151035837654,0.08880812846529723,0.021276902721912502,-0.0008036357558291273,-0.0008142742071900836
2014-06-25,0.17559512224925664,0.17559512224925664,0.1618199624144386,0.07301183394914137,0.00042694757461213967,0.00039044165763756897
2014-06-26,0.15214620326478662,0.15214620326478662,0.15967151035837654,0.002148452056062067,-0.0006463270993678467,-0.0006474013253958777
2014-06-27,0.1460525551990445,0.1460525551990445,0.17559512224925664,0.015923611890880096,0.0003924507533426397,0.00038448894739719964
2014-06-30,0.12505186788243028,0.12505186788243028,0.15214620326478662,0.02344891898447002,-0.001203106226471707,-0.001214830685963942
2014-07-01,0.1743113077028451,0.1743113077028451,0.1460525551990445,0.006093648065742113,0.0013133512616481954,0.0013103044376153244
2014-07-02,0.274311543233139,0.274311543233139,0.12505186788243028,0.021000687316614225,0.000734585596810023,0.0007240852531517159
2014-07-03,0.3597793225424538,0.3597793225424538,0.1743113077028451,0.04925943982041481,0.00017550558133632495,0.00015087586142611755
2014-07-07,0.42950437552347565,0.42950437552347565,0.274311543233139,0.10000023553029391,0.00022064666452793668,0.0001706465467627897
2014-07-08,0.3794764554202442,0.3794764554202442,0.3597793225424538,0.08546777930931482,-0.0033623678193976858,-0.003405101709052343
2014-07-09,0.354942904332302,0.354942904332302,0.42950437552347565,0.06972505298102183,0.0012332694533056493,0.0011984069268151383
2014-07-10,0.5699619362215347,0.5699619362215347,0.3794764554202442,0.05002792010323143,0.005742630275050635,0.00571761631499902
2014-07-11,0.7133079574810232,0.7133079574810232,0.354942904332302,0.024533551087942196,0.0048622000095883714,0.0048499332340444
2014-07-14,0.8088719716540155,0.8088719716540155,0.5699619362215347,0.21501903188923266,0.0023783942537928013,0.002270884737848185
2014-07-15,0.8725813144360104,0.8725813144360104,0.7133079574810232,0.14334602125948848,0.0025410333522223874,0.002469360341592643
2014-07-16,0.9150542096240071,0.9150542096240071,0.8088719716540155,0.09556401417299232,0.0039879817877721034,0.0039401997806856074
2014-07-17,0.7965244671368141,0.7965244671368141,0.8725813144360104,0.06370934278199492,-0.010958633396364383,-0.01099048806775538
2014-07-18,0.8081113461193249,0.8081113461193249,0.9150542096240071,0.042472895187996684,0.007819517346490668,0.007798280898896669
2014-07-21,0.811214297919786,0.811214297919786,0.7965244671368141,0.11852974248719295,-0.0007847678934840013,-0.0008440327647275977
2014-07-22,0.8741428652798575,0.8741428652798575,0.8081113461193249,0.011586878982510762,0.004462980518324185,0.004457187078832929
2014-07-23,0.8939064967094918,0.8939064967094918,0.811214297919786,0.0031029518004611623,-0.0011141624816442615,-0.001115713957544492
2014-07-24,0.929270997806328,0.929270997806328,0.8741428652798575,0.06292856736007146,0.0024039942035236047,0.002372529919843569
2014-07-25,0.9528473318708854,0.9528473318708854,0.8939064967094918,0.019763631429634332,0.004027295339068433,0.004017413523353616
2014-07-28,0.9685648879139237,0.9685648879139237,0.929270997806328,0.0353645010968362,0.005436491453667495,0.005418809203119077
2014-07-29,0.9790432586092825,0.9790432586092825,0.9528473318708854,0.02357633406455739,0.007204722125867288,0.007192933958835009
2014-07-30,0.9121273021252844,0.9121273021252844,0.9685648879139237,0.01571755604303826,-0.003913870326416659,-0.003921729104438178
2014-07-31,0.6792412789671605,0.6792412789671605,0.9790432586092825,0.01047837069535884,-0.02534601713245285,-0.025351256317800528
2014-08-01,0.4719113868745183,0.4719113868745183,0.9121273021252844,0.06691595648399817,-0.010673684286925672,-0.01070714226516767
2014-08-04,0.36900872558783065,0.36900872558783065,0.6792412789671605,0.2328860231581239,0.005179904692046962,0.0050634616804679
2014-08-05,0.2510942690974051,0.2510942690974051,0.4719113868745183,0.2073298920926422,-0.00516927744288972,-0.005272942388936041
2014-08-06,0.1249870955583936,0.1249870955583936,0.36900872558783065,0.10290266128668762,-0.003938325730700808,-0.003989777061344152
2014-08-07,-0.016667196872626536,-0.016667196872626536,0.2510942690974051,0.11791445649042553,-0.0024531492977864673,-0.00251210652603168
2014-08-08,-0.1032541520820896,-0.1032541520820896,0.1249870955583936,0.12610717353901152,0.00012845781077342047,6.54042240039147e-05
2014-08-11,-0.2451491344471563,-0.2451491344471563,-0.016667196872626536,0.14165429243102012,1.0267705291916416e-05,-6.055944092359365e-05
2014-08-12,-0.30870263905749207,-0.30870263905749207,-0.1032541520820896,0.08658695520946307,-0.00036067048101932534,-0.0004039639586240569
2014-08-13,-0.3401552889235725,-0.3401552889235725,-0.2451491344471563,0.1418949823650667,-0.0004014759544166694,-0.00047242344559920275
2014-08-14,-0.3499771887321762,-0.3499771887321762,-0.30870263905749207,0.06355350461033576,-0.0005048426481906491,-0.000536619400495817
2014-08-15,-0.3921672114039413,-0.3921672114039413,-0.3401552889235725,0.03145264986608043,0.001388390455806247,0.0013726641308732066
2014-08-18,-0.403061030163371,-0.403061030163371,-0.3499771887321762,0.009821899808603707,0.0001433538479145923,0.00013844289801029046
2014-08-19,-0.4122075795038639,-0.4122075795038639,-0.3921672114039413,0.04219002267176508,0.0006431784872718364,0.0006220834759359538
2014-08-20,-0.33859123635161237,-0.33859123635161237,-0.403061030163371,0.010893818759429741,-0.0009930927454906806,-0.0009985396548703954
2014-08-21,-0.22779183189819574,-0.22779183189819574,-0.4122075795038639,0.00914654934049286,-0.00042217883423829823,-0.00042675210890854464
2014-08-22,-0.2045120089246787,-0.2045120089246787,-0.33859123635161237,0.07361634315225152,0.0015935687606870226,0.0015567605891108967
2014-08-25,-0.16500009830189277,-0.16500009830189277,-0.22779183189819574,0.11079940445341663,-0.0023885616767256273,-0.002443961378952336
2014-08-26,-0.13017900078547154,-0.13017900078547154,-0.2045120089246787,0.02327982297351705,-0.00041603093141558416,-0.0004276708429023427
2014-08-27,-0.10279518876386204,-0.10279518876386204,-0.16500009830189277,0.03951191062278592,-0.0006030118680118036,-0.0006227678233231965
2014-08-28,-0.08578997340411831,-0.08578997340411831,-0.13017900078547154,0.034821097516421234,5.268061003791394e-05,3.527006127970332e-05
2014-08-29,-0.06354197399186157,-0.06354197399186157,-0.10279518876386204,0.0273838120216095,-0.0008530051106339128,-0.0008666970166447175
2014-09-02,-0.050187831310100045,-0.050187831310100045,-0.08578997340411831,0.017005215359743725,8.608923922648967e-05,7.758663154661782e-05
2014-09-03,-0.03783356887344351,-0.03783356887344351,-0.06354197399186157,0.022247999412256747,-0.00014042912513286313,-0.0001515531248389915
2014-09-04,-0.03573694554008518,-0.03573694554008518,-0.050187831310100045,0.013354142681761522,0.00016098472653037457,0.00015430765518949382
2014-09-05,-0.028771832099545598,-0.028771832099545598,-0.03783356887344351,0.012354262436656535,-0.0001674077994793333,-0.00017358493069766155
2014-09-08,-0.046532688823783135,-0.046532688823783135,-0.03573694554008518,0.002096623333358333,0.0002933862218659997,0.0002923379101993206
2014-09-09,-0.15513900877114287,-0.15513900877114287,-0.028771832099545598,0.006965113440539579,0.0003659723914609949,0.00036248983474072513
2014-09-10,-0.26866449299082473,-0.26866449299082473,-0.046532688823783135,0.017760856724237536,0.00014275803703011657,0.0001338776086679978
2014-09-11,-0.2825710085985893,-0.2825710085985893,-0.15513900877114287,0.10860631994735973,-0.0008274513658185704,-0.0008817545257922502
2014-09-12,-0.5217140057323929,-0.5217140057323929,-0.26866449299082473,0.11352548421968187,0.0033438504939726876,0.003287087751862847
2014-09-15,-0.5916183640277644,-0.5916183640277644,-0.2825710085985893,0.013906515607764569,-0.0009340613484516882,-0.0009410146062555705
2014-09-16,-0.526454724820888,-0.526454724820888,-0.5217140057323929,0.2391429971338036,-0.004297522601700504,-0.004417094100267406
2014-09-17,-0.44255934026677696,-0.44255934026677696,-0.5916183640277644,0.06990435829537145,-0.0030207679427444027,-0.0030557201218920885
2014-09-18,-0.3369798226199798,-0.3369798226199798,-0.526454724820888,0.0651636392068764,-0.005135052878758071,-0.005167634698361509
2014-09-19,-0.2056679170346311,-0.2056679170346311,-0.44255934026677696,0.083895384554111,-0.005878354295461041,-0.005920301987738096
2014-09-22,-0.1346968343372868,-0.1346968343372868,-0.3369798226199798,0.10557951764679718,0.0011377598760359757,0.001084970117212577
2014-09-23,-0.10790529935055446,-0.10790529935055446,-0.2056679170346311,0.13131190558534866,0.00110667030156011,0.0010410143487674355
2014-09-24,-0.07783384462580006,-0.07783384462580006,-0.1346968343372868,0.07097108269734431,-0.00043187723961000713,-0.00046736278095867926
2014-09-25,-0.10096675158315518,-0.10096675158315518,-0.10790529935055446,0.02679153498673234,0.0009914087621335794,0.0009780129946402132
2014-09-26,-0.09056036099768741,-0.09056036099768741,-0.07783384462580006,0.030071454724754393,-0.000251061482625764,-0.0002660972099881412
2014-09-29,-0.08552158952487528,-0.08552158952487528,-0.10096675158315518,0.02313290695735512,4.060169864615922e-05,2.9035245167481662e-05
2014-09-30,-0.06587526698031587,-0.06587526698031587,-0.09056036099768741,0.010406390585467773,-0.00043689289069070384,-0.0004420960859834377
2014-10-01,-0.10592038150797406,-0.10592038150797406,-0.08552158952487528,0.005038771472812134,0.0009580478735150518,0.0009555284877786458
2014-10-02,-0.13963422341208934,-0.13963422341208934,-0.06587526698031587,0.019646322544559405,0.00018656507797618597,0.00017674191670390626
2014-10-03,-0.11525662952024411,-0.11525662952024411,-0.10592038150797406,0.04004511452765819,-0.0009025090603146017,-0.0009225316175784309
2014-10-06,-0.08112647579031537,-0.08112647579031537,-0.13963422341208934,0.03371384190411528,-0.0010393996651969298,-0.0010562565861489874
2014-10-07,-0.08631288419740984,-0.08631288419740984,-0.11525662952024411,0.024377593891845226,0.0009205808581355626,0.0009083920611896399
2014-10-08,-0.03396437077266402,-0.03396437077266402,-0.08112647579031537,0.03413015372992874,-0.0012219115906022648,-0.0012389766674672292
2014-10-09,-0.09802425824970563,-0.09802425824970563,-0.08631288419740984,0.005186408407094473,0.0016269116282384675,0.0016243184240349203
2014-10-10,-0.14043132495584348,-0.14043132495584348,-0.03396437077266402,0.05234851342474583,-6.93203331029506e-06,-3.310629002266797e-05
2014-10-13,-0.272759692850907,-0.272759692850907,-0.09802425824970563,0.06405988747704161,0.0011416397182056185,0.0011096097744670978
2014-10-14,-0.39572942570697506,-0.39572942570697506,-0.14043132495584348,0.04240706670613785,0.0004355083681973883,0.0004143048348443194
2014-10-15,-0.573962323613351,-0.573962323613351,-0.272759692850907,0.13232836789506353,0.001696918116419112,0.0016307539324715802
2014-10-16,-0.7159748824089007,-0.7159748824089007,-0.39572942570697506,0.12296973285606805,0.0020644872507682064,0.0020030023843401724
2014-10-17,-0.6808827540757831,-0.6808827540757831,-0.573962323613351,0.17823289790637592,-0.004816051727270946,-0.004905168176224134
2014-10-20,-0.5745178411978886,-0.5745178411978886,-0.7159748824089007,0.14201255879554975,-0.006106573553139822,-0.006177579832537597
2014-10-21,-0.47195742971754606,-0.47195742971754606,-0.6808827540757831,0.03509212833311759,-0.002949456726708147,-0.0029670027908747054
2014-10-22,-0.4404635943085045,-0.4404635943085045,-0.5745178411978886,0.10636491287789451,0.004483803980929327,0.00443062152449038
2014-10-23,-0.35118363131600094,-0.35118363131600094,-0.47195742971754606,0.10256041148034256,0.0008792976042697365,0.0008280173985295652
2014-10-24,-0.2325655125677915,-0.2325655125677915,-0.4404635943085045,0.03149383540904155,-0.00502385164003701,-0.00503959855774153
2014-10-27,-0.04340897194893664,-0.04340897194893664,-0.35118363131600094,0.08927996299250357,-0.0046805722629920075,-0.004725212244488259
2014-10-28,0.30439401870070887,0.30439401870070887,-0.2325655125677915,0.11861811874820943,-0.002541214018801666,-0.0026005230781757705
2014-10-29,0.44628499326549054,0.44628499326549054,-0.04340897194893664,0.18915654061885487,0.00011296087728182327,1.8382606972395835e-05
2014-10-30,0.5817947219145247,0.5817947219145247,0.30439401870070887,0.3478029906496455,0.0004276760142647338,0.000253774518939911
2014-10-31,0.7211964812763498,0.7211964812763498,0.44628499326549054,0.14189097456478167,0.0031301694912693064,0.0030592240039869155
2014-11-03,0.8141309875175666,0.8141309875175666,0.5817947219145247,0.1355097286490342,0.0016210649485471251,0.001553310084222608
2014-11-04,0.834693166476653,0.834693166476653,0.7211964812763498,0.13940175936182508,-0.0008588428275754594,-0.000928543707256372
2014-11-05,0.8467845026912789,0.8467845026912789,0.8141309875175666,0.0929345062412168,0.0001619406774765411,0.00011547342435593271
2014-11-06,0.8098333799528891,0.8098333799528891,0.834693166476653,0.020562178959086408,-0.0009953406971534157,-0.0010056217866329588
2014-11-07,0.873222253301926,0.873222253301926,0.8467845026912789,0.01209133621462588,0.009768266867561635,0.009762221199454323
2014-11-10,0.806874897782967,0.806874897782967,0.8098333799528891,0.03695112273838985,-0.0022291642414037694,-0.0022476398027729645
2014-11-11,0.6786510469904818,0.6786510469904818,0.873222253301926,0.06338887334903698,-0.0018938166325353284,-0.0019255110692098468
2014-11-12,0.7389568783592719,0.7389568783592719,0.806874897782967,0.0663473555189591,0.003348072414397711,0.0033148987366382315
2014-11-13,0.8259712522395146,0.8259712522395146,0.6786510469904818,0.1282238507924851,0.005074375727554653,0.00501026380215841
2014-11-14,0.8839808348263432,0.8839808348263432,0.7389568783592719,0.060305831368790086,0.004329846315314203,0.004299693399629808
2014-11-17,0.8430944199980204,0.8430944199980204,0.8259712522395146,0.08701437388024269,-0.0016039299818052261,-0.0016474371687453474
2014-11-18,0.7304257367641753,0.7304257367641753,0.8839808348263432,0.058009582586828534,-0.0030953026455191514,-0.003124307436812566
2014-11-19,0.5577974620329007,0.5577974620329007,0.8430944199980204,0.04088641482832278,-0.012016227194652476,-0.012036670402066636
2014-11-20,0.4165550501118964,0.4165550501118964,0.7304257367641753,0.11266868323384505,-0.004339889408345589,-0.004396223749962511
2014-11-21,0.309766711032716,0.309766711032716,0.5577974620329007,0.17262827473127462,0.00022220979737520274,0.00013589566000956542
2014-11-24,0.20360454470046188,0.20360454470046188,0.4165550501118964,0.14124241192100428,-0.005890335904189982,-0.005960957110150484
2014-11-25,0.1229980084582789,0.1229980084582789,0.309766711032716,0.1067883390791804,-0.0010012191716388934,-0.0010546133411784837
2014-11-26,0.12314792297801001,0.12314792297801001,0.20360454470046188,0.10616216633225414,0.002888557555006767,0.00283547647184064
2014-11-28,0.1892574333606204,0.1892574333606204,0.1229980084582789,0.08060653624218297,0.0013519305380877095,0.001311627269966618
2014-12-01,0.1682888381309211,0.1682888381309211,0.12314792297801001,0.00014991451973110637,-0.0013631888945182938,-0.0013632638517781595
2014-12-02,0.06960127616225731,0.06960127616225731,0.1892574333606204,0.06610951038261038,-0.003480269136279523,-0.003513323891470828
2014-12-03,-0.03385091378330813,-0.03385091378330813,0.1682888381309211,0.020968595229699294,-0.0010964917694034843,-0.001106976067018334
2014-12-04,-0.10051042351285455,-0.10051042351285455,0.06960127616225731,0.0986875619686638,-1.4281532555686207e-05,-6.36253135400181e-05
2014-12-05,-0.16738685804960113,-0.16738685804960113,-0.03385091378330813,0.10345218994556543,0.00011798647533267477,6.626038035989205e-05
2014-12-08,-0.17875822752393233,-0.17875822752393233,-0.10051042351285455,0.06665950972954643,-0.0005996685160923496,-0.0006329982709571228
2014-12-09,-0.4525054850159549,-0.4525054850159549,-0.16738685804960113,0.06687643453674658,0.006777670410279747,0.0067442321930113736
2014-12-10,-0.6350036566773033,-0.6350036566773033,-0.17875822752393233,0.011371369474331205,0.0028192272202740764,0.002813541535536911
2014-12-11,-0.7151710377601801,-0.7151710377601801,-0.4525054850159549,0.27374725749202256,-0.0017636063679448677,-0.001900479996690879
2014-12-12,-0.8101140251734534,-0.8101140251734534,-0.6350036566773033,0.1824981716613484,0.010683746844831053,0.01059249775900038
2014-12-15,-0.8734093501156357,-0.8734093501156357,-0.7151710377601801,0.0801673810828768,0.0025105219408198967,0.0024704382502784583
2014-12-16,-0.8911749846297916,-0.8911749846297916,-0.8101140251734534,0.09494298741327334,-0.0019619658403395254,-0.002009437334046162
2014-12-17,-0.766789182706616,-0.766789182706616,-0.8734093501156357,0.06329532494218226,-0.017456839353871184,-0.017488487016342275
2014-12-18,-0.6213071373847944,-0.6213071373847944,-0.8911749846297916,0.017765634514155915,-0.011705987561842286,-0.011714870379099364
2014-12-19,-0.5276743753426074,-0.5276743753426074,-0.766789182706616,0.12438580192317561,0.0004892392170838719,0.00042704631612228405
2014-12-22,-0.42098981451200895,-0.42098981451200895,-0.6213071373847944,0.14548204532182163,-0.006474740866504128,-0.006547481889165038
2014-12-23,-0.316819621466176,-0.316819621466176,-0.5276743753426074,0.09363276204218696,-0.0017772472053836149,-0.0018240635864047083
2014-12-24,-0.23882855258242885,-0.23882855258242885,-0.42098981451200895,0.10668456083059846,-0.0,-5.334228041529923e-05
2014-12-26,-0.17901873462107226,-0.17901873462107226,-0.316819621466176,0.10417019304583297,-0.0012626979618972822,-0.0013147830584201987
2014-12-29,-0.13859723509460034,-0.13859723509460034,-0.23882855258242885,0.07799106888374713,0.001546938625664844,0.0015079430912229705
2014-12-30,-0.12046291333356712,-0.12046291333356712,-0.17901873462107226,0.05980981796135659,0.000828266829950193,0.0007983619209695148
2014-12-31,-0.15672691422487695,-0.15672691422487695,-0.13859723509460034,0.04042149952647192,0.001610572860247363,0.001590362110484127
2015-01-02,-0.1404861604629013,-0.1404861604629013,-0.12046291333356712,0.018134321761033217,-0.0004634643670728186,-0.00047253152795333523
2015-01-05,-0.1410027719627942,-0.1410027719627942,-0.15672691422487695,0.03626400089130982,0.001301572736673973,0.0012834407362283182
2015-01-06,-0.13091957414667252,-0.13091957414667252,-0.1404861604629013,0.016240753761975646,-0.0014178381551077771,-0.001425958531988765
2015-01-07,-0.12869658874095924,-0.12869658874095924,-0.1410027719627942,0.000516611499892905,0.0009099209476349523,0.0009096626418850059
2015-01-08,-0.11072231521720584,-0.11072231521720584,-0.13091957414667252,0.010083197816121686,-0.0028060603348281704,-0.002811101933736231
2015-01-09,-0.12251453938783782,-0.12251453938783782,-0.12869658874095924,0.002222985405713279,0.0011457141984712268,0.0011446027057683702
2015-01-12,-0.1141478322433307,-0.1141478322433307,-0.11072231521720584,0.0179742735237534,-0.0007577429733643213,-0.000766730110126198
2015-01-13,-0.1027504386170826,-0.1027504386170826,-0.12251453938783782,0.011792224170631985,-0.000260250080362231,-0.000266146192447547
2015-01-14,-0.10574536328480179,-0.10574536328480179,-0.1141478322433307,0.00836670714450713,0.0005080761911427802,0.0005038928375705266
2015-01-15,-0.09619163769535453,-0.09619163769535453,-0.1027504386170826,0.011397393626248087,-0.0002843610534242781,-0.0002900597502374021
2015-01-16,-0.055822324665664634,-0.055822324665664634,-0.10574536328480179,0.0029949246677191815,-0.0019982217539719744,-0.001999719216305834
2015-01-20,-0.022766625354170296,-0.022766625354170296,-0.09619163769535453,0.009553725589447254,-0.00038081290731993057,-0.0003855897701146542
2015-01-21,0.0014767768511369864,0.0014767768511369864,-0.055822324665664634,0.0403693130296899,-8.110472980321018e-05,-0.00010128938631805513
2015-01-22,0.0010213283920177635,0.0010213283920177635,-0.022766625354170296,0.03305569931149434,0.0002123365343728224,0.00019580868471707523
2015-01-23,-0.02197854972566404,-0.02197854972566404,0.0014767768511369864,0.024243402205307282,-2.0081204008282076e-05,-3.220290511093572e-05
2015-01-26,-0.04293254146164843,-0.04293254146164843,0.0010213283920177635,0.0004554484591192229,-4.116127572201692e-06,-4.343851801761303e-06
2015-01-27,-0.09564838531740023,-0.09564838531740023,-0.02197854972566404,0.022999878117681803,0.00028549559521960616,0.0002739956561607653
2015-01-28,-0.15634565432414138,-0.15634565432414138,-0.04293254146164843,0.020953991735984393,0.00027787029127311353,0.00026739329540512136
2015-01-29,-0.19224267172168882,-0.19224267172168882,-0.09564838531740023,0.0527158438557518,-0.0001246274031098569,-0.0001509853250377328
2015-01-30,-0.26308387897513397,-0.26308387897513397,-0.15634565432414138,0.06069726900674115,0.0013562654317317454,0.0013259167972283748
2015-02-02,-0.21726341499779522,-0.21726341499779522,-0.19224267172168882,0.03589701739754744,-0.005341221113242934,-0.005359169621941708
2015-02-03,-0.14314136123646862,-0.14314136123646862,-0.26308387897513397,0.07084120725344514,-0.004759977272032353,-0.0047953978756590755
2015-02-04,-0.09537633979922047,-0.09537633979922047,-0.21726341499779522,0.04582046397733874,0.0001363561760087688,0.00011344594402009943
2015-02-05,-0.06031162402879317,-0.06031162402879317,-0.14314136123646862,0.0741220537613266,-0.00017970223844771262,-0.00021676326532837594
2015-02-06,0.0655490086969803,0.0655490086969803,-0.09537633979922047,0.047765021437248145,-0.0029294432329624916,-0.0029533257436811155
2015-02-09,0.12945778271433264,0.12945778271433264,-0.06031162402879317,0.0350647157704273,0.00029342453673665347,0.0002758921788514398
2015-02-10,0.19929720090852818,0.19929720090852818,0.0655490086969803,0.12586063272577347,0.0005607949251722251,0.0004978646088093383
2015-02-11,0.2703223512579439,0.2703223512579439,0.12945778271433264,0.06390877401735234,0.000784405277982044,0.0007524508909733679
2015-02-12,0.3002221220882608,0.3002221220882608,0.19929720090852818,0.06983941819419553,-0.0011602084537253544,-0.001195128162822452
2015-02-13,0.3083413094123516,0.3083413094123516,0.2703223512579439,0.07102515034941573,-0.001146472868746962,-0.0011819854439216698
2015-02-17,0.3392013758122495,0.3392013758122495,0.3002221220882608,0.02989977083031692,-0.0007914341777604542,-0.0008063840631756127
2015-02-18,0.3215765048034117,0.3215765048034117,0.3083413094123516,0.008119187324090782,-0.001504787154349032,-0.0015088467480110774
2015-02-19,0.30681571344208036,0.30681571344208036,0.3392013758122495,0.030860066399897912,-0.000207887322527519,-0.00022331735572746797
2015-02-20,0.3036412857292785,0.3036412857292785,0.3215765048034117,0.017624871008837806,0.0003947348039018084,0.0003859223683973895
2015-02-23,0.20589255649263666,0.20589255649263666,0.30681571344208036,0.014760791361331349,-0.0012533432304111338,-0.0012607236260917996
2015-02-24,0.16620029002538056,0.16620029002538056,0.3036412857292785,0.0031744277128018528,0.002801720867396905,0.002800133653540504
2015-02-25,0.12478778566881571,0.12478778566881571,0.20589255649263666,0.09774872923664185,-8.364052932772677e-05,-0.0001325148939460477
2015-02-26,0.1220895388233379,0.1220895388233379,0.16620029002538056,0.0396922664672561,0.0005742449080132457,0.0005543987747796176
2015-02-27,0.12716897443439762,0.12716897443439762,0.12478778566881571,0.04141250435656485,0.0002022709900077952,0.00018156473782951276
2015-03-02,0.12930165479338906,0.12930165479338906,0.1220895388233379,0.002698246845477814,4.9383475421206626e-05,4.803435199846772e-05
2015-03-03,0.1506054740214472,0.1506054740214472,0.12716897443439762,0.005079435611059724,0.00020559699832473796,0.0002030572805192081
2015-03-04,0.11800884064661607,0.11800884064661607,0.12930165479338906,0.0021326803589914456,-0.001252537330037232,-0.0012536036702167279
2015-03-05,0.09072768845574987,0.09072768845574987,0.1506054740214472,0.02130381922805813,-0.0004604375211003649,-0.00047108943071439395
2015-03-06,0.07049046561659864,0.07049046561659864,0.11800884064661607,0.032596633374831124,-0.0015197037247932645,-0.00153600204148068
2015-03-09,0.06259340448100413,0.06259340448100413,0.09072768845574987,0.0272811521908662,-0.00011273882083038565,-0.00012637939692581874
2015-03-10,0.04496982705365092,0.04496982705365092,0.07049046561659864,0.020237222839151234,-0.001052313556521289,-0.0010624321679408646
2015-03-11,0.03719870084069706,0.03719870084069706,0.06259340448100413,0.007897061135594505,0.00022397104956429177,0.00022002251899649452
2015-03-12,0.12907149390966294,0.12907149390966294,0.04496982705365092,0.01762357742735321,0.0009903266340072125,0.0009815148452935359
2015-03-13,0.2013020993960119,0.2013020993960119,0.03719870084069706,0.007771126212953859,8.396827921015742e-05,8.008271610368049e-05
2015-03-16,0.3051043770456805,0.3051043770456805,0.12907149390966294,0.09187279306896587,0.0011363668076859975,0.0010904304111515146
2015-03-17,0.32252276867042295,0.32252276867042295,0.2013020993960119,0.07223060548634896,-0.0013074266916354236,-0.001343541994378598
2015-03-18,0.4589322398794482,0.4589322398794482,0.3051043770456805,0.1038022776496686,0.00367741216841797,0.0036255110295931353
2015-03-19,0.49148036432872033,0.49148036432872033,0.32252276867042295,0.017418391624742458,-0.0015623536030662628,-0.001571062798878634
2015-03-20,0.5698581632904186,0.5698581632904186,0.4589322398794482,0.13640947120902525,0.002420194241824525,0.002351989506220012
2015-03-23,0.6474580141185652,0.6474580141185652,0.49148036432872033,0.03254812444927213,0.0007934224793176824,0.0007771484170930464
2015-03-24,0.6076088496019227,0.6076088496019227,0.5698581632904186,0.07837779896169828,-0.002640458175438955,-0.002679647074919804
2015-03-25,0.4860175910133296,0.4860175910133296,0.6474580141185652,0.07759985082814658,-0.00891042460860256,-0.008949224534016633
2015-03-26,0.352871153984123,0.352871153984123,0.6076088496019227,0.039849164516642444,-0.003865423357349208,-0.0038853479396075293
2015-03-27,0.2731222795500994,0.2731222795500994,0.4860175910133296,0.12159125858859315,0.0014052781112444891,0.0013444824819501926
2015-03-30,0.2879512688664818,0.2879512688664818,0.352871153984123,0.1331464370292066,0.004069343858257441,0.004002770639742838
2015-03-31,0.24367058315865442,0.24367058315865442,0.2731222795500994,0.07974887443402362,-0.002724536201260983,-0.002764410638477995
2015-04-01,0.23122413373909123,0.23122413373909123,0.2879512688664818,0.014828989316382435,0.001717065264071585,0.0017096507694133937
2015-04-02,0.34551568997761306,0.34551568997761306,0.24367058315865442,0.044280685707827394,0.0027396880264538865,0.002717547683599973
2015-04-06,0.4770549468007582,0.4770549468007582,0.23122413373909123,0.012446449419563188,0.0007477815454839609,0.0007415583207741794
2015-04-07,0.466658161702985,0.466658161702985,0.34551568997761306,0.11429155623852183,-0.002506268606337846,-0.002563414384457107
2015-04-08,0.5886840549208041,0.5886840549208041,0.4770549468007582,0.13153925682314516,0.004014633633359942,0.00394886400494837
2015-04-09,0.605891184743186,0.605891184743186,0.466658161702985,0.010396785097773198,-0.001139875676368947,-0.0011450740689178335
2015-04-10,0.7146085868296748,0.7146085868296748,0.5886840549208041,0.12202589321781909,0.0025223081008190233,0.002461295154210114
2015-04-13,0.6975347898089633,0.6975347898089633,0.605891184743186,0.017207129822381928,-0.0022156426896064643,-0.0022242462545176553
2015-04-14,0.7467668797962103,0.7467668797962103,0.7146085868296748,0.10871740208648872,0.0020401198368274927,0.0019857611357842484
2015-04-15,0.8311779198641402,0.8311779198641402,0.6975347898089633,0.017073797020711434,0.0029785118671941694,0.0029699749686838135
2015-04-16,0.7923926895798865,0.7923926895798865,0.7467668797962103,0.04923208998724693,-0.0018142152228208443,-0.0018388312678144678
2015-04-17,0.6062343451369173,0.6062343451369173,0.8311779198641402,0.08441104006792999,-0.006242037607859525,-0.006284243127893489
2015-04-20,0.729134794179326,0.729134794179326,0.7923926895798865,0.038785230284253736,0.007778015731523489,0.007758623116381362
2015-04-21,0.6724099286746285,0.6724099286746285,0.6062343451369173,0.1861583444429692,-0.0025781695301909293,-0.002671248702412414
2015-04-22,0.781606619116419,0.781606619116419,0.729134794179326,0.12290044904240871,0.005931838284505717,0.005870388059984513
2015-04-23,0.8544044127442794,0.8544044127442794,0.6724099286746285,0.056724865504697575,0.006510975031985543,0.006482612599233195
2015-04-24,0.8897310419176775,0.8897310419176775,0.781606619116419,0.10919669044179059,-0.0003124377127110892,-0.00036703605793198446
2015-04-27,0.9264873612784517,0.9264873612784517,0.8544044127442794,0.07279779362786032,0.0008539790184635974,0.0008175801216496673
2015-04-28,0.9509915741856345,0.9509915741856345,0.8897310419176775,0.03532662917339813,0.008350125042273239,0.008332461727686539
2015-04-29,0.9118454448745765,0.9118454448745765,0.9264873612784517,0.03675631936077417,-0.0014661845481548706,-0.0014845627078352577
2015-04-30,0.8692617760958465,0.8692617760958465,0.9509915741856345,0.024504212907182854,-0.0005655734269169695,-0.000577825533370561
2015-05-01,0.8056872515273632,0.8056872515273632,0.9118454448745765,0.03914612931105799,-0.0005421773618127191,-0.0005617504264682482
2015-05-04,0.8386977734418388,0.8386977734418388,0.8692617760958465,0.04258366877872999,0.0018966093282044602,0.0018753174938150952
2015-05-05,0.6860095527128612,0.6860095527128612,0.8056872515273632,0.06357452456848334,-0.006857606789343297,-0.006889394051627538
2015-05-06,0.518487860043221,0.518487860043221,0.8386977734418388,0.03301052191447562,-0.007534559381787123,-0.007551064642744361
2015-05-07,0.3978010908531043,0.3978010908531043,0.6860095527128612,0.1526882207289776,0.0012438894553168526,0.0011675453449523638
2015-05-08,0.4122883291881136,0.4122883291881136,0.518487860043221,0.16752169266964023,0.004274512359451934,0.004190751513117113
2015-05-11,0.3612655177997963,0.3612655177997963,0.3978010908531043,0.12068676919011673,-0.0026974621463406205,-0.002757805530935679
2015-05-12,0.2833351570114193,0.2833351570114193,0.4122883291881136,0.014487238335009311,-0.0014902246266916717,-0.0014974682458591764
2015-05-13,0.24619876437075666,0.24619876437075666,0.3612655177997963,0.05102281138831727,0.000800982651718854,0.0007754712460246954
2015-05-14,0.26791199645546676,0.26791199645546676,0.2833351570114193,0.077930360788377,0.0013673503507903814,0.0013283851703961929
2015-05-15,0.25341074014596243,0.25341074014596243,0.24619876437075666,0.03713639264066265,-0.000886862955664147,-0.0009054311519844783
2015-05-18,0.21920776911738585,0.21920776911738585,0.26791199645546676,0.0217132320847101,-0.0010223110039708442,-0.0010331676200131992
2015-05-19,0.18251778147834125,0.18251778147834125,0.25341074014596243,0.014501256309504329,-0.00025548035372123865,-0.0002627309818759908
2015-05-20,0.15538267303124698,0.15538267303124698,0.21920776911738585,0.034202971028576584,0.0006192781987969067,0.0006021767132826184
2015-05-21,0.16443924198211052,0.16443924198211052,0.18251778147834125,0.0366899876390446,0.0007714511409163075,0.0007531061470967852
2015-05-22,0.12921492428470105,0.12921492428470105,0.15538267303124698,0.02713510844709427,-0.000903093636987161,-0.0009166611912107082
2015-05-26,0.09367486962939361,0.09367486962939361,0.16443924198211052,0.009056568950863542,-0.0006297287355535876,-0.0006342570200290194
2015-05-27,0.07432952263814183,0.07432952263814183,0.12921492428470105,0.03522431769740947,0.00039223413475180784,0.0003746219759031031
2015-05-28,0.05928303300577794,0.05928303300577794,0.09367486962939361,0.035540054655307435,-5.674791564681145e-05,-7.451794297446516e-05
2015-05-29,0.043209114136968575,0.043209114136968575,0.07432952263814183,0.01934534699125179,-0.00015003395511209046,-0.00015970662860771635
2015-06-01,0.030931949285807094,0.030931949285807094,0.05928303300577794,0.015046489632363887,-0.00026380357257891354,-0.00027132681739509547
2015-06-02,0.022196561726402886,0.022196561726402886,0.043209114136968575,0.016073918868809364,-7.022093859414612e-05,-7.825789802855081e-05
2015-06-03,0.01607075853540446,0.01607075853540446,0.030931949285807094,0.012277164851161482,-3.775262948559279e-05,-4.389121191117353e-05
2015-06-04,-0.04662430282247521,-0.04662430282247521,0.022196561726402886,0.008735387559404208,-0.0004432206183120969,-0.00044758831209179903
2015-06-05,-0.36441620188165014,-0.36441620188165014,0.01607075853540446,0.0061258031909984245,-0.0002906746441133588,-0.000293737545708858
2015-06-08,-0.4871215425481515,-0.4871215425481515,-0.04662430282247521,0.06269506135787967,-0.00020730816261925,-0.00023865569329818985
2015-06-09,-0.6079753700918414,-0.6079753700918414,-0.36441620188165014,0.31779189905917493,0.0007682404718006425,0.000609344522271055
2015-06-10,-0.6402572296551063,-0.6402572296551063,-0.4871215425481515,0.12270534066650135,-0.0013377671726390295,-0.0013991198429722802
2015-06-11,-0.5883080075750269,-0.5883080075750269,-0.6079753700918414,0.12085382754368995,-0.0037142101461558608,-0.0037746370599277056
2015-06-12,-0.7169011577985366,-0.7169011577985366,-0.6402572296551063,0.0322818595632649,0.006836834218736795,0.006820693288955163
2015-06-15,-0.8112674385323577,-0.8112674385323577,-0.5883080075750269,0.05194922208007946,0.0031128417458452457,0.003086867134805206
2015-06-16,-0.7472958923643525,-0.7472958923643525,-0.7169011577985366,0.1285931502235097,-0.006406443579756107,-0.0064707401548678625
2015-06-17,-0.7435290187362833,-0.7435290187362833,-0.8112674385323577,0.09436628073382114,0.002566361766568294,0.0025191786262013837
2015-06-18,-0.6183545335067888,-0.6183545335067888,-0.7472958923643525,0.06397154616800527,-0.007904641256416255,-0.007936627029500258
2015-06-19,-0.5719529516179671,-0.5719529516179671,-0.7435290187362833,0.003766873628069156,0.004825149226159538,0.004823265789345503
2015-06-22,-0.5229421830419431,-0.5229421830419431,-0.6183545335067888,0.12517448522949448,-0.0009118677779412509,-0.0009744550205559981
2015-06-23,-0.44650821617988506,-0.44650821617988506,-0.5719529516179671,0.04640158188882171,-0.002888246733422775,-0.0029114475243671857
2015-06-24,-0.5183356694304098,-0.5183356694304098,-0.5229421830419431,0.049010768576024044,0.0052547028946823655,0.005230197510394353
2015-06-25,-0.5227105437004864,-0.5227105437004864,-0.44650821617988506,0.076433966862058,-0.0014163664481871082,-0.0014545834316181372
2015-06-26,-0.47164984636203944,-0.47164984636203944,-0.5183356694304098,0.0718274532505247,-0.001966737420325887,-0.0020026511469511494
2015-06-29,-0.6477665642413597,-0.6477665642413597,-0.5227105437004864,0.004374874270076656,0.009330309856307704,0.009328122419172665
2015-06-30,-0.7651777094942398,-0.7651777094942398,-0.47164984636203944,0.05106069733844698,0.0016133000373753684,0.001587769688706145
2015-07-01,-0.7231053312868817,-0.7231053312868817,-0.6477665642413597,0.17611671787932026,-0.005419830182959362,-0.005507888541899022
2015-07-02,-0.6432498875919553,-0.6432498875919553,-0.7651777094942398,0.1174111452528801,-0.003256068888324762,-0.003314774460951202
2015-07-06,-0.6229108619749618,-0.6229108619749618,-0.7231053312868817,0.042072378207358097,0.0024511466606757125,0.0024301104715720332
2015-07-07,-0.5663366059856845,-0.5663366059856845,-0.6432498875919553,0.07985544369492636,-0.002871716332984186,-0.0029116440548316493
2015-07-08,-0.5501444330029215,-0.5501444330029215,-0.6229108619749618,0.020339025616993522,0.001600692096913421,0.0015905225841049242
2015-07-09,-0.6229684904773636,-0.6229684904773636,-0.5663366059856845,0.056574255989277344,0.0038909033077081613,0.0038626161797135224
2015-07-10,-0.5245004218876201,-0.5245004218876201,-0.5501444330029215,0.016192172982762987,-0.008800591644729778,-0.008808687731221159
2015-07-13,-0.43150776629807713,-0.43150776629807713,-0.6229684904773636,0.0728240574744421,-0.0026508861604091936,-0.0026872981891464145
2015-07-14,-0.3232121636717429,-0.3232121636717429,-0.5245004218876201,0.09846806858974344,-0.0023336771677944386,-0.0023829112020893103
2015-07-15,-0.256862899588487,-0.256862899588487,-0.43150776629807713,0.092992655589543,0.000728024119593307,0.0006815277917985355
2015-07-16,-0.17979202321404125,-0.17979202321404125,-0.3232121636717429,0.10829560262633425,-0.0034144194492692122,-0.003468567250582379
2015-07-17,-0.14675276179495472,-0.14675276179495472,-0.256862899588487,0.06634926408325587,0.001288894489666902,0.001255719857625274
2015-07-20,-0.08907232599471696,-0.08907232599471696,-0.17979202321404125,0.07707087637444576,-0.001926696459776506,-0.001965231897963729
2015-07-21,-0.18409024010276348,-0.18409024010276348,-0.14675276179495472,0.03303926141908653,0.003447581333744128,0.003431061703034585
2015-07-22,-0.3497833239254007,-0.3497833239254007,-0.08907232599471696,0.05768043580023777,0.0009861265039615341,0.0009572862860614152
2015-07-23,-0.48397108386980825,-0.48397108386980825,-0.18409024010276348,0.09501791410804653,0.00039629906715665645,0.0003487901101026332
2015-07-24,-0.6559807225798722,-0.6559807225798722,-0.3497833239254007,0.1656930838226372,0.002339435352979064,0.0022565888110677454
2015-07-27,-0.7706538150532481,-0.7706538150532481,-0.48397108386980825,0.13418775994440757,0.0022074231553711517,0.002140329275398948
2015-07-28,-0.8256825987723911,-0.8256825987723911,-0.6559807225798722,0.17200963871006392,-0.0008585907057637103,-0.0009445955251187422
2015-07-29,-0.6963100200464429,-0.6963100200464429,-0.7706538150532481,0.11467309247337598,-0.011251777422756603,-0.011309113968993291
2015-07-30,-0.586078718433923,-0.586078718433923,-0.8256825987723911,0.05502878371914299,-0.0019507085493494106,-0.0019782229412089822
2015-07-31,-0.4950753005739642,-0.4950753005739642,-0.6963100200464429,0.1293725787259482,-0.0017900988047807593,-0.0018547850941437335
2015-08-03,-0.40432470675378757,-0.40432470675378757,-0.586078718433923,0.11023130161251993,-0.0022548939877631356,-0.0023100096385693957
2015-08-04,-0.34203100469622305,-0.34203100469622305,-0.4950753005739642,0.0910034178599588,0.0031620929368251925,0.0031165912278952133
2015-08-05,-0.2858098863325099,-0.2858098863325099,-0.40432470675378757,0.09075059382017664,0.0002599445830792884,0.00021456928616920006
2015-08-06,-0.24840544395082315,-0.24840544395082315,-0.34203100469622305,0.062293702057564515,7.33957422977938e-05,4.224889126901154e-05
2015-08-07,-0.26318025324704863,-0.26318025324704863,-0.2858098863325099,0.05622111836371313,0.0016548771522398073,0.0016267665930579506
2015-08-10,-0.19710382671878568,-0.19710382671878568,-0.24840544395082315,0.037404442381686775,-0.004661681450708516,-0.004680383671899359
2015-08-11,-0.1275224648522842,-0.1275224648522842,-0.26318025324704863,0.014774809296225488,-0.002061711174402979,-0.002069098579051092
2015-08-12,-0.06880669116754451,-0.06880669116754451,-0.19710382671878568,0.06607642652826295,-0.0010351991496848712,-0.0010682373629490025
2015-08-13,-0.03922634155642733,-0.03922634155642733,-0.1275224648522842,0.06958136186650149,0.0005063367851588745,0.0004715461042256237
2015-08-14,-0.029319870660706238,-0.029319870660706238,-0.06880669116754451,0.05871577368473968,0.0002454518842682486,0.00021609399742587878
2015-08-17,-0.011972558963198208,-0.011972558963198208,-0.03922634155642733,0.029580349611117177,-2.47864050333419e-05,-3.957657983890049e-05
2015-08-18,-0.003616574961462911,-0.003616574961462911,-0.029319870660706238,0.009906470895721095,3.702364816234408e-05,3.2070412714483536e-05
2015-08-19,0.000787814396180937,0.000787814396180937,-0.011972558963198208,0.017347311697508028,5.042655892926809e-06,-3.6309999558272043e-06
2015-08-20,-0.043048138162881826,-0.043048138162881826,-0.003616574961462911,0.008355984001735296,4.2692297670837995e-05,3.8514305669970344e-05
2015-08-21,-0.24104068509692564,-0.24104068509692564,0.000787814396180937,0.0044043893576438484,-1.3107791611142712e-05,-1.5309986289964636e-05
2015-08-24,-0.4940271233979504,-0.4940271233979504,-0.043048138162881826,0.043835952559062766,0.001269955527339879,0.0012480375510603475
2015-08-25,-0.6626847489319669,-0.6626847489319669,-0.24104068509692564,0.1979925469340438,0.006680608289828527,0.006581612016361505
2015-08-26,-0.5177961735226807,-0.5177961735226807,-0.4940271233979504,0.25298643830102474,-0.018852525807232935,-0.018979019026383447
2015-08-27,-0.29710675251053975,-0.29710675251053975,-0.6626847489319669,0.16865762553401653,-0.015114201073396694,-0.015198529886163702
2015-08-28,-0.16250446526536014,-0.16250446526536014,-0.5177961735226807,0.14488857540928624,0.0013451559095723398,0.0012727116218676966
2015-08-31,-0.07898536415072743,-0.07898536415072743,-0.29710675251053975,0.22068942101214095,0.00038697943515994597,0.00027663472465387553
2015-09-01,-0.14989806093214783,-0.14989806093214783,-0.16250446526536014,0.1346022872451796,0.003920441230729263,0.003853140087106673
2015-09-02,-0.14405273195265844,-0.14405273195265844,-0.07898536415072743,0.0835191011146327,-0.0007916087821301897,-0.000833368332687506
2015-09-03,-0.09850805979381977,-0.09850805979381977,-0.14989806093214783,0.0709126967814204,-0.0012230138806422243,-0.0012584702290329346
2015-09-04,-0.173522690013119,-0.173522690013119,-0.14405273195265844,0.005845328979489389,0.0028356797128156184,0.0028327570483258737
2015-09-08,-0.10098465405339721,-0.10098465405339721,-0.09850805979381977,0.04554467215883867,-0.0023297072831388647,-0.002352479619218284
2015-09-09,-0.10275582738827294,-0.10275582738827294,-0.173522690013119,0.07501463021929924,0.0018532691223615539,0.0018157618072519044
2015-09-10,-0.09188785841113348,-0.09188785841113348,-0.10098465405339721,0.0725380359597218,-0.0001557616239037851,-0.000192030641883646
2015-09-11,-0.06211930301104446,-0.06211930301104446,-0.10275582738827294,0.0017711733348757253,-0.0006103056942772421,-0.00061119128094468
2015-09-14,-0.04798301638313907,-0.04798301638313907,-0.09188785841113348,0.010867968977139458,0.00016073897396638373,0.000155304989477814
2015-09-15,0.0177409550494481,0.0177409550494481,-0.06211930301104446,0.02976855540008902,-0.000979754509032467,-0.0009946387867325115
2015-09-16,0.037989923957798793,0.037989923957798793,-0.04798301638313907,0.014136286627905385,0.0001862689708162246,0.0001792008275022719
2015-09-17,-0.010994933274553653,-0.010994933274553653,0.0177409550494481,0.06572397143258718,-0.0003687196126370599,-0.0004015815983533535
2015-09-18,-0.1078536081731278,-0.1078536081731278,0.037989923957798793,0.020248968908350692,-0.0005543544847978301,-0.0005644789692520055
2015-09-21,-0.13897029150258133,-0.13897029150258133,-0.010994933274553653,0.04898485723235245,-5.673797716279325e-05,-8.123040577896947e-05
2015-09-22,-0.17129849848459344,-0.17129849848459344,-0.1078536081731278,0.09685867489857414,0.0008907776043874842,0.0008423482669381972
2015-09-23,-0.26942171025782974,-0.26942171025782974,-0.13897029150258133,0.03111668332945354,0.0014075354766841803,0.0013919771350194535
2015-09-24,-0.31182689965055554,-0.31182689965055554,-0.17129849848459344,0.03232820698201211,-0.00042850727939487416,-0.0004446713828858802
2015-09-25,-0.3141421464015903,-0.3141421464015903,-0.26942171025782974,0.0981232117732363,-0.0007943283416447374,-0.0008433899475313556
2015-09-28,-0.4353348709870585,-0.4353348709870585,-0.31182689965055554,0.042405189392725806,0.0033847442772351804,0.0033635416825388174
2015-09-29,-0.5995130465541558,-0.5995130465541558,-0.3141421464015903,0.002315246751034783,0.0015082633211277636,0.0015071056977522463
2015-09-30,-0.7250761439109316,-0.7250761439109316,-0.4353348709870585,0.12119272458546815,0.00020011530247937207,0.000139518940186638
2015-10-01,-0.8167174292739544,-0.8167174292739544,-0.5995130465541558,0.16417817556709735,0.007578302081001599,0.007496212993218051
2015-10-02,-0.8778116195159698,-0.8778116195159698,-0.7250761439109316,0.12556309735677573,0.002025377021606813,0.0019625954729284253
2015-10-05,-0.6582938870221138,-0.6582938870221138,-0.8167174292739544,0.09164128536302285,-0.022114825701149768,-0.02216064634383128
2015-10-06,-0.5044882386819137,-0.5044882386819137,-0.8778116195159698,0.061094190242015345,-0.0011969961240046996,-0.0012275432191257074
2015-10-07,-0.3749677984976276,-0.3749677984976276,-0.6582938870221138,0.21951773249385598,-0.005372691624986393,-0.005482450491233321
2015-10-08,-0.27157305676761734,-0.27157305676761734,-0.5044882386819137,0.15380564834020005,-0.004371948557341532,-0.004448851381511632
2015-10-09,-0.20625581221992972,-0.20625581221992972,-0.3749677984976276,0.1295204401842861,0.0005933299215258953,0.0005285697014337522
2015-10-12,-0.15315857395402102,-0.15315857395402102,-0.27157305676761734,0.10339474173001029,-0.0008608918439012288,-0.0009125892147662339
2015-10-13,-0.11183383285209555,-0.11183383285209555,-0.20625581221992972,0.06531724454768761,-0.00027934968984473345,-0.00031200831211857725
2015-10-14,-0.10280519456882868,-0.10280519456882868,-0.15315857395402102,0.0530972382659087,0.0012774735735093686,0.0012509249543764143
2015-10-15,-0.06925054206243822,-0.06925054206243822,-0.11183383285209555,0.041324741101925466,-0.001728763481588793,-0.0017494258521397559
2015-10-16,-0.04603986317400431,-0.04603986317400431,-0.10280519456882868,0.009028638283266874,-6.906940740360067e-05,-7.358372654523411e-05
2015-10-19,-0.030677523576671452,-0.030677523576671452,-0.06925054206243822,0.03355465250639046,-0.0,-1.6777326253195228e-05
2015-10-20,-0.016960160249258217,-0.016960160249258217,-0.04603986317400431,0.023210678888433908,-0.0005561719632196998,-0.0005677773026639167
2015-10-21,-0.009631202944383703,-0.009631202944383703,-0.030677523576671452,0.01536233959733286,0.0002576884668850554,0.00025000729708638897
2015-10-22,0.03859076800609618,0.03859076800609618,-0.016960160249258217,0.013717363327413235,-0.0003894128198246882,-0.00039627150148839477
2015-10-23,0.08938602630295647,0.08938602630295647,-0.009631202944383703,0.007328957304874513,-5.666965380947873e-05,-6.0334132461915984e-05
2015-10-26,0.14444294479594044,0.14444294479594044,0.03859076800609618,0.04822197095047988,0.000167196534866465,0.00014308554939122505
2015-10-27,0.16547469615081029,0.16547469615081029,0.08938602630295647,0.050795258296860296,-0.00036635423101690493,-0.0003917518601653351
2015-10-28,0.20043536587449834,0.20043536587449834,0.14444294479594044,0.05505691849298397,0.000969839208429796,0.000942310749183304
2015-10-29,0.20466583677068012,0.20466583677068012,0.16547469615081029,0.021031751354869843,-0.00028478249434958625,-0.00029529837002702117
2015-10-30,0.30535798878314707,0.30535798878314707,0.20043536587449834,0.034960669723688054,0.002073413441178715,0.0020559331063168713
2015-11-02,0.34780524093294657,0.34780524093294657,0.20466583677068012,0.004230470896181782,-0.0004365241734055255,-0.0004386394088536164
2015-11-03,0.32148092733891054,0.32148092733891054,0.30535798878314707,0.10069215201246695,-0.0021540912386125784,-0.002204437314618812
2015-11-04,0.26701126985004575,0.26701126985004575,0.34780524093294657,0.0424472521497995,-0.002321180382950653,-0.0023424040090255526
2015-11-05,0.19456430783908682,0.19456430783908682,0.32148092733891054,0.02632431359403603,0.00041804523802900913,0.0004048830812319911
2015-11-06,0.13955927321518513,0.13955927321518513,0.26701126985004575,0.05446965748886479,-0.002427402492342057,-0.0024546373210864894
2015-11-09,0.09739890654617597,0.09739890654617597,0.19456430783908682,0.07244696201095893,-0.002039966721080296,-0.0020761902020857755
2015-11-10,0.06777972599170126,0.06777972599170126,0.13955927321518513,0.05500503462390169,-0.0006161477888195717,-0.0006436503061315225
2015-11-11,0.048897305958800416,0.048897305958800416,0.09739890654617597,0.04216036666900916,0.0004750885961510961,0.0004540084128165915
2015-11-12,0.03416909513475111,0.03416909513475111,0.06777972599170126,0.02961918055447471,-0.0007328379784917341,-0.0007476475687689714
2015-11-13,0.022475842265730264,0.022475842265730264,0.048897305958800416,0.018882420032900846,-0.0006544318227341686,-0.000663873032750619
2015-11-16,0.02764004407756022,0.02764004407756022,0.03416909513475111,0.014728210824049306,0.0006257547907154389,0.0006183906853034143
2015-11-17,0.034783404477057675,0.034783404477057675,0.022475842265730264,0.011693252869020846,1.9965581031495245e-05,1.4118954596984822e-05
2015-11-18,0.05885552999488354,0.05885552999488354,0.02764004407756022,0.005164201811829958,0.00018393342040890287,0.0001813513195029879
2015-11-19,0.11937676374681266,0.11937676374681266,0.034783404477057675,0.007143360399497454,0.0002912709746378425,0.00028769929443809374
2015-11-20,0.12989134373174188,0.12989134373174188,0.05885552999488354,0.024072125517825865,-0.000475903794799138,-0.0004879398575580509
2015-11-23,0.11000362214816933,0.11000362214816933,0.11937676374681266,0.060521233751929124,-0.0010519606032013246,-0.0010822212200772893
2015-11-24,0.10840827792359659,0.10840827792359659,0.12989134373174188,0.010514579984929218,0.0005774254062377858,0.0005721681162453212
2015-11-25,0.09390998732783361,0.09390998732783361,0.11000362214816933,0.01988772158357255,-0.0006572586664272488,-0.000667202527219035
2015-11-27,0.10103884953937672,0.10103884953937672,0.10840827792359659,0.0015953442245727478,0.0007481370160833776,0.0007473393439710913
2015-11-30,0.10710952692578748,0.10710952692578748,0.09390998732783361,0.014498290595762978,0.0004567819640405293,0.0004495328187426478
2015-12-01,0.09652176116298035,0.09652176116298035,0.10103884953937672,0.007128862211543116,0.00028902254963325183,0.0002854581185274803
2015-12-02,0.0798728445854755,0.0798728445854755,0.10710952692578748,0.006070677386410761,-0.0015509690406280802,-0.0015540043793212856
2015-12-03,0.054519092436561424,0.054519092436561424,0.09652176116298035,0.010587765762807136,-0.0007735320369835469,-0.0007788259198649505
2015-12-04,0.13407914437366425,0.13407914437366425,0.0798728445854755,0.01664891657750485,0.002061338454974497,0.0020530139966857446
2015-12-07,0.23115512116819845,0.23115512116819845,0.054519092436561424,0.025353752148914076,0.0004174475403654724,0.00040477066429101536
2015-12-08,0.24769144296613488,0.24769144296613488,0.13407914437366425,0.07956005193710283,-0.0010479739412078567,-0.001087753967176408
2015-12-09,0.22891701511453405,0.22891701511453405,0.23115512116819845,0.0970759767945342,-0.0017197488620878116,-0.0017682868504850786
2015-12-10,0.2115776692042078,0.2115776692042078,0.24769144296613488,0.016536321797936432,-0.00021843844184122428,-0.0002267066027401925
2015-12-11,0.16314246419896228,0.16314246419896228,0.22891701511453405,0.018774427851600828,-0.0025254797041010133,-0.0025348669180268136
2015-12-14,0.19043564564687068,0.19043564564687068,0.2115776692042078,0.017339345910326237,0.0029739525212824146,0.0029652828483272514
2015-12-15,0.21931286482997414,0.21931286482997414,0.16314246419896228,0.048435205005245535,0.000358932574647582,0.00033471497214495927
2015-12-16,0.3859794742602977,0.3859794742602977,0.19043564564687068,0.027293181447908405,0.0040135351404302,0.003999888549706246
2015-12-17,0.42274246412263067,0.42274246412263067,0.21931286482997414,0.02887721918310346,-0.00193329418376899,-0.0019477327933605417
2015-12-18,0.3615301258310705,0.3615301258310705,0.3859794742602977,0.16666660943032358,-0.004521149089323294,-0.0046044823940384555
2015-12-21,0.35896459604828684,0.35896459604828684,0.42274246412263067,0.03676298986233295,0.0031548477999153585,0.003136466304984192
2015-12-22,0.4295176831759622,0.4295176831759622,0.3615301258310705,0.06121233829156014,0.0034655499803816223,0.003434943811235842
2015-12-23,0.6196784554506415,0.6196784554506415,0.35896459604828684,0.002565529782783682,0.004725392747723461,0.00472410998283207
2015-12-24,0.6749285290928236,0.6749285290928236,0.4295176831759622,0.07055308712767533,-0.002195712262497088,-0.0022309888060609256
2015-12-28,0.7173259894085744,0.7173259894085744,0.6196784554506415,0.1901607722746793,0.0005306981416660732,0.00043561775552873356
2015-12-29,0.8115506596057163,0.8115506596057163,0.6749285290928236,0.05525007364218215,0.006640970648357392,0.0066133456115363
2015-12-30,0.7326296212948555,0.7326296212948555,0.7173259894085744,0.04239746031575076,-0.006685485772982406,-0.006706684503140281
2015-12-31,0.5539052285848154,0.5539052285848154,0.8115506596057163,0.09422467019714187,-0.009543477657201817,-0.009590589992300388
2016-01-04,0.3934129914407348,0.3934129914407348,0.7326296212948555,0.07892103831086072,-0.005548044499775383,-0.005587505018930813
2016-01-05,0.3606661102223504,0.3606661102223504,0.5539052285848154,0.17872439271004015,0.007607557078604175,0.007518194882249155
2016-01-06,0.2859763097845783,0.2859763097845783,0.3934129914407348,0.16049223714408056,-0.0035542763887207464,-0.0036345225072927866
2016-01-07,0.21042738476400139,0.21042738476400139,0.3606661102223504,0.03274688121838443,-0.001980800053724435,-0.001997173494333627
2016-01-08,0.12922494924565284,0.12922494924565284,0.2859763097845783,0.07468980043777212,-0.002779556885492267,-0.002816901785711153
2016-01-11,0.08256418979660539,0.08256418979660539,0.21042738476400139,0.07554892502057689,0.0012204851642929628,0.0011827107017826743
2016-01-12,0.039330634095447015,0.039330634095447015,0.12922494924565284,0.08120243551834855,-0.00045857189120635737,-0.0004991731089655316
2016-01-13,-0.09148728390621891,-0.09148728390621891,0.08256418979660539,0.04666075944904745,-0.0014333224795196912,-0.001456652859244215
2016-01-14,-0.08846566865401154,-0.08846566865401154,0.039330634095447015,0.043233555701158374,0.0006413835489488622,0.000619766771098283
2016-01-15,-0.1436694048907406,-0.1436694048907406,-0.09148728390621891,0.13081791800166592,0.0008971207227365599,0.000831711763735727
2016-01-19,-0.12469848017325919,-0.12469848017325919,-0.08846566865401154,0.0030216152522073714,-0.0008760817048040304,-0.0008775925124301341
2016-01-20,-0.1688248701242981,-0.1688248701242981,-0.1436694048907406,0.055203736236729056,0.001440825166733613,0.0014132232986152485
2016-01-21,8.470168169391612e-05,8.470168169391612e-05,-0.12469848017325919,0.018970924717481408,-0.004070529790459998,-0.004080015252818738
2016-01-22,0.33338980112112926,0.33338980112112926,-0.1688248701242981,0.0441263899510389,-0.004306189598925347,-0.004328252793900866
2016-01-25,0.5518746608020477,0.5518746608020477,8.470168169391612e-05,0.168909571805992,-1.802446018619176e-08,-8.44728103631822e-05
2016-01-26,0.7012497738680319,0.7012497738680319,0.33338980112112926,0.3333050994394353,0.008648519456875935,0.008481866907156218
2016-01-27,0.800833182578688,0.800833182578688,0.5518746608020477,0.21848485968091846,0.0089214505104265,0.008812208080586042
2016-01-28,0.8620940605701652,0.8620940605701652,0.7012497738680319,0.14937511306598417,-0.0002858606990162947,-0.0003605482555492868
2016-01-29,0.9080627070467768,0.9080627070467768,0.800833182578688,0.09958340871065607,0.015686544493334533,0.015636752788979205
2016-02-01,0.938708471364518,0.938708471364518,0.8620940605701652,0.06126087799147728,0.013629020413933442,0.013598389974937702
2016-02-02,0.8337669952302909,0.8337669952302909,0.9080627070467768,0.045968646476611585,-0.015205815059063406,-0.015228799382301712
2016-02-03,0.8614030673030646,0.8614030673030646,0.938708471364518,0.03064576431774113,0.013353735938868034,0.013338413056709164
2016-02-04,0.8425742672633341,0.8425742672633341,0.8337669952302909,0.10494147613422711,-0.003129532381427372,-0.0031820031194944856
2016-02-05,0.8950495115088895,0.8950495115088895,0.8614030673030646,0.027636072072773743,0.009224012254531327,0.00921019421849494
2016-02-08,0.8819975543580515,0.8819975543580515,0.8425742672633341,0.01882880003973053,-0.00380232984556844,-0.0038117442455883055
2016-02-09,0.7752123361168063,0.7752123361168063,0.8950495115088895,0.052475244245555386,-0.010407338382727713,-0.01043357600485049
2016-02-10,0.6777789634051193,0.6777789634051193,0.8819975543580515,0.013051957150837956,-0.002990020414833245,-0.002996546393408664
2016-02-11,0.558098126114687,0.558098126114687,0.7752123361168063,0.1067852182412452,-0.00915113280526912,-0.009204525414389743
2016-02-12,0.5452101189742818,0.5452101189742818,0.6777789634051193,0.09743337271168695,0.00988068104135289,0.009831964354997048
2016-02-16,0.5406929295305682,0.5406929295305682,0.558098126114687,0.11968083729043233,0.0014478806050138148,0.0013880401863685986
2016-02-17,0.5285364264608802,0.5285364264608802,0.5452101189742818,0.012888007140405167,0.0008681392467809597,0.0008616952432107571
2016-02-18,0.6744305126397259,0.6744305126397259,0.5406929295305682,0.004517189443713598,0.006661862376872378,0.0066596037821505215
2016-02-19,0.7434515117824381,0.7434515117824381,0.5285364264608802,0.012156503069688074,-0.000830025040420665,-0.0008361032919555091
2016-02-22,0.8289676745216255,0.8289676745216255,0.6744305126397259,0.1458940861788457,0.0027848649504881727,0.0027119179073987498
2016-02-23,0.7539896442449199,0.7539896442449199,0.7434515117824381,0.0690209991427122,-0.006405347144498249,-0.006439857644069605
2016-02-24,0.7403052291676282,0.7403052291676282,0.8289676745216255,0.08551616273918738,0.0031107394394781045,0.0030679813581085107
2016-02-25,0.8268701527784188,0.8268701527784188,0.7539896442449199,0.07497803027670558,0.004302659882286406,0.004265170867148053
2016-02-26,0.8318907931980795,0.8318907931980795,0.7403052291676282,0.013684415077291678,-0.001303667365247743,-0.0013105095727863887
2016-02-29,0.6932858264231827,0.6932858264231827,0.8268701527784188,0.0865649236107906,-0.004700057221091377,-0.004743339682896772
2016-03-01,0.7955238842821218,0.7955238842821218,0.8318907931980795,0.00502064041966066,0.011970595422035348,0.011968085101825518
2016-03-02,0.8636825895214146,0.8636825895214146,0.6932858264231827,0.13860496677489675,0.008892029751336907,0.008822727267949458
2016-03-03,0.8247562712345826,0.8247562712345826,0.7955238842821218,0.10223805785893914,-0.003510537644403159,-0.0035616566733326287
2016-03-04,0.7753342827522446,0.7753342827522446,0.8636825895214146,0.0681587052392928,-0.0013316802176534862,-0.0013657595702731326
2016-03-07,0.8502228551681632,0.8502228551681632,0.8247562712345826,0.03892631828683202,0.006367434564220279,0.006347971405076863
2016-03-08,0.9001485701121088,0.9001485701121088,0.7753342827522446,0.04942198848233803,0.0037125549828474795,0.0036878439886063106
2016-03-09,0.883472588655131,0.883472588655131,0.8502228551681632,0.07488857241591862,-0.001944701394396587,-0.0019821456806045465
2016-03-10,0.8658637969834457,0.8658637969834457,0.9001485701121088,0.0499257149439456,-0.00034384994261780116,-0.00036881280008977394
2016-03-11,0.9105758646556306,0.9105758646556306,0.883472588655131,0.016675981456977795,0.003546131207661992,0.003537793216933503
2016-03-14,0.9403839097704205,0.9403839097704205,0.8658637969834457,0.017608791671685275,0.00016494339747392833,0.0001561390016380857
2016-03-15,0.960255939846947,0.960255939846947,0.9105758646556306,0.04471206767218483,0.0022527701737768153,0.002230414139940723
2016-03-16,0.9735039598979647,0.9735039598979647,0.9403839097704205,0.02980804511478996,0.0096412549410942,0.009626350918536804
2016-03-17,0.9823359732653099,0.9823359732653099,0.960255939846947,0.019872030076526492,0.007579420640855098,0.007569484625816835
2016-03-18,0.824137648991302,0.824137648991302,0.9735039598979647,0.013248020051017662,-0.00707948426671902,-0.007086108276744528
2016-03-21,0.7808116577674633,0.7808116577674633,0.9823359732653099,0.008832013367345182,0.003690677574570901,0.0036862615678872287
2016-03-22,0.685017769029955,0.685017769029955,0.824137648991302,0.15819832427400782,-0.003547180219121593,-0.003626279381258597
2016-03-23,0.5717024120848211,0.5717024120848211,0.7808116577674633,0.04332599122383873,-0.0044022794246850565,-0.004423942420296976
2016-03-24,0.6876590652573673,0.6876590652573673,0.685017769029955,0.09579388873750827,0.00841560275304568,0.008367705808676927
2016-03-28,0.7151972112621787,0.7151972112621787,0.5717024120848211,0.11331535694513395,-0.00170800400678785,-0.001764661685260417
2016-03-29,0.8101314741747858,0.8101314741747858,0.6876590652573673,0.11595665317254622,0.008370403752370978,0.008312425425784704
2016-03-30,0.8704573830282368,0.8704573830282368,0.7151972112621787,0.027538146004811415,-0.00013245479514191005,-0.00014622386814431575
2016-03-31,0.913638255352158,0.913638255352158,0.8101314741747858,0.09493426291260709,0.000599657936831156,0.0005521908053748525
2016-04-01,0.9192027494428407,0.9192027494428407,0.8704573830282368,0.060325908853451016,-0.0011264420326732114,-0.001156604987099937
2016-04-04,0.9461351662952273,0.9461351662952273,0.913638255352158,0.043180872323921204,0.0069355385347283,0.006913948098566339
2016-04-05,0.8753636946455217,0.8753636946455217,0.9192027494428407,0.0055644940906827145,-0.005573701585467352,-0.0055764838325126935
2016-04-06,0.8240334840125716,0.8240334840125716,0.9461351662952273,0.026932416852386565,-8.877232122348891e-05,-0.00010223852964968219
2016-04-07,0.6843185396575753,0.6843185396575753,0.8753636946455217,0.07077147164970565,-0.02486083730964818,-0.02489622304547303
2016-04-08,0.5945145998517773,0.5945145998517773,0.8240334840125716,0.05133021063295007,0.0028526640060011505,0.0028269989006846756
2016-04-11,0.5019389720984314,0.5019389720984314,0.6843185396575753,0.13971494435499632,-0.007475560749781078,-0.0075454182219585764
2016-04-12,0.4540778924104575,0.4540778924104575,0.5945145998517773,0.08980393980579793,0.003916527111378395,0.003871625141475496
2016-04-13,0.38915321241094003,0.38915321241094003,0.5019389720984314,0.09257562775334593,-0.006376838998688147,-0.00642312681256482
2016-04-14,0.35014644505204356,0.35014644505204356,0.4540778924104575,0.04786107968797393,0.0006198536834998806,0.0005959231436558937
2016-04-15,0.3043829864189649,0.3043829864189649,0.38915321241094003,0.06492467999951745,-7.587885823910731e-05,-0.00010834119823886605
2016-04-18,0.28211258924931837,0.28211258924931837,0.35014644505204356,0.039006767358896466,0.0025911954086781696,0.0025716920249987214
2016-04-19,0.3005989584562139,0.3005989584562139,0.3043829864189649,0.04576345863307868,0.002059382508033778,0.002036500778717239
2016-04-20,0.26240650338319,0.26240650338319,0.28211258924931837,0.022270397169646516,-0.0017875458555765664,-0.0017986810541613897
2016-04-21,0.09397475054160309,0.09397475054160309,0.3005989584562139,0.01848636920689556,-0.009990960559541746,-0.010000203744145194
2016-04-22,0.021475551834417794,0.021475551834417794,0.26240650338319,0.038192455073023934,0.0027273924561676027,0.002708296228631091
2016-04-25,-0.028618009123761987,-0.028618009123761987,0.09397475054160309,0.1684317528415869,0.0003903977296332221,0.00030618185321242865
2016-04-26,-0.09095008693838405,-0.09095008693838405,0.021475551834417794,0.0724991987071853,-0.00013538390832082883,-0.00017163350767442146
2016-04-27,-0.026872859428141348,-0.026872859428141348,-0.028618009123761987,0.05009356095817978,-0.0007092182141182096,-0.0007342649945972995
2016-04-28,-0.04360543165501331,-0.04360543165501331,-0.09095008693838405,0.062332077814622064,0.0011789051653659614,0.0011477391264586505
2016-04-29,-0.06258812174256004,-0.06258812174256004,-0.026872859428141348,0.0640772275102427,4.2138598052353824e-05,1.0099984297232478e-05
2016-05-02,-0.04012925621135099,-0.04012925621135099,-0.04360543165501331,0.01673257222687196,-0.0003252885249377447,-0.0003336548110511807
2016-05-03,-0.08548012944838386,-0.08548012944838386,-0.06258812174256004,0.01898269008754673,0.0007805159156234235,0.0007710245705796502
2016-05-04,-0.1001998601603084,-0.1001998601603084,-0.04012925621135099,0.02245886553120905,-0.00012670592829128384,-0.00013793536105688835
2016-05-05,-0.09732733166026268,-0.09732733166026268,-0.08548012944838386,0.04535087323703287,-0.0,-2.2675436618516436e-05
2016-05-06,-0.07612085763290637,-0.07612085763290637,-0.1001998601603084,0.014719730711924534,-0.0005518300651122274,-0.0005591899304681897
2016-05-09,-0.0969097694705126,-0.0969097694705126,-0.09732733166026268,0.0028725285000457124,7.618400051044168e-05,7.474773626041882e-05
2016-05-10,-0.08011618646257034,-0.08011618646257034,-0.07612085763290637,0.021206474027356315,-0.0006855140757911547,-0.0006961173128048329
2016-05-11,-0.08161071127179517,-0.08161071127179517,-0.0969097694705126,0.020788911837606228,0.0007333429504369476,0.0007229484945181445
2016-05-12,-0.06695748665631543,-0.06695748665631543,-0.08011618646257034,0.01679358300794226,-0.0005012298087601426,-0.0005096266002641137
2016-05-13,-0.10073819319080365,-0.10073819319080365,-0.08161071127179517,0.001494524809224837,0.0008403689575426497,0.0008396216951380373
2016-05-16,-0.09714135696039365,-0.09714135696039365,-0.06695748665631543,0.014653224615479743,-0.00038119850650216136,-0.00038852511880990123
2016-05-17,-0.1054171409589593,-0.1054171409589593,-0.10073819319080365,0.033780706534488225,0.0006489029326931627,0.0006320125794259186
2016-05-18,-0.21804949075146562,-0.21804949075146562,-0.09714135696039365,0.0035968362304100027,0.000973326178876842,0.000971527760761637
2016-05-19,-0.4786996605009771,-0.4786996605009771,-0.1054171409589593,0.008275783998565642,0.0015899446224968178,0.001585806730497535
2016-05-20,-0.6343687391843084,-0.6343687391843084,-0.21804949075146562,0.11263234979250633,-0.00013174848939590062,-0.00018806466429215378
2016-05-23,-0.7562458261228723,-0.7562458261228723,-0.4786996605009771,0.2606501697495115,0.005012373545850375,0.00488204846097562
2016-05-24,-0.6718888352250418,-0.6718888352250418,-0.6343687391843084,0.15566907868333124,-0.005679976833886111,-0.005757811373227777
2016-05-25,-0.5697493494914514,-0.5697493494914514,-0.7562458261228723,0.12187708693856392,-0.0041182154126272776,-0.004179153956096559
2016-05-26,-0.46140909101254435,-0.46140909101254435,-0.6718888352250418,0.08435699089783044,-0.004178528983977011,-0.004220707479425926
2016-05-27,-0.35152889580734326,-0.35152889580734326,-0.5697493494914514,0.10213948573359044,-0.005224854875421226,-0.005275924618288021
2016-05-31,-0.2608103199291592,-0.2608103199291592,-0.46140909101254435,0.10834025847890705,-0.002552310925375278,-0.0026064810546147315
2016-06-01,-0.2342723251310621,-0.2342723251310621,-0.35152889580734326,0.10988019520520109,0.003245994599261019,0.0031910545016584184
2016-06-02,-0.18921327102194135,-0.18921327102194135,-0.2608103199291592,0.09071857587818405,-0.0017583957603743135,-0.0018037550483134056
2016-06-03,-0.13839452919086048,-0.13839452919086048,-0.2342723251310621,0.026537994798097098,-0.0006922109209714658,-0.0007054799183705144
2016-06-06,-0.11380921225902539,-0.11380921225902539,-0.18921327102194135,0.045059054109120755,0.0007803703259976375,0.0007578407989430771
2016-06-07,-0.06700657438301952,-0.06700657438301952,-0.13839452919086048,0.05081874183108087,-0.0028382848828870256,-0.002863694253802566
2016-06-08,-0.042111762785397036,-0.042111762785397036,-0.11380921225902539,0.02458531693183509,0.0005058290739110786,0.0004935364154451611
2016-06-09,-0.009980287977062012,-0.009980287977062012,-0.06700657438301952,0.04680263787600587,-0.0005592455954395781,-0.000582646914377581
2016-06-10,0.05975088306775899,0.05975088306775899,-0.042111762785397036,0.024894811597622482,-0.0005836589946938628,-0.0005961064004926741
2016-06-13,0.09955508309800574,0.09955508309800574,-0.009980287977062012,0.032131474808335024,1.8947878291142387e-05,2.882140886974874e-06
2016-06-14,0.17188133128041255,0.17188133128041255,0.05975088306775899,0.069731171044821,0.0004773757140831757,0.00044251012856076524
2016-06-15,0.18751429743761755,0.18751429743761755,0.09955508309800574,0.039804200030246754,-0.0002818468498501454,-0.00030174894986526875
2016-06-16,0.30921587268614853,0.30921587268614853,0.17188133128041255,0.07232624818240681,0.00201681578899081,0.0019806526648996066
2016-06-17,0.5041894374186536,0.5041894374186536,0.18751429743761755,0.015632966157204997,0.0011223935816456374,0.001114577098567035
2016-06-20,0.6228065204944493,0.6228065204944493,0.30921587268614853,0.12170157524853098,-0.00011498782110986096,-0.00017583860873412647
2016-06-21,0.7485376803296329,0.7485376803296329,0.5041894374186536,0.1949735647325051,0.003188774176914007,0.0030912873945477546
2016-06-22,0.7781773750312166,0.7781773750312166,0.6228065204944493,0.11861708307579566,-0.0008058328312169867,-0.0008651413727548845
2016-06-23,0.8521182500208111,0.8521182500208111,0.7485376803296329,0.12573115983518357,0.008866376617686472,0.00880351103776888
2016-06-24,0.7661262765928747,0.7661262765928747,0.7781773750312166,0.029639694701583785,-0.0034159832046901373,-0.0034308030520409294
2016-06-27,0.8440841843952498,0.8440841843952498,0.8521182500208111,0.07394087498959445,0.00485305935671606,0.004816088919221263
2016-06-28,0.8960561229301667,0.8960561229301667,0.7661262765928747,0.08599197342793641,0.0011197014496156722,0.001076705462901704
2016-06-29,0.9307040819534445,0.9307040819534445,0.8440841843952498,0.0779579078023751,0.003695207342188547,0.0036562283882873594
2016-06-30,0.9538027213022964,0.9538027213022964,0.8960561229301667,0.051971938534916884,0.012694319844865623,0.012668333875598164
2016-07-01,0.9692018142015311,0.9692018142015311,0.9307040819534445,0.034647959023277775,0.00649999996726822,0.006482675987756581
2016-07-05,0.979467876134354,0.979467876134354,0.9538027213022964,0.023098639348851924,0.005088588446009956,0.00507703912633553
2016-07-06,0.9863119174229027,0.9863119174229027,0.9692018142015311,0.01539909289923469,0.005108681540613734,0.005100981994164117
2016-07-07,0.8148721401482084,0.8148721401482084,0.979467876134354,0.010266061932822979,-0.015320043826053805,-0.015325176857020216
2016-07-08,0.7852138640502567,0.7852138640502567,0.9863119174229027,0.006844041288548652,0.009261029499347576,0.009257607478703302
2016-07-11,0.7669097071473441,0.7669097071473441,0.8148721401482084,0.17143977727469428,0.00043752480521473994,0.0003518049165773928
2016-07-12,0.6851408378851221,0.6851408378851221,0.7852138640502567,0.029658276097951686,-0.006458198687656408,-0.0064730278257053835
2016-07-13,0.7269997007510318,0.7269997007510318,0.7669097071473441,0.01830415690291265,0.007327458529075854,0.007318306450624397
2016-07-14,0.7248628057368869,0.7248628057368869,0.6851408378851221,0.08176886926222193,-0.0019577181346807746,-0.0019986025693118853
2016-07-15,0.711265535040573,0.711265535040573,0.7269997007510318,0.041858862865909674,0.0,-2.0929431432954838e-05
2016-07-18,0.7310262745905498,0.7310262745905498,0.7248628057368869,0.002136895014144935,0.0011687599853866832,0.0011676915378796106
2016-07-19,0.7014904659882395,0.7014904659882395,0.711265535040573,0.01359727069631389,-0.0029251617375912796,-0.0029319603729394367
2016-07-20,0.6641539090973777,0.6641539090973777,0.7310262745905498,0.019760739549976813,-0.0010497834068649195,-0.001059663776639908
2016-07-21,0.5567802396935457,0.5567802396935457,0.7014904659882395,0.02953580860231031,-0.003153265350829184,-0.003168033255130339
2016-07-22,0.6567415706663519,0.6567415706663519,0.6641539090973777,0.037336556890861794,0.008756237692704161,0.00873756941425873
2016-07-25,0.6732232153522693,0.6732232153522693,0.5567802396935457,0.10737366940383197,-0.0022826906385841196,-0.0023363774732860355
2016-07-26,0.5756478963822029,0.5756478963822029,0.6567415706663519,0.09996133097280613,-0.012460015048882004,-0.012509995714368408
2016-07-27,0.561062803601756,0.561062803601756,0.6732232153522693,0.016481644685917396,0.006264065500472859,0.0062558246781299
2016-07-28,0.5101766858624445,0.5101766858624445,0.5756478963822029,0.09757531897006633,-0.0047865055687587995,-0.004835293228243833
2016-07-29,0.5419559314737387,0.5419559314737387,0.561062803601756,0.014585092780446951,0.005624824065107799,0.005617531518717575
2016-08-01,0.48443310173763426,0.48443310173763426,0.5101766858624445,0.05088611773931151,-0.008378529658487371,-0.008403972717357027
2016-08-02,0.4118486993363541,0.4118486993363541,0.5419559314737387,0.03177924561129419,-0.004972121343028203,-0.004988010965833851
2016-08-03,0.35707449046888234,0.35707449046888234,0.48443310173763426,0.0575228297361044,-0.0008969723786261612,-0.0009257337934942135
2016-08-04,0.32339038214852,0.32339038214852,0.4118486993363541,0.07258440240128017,0.00022901237933345946,0.00019272017813281938
2016-08-05,0.2729889672001029,0.2729889672001029,0.35707449046888234,0.05477420886747175,-0.0019200325459527434,-0.0019474196503864792
2016-08-08,0.23762282331702078,0.23762282331702078,0.32339038214852,0.03368410832036234,-0.00030136347339598135,-0.0003182055275561625
2016-08-09,0.20516823902022993,0.20516823902022993,0.2729889672001029,0.0504014149484171,0.00035647192247014375,0.0003312712149959352
2016-08-10,0.1809563191825481,0.1809563191825481,0.23762282331702078,0.035366143883082124,0.0006642827425018919,0.0006465996705603508
2016-08-11,0.16488345263246287,0.16488345263246287,0.20516823902022993,0.03245458429679085,0.00019062706223261163,0.0001743997700842162
2016-08-12,0.1314008659116446,0.1314008659116446,0.1809563191825481,0.02421191983768184,-0.0007054953269865681,-0.000717601286905409
2016-08-15,0.08925335629648846,0.08925335629648846,0.16488345263246287,0.01607286655008522,-0.00012292342503780063,-0.00013095985831284323
2016-08-16,0.0634476712376715,0.0634476712376715,0.1314008659116446,0.033482586720818275,-0.0020834449621826624,-0.0021001862555430715
2016-08-17,0.05362906895640712,0.05362906895640712,0.08925335629648846,0.042147509615156134,0.0006936111606763645,0.0006725374058687865
2016-08-18,0.03915744634971393,0.03915744634971393,0.0634476712376715,0.02580568505881696,-0.00035800547376957663,-0.0003709083162989851
2016-08-19,0.01709225691324393,0.01709225691324393,0.05362906895640712,0.009818602281264383,-0.0004260412269789819,-0.00043095052811961405
2016-08-22,0.00024542396407884956,0.00024542396407884956,0.03915744634971393,0.014471622606693192,7.467308774646863e-05,6.743727644312203e-05
2016-08-23,-0.009181093130982533,-0.009181093130982533,0.01709225691324393,0.02206518943647,2.6020733431913128e-05,1.4988138713678128e-05
2016-08-24,-0.0171729046516539,-0.0171729046516539,0.00024542396407884956,0.01684683294916508,-4.6634543174947083e-07,-8.88976190633201e-06
2016-08-25,-0.02266140984358987,-0.02266140984358987,-0.009181093130982533,0.009426517095061383,-3.8450580104382106e-05,-4.3163838651912795e-05
2016-08-26,-0.05931387903555173,-0.05931387903555173,-0.0171729046516539,0.007991811520671367,0.00022136987905791147,0.0002173739732975758
2016-08-29,-0.06839937435231068,-0.06839937435231068,-0.02266140984358987,0.005488505191935968,-0.00018713779259471125,-0.00018988204519067924
2016-08-30,-0.10408650818285398,-0.10408650818285398,-0.05931387903555173,0.036652469191961856,0.0002598612731198546,0.00024153503852387368
2016-08-31,-0.11827905736340398,-0.11827905736340398,-0.06839937435231068,0.009085495316758951,-7.851734377777492e-05,-8.306009143615439e-05
2016-09-01,-0.1367134289155103,-0.1367134289155103,-0.10408650818285398,0.0356871338305433,-0.000457510046445461,-0.0004753536133607326
2016-09-02,-0.16050048611397524,-0.16050048611397524,-0.11827905736340398,0.014192549180550004,-0.0007200470799778253,-0.0007271433545681003
2016-09-06,-0.1391362724276191,-0.1391362724276191,-0.1367134289155103,0.018434371552106324,-0.0016288782212688182,-0.0016380954070448713
2016-09-07,-0.11403684744665729,-0.11403684744665729,-0.16050048611397524,0.02378705719846494,-0.0005997855980411227,-0.0006116791266403552
2016-09-08,-0.10428091442421392,-0.10428091442421392,-0.1391362724276191,0.02136421368635613,0.00028496857436220686,0.0002742864675190288
2016-09-09,-0.40285394294947596,-0.40285394294947596,-0.11403684744665729,0.02509942498096182,0.0037870463163807225,0.0037744966038902416
2016-09-12,-0.4377747699827783,-0.4377747699827783,-0.10428091442421392,0.009755933022443375,-0.0015093209976951214,-0.001514198964206343
2016-09-13,-0.6251831799885189,-0.6251831799885189,-0.40285394294947596,0.298573028525262,0.0085827792845231,0.008433492770260469
2016-09-14,-0.7400302765665654,-0.7400302765665654,-0.4377747699827783,0.03492082703330235,-0.0003403240897949992,-0.0003577845033116504
2016-09-15,-0.7146359970591325,-0.7146359970591325,-0.6251831799885189,0.1874084100057406,-0.005949370465080663,-0.006043074670083534
2016-09-16,-0.7156060383514999,-0.7156060383514999,-0.7400302765665654,0.11484709657804648,0.0014235295614909653,0.001366106013201942
2016-09-19,-0.8104040255676667,-0.8104040255676667,-0.7146359970591325,0.025394279507432893,0.00936714210861188,0.009354444968858164
2016-09-20,-0.8565382248379229,-0.8565382248379229,-0.7156060383514999,0.0009700412923674406,-0.000978796762647152,-0.0009792817832933356
2016-09-21,-0.7727375978333021,-0.7727375978333021,-0.8104040255676667,0.09479798721616672,-0.009483861200268243,-0.009531260193876326
2016-09-22,-0.6512030770159435,-0.6512030770159435,-0.8565382248379229,0.04613419927025619,-0.00792621195929105,-0.007949279058926178
2016-09-23,-0.5186542343600374,-0.5186542343600374,-0.7727375978333021,0.08380062700462076,-0.0031000082596105974,-0.003141908573112908
2016-09-26,-0.4718563335093581,-0.4718563335093581,-0.6512030770159435,0.1215345208173586,0.005079964447827263,0.005019197187418584
2016-09-27,-0.3689789140125792,-0.3689789140125792,-0.5186542343600374,0.13254884265590605,-0.003381485233651827,-0.00344775965497978
2016-09-28,-0.35486234939722294,-0.35486234939722294,-0.4718563335093581,0.046797900850679364,0.003865438273521774,0.0038420393230964344
2016-09-29,-0.32558168995677694,-0.32558168995677694,-0.3689789140125792,0.10287741949677887,-0.00042517595020718027,-0.00047661465995556967
2016-09-30,-0.3286365558340275,-0.3286365558340275,-0.35486234939722294,0.014116564615356264,0.0009532164562055495,0.0009461581738978714
2016-10-03,-0.31679225062314453,-0.31679225062314453,-0.32558168995677694,0.029280659440446,0.0006262921599424165,0.0006116518302221935
2016-10-04,-0.5150692863813084,-0.5150692863813084,-0.3286365558340275,0.0030548658772505677,0.003927478974695574,0.003925951541756949
2016-10-05,-0.676712857587539,-0.676712857587539,-0.31679225062314453,0.011844305210882977,0.0025752214421391486,0.002569299289533707
2016-10-06,-0.7844752383916926,-0.7844752383916926,-0.5150692863813084,0.1982770357581639,0.00010255517520127245,3.416657322190489e-06
2016-10-07,-0.8563168255944618,-0.8563168255944618,-0.676712857587539,0.16164357120623052,0.004577591175196195,0.0044967693895930794
2016-10-10,-0.7665084230015161,-0.7665084230015161,-0.7844752383916926,0.10776238080415368,-0.004242912922368558,-0.0042967941127706345
2016-10-11,-0.8443389486676776,-0.8443389486676776,-0.8563168255944618,0.07184158720276912,0.004947884956229444,0.00491196416262806
2016-10-12,-0.7167477337717081,-0.7167477337717081,-0.7665084230015161,0.08980840259294565,-0.006144472224455378,-0.00618937642575185
2016-10-13,-0.6323826335246105,-0.6323826335246105,-0.8443389486676776,0.07783052566616144,0.00016790714616186556,0.00012899188332878483
2016-10-14,-0.580421470906325,-0.580421470906325,-0.7167477337717081,0.12759121489596947,0.00014283861445744836,7.904300700946362e-05
2016-10-17,-0.5135034347826049,-0.5135034347826049,-0.6323826335246105,0.08436510024709754,-0.0018868630770561287,-0.0019290456271796774
2016-10-18,-0.46455966132455906,-0.46455966132455906,-0.580421470906325,0.05196116261828554,0.0018416132460260183,0.0018156326647168755
2016-10-19,-0.3847944979805734,-0.3847944979805734,-0.5135034347826049,0.06691803612372016,-0.0011235556513566553,-0.0011570146694185155
2016-10-20,-0.5898629986537156,-0.5898629986537156,-0.46455966132455906,0.04894377345804579,0.011434047284386484,0.01140957539765746
2016-10-21,-0.7265753324358104,-0.7265753324358104,-0.3847944979805734,0.07976516334398565,0.007360859833241464,0.007320977251569471
2016-10-24,-0.8145235480369306,-0.8145235480369306,-0.5898629986537156,0.2050685006731422,-0.00012245170770287857,-0.00022498595803944967
2016-10-25,-0.8763490320246206,-0.8763490320246206,-0.7265753324358104,0.1367123337820948,0.005576131908778344,0.005507775741887297
2016-10-26,-0.9175660213497472,-0.9175660213497472,-0.8145235480369306,0.0879482156011202,0.003575515019796943,0.003531540911996383
2016-10-27,-0.7709313765861533,-0.7709313765861533,-0.8763490320246206,0.061825483987689944,-0.016742889240123727,-0.016773801982117573
2016-10-28,-0.721175767467277,-0.721175767467277,-0.9175660213497472,0.04121698932512663,0.006237926932523768,0.006217318437861204
2016-10-31,-0.7059685444150374,-0.7059685444150374,-0.7709313765861533,0.1466346447635939,0.001759148475739018,0.001685831153357221
2016-11-01,-0.7956706376452203,-0.7956706376452203,-0.721175767467277,0.04975560911887633,0.006596734593820806,0.006571856789261367
2016-11-02,-0.8637804250968135,-0.8637804250968135,-0.7059685444150374,0.015207223052239538,0.010665014428468816,0.010657410816942697
2016-11-03,-0.9091869500645424,-0.9091869500645424,-0.7956706376452203,0.08970209323018286,0.001186720663722844,0.0011418696171077527
2016-11-04,-0.8731864444163577,-0.8731864444163577,-0.8637804250968135,0.06810978745159324,-0.0038700913495117654,-0.003904146243237562
2016-11-07,-0.7702124666643932,-0.7702124666643932,-0.9091869500645424,0.0454065249677289,-0.007338234684377613,-0.007360937946861477
2016-11-08,-0.668736725916016,-0.668736725916016,-0.8731864444163577,0.03600050564818469,-0.0034959465674855895,-0.0035139468203096817
2016-11-09,-0.5752178816544606,-0.5752178816544606,-0.7702124666643932,0.10297397775196448,-0.00339437970608821,-0.003445866694964192
2016-11-10,-0.7168119211029738,-0.7168119211029738,-0.668736725916016,0.10147574074837729,0.016348250329498538,0.01629751245912435
2016-11-11,-0.8112079474019825,-0.8112079474019825,-0.5752178816544606,0.09351884426155532,-0.0,-4.6759422130777664e-05
2016-11-14,-0.8741386316013218,-0.8741386316013218,-0.7168119211029738,0.14159403944851312,0.007829806080177084,0.0077590090604528275
2016-11-15,-0.7329188670596388,-0.7329188670596388,-0.8112079474019825,0.09439602629900878,-0.02090398237209436,-0.020951180385243864
2016-11-16,-0.582950145153257,-0.582950145153257,-0.8741386316013218,0.06293068419933923,-0.010334039920901334,-0.010365505263001003
2016-11-17,-0.4901626033535963,-0.4901626033535963,-0.7329188670596388,0.14121976454168295,0.0013763148884429963,0.0013057050061721547
2016-11-18,-0.41073487373353185,-0.41073487373353185,-0.582950145153257,0.14996872190638177,-0.0028023985703993816,-0.0028773829313525727
2016-11-21,-0.34117448257142796,-0.34117448257142796,-0.4901626033535963,0.09278754179966076,-0.0024471989966095655,-0.002493592767509396
2016-11-22,-0.22920781943540622,-0.22920781943540622,-0.41073487373353185,0.07942772962006445,-0.010032644434068667,-0.0100723582988787
2016-11-23,-0.11193231450202551,-0.11193231450202551,-0.34117448257142796,0.06956039116210389,-0.005101317004421826,-0.005136097200002878
2016-11-25,-0.02891445945951114,-0.02891445945951114,-0.22920781943540622,0.11196666313602174,-0.0020077606407986975,-0.0020637439723667082
2016-11-28,0.04646820003562989,0.04646820003562989,-0.11193231450202551,0.11727550493338071,-0.0009941251242307886,-0.001052762876697479
2016-11-29,0.0745114088790747,0.0745114088790747,-0.02891445945951114,0.08301785504251437,9.050407946153596e-05,4.899515194027877e-05
2016-11-30,0.06471992259056489,0.06471992259056489,0.04646820003562989,0.07538265949514103,-0.0009665648643582642,-0.0010042561941058347
2016-12-01,0.05906687740129143,0.05906687740129143,0.0745114088790747,0.028043208843444814,-4.480885963403182e-05,-5.883046405575422e-05
2016-12-02,0.07960233578909975,0.07960233578909975,0.06471992259056489,0.009791486288509815,-7.786281440814781e-05,-8.275855755240272e-05
2016-12-05,0.09522349951579648,0.09522349951579648,0.05906687740129143,0.00565304518927346,-7.114355181550848e-05,-7.397007441014521e-05
2016-12-06,0.15198604239691943,0.15198604239691943,0.07960233578909975,0.020535458387808327,0.0009760098703151797,0.0009657421411212756
2016-12-07,0.30465404376536637,0.30465404376536637,0.09522349951579648,0.015621163726696724,0.0019287012807768084,0.00192089069891346
2016-12-08,0.3629565134361712,0.3629565134361712,0.15198604239691943,0.05676254288112295,-0.0007394951857837775,-0.000767876457224339
2016-12-09,0.46012978359214307,0.46012978359214307,0.30465404376536637,0.15266800136844694,0.0021449713866994744,0.002068637386015251
2016-12-12,0.582374487399014,0.582374487399014,0.3629565134361712,0.058302469670804824,0.0019033434771627484,0.001874192242327346
2016-12-13,0.7215829915993427,0.7215829915993427,0.46012978359214307,0.09717327015597188,0.005333705648257058,0.005285119013179072
2016-12-14,0.6431420824104781,0.6431420824104781,0.582374487399014,0.12224470380687091,-0.00811945393404305,-0.008180576285946485
2016-12-15,0.6214570806140021,0.6214570806140021,0.7215829915993427,0.1392085042003287,0.0025155723211722223,0.0024459680690720577
2016-12-16,0.7182389846163861,0.7182389846163861,0.6431420824104781,0.0784409091888646,0.005710178335015511,0.005670957880421079
2016-12-19,0.8121593230775908,0.8121593230775908,0.6214570806140021,0.021685001796476033,0.00760938434258127,0.007598541841683032
2016-12-20,0.8747728820517273,0.8747728820517273,0.7182389846163861,0.09678190400238407,0.002850562693806792,0.0028021717418056
2016-12-21,0.8630882229731133,0.8630882229731133,0.8121593230775908,0.09392033846120462,-0.00229346438620649,-0.002340424555437092
2016-12-22,0.9087254819820756,0.9087254819820756,0.8747728820517273,0.06261355897413656,0.011230092898711772,0.011198786119224704
2016-12-23,0.9391503213213839,0.9391503213213839,0.8630882229731133,0.011684659078614046,0.0004822876925462663,0.00047644536300695927
2016-12-27,0.9457347018482507,0.9457347018482507,0.9087254819820756,0.045637259008962316,-0.0006770025707995478,-0.000699821200304029
2016-12-28,0.8875294762950543,0.8875294762950543,0.9391503213213839,0.030424839339308285,-0.0035015194394588667,-0.003516731859128521
2016-12-29,0.9250196508633697,0.9250196508633697,0.9457347018482507,0.006584380526866829,0.005308953674798879,0.005305661484535445
2016-12-30,0.8188474650235793,0.8188474650235793,0.8875294762950543,0.058205225553196405,-0.00594548545774431,-0.005974588070520908
2017-01-03,0.879231643349053,0.879231643349053,0.9250196508633697,0.03749017456831538,0.020794862727338135,0.02077611764005398
2017-01-04,0.9020855178552938,0.9020855178552938,0.8188474650235793,0.10617218583979038,-0.0009001209859597685,-0.0009532070788796637
2017-01-05,0.934723678570196,0.934723678570196,0.879231643349053,0.060384178325473714,0.0019351242093206945,0.0019049321201579576
2017-01-06,0.812627564860441,0.812627564860441,0.9020855178552938,0.022853874506240768,-0.013382364918855286,-0.013393791856108407
2017-01-09,0.6662418891149281,0.6662418891149281,0.934723678570196,0.03263816071490222,-0.010179222708772882,-0.010195541789130333
2017-01-10,0.5760726142701249,0.5760726142701249,0.812627564860441,0.12209611370975504,0.0012343571818820512,0.0011733091250271737
2017-01-11,0.4924919986407019,0.4924919986407019,0.6662418891149281,0.14638567574551287,-0.0037882416874020263,-0.003861434525274783
2017-01-12,0.4556766547538148,0.4556766547538148,0.5760726142701249,0.0901692748448032,0.002415565287173514,0.002370480649751112
2017-01-13,0.41740124093829745,0.41740124093829745,0.4924919986407019,0.08358061562942298,-0.0012151532065841262,-0.0012569435143988377
2017-01-17,0.4063475520371202,0.4063475520371202,0.4556766547538148,0.03681534388688712,0.0016474456872134348,0.0016290380152699912
2017-01-18,0.308828740654616,0.308828740654616,0.41740124093829745,0.038275413815517356,-0.003878018857355063,-0.0038971565642628215
2017-01-19,0.25713713784221615,0.25713713784221615,0.4063475520371202,0.01105368890117725,0.0008555759985281279,0.0008500491540775393
2017-01-20,0.25778528648251364,0.25778528648251364,0.308828740654616,0.09751881138250418,0.002123349063900178,0.002074589658208926
2017-01-23,0.21042138736715238,0.21042138736715238,0.25713713784221615,0.05169160281239987,-0.0015120199103068027,-0.0015378657117130026
2017-01-24,0.15796087620274069,0.15796087620274069,0.25778528648251364,0.0006481486402974967,-0.011263597442445279,-0.011263921516765427
2017-01-25,0.10823423722167388,0.10823423722167388,0.21042138736715238,0.04736389911536126,-0.001469482645921152,-0.0014931645954788326
2017-01-26,0.0469870915176368,0.0469870915176368,0.15796087620274069,0.052460511164411694,-0.0020630131348344048,-0.0020892433904166107
2017-01-27,0.026863332013919675,0.026863332013919675,0.10823423722167388,0.0497266389810668,0.0010577011030905353,0.001032837783600002
2017-01-30,0.00315861469641799,0.00315861469641799,0.0469870915176368,0.06124714570403708,-0.0002178999910029604,-0.00024852356385497894
2017-01-31,-0.028687620422785547,-0.028687620422785547,0.026863332013919675,0.02012375950371713,-0.00019588456481266472,-0.00020594644456452328
2017-02-01,-0.0802523734587784,-0.0802523734587784,0.00315861469641799,0.023704717317501685,-3.995653501881582e-05,-5.180889367756666e-05
2017-02-02,-0.11935452074667623,-0.11935452074667623,-0.028687620422785547,0.031846235119203536,6.521319983677235e-05,4.9290082277170575e-05
2017-02-03,-0.12969158561778849,-0.12969158561778849,-0.0802523734587784,0.05156475303599286,-0.0004986666701431836,-0.00052444904666118
2017-02-06,-0.16551241128819202,-0.16551241128819202,-0.11935452074667623,0.03910214728789782,0.0013513039268232075,0.0013317528531792586
2017-02-07,-0.12985434633059376,-0.12985434633059376,-0.12969158561778849,0.010337064871112259,-2.6974214995041355e-05,-3.214274743059748e-05
2017-02-08,-0.10758085110488619,-0.10758085110488619,-0.16551241128819202,0.03582082567040354,-0.0011369501879097228,-0.0011548606007449245
2017-02-09,-0.08367583383429739,-0.08367583383429739,-0.12985434633059376,0.03565806495759827,-0.001181211737261548,-0.0011990407697403472
2017-02-10,-0.07582875914622245,-0.07582875914622245,-0.10758085110488619,0.022273495225707568,-0.00037473396634187266,-0.00038587071395472647
2017-02-13,-0.11545264245978809,-0.11545264245978809,-0.08367583383429739,0.023905017270588802,0.0007346171742910334,0.000722664665655739
2017-02-14,-0.16760321434663225,-0.16760321434663225,-0.07582875914622245,0.00784707468807494,0.00043731941101589475,0.0004333958736718573
2017-02-15,-0.24113865895435524,-0.24113865895435524,-0.11545264245978809,0.039623883313565644,0.00045444669288091823,0.0004346347512241354
2017-02-16,-0.27023449279860134,-0.27023449279860134,-0.16760321434663225,0.05215057188684416,-0.0013246595038833816,-0.0013507347898268037
2017-02-17,-0.2484578408653595,-0.2484578408653595,-0.24113865895435524,0.07353544460772299,-0.0036324935009966726,-0.003669261223300534
2017-02-21,-0.20301645793505738,-0.20301645793505738,-0.27023449279860134,0.029095833844246105,-0.0013185405815894131,-0.0013330884985115362
2017-02-22,-0.16295435761415383,-0.16295435761415383,-0.2484578408653595,0.021776651933241853,-0.0012063202989651455,-0.0012172086249317665
2017-02-23,-0.12170110054155073,-0.12170110054155073,-0.20301645793505738,0.045441382930302116,-0.002615907074568958,-0.002638627766034109
2017-02-24,-0.08747988197643015,-0.08747988197643015,-0.16295435761415383,0.04006210032090354,-0.0009393107895909797,-0.0009593418397514314
2017-02-27,-0.0944482424711494,-0.0944482424711494,-0.12170110054155073,0.041253257072603106,0.0015874049240479043,0.0015667782955116028
2017-02-28,-0.1154365669467933,-0.1154365669467933,-0.08747988197643015,0.03422121856512057,0.0005430461533270241,0.0005259355440444638
2017-03-01,-0.11458707103889028,-0.11458707103889028,-0.0944482424711494,0.006968360494719245,-0.00034254623569631077,-0.0003460304159436704
2017-03-02,-0.10320132191492597,-0.10320132191492597,-0.1154365669467933,0.020988324475643902,-0.00039398787743158404,-0.000404482039669406
2017-03-03,-0.09083111417333056,-0.09083111417333056,-0.11458707103889028,0.0008494959079030223,-0.0002522021316407355,-0.000252626879594687
2017-03-06,-0.0765407755578425,-0.0765407755578425,-0.10320132191492597,0.011385749123964312,0.00012363578650528896,0.0001179429119433068
2017-03-07,-0.10731579110638356,-0.10731579110638356,-0.09083111417333056,0.012370207741595404,0.001071185682129769,0.0010650005782589713
2017-03-08,-0.14974568338683775,-0.14974568338683775,-0.0765407755578425,0.014290338615488063,0.000433444842412513,0.00042629967310476896
2017-03-09,-0.14258957132234468,-0.14258957132234468,-0.10731579110638356,0.030775015548541063,-0.00026195234137325077,-0.0002773398491475213
2017-03-10,-0.12643324089199462,-0.12643324089199462,-0.14974568338683775,0.042429892280454184,-0.0002127000813055315,-0.0002339150274457586
2017-03-13,-0.09623111376180746,-0.09623111376180746,-0.14258957132234468,0.00715611206449307,-0.0003467138413382856,-0.00035029189737053213
2017-03-14,-0.07586342167909521,-0.07586342167909521,-0.12643324089199462,0.016156330430350058,0.0002811521125090982,0.00027307394729392313
2017-03-15,-0.06548608892069652,-0.06548608892069652,-0.09623111376180746,0.030202127130187162,-0.001520695201487576,-0.0015357962650526696
2017-03-16,-0.06128210421798452,-0.06128210421798452,-0.07586342167909521,0.020367692082712247,0.00015130108060879149,0.00014111723456743537
2017-03-17,-0.05253587131630719,-0.05253587131630719,-0.06548608892069652,0.010377332758398694,-0.000458033963715944,-0.0004632226300951434
2017-03-20,-0.05094257848151985,-0.05094257848151985,-0.06128210421798452,0.004203984702711994,0.0001824519539295656,0.0001803499615782096
2017-03-21,-0.04266372359469894,-0.04266372359469894,-0.05253587131630719,0.008746232901677337,8.36226365965304e-05,7.924952014569174e-05
2017-03-22,-0.05330603202699089,-0.05330603202699089,-0.05094257848151985,0.0015932928347873396,0.0004570499826207324,0.0004562533362033387
2017-03-23,-0.06335225666700266,-0.06335225666700266,-0.04266372359469894,0.00827885488682091,6.0064781527823386e-05,5.592535408441293e-05
2017-03-24,-0.06845267633446739,-0.06845267633446739,-0.05330603202699089,0.010642308432291955,-4.295075469157482e-05,-4.8271908907720794e-05
2017-03-27,-0.11896985473051928,-0.11896985473051928,-0.06335225666700266,0.010046224640011765,0.000688606878845135,0.0006835837665251292
2017-03-28,-0.1409949439132402,-0.1409949439132402,-0.06845267633446739,0.005100419667464731,-0.0002228870596937293,-0.00022543726952746167
2017-03-29,-0.11952013474200575,-0.11952013474200575,-0.11896985473051928,0.050517178396051896,0.0004102397881049902,0.00038498119890696426
2017-03-30,-0.11571235520793549,-0.11571235520793549,-0.1409949439132402,0.022025089182720906,0.00020088190935380022,0.00018986936476243977
2017-03-31,-0.1124703427704725,-0.1124703427704725,-0.11952013474200575,0.02147480917123444,0.0007552420456125558,0.0007445046410269386
2017-04-03,-0.1048929891749194,-0.1048929891749194,-0.11571235520793549,0.0038077795340702575,-0.001020623644507475,-0.0010225275342745101
2017-04-04,-0.09277140022986996,-0.09277140022986996,-0.1124703427704725,0.003242012437462985,-0.0002973193713820398,-0.00029894037760077127
2017-04-05,-0.09482553785553152,-0.09482553785553152,-0.1048929891749194,0.007577353595553102,0.0006168784672071003,0.0006130897904093238
2017-04-06,-0.09706384483391994,-0.09706384483391994,-0.09277140022986996,0.012121588945049444,2.2969755251214707e-05,1.6908960778689986e-05
2017-04-07,-0.09032084951258569,-0.09032084951258569,-0.09482553785553152,0.0020541376256615618,-0.00045029865137576096,-0.00045132572018859174
2017-04-10,-0.0743203702128448,-0.0743203702128448,-0.09706384483391994,0.0022383069783884213,0.0002393559245663476,0.0002382367710771534
2017-04-11,-0.059126494741335134,-0.059126494741335134,-0.09032084951258569,0.0067429953213342525,-0.0002977066776748861,-0.00030107817533555324
2017-04-12,-0.045283643376082636,-0.045283643376082636,-0.0743203702128448,0.016000479299740897,-0.0003357447842572471,-0.00034374502390711756
2017-04-13,-0.048375831610572025,-0.048375831610572025,-0.059126494741335134,0.01519387547150966,0.0003625626261048688,0.000354965688369114
2017-04-17,-0.03987456787641542,-0.03987456787641542,-0.045283643376082636,0.013842851365252498,-0.00017694711531437187,-0.00018386854099699813
2017-04-18,-0.028401016069467207,-0.028401016069467207,-0.048375831610572025,0.003092188234489389,-0.0004063535777049222,-0.0004078996718221669
2017-04-19,-0.015608648969154907,-0.015608648969154907,-0.03987456787641542,0.008501263734156606,0.00022683553494941551,0.00022258490308233722
2017-04-20,-0.03284962552422968,-0.03284962552422968,-0.028401016069467207,0.011473551806948212,0.00030757164923234093,0.0003018348733288668
2017-04-21,-0.35523308368281975,-0.35523308368281975,-0.015608648969154907,0.0127923671003123,0.00037401593515023834,0.0003676197516000822
2017-04-24,-0.5701553891218798,-0.5701553891218798,-0.03284962552422968,0.017240976555074776,0.0001390534662178373,0.0001304329779402999
2017-04-25,-0.7134369260812532,-0.7134369260812532,-0.35523308368281975,0.32238345815859004,0.0026424151500905914,0.0024812234210112964
2017-04-26,-0.6177711129096819,-0.6177711129096819,-0.5701553891218798,0.21492230543906005,-0.00805789541321507,-0.0081653565659346
2017-04-27,-0.745180741939788,-0.745180741939788,-0.7134369260812532,0.1432815369593734,0.01039438327926844,0.010322742510788753
2017-04-28,-0.8301204946265254,-0.8301204946265254,-0.6177711129096819,0.0956658131715713,0.010059910765721259,0.010012077859135474
2017-05-01,-0.8867469964176837,-0.8867469964176837,-0.745180741939788,0.1274096290301061,0.0004871069758914378,0.00042340216137638477
2017-05-02,-0.9139485990575387,-0.9139485990575387,-0.8301204946265254,0.08493975268673737,-0.000542985013941477,-0.0005854548902848457
2017-05-03,-0.8639926858302445,-0.8639926858302445,-0.8867469964176837,0.05662650179115836,-0.004635516935412779,-0.0046638301863083575
2017-05-04,-0.909328457220163,-0.909328457220163,-0.9139485990575387,0.027201602639854938,0.005347188564666423,0.005333587763346495
2017-05-05,-0.745740421164472,-0.745740421164472,-0.8639926858302445,0.0499559132272942,-0.01525345323066488,-0.015278431187278526
2017-05-08,-0.647293527961252,-0.647293527961252,-0.909328457220163,0.04533577138991851,0.001168276536346495,0.0011456086506515357
2017-05-09,-0.6193039083383545,-0.6193039083383545,-0.745740421164472,0.16358803605569094,0.0033586114200518185,0.003276817402023973
2017-05-10,-0.5970130064681869,-0.5970130064681869,-0.647293527961252,0.09844689320322009,0.0005577129401216455,0.0005084894935200355
2017-05-11,-0.6748406071083843,-0.6748406071083843,-0.6193039083383545,0.027989619622897477,0.0048071035514176165,0.004793108741606168
2017-05-12,-0.7832270714055896,-0.7832270714055896,-0.5970130064681869,0.02229090187016758,0.0023351039393899368,0.002323958488454853
2017-05-15,-0.8554847142703932,-0.8554847142703932,-0.6748406071083843,0.07782760064019745,0.00677192710663922,0.006733013306319121
2017-05-16,-0.9036564761802621,-0.9036564761802621,-0.7832270714055896,0.10838646429720522,0.001208147370416259,0.0011539541382676564
2017-05-17,-0.9357709841201749,-0.9357709841201749,-0.8554847142703932,0.07225764286480363,0.015670911158313542,0.01563478233688114
2017-05-18,-0.8307295321802006,-0.8307295321802006,-0.9036564761802621,0.04817176190986894,-0.011376934252542971,-0.011401020133497905
2017-05-19,-0.6844251889330857,-0.6844251889330857,-0.9357709841201749,0.03211450793991277,-0.00789478005239584,-0.007910837306365796
2017-05-22,-0.5767785671573534,-0.5767785671573534,-0.8307295321802006,0.10504145193997427,-0.001097542432533055,-0.001150063158503042
2017-05-23,-0.5072369146775809,-0.5072369146775809,-0.6844251889330857,0.14630434324711494,-0.0,-7.315217162355747e-05
2017-05-24,-0.5315230956435075,-0.5315230956435075,-0.5767785671573534,0.10764662177573225,0.005580029191520916,0.005526205880633049
2017-05-25,-0.5056976657873995,-0.5056976657873995,-0.5072369146775809,0.06954165247977251,-0.0030406939432405388,-0.003075464769480425
2017-05-26,-0.4870523373286244,-0.4870523373286244,-0.5315230956435075,0.024286180965926607,-0.00011732363900382865,-0.00012946672948679195
2017-05-30,-0.3883752771725021,-0.3883752771725021,-0.5056976657873995,0.02582542985610803,-0.00981940225740634,-0.009832314972334395
2017-05-31,-0.2886026533140532,-0.2886026533140532,-0.4870523373286244,0.01864532845877509,-0.004638441178683165,-0.004647763842912552
2017-06-01,-0.21915589761919718,-0.21915589761919718,-0.3883752771725021,0.09867706015612232,0.0010825331000655018,0.0010331945699874406
2017-06-02,-0.1744512720254579,-0.1744512720254579,-0.2886026533140532,0.09977262385844887,0.0004343413824640759,0.00038445507053485147
2017-06-05,-0.14740567731331733,-0.14740567731331733,-0.21915589761919718,0.06944675569485603,0.00033030759131433155,0.00029558421346690354
2017-06-06,-0.12578540983353398,-0.12578540983353398,-0.1744512720254579,0.04470462559373928,-0.00026332651248471583,-0.00028567882528158546
2017-06-07,-0.1082794030272273,-0.1082794030272273,-0.14740567731331733,0.027045594712140575,-0.00019051193443430574,-0.00020403473179037604
2017-06-08,-0.1077548422240896,-0.1077548422240896,-0.12578540983353398,0.02162026747978335,0.0008386203123776627,0.000827810178637771
2017-06-09,-0.08656997217810797,-0.08656997217810797,-0.1082794030272273,0.01750600680630668,-0.0012424443117967825,-0.001251197315199936
2017-06-12,-0.05222393800878506,-0.05222393800878506,-0.1077548422240896,0.0005245608031377025,-0.0010840114114624797,-0.0010842736918640487
2017-06-13,-0.06021752745596704,-0.06021752745596704,-0.08656997217810797,0.02118487004598163,0.0013391755094606399,0.0013285830744376491
2017-06-14,-0.05108421824081452,-0.05108421824081452,-0.05222393800878506,0.03434603416932291,-0.0002585223792967475,-0.000275695396381409
2017-06-15,-0.04053179573182863,-0.04053179573182863,-0.06021752745596704,0.007993589447181981,6.449100339016323e-05,6.049420866657224e-05
2017-06-16,-0.03401070393725892,-0.03401070393725892,-0.05108421824081452,0.00913330921515252,1.093357493912334e-05,6.36692033154708e-06
2017-06-19,-0.03232093574106855,-0.03232093574106855,-0.04053179573182863,0.010552422508985894,5.21601773897463e-05,4.6883966135253354e-05
2017-06-20,-0.07543289178845612,-0.07543289178845612,-0.03401070393725892,0.006521091794569708,0.0004601076944303471,0.0004568471485330623
2017-06-21,-0.16521671539314273,-0.16521671539314273,-0.03232093574106855,0.0016897681961903707,0.0003728669895960088,0.0003720221054979136
2017-06-22,-0.2226994771622789,-0.2226994771622789,-0.07543289178845612,0.04311195604738757,-1.6587482148828294e-05,-3.814346017252208e-05
2017-06-23,-0.2474653308110129,-0.2474653308110129,-0.16521671539314273,0.0897838236046866,0.0001091289421386512,6.423703033630789e-05
2017-06-26,-0.22054509219639085,-0.22054509219639085,-0.2226994771622789,0.057482761769136165,-0.0017662431952530223,-0.0017949845761375904
2017-06-27,-0.3523142477686845,-0.3523142477686845,-0.2474653308110129,0.024765853648734015,0.004922163001902372,0.0049097800750780045
2017-06-28,-0.4353587016562847,-0.4353587016562847,-0.22054509219639085,0.02692023861462206,-0.0,-1.346011930731103e-05
2017-06-29,-0.6235724677708565,-0.6235724677708565,-0.3523142477686845,0.13176915557229363,0.0033785219096449893,0.0033126373318588427
2017-06-30,-0.6571646698095753,-0.6571646698095753,-0.4353587016562847,0.08304445388760023,-0.002450713581155831,-0.0024922358080996312
2017-07-03,-0.6060305180010991,-0.6060305180010991,-0.6235724677708565,0.1882137661145718,-0.004747360140754988,-0.0048414670238122745
2017-07-05,-0.6500792757703544,-0.6500792757703544,-0.6571646698095753,0.03359220203871882,0.005111311254350767,0.005094515153331408
2017-07-06,-0.7667195171802363,-0.7667195171802363,-0.6060305180010991,0.05113415180847625,0.007590434956127937,0.007564867880223699
2017-07-07,-0.8444796781201576,-0.8444796781201576,-0.6500792757703544,0.04404875776925532,0.0005977115149650137,0.000575687136080386
2017-07-10,-0.8963197854134384,-0.8963197854134384,-0.7667195171802363,0.11664024140988194,0.004937417280897148,0.004879097160192207
2017-07-11,-0.9308798569422922,-0.9308798569422922,-0.8444796781201576,0.07776016093992122,0.006059898720850932,0.006021018640380972
2017-07-12,-0.8258648280237462,-0.8258648280237462,-0.8963197854134384,0.05184010729328081,-0.006896659689805362,-0.006922579743452003
2017-07-13,-0.6972046051609855,-0.6972046051609855,-0.9308798569422922,0.034560071528853875,-0.005815172654168046,-0.005832452689932472
2017-07-14,-0.5776739834360912,-0.5776739834360912,-0.8258648280237462,0.10501502891854608,-0.0013292968323008498,-0.0013818043467601227
2017-07-17,-0.45387906032189523,-0.45387906032189523,-0.6972046051609855,0.1286602228627607,-0.0016004564396053984,-0.0016647865510367788
2017-07-18,-0.42318438550475446,-0.42318438550475446,-0.5776739834360912,0.11953062172489426,0.003969222255428779,0.003909456944566333
2017-07-19,-0.3787711764917492,-0.3787711764917492,-0.45387906032189523,0.12379492311419599,-0.0009420921981777595,-0.0010039896597348575
2017-07-20,-0.28094835809374824,-0.28094835809374824,-0.42318438550475446,0.030694674817140777,-0.007499514393515597,-0.007514861730924168
2017-07-21,-0.2127175457152465,-0.2127175457152465,-0.3787711764917492,0.04441320901300527,-8.546620830442902e-05,-0.00010767281281093165
2017-07-24,-0.22798159313197405,-0.22798159313197405,-0.28094835809374824,0.09782281839800094,0.003302939824747821,0.0032540284155488206
2017-07-25,-0.2032340443356038,-0.2032340443356038,-0.2127175457152465,0.06823081237850173,-0.0013139878112824039,-0.0013481032174716546
2017-07-26,-0.15410405714473924,-0.15410405714473924,-0.22798159313197405,0.015264047416727544,-0.002177086099880721,-0.0021847181235890847
2017-07-27,0.23059729523684047,0.23059729523684047,-0.2032340443356038,0.024747548796370256,-0.015608763585954958,-0.015621137360353143
2017-07-28,0.487064863491227,0.487064863491227,-0.15410405714473924,0.04912998719086456,-0.000419039562287392,-0.00044360455588282426
2017-07-31,0.6580432423274847,0.6580432423274847,0.23059729523684047,0.3847013523815797,0.002212595453755182,0.002020244777564392
2017-08-01,0.7720288282183232,0.7720288282183232,0.487064863491227,0.25646756825438655,0.004931142578736426,0.004802908794609233
2017-08-02,0.7503122042475541,0.7503122042475541,0.6580432423274847,0.17097837883625766,-0.009152722242554251,-0.00923821143197238
2017-08-03,0.7902739612665384,0.7902739612665384,0.7720288282183232,0.11398558589083851,0.006405929615139542,0.006348936822194123
2017-08-04,0.8601826408443589,0.8601826408443589,0.7503122042475541,0.021716623970769122,0.004630395558302586,0.004619537246317202
2017-08-07,0.8985142310167047,0.8985142310167047,0.7902739612665384,0.0399617570189843,-0.000807707025802397,-0.0008276879043118891
2017-08-08,0.8842944010723502,0.8842944010723502,0.8601826408443589,0.06990867957782054,-0.00457748344341801,-0.00461243778320692
2017-08-09,0.8244272736891995,0.8244272736891995,0.8985142310167047,0.038331590172345775,-0.007025697053169522,-0.007044862848255695
2017-08-10,0.623860301576171,0.623860301576171,0.8842944010723502,0.014219829944354445,-0.0036676245366643483,-0.0036747344516365257
2017-08-11,0.49781745400974425,0.49781745400974425,0.8244272736891995,0.0598671273831507,0.0006867666109903816,0.0006568330472988063
2017-08-14,0.6053752656397889,0.6053752656397889,0.623860301576171,0.20056697211302854,0.009346346771510125,0.009246063285453611
2017-08-15,0.5712423678496428,0.5712423678496428,0.49781745400974425,0.12604284756642675,-0.0030616933748228085,-0.003124714798606022
2017-08-16,0.49829146719630246,0.49829146719630246,0.6053752656397889,0.10755781163004469,-0.0008739901469721628,-0.0009277690527871852
2017-08-17,0.37959032595434977,0.37959032595434977,0.5712423678496428,0.034132897790146166,-0.0061359826686865,-0.006153049117581574
2017-08-18,0.27981744716788637,0.27981744716788637,0.49829146719630246,0.07295090065334031,-0.0020810087431552926,-0.002117484193481963
2017-08-21,0.27216106116913075,0.27216106116913075,0.37959032595434977,0.11870114124195269,0.0035817673421628263,0.00352241677154185
2017-08-22,0.3046843992900655,0.3046843992900655,0.27981744716788637,0.0997728787864634,0.001220580961796773,0.0011706945224035413
2017-08-23,0.30595443745941686,0.30595443745941686,0.27216106116913075,0.0076563859987556215,-0.00039394475037245587,-0.0003977729433718337
2017-08-24,0.30922305698474706,0.30922305698474706,0.3046843992900655,0.032523338120934775,0.0001892381385216716,0.0001729764694612042
2017-08-25,0.4233824730472641,0.4233824730472641,0.30595443745941686,0.0012700381693513396,0.0023432836221691554,0.0023426486030844796
2017-08-28,0.4282063087776925,0.4282063087776925,0.30922305698474706,0.0032686195253301964,-0.00044455660567926974,-0.00044619091544193483
2017-08-29,0.38693877212510297,0.38693877212510297,0.4233824730472641,0.11415941606251706,-0.000871110874218643,-0.0009281905822499016
2017-08-30,0.30580931534211786,0.30580931534211786,0.4282063087776925,0.004823835730428383,-0.0034426731280761272,-0.0034450850459413415
2017-08-31,0.220126510292098,0.220126510292098,0.38693877212510297,0.04126753665258953,-0.0012060518713740928,-0.0012266856397003874
2017-09-01,0.1584280030981465,0.1584280030981465,0.30580931534211786,0.08112945678298511,-0.0003187594832023702,-0.00035932421159386277
2017-09-05,0.10935709140052476,0.10935709140052476,0.220126510292098,0.08568280505001985,-0.002572427397824512,-0.002615268800349522
2017-09-06,0.07446658473765398,0.07446658473765398,0.1584280030981465,0.06169850719395151,-0.00150540695449459,-0.0015362562080915658
2017-09-07,0.0511352703105106,0.0511352703105106,0.10935709140052476,0.04907091169762175,-0.0016550960907075344,-0.0016796315465563453
2017-09-08,0.03504522166014833,0.03504522166014833,0.07446658473765398,0.034890506662870774,-0.00014507483698648622,-0.0001625200903179216
2017-09-11,0.02406188004505229,0.02406188004505229,0.0511352703105106,0.023331314427143382,0.0002107239819254518,0.0001990583247118801
2017-09-12,0.025760382682169555,0.025760382682169555,0.03504522166014833,0.016090048650362267,0.0003708855080957501,0.000362840483770569
2017-09-13,0.04904974900340346,0.04904974900340346,0.02406188004505229,0.010983341615096044,0.0002365480100189697,0.0002310563392114217
2017-09-14,0.06050100212013816,0.06050100212013816,0.025760382682169555,0.0016985026371172662,-3.816561955917089e-05,-3.9014870877729526e-05
2017-09-15,0.13399026169496767,0.13399026169496767,0.04904974900340346,0.023289366321233906,0.0007069566929249508,0.0006953120097643339
2017-09-18,0.21338188614676573,0.21338188614676573,0.06050100212013816,0.0114512531167347,0.0002907622960953663,0.00028503666953699894
2017-09-19,0.4755879240978438,0.4755879240978438,0.13399026169496767,0.0734892595748295,0.003482757097933242,0.0034460124681458273
2017-09-20,0.6503919493985626,0.6503919493985626,0.21338188614676573,0.07939162445179807,0.0006055349654302414,0.0005658391532043424
2017-09-21,0.6134349497371749,0.6134349497371749,0.4755879240978438,0.26220603795107805,-0.005190418811266122,-0.00532152183024166
2017-09-22,0.74228996649145,0.74228996649145,0.6503919493985626,0.1748040253007188,0.0127579695613298,0.01267056754867944
2017-09-25,0.8281933109943,0.8281933109943,0.6134349497371749,0.03695699966138766,0.0,-1.8478499830693827e-05
2017-09-26,0.7877603091810195,0.7877603091810195,0.74228996649145,0.12885501675427502,-0.00580135772289633,-0.0058657852312734675
2017-09-27,0.7612103307822085,0.7612103307822085,0.8281933109943,0.08590334450285009,0.0,-4.295167225142504e-05
2017-09-28,0.7247401818374994,0.7247401818374994,0.7877603091810195,0.04043300181328058,-0.001591207324714459,-0.0016114238256210993
2017-09-29,0.7122801965271213,0.7122801965271213,0.7612103307822085,0.026549978398811014,0.0012323412937365523,0.0012190663045371468
2017-10-02,0.680394553961477,0.680394553961477,0.7247401818374994,0.03647014894470901,-0.001903586124110325,-0.0019218211985826794
2017-10-03,0.7643974145598311,0.7643974145598311,0.7122801965271213,0.012459985310378174,0.00707092390386311,0.007064693911207921
2017-10-04,0.8429316097065542,0.8429316097065542,0.680394553961477,0.0318856425656443,0.00068233319198116,0.0006663903706983378
2017-10-05,0.8257763183955947,0.8257763183955947,0.7643974145598311,0.08400286059835416,-0.001991395316530691,-0.002033396746829868
2017-10-06,0.6028320104722799,0.6028320104722799,0.8429316097065542,0.07853419514672311,-0.006341797866118247,-0.006381064963691609
2017-10-09,0.5405086113823574,0.5405086113823574,0.8257763183955947,0.017155291310959497,0.004060241642651834,0.004051663996996354
2017-10-10,0.5213125166357581,0.5213125166357581,0.6028320104722799,0.22294430792331488,0.0011062890967912793,0.0009948169428296218
2017-10-11,0.4121701651993074,0.4121701651993074,0.5405086113823574,0.06232339908992246,-0.0030797964375277706,-0.0031109581370727317
2017-10-12,0.30039739879120425,0.30039739879120425,0.5213125166357581,0.019196094746599335,-0.005441634236413507,-0.005451232283786806
2017-10-13,0.2147731356190307,0.2147731356190307,0.4121701651993074,0.10914235143645068,-0.004176922544691164,-0.0042314937204093895
2017-10-16,0.17086423771566595,0.17086423771566595,0.30039739879120425,0.11177276640810313,0.001443658169639199,0.0013877717864351474
2017-10-17,0.1485557719313626,0.1485557719313626,0.2147731356190307,0.08562426317217356,0.0013843767092792416,0.0013415645776931548
2017-10-18,0.16186380672368234,0.16186380672368234,0.17086423771566595,0.043908897903364746,0.0008825966749356625,0.0008606422259839801
2017-10-19,0.3534088037963968,0.3534088037963968,0.1485557719313626,0.022308465784303344,0.0017100183692276396,0.0016988641363354878
2017-10-20,0.5689392025309312,0.5689392025309312,0.16186380672368234,0.013308034792319734,0.0010524864785969976,0.0010458324612008377
2017-10-23,0.534085764444681,0.534085764444681,0.3534088037963968,0.19154499707271444,-0.0038529628983543867,-0.003948735396890744
2017-10-24,0.5013702897060486,0.5013702897060486,0.5689392025309312,0.21553039873453445,-0.0005808122833393532,-0.0006885774827066204
2017-10-25,0.43110783033959843,0.43110783033959843,0.534085764444681,0.03485343808625019,-0.0032737236292659077,-0.0032911503483090327
2017-10-26,0.4161357948038146,0.4161357948038146,0.5013702897060486,0.032715474738632455,0.0025770414431745448,0.0025606837058052287
2017-10-27,0.38140081218789723,0.38140081218789723,0.43110783033959843,0.07026245936645015,-0.00017640726826844577,-0.00021153849795167083
2017-10-30,0.28091395790217055,0.28091395790217055,0.4161357948038146,0.014972035535783856,-0.008855707562901884,-0.008863193580669776
2017-10-31,0.21610028767093414,0.21610028767093414,0.38140081218789723,0.03473498261591734,0.00031875751783657275,0.00030139002652861406
2017-11-01,0.16871153779830494,0.16871153779830494,0.28091395790217055,0.10048685428572668,-0.00023457910742056157,-0.0002848225345634249
2017-11-02,0.10977911717125996,0.10977911717125996,0.21610028767093414,0.06481367023123641,-0.001671747354366565,-0.0017041541894821832
2017-11-03,0.06899781381747999,0.06899781381747999,0.16871153779830494,0.0473887498726292,-0.00014217739303404826,-0.00016587176797036286
2017-11-06,-0.2873347907883467,-0.2873347907883467,0.10977911717125996,0.058932420627044985,-0.004375465256840476,-0.004404931467153999
2017-11-07,-0.5113705866266531,-0.5113705866266531,0.06899781381747999,0.04078130335377997,6.064832325923914e-05,4.025767158234916e-05
2017-11-08,-0.6742470577511022,-0.6742470577511022,-0.2873347907883467,0.35633260460582666,0.0006936355216487157,0.0005154692193458023
2017-11-09,-0.7828313718340681,-0.7828313718340681,-0.5113705866266531,0.22403579583830646,0.004386988130137539,0.004274970232218386
2017-11-10,-0.8552209145560454,-0.8552209145560454,-0.6742470577511022,0.16287647112444903,0.002842521187106053,0.0027610829515438287
2017-11-13,-0.9034806097040304,-0.9034806097040304,-0.7828313718340681,0.10858431408296598,0.0022676261413293905,0.0022133339842879073
2017-11-14,-0.935653739802687,-0.935653739802687,-0.8552209145560454,0.07238954272197728,0.010128777204908122,0.010092582433547133
2017-11-15,-0.9571024932017913,-0.9571024932017913,-0.9034806097040304,0.048259695147985004,0.0022474283539082145,0.002223298506334222
2017-11-16,-0.8370502315298679,-0.8370502315298679,-0.935653739802687,0.03217313009865652,-0.013999582712584658,-0.014015669277633987
2017-11-17,-0.6776651282441677,-0.6776651282441677,-0.9571024932017913,0.021448753399104348,-0.013895851488944764,-0.013906575865644316
2017-11-20,-0.47741598481884284,-0.47741598481884284,-0.8370502315298679,0.1200522616719234,-0.014375073506698033,-0.014435099637533994
2017-11-21,-0.3450363609180912,-0.3450363609180912,-0.6776651282441677,0.1593851032857002,0.0002935785666108451,0.00021388601496799502
2017-11-22,-0.21048653507783352,-0.21048653507783352,-0.47741598481884284,0.20024914342532485,-0.0095112320974072,-0.009611356669119862
2017-11-24,-0.1269211404621248,-0.1269211404621248,-0.3450363609180912,0.13237962390075164,0.0006594093736582633,0.0005932195617078875
2017-11-27,-0.0361744937695451,-0.0361744937695451,-0.21048653507783352,0.13454982584025768,-0.0029103675532903004,-0.002977642466210429
2017-11-28,0.14616921374885494,0.14616921374885494,-0.1269211404621248,0.08356539461570872,-0.003089173122901379,-0.0031309558202092334
2017-11-29,0.4307794758325699,0.4307794758325699,-0.0361744937695451,0.0907466466925797,-0.0008002492604311799,-0.0008456225837774698
2017-11-30,0.6205196505550467,0.6205196505550467,0.14616921374885494,0.18234370751840004,0.002900021409952925,0.0028088495561937247
2017-12-01,0.7470131003700311,0.7470131003700311,0.4307794758325699,0.284610262083715,0.003047146007910105,0.0029048408768682474
2017-12-04,0.8313420669133541,0.8313420669133541,0.6205196505550467,0.18974017472247673,0.005690542318765149,0.00559567223140391
2017-12-05,0.7540489080319956,0.7540489080319956,0.7470131003700311,0.12649344981498445,-0.011554516393894435,-0.011617763118801928
2017-12-06,0.6787199477373285,0.6787199477373285,0.8313420669133541,0.084328966543323,-0.003918578600177491,-0.003960743083449152
2017-12-07,0.6038916781973163,0.6038916781973163,0.7540489080319956,0.07729315888135846,-0.0038681449727964935,-0.003906791552237172
2017-12-08,0.6277105065031418,0.6277105065031418,0.6787199477373285,0.07532896029466718,0.009018752593621355,0.008981088113474022
2017-12-11,0.7518070043354279,0.7518070043354279,0.6038916781973163,0.0748282695400122,0.008865343932931358,0.008827929798161353
2017-12-12,0.8345380028902853,0.8345380028902853,0.6277105065031418,0.02381882830582549,0.01634652792817221,0.016334618514019295
2017-12-13,0.84184390017774,0.84184390017774,0.7518070043354279,0.12409649783228616,-0.004240226942711406,-0.004302275191627549
2017-12-14,0.7749582011303369,0.7749582011303369,0.8345380028902853,0.08273099855485744,-0.008678075388092406,-0.008719440887369834
2017-12-15,0.7709432037551923,0.7709432037551923,0.84184390017774,0.007305897287454677,0.005307679728363341,0.005304026779719613
2017-12-18,0.8472954691701282,0.8472954691701282,0.7749582011303369,0.06688569904740316,0.00853368789078407,0.008500245041260368
2017-12-19,0.828548978927049,0.828548978927049,0.7709432037551923,0.004014997375144547,-0.0060808082252066225,-0.006082815723894195
2017-12-20,0.8062409888185529,0.8062409888185529,0.8472954691701282,0.0763522654149359,-0.0009619144526688562,-0.0010000905853763242
2017-12-21,0.8261910950030869,0.8261910950030869,0.828548978927049,0.018746490243079172,0.003767965074517933,0.0037585918293963935
2017-12-22,0.871801552127859,0.871801552127859,0.8062409888185529,0.022307990108496156,0.002737625248577873,0.002726471253523625
2017-12-26,0.9078027150361317,0.9078027150361317,0.8261910950030869,0.019950106184533967,0.0004659948093991783,0.0004560197563069113
2017-12-27,0.9385351433574212,0.9385351433574212,0.871801552127859,0.045610457124772186,0.0009828863820906398,0.0009600811535282537
2017-12-28,0.9590234289049475,0.9590234289049475,0.9078027150361317,0.03600116290827271,0.002555910515438632,0.0025379099339844957
2017-12-29,0.7954980349275107,0.7954980349275107,0.9385351433574212,0.030732428321289418,-0.00878307045114059,-0.008798436665301236
2018-01-02,0.8636653566183405,0.8636653566183405,0.9590234289049475,0.020488285547526353,0.010871237226635688,0.010860993083861925
2018-01-03,0.709846624196639,0.709846624196639,0.7954980349275107,0.16352539397743682,-0.016346699662903138,-0.016428462359891857
2018-01-04,0.6230970257440143,0.6230970257440143,0.8636653566183405,0.06816732169082984,0.0028001533377128127,0.0027660696768673975
2018-01-05,0.551435073606247,0.551435073606247,0.709846624196639,0.15381873242170152,-0.0016193735930252876,-0.0016962829592361383
2018-01-08,0.4907031197794497,0.4907031197794497,0.6230970257440143,0.08674959845262475,-0.0010686694174923358,-0.0011120442167186482
2018-01-09,0.43074640869532493,0.43074640869532493,0.551435073606247,0.07166195213776727,-0.0020224460319470832,-0.002058277008015967
2018-01-10,0.400257258665698,0.400257258665698,0.4907031197794497,0.0607319538267973,0.0007605570025055783,0.0007301910255921797
2018-01-11,0.4380053579500246,0.4380053579500246,0.43074640869532493,0.05995671108412476,0.0035000675320829614,0.003470089176540899
2018-01-12,0.431766252835858,0.431766252835858,0.400257258665698,0.030489150029626932,-0.0019204056724807822,-0.0019356502474955958
2018-01-16,0.4003480820173483,0.4003480820173483,0.4380053579500246,0.0377480992843266,-0.0016890935652845221,-0.0017079676149266854
2018-01-17,0.3610978139544643,0.3610978139544643,0.431766252835858,0.006239105114166588,0.0005014336053064261,0.0004983140527493428
2018-01-18,0.24565398755484372,0.24565398755484372,0.4003480820173483,0.03141817081850973,-0.001315991677775248,-0.0013317007631845027
2018-01-19,0.19025004115798824,0.19025004115798824,0.3610978139544643,0.03925026806288401,0.0025218435453545017,0.00250221841132306
2018-01-22,0.4601666941053255,0.4601666941053255,0.24565398755484372,0.11544382639962056,0.00733501168820908,0.00727728977500927
2018-01-23,0.5926365443019349,0.5926365443019349,0.19025004115798824,0.055403946396855475,-0.0008184851326855465,-0.0008461871058839742
2018-01-24,0.7284243628679566,0.7284243628679566,0.4601666941053255,0.26991665294733724,0.008558531401904445,0.008423573075430776
2018-01-25,0.8189495752453044,0.8189495752453044,0.5926365443019349,0.1324698501966094,0.0007648812166790915,0.0006986462915807868
2018-01-26,0.879299716830203,0.879299716830203,0.7284243628679566,0.13578781856602173,0.005769851661226657,0.005701957751943646
2018-01-29,0.8373075165642618,0.8373075165642618,0.8189495752453044,0.09052521237734779,-0.008830091713925868,-0.008875354320114543
2018-01-30,0.7834092739765275,0.7834092739765275,0.879299716830203,0.0603501415848986,-0.0037364544581885285,-0.003766629528980978
2018-01-31,0.766618525470748,0.766618525470748,0.8373075165642618,0.04199220026594119,0.002640631974516515,0.0026196358743835442
2018-02-01,0.7817593042303299,0.7817593042303299,0.7834092739765275,0.053898242587734346,0.003332678222835106,0.003305729101541239
2018-02-02,0.7029023115713393,0.7029023115713393,0.766618525470748,0.01679074850577944,-0.0186359427502169,-0.018644338124469792
2018-02-05,0.5317382493982967,0.5317382493982967,0.7817593042303299,0.015140778759581863,-0.036594426151749966,-0.03660199654112976
2018-02-06,0.4326819997858449,0.4326819997858449,0.7029023115713393,0.0788569926589906,0.004593392742920451,0.004553964246590956
2018-02-07,0.36931638609776424,0.36931638609776424,0.5317382493982967,0.17116406217304259,0.0018828286336724212,0.0017972466025859
2018-02-08,0.253265645242871,0.253265645242871,0.4326819997858449,0.09905624961245185,-0.016710013887054648,-0.016759542011860872
2018-02-09,0.20915306972409464,0.20915306972409464,0.36931638609776424,0.06336561368808064,0.006325872930291482,0.006294190123447441
2018-02-12,0.19012749359101272,0.19012749359101272,0.253265645242871,0.11605074085489325,0.0011679603027021637,0.001109934932274717
2018-02-13,0.1636684166504782,0.1636684166504782,0.20915306972409464,0.04411257551877634,-0.0001252579143534577,-0.0001473142021128459
2018-02-14,0.10632320571123609,0.10632320571123609,0.19012749359101272,0.019025576133081923,-0.0021639811068978115,-0.0021734938949643525
2018-02-15,0.05884809221083282,0.05884809221083282,0.1636684166504782,0.02645907694053451,0.0007603232629732809,0.0007470937245030137
2018-02-16,0.04729045120405158,0.04729045120405158,0.10632320571123609,0.05734521093924212,0.0008764034365863416,0.0008477308311167206
2018-02-20,-0.03789098555099019,-0.03789098555099019,0.05884809221083282,0.04747511350040327,-0.0014433477001999646,-0.0014670852569501664
2018-02-21,-0.1621511579052486,-0.1621511579052486,0.04729045120405158,0.011557641006781243,-0.0009280123370125251,-0.0009337911575159157
2018-02-22,-0.3125015385896479,-0.3125015385896479,-0.03789098555099019,0.08518143675504178,7.110680851984712e-05,2.8516090142326237e-05
2018-02-23,-0.4286626492126992,-0.4286626492126992,-0.1621511579052486,0.1242601723542584,-0.0014226839847462818,-0.001484814070923411
2018-02-26,-0.3914558052564245,-0.3914558052564245,-0.3125015385896479,0.15035038068439932,-0.0051770787150139455,-0.005252253905356145
2018-02-27,-0.5476921265090957,-0.5476921265090957,-0.4286626492126992,0.11616111062305129,0.009168800590366205,0.009110720035054679
2018-02-28,-0.6984614176727305,-0.6984614176727305,-0.3914558052564245,0.037206843956274716,0.0024445793768471274,0.0024259759548689902
2018-03-01,-0.7423057767970671,-0.7423057767970671,-0.5476921265090957,0.15623632125267123,-0.002523973220556654,-0.0026020913811829896
2018-03-02,-0.7117835683835543,-0.7117835683835543,-0.6984614176727305,0.1507692911636348,-0.004368878821584491,-0.004444263467166309
2018-03-05,-0.6272807485918344,-0.6272807485918344,-0.7423057767970671,0.043844359124336596,-0.006921675891253951,-0.00694359807081612
2018-03-06,-0.5286499482942597,-0.5286499482942597,-0.7117835683835543,0.03052220841351283,-0.0026300878532754474,-0.002645348957482204
2018-03-07,-0.43988326807568956,-0.43988326807568956,-0.6272807485918344,0.08450281979171992,0.0006410976194663872,0.0005988462095705273
2018-03-08,-0.36579430135348223,-0.36579430135348223,-0.5286499482942597,0.09863080029757465,-0.0018397437283778563,-0.0018890591285266435
2018-03-09,-0.31465298170692513,-0.31465298170692513,-0.43988326807568956,0.08876668021857015,-0.0,-4.4383340109285074e-05
2018-03-12,-0.28125108205347943,-0.28125108205347943,-0.36579430135348223,0.07408896672220733,0.0015672319122085109,0.0015301874288474071
2018-03-13,-0.1978999268171964,-0.1978999268171964,-0.31465298170692513,0.051141319646557104,0.0009672369614957669,0.0009416663016724884
2018-03-14,-0.14651569441098053,-0.14651569441098053,-0.28125108205347943,0.0334018996534457,0.0011561957319388611,0.0011394947821121383
2018-03-15,-0.12810663295018732,-0.12810663295018732,-0.1978999268171964,0.08335115523628303,0.0006535119535318322,0.0006118363759136907
2018-03-16,-0.09544737494707724,-0.09544737494707724,-0.14651569441098053,0.05138423240621587,-0.000819177780838583,-0.0008448698970416909
2018-03-19,-0.07263898406267819,-0.07263898406267819,-0.12810663295018732,0.018409061460793213,0.0006594842171074123,0.0006502796863770157
2018-03-20,-0.3817593227084521,-0.3817593227084521,-0.09544737494707724,0.03265925800311008,0.0012249762513412165,0.0012086466223396614
2018-03-21,-0.5878395484723014,-0.5878395484723014,-0.07263898406267819,0.022808390884399052,0.0006245114947342329,0.0006131072992920333
2018-03-22,-0.725226365648201,-0.725226365648201,-0.3817593227084521,0.30912033864577393,0.0032297742205778532,0.003075214051254966
2018-03-23,-0.8168175770988007,-0.8168175770988007,-0.5878395484723014,0.20608022576384927,0.007397924859212135,0.00729488474633021
2018-03-26,-0.668454053311708,-0.668454053311708,-0.725226365648201,0.13738681717589962,-0.012220182411184456,-0.012288875819772406
2018-03-27,-0.5474285873332964,-0.5474285873332964,-0.8168175770988007,0.09159121145059967,-0.00416484272034886,-0.00421063832607416
2018-03-28,-0.43343456947788445,-0.43343456947788445,-0.668454053311708,0.1483635237870926,-0.009749181777828603,-0.009823363539722149
2018-03-29,-0.37028174874269987,-0.37028174874269987,-0.5474285873332964,0.12102546597841168,0.0020529484627920024,0.0019924357298027966
2018-04-02,-0.40017620335275933,-0.40017620335275933,-0.43343456947788445,0.11399401785541191,0.005982130924638571,0.005925133915710865
2018-04-03,-0.38722897978051585,-0.38722897978051585,-0.37028174874269987,0.06315282073518458,-0.0026695800412881174,-0.0027011564516557095
2018-04-04,-0.33955784953906865,-0.33955784953906865,-0.40017620335275933,0.029894454610059462,-0.0036225764840080985,-0.0036375237113131283
2018-04-05,-0.2853176118691496,-0.2853176118691496,-0.38722897978051585,0.012947223572243483,-0.0025044608481921498,-0.0025109344599782714
2018-04-06,-0.314295323801733,-0.314295323801733,-0.33955784953906865,0.0476711302414472,0.005349569283214062,0.005325733718093338
2018-04-09,-0.31647009425820416,-0.31647009425820416,-0.2853176118691496,0.054240237669919034,-0.00018256911784819295,-0.00020968923668315245
2018-04-10,-0.25519539255340234,-0.25519539255340234,-0.314295323801733,0.02897771193258336,-0.009043056586802042,-0.009057545442768333
2018-04-11,-0.25776148115854275,-0.25776148115854275,-0.31647009425820416,0.0021747704564711867,0.004523780553559681,0.0045226931683314455
2018-04-12,-0.24405662193733385,-0.24405662193733385,-0.25519539255340234,0.061274701704801815,-0.0008581234588034623,-0.0008887608096558631
2018-04-13,-0.23897772042424,-0.23897772042424,-0.25776148115854275,0.002566088605140404,0.0004319561968315215,0.0004306731525289513
2018-04-16,-0.19755511625289143,-0.19755511625289143,-0.24405662193733385,0.013704859221208898,-0.0037381871002262024,-0.0037450395298368067
2018-04-17,-0.15502886867170856,-0.15502886867170856,-0.23897772042424,0.005078901513093842,-0.0022717596569418646,-0.0022742991076984114
2018-04-18,-0.13729519590319875,-0.13729519590319875,-0.19755511625289143,0.041422604171348576,0.0009301527675308601,0.0009094414654451858
2018-04-19,-0.13306282683239543,-0.13306282683239543,-0.15502886867170856,0.04252624758118287,0.0006058598914179909,0.0005845967676273994
2018-04-20,-0.15045141345910118,-0.15045141345910118,-0.13729519590319875,0.017733672768509817,0.0015024972183839812,0.0014936303819997263
2018-04-23,-0.13343060851619348,-0.13343060851619348,-0.13306282683239543,0.004232369070803321,-0.0021112200855999685,-0.00211333627013537
2018-04-24,-0.085347349258954,-0.085347349258954,-0.15045141345910118,0.017388586626705754,-0.0031228931706374346,-0.0031315874639507874
2018-04-25,-0.04785749425159057,-0.04785749425159057,-0.13343060851619348,0.017020804942907697,-0.001155026791649396,-0.00116353719412085
2018-04-26,-0.02737648271573407,-0.02737648271573407,-0.085347349258954,0.04808325925723948,0.0005791662279536904,0.0005551245983250706
2018-04-27,0.0640459709016031,0.0640459709016031,-0.04785749425159057,0.03748985500736343,-0.0017407811993405964,-0.0017595261268442781
2018-04-30,0.06957819836936893,0.06957819836936893,-0.02737648271573407,0.0204810115358565,0.0011785124360052675,0.0011682719302373392
2018-05-01,0.06495267151703324,0.06495267151703324,0.0640459709016031,0.09142245361733717,-0.000687820396080831,-0.0007335316228894996
2018-05-02,-0.02126704054369015,-0.02126704054369015,0.06957819836936893,0.005532227467765827,-0.0015249652026155622,-0.0015277313163494452
2018-05-03,-0.07121008668437302,-0.07121008668437302,0.06495267151703324,0.004625526852335693,0.00012241970322435187,0.00012010693979818402
2018-05-04,-0.07577974401248824,-0.07577974401248824,-0.02126704054369015,0.08621971206072339,-0.0001555959029306547,-0.00019870575896101638
2018-05-07,-0.11852997153118144,-0.11852997153118144,-0.07121008668437302,0.04994304614068287,0.0006797436877828141,0.0006547721647124727
2018-05-08,-0.21259427331135688,-0.21259427331135688,-0.07577974401248824,0.00456965732811522,0.0011272432391353452,0.0011249584104712875
2018-05-09,-0.35381085184451067,-0.35381085184451067,-0.11852997153118144,0.0427502275186932,0.001613330387254818,0.0015919552734954712
2018-05-10,-0.352358018781132,-0.352358018781132,-0.21259427331135688,0.09406430178017544,-0.003758727025227214,-0.0038057591761173014
2018-05-11,-0.23014524507279754,-0.23014524507279754,-0.35381085184451067,0.14121657853315378,-0.010644201147121692,-0.01071480943638827
2018-05-14,-0.15683262484406454,-0.15683262484406454,-0.352358018781132,0.001452833063378678,0.0009420553533637212,0.0009413289368320319
2018-05-15,-0.14827196359742628,-0.14827196359742628,-0.23014524507279754,0.12221277370833444,0.0033224761312405605,0.0032613697443863933
2018-05-16,-0.13386800629775755,-0.13386800629775755,-0.15683262484406454,0.073312620228733,-0.0002297465242949097,-0.0002664028344092762
2018-05-17,-0.12581589624626277,-0.12581589624626277,-0.14827196359742628,0.008560661246638263,3.094408944292477e-05,2.6663758819605636e-05
2018-05-18,-0.12594138816117117,-0.12594138816117117,-0.13386800629775755,0.01440395729966873,0.00030776931418079195,0.0003005673355309576
2018-05-21,-0.0901279147402316,-0.0901279147402316,-0.12581589624626277,0.008052110051494782,-0.0018184333151013495,-0.001822459370127097
2018-05-22,-0.048777981687999294,-0.048777981687999294,-0.12594138816117117,0.0001254919149084044,-0.0009881923283843114,-0.0009882550743417655
2018-05-23,-0.031108126821684633,-0.031108126821684633,-0.0901279147402316,0.03581347342093957,0.0004062221529920598,0.00038831541628159
2018-05-24,-0.01780154541506389,-0.01780154541506389,-0.048777981687999294,0.04134993305223231,-5.0195067704674254e-05,-7.087003423079041e-05
2018-05-25,-0.01206039512537468,-0.01206039512537468,-0.031108126821684633,0.01766985486631466,7.675528548492213e-05,6.792035805176479e-05
2018-05-29,-0.010532650886473913,-0.010532650886473913,-0.01780154541506389,0.013306581406620742,0.0001174000958941114,0.00011074680519080102
2018-05-30,-0.006931115240843949,-0.006931115240843949,-0.01206039512537468,0.005741150289689212,-0.00010008575136741791,-0.00010295632651226252
2018-05-31,-0.020231730052549395,-0.020231730052549395,-0.010532650886473913,0.0015277442389007665,0.00020155010520222645,0.00020078623308277606
2018-06-01,-0.026174899670094023,-0.026174899670094023,-0.006931115240843949,0.003601535645629964,-2.0354609132612066e-05,-2.2155376955427048e-05
2018-06-04,-0.029785527144133028,-0.029785527144133028,-0.020231730052549395,0.013300614811705446,-4.230559380530799e-06,-1.0880866786383523e-05
2018-06-05,-0.02451858957602779,-0.02451858957602779,-0.026174899670094023,0.005943169617544628,-8.210877950221554e-05,-8.508036431098785e-05
2018-06-06,-0.017480194625589092,-0.017480194625589092,-0.029785527144133028,0.003610627474039004,-0.00027320241986312414,-0.00027500773360014365
2018-06-07,-0.0058175955079515585,-0.0058175955079515585,-0.02451858957602779,0.005266937568105239,-0.0003038813311945013,-0.0003065147999785539
2018-06-08,0.0046744571059655245,0.0046744571059655245,-0.017480194625589092,0.007038394950438696,-6.063733145978602e-05,-6.415652893500536e-05
2018-06-11,0.01335622226871183,0.01335622226871183,-0.0058175955079515585,0.011662599117637534,-1.4195845279270124e-05,-2.0027144838088893e-05
2018-06-12,0.012583057102141956,0.012583057102141956,0.0046744571059655245,0.010492052613917082,-4.6461056041481895e-05,-5.1707082348440436e-05
2018-06-13,-0.04180631508946731,-0.04180631508946731,0.01335622226871183,0.008681765162746305,-0.0003858267643114286,-0.0003901676468928017
2018-06-14,-0.05154030842457043,-0.05154030842457043,0.012583057102141956,0.0007731651665698735,0.00011149347594137825,0.00011110689335809331
2018-06-15,-0.049840100739222654,-0.049840100739222654,-0.04180631508946731,0.05438937219160927,-0.00020982787276350038,-0.000237022558859305
2018-06-18,-0.07815773514265222,-0.07815773514265222,-0.05154030842457043,0.009733993335103115,0.0006434542747927252,0.0006385872781251736
2018-06-19,-0.07302601152289748,-0.07302601152289748,-0.049840100739222654,0.0017002076853477738,-0.0010921532040599554,-0.0010930033079026293
2018-06-20,-0.09450430269295218,-0.09450430269295218,-0.07815773514265222,0.028317634403429562,0.0006607266915349122,0.0006465678743331974
2018-06-21,-0.07689522320488293,-0.07689522320488293,-0.07302601152289748,0.005131723619754738,-0.0008200365088667913,-0.0008226023706766687
2018-06-22,0.003398263539124889,0.003398263539124889,-0.09450430269295218,0.021478291170054703,-0.002195955796833087,-0.002206694942418114
2018-06-25,0.04573897308902058,0.04573897308902058,-0.07689522320488293,0.01760907948806925,0.00024724094086207567,0.00023843640111804104
2018-06-26,0.05408955102913669,0.05408955102913669,0.003398263539124889,0.08029348674400782,-2.055447033363967e-05,-6.070121370564358e-05
2018-06-27,0.049868517118252464,0.049868517118252464,0.04573897308902058,0.04234070954989569,9.28914419611953e-06,-1.1881210578828316e-05
2018-06-28,0.1914923785823438,0.1914923785823438,0.05408955102913669,0.008350577940116115,0.0017002049608981704,0.0016960296719281123
2018-06-29,0.22332905963422764,0.22332905963422764,0.049868517118252464,0.004221033910884228,-0.0005392603843100422,-0.0005413709012654843
2018-07-02,0.2481508500210609,0.2481508500210609,0.1914923785823438,0.14162386146409134,0.0004186894896139671,0.0003478775588819214
2018-07-03,0.28788881293590995,0.28788881293590995,0.22332905963422764,0.031836681051883836,0.001240198407624613,0.0012242800670986711
2018-07-05,0.42608351303514846,0.42608351303514846,0.2481508500210609,0.02482179038683327,0.00283878108714373,0.002826370191950313
2018-07-06,0.582515724363362,0.582515724363362,0.28788881293590995,0.039737962914849045,0.001122780357926731,0.0011029113764693065
2018-07-09,0.6250049444107004,0.6250049444107004,0.42608351303514846,0.1381947000992385,-0.0012558562205108631,-0.0013249535705604823
2018-07-10,0.7500032962738004,0.7500032962738004,0.582515724363362,0.1564322113282135,0.006888367419471612,0.0068101513138075056
2018-07-11,0.8333355308492003,0.8333355308492003,0.6250049444107004,0.04248922004733846,0.0,-2.1244610023669232e-05
2018-07-12,0.8457308777919412,0.8457308777919412,0.7500032962738004,0.12499835186309993,-0.0014609252354637972,-0.0015234244113953473
2018-07-13,0.8971539185279609,0.8971539185279609,0.8333355308492003,0.08333223457539995,0.0027648483076479265,0.0027231821903602265
2018-07-16,0.9314359456853074,0.9314359456853074,0.8457308777919412,0.012395346942740915,0.0029609358177239004,0.0029547381442525298
2018-07-17,0.7800452032405121,0.7800452032405121,0.8971539185279609,0.051423040736019665,-0.0027823588666507307,-0.0028080703870187406
2018-07-18,0.5847980520818945,0.5847980520818945,0.9314359456853074,0.03428202715734652,-0.005251701258455723,-0.005268842272034396
2018-07-19,0.4050429459987961,0.4050429459987961,0.7800452032405121,0.15139074244479533,-0.005949075944139299,-0.006024771315361697
2018-07-20,0.2790304631882181,0.2790304631882181,0.5847980520818945,0.19524715115861757,-0.0014978435067120935,-0.0015954670822914024
2018-07-23,0.20006931071735234,0.20006931071735234,0.4050429459987961,0.17975510608309841,0.0010401006851785651,0.0009502231321370159
2018-07-24,0.39510512796558556,0.39510512796558556,0.2790304631882181,0.12601248281057797,0.004178594409703933,0.004115588168298644
2018-07-25,0.35973379717998466,0.35973379717998466,0.20006931071735234,0.07896115247086577,-0.002330401727610496,-0.0023698823038459287
2018-07-26,0.4015945574829649,0.4015945574829649,0.39510512796558556,0.1950358172482332,0.002095364278499269,0.0019978463698751524
2018-07-27,0.6010630383219766,0.6010630383219766,0.35973379717998466,0.035371330785600896,0.005833953447139123,0.005816267781746322
2018-07-30,0.7340420255479845,0.7340420255479845,0.4015945574829649,0.04186076030298025,0.0037062881011649625,0.0036853577210134722
2018-07-31,0.6484502021615886,0.6484502021615886,0.6010630383219766,0.1994684808390117,-0.009733405564050671,-0.009833139804470177
2018-08-01,0.6024862482784725,0.6024862482784725,0.7340420255479845,0.13297898722600787,0.0012793582538040804,0.0012128687601910765
2018-08-02,0.6104256691841138,0.6104256691841138,0.6484502021615886,0.08559182338639593,0.0031337464740109427,0.0030909505623177447
2018-08-03,0.6710835521882493,0.6710835521882493,0.6024862482784725,0.04596395388311603,0.003361183300642259,0.003338201323700701
2018-08-06,0.7771238314301184,0.7771238314301184,0.6104256691841138,0.007939420905641259,0.0024525087984098425,0.002448539087957022
2018-08-07,0.84044143476634,0.84044143476634,0.6710835521882493,0.06065788300413555,-0.00025571492252699825,-0.000286043864029066
2018-08-08,0.8936276231775602,0.8936276231775602,0.7771238314301184,0.1060402792418691,0.003555427230153882,0.0035024070905329474
2018-08-09,0.9290850821183736,0.9290850821183736,0.84044143476634,0.0633176033362216,0.004943553364519219,0.004911894562851109
2018-08-10,0.7893611296437311,0.7893611296437311,0.8936276231775602,0.05318618841122014,-0.009102881721986268,-0.009129474816191878
2018-08-13,0.6429081709410844,0.6429081709410844,0.9290850821183736,0.035457458940813424,-0.004426849455499366,-0.004444578184969772
2018-08-14,0.6831772739202454,0.6831772739202454,0.7893611296437311,0.13972395247464253,0.009825553731771327,0.009755691755534006
2018-08-15,0.7887848492801637,0.7887848492801637,0.6429081709410844,0.14645295870264663,0.004499144014139691,0.004425917534788368
2018-08-16,0.8591898995201093,0.8591898995201093,0.6831772739202454,0.040269102979160976,0.01321690421456088,0.013196769663071298
2018-08-17,0.9061265996800729,0.9061265996800729,0.7887848492801637,0.10560757535991827,0.007557880367245922,0.007505076579565963
2018-08-20,0.8982159081327574,0.8982159081327574,0.8591898995201093,0.07040505023994559,-0.0021950315536416677,-0.0022302340787616406
2018-08-21,0.9321439387551718,0.9321439387551718,0.9061265996800729,0.04693670015996365,0.004310672086756096,0.004287203736676114
2018-08-22,0.8177259455297079,0.8177259455297079,0.8982159081327574,0.007910691547315496,-0.012595593025707133,-0.012599548371480791
2018-08-23,0.7606631946241618,0.7606631946241618,0.9321439387551718,0.03392803062241434,0.0024105147078502926,0.0023935506925390855
2018-08-24,0.8093851310631617,0.8093851310631617,0.8177259455297079,0.11441799322546387,0.007532300203663797,0.007475091207051065
2018-08-27,0.8571356189295252,0.8571356189295252,0.7606631946241618,0.057062750905546133,0.0009720843065056313,0.0009435529310528582
2018-08-28,0.8413572773048245,0.8413572773048245,0.8093851310631617,0.04872193643899991,-0.0029510573646520113,-0.0029754183328715112
2018-08-29,0.8141280715000024,0.8141280715000024,0.8571356189295252,0.04775048786636349,-0.001254842828308675,-0.001278718072241857
2018-08-30,0.817178839456985,0.817178839456985,0.8413572773048245,0.01577834162470071,0.0027750504815702544,0.002767161310757904
2018-08-31,0.7116960947669948,0.7116960947669948,0.8141280715000024,0.02722920580482202,-0.005650361817411761,-0.005663976420314172
2018-09-04,0.5625299067717123,0.5625299067717123,0.817178839456985,0.0030507679569825585,-0.01773553256079739,-0.01773705794477588
2018-09-05,0.5288533215586283,0.5288533215586283,0.7116960947669948,0.1054827446899902,0.00842945795177157,0.008376716579426575
2018-09-06,0.5611959009727189,0.5611959009727189,0.5625299067717123,0.14916618799528247,0.004912542273280022,0.004837959179282381
2018-09-07,0.5542046965564704,0.5542046965564704,0.5288533215586283,0.03367658521308403,-0.0028249746214496605,-0.0028418129140562027
2018-09-10,0.5577529962339587,0.5577529962339587,0.5611959009727189,0.03234257941409058,0.0012470009297943442,0.001230829640087299
2018-09-11,0.6654073377727319,0.6654073377727319,0.5542046965564704,0.006991204416248453,0.006144349191116764,0.00614085358890864
2018-09-12,0.7769382251818213,0.7769382251818213,0.5577529962339587,0.0035482996774882647,0.0025482138484379776,0.0025464396985992333
2018-09-13,0.8445819626207621,0.8445819626207621,0.6654073377727319,0.10765434153877318,-0.00036328001252856136,-0.00041710718329794795
2018-09-14,0.8108606148212139,0.8108606148212139,0.7769382251818213,0.11153088740908945,-0.005514957524722737,-0.005570722968427281
2018-09-17,0.8090178924442346,0.8090178924442346,0.8445819626207621,0.06764373743894081,0.0023223331102457203,0.00228851124152625
2018-09-18,0.7004468599761295,0.7004468599761295,0.8108606148212139,0.033721347799548274,-0.004595342936159483,-0.004612203610059257
2018-09-19,0.543719898669921,0.543719898669921,0.8090178924442346,0.0018427223769792445,-0.013238285647688268,-0.013239207008876758
2018-09-20,0.48096564396368413,0.48096564396368413,0.7004468599761295,0.10857103246810507,0.00589173432005507,0.005837448803821018
2018-09-21,0.4944950085263984,0.4944950085263984,0.543719898669921,0.15672696130620856,0.004736652206462757,0.004658288725809652
2018-09-24,0.41757990398034095,0.41757990398034095,0.48096564396368413,0.06275425470623686,-0.007777501918611127,-0.007808879045964246
2018-09-25,0.3194575297275552,0.3194575297275552,0.4944950085263984,0.013529364562714252,-0.004525731458354406,-0.004532496140635764
2018-09-26,0.25136544384936393,0.25136544384936393,0.41757990398034095,0.07691510454605743,0.0007085478570810971,0.0006700903048080684
2018-09-27,0.23306581319402198,0.23306581319402198,0.3194575297275552,0.09812237425278575,0.0027052868854290655,0.0026562256983026725
2018-09-28,0.20284310656182872,0.20284310656182872,0.25136544384936393,0.06809208587819127,-0.0009381782435102903,-0.000972224286449386
2018-10-01,0.23103840997246983,0.23103840997246983,0.23306581319402198,0.01829963065534196,0.0019644476051391617,0.001955297789811491
2018-10-02,0.3439322252636741,0.3439322252636741,0.20284310656182872,0.030222706632193258,0.002185142855826048,0.0021700315025099514
2018-10-03,0.3765420387529139,0.3765420387529139,0.23103840997246983,0.02819530341064111,-0.0005519271703812086,-0.0005660248220865292
2018-10-04,0.5843613591686093,0.5843613591686093,0.3439322252636741,0.11289381529120429,0.004624598100438295,0.004568151192792694
2018-10-05,0.6926837794685021,0.6926837794685021,0.3765420387529139,0.0326098134892398,-0.000547508331716538,-0.0005638132384611579
2018-10-08,0.7951225196456682,0.7951225196456682,0.5843613591686093,0.2078193204156954,0.0008509238485985145,0.0007470141883906668
2018-10-09,0.8634150130971121,0.8634150130971121,0.6926837794685021,0.10832242029989281,0.007293795117577248,0.007239633907427301
2018-10-10,0.7195790584776396,0.7195790584776396,0.7951225196456682,0.10243874017716603,-0.009543084928915369,-0.009594304299003951
2018-10-11,0.5371648497831769,0.5371648497831769,0.8634150130971121,0.06829249345144395,-0.015892095074282683,-0.015926241321008405
2018-10-12,0.4527164852365343,0.4527164852365343,0.7195790584776396,0.14383595461947252,0.005397085165839937,0.005325167188530201
2018-10-15,0.37801795097263863,0.37801795097263863,0.5371648497831769,0.18241420869446268,-0.0012995782483896867,-0.001390785352736918
2018-10-16,0.3271402916603617,0.3271402916603617,0.4527164852365343,0.08444836454664262,0.0008446923158440022,0.0008024681335706809
2018-10-17,0.3245050418748787,0.3245050418748787,0.37801795097263863,0.07469853426389567,0.001830079059250817,0.0017927297921188693
2018-10-18,0.43887377345768275,0.43887377345768275,0.3271402916603617,0.050877659312276946,0.004183386436790301,0.004157947607134163
2018-10-19,0.5882015569621992,0.5882015569621992,0.3245050418748787,0.0026352497854829626,0.0014844386782309398,0.0014831210533381982
2018-10-22,0.7211601424745604,0.7211601424745604,0.43887377345768275,0.11436873158280403,0.0006394850606132245,0.0005823006948218225
2018-10-23,0.814106761649707,0.814106761649707,0.5882015569621992,0.14932778350451648,0.02385762697462946,0.023782963082877202
2018-10-24,0.876071174433138,0.876071174433138,0.7211601424745604,0.13295858551236117,0.0026470449686727487,0.002580565675916568
2018-10-25,0.758949159880816,0.758949159880816,0.814106761649707,0.09294661917514657,-0.01403614520917534,-0.014082618518762913
2018-10-26,0.5888606741787408,0.5888606741787408,0.876071174433138,0.06196441278343101,-0.014283045167434207,-0.014314027373825922
2018-10-29,0.5763257639925516,0.5763257639925516,0.758949159880816,0.11712201455232196,0.013262011334712517,0.013203450327436356
2018-10-30,0.7175505093283678,0.7175505093283678,0.5888606741787408,0.17008848570207524,0.017724308936463363,0.017639264693612326
2018-10-31,0.6684898430941845,0.6684898430941845,0.5763257639925516,0.01253491018618913,-0.010797515765555958,-0.010803783220649052
2018-11-01,0.5407222630470766,0.5407222630470766,0.7175505093283678,0.1412247453358162,-0.013071443347796387,-0.013142055720464296
2018-11-02,0.5068352060715541,0.5068352060715541,0.6684898430941845,0.04906066623418337,0.0069173568028617054,0.006892826469744613
2018-11-05,0.5440254437927721,0.5440254437927721,0.5407222630470766,0.12776758004710786,0.005538170951070559,0.005474287161047005
2018-11-06,0.5407511209103217,0.5407511209103217,0.5068352060715541,0.03388705697552252,0.0,-1.694352848776126e-05
2018-11-07,0.5972158071507827,0.5972158071507827,0.5440254437927721,0.03719023772121799,0.004183932650125294,0.004165337531264686
2018-11-08,0.7314772047671885,0.7314772047671885,0.5407511209103217,0.003274322882450331,0.00581564748448995,0.005814010323048725
2018-11-09,0.8209848031781257,0.8209848031781257,0.5972158071507827,0.05646468624046097,0.0019472864585883785,0.001919054115468148
2018-11-12,0.8806565354520839,0.8806565354520839,0.7314772047671885,0.13426139761640576,0.0032533645900100455,0.0031862338912018425
2018-11-13,0.9019189762160411,0.9019189762160411,0.8209848031781257,0.08950759841093725,-0.0008390345713969869,-0.0008837883706024556
2018-11-14,0.9346126508106942,0.9346126508106942,0.8806565354520839,0.05967173227395817,0.004203528333802767,0.004173692467665789
2018-11-15,0.9564084338737961,0.9564084338737961,0.9019189762160411,0.021262440763957224,0.0021423283518872353,0.0021316971315052564
2018-11-16,0.9709389559158641,0.9709389559158641,0.9346126508106942,0.03269367459465311,0.017876147551356074,0.017859800714058748
2018-11-19,0.9806259706105762,0.9806259706105762,0.9564084338737961,0.021795783063101926,0.006512517696670399,0.006501619805138848
2018-11-20,0.7777382644579609,0.7777382644579609,0.9709389559158641,0.01453052204206795,-0.018579388999855097,-0.01858665426087613
2018-11-21,0.6199109368976237,0.6199109368976237,0.9806259706105762,0.009687014694712115,-0.00494759565366934,-0.004952439161016696
2018-11-23,0.48184069390807127,0.48184069390807127,0.7777382644579609,0.2028877061526153,-0.006836299568095017,-0.006937743421171325
2018-11-26,0.4291088541328226,0.4291088541328226,0.6199109368976237,0.15782732756033724,0.005602953162931894,0.005524039499151725
2018-11-27,0.6194059027552151,0.6194059027552151,0.48184069390807127,0.1380702429895524,0.012052147514565927,0.011983112393071151
2018-11-28,0.6496208979166946,0.6496208979166946,0.4291088541328226,0.052731839775248646,-0.00417430900143782,-0.004200674921325444
2018-11-29,0.603509897024422,0.603509897024422,0.6194059027552151,0.1902970486223925,-0.006290901426125756,-0.006386049950436953
2018-11-30,0.6787072049532936,0.6787072049532936,0.6496208979166946,0.03021499516147952,0.009287961576341236,0.009272854078760497
2018-12-03,0.5422890219754896,0.5422890219754896,0.603509897024422,0.0461110008922726,-0.021418038021691253,-0.02144109352213739
2018-12-04,0.44561165887218723,0.44561165887218723,0.6787072049532936,0.07519730792887158,-0.0008169798009037227,-0.0008545784548681585
2018-12-06,0.3770706147697461,0.3770706147697461,0.5422890219754896,0.13641818297780406,-9.327885809354907e-05,-0.00016148794958245112
2018-12-07,0.3099235549790001,0.3099235549790001,0.44561165887218723,0.09667736310330233,-0.0030689865559600095,-0.0031173252375116607
2018-12-10,0.29887639991572656,0.29887639991572656,0.3770706147697461,0.0685410441024411,0.0038570002863393374,0.0038227297642881167
2018-12-11,0.33069785304959376,0.33069785304959376,0.3099235549790001,0.06714705979074603,0.003084825060360427,0.003051251530465054
2018-12-12,0.2553680277118214,0.2553680277118214,0.29887639991572656,0.011047155063273528,-0.008125698799897945,-0.008131222377429583
2018-12-13,0.19820766704404935,0.19820766704404935,0.33069785304959376,0.031821453133867195,-0.0009242997338930983,-0.0009402104604600319
2018-12-14,0.16011652736921517,0.16011652736921517,0.2553680277118214,0.07532982533777238,-4.469513840188946e-05,-8.236005107077565e-05
2018-12-17,0.08906630486623192,0.08906630486623192,0.19820766704404935,0.057160360667772026,-0.003923890682540204,-0.00395247086287409
2018-12-18,0.04196621109133723,0.04196621109133723,0.16011652736921517,0.038091139674834185,-0.0008585395697887163,-0.0008775851396261334
2018-12-19,0.014564995162429062,0.014564995162429062,0.08906630486623192,0.07105022250298325,0.0003360950013456885,0.00030056989009419685
2018-12-20,-0.031185218120002543,-0.031185218120002543,0.04196621109133723,0.047100093774894686,-0.0005935025499896769,-0.0006170525968771243
2018-12-21,-0.07589133028770453,-0.07589133028770453,0.014564995162429062,0.027401215928908172,-3.967171657589175e-05,-5.337232454034584e-05
2018-12-24,-0.3243672013767158,-0.3243672013767158,-0.031185218120002543,0.045750213282431604,0.0010618405890488927,0.001038965482407677
2018-12-26,-0.347408126117973,-0.347408126117973,-0.07589133028770453,0.04470611216770199,-0.0019884869550452593,-0.00201084001112911
2018-12-27,-0.30692159719340584,-0.30692159719340584,-0.3243672013767158,0.24847587108901129,-0.004230350616773017,-0.004354588552317523
2018-12-28,-0.2736328311668723,-0.2736328311668723,-0.347408126117973,0.023040924741257185,-0.0007559470868854107,-0.0007674675492560393
2018-12-31,-0.20564129577038456,-0.20564129577038456,-0.30692159719340584,0.04048652892456717,-0.005275417843655212,-0.005295661108117495
2019-01-02,-0.167416548365218,-0.167416548365218,-0.2736328311668723,0.03328876602653352,0.0009734330170537832,0.0009567886340405165
2019-01-03,-0.13282876344687874,-0.13282876344687874,-0.20564129577038456,0.06799153539648775,-0.0007341688140256871,-0.000768164581723931
2019-01-04,-0.1037195089689897,-0.1037195089689897,-0.167416548365218,0.03822474740516657,-0.00041692156600503435,-0.00043603393970761766
2019-01-07,-0.06925543891561564,-0.06925543891561564,-0.13282876344687874,0.03458778491833925,-0.0008484755673939436,-0.0008657694598531132
2019-01-08,0.03465041831828067,0.03465041831828067,-0.1037195089689897,0.02910925447788905,-0.003035471195826775,-0.0030500258230657194
2019-01-09,0.04634140605678033,0.04634140605678033,-0.06925543891561564,0.034464070053374055,0.0008714459754559944,0.0008542139404293074
2019-01-10,0.061122214538840015,0.061122214538840015,0.03465041831828067,0.10390585723389631,0.00033406536626052357,0.0002821124376435754
2019-01-11,0.08407807084672148,0.08407807084672148,0.04634140605678033,0.011690987738499664,0.0003379095929911404,0.00033206409912189057
2019-01-14,0.10078572656832871,0.10078572656832871,0.061122214538840015,0.014780808482059683,1.0527927219308272e-05,3.137522978278431e-06
2019-01-15,0.10809477591965565,0.10809477591965565,0.08407807084672148,0.02295585630788146,0.00010142353634452628,8.994560819058555e-05
2019-01-16,0.09399764681615791,0.09399764681615791,0.10078572656832871,0.016707655721607234,-0.0017694049037890874,-0.001777758731649891
2019-01-17,0.07884921830569509,0.07884921830569509,0.10809477591965565,0.007309049351326938,-0.0004734406837291364,-0.00047709520840479984
2019-01-18,0.07577337000011478,0.07577337000011478,0.09399764681615791,0.014097129103497738,0.0004300666805017106,0.0004230181159499617
2019-01-22,0.07416093306366418,0.07416093306366418,0.07884921830569509,0.015148428510462816,-0.00013812182615821316,-0.00014569604041344457
2019-01-23,0.07376407160111786,0.07376407160111786,0.07577337000011478,0.003075848305580317,0.001023786468858389,0.001022248544705599
2019-01-24,0.05990513311171265,0.05990513311171265,0.07416093306366418,0.0016124369364505925,-0.0008859329228196566,-0.0008867391412878819
2019-01-25,0.04272244965662127,0.04272244965662127,0.07376407160111786,0.00039686146254631904,-0.000865974616950908,-0.0008661730476821813
2019-01-28,0.006899407565427913,0.006899407565427913,0.05990513311171265,0.013858938489405212,-0.0014126659968646672,-0.00141959546610937
2019-01-29,-0.16825352812045985,-0.16825352812045985,0.04272244965662127,0.017182683455091385,-0.0013886493236488003,-0.001397240665376346
2019-01-30,-0.22181679614427785,-0.22181679614427785,0.006899407565427913,0.03582304209119336,9.32357771832284e-05,7.532425613763172e-05
2019-01-31,-0.19850574033377794,-0.19850574033377794,-0.16825352812045985,0.17515293568588777,-0.0033027592030446707,-0.0033903356708876145
2019-02-01,-0.21337487218550594,-0.21337487218550594,-0.22181679614427785,0.053563268023818,0.002054648211945331,0.002027866577933422
2019-02-04,-0.25955066200770716,-0.25955066200770716,-0.19850574033377794,0.023311055810499914,0.0018558496286561765,0.0018441941007509267
2019-02-05,-0.28302688574350016,-0.28302688574350016,-0.21337487218550594,0.014869131851728001,-0.00039479992978439627,-0.0004022344957102603
2019-02-06,-0.31969075506157507,-0.31969075506157507,-0.25955066200770716,0.04617578982220122,0.0016779078580839509,0.0016548199631728502
2019-02-07,-0.36672893204184065,-0.36672893204184065,-0.28302688574350016,0.023476223735793,0.0011575367858981183,0.0011457986740302218
2019-02-08,-0.3639781330841775,-0.3639781330841775,-0.31969075506157507,0.036663869318074915,-0.002267773691149752,-0.0022861056258087894
2019-02-11,-0.3420997084100995,-0.3420997084100995,-0.36672893204184065,0.04703817698026558,-0.000679598248867979,-0.0007031173373581118
2019-02-12,-0.25732657961512717,-0.25732657961512717,-0.3639781330841775,0.0027507989576631697,-0.0024917064017325858,-0.0024930818012114174
2019-02-13,-0.19110713764581766,-0.19110713764581766,-0.3420997084100995,0.021878424674077968,-0.0003772647653801211,-0.00038820397771716005
2019-02-14,-0.134624201935772,-0.134624201935772,-0.25732657961512717,0.08477312879497234,0.0021255892339549893,0.002083202669557503
2019-02-15,-0.09854131031209229,-0.09854131031209229,-0.19110713764581766,0.06621944196930951,-0.003996885708374592,-0.004029995429359247
2019-02-19,-0.06940952746909873,-0.06940952746909873,-0.134624201935772,0.05648293571004567,-0.000683359829812162,-0.0007116012976671849
2019-02-20,-0.04834566167143154,-0.04834566167143154,-0.09854131031209229,0.0360828916236797,-0.0005687993589045535,-0.0005868408047163933
2019-02-21,-0.0321877950765806,-0.0321877950765806,-0.06940952746909873,0.02913178284299356,-0.000485476004623099,-0.0005000418960445957
2019-02-22,-0.018874729470043518,-0.018874729470043518,-0.04834566167143154,0.02106386579766719,-0.0006629629704905642,-0.0006734949033893979
2019-02-25,-0.009628486552053658,-0.009628486552053658,-0.0321877950765806,0.01615786659485094,7.916420969135222e-05,7.108527639392675e-05
2019-02-26,-0.00175645001420212,-0.00175645001420212,-0.018874729470043518,0.013313065606537083,4.654167346482051e-05,3.988514066155197e-05
2019-02-27,0.004331829158940416,0.004331829158940416,-0.009628486552053658,0.00924624291798986,-1.3601727599739328e-05,-1.8224849058734257e-05
2019-02-28,0.010193961305851852,0.010193961305851852,-0.00175645001420212,0.007872036537851538,-6.193041454600504e-06,-1.0129059723526272e-05
2019-03-01,0.02515525500544411,0.02515525500544411,0.004331829158940416,0.006088279173142536,3.0448598372862007e-06,7.202507149324709e-10
2019-03-04,0.022536137662069244,0.022536137662069244,0.010193961305851852,0.005862132146911436,-0.0001288549182057383,-0.00013178598427919402
2019-03-05,0.01952666641688104,0.01952666641688104,0.02515525500544411,0.014961293699592256,-7.156382978877275e-05,-7.904447663856888e-05
2019-03-06,0.015250101540971638,0.015250101540971638,0.022536137662069244,0.002619117343374864,-0.00016075199836667088,-0.0001620615570383583
2019-03-07,0.021245504206221896,0.021245504206221896,0.01952666641688104,0.0030094712451882027,0.00021743413142914653,0.00021592939580655242
2019-03-08,0.02030527300109418,0.02030527300109418,0.015250101540971638,0.004276564875909404,6.230323398019448e-05,6.016495154223977e-05
2019-03-11,0.15049893431461198,0.15049893431461198,0.021245504206221896,0.005995402665250258,0.000394621390699858,0.00039162368936723285
2019-03-12,0.2155405648375402,0.2155405648375402,0.02030527300109418,0.0009402312051277166,-5.2903816653781476e-05,-5.3373932256345334e-05
2019-03-13,0.3079998067560062,0.3079998067560062,0.15049893431461198,0.13019366131351778,0.0006027093182465488,0.0005376124875897899
2019-03-14,0.4659929651303574,0.4659929651303574,0.2155405648375402,0.06504163052292822,0.0010841028537892736,0.0010515820385278095
2019-03-15,0.6439953100869049,0.6439953100869049,0.3079998067560062,0.092459241918466,0.002338583297744881,0.002292353676785648
2019-03-18,0.6181742777744961,0.6181742777744961,0.4659929651303574,0.15799315837435118,-0.0025539052126364167,-0.0026329017918235924
2019-03-19,0.5033225023705533,0.5033225023705533,0.6439953100869049,0.17800234495654754,-0.006321112645900458,-0.006410113818378732
2019-03-20,0.4382874931051609,0.4382874931051609,0.6181742777744961,0.025821032312408843,0.0018276004089609842,0.0018146898928047797
2019-03-21,0.5718375465227195,0.5718375465227195,0.5033225023705533,0.11485177540394276,0.005411066518542885,0.005353640630840913
2019-03-22,0.7145583643484796,0.7145583643484796,0.4382874931051609,0.06503500926539241,0.011052974536528625,0.01102045703189593
2019-03-25,0.8097055762323198,0.8097055762323198,0.5718375465227195,0.13355005341755855,0.0030621473800365876,0.0029953723533278085
2019-03-26,0.8731370508215466,0.8731370508215466,0.7145583643484796,0.14272081782576018,0.0065413579366860675,0.006469997527773187
2019-03-27,0.9154247005476979,0.9154247005476979,0.8097055762323198,0.09514721188384012,0.0033387537471425486,0.0032911801412006288
2019-03-28,0.727591604514754,0.727591604514754,0.8731370508215466,0.06343147458922682,-0.025815469117807122,-0.025847184855101735
2019-03-29,0.6053259969968767,0.6053259969968767,0.9154247005476979,0.04228764972615129,0.000775048332547695,0.0007539045076846193
2019-04-01,0.519536920107274,0.519536920107274,0.727591604514754,0.18783309603294385,-0.0004925985387390387,-0.0005865150867555107
2019-04-02,0.4240869041954992,0.4240869041954992,0.6053259969968767,0.1222656075178773,-0.005736618450760627,-0.005797751254519566
2019-04-03,0.3825174904668713,0.3825174904668713,0.519536920107274,0.08578907688960269,0.0030180124218802794,0.002975117883435478
2019-04-04,0.36617781873011984,0.36617781873011984,0.4240869041954992,0.09545001591177482,0.0008644873701824288,0.0008167623622265414
2019-04-05,0.3392531333118702,0.3392531333118702,0.3825174904668713,0.041569413728627935,0.0006483309554113745,0.0006275462485470605
2019-04-08,0.32253448354468006,0.32253448354468006,0.36617781873011984,0.016339671736751438,0.00024807991338537553,0.00023991007751699982
2019-04-09,0.2954834240113462,0.2954834240113462,0.3392531333118702,0.02692468541824966,-0.0007361685147269133,-0.0007496308574360381
2019-04-10,0.29104008230546385,0.29104008230546385,0.32253448354468006,0.01671864976719012,0.0011597393260988666,0.0011513800012152716
2019-04-11,0.195602916695956,0.195602916695956,0.2954834240113462,0.027051059533333865,-0.00025210458900428313,-0.00026563011877095004
2019-04-12,0.13416330788902162,0.13416330788902162,0.29104008230546385,0.004443341705882342,0.0008946062583876687,0.0008923845875347275
2019-04-15,0.09296064129506847,0.09296064129506847,0.195602916695956,0.09543716560950785,-9.991070022842244e-05,-0.00014762928303317636
2019-04-16,0.061974589087575985,0.061974589087575985,0.13416330788902162,0.06143960880693439,0.00018283572289690188,0.0001521159184934347
2019-04-17,0.04891581587540755,0.04891581587540755,0.09296064129506847,0.04120266659395315,-0.0015970528286414164,-0.0016176541619383929
2019-04-18,0.045687055201367385,0.045687055201367385,0.061974589087575985,0.03098605220749248,0.00027886336851896693,0.0002633703424152207
2019-04-22,0.055294735166463715,0.055294735166463715,0.04891581587540755,0.013058773212168431,0.0002781442700128472,0.00027161488340676294
2019-04-23,0.05496267165383071,0.05496267165383071,0.045687055201367385,0.003228760674040168,-0.0009549209835914592,-0.0009565353639284793
2019-04-24,0.05494879465064851,0.05494879465064851,0.055294735166463715,0.00960767996509633,-6.774642700271365e-05,-7.255026698526181e-05
2019-04-25,0.008731131467183184,0.008731131467183184,0.05496267165383071,0.000332063512633006,-0.0011843650466696715,-0.001184531078425988
2019-04-26,0.008402432488831591,0.008402432488831591,0.05494879465064851,1.3877003182199976e-05,0.000718228624270236,0.0007182216857686449
2019-04-29,0.021328798070352685,0.021328798070352685,0.008731131467183184,0.046217663183465325,4.01210734435746e-05,1.7012241851841934e-05
2019-04-30,0.04924106506299287,0.04924106506299287,0.008402432488831591,0.000328698978351593,5.173733544026985e-05,5.157298595109405e-05
2019-05-01,0.03252257539286263,0.03252257539286263,0.021328798070352685,0.012926365581521094,-0.0002498702514419749,-0.00025633343423273546
2019-05-02,0.04525185859004665,0.04525185859004665,0.04924106506299287,0.027912266992640183,0.00040947240060135935,0.00039551626710503926
2019-05-03,0.06700168955005913,0.06700168955005913,0.03252257539286263,0.01671848967013024,0.00014266769054045676,0.00013430844570539165
2019-05-06,0.05430501937916894,0.05430501937916894,0.04525185859004665,0.01272928319718402,-0.0002608883212609221,-0.00026725296285951407
2019-05-07,0.030393886037879705,0.030393886037879705,0.06700168955005913,0.021749830960012477,-0.00032963485697281756,-0.0003405097724528238
2019-05-08,0.0036374816296521444,0.0036374816296521444,0.05430501937916894,0.012696670170890184,-0.00023975225985265632,-0.0002461005949381014
2019-05-09,-0.0034052851195897544,-0.0034052851195897544,0.030393886037879705,0.023911133341289238,5.390580489720392e-05,4.1950238226559305e-05
2019-05-10,-0.000371587149553391,-0.000371587149553391,0.0036374816296521444,0.02675640440822756,2.769384949575913e-05,1.4315647291645349e-05
2019-05-13,-0.010748276100993583,-0.010748276100993583,-0.0034052851195897544,0.007042766749241898,9.573177361810217e-06,6.0517939871892675e-06
2019-05-14,-0.02674946000704984,-0.02674946000704984,-0.000371587149553391,0.0030336979700363634,1.309593831233095e-06,-2.0725515378508663e-07
2019-05-15,-0.02566836310763139,-0.02566836310763139,-0.010748276100993583,0.010376688951440192,-4.9415314905570655e-05,-5.460365938129075e-05
2019-05-16,-0.019435977710440425,-0.019435977710440425,-0.02674946000704984,0.016001183906056256,-0.0002683872439999832,-0.00027638783595301136
2019-05-17,-0.003874502896362335,-0.003874502896362335,-0.02566836310763139,0.0010810968994184496,-0.0003176114382463121,-0.00031815198669602135
2019-05-20,0.054837184537905086,0.054837184537905086,-0.019435977710440425,0.006232385397190964,-0.00030781947933273434,-0.0003109356720313298
2019-05-21,0.1345983450508914,0.1345983450508914,-0.003874502896362335,0.01556147481407809,-3.217212340212895e-05,-3.9952860809168e-05
2019-05-22,0.1564525204141563,0.1564525204141563,0.054837184537905086,0.05871168743426742,-0.0002304080483769621,-0.00025976389209409585
2019-05-23,0.15492798626247117,0.15492798626247117,0.1345983450508914,0.07976116051298632,-0.0008632404438504526,-0.0009031210241069458
2019-05-24,0.19411311854061566,0.19411311854061566,0.1564525204141563,0.021854175363264894,0.0011959307489577515,0.0011850036612761192
2019-05-28,0.18198029704307456,0.18198029704307456,0.15492798626247117,0.0015245341516851307,-0.0015409021073700586,-0.0015416643744459013
2019-05-29,0.1480909300290396,0.1480909300290396,0.19411311854061566,0.03918513227814449,-0.0018178262137495225,-0.0018374187798885946
2019-05-30,0.040544435728469004,0.040544435728469004,0.18198029704307456,0.012132821497541108,-0.0042226906559323495,-0.00422875706668112
2019-05-31,-0.306303709514354,-0.306303709514354,0.1480909300290396,0.03388936701403494,-0.00646249878084952,-0.006479443464356537
2019-06-03,-0.2763432609494173,-0.2763432609494173,0.040544435728469004,0.10754649430057062,0.0015143467646154768,0.0014605735174651915
2019-06-04,-0.26879000612351794,-0.26879000612351794,-0.306303709514354,0.346848145242823,0.0008691973943701429,0.0006957733217487314
2019-06-05,-0.1953961428894293,-0.1953961428894293,-0.2763432609494173,0.02996044856493668,-0.0039814091515183204,-0.003996389375800788
2019-06-06,-0.10463772583805818,-0.10463772583805818,-0.26879000612351794,0.007553254825899358,-0.0024036730841446438,-0.0024074497115575935
2019-06-07,-0.06880308682684955,-0.06880308682684955,-0.1953961428894293,0.07339386323408864,0.001018709009019438,0.0009820120774023937
2019-06-10,-0.1387671092859686,-0.1387671092859686,-0.10463772583805818,0.09075841705137112,0.0019925721646747306,0.001947192956149045
2019-06-11,-0.1257882656662328,-0.1257882656662328,-0.06880308682684955,0.03583463901120863,-0.0008332230117782936,-0.0008511403312838979
2019-06-12,-0.07292917743176691,-0.07292917743176691,-0.1387671092859686,0.06996402245911906,-0.001294171135493529,-0.0013291531467230886
2019-06-13,-0.01713332708031033,-0.01713332708031033,-0.1257882656662328,0.012978843619735808,-0.0005701716192235464,-0.0005766610410334143
2019-06-14,0.048824083120324754,0.048824083120324754,-0.07292917743176691,0.05285908823446589,-0.0008353496507280017,-0.0008617791948452347
2019-06-17,0.04533868383514733,0.04533868383514733,-0.01713332708031033,0.05579585035145658,0.00019108695648628672,0.00016318903131055842
2019-06-18,0.0337709125664361,0.0337709125664361,0.048824083120324754,0.06595741020063509,-0.0002541593283752139,-0.0002871380334755314
2019-06-19,0.034561432447662764,0.034561432447662764,0.04533868383514733,0.0034853992851774235,0.00023725072088474314,0.00023550802124215443
2019-06-20,0.026166904503898376,0.026166904503898376,0.0337709125664361,0.011567771268711231,-0.00016994108998021217,-0.0001757249756145678
2019-06-21,0.0521919604568602,0.0521919604568602,0.034561432447662764,0.0007905198812266645,0.00025917188684643645,0.0002587766269058231
2019-06-24,0.07334693468244921,0.07334693468244921,0.026166904503898376,0.008394527943764388,0.00022648240121036855,0.00022228513723848635
2019-06-25,0.0718228480121902,0.0718228480121902,0.0521919604568602,0.026025055952961822,-0.00024182815824719866,-0.00025484068622367954
2019-06-26,0.05109188142846657,0.05109188142846657,0.07334693468244921,0.021154974225589013,-0.0012772622164876736,-0.001287839703600468
2019-06-27,0.04446120999079832,0.04446120999079832,0.0718228480121902,0.001524086670259009,0.00032765691793843615,0.00032689487460330665
2019-06-28,0.03443249018494453,0.03443249018494453,0.05109188142846657,0.02073096658372363,-0.00010708378697592864,-0.00011744927026779045
2019-07-01,0.019778585477801904,0.019778585477801904,0.04446120999079832,0.0066306714376682535,-0.00036577252309948625,-0.00036908785881832037
2019-07-02,0.08157456228761054,0.08157456228761054,0.03443249018494453,0.010028719805853792,0.0008933244209704747,0.0008883100610675477
2019-07-03,0.12203638625216259,0.12203638625216259,0.019778585477801904,0.014653904707142625,0.0,-7.326952353571312e-06
2019-07-05,0.16299125044447055,0.16299125044447055,0.08157456228761054,0.06179597680980863,0.0002526088153310604,0.0002217108269261561
2019-07-08,0.15805062075032197,0.15805062075032197,0.12203638625216259,0.04046182396455206,-0.0008790410299317499,-0.0008992719419140259
2019-07-09,0.11138733208500137,0.11138733208500137,0.16299125044447055,0.040954864192307955,-0.0024951775737712934,-0.0025156550058674475
2019-07-10,0.1119503483726532,0.1119503483726532,0.15805062075032197,0.004940629694148574,0.0016530835241575963,0.001650613209310522
2019-07-11,0.10028773161133285,0.10028773161133285,0.11138733208500137,0.0466632886653206,-0.00015639334351740832,-0.00017972498785006862
2019-07-12,0.10614961939149095,0.10614961939149095,0.1119503483726532,0.0005630162876518324,0.0005310591631349776,0.0005307776549911517
2019-07-15,0.13912832811891573,0.13912832811891573,0.10028773161133285,0.011662616761320355,0.0006839109066071377,0.0006780795982264775
2019-07-16,0.1441197113261125,0.1441197113261125,0.10614961939149095,0.005861887780158101,-0.00031339497920930505,-0.0003163259230993841
2019-07-17,0.10642671778864529,0.10642671778864529,0.13912832811891573,0.03297870872742478,-0.00046045738201448173,-0.0004769467363781941
2019-07-18,0.08238455063500054,0.08238455063500054,0.1441197113261125,0.004991383207196776,-2.518589062180366e-05,-2.7681582225402047e-05
2019-07-19,0.05879434414632068,0.05879434414632068,0.10642671778864529,0.03769299353746722,-0.0011533793127858779,-0.0011722258095546115
2019-07-22,0.015781657734480092,0.015781657734480092,0.08238455063500054,0.024042167153644753,-0.0015868544542780943,-0.0015988755378549167
2019-07-23,-0.006945186403458368,-0.006945186403458368,0.05879434414632068,0.023590206488679856,-2.1162109779670968e-05,-3.2957213024010896e-05
2019-07-24,-0.009593883590337242,-0.009593883590337242,0.015781657734480092,0.04301268641184059,0.00013938439758207942,0.00011787805437615912
2019-07-25,-0.004730613073314176,-0.004730613073314176,-0.006945186403458368,0.022726844137938462,-4.839214715796448e-05,-5.975556922693371e-05
2019-07-26,0.022093638985997005,0.022093638985997005,-0.009593883590337242,0.0026486971868788737,-0.0001225636936796257,-0.00012388804227306512
2019-07-29,0.05270864238895992,0.05270864238895992,-0.004730613073314176,0.004863270517023066,-2.4035178399855804e-05,-2.6466813658367337e-05
2019-07-30,0.04690623610172917,0.04690623610172917,0.022093638985997005,0.02682425205931118,-0.00028497877190027267,-0.00029839089792992827
2019-07-31,-0.02612274096183049,-0.02612274096183049,0.05270864238895992,0.030615003402962915,-0.0012658472473786187,-0.0012811547490801
2019-08-01,-0.07568016066467165,-0.07568016066467165,0.04690623610172917,0.005802406287230749,-8.48638895412361e-06,-1.1387592097738985e-05
2019-08-02,-0.08640504463019091,-0.08640504463019091,-0.02612274096183049,0.07302897706355965,-0.00015600324185330625,-0.00019251773038508608
2019-08-05,-0.10687721459098226,-0.10687721459098226,-0.07568016066467165,0.04955741970284116,0.0005037429532403824,0.00047896424338896183
2019-08-06,-0.13381981892585243,-0.13381981892585243,-0.08640504463019091,0.010724883965519266,0.00026598609783472563,0.00026062365585196597
2019-08-07,-0.14361240214010623,-0.14361240214010623,-0.10687721459098226,0.020472169960791348,-7.766609602508159e-05,-8.790218100547726e-05
2019-08-08,-0.11408463560330545,-0.11408463560330545,-0.13381981892585243,0.026942604334870168,-0.001773247013409077,-0.001786718315576512
2019-08-09,-0.09191379469755186,-0.09191379469755186,-0.14361240214010623,0.009792583214253803,0.00010289208556882908,9.799579396170218e-05
2019-08-12,-0.07915029475766158,-0.07915029475766158,-0.11408463560330545,0.02952776653680078,0.0001840890219709778,0.0001693251387025774
2019-08-13,-0.049800043437244534,-0.049800043437244534,-0.09191379469755186,0.022170840905753594,-0.001122289981994091,-0.0011333754024469677
2019-08-14,-0.03918727606020282,-0.03918727606020282,-0.07915029475766158,0.012763499939890274,0.0009126484638978363,0.0009062667139278912
2019-08-15,-0.024615154117933767,-0.024615154117933767,-0.049800043437244534,0.029350251320417048,-0.0005183663933868102,-0.0005330415190470187
2019-08-16,-0.00966532804193325,-0.00966532804193325,-0.03918727606020282,0.010612767377041712,-0.00024361708449107547,-0.00024892346817959634
2019-08-19,0.0042351507702249646,0.0042351507702249646,-0.024615154117933767,0.014572121942269055,-0.00015208550848983581,-0.00015937156946097035
2019-08-20,0.011507928294757594,0.011507928294757594,-0.00966532804193325,0.014949826076000518,0.00012378460141347823,0.00011630968837547797
2019-08-21,0.04078467653839967,0.04078467653839967,0.0042351507702249646,0.013900478812158213,2.4083723593037457e-05,1.713348418695835e-05
2019-08-22,0.06522732891878828,0.06522732891878828,0.011507928294757594,0.007272777524532629,3.8637221220893285e-05,3.500083245862697e-05
2019-08-23,0.05147510412264841,0.05147510412264841,0.04078467653839967,0.029276748243642077,-0.0006177306861347516,-0.0006323690602565727
2019-08-26,0.06792892575552194,0.06792892575552194,0.06522732891878828,0.02444265238038861,0.0009214955959618613,0.000909274269771667
2019-08-27,0.16132474411538894,0.16132474411538894,0.05147510412264841,0.01375222479613987,0.0004265964081358374,0.0004197202957377675
2019-08-28,0.4408831627435926,0.4408831627435926,0.06792892575552194,0.016453821632873525,0.0009147772928393131,0.0009065503820228763
2019-08-29,0.6204701745246612,0.6204701745246612,0.16132474411538894,0.093395818359867,-2.785330851866998e-05,-7.455121769860349e-05
2019-08-30,0.7469801163497742,0.7469801163497742,0.4408831627435926,0.2795584186282037,0.001674020263999375,0.001534241054685273
2019-09-03,0.7637894512099745,0.7637894512099745,0.6204701745246612,0.17958701178106862,-0.0012800852802869157,-0.00136987878617745
2019-09-04,0.8425263008066497,0.8425263008066497,0.7469801163497742,0.126509941825113,0.0018017368975231374,0.0017384819266105809
2019-09-05,0.8950175338711,0.8950175338711,0.7637894512099745,0.01680933486020031,0.005382495255376897,0.005374090587946797
2019-09-06,0.9300116892474,0.9300116892474,0.8425263008066497,0.07873684959667515,0.006758496714594472,0.0067191282897961346
2019-09-09,0.7507225158477809,0.7507225158477809,0.8950175338711,0.05249123306445025,-0.00606166983296624,-0.006087915449498465
2019-09-10,0.8338150105651874,0.8338150105651874,0.9300116892474,0.03499415537630002,0.016647011438009444,0.016629514360321295
2019-09-11,0.8892100070434583,0.8892100070434583,0.7507225158477809,0.17928917339961903,0.005280716965388611,0.005191072378688801
2019-09-12,0.926140004695639,0.926140004695639,0.8338150105651874,0.08309249471740643,0.004159965123690607,0.004118418876331904
2019-09-13,0.7857274901476813,0.7857274901476813,0.8892100070434583,0.05539499647827095,-0.006916042785691666,-0.006943740283930802
2019-09-16,0.6289396491290404,0.6289396491290404,0.926140004695639,0.036929997652180635,-0.007105285831739807,-0.007123750830565897
2019-09-17,0.5822964193835548,0.5822964193835548,0.7857274901476813,0.14041251454795767,0.00488605823104796,0.004815851973773981
2019-09-18,0.5651181205191611,0.5651181205191611,0.6289396491290404,0.15678784101864085,0.000630398741332585,0.0005520048208232645
2019-09-19,0.5633515768547344,0.5633515768547344,0.5822964193835548,0.046643229745485626,0.0004857934183472445,0.00046247180347450166
2019-09-20,0.6534820934046057,0.6534820934046057,0.5651181205191611,0.017178298864393704,0.0029207355394574304,0.0029121463900252335
2019-09-23,0.6797301044404305,0.6797301044404305,0.5633515768547344,0.0017665436644267452,-0.000747544367545446,-0.0007484276393776593
2019-09-24,0.7864867362936203,0.7864867362936203,0.6534820934046057,0.09013051654987136,0.003256063774986109,0.0032109985167111735
2019-09-25,0.7113979402376994,0.7113979402376994,0.6797301044404305,0.026248011035824748,-0.0026958273059146274,-0.0027089513114325397
2019-09-26,0.7573758054169666,0.7573758054169666,0.7864867362936203,0.10675663185318984,0.0022181539242811326,0.0021647756083545376
2019-09-27,0.6848098382063157,0.6848098382063157,0.7113979402376994,0.07508879605592089,-0.001647708220303779,-0.0016852526183317395
2019-09-30,0.6170736629705704,0.6170736629705704,0.7573758054169666,0.04597786517926716,0.0007535044551965324,0.0007305155226068988
2019-10-01,0.45428584527533283,0.45428584527533283,0.6848098382063157,0.0725659672106509,-0.005786118018232516,-0.005822401001837841
2019-10-02,0.3358437078260924,0.3358437078260924,0.6170736629705704,0.06773617523574527,-0.009691721009346987,-0.00972558909696486
2019-10-03,0.2636436960071504,0.2636436960071504,0.45428584527533283,0.1627878176952376,0.0007711199543579196,0.0006897260455103008
2019-10-04,0.343463170391345,0.343463170391345,0.3358437078260924,0.11844213744924043,0.00506530561765565,0.005006084548931029
2019-10-07,0.47917556486492363,0.47917556486492363,0.2636436960071504,0.07220001181894203,0.0015404995144113025,0.0015043995085018314
2019-10-08,0.4647530218728412,0.4647530218728412,0.343463170391345,0.07981947438419462,-0.003021403549479141,-0.0030613132866712384
2019-10-09,0.4738049616363463,0.4738049616363463,0.47917556486492363,0.13571239447357863,0.0009324305307325332,0.0008645743334957438
2019-10-10,0.63067317487567,0.63067317487567,0.4647530218728412,0.014422542992082454,0.004787096790455731,0.00477988551895969
2019-10-11,0.75378211658378,0.75378211658378,0.4738049616363463,0.009051939763505101,0.0007919969355387699,0.0007874709656570174
2019-10-14,0.745802889440127,0.745802889440127,0.63067317487567,0.1568682132393237,-0.0034727105431251763,-0.0035511446497448382
2019-10-15,0.8305352596267513,0.8305352596267513,0.75378211658378,0.12310894170811004,0.012014847326621421,0.011953292855767366
2019-10-16,0.8130539000041008,0.8130539000041008,0.745802889440127,0.007979227143653067,-0.003202355860050671,-0.0032063454736224973
2019-10-17,0.8333156348541766,0.8333156348541766,0.8305352596267513,0.08473237018662438,0.0016530881585375863,0.001610721973444274
2019-10-18,0.8888770899027845,0.8888770899027845,0.8130539000041008,0.017481359622650516,0.008613500572763985,0.00860475989295266
2019-10-21,0.8456584437342374,0.8456584437342374,0.8333156348541766,0.020261734850075763,-0.004094628740630408,-0.004104759608055446
2019-10-22,0.8105402017492013,0.8105402017492013,0.8888770899027845,0.05556145504860788,0.0002924981431035709,0.000264717415579267
2019-10-23,0.8195058661332435,0.8195058661332435,0.8456584437342374,0.04321864616854709,0.0015307626832604204,0.0015091533601761468
2019-10-24,0.7601481033434262,0.7601481033434262,0.8105402017492013,0.0351182419850361,-0.003993988595147653,-0.004011547716140171
2019-10-25,0.6856231916092858,0.6856231916092858,0.8195058661332435,0.008965664384042227,-0.002840898225186946,-0.002845381057378967
2019-10-28,0.6039508035224675,0.6039508035224675,0.7601481033434262,0.0593577627898173,-0.0023926539399120868,-0.002422332821306995
2019-10-29,0.48355813096856237,0.48355813096856237,0.6856231916092858,0.07452491173414044,0.00011397215587343039,7.670970000636017e-05
2019-10-30,0.56743494057369,0.56743494057369,0.6039508035224675,0.0816723880868182,0.006321609112968818,0.006280772918925409
2019-10-31,0.532529666421393,0.532529666421393,0.48355813096856237,0.12039267255390518,-0.0027827528753994876,-0.0028429492116764403
2019-11-01,0.45123270453314557,0.45123270453314557,0.56743494057369,0.08387680960512767,-0.0009383080563434545,-0.0009802464611460184
2019-11-04,0.3528894727794438,0.3528894727794438,0.532529666421393,0.03490527415229705,-0.004410734664021075,-0.004428187301097223
2019-11-05,0.2683277024902959,0.2683277024902959,0.45123270453314557,0.08129696188824742,-0.002788600617379892,-0.002829249098324016
2019-11-06,0.29519372687353607,0.29519372687353607,0.3528894727794438,0.09834323175370174,0.0037365949970999336,0.0036874233812230826
2019-11-07,0.38389515290664367,0.38389515290664367,0.2683277024902959,0.08456177028914791,0.001784933062941799,0.001742652177797225
2019-11-08,0.33296943108486005,0.33296943108486005,0.29519372687353607,0.02686602438324015,-0.005754633893875996,-0.005768066906067616
2019-11-11,0.3233484046410886,0.3233484046410886,0.38389515290664367,0.0887014260331076,0.001681784674138154,0.0016374339611216
2019-11-12,0.29268984843808654,0.29268984843808654,0.33296943108486005,0.05092572182178362,-0.001619867828408116,-0.0016453306893190079
2019-11-13,0.27292202997963355,0.27292202997963355,0.3233484046410886,0.009621026443771441,0.0004905232396589542,0.0004857127264370685
2019-11-14,0.25365265159303113,0.25365265159303113,0.29268984843808654,0.030658556203002063,-0.00034482719166682095,-0.000360156469768322
2019-11-15,0.2559568395502215,0.2559568395502215,0.27292202997963355,0.01976781845845299,0.000781840079842954,0.0007719561706137274
2019-11-18,0.2316748938393438,0.2316748938393438,0.25365265159303113,0.01926937838660242,-0.00029838217690376917,-0.0003080168660970704
2019-11-19,0.2071225740437379,0.2071225740437379,0.2559568395502215,0.0023041879571903956,0.0002583695112482376,0.0002572174172696424
2019-11-20,0.15969131390837868,0.15969131390837868,0.2316748938393438,0.024281945710877717,-7.785963930837643e-05,-9.000061216381529e-05
2019-11-21,0.13614726653230516,0.13614726653230516,0.2071225740437379,0.024552319795605904,0.0004527237598016503,0.00044044759990384736
2019-11-22,0.09092178815259035,0.09092178815259035,0.15969131390837868,0.04743126013535923,0.00037505763906762877,0.00035134200899994915
2019-11-25,0.06077681458877216,0.06077681458877216,0.13614726653230516,0.023544047376073518,-0.0008430871850009785,-0.0008548592086890152
2019-11-26,0.04532177001334948,0.04532177001334948,0.09092178815259035,0.045225478379714815,0.0007808994190778981,0.0007582866798880407
2019-11-27,0.03721961881845066,0.03721961881845066,0.06077681458877216,0.030144973563818185,0.00021309907060242667,0.00019802658382051758
2019-11-29,0.03462494923131813,0.03462494923131813,0.04532177001334948,0.015455044575422683,0.0001055767558149027,9.784923352719135e-05
2019-12-02,0.030045472162748648,0.030045472162748648,0.03721961881845066,0.008102151194898821,-0.00017299223214716758,-0.000177043307744617
2019-12-03,0.029923997767524805,0.029923997767524805,0.03462494923131813,0.002594669587132524,0.00010393809353513075,0.00010264075874156448
2019-12-04,0.07537091847452332,0.07537091847452332,0.030045472162748648,0.004579477068569485,0.00019484184809825893,0.00019255210956397418
2019-12-05,0.19627494463285483,0.19627494463285483,0.029923997767524805,0.00012147439522384312,0.0001433678474949248,0.00014330711029731288
2019-12-06,0.46418329642190326,0.46418329642190326,0.07537091847452332,0.04544692070699852,0.0004585136541531052,0.00043579019379960595
2019-12-09,0.506629943105561,0.506629943105561,0.19627494463285483,0.12090402615833151,-0.0005773581900372385,-0.0006378102031164043
2019-12-10,0.6710866287370407,0.6710866287370407,0.46418329642190326,0.2679083517890484,0.0016738226726148028,0.0015398684967202786
2019-12-11,0.6258417494230333,0.6258417494230333,0.506629943105561,0.04244664668365772,-0.0012411840628602719,-0.0012624073862021008
2019-12-12,0.6744911301245724,0.6744911301245724,0.6710866287370407,0.16445668563147975,0.0009887736518307312,0.0009065453090149913
2019-12-13,0.5387568378400224,0.5387568378400224,0.6258417494230333,0.04524487931400745,-0.0036830720431264095,-0.0037056944827834133
2019-12-16,0.6925045585600149,0.6925045585600149,0.6744911301245724,0.048649380701539124,0.004658506116262734,0.004634181425911964
2019-12-17,0.79500303904001,0.79500303904001,0.5387568378400224,0.13573429228455003,0.002287642607435413,0.002219775461293138
2019-12-18,0.616380306037201,0.616380306037201,0.6925045585600149,0.15374772071999254,-0.007094945816926874,-0.007171819677286871
2019-12-19,0.4830187155261415,0.4830187155261415,0.79500303904001,0.1024984804799951,-0.0007837725527315195,-0.000835021792971517
2019-12-20,0.655345810350761,0.655345810350761,0.616380306037201,0.17862273300280906,0.012874973835117117,0.012785662468615714
2019-12-23,0.5890527731801869,0.5890527731801869,0.4830187155261415,0.13336159051105945,-0.005213885236265324,-0.005280566031520853
2019-12-24,0.523319875124849,0.523319875124849,0.655345810350761,0.1723270948246195,-0.0012807520026033037,-0.0013669155500156134
2019-12-26,0.4820479326453152,0.4820479326453152,0.5890527731801869,0.06629303717057411,9.610716938150083e-05,6.296065079621377e-05
2019-12-27,0.5019400912655476,0.5019400912655476,0.523319875124849,0.06573289805533788,0.0020491826884990053,0.002016316239471336
2019-12-30,0.4244816891898512,0.4244816891898512,0.4820479326453152,0.04127194247953381,-0.00250693224272404,-0.0025275682139638067
2019-12-31,0.4092058878917962,0.4092058878917962,0.5019400912655476,0.019892158620232414,0.0015580016939992112,0.001548055614689095
2020-01-02,0.3384533061493051,0.3384533061493051,0.4244816891898512,0.07745840207569643,-0.0024197083868494756,-0.002458437587887324
2020-01-03,0.19445284113342526,0.19445284113342526,0.4092058878917962,0.015275801298055003,-0.004356701713048553,-0.00436433961369758
2020-01-06,0.06946998771968119,0.06946998771968119,0.3384533061493051,0.0707525817424911,-0.000728483469586546,-0.0007638597604577916
2020-01-07,-0.10714539455883691,-0.10714539455883691,0.19445284113342526,0.14400046501587982,-0.0021616482216289023,-0.0022336484541368423
2020-01-08,-0.17814863309746112,-0.17814863309746112,0.06946998771968119,0.12498285341374407,0.0001282060377214129,6.571461101454086e-05
2020-01-09,-0.33502384807105656,-0.33502384807105656,-0.10714539455883691,0.17661538227851808,0.0004442221254426,0.000355914434303341
2020-01-10,-0.38107277462609584,-0.38107277462609584,-0.17814863309746112,0.07100323853862421,-0.00042384070161860776,-0.00045934232088791987
2020-01-13,-0.35559170166456006,-0.35559170166456006,-0.33502384807105656,0.15687521497359544,-0.0009087149364633531,-0.0009871525439501508
2020-01-14,-0.3701046305753055,-0.3701046305753055,-0.38107277462609584,0.04604892655503928,0.0007087999858845247,0.0006857755226070051
2020-01-15,-0.35783691742844603,-0.35783691742844603,-0.35559170166456006,0.02548107296153579,-0.0003614874995522321,-0.00037422803603300004
2020-01-16,-0.2752730974711045,-0.2752730974711045,-0.3701046305753055,0.01451292891074546,-0.003569506158834165,-0.003576762623289538
2020-01-17,-0.17791165826741398,-0.17791165826741398,-0.35783691742844603,0.012267713146859482,-0.002758641925809612,-0.0027647757823830417
2020-01-21,-0.0984552804777998,-0.0984552804777998,-0.2752730974711045,0.08256381995734152,-0.0008696951843875617,-0.0009109770943662325
2020-01-22,-0.0558575365244435,-0.0558575365244435,-0.17791165826741398,0.09736143920369053,-0.0004719585562245248,-0.00052063927582637
2020-01-23,-0.0256367002317915,-0.0256367002317915,-0.0984552804777998,0.07945637778961417,-4.8834135466192267e-05,-8.856232436099936e-05
2020-01-24,-0.012804963983023701,-0.012804963983023701,-0.0558575365244435,0.042597743953356304,0.00021232772082050753,0.0001910288488438294
2020-01-27,-0.014364696791997117,-0.014364696791997117,-0.0256367002317915,0.030220836292652,0.00015735279734018753,0.00014224237919386153
2020-01-28,0.053126831367687505,0.053126831367687505,-0.012804963983023701,0.0128317362487678,-0.00016885101233418928,-0.00017526688045857317
2020-01-29,-0.0434498657551805,-0.0434498657551805,-0.014364696791997117,0.0015597328089734155,0.0002768786174742932,0.0002760987510698065
2020-01-30,-0.141323253546422,-0.141323253546422,0.053126831367687505,0.06749152815968462,-0.00015172896572224372,-0.00018547472980208604
2020-01-31,-0.18589157384662358,-0.18589157384662358,-0.0434498657551805,0.09657669712286801,-5.856122452924503e-05,-0.00010684957309067903
2020-02-03,-0.45726104923108235,-0.45726104923108235,-0.141323253546422,0.0978733877912415,0.00330482104185769,0.003255884347962069
2020-02-04,-0.5562128020852303,-0.5562128020852303,-0.18589157384662358,0.04456832030020158,-0.0007685355279393503,-0.0007908196880894511
2020-02-05,-0.45337289224005073,-0.45337289224005073,-0.45726104923108235,0.27136947538445877,-0.006589513426357376,-0.006725198164049605
2020-02-06,-0.34161987967782154,-0.34161987967782154,-0.5562128020852303,0.09895175285414792,-0.0029159509026929833,-0.0029654267791200573
2020-02-07,-0.19569403648048792,-0.19569403648048792,-0.45337289224005073,0.10283990984517954,-0.0038137669084016453,-0.003865186863324235
2020-02-10,-0.05384310127897693,-0.05384310127897693,-0.34161987967782154,0.11175301256222919,-0.001709774418448695,-0.0017656509247298096
2020-02-11,-0.20393762700872287,-0.20393762700872287,-0.19569403648048792,0.14592584319733362,0.005035301072258276,0.004962338150659609
2020-02-12,-0.41115589936048214,-0.41115589936048214,-0.05384310127897693,0.14185093520151099,0.0004220038679975174,0.0003510784003967619
2020-02-13,-0.4460812962878722,-0.4460812962878722,-0.20393762700872287,0.15009452572974594,-0.0014709502007335964,-0.0015459974635984694
2020-02-14,-0.5000660620473287,-0.5000660620473287,-0.41115589936048214,0.20721827235175927,0.0009814942580200871,0.0008778851218442075
2020-02-18,-0.6667107080315525,-0.6667107080315525,-0.4460812962878722,0.03492539692739005,0.004574318596738165,0.00455685589827447
2020-02-19,-0.6769116924154559,-0.6769116924154559,-0.5000660620473287,0.05398476575945654,-0.0026768790500023548,-0.002703871432882083
2020-02-20,-0.7160189162821282,-0.7160189162821282,-0.6667107080315525,0.1666446459842238,0.0014888323088511194,0.0014055099858590076
2020-02-21,-0.705824496558688,-0.705824496558688,-0.6769116924154559,0.010200984383903378,-0.001281909067028887,-0.0012870095592208387
2020-02-24,-0.7685211932849697,-0.7685211932849697,-0.7160189162821282,0.039107223866672314,0.00258356232506399,0.0025640087131306535
2020-02-25,-0.8456807955233132,-0.8456807955233132,-0.705824496558688,0.010194419723440262,0.010589196124938511,0.01058409891507679
2020-02-26,-0.8848194044688602,-0.8848194044688602,-0.7685211932849697,0.06269669672628175,-0.00026927493858882093,-0.00030062328695196184
2020-02-27,-0.9232129363125736,-0.9232129363125736,-0.8456807955233132,0.0771596022383435,0.030784471581429558,0.030745891780310387
2020-02-28,-0.9488086242083824,-0.9488086242083824,-0.8848194044688602,0.03913860894554699,0.01446315026445757,0.014443580959984796
2020-03-02,-0.6581521366947237,-0.6581521366947237,-0.9232129363125736,0.03839353184371341,-0.053865148830718,-0.05388434559663986
2020-03-03,-0.5938977540857596,-0.5938977540857596,-0.9488086242083824,0.025595687895808794,0.02681535761243787,0.026802559768489966
2020-03-04,-0.3638465960875269,-0.3638465960875269,-0.6581521366947237,0.2906564875136587,-0.028594812558935555,-0.028740140802692386
2020-03-05,-0.2811166387536854,-0.2811166387536854,-0.5938977540857596,0.0642543826089641,0.009809799524810791,0.009777672333506309
2020-03-06,-0.24796029121832036,-0.24796029121832036,-0.3638465960875269,0.23005115799823272,0.0018460631904459231,0.0017310376114468068
2020-03-09,-0.31191284099424754,-0.31191284099424754,-0.2811166387536854,0.08272995733384148,0.005140788486877048,0.005099423508210127
2020-03-10,-0.2959052502143318,-0.2959052502143318,-0.24796029121832036,0.03315634753536506,-0.0030645257161687665,-0.003081103889936449
2020-03-11,-0.44552454544897424,-0.44552454544897424,-0.31191284099424754,0.06395254977592718,0.009326448892311372,0.009294472617423407
2020-03-12,-0.6303496969659829,-0.6303496969659829,-0.2959052502143318,0.01600759077991576,0.019590226513254268,0.01958222271786431
2020-03-13,-0.5267634426458673,-0.5267634426458673,-0.44552454544897424,0.14961929523464246,-0.025843869077080705,-0.025918678724698028
2020-03-16,-0.6845089617639115,-0.6845089617639115,-0.6303496969659829,0.18482515151700862,0.03700417330147177,0.03691176072571327
2020-03-17,-0.5440672108742681,-0.5440672108742681,-0.5267634426458673,0.10358625432011559,-0.03429796004258621,-0.03434975316974626
2020-03-18,-0.4475667532635053,-0.4475667532635053,-0.6845089617639115,0.15774551911804424,-0.0001261239646708354,-0.00020499672422985755
2020-03-19,-0.41583296815586046,-0.41583296815586046,-0.5440672108742681,0.1404417508896434,0.007011293314366529,0.0069410724389217075
2020-03-20,-0.5298149838241833,-0.5298149838241833,-0.4475667532635053,0.09650045761076281,0.015191512013811167,0.015143261785005786
2020-03-23,-0.6865433225494556,-0.6865433225494556,-0.41583296815586046,0.03173378510764485,0.011961143092765499,0.011945276200211677
2020-03-24,-0.7910288816996371,-0.7910288816996371,-0.5298149838241833,0.11398201566832289,0.003369943499679334,0.0033129524918451727
2020-03-25,-0.8606859211330915,-0.8606859211330915,-0.6865433225494556,0.15672833872527225,0.0006869222533135379,0.0006085580839509017
2020-03-26,-0.6474368852495133,-0.6474368852495133,-0.7910288816996371,0.10448555915018154,-0.05702259880255854,-0.057074841582133634
2020-03-27,-0.540135318306212,-0.540135318306212,-0.8606859211330915,0.06965703943345436,0.01237825457666338,0.012343426056946653
2020-03-30,-0.371446146205448,-0.371446146205448,-0.6474368852495133,0.21324903588357824,-0.024538143580141017,-0.024644768098082807
2020-03-31,-0.2943881104729806,-0.2943881104729806,-0.540135318306212,0.10730156694330129,0.010256356050706242,0.010202705267234592
2020-04-01,-0.2776403769901083,-0.2776403769901083,-0.371446146205448,0.16868917210076395,0.005599677648777204,0.005515333062726822
2020-04-02,-0.1781635333353165,-0.1781635333353165,-0.2943881104729806,0.07705803573246744,-0.01296155329730038,-0.013000082315166613
2020-04-03,-0.13083146755425543,-0.13083146755425543,-0.2776403769901083,0.016747733482872285,0.0027639155690210105,0.002755541702279574
2020-04-06,-0.033498036066720055,-0.033498036066720055,-0.1781635333353165,0.09947684365479179,-0.0065142631304856155,-0.006564001552313011
2020-04-07,0.04047873326353808,0.04047873326353808,-0.13083146755425543,0.04733206578106108,-0.0006460741628405168,-0.0006697401957310474
2020-04-08,0.1225642408342186,0.1225642408342186,-0.033498036066720055,0.09733343148753537,-0.00048206704558174625,-0.0005307337613255139
2020-04-09,0.15825572149395106,0.15825572149395106,0.04047873326353808,0.07397676933025814,0.00018051211576109697,0.0001435237310959679
2020-04-13,0.15345949942938322,0.15345949942938322,0.1225642408342186,0.08208550757068052,-0.0016430304174213132,-0.0016840731712066534
2020-04-14,0.2040575555293441,0.2040575555293441,0.15825572149395106,0.03569148065973246,0.004105095002412058,0.004087249262082192
2020-04-15,0.1857774570909866,0.1857774570909866,0.15345949942938322,0.00479622206456784,-0.003193752337769184,-0.003196150448801468
2020-04-16,0.19210425138963785,0.19210425138963785,0.2040575555293441,0.050598056099960875,0.0026165403960730516,0.002591241368023071
2020-04-17,0.21038463275699598,0.21038463275699598,0.1857774570909866,0.01828009843835751,0.0025775526014627887,0.00256841255224361
2020-04-20,0.19961920609256023,0.19961920609256023,0.19210425138963785,0.006326794298651267,-0.0010843531606231712,-0.0010875165577724968
2020-04-21,0.14950347752265022,0.14950347752265022,0.21038463275699598,0.01828038136735813,-0.00474120836587477,-0.004750348556558449
2020-04-22,0.15249024598987576,0.15249024598987576,0.19961920609256023,0.010765426664435751,0.004110459459631102,0.004105076746298884
2020-04-23,0.1508276489446769,0.1508276489446769,0.14950347752265022,0.050115728569910006,-0.0010312625878742953,-0.0010563204521592503
2020-04-24,0.16783370559864758,0.16783370559864758,0.15249024598987576,0.002986768467225537,0.0009003166839762618,0.000898823299742649
2020-04-27,0.1660329830553343,0.1660329830553343,0.1508276489446769,0.0016625970451988603,-0.0003124580435165148,-0.0003132893420391143
2020-04-28,0.14505901942238464,0.14505901942238464,0.16783370559864758,0.017006056653970675,5.806297977585274e-05,4.95599514488674e-05
2020-04-29,0.12576004032381213,0.12576004032381213,0.1660329830553343,0.0018007225433132878,0.000832576244138611,0.0008316758828669544
2020-04-30,0.0953596951732655,0.0953596951732655,0.14505901942238464,0.02097396363294965,-0.0016721819892834603,-0.001682668971099935
2020-05-01,0.0670531843794212,0.0670531843794212,0.12576004032381213,0.019298979098572505,-0.0013571919075748614,-0.0013668413971241477
2020-05-04,0.04661560414884878,0.04661560414884878,0.0953596951732655,0.03040034515054664,-0.0009900210838334107,-0.001005221256408684
2020-05-05,0.03155985936809712,0.03155985936809712,0.0670531843794212,0.02830651079384429,0.0003218942169107968,0.0003077409615138747
2020-05-06,0.021051499389355192,0.021051499389355192,0.04661560414884878,0.020437580230572426,-0.0007176686656486741,-0.0007278874557639603
2020-05-07,0.014045510177255586,0.014045510177255586,0.03155985936809712,0.01505574478075166,-3.402611667868466e-05,-4.155398906906049e-05
2020-05-08,0.02701832392233469,0.02701832392233469,0.021051499389355192,0.010508359978741926,0.0005378373986396045,0.0005325832186502335
2020-05-11,0.025739317799425454,0.025739317799425454,0.014045510177255586,0.007005989212099606,-0.0001478478624666793,-0.00015135085707272908
2020-05-12,0.02031136608172707,0.02031136608172707,0.02701832392233469,0.012972813745079106,-0.00045030623680632393,-0.0004567926436788635
2020-05-13,0.014751937747755194,0.014751937747755194,0.025739317799425454,0.0012790061229092375,-0.0002831078857433484,-0.000283747388804803
2020-05-14,0.011143297969417938,0.011143297969417938,0.02031136608172707,0.005427951717698384,2.2218102795835832e-05,1.950412693698664e-05
2020-05-15,0.008294655969635065,0.008294655969635065,0.014751937747755194,0.005559428333971876,-5.372604323084068e-05,-5.650575739782662e-05
2020-05-18,0.01257553974523277,0.01257553974523277,0.011143297969417938,0.003608639778337256,0.00020571400001365958,0.00020390968012449096
2020-05-19,0.010836146411154376,0.010836146411154376,0.008294655969635065,0.0028486419997828735,-0.00019947761848050432,-0.00020090193948039576
2020-05-20,0.008814606458676641,0.008814606458676641,0.01257553974523277,0.004280883775597705,-2.7748651746187773e-05,-2.9889093633986626e-05
2020-05-21,0.0065552317416335245,0.0065552317416335245,0.010836146411154376,0.001739393334078394,-5.791435429542008e-05,-5.8784050962459274e-05
2020-05-22,0.004522618271259132,0.004522618271259132,0.008814606458676641,0.002021539952477735,2.12309052989205e-05,2.0220135322681632e-05
2020-05-26,0.003305342018414258,0.003305342018414258,0.0065552317416335245,0.0022593747170431165,2.42333776316594e-05,2.3103690273137842e-05
2020-05-27,0.004197872841652092,0.004197872841652092,0.004522618271259132,0.002032613470374392,6.99634398062043e-05,6.89471330710171e-05
2020-05-28,0.006864357097484419,0.006864357097484419,0.003305342018414258,0.0012172762528448742,3.4767949509645254e-05,3.415931138322282e-05
2020-05-29,0.0909685125253214,0.0909685125253214,0.004197872841652092,0.0008925308232378337,0.00012506319819937956,0.00012461693278776063
2020-06-01,0.09196302340387091,0.09196302340387091,0.006864357097484419,0.002666484255832327,-0.00019140988507818842,-0.00019274312720610458
2020-06-02,0.10919992068834952,0.10919992068834952,0.0909685125253214,0.08410415542783697,0.0010111348670309083,0.0009690827893169898
2020-06-03,0.12003548359338465,0.12003548359338465,0.09196302340387091,0.000994510878549515,0.0007011615019606547,0.00070066424652138
2020-06-04,0.15097889044272012,0.15097889044272012,0.10919992068834952,0.01723689728447861,0.0007493697453257347,0.0007407512966834954
2020-06-05,0.22857217880982672,0.22857217880982672,0.12003548359338465,0.010835562905035123,0.0010908445693546358,0.0010854267879021183
2020-06-08,0.36503958899240085,0.36503958899240085,0.15097889044272012,0.03094340684933547,0.0009151964952344312,0.0008997247918097634
2020-06-09,0.42006564293184007,0.42006564293184007,0.22857217880982672,0.0775932883671066,-0.0009050317052236438,-0.0009438283494071971
2020-06-10,0.5026360662850315,0.5026360662850315,0.36503958899240085,0.13646741018257413,0.0011987287580034365,0.0011304950529121495
2020-06-11,0.42536414058190963,0.42536414058190963,0.42006564293184007,0.05502605393943921,-0.011578133603854865,-0.011605646630824584
2020-06-12,0.35167331185066725,0.35167331185066725,0.5026360662850315,0.08257042335319148,0.0007124639578600124,0.0006711787461834167
2020-06-15,0.25851049743660093,0.25851049743660093,0.42536414058190963,0.07727192570312191,-0.0028594173783470385,-0.0028980533411985996
2020-06-16,0.23400476916787966,0.23400476916787966,0.35167331185066725,0.07369082873124239,0.0048226187447968655,0.004785773330431244
2020-06-17,0.20495014145121718,0.20495014145121718,0.25851049743660093,0.09316281441406632,-0.0012262502637880141,-0.0012728316709950474
2020-06-18,0.1966838421635906,0.1966838421635906,0.23400476916787966,0.024505728268721272,0.0009914006784590445,0.000979147814324684
2020-06-19,0.14144904102502584,0.14144904102502584,0.20495014145121718,0.02905462771666248,-0.0026298933356666775,-0.0026444206495250086
2020-06-22,0.10063933138054357,0.10063933138054357,0.1966838421635906,0.008266299287626566,-0.001751055671941181,-0.0017551888215849942
2020-06-23,0.060305380842738794,0.060305380842738794,0.14144904102502584,0.05523480113856477,-0.0018297806211852955,-0.0018573980217545779
2020-06-24,-0.002033254920724585,-0.002033254920724585,0.10063933138054357,0.04080970964448227,-0.0018501034974228983,-0.0018705083522451394
2020-06-25,-0.017640010459295308,-0.017640010459295308,0.060305380842738794,0.04033395053780477,0.000391369333291755,0.00037120235802285263
2020-06-26,-0.34509334030619687,-0.34509334030619687,-0.002033254920724585,0.06233863576346338,4.195342761879755e-05,1.078410973706586e-05
2020-06-29,-0.29464273839193306,-0.29464273839193306,-0.017640010459295308,0.015606755538570723,-0.0005076934116772046,-0.00051549678944649
2020-06-30,-0.22864440161384667,-0.22864440161384667,-0.34509334030619687,0.32745332984690156,-0.0027764566078855844,-0.002940183272809035
2020-07-01,-0.22073384561127607,-0.22073384561127607,-0.29464273839193306,0.050450601914263815,0.002458464383419026,0.0024332390824618943
2020-07-02,-0.20549933686231353,-0.20549933686231353,-0.22864440161384667,0.06599833677808639,-0.0005018868864834533,-0.0005348860548724965
2020-07-06,-0.1658445858633944,-0.1658445858633944,-0.22073384561127607,0.007910556002570596,-0.0018128751321642822,-0.0018168304101655675
2020-07-07,-0.15127696789319003,-0.15127696789319003,-0.20549933686231353,0.015234508748962539,0.0007439503258712325,0.0007363330714967513
2020-07-08,-0.12009465075763803,-0.12009465075763803,-0.1658445858633944,0.03965475099891913,-0.0010244262552057358,-0.0010442536307051953
2020-07-09,-0.15421724922187188,-0.15421724922187188,-0.15127696789319003,0.014567617970204366,0.002278872433446353,0.0022715886244612507
2020-07-10,-0.13901983464378684,-0.13901983464378684,-0.12009465075763803,0.031182317135552,-0.0012245404631065389,-0.001240131621674315
2020-07-13,-0.1208501785457112,-0.1208501785457112,-0.15421724922187188,0.03412259846423385,0.0001132321792655723,9.617088003345538e-05
2020-07-14,-0.06966996642470738,-0.06966996642470738,-0.13901983464378684,0.015197414578085044,-0.002527645784466833,-0.0025352444917558755
2020-07-15,-0.04426579624148147,-0.04426579624148147,-0.1208501785457112,0.018169656098075637,0.000828308601728955,0.0008192237736799172
2020-07-16,-0.004985360821318414,-0.004985360821318414,-0.06966996642470738,0.05118021212100382,-0.0009110453296468656,-0.0009366354357073674
2020-07-17,0.055363010016898404,0.055363010016898404,-0.04426579624148147,0.02540417018322591,-0.00041264133383142577,-0.00042534341892303874
2020-07-20,0.07205960932567333,0.07205960932567333,-0.004985360821318414,0.03928043542016306,3.807441822537532e-05,1.8434200515293788e-05
2020-07-21,0.08062746091160836,0.08062746091160836,0.055363010016898404,0.060348370838216814,-2.9727412564514292e-05,-5.9901597983622696e-05
2020-07-22,0.08192584804394712,0.08192584804394712,0.07205960932567333,0.01669659930877493,-0.00011614758828538019,-0.00012449588793976766
2020-07-23,0.07270036650594236,0.07270036650594236,0.08062746091160836,0.008567851585935024,0.00014462680566322718,0.00014034287987025966
2020-07-24,0.16872154613435367,0.16872154613435367,0.08192584804394712,0.001298387132338763,0.0014668947043332435,0.0014662455107670742
2020-07-27,0.23685269364470396,0.23685269364470396,0.07270036650594236,0.00922548153800476,2.555727040768245e-05,2.094452963868007e-05
2020-07-28,0.49123512909646927,0.49123512909646927,0.16872154613435367,0.09602117962841131,0.0018097823702072223,0.0017617717803930166
2020-07-29,0.6378121630809312,0.6378121630809312,0.23685269364470396,0.06813114751035029,-0.00012361684737266168,-0.00015768242112783684
2020-07-30,0.6361925081379589,0.6361925081379589,0.49123512909646927,0.2543824354517653,-0.0012826764332660963,-0.001409867650991979
2020-07-31,0.7574616720919727,0.7574616720919727,0.6378121630809312,0.14657703398446198,0.0020036965481368377,0.0019304080311446066
2020-08-03,0.6675667949687731,0.6675667949687731,0.6361925081379589,0.0016196549429723373,-0.002656304590602666,-0.0026571144180741525
2020-08-04,0.7783778633125155,0.7783778633125155,0.7574616720919727,0.12126916395401377,0.008866180338436782,0.008805545756459775
2020-08-05,0.6760314179219069,0.6760314179219069,0.6675667949687731,0.08989487712319955,-0.004265351205595079,-0.004310298644156678
2020-08-06,0.7338341769576084,0.7338341769576084,0.7783778633125155,0.11081106834374232,0.00392320295482583,0.003867797420653959
2020-08-07,0.822556117971739,0.822556117971739,0.6760314179219069,0.10234644539060855,0.008182737018999374,0.00813156379630407
2020-08-10,0.8817040786478261,0.8817040786478261,0.7338341769576084,0.057802759035701534,0.005767614770583013,0.005738713391065162
2020-08-11,0.7268243608927394,0.7268243608927394,0.822556117971739,0.08872194101413056,-0.006693340751723325,-0.0067377017222303905
2020-08-12,0.6495615662558762,0.6495615662558762,0.8817040786478261,0.059147960676087075,0.0013562200637052299,0.0013266460833671863
2020-08-13,0.5826725277192772,0.5826725277192772,0.7268243608927394,0.1548797177550867,-0.0009919915951978062,-0.0010694314540753496
2020-08-14,0.6242734259592402,0.6242734259592402,0.6495615662558762,0.07726279463686314,0.002996733744935222,0.0029581023476167906
2020-08-17,0.6425471458180767,0.6425471458180767,0.5826725277192772,0.066889038536599,-9.909160981695518e-05,-0.00013253612908525469
2020-08-18,0.7616980972120512,0.7616980972120512,0.6242734259592402,0.041600898239962936,0.004248307682922977,0.004227507233802995
2020-08-19,0.7514105910375796,0.7514105910375796,0.6425471458180767,0.018273719858836523,-0.0014116169812702375,-0.0014207538411996558
2020-08-20,0.7021038229809836,0.7021038229809836,0.7616980972120512,0.11915095139397447,-0.0011609853823142564,-0.0012205608580112437
2020-08-21,0.6428499503744393,0.6428499503744393,0.7514105910375796,0.010287506174471606,0.0003826064505771828,0.000377462697489947
2020-08-24,0.7618999669162929,0.7618999669162929,0.7021038229809836,0.04930676805659595,0.006903038013513393,0.006878384629485095
2020-08-25,0.713312911750746,0.713312911750746,0.6428499503744393,0.059253872606544356,-0.001618647732820401,-0.001648274669123673
2020-08-26,0.7105062662811521,0.7105062662811521,0.7618999669162929,0.11905001654185365,0.0005129318633429221,0.00045340685507199525
2020-08-27,0.6858418956676269,0.6858418956676269,0.713312911750746,0.048587055165546955,-0.00035995675861081396,-0.0003842502861935874
2020-08-28,0.5856766751429681,0.5856766751429681,0.7105062662811521,0.0028066454695938603,-0.0020323413259425945,-0.0020337446486773914
2020-08-31,0.5237709164634428,0.5237709164634428,0.6858418956676269,0.02466437061352522,0.00011558545170999741,0.0001032532664032348
2020-09-01,0.4192807046638085,0.4192807046638085,0.5856766751429681,0.10016522052465882,-0.0010870245400455912,-0.0011371071503079207
2020-09-02,0.6128538031092057,0.6128538031092057,0.5237709164634428,0.0619057586795253,0.012129362198409575,0.012098409319069811
2020-09-03,0.7419025354061372,0.7419025354061372,0.4192807046638085,0.10449021179963425,0.0005541898733373851,0.000501944767437568
2020-09-04,0.7929717338835641,0.7929717338835641,0.6128538031092057,0.19357309844539716,-0.0013145070752675807,-0.0014112936244902792
2020-09-08,0.7255599481505699,0.7255599481505699,0.7419025354061372,0.12904873229693148,-0.006378827277628537,-0.006443351643777002
2020-09-09,0.6931111099502917,0.6931111099502917,0.7929717338835641,0.05106919847742697,0.0010579402454770318,0.0010324056462383182
2020-09-10,0.6133096443058297,0.6133096443058297,0.7255599481505699,0.06741178573299422,-0.006163210118495226,-0.006196916011361723
2020-09-11,0.5929571218809383,0.5929571218809383,0.6931111099502917,0.03244883820027822,0.0030271802348606092,0.00301095581576047
2020-09-14,0.6664389274185891,0.6664389274185891,0.6133096443058297,0.079801465644462,0.005436607748196088,0.005396707015373857
2020-09-15,0.7753023857669816,0.7753023857669816,0.5929571218809383,0.020352522424891384,0.0027524033384908764,0.002742227077278431
2020-09-16,0.80035735230254,0.80035735230254,0.6664389274185891,0.07348180553765082,-0.0025292591129487895,-0.002566000015717615
2020-09-17,0.8581806016955619,0.8581806016955619,0.7753023857669816,0.1088634583483925,0.002825295609604797,0.002770863880430601
2020-09-18,0.8175053129666947,0.8175053129666947,0.80035735230254,0.025054966535558387,-0.0031702179752740698,-0.003182745458541849
2020-09-21,0.6802227835391305,0.6802227835391305,0.8581806016955619,0.05782324939302186,-0.010522745901633365,-0.010551657526329876
2020-09-22,0.5951511903800657,0.5951511903800657,0.8175053129666947,0.040675288728867165,0.0028798792795018706,0.002859541635137437
2020-09-23,0.48453409351999355,0.48453409351999355,0.6802227835391305,0.13728252942756425,-0.010347737111695446,-0.010416378376409227
2020-09-24,0.4319995727918913,0.4319995727918913,0.5951511903800657,0.08507159315906476,0.0028287647787099478,0.002786228982130415
2020-09-25,0.4165827998856346,0.4165827998856346,0.48453409351999355,0.11061709686007215,0.0016371221785176635,0.0015818136300876275
2020-09-28,0.389965981079887,0.389965981079887,0.4319995727918913,0.052534520728102274,-0.00021817606281708678,-0.00024444332318113794
2020-09-29,0.35510731572376775,0.35510731572376775,0.4165827998856346,0.015416772906256648,-0.0008420619641008469,-0.0008497703505539752
2020-09-30,0.3617563445226467,0.3617563445226467,0.389965981079887,0.026616818805747622,0.0016456362538967398,0.001632327844493866
2020-10-01,0.3578298876383301,0.3578298876383301,0.35510731572376775,0.034858665356119256,-0.00023872144651435772,-0.00025615077919241737
2020-10-02,0.3307576243279214,0.3307576243279214,0.3617563445226467,0.006649028798878964,-0.0012778457428112761,-0.0012811702572107157
2020-10-05,0.34470258977208623,0.34470258977208623,0.3578298876383301,0.003926456884316587,0.0025369465761762165,0.0025349833477340583
2020-10-06,0.31750994078632666,0.31750994078632666,0.3307576243279214,0.02707226331040874,-0.001108805525927678,-0.0011223416575828823
2020-10-07,0.24150258309969713,0.24150258309969713,0.34470258977208623,0.013944965444164847,0.0008695723318084475,0.000862599849086365
2020-10-08,0.19484800443716552,0.19484800443716552,0.31750994078632666,0.02719264898575957,0.0011196479005290728,0.001106051576036193
2020-10-09,0.18036569710636954,0.18036569710636954,0.24150258309969713,0.07600735768662953,0.0005712438198530676,0.0005332401410097528
2020-10-12,0.21845264105545312,0.21845264105545312,0.19484800443716552,0.046654578662531615,0.0007224831088942577,0.0006991558195629918
2020-10-13,0.2137861332599748,0.2137861332599748,0.18036569710636954,0.014482307330795974,-0.000575473769369196,-0.000582714923034594
2020-10-14,0.18950305564692488,0.18950305564692488,0.21845264105545312,0.038086943949083574,-0.0034225146121766355,-0.0034415580841511773
2020-10-15,0.1556243730974157,0.1556243730974157,0.2137861332599748,0.0046665077954783085,-0.0009878919215696143,-0.0009902251754673535
2020-10-16,0.10193246330928897,0.10193246330928897,0.18950305564692488,0.02428307761304993,-0.000358426387990739,-0.00037056792679726397
2020-10-19,0.003502831455089908,0.003502831455089908,0.1556243730974157,0.03387868254950918,-0.0020106474823330914,-0.002027586823607846
2020-10-20,-0.11216288409065574,-0.11216288409065574,0.10193246330928897,0.05369190978812673,-8.892499710328344e-05,-0.0001157709519973468
2020-10-21,-0.3468259047615344,-0.3468259047615344,0.003502831455089908,0.09842963185419906,-3.059268743760899e-05,-7.980750336470852e-05
2020-10-22,-0.34653735642983496,-0.34653735642983496,-0.11216288409065574,0.11566571554574565,-0.0011463352388615628,-0.0012041680966344355
2020-10-23,-0.26674763021020154,-0.26674763021020154,-0.3468259047615344,0.23466302067087869,-0.003811236662614951,-0.0039285681729503905
2020-10-26,-0.2299569692311726,-0.2299569692311726,-0.34653735642983496,0.00028854833169944527,0.0008967502378258934,0.0008966059636600437
2020-10-27,-0.2863089213706629,-0.2863089213706629,-0.26674763021020154,0.07978972621963343,0.0019841544220506285,0.0019442595589408119
2020-10-28,-0.5242059475804419,-0.5242059475804419,-0.2299569692311726,0.036790660979028944,0.004288143324416865,0.004269747993927351
2020-10-29,-0.5461751603084282,-0.5461751603084282,-0.2863089213706629,0.05635195213949029,-0.0022880046511674196,-0.0023161806272371647
2020-10-30,-0.5145949468537243,-0.5145949468537243,-0.5242059475804419,0.23789702620977904,-0.002124141166351971,-0.0022430896794568603
2020-11-02,-0.38965041807807066,-0.38965041807807066,-0.5461751603084282,0.021969212727986243,-0.006804538964911287,-0.00681552357127528
2020-11-03,-0.30077748644083724,-0.30077748644083724,-0.5145949468537243,0.031580213454703854,-0.00044596055653933905,-0.00046175066326669095
2020-11-04,-0.3129183704211603,-0.3129183704211603,-0.38965041807807066,0.12494452877565365,0.0035761323962109097,0.003513660131823083
2020-11-05,-0.20426347248265134,-0.20426347248265134,-0.30077748644083724,0.08887293163723342,-0.00488857095837372,-0.004933007424192336
2020-11-06,-0.08907049826786106,-0.08907049826786106,-0.3129183704211603,0.012140883980323036,-0.0020448943126926,-0.0020509647546827613
2020-11-09,0.23375656294344918,0.23375656294344918,-0.20426347248265134,0.10865489793850894,-0.004571732771711195,-0.00462606022068045
2020-11-10,0.48917104196229944,0.48917104196229944,-0.08907049826786106,0.11519297421479027,-0.001875496004482027,-0.0019330924915894221
2020-11-11,0.6287112089847011,0.6287112089847011,0.23375656294344918,0.3228270612113102,-0.000382592011186399,-0.0005440055417920541
2020-11-12,0.6710511398434682,0.6710511398434682,0.48917104196229944,0.2554144790188503,-0.001683957376010372,-0.0018116646155197972
2020-11-13,0.7688247292642862,0.7688247292642862,0.6287112089847011,0.13954016702240168,0.0027923340993370855,0.0027225640158258847
2020-11-16,0.7891579426360369,0.7891579426360369,0.6710511398434682,0.04233993085876708,-0.0018682849074737377,-0.0018894548729031211
2020-11-17,0.7723323239530742,0.7723323239530742,0.7688247292642862,0.09777358942081804,-0.0017677166392351356,-0.0018166034339455446
2020-11-18,0.6796282271660107,0.6796282271660107,0.7891579426360369,0.020333213371750647,-0.005585650490889098,-0.005595817097574973
2020-11-19,0.5959229453667629,0.5959229453667629,0.7723323239530742,0.01682561868296273,-0.0014087576392456877,-0.001417170448587169
2020-11-20,0.5187235097965632,0.5187235097965632,0.6796282271660107,0.09270409678706348,-0.0019187550551014911,-0.001965107103495023
2020-11-23,0.455182091127225,0.455182091127225,0.5959229453667629,0.08370528179924774,0.0018858845725492376,0.0018440319316496137
2020-11-24,0.37216920003521525,0.37216920003521525,0.5187235097965632,0.0771994355701997,0.0035310012666926096,0.0034924015489075097
2020-11-25,0.2851404767748419,0.2851404767748419,0.455182091127225,0.06354141866933821,-0.0017263521220303054,-0.0017581228313649745
2020-11-27,0.26474915486236184,0.26474915486236184,0.37216920003521525,0.08301289109200977,0.0010472780452547479,0.001005771599708743
2020-11-30,0.2142530462409038,0.2142530462409038,0.2851404767748419,0.08702872326037336,-0.0008001290904293102,-0.0008436434520594969
2020-12-01,0.20992622676438305,0.20992622676438305,0.26474915486236184,0.020391321912480054,0.0007449997940744841,0.0007348041331182441
2020-12-02,0.47328415117625533,0.47328415117625533,0.2142530462409038,0.050496108621458036,0.002758627097795491,0.002733379043484762
2020-12-03,0.6488561007841702,0.6488561007841702,0.20992622676438305,0.004326819476520749,0.0013000822341722275,0.0012979188244339672
2020-12-04,0.6664048852812692,0.6664048852812692,0.47328415117625533,0.2633579244118723,-0.001456617988847989,-0.0015882969510539252
2020-12-07,0.6091481000261131,0.6091481000261131,0.6488561007841702,0.1755719496079149,-0.0021082809447737906,-0.002196066919577748
2020-12-08,0.6037195197779073,0.6037195197779073,0.6664048852812692,0.017548784497098957,0.0010862090719928775,0.001077434679744328
2020-12-09,0.5962822989642277,0.5962822989642277,0.6091481000261131,0.057256785255156095,9.913746217976113e-05,7.050906955218309e-05
2020-12-10,0.47807173345007314,0.47807173345007314,0.6037195197779073,0.005428580248205805,-0.009331812063498828,-0.00933452635362293
2020-12-11,0.3855428417541969,0.3855428417541969,0.5962822989642277,0.00743722081367959,-0.0015767113058874581,-0.001580429916294298
2020-12-14,0.30165970741752623,0.30165970741752623,0.47807173345007314,0.11821056551415454,-0.0029310885310888345,-0.0029901938138459116
2020-12-15,0.3001712887041329,0.3001712887041329,0.3855428417541969,0.09252889169587625,0.003663876620962082,0.0036176121751141438
2020-12-16,0.23864720662008462,0.23864720662008462,0.30165970741752623,0.08388313433667066,-0.0031883964511851925,-0.003230338018353528
2020-12-17,0.20006381375010945,0.20006381375010945,0.3001712887041329,0.0014884187133933358,0.0005010523584340269,0.0005003081490773302
2020-12-18,0.21717244326292412,0.21717244326292412,0.23864720662008462,0.061524082084048276,0.0017895351808035226,0.0017587731397614985
2020-12-21,0.17274839911845752,0.17274839911845752,0.20006381375010945,0.03858339286997517,-0.003209778199928464,-0.0032290698963634516
2020-12-22,0.11655375141731875,0.11655375141731875,0.21717244326292412,0.017108629512814666,-0.001825262426087944,-0.0018338167408443514
2020-12-23,0.07757479117369023,0.07757479117369023,0.17274839911845752,0.0444240441444666,-8.789215984948863e-05,-0.00011010418192172194
2020-12-24,0.04678380089863805,0.04678380089863805,0.11655375141731875,0.05619464770113877,-0.00023719669868731664,-0.000265294022537886
2020-12-28,0.031921951624524575,0.031921951624524575,0.07757479117369023,0.03897896024362851,0.00018457057536659606,0.00016508109524478182
2020-12-29,0.01502896298015281,0.01502896298015281,0.04678380089863805,0.03079099027505218,-0.00013483219737696992,-0.000150227692514496
2020-12-30,-0.0208165431272945,-0.0208165431272945,0.031921951624524575,0.014861849274113478,-0.00036368192134381665,-0.0003711128459808734
2020-12-31,-0.02283925144695765,-0.02283925144695765,0.01502896298015281,0.016892988644371765,0.00015768479545691686,0.00014923830113473097
2021-01-04,-0.019950752838544094,-0.019950752838544094,-0.0208165431272945,0.035845506107447314,-3.5429663768746004e-05,-5.335241682246966e-05
2021-01-05,-0.02675448909252611,-0.02675448909252611,-0.02283925144695765,0.002022708319663148,0.00010478549358146771,0.00010377413942163614
2021-01-06,-0.007423743158761953,-0.007423743158761953,-0.019950752838544094,0.0028884986084135554,-0.0002418050578420621,-0.00024324930714626888
2021-01-07,2.3597193317989422e-05,2.3597193317989422e-05,-0.02675448909252611,0.006803736253982017,6.020157665535237e-05,5.6799708528361364e-05
2021-01-08,-0.021064631230990127,-0.021064631230990127,-0.007423743158761953,0.01933074593376416,9.259122624356633e-05,8.292585327668425e-05
2021-01-11,-0.05489334890089161,-0.05489334890089161,2.3597193317989422e-05,0.007447340352079943,-1.388048872966227e-07,-3.862475063336594e-06
2021-01-12,-0.08912270087871271,-0.08912270087871271,-0.021064631230990127,0.021088228424308117,7.332138385803539e-05,6.277726964588133e-05
2021-01-13,-0.12677239660106485,-0.12677239660106485,-0.05489334890089161,0.03382871766990149,0.00019172378637088424,0.0001748094275359335
2021-01-14,-0.1448197738587758,-0.1448197738587758,-0.08912270087871271,0.0342293519778211,3.124414393335222e-05,1.4129467944441669e-05
2021-01-15,-0.12675475313392942,-0.12675475313392942,-0.12677239660106485,0.03764969572235213,-0.0007556680279039756,-0.0007744928757651517
2021-01-19,-0.1340646912498704,-0.1340646912498704,-0.1448197738587758,0.018047377257710967,0.0008329001268999167,0.0008238764382710612
2021-01-20,-0.12968159738178625,-0.12968159738178625,-0.12675475313392942,0.018065020724846392,-0.00046657507482135175,-0.00047560758518377493
2021-01-21,-0.10319391482523724,-0.10319391482523724,-0.1340646912498704,0.007309938115940967,-2.3430275227910023e-05,-2.7085244285880508e-05
2021-01-22,-0.08397192033146615,-0.08397192033146615,-0.12968159738178625,0.004383093868084137,-0.00045289087562775575,-0.0004550824225617978
2021-01-25,-0.0538438002973017,-0.0538438002973017,-0.10319391482523724,0.026487682556549014,-0.001705819078302055,-0.0017190629195803296
2021-01-26,-0.26849230137140123,-0.26849230137140123,-0.08397192033146615,0.019221994493771086,0.0026591540554616803,0.002649543058214795
2021-01-27,-0.5123282009142675,-0.5123282009142675,-0.0538438002973017,0.03012812003416445,0.0013706187600185274,0.0013555547000014452
2021-01-28,-0.6265040704611259,-0.6265040704611259,-0.26849230137140123,0.21464850107409952,-0.0011689310544089344,-0.0012762553049459843
2021-01-29,-0.7510027136407507,-0.7510027136407507,-0.5123282009142675,0.24383589954286622,0.0057366891112950935,0.00561477116152366
2021-02-01,-0.8340018090938339,-0.8340018090938339,-0.6265040704611259,0.11417586954685843,0.005378244801103832,0.005321156866330402
2021-02-02,-0.8500422390418074,-0.8500422390418074,-0.7510027136407507,0.12449864317962478,-0.003043692674043182,-0.0031059419956329945
2021-02-03,-0.8172637073980591,-0.8172637073980591,-0.8340018090938339,0.08299909545308326,-0.004437910410070873,-0.0044794099577974145
2021-02-04,-0.75097304315095,-0.75097304315095,-0.8500422390418074,0.0160404299479735,-0.005430040275720022,-0.005438060490694009
2021-02-05,-0.6895008225311148,-0.6895008225311148,-0.8172637073980591,0.03277853164374833,-0.002667998231146673,-0.002684387496968547
2021-02-08,-0.6759453144160699,-0.6759453144160699,-0.75097304315095,0.06629066424710905,0.0036654539301109734,0.003632308597987419
2021-02-09,-0.6472780650474917,-0.6472780650474917,-0.6895008225311148,0.06147222061983526,0.0006261671048246317,0.000595430994514714
2021-02-10,-0.560512993090007,-0.560512993090007,-0.6759453144160699,0.013555508115044912,0.0004916237941831749,0.00048484604012565246
2021-02-11,-0.585073228415093,-0.585073228415093,-0.6472780650474917,0.028667249368578118,0.0042398584529332595,0.004225524828248971
2021-02-12,-0.7233821522767288,-0.7233821522767288,-0.560512993090007,0.08676507195748473,0.004106165615566158,0.004062783079587416
2021-02-16,-0.8155881015178192,-0.8155881015178192,-0.585073228415093,0.024560235325086,0.0005399528683552919,0.0005276727506927488
2021-02-17,-0.5777896590513102,-0.5777896590513102,-0.7233821522767288,0.13830892386163574,-0.03793926261723228,-0.038008417079163095
2021-02-18,-0.420018726045437,-0.420018726045437,-0.8155881015178192,0.09220594924109049,0.0001432143470943149,9.711137247376964e-05
2021-02-19,-0.3529286551548191,-0.3529286551548191,-0.5777896590513102,0.23779844246650905,0.005374193956858161,0.005255294735624906
2021-02-22,-0.30829106804557,-0.30829106804557,-0.420018726045437,0.1577709330058732,-0.0,-7.88854665029366e-05
2021-02-23,-0.23747315965137306,-0.23747315965137306,-0.3529286551548191,0.06709007089061791,-0.003626210091190503,-0.003659755126635812
2021-02-24,-0.18417433674601041,-0.18417433674601041,-0.30829106804557,0.04463758710924909,-0.0004864666828166006,-0.0005087854763712251
2021-02-25,-0.19296848534657363,-0.19296848534657363,-0.23747315965137306,0.07081790839419694,0.0025775909410163007,0.0025421819868192024
2021-02-26,-0.3075200277910898,-0.3075200277910898,-0.18417433674601041,0.05329882290536264,0.003911657115004814,0.003885007703552132
2021-03-01,-0.3768070743184988,-0.3768070743184988,-0.19296848534657363,0.008794148600563212,-0.00020935263900251987,-0.00021374971330280148
2021-03-02,-0.4667094297097804,-0.4667094297097804,-0.3075200277910898,0.11455154244451615,0.0021108504015217334,0.0020535746302994752
2021-03-03,-0.39665877071965655,-0.39665877071965655,-0.3768070743184988,0.06928704652740902,-0.00274134363653096,-0.0027759871597946646
2021-03-04,-0.4244283710785932,-0.4244283710785932,-0.4667094297097804,0.08990235539128161,0.004887870405001741,0.0048429192273061
2021-03-05,-0.3500491569377474,-0.3500491569377474,-0.39665877071965655,0.07005065899012386,-0.00868609158270427,-0.008721116912199333
2021-03-08,-0.2608029256114473,-0.2608029256114473,-0.4244283710785932,0.027769600358936664,-0.005987386122103821,-0.006001270922283289
2021-03-09,-0.2150755481552925,-0.2150755481552925,-0.3500491569377474,0.0743792141408458,0.003636775281381874,0.003599585674311451
2021-03-10,-0.1363270332581032,-0.1363270332581032,-0.2608029256114473,0.08924623132630011,-0.00408377489631618,-0.00412839801197933
2021-03-11,-0.20220104400745426,-0.20220104400745426,-0.2150755481552925,0.045727377456154794,0.005915698000627787,0.00589283431189971
2021-03-12,-0.22542514308744432,-0.22542514308744432,-0.1363270332581032,0.07874851489718931,-0.0002947112233570596,-0.00033408548080565427
2021-03-15,-0.2385947765564263,-0.2385947765564263,-0.20220104400745426,0.06587401074935106,-3.633491197925088e-05,-6.927191735392642e-05
2021-03-16,-0.2464169932135708,-0.2464169932135708,-0.22542514308744432,0.023224099079990068,-0.0,-1.1612049539995034e-05
2021-03-17,-0.2412076083512384,-0.2412076083512384,-0.2385947765564263,0.013169633468981978,-0.0004717210567508842,-0.00047830587348537517
2021-03-18,-0.17065206933628227,-0.17065206933628227,-0.2464169932135708,0.007822216657144498,-0.0024752386586999325,-0.002479149767028505
2021-03-19,-0.12087526768922985,-0.12087526768922985,-0.2412076083512384,0.005209384862332411,0.0002998833665932102,0.000297278674162044
2021-03-22,-0.06848100888295752,-0.06848100888295752,-0.17065206933628227,0.07055553901495612,-0.001062029939368617,-0.0010973077088760952
2021-03-23,-0.01758649999213806,-0.01758649999213806,-0.12087526768922985,0.04977680164705242,-0.0006835066122995409,-0.0007083950131230671
2021-03-24,0.015063524969029731,0.015063524969029731,-0.06848100888295752,0.052394258806272326,-0.00012032912876630412,-0.0001465262581694403
2021-03-25,0.010056905804439017,0.010056905804439017,-0.01758649999213806,0.050894508890819465,-0.00011414139671639391,-0.00013958865116180366
2021-03-26,0.031072831669845383,0.031072831669845383,0.015063524969029731,0.03265002496116779,0.00021001814187817256,0.00019369312939758866
2021-03-29,0.3540485544465636,0.3540485544465636,0.010056905804439017,0.005006619164590715,0.00011235704319013718,0.00010985373360784183
2021-03-30,0.3599656503003989,0.3599656503003989,0.031072831669845383,0.021015925865406366,-0.00012676739421696033,-0.0001372753571496635
2021-03-31,0.2918990423146185,0.2918990423146185,0.3540485544465636,0.3229757227767182,-0.0026588245669393515,-0.0028203124283277107
2021-04-01,0.2624088225066498,0.2624088225066498,0.3599656503003989,0.005917095853835319,0.0009284880704840301,0.0009255295225571124
2021-04-05,0.5082725483377666,0.5082725483377666,0.2918990423146185,0.0680666079857804,0.002853959554224771,0.002819926250231881
2021-04-06,0.6721816988918444,0.6721816988918444,0.2624088225066498,0.029490219807968676,0.0010697944011201013,0.001055049291216117
2021-04-07,0.6943799143541747,0.6943799143541747,0.5082725483377666,0.24586372583111676,-0.0009458581369424152,-0.0010687899998579737
2021-04-08,0.5335970559793175,0.5335970559793175,0.6721816988918444,0.16390915055407784,-0.008889977671963856,-0.008971932247240895
2021-04-09,0.41391926907124177,0.41391926907124177,0.6943799143541747,0.02219821546233025,-0.001325985094179006,-0.0013370842019101712
2021-04-12,0.3174760112120465,0.3174760112120465,0.5335970559793175,0.16078285837485717,0.0004639402530431497,0.0003835488238557211
2021-04-13,0.2400284607962425,0.2400284607962425,0.41391926907124177,0.11967778690807573,0.0005755220451105947,0.0005156831516565568
2021-04-14,0.19380848883328555,0.19380848883328555,0.3174760112120465,0.09644325785919527,0.0004407832428156201,0.00039256161388602246
2021-04-15,0.1532703712021023,0.1532703712021023,0.2400284607962425,0.077447550415804,0.0,-3.8723775207902e-05
2021-04-16,0.28463378144911217,0.28463378144911217,0.19380848883328555,0.046219971962956935,0.0019481767235266228,0.0019250667375451443
2021-04-19,0.42700685319597165,0.42700685319597165,0.1532703712021023,0.04053811763118326,0.00028925557515993604,0.0002689865163443444
2021-04-20,0.5180462017047199,0.5180462017047199,0.28463378144911217,0.13136341024700987,0.0,-6.568170512350492e-05
2021-04-21,0.44503989254028464,0.44503989254028464,0.42700685319597165,0.14237307174685948,-0.0018281750690331976,-0.0018993616049066274
2021-04-22,0.3118890775177713,0.3118890775177713,0.5180462017047199,0.09103934850874829,-0.007662856005207684,-0.007708375679462059
2021-04-23,0.2274595638116033,0.2274595638116033,0.44503989254028464,0.07300630916443529,0.00015545176172123657,0.00011894860713901892
2021-04-26,0.16307468637650763,0.16307468637650763,0.3118890775177713,0.13315081502251336,-0.0019595004949617863,-0.002026075902473043
2021-04-27,0.11326211839368644,0.11326211839368644,0.2274595638116033,0.084429513706168,-0.0024767450557433355,-0.0025189598125964197
2021-04-28,0.0820180008230709,0.0820180008230709,0.16307468637650763,0.06438487743509566,0.00031846882703246126,0.00028627638831491345
2021-04-29,0.11878944579574595,0.11878944579574595,0.11326211839368644,0.04981256798282119,0.0017863448767269376,0.001761438592735527
2021-04-30,0.1966158619931454,0.1966158619931454,0.0820180008230709,0.031244117570615543,0.0006725073992597986,0.0006568853404744909
2021-05-03,0.27335563470307217,0.27335563470307217,0.11878944579574595,0.03677144497267505,0.00026721000799642534,0.0002488242855100878
2021-05-04,0.5155704231353815,0.5155704231353815,0.1966158619931454,0.07782641619739945,0.0023083580363820314,0.002269444828283332
2021-05-05,0.6770469487569211,0.6770469487569211,0.27335563470307217,0.07673977270992677,0.00041985786442701764,0.00038148797807205424
2021-05-06,0.7846979658379474,0.7846979658379474,0.5155704231353815,0.2422147884323093,0.005270751509371708,0.005149644115155553
2021-05-07,0.6835015611492818,0.6835015611492818,0.6770469487569211,0.16147652562153958,-0.006508824577072471,-0.006589562839883241
2021-05-10,0.7890010407661879,0.7890010407661879,0.7846979658379474,0.10765101708102631,0.010690713183884457,0.010636887675343943
2021-05-11,0.64446644552032,0.64446644552032,0.6835015611492818,0.10119640468866553,-0.01125403360010276,-0.011304631802447092
2021-05-12,0.5217095934965714,0.5217095934965714,0.7890010407661879,0.10549947961690609,-0.0017520737384421462,-0.0018048234782505994
2021-05-13,0.5090646658301561,0.5090646658301561,0.64446644552032,0.14453459524586798,0.004413429914301075,0.004341162616678141
2021-05-14,0.4804330282760143,0.4804330282760143,0.5217095934965714,0.12275685202374853,-0.001064572914579578,-0.0011259513405914522
2021-05-17,0.39253674265113975,0.39253674265113975,0.5090646658301561,0.01264492766641534,-0.006505383079402905,-0.006511705543236113
2021-05-18,0.28178456145183706,0.28178456145183706,0.4804330282760143,0.028631637554141776,-0.006301811366708576,-0.006316127185485647
2021-05-19,0.19387298759430974,0.19387298759430974,0.39253674265113975,0.08789628562487456,-0.0017848895151123213,-0.0018288376579247586
2021-05-20,0.1285394873458299,0.1285394873458299,0.28178456145183706,0.11075218119930269,-0.0006435463228887615,-0.0006989224134884128
2021-05-21,0.09024050524204302,0.09024050524204302,0.19387298759430974,0.08791157385752732,0.000409624340923994,0.0003656685539952303
2021-05-24,0.06519785031595099,0.06519785031595099,0.1285394873458299,0.06533350024847984,0.00015812514401567014,0.00012545839389143022
2021-05-25,0.037927438151084646,0.037927438151084646,0.09024050524204302,0.03829898210378688,-0.0007918690528865884,-0.0008110185439384819
2021-05-26,0.017334887166303332,0.017334887166303332,0.06519785031595099,0.025042654926092034,-0.0001385215272302287,-0.00015104285469327473
2021-05-27,0.007199555620605089,0.007199555620605089,0.037927438151084646,0.027270412164866344,-4.710530148200323e-05,-6.07405075644364e-05
2021-05-28,-0.007622154280862751,-0.007622154280862751,0.017334887166303332,0.020592550984781313,6.159098985138463e-05,5.129471435899397e-05
2021-06-01,-0.014250506841887639,-0.014250506841887639,0.007199555620605089,0.010135331545698244,-1.4017040334531601e-05,-1.9084706107380725e-05
2021-06-02,-0.010681700040359008,-0.010681700040359008,-0.007622154280862751,0.01482170990146784,-3.649942755609923e-05,-4.391028250683315e-05
2021-06-03,-0.0077949579773242995,-0.0077949579773242995,-0.014250506841887639,0.006628352561024888,-8.301383468517387e-05,-8.632801096568632e-05
2021-06-04,-0.00445711643837242,-0.00445711643837242,-0.010681700040359008,0.0035688068015286307,-5.9990112078042336e-05,-6.177451547880665e-05
2021-06-07,-0.0033952074588262963,-0.0033952074588262963,-0.0077949579773242995,0.002886742063034709,1.3605482225745207e-05,1.2162111194227852e-05
2021-06-08,-0.0033736500076635757,-0.0033736500076635757,-0.00445711643837242,0.00333784153895188,3.895336147415535e-06,2.2264153779395948e-06
2021-06-09,-0.00258810180761692,-0.00258810180761692,-0.0033952074588262963,0.0010619089795461233,5.941620204896263e-06,5.410665715123202e-06
2021-06-10,-0.0016461418528446244,-0.0016461418528446244,-0.0033736500076635757,2.1557451162720637e-05,-1.714974461016822e-05,-1.7160523335749582e-05
2021-06-11,-0.0014783680206384214,-0.0014783680206384214,-0.00258810180761692,0.0007855482000466555,4.516564504523222e-07,5.888235042899451e-08
2021-06-14,-0.002297861436828825,-0.002297861436828825,-0.0016461418528446244,0.0009419599547722958,4.306953355527067e-06,3.835973378140919e-06
2021-06-15,-0.002811713562594284,-0.002811713562594284,-0.0014783680206384214,0.000167773832206203,-2.8440954678851644e-06,-2.927982383988266e-06
2021-06-16,-0.11807632946779777,-0.11807632946779777,-0.002297861436828825,0.0008194934161904035,2.6071573582915578e-05,2.5661826874820375e-05
2021-06-17,-0.2233437336980843,-0.2233437336980843,-0.002811713562594284,0.0005138521257654592,5.459716537114566e-06,5.202790474231837e-06
2021-06-18,-0.48222915579872283,-0.48222915579872283,-0.11807632946779777,0.11526461590520348,0.0014830359976672162,0.0014254036897146144
2021-06-21,-0.4395681829303192,-0.4395681829303192,-0.2233437336980843,0.10526740423028653,-0.002280706324795062,-0.002333340026910205
2021-06-22,-0.4201393629013671,-0.4201393629013671,-0.48222915579872283,0.25888542210063853,0.00017110041163898149,4.1657700588662236e-05
2021-06-23,-0.4969349519477051,-0.4969349519477051,-0.4395681829303192,0.042660972868403646,0.0023394209858426263,0.0023180904994084244
2021-06-24,-0.463680282845689,-0.463680282845689,-0.4201393629013671,0.019428820028952076,-0.0022479830425127263,-0.0022576974525272023
2021-06-25,-0.4407919493341924,-0.4407919493341924,-0.4969349519477051,0.07679558904633799,-8.830701208612115e-05,-0.00012670480660929016
2021-06-28,-0.47622000841679224,-0.47622000841679224,-0.463680282845689,0.03325466910201608,0.0016449598916024855,0.0016283325570514776
2021-06-29,-0.6396335522478995,-0.6396335522478995,-0.4407919493341924,0.022888333511496606,0.0026676254916128744,0.002656181324857126
2021-06-30,-0.6520694369506774,-0.6520694369506774,-0.47622000841679224,0.03542805908259983,-0.001620264735489177,-0.0016379787650304771
2021-07-01,-0.5818723539676355,-0.5818723539676355,-0.6396335522478995,0.1634135438311073,-0.002968210437480651,-0.0030499172093962044
2021-07-02,-0.46578616641157483,-0.46578616641157483,-0.6520694369506774,0.0124358847027779,-0.0017377744350124658,-0.0017439923773638548
2021-07-06,-0.3556065123481011,-0.3556065123481011,-0.5818723539676355,0.07019708298304195,0.0003093262209213598,0.0002742276794298388
2021-07-07,-0.27013320539736396,-0.27013320539736396,-0.46578616641157483,0.11608618755606065,-0.0009908526474748458,-0.0010488957412528761
2021-07-08,-0.2358279783005918,-0.2358279783005918,-0.3556065123481011,0.11017965406347374,0.001412230428099253,0.0013571406010675162
2021-07-09,-0.17844716843574246,-0.17844716843574246,-0.27013320539736396,0.08547330695073713,-0.0018920297114331571,-0.0019347663649085256
2021-07-12,-0.13616142339918852,-0.13616142339918852,-0.2358279783005918,0.03430522709677217,-0.0003365442398600859,-0.00035369685340847195
2021-07-13,-0.10816942939747923,-0.10816942939747923,-0.17844716843574246,0.057380809864849336,0.00019066691364363702,0.00016197650871121235
2021-07-14,-0.07427116952106357,-0.07427116952106357,-0.13616142339918852,0.04228574503655394,-0.0005583396945543205,-0.0005794825670725974
2021-07-15,-0.0505803129233181,-0.0505803129233181,-0.10816942939747923,0.02799199400170929,-0.00044172500469199426,-0.0004557210016928489
2021-07-16,-0.0353840131393506,-0.0353840131393506,-0.07427116952106357,0.03389825987641566,0.00011821089432244358,0.00010126176438423575
2021-07-19,-0.09792856980286951,-0.09792856980286951,-0.0505803129233181,0.023690856597745467,0.000555427182004014,0.0005435817537051413
2021-07-20,-0.20441736624293927,-0.20441736624293927,-0.0353840131393506,0.015196299783967498,0.00016475443025127826,0.00015715628035929452
2021-07-21,-0.21093905133849544,-0.21093905133849544,-0.09792856980286951,0.06254455666351891,-0.0006519113414863598,-0.0006831836198181193
2021-07-22,-0.21390856671745967,-0.21390856671745967,-0.20441736624293927,0.10648879644006976,-0.0,-5.324439822003488e-05
2021-07-23,-0.21244682976147217,-0.21244682976147217,-0.21093905133849544,0.006521685095556173,0.0002638712737328157,0.00026061043118503764
2021-07-26,-0.23543900709326487,-0.23543900709326487,-0.21390856671745967,0.002969515378964227,0.0003828016612234485,0.0003813169035339664
2021-07-27,-0.2100099130663281,-0.2100099130663281,-0.21244682976147217,0.0014617369559875026,-0.0015996031483493957,-0.0016003340168273894
2021-07-28,-0.2751797407373401,-0.2751797407373401,-0.23543900709326487,0.022992177331792707,0.002010898622917946,0.0019994025342520497
2021-07-29,-0.27560883057965435,-0.27560883057965435,-0.2100099130663281,0.02542909402693677,-0.0009799900770873873,-0.0009927046241008557
2021-07-30,-0.312306767836707,-0.312306767836707,-0.2751797407373401,0.06516982767101198,0.0009831148720882772,0.0009505299582527713
2021-08-02,-0.31612659011615907,-0.31612659011615907,-0.27560883057965435,0.0004290898423142675,9.887212131523024e-05,9.865757639407311e-05
2021-08-03,-0.3199377496765578,-0.3199377496765578,-0.312306767836707,0.03669793725705267,0.00016794020728320915,0.00014959123865468282
2021-08-04,-0.42583058501466997,-0.42583058501466997,-0.31612659011615907,0.0038198222794520453,0.0020421272261102017,0.0020402173149704755
2021-08-05,-0.5450740350290851,-0.5450740350290851,-0.3199377496765578,0.003811159560398736,0.00040447441403839026,0.0004025688342581909
2021-08-06,-0.6805827089519876,-0.6805827089519876,-0.42583058501466997,0.10589283533811217,0.0006159923988878723,0.0005630459812188162
2021-08-09,-0.7870551393013251,-0.7870551393013251,-0.5450740350290851,0.11924345001441516,0.0009872548630461854,0.0009276331380389778
2021-08-10,-0.6263769158536449,-0.6263769158536449,-0.6805827089519876,0.13550867392290245,-0.004445046893310734,-0.004512801230272185
2021-08-11,-0.44968767546486715,-0.44968767546486715,-0.7870551393013251,0.10647243034933751,-0.0012768462243961647,-0.0013300824395708335
2021-08-12,-0.3192071609278597,-0.3192071609278597,-0.6263769158536449,0.16067822344768024,-0.0007890925399280141,-0.0008694316516518543
2021-08-13,-0.21520574914772597,-0.21520574914772597,-0.44968767546486715,0.1766892403887777,-0.001858805632515889,-0.001947150252710278
2021-08-16,-0.1382547467457843,-0.1382547467457843,-0.3192071609278597,0.13048051453700743,-0.000628505979796678,-0.0006937462370651818
2021-08-17,-0.06649341065259554,-0.06649341065259554,-0.21520574914772597,0.10400141178013375,-0.0007688903388705921,-0.000820891044760659
2021-08-18,-0.14047934591761901,-0.14047934591761901,-0.1382547467457843,0.07695100240194166,0.0017472517600185932,0.0017087762588176225
2021-08-19,-0.23450843879278693,-0.23450843879278693,-0.06649341065259554,0.07176133609318877,0.00011987957011857916,8.399890207198477e-05
2021-08-20,-0.23982179930061104,-0.23982179930061104,-0.14047934591761901,0.07398593526502348,-0.0003805538441006556,-0.0004175468117331673
2021-08-23,-0.27889358490612404,-0.27889358490612404,-0.23450843879278693,0.09402909287516792,0.000422387546908684,0.0003753730004711001
2021-08-24,-0.519262389937416,-0.519262389937416,-0.23982179930061104,0.005313360507824105,0.001774245149244617,0.001771588468990705
2021-08-25,-0.6795082599582773,-0.6795082599582773,-0.27889358490612404,0.039071785605513,0.00040551206872691366,0.00038597617592415714
2021-08-26,-0.7863388399721849,-0.7863388399721849,-0.519262389937416,0.240368805031292,0.0031196581658282166,0.0029994737633125706
2021-08-27,-0.7376505432766705,-0.7376505432766705,-0.6795082599582773,0.16024587002086133,-0.0021156953996554827,-0.0021958183346659135
2021-08-30,-0.703881162893628,-0.703881162893628,-0.7863388399721849,0.10683058001390755,-0.0,-5.341529000695378e-05
2021-08-31,-0.5869247805389992,-0.5869247805389992,-0.7376505432766705,0.048688296695514444,-0.0030976894586917467,-0.003122033607039504
2021-09-01,-0.47636900139669897,-0.47636900139669897,-0.703881162893628,0.03376938038304245,0.0007678740854684638,0.0007509893952769426
2021-09-02,-0.35191998809620906,-0.35191998809620906,-0.5869247805389992,0.1169563823546288,-0.003739017104949182,-0.0037974952961264963
2021-09-03,-0.2531878112067141,-0.2531878112067141,-0.47636900139669897,0.11055577914230025,-0.001206356787414769,-0.0012616346769859191
2021-09-07,-0.3546359893363973,-0.3546359893363973,-0.35191998809620906,0.12444901330048991,0.003872885212611271,0.003810660705961026
2021-09-08,-0.37235203130456584,-0.37235203130456584,-0.2531878112067141,0.09873217688949498,-0.00041566967832389615,-0.0004650357667686436
2021-09-09,-0.5815680208697106,-0.5815680208697106,-0.3546359893363973,0.10144817812968321,0.0030355073612770094,0.0029847832722121677
2021-09-10,-0.7210453472464737,-0.7210453472464737,-0.37235203130456584,0.01771604196816856,0.0014363749239256006,0.0014275169029415162
2021-09-13,-0.6246752988434375,-0.6246752988434375,-0.5815680208697106,0.20921598956514476,-0.004182476260502703,-0.004287084255285276
2021-09-14,-0.648286234659098,-0.648286234659098,-0.7210453472464737,0.13947732637676313,0.002772180064308495,0.0027024414011201136
2021-09-15,-0.6019663210580029,-0.6019663210580029,-0.6246752988434375,0.0963700484030362,-0.001837071430594373,-0.0018852564547958911
2021-09-16,-0.6259924347662529,-0.6259924347662529,-0.648286234659098,0.023610935815660428,0.001663442395774607,0.0016516369278667768
2021-09-17,-0.7160922797254765,-0.7160922797254765,-0.6019663210580029,0.04631991360109511,0.0016588111490304649,0.0016356511922299174
2021-09-20,-0.7889748647666881,-0.7889748647666881,-0.6259924347662529,0.02402611370825003,0.00023071450967485655,0.00021870145282073153
2021-09-21,-0.8593165765111255,-0.8593165765111255,-0.7160922797254765,0.09009984495922363,0.003035353322960245,0.002990303400480633
2021-09-22,-0.8802129376195438,-0.8802129376195438,-0.7889748647666881,0.07288258504121159,-0.00043815448615943937,-0.00047459577868004516
2021-09-23,-0.705549444888157,-0.705549444888157,-0.8593165765111255,0.07034171174443737,-0.005722195981763483,-0.005757366837635702
2021-09-24,-0.5985684629441996,-0.5985684629441996,-0.8802129376195438,0.020896361108418304,0.0008087258858965662,0.000798277705342357
2021-09-27,-0.46869791492998003,-0.46869791492998003,-0.705549444888157,0.17466349273138682,-0.0012977558004748219,-0.0013850875468405153
2021-09-28,-0.5254262972915564,-0.5254262972915564,-0.5985684629441996,0.10698098194395733,0.003406535387972394,0.0033530448970004153
2021-09-29,-0.46026101477445164,-0.46026101477445164,-0.46869791492998003,0.1298705480142196,-0.0019037420887839031,-0.001968677362791013
2021-09-30,-0.6401740098496345,-0.6401740098496345,-0.5254262972915564,0.0567283823615764,0.003574852046638906,0.003546487855458118
2021-10-01,-0.5880133109525161,-0.5880133109525161,-0.46026101477445164,0.0651652825171048,-0.00247132619807396,-0.0025039088393325123
2021-10-04,-0.497740295150772,-0.497740295150772,-0.6401740098496345,0.17991299507518282,-0.002357864762580878,-0.0024478212601184695
2021-10-05,-0.42659371412835767,-0.42659371412835767,-0.5880133109525161,0.052160698897118385,-0.00010789286860465679,-0.00013397321805321599
2021-10-06,-0.37467613674826794,-0.37467613674826794,-0.497740295150772,0.09027301580174407,-0.000182672139137485,-0.00022780864703835703
2021-10-07,-0.32275306748954014,-0.32275306748954014,-0.42659371412835767,0.07114658102241433,-7.909106640686562e-05,-0.00011466435691807279
2021-10-08,-0.5485020449930268,-0.5485020449930268,-0.37467613674826794,0.05191757738008973,0.004587861818310771,0.004561903029620726
2021-10-11,-0.6990013633286846,-0.6990013633286846,-0.32275306748954014,0.051923069258727805,0.0064258469409814575,0.006399885406352094
2021-10-12,-0.7993342422191231,-0.7993342422191231,-0.5485020449930268,0.22574897750348666,0.008935168490922926,0.008822294002171183
2021-10-13,-0.8602161879087569,-0.8602161879087569,-0.6990013633286846,0.15049931833565777,-0.0002724705632388167,-0.0003477202224066456
2021-10-14,-0.7735187645734194,-0.7735187645734194,-0.7993342422191231,0.10033287889043851,-0.008872593521498776,-0.008922759960943995
2021-10-15,-0.657012318430698,-0.657012318430698,-0.8602161879087569,0.06088194568963379,-0.005799010011146056,-0.005829450983990872
2021-10-18,-0.638027532013373,-0.638027532013373,-0.7735187645734194,0.08669742333533748,0.005327491700936966,0.005284142989269297
2021-10-19,-0.5559480461102175,-0.5559480461102175,-0.657012318430698,0.11650644614272143,-0.005568962135958093,-0.005627215359029453
2021-10-20,-0.3426324415493599,-0.3426324415493599,-0.638027532013373,0.018984786417324928,-0.015356573970795652,-0.015366066364004314
2021-10-21,-0.22769955055594257,-0.22769955055594257,-0.5559480461102175,0.0820794859031555,0.0022813922438094875,0.0022403525008579095
2021-10-22,-0.20856449776352998,-0.20856449776352998,-0.3426324415493599,0.21331560456085763,0.002952082843854864,0.0028454250415744353
2021-10-25,-0.23592893376051677,-0.23592893376051677,-0.22769955055594257,0.11493289099341733,0.0015056646684978676,0.001448198223001159
2021-10-26,-0.18846473397973124,-0.18846473397973124,-0.20856449776352998,0.019135052792412593,-0.001983300212688213,-0.0019928677390844193
2021-10-27,-0.21034804690689896,-0.21034804690689896,-0.23592893376051677,0.02736443599698679,0.0020002001127213684,0.001986517894722875
2021-10-28,-0.2026306793712475,-0.2026306793712475,-0.18846473397973124,0.04746419978078553,-0.0006087842762155225,-0.0006325163761059153
2021-10-29,-0.17583092275733958,-0.17583092275733958,-0.21034804690689896,0.02188331292716772,-0.000756954241728307,-0.0007678958981918909
2021-11-01,-0.16086453293709327,-0.16086453293709327,-0.2026306793712475,0.007717367535651443,0.00015298251416577367,0.00014912383039794794
2021-11-02,-0.19405676773600755,-0.19405676773600755,-0.17583092275733958,0.026799756613907932,0.001261846807379505,0.001248446929072551
2021-11-03,-0.1538996694975261,-0.1538996694975261,-0.16086453293709327,0.014966389820246312,-0.0011321963318777033,-0.0011396795267878265
2021-11-04,-0.2851463179588525,-0.2851463179588525,-0.19405676773600755,0.03319223479891428,0.003995487612597055,0.003978891495197598
2021-11-05,-0.3070765150304592,-0.3070765150304592,-0.1538996694975261,0.04015709823848146,-0.0011575904793365878,-0.0011776690284558285
2021-11-08,-0.30777614025198086,-0.30777614025198086,-0.2851463179588525,0.1312466484613264,-0.0004912219860663556,-0.0005568453102970188
2021-11-09,-0.3122855452394385,-0.3122855452394385,-0.3070765150304592,0.021930197071606705,0.0005280914252961003,0.0005171263267602969
2021-11-10,-0.25094886713736136,-0.25094886713736136,-0.30777614025198086,0.0006996252215216714,-0.0021209475308824224,-0.0021212973434931834
2021-11-11,-0.22744771226301916,-0.22744771226301916,-0.3122855452394385,0.004509404987457666,0.0008905699634315396,0.0008883152609378108
2021-11-12,-0.22380222092466265,-0.22380222092466265,-0.25094886713736136,0.06133667810207716,0.0005262854091961363,0.0004956170701450977
2021-11-15,-0.21123827789678146,-0.21123827789678146,-0.22744771226301916,0.023501154874342206,-0.00026073226974758875,-0.00027248284718475984
2021-11-16,-0.25053402302104344,-0.25053402302104344,-0.22380222092466265,0.00364549133835651,0.0014521226629907451,0.001450299917321567
2021-11-17,-0.3434132983837193,-0.3434132983837193,-0.21123827789678146,0.012563943027881191,0.0013390340921097116,0.001332752120595771
2021-11-18,-0.5622755322558128,-0.5622755322558128,-0.25053402302104344,0.03929574512426198,0.002373158232039768,0.002353510359477637
2021-11-19,-0.7081836881705419,-0.7081836881705419,-0.3434132983837193,0.09287927536267587,0.0025467790750429253,0.0025003394373615873
2021-11-22,-0.5760807078362067,-0.5760807078362067,-0.5622755322558128,0.21886223387209353,-0.007517665416353658,-0.007627096533289705
2021-11-23,-0.4611590674611672,-0.4611590674611672,-0.7081836881705419,0.14590815591472905,-0.0028856118905026965,-0.002958565968460061
2021-11-24,-0.386266137443718,-0.386266137443718,-0.5760807078362067,0.1321029803343352,0.0010019846174874729,0.0009359331273203052
2021-11-26,-0.32164189479370364,-0.32164189479370364,-0.4611590674611672,0.11492164037503949,-0.0012497720862981892,-0.001307232906485709
2021-11-29,-0.296940005357517,-0.296940005357517,-0.386266137443718,0.07489293001744918,0.0010439779588379248,0.0010065314938292002
2021-11-30,-0.5312933369050113,-0.5312933369050113,-0.32164189479370364,0.06462424265001437,0.008654311438145667,0.00862199931682066
2021-12-01,-0.6875288912700076,-0.6875288912700076,-0.296940005357517,0.02470188943618662,0.002953473261527835,0.0029411223168097416
2021-12-02,-0.5850082034026812,-0.5850082034026812,-0.5312933369050113,0.23435333154749433,-0.010247927853522158,-0.010365104519295905
2021-12-03,-0.43297127195510465,-0.43297127195510465,-0.6875288912700076,0.15623555436499625,-0.00935141832873487,-0.009429536105917367
2021-12-06,-0.3714194844254036,-0.3714194844254036,-0.5850082034026812,0.10252068786732638,0.003981852195646061,0.003930591851712398
2021-12-07,-0.3615595323511874,-0.3615595323511874,-0.43297127195510465,0.15203693144757657,0.002373786102444033,0.0022977676367202447
2021-12-08,-0.40083446943625833,-0.40083446943625833,-0.3714194844254036,0.06155178752970103,0.002193869716731149,0.0021630938229662985
2021-12-09,-0.49235326959756365,-0.49235326959756365,-0.3615595323511874,0.00985995207421625,0.0023631845438414276,0.0023582545678043194
2021-12-10,-0.5460097648966286,-0.5460097648966286,-0.40083446943625833,0.03927493708507096,-0.00023968983574292432,-0.0002593273042854598
2021-12-13,-0.5630230285591478,-0.5630230285591478,-0.49235326959756365,0.09151880016130531,-0.0008830244886657485,-0.0009287838887464012
2021-12-14,-0.4784317986152365,-0.4784317986152365,-0.5460097648966286,0.05365649529906491,-0.004017893680164271,-0.0040447219278138035
2021-12-15,-0.4275504717072367,-0.4275504717072367,-0.5630230285591478,0.017013263662519207,0.001111660918789823,0.0011031542869585635
2021-12-16,-0.18161822561697016,-0.18161822561697016,-0.4784317986152365,0.08459122994391127,-0.020822014151775346,-0.020864309766747302
2021-12-17,0.0424566887845253,0.0424566887845253,-0.4275504717072367,0.05088132690799979,-0.003404159510435861,-0.003429600173889861
2021-12-20,0.17656569392550936,0.17656569392550936,-0.18161822561697016,0.24593224609026654,0.00027325562854081437,0.00015028950549568108
2021-12-21,0.2214282885093991,0.2214282885093991,0.0424566887845253,0.22407491440149546,-0.00024790951908140925,-0.000359946976282157
2021-12-22,0.2483061030812244,0.2483061030812244,0.17656569392550936,0.13410900514098406,-3.345857856196821e-05,-0.00010051308113246024
2021-12-23,0.2531782573579532,0.2531782573579532,0.2214282885093991,0.04486259458388975,-0.00037764541809134135,-0.0004000767153832862
2021-12-27,0.25682859133668595,0.25682859133668595,0.2483061030812244,0.02687781457182528,0.0,-1.3438907285912641e-05
2021-12-28,0.2644724011241084,0.2644724011241084,0.2531782573579532,0.004872154276728796,0.00019224499466937667,0.00018980891753101226
2021-12-29,0.2311513580343511,0.2311513580343511,0.25682859133668595,0.003650333978732767,-0.0017537438132778623,-0.0017555689802672286
2021-12-30,0.19771444657614085,0.19771444657614085,0.2644724011241084,0.007643809787422462,-0.0005556522627367661,-0.0005594741676304773
2021-12-31,0.13186262256941325,0.13186262256941325,0.2311513580343511,0.03332104308975731,-0.0012829479329844904,-0.001299608454529369
2022-01-03,0.08928197480601201,0.08928197480601201,0.19771444657614085,0.03343691145821026,0.0018264827598521815,0.0018097643041230765
2022-01-04,0.30053637729216187,0.30053637729216187,0.13186262256941325,0.0658518240067276,0.002589970588939917,0.002557044676936553
2022-01-05,0.5336909181947745,0.5336909181947745,0.08928197480601201,0.042580647763401244,0.000918369473653527,0.0008970791497718264
2022-01-06,0.5653957951685338,0.5653957951685338,0.30053637729216187,0.21125440248614985,-0.0014465248607420046,-0.0015521520619850796
2022-01-07,0.7102638634456893,0.7102638634456893,0.5336909181947745,0.23315454090261267,0.01125261677930875,0.011136039508857443
2022-01-10,0.69478952371989,0.69478952371989,0.5653957951685338,0.03170487697375923,-0.003856899298533442,-0.0038727517370203213
2022-01-11,0.6307354160170051,0.6307354160170051,0.7102638634456893,0.14486806827715548,-0.0036918360672861844,-0.0037642701014247624
2022-01-12,0.5613713424969511,0.5613713424969511,0.69478952371989,0.015474339725799258,-0.0018149043928133285,-0.0018226415626762282
2022-01-13,0.5249648656986936,0.5249648656986936,0.6307354160170051,0.06405410770288489,0.0008259196364601536,0.0007938925826087112
2022-01-14,0.4704547225442135,0.4704547225442135,0.5613713424969511,0.06936407352005403,-0.002517381911658301,-0.002552063948418328
2022-01-18,0.45255001748214957,0.45255001748214957,0.5249648656986936,0.03640647679825748,0.0014780047310221733,0.0014598014926230445
2022-01-19,0.4237486302294785,0.4237486302294785,0.4704547225442135,0.054510143154480106,0.0006164049197836876,0.0005891498482064475
2022-01-20,0.3789959370892806,0.3789959370892806,0.45255001748214957,0.01790470506206393,-0.0008458949928973056,-0.0008548473454283376
2022-01-21,0.3222590484494746,0.3222590484494746,0.4237486302294785,0.028801387252671062,-0.001904585361048132,-0.0019189860546744676
2022-01-24,0.21498024308823752,0.21498024308823752,0.3789959370892806,0.04475269314019792,-0.0014258083125563597,-0.0014481846591264586
2022-01-25,0.14333226952535347,0.14333226952535347,0.3222590484494746,0.05673688863980597,-0.00036510020922955744,-0.00039346865354946043
2022-01-26,0.06167001455379933,0.06167001455379933,0.21498024308823752,0.1072788053612371,-0.007640111501719084,-0.007693750904399702
2022-01-27,0.016068918976507245,0.016068918976507245,0.14333226952535347,0.07164797356288405,0.00047754789439568456,0.00044172390761424254
2022-01-28,0.12132494841135258,0.12132494841135258,0.06167001455379933,0.08166225497155413,0.0020600962218007613,0.0020192650943149843
2022-01-31,0.23120896087344023,0.23120896087344023,0.016068918976507245,0.04560109557729208,0.00010024019332857329,7.743964553992725e-05
2022-02-01,0.30303991544201364,0.30303991544201364,0.12132494841135258,0.10525602943484533,-6.837834960155291e-05,-0.00012100636431897557
2022-02-02,0.44364426862873974,0.44364426862873974,0.23120896087344023,0.10988401246208765,0.002607664358601683,0.002552722352370639
2022-02-03,0.5355102579134451,0.5355102579134451,0.30303991544201364,0.07183095456857341,-5.638515786861203e-05,-9.230063515289875e-05
2022-02-04,0.5226522834564441,0.5226522834564441,0.44364426862873974,0.1406043531867261,-0.003958892036179222,-0.004029194212772585
2022-02-07,0.4756190445342653,0.4756190445342653,0.5355102579134451,0.09186598928470535,-0.0031140423213325504,-0.003159975315974903
2022-02-08,0.42430535571136296,0.42430535571136296,0.5226522834564441,0.012857974457000987,-0.0017750607222684952,-0.0017814897094969957
2022-02-09,0.4359387658070028,0.4359387658070028,0.4756190445342653,0.04703323892217881,0.006123176170297292,0.0060996595508362025
2022-02-10,0.3909694170161237,0.3909694170161237,0.42430535571136296,0.051313688822902326,-0.0036482636286751793,-0.0036739204730866304
2022-02-11,0.31996670867332155,0.31996670867332155,0.4359387658070028,0.01163341009563984,0.00230122938261702,0.0022954126775691997
2022-02-14,0.2639019691668858,0.2639019691668858,0.3909694170161237,0.044969348790879105,-0.0003665537452700858,-0.00038903841966552534
2022-02-15,0.2365416914276671,0.2365416914276671,0.31996670867332155,0.07100270834280215,0.000540590381623072,0.0005050890274516709
2022-02-16,0.2012613316543102,0.2012613316543102,0.2639019691668858,0.05606473950643576,0.00019785452116112288,0.000169822151407905
2022-02-17,0.20416839671326337,0.20416839671326337,0.2365416914276671,0.027360277739218702,0.0007973156233854212,0.0007836354845158119
2022-02-18,0.24020411562427024,0.24020411562427024,0.2012613316543102,0.03528035977335689,0.000939058073136058,0.0009214178932493795
2022-02-22,0.26864737587702725,0.26864737587702725,0.20416839671326337,0.002907065058953162,0.0002655008335586915,0.0002640473010292149
2022-02-23,0.22135986447816008,0.22135986447816008,0.24020411562427024,0.036035718911006875,-0.0021836696380065712,-0.0022016874974620745
2022-02-24,0.15818804776597536,0.15818804776597536,0.26864737587702725,0.028443260252757008,-0.004124508115549727,-0.004138729745676105
2022-02-25,0.3955260783957033,0.3955260783957033,0.22135986447816008,0.047287511398867166,0.006439987281345562,0.006416343525646128
2022-02-28,0.43387318852450596,0.43387318852450596,0.15818804776597536,0.06317181671218472,-0.0013153071838519902,-0.0013468930922080826
2022-03-01,0.4507841862450003,0.4507841862450003,0.3955260783957033,0.23733803062972794,-0.00044217939363805066,-0.0005608484089529147
2022-03-02,0.5984895124377414,0.5984895124377414,0.43387318852450596,0.03834711012880265,0.004289359177557939,0.004270185622493538
2022-03-03,0.732326341625161,0.732326341625161,0.4507841862450003,0.016910997720494314,0.0043296968996194216,0.004321241400759174
2022-03-04,0.821550894416774,0.821550894416774,0.5984895124377414,0.14770532619274113,0.004927065442248759,0.004853212779152388
2022-03-07,0.7775472219357262,0.7775472219357262,0.732326341625161,0.13383682918741957,-0.005714014324220413,-0.005780932738814123
2022-03-08,0.5885327268126517,0.5885327268126517,0.821550894416774,0.08922455279161301,-0.021485361982542757,-0.021529974258938562
2022-03-09,0.4455395531163639,0.4455395531163639,0.7775472219357262,0.04400367248104775,-0.002482033600605484,-0.0025040354368460077
2022-03-10,0.3502303012734876,0.3502303012734876,0.5885327268126517,0.18901449512307456,0.0016630488640070977,0.0015685416164455605
2022-03-11,0.25741983770094357,0.25741983770094357,0.4455395531163639,0.14299317369628778,-0.001590286711881052,-0.001661783298729196
2022-03-14,0.1427476880001061,0.1427476880001061,0.3502303012734876,0.09530925184287631,-0.003565689600964773,-0.0036133442268862113
2022-03-15,0.07711588444593355,0.07711588444593355,0.25741983770094357,0.09281046357254402,0.0012747266208167902,0.0012283213890305182
2022-03-16,0.017179309512272194,0.017179309512272194,0.1427476880001061,0.11467214970083747,-0.0007304643948580898,-0.0007878004697085086
2022-03-17,-0.02521483563229375,-0.02521483563229375,0.07711588444593355,0.06563180355417254,-0.00019099163384969327,-0.00022380753562677955
2022-03-18,-0.3501432237548625,-0.3501432237548625,0.017179309512272194,0.059936574933661356,-0.0005118334961537662,-0.000541801783620597
2022-03-21,-0.46103814979703656,-0.46103814979703656,-0.02521483563229375,0.042394145144565944,-0.00014890269516324575,-0.00017009976773552871
2022-03-22,-0.5483751603626246,-0.5483751603626246,-0.3501432237548625,0.32492838812256875,0.0006852176808829255,0.0005227534868216411
2022-03-23,-0.6189947402115973,-0.6189947402115973,-0.46103814979703656,0.11089492604217405,0.0002712012484861636,0.00021575378546507659
2022-03-24,-0.6528735984233118,-0.6528735984233118,-0.5483751603626246,0.08733701056558801,-0.0003227662674104749,-0.0003664347726932689
2022-03-25,-0.597035191495678,-0.597035191495678,-0.6189947402115973,0.07061957984897271,-0.003398431778308863,-0.0034337415682333494
2022-03-28,-0.5843789386200293,-0.5843789386200293,-0.6528735984233118,0.033878858211714546,0.001400416831964019,0.0013834774028581617
2022-03-29,-0.5517755403337263,-0.5517755403337263,-0.597035191495678,0.055838406927633866,-0.0009334223322395981,-0.000961341535703415
2022-03-30,-0.468151925229523,-0.468151925229523,-0.5843789386200293,0.012656252875648644,-0.0041048822383398555,-0.00411121036477768
2022-03-31,-0.5854039454855305,-0.5854039454855305,-0.5517755403337263,0.03260339828630299,0.007163145521365051,0.0071468438222219
2022-04-01,-0.4221237731207558,-0.4221237731207558,-0.468151925229523,0.08362361510420335,-0.010844507215780745,-0.010886319023332846
2022-04-04,-0.29713153246762547,-0.29713153246762547,-0.5854039454855305,0.11725202025600756,-0.0038188036801880716,-0.0038774296903160755
2022-04-05,-0.20258462939129981,-0.20258462939129981,-0.4221237731207558,0.16328017236477477,-0.0025750110424480875,-0.0026566511286304747
2022-04-06,-0.12509111855414148,-0.12509111855414148,-0.29713153246762547,0.1249922406531303,-0.0023643752889978093,-0.0024268714093243745
2022-04-07,-0.06945186133258857,-0.06945186133258857,-0.20258462939129981,0.09454690307632566,-0.00042396022353124313,-0.00047123367506940597
2022-04-08,0.03290294614290406,0.03290294614290406,-0.12509111855414148,0.07749351083715833,-0.0020424994381447086,-0.002081246193563288
2022-04-11,0.15381354189486518,0.15381354189486518,-0.06945186133258857,0.05563925722155291,-0.00048005825069248137,-0.0005078778793032578
2022-04-12,0.20199965464006522,0.20199965464006522,0.03290294614290406,0.10235480747549264,-0.00014040621868338833,-0.00019158362242113465
2022-04-13,0.3380970677334709,0.3380970677334709,0.15381354189486518,0.12091059575196111,0.0013470053438345317,0.001286550045958551
2022-04-14,0.32581005884997594,0.32581005884997594,0.20199965464006522,0.048186112745200044,-0.0011566253261967524,-0.0011807183825693524
2022-04-18,0.2493608154383557,0.2493608154383557,0.3380970677334709,0.1360974130934057,-0.002763604403985856,-0.0028316531105325587
2022-04-19,0.23315790475078707,0.23315790475078707,0.32581005884997594,0.012287008883494988,0.0021968759933549777,0.00219073248891323
2022-04-20,0.4613763185097869,0.4613763185097869,0.2493608154383557,0.07644924341162024,0.003061927686850776,0.003023703065144966
2022-04-21,0.6409175456731913,0.6409175456731913,0.23315790475078707,0.016202910687568628,0.0025711056350872273,0.002563004179743443
2022-04-22,0.3648597622936509,0.3648597622936509,0.4613763185097869,0.22821841375899982,-0.026000126383702745,-0.026114235590582246
2022-04-25,-0.06772665763394972,-0.06772665763394972,0.6409175456731913,0.17954122716340437,-0.020125043692540673,-0.020214814306122375
2022-04-26,-0.37848443842263313,-0.37848443842263313,0.3648597622936509,0.27605778337954034,-0.006313180249347702,-0.006451209141037472
2022-04-27,-0.5856562922817554,-0.5856562922817554,-0.06772665763394972,0.4325864199276006,0.001302184477239344,0.0010858912672755438
2022-04-28,-0.7237708615211703,-0.7237708615211703,-0.37848443842263313,0.31075778078868344,0.0004685407455550878,0.0003131618551607461
2022-04-29,-0.8158472410141135,-0.8158472410141135,-0.5856562922817554,0.2071718538591223,0.0254108480041396,0.02530726207721004
2022-05-02,-0.877231494009409,-0.877231494009409,-0.7237708615211703,0.1381145692394149,0.0010942787686152743,0.0010252214839955667
2022-05-03,-0.8092421975363329,-0.8092421975363329,-0.8158472410141135,0.09207637949294323,-0.01658895344417617,-0.016634991633922642
2022-05-04,-0.6663163178687084,-0.6663163178687084,-0.877231494009409,0.061384252995295485,-0.022316629564010437,-0.022347321690508085
2022-05-05,-0.6082422978936256,-0.6082422978936256,-0.8092421975363329,0.06798929647307617,0.008866941947171249,0.008832947298934711
2022-05-06,-0.523896893133611,-0.523896893133611,-0.6663163178687084,0.1429258796676245,-0.005988909672827112,-0.006060372612660924
2022-05-09,-0.4394568969508108,-0.4394568969508108,-0.6082422978936256,0.05807401997508277,-0.004410327949523101,-0.004439364959510642
2022-05-10,-0.41313959123115185,-0.41313959123115185,-0.523896893133611,0.08434540476001462,0.005279925069659792,0.005237752367279785
2022-05-11,-0.40981930485720475,-0.40981930485720475,-0.4394568969508108,0.08443999618280018,0.002282641302582207,0.002240421304490807
2022-05-12,-0.39443974741390553,-0.39443974741390553,-0.41313959123115185,0.026317305719658957,-0.001553172570617879,-0.0015663312234777084
2022-05-13,-0.31768127285327935,-0.31768127285327935,-0.40981930485720475,0.003320286373947101,-0.0010232367678381404,-0.0010248969110251138
2022-05-16,-0.239616040311347,-0.239616040311347,-0.39443974741390553,0.015379557443299219,-0.007040565291703593,-0.007048255070425243
2022-05-17,-0.18474087096250613,-0.18474087096250613,-0.31768127285327935,0.07675847456062618,0.0006477963237514102,0.0006094170864710971
2022-05-18,-0.1321162082026787,-0.1321162082026787,-0.239616040311347,0.07806523254193234,0.0002447549803424497,0.00020572236407148355
2022-05-19,-0.09133131257839011,-0.09133131257839011,-0.18474087096250613,0.054875169348840874,-0.0007935267305626024,-0.0008209643152370229
2022-05-20,-0.06270950885117783,-0.06270950885117783,-0.1321162082026787,0.05262466275982744,-0.0011570130464933844,-0.001183325377873298
2022-05-23,-0.04339314108722573,-0.04339314108722573,-0.09133131257839011,0.04078489562428858,-0.0002581415340835853,-0.00027853398189572957
2022-05-24,-0.0282288065951507,-0.0282288065951507,-0.06270950885117783,0.028621803727212278,-0.0012751606238391013,-0.0012894715257027074
2022-05-25,-0.017544805192056968,-0.017544805192056968,-0.04339314108722573,0.019316367763952104,-0.0004794800487371588,-0.0004891382326191349
2022-05-26,-0.00990948723141208,-0.00990948723141208,-0.0282288065951507,0.015164334492075028,0.00013772750366606136,0.00013014533642002386
2022-05-27,-0.003340806543983019,-0.003340806543983019,-0.017544805192056968,0.010684001403093734,-0.00014107532807814153,-0.0001464173287796884
2022-05-31,-0.0005643416865231707,-0.0005643416865231707,-0.00990948723141208,0.007635317960644887,2.1209079701076125e-05,1.7391420720753683e-05
2022-06-01,0.0010984001141523445,0.0010984001141523445,-0.003340806543983019,0.006568680687429061,-7.1655986178902155e-06,-1.0449938961604747e-05
2022-06-02,0.00244209252886547,0.00244209252886547,-0.0005643416865231707,0.0027764648574598485,1.2078493597699569e-06,-1.8038306895996742e-07
2022-06-03,0.0034437432078469666,0.0034437432078469666,0.0010984001141523445,0.0016627418006755152,-1.0279216855220502e-05,-1.1110587755558259e-05
2022-06-06,0.0063275940298798405,0.0063275940298798405,0.00244209252886547,0.0013436924147131254,2.0666958423266198e-05,1.9995112215909634e-05
2022-06-07,0.011409402365101504,0.011409402365101504,0.0034437432078469666,0.0010016506789814967,2.7555216959866966e-05,2.7054391620376216e-05
2022-06-08,0.008811844351836967,0.008811844351836967,0.0063275940298798405,0.002883850822032874,-1.225021297741955e-05,-1.3692138388435987e-05
2022-06-09,0.006537018461166548,0.006537018461166548,0.011409402365101504,0.005081808335221663,-0.0001350087809804471,-0.00013754968514805794
2022-06-10,0.004789569209598202,0.004789569209598202,0.008811844351836967,0.002597558013264537,-2.0759262108956026e-05,-2.2058041115588295e-05
2022-06-13,-0.0035917188889319665,-0.0035917188889319665,0.006537018461166548,0.0022748258906704188,-0.00015821530633572015,-0.00015935271928105537
2022-06-14,-0.01618685871683404,-0.01618685871683404,0.004789569209598202,0.001747449251568346,-4.153136279152542e-05,-4.240508741730959e-05
2022-06-15,-0.024044378360086764,-0.024044378360086764,-0.0035917188889319665,0.008381288098530169,7.299496451819149e-07,-3.4606944040831704e-06
2022-06-16,-0.0341527158196476,-0.0341527158196476,-0.01618685871683404,0.012595139827902072,0.00010209712128662887,9.579955137267784e-05
2022-06-17,-0.0389459156394375,-0.0389459156394375,-0.024044378360086764,0.007857519643252726,-9.354013690311926e-05,-9.746889672474562e-05
2022-06-21,-0.019970078759389637,-0.019970078759389637,-0.0341527158196476,0.010108337459560836,-0.0011284445221682328,-0.0011334986908980132
2022-06-22,-0.0038359866541890324,-0.0038359866541890324,-0.0389459156394375,0.004793199819789901,-0.00010764765136224479,-0.00011004425127213974
2022-06-23,0.058104499944401755,0.058104499944401755,-0.019970078759389637,0.018975836880047864,-0.0005111446345603271,-0.0005206325530003511
2022-06-24,0.05774669904273476,0.05774669904273476,-0.0038359866541890324,0.016134092105200604,8.321535087744678e-05,7.514830482484647e-05
2022-06-27,0.057524809634819526,0.057524809634819526,0.058104499944401755,0.06194048659859079,0.0,-3.09702432992954e-05
2022-06-28,0.03927862547540635,0.03927862547540635,0.05774669904273476,0.0003578009016669964,-0.000566584943977094,-0.0005667638444279275
2022-06-29,0.04167892522698905,0.04167892522698905,0.057524809634819526,0.00022188940791523226,0.0005472096450567826,0.000547098700352825
2022-06-30,0.037627175167721835,0.037627175167721835,0.03927862547540635,0.018246184159413176,-0.00014651055840165164,-0.00015563365048135822
2022-07-01,0.06442061948701482,0.06442061948701482,0.04167892522698905,0.0024002997515827004,0.0007309280815531247,0.0007297279316773333
2022-07-05,0.0755682378154395,0.0755682378154395,0.037627175167721835,0.004051750059267216,-0.0001603057945072927,-0.00016233166953692632
2022-07-06,0.07366633449616422,0.07366633449616422,0.06442061948701482,0.02679344431929298,0.00011276554836314495,9.936882620349847e-05
2022-07-07,0.06927860934690545,0.06927860934690545,0.0755682378154395,0.011147618328424688,-0.00023769202799590696,-0.0002432658371601193
2022-07-08,0.05289558323730706,0.05289558323730706,0.07366633449616422,0.0019019033192752832,-0.00031959266798941606,-0.0003205436196490537
2022-07-11,0.03655662058927199,0.03655662058927199,0.06927860934690545,0.004387725149258767,1.3723077313107861e-05,1.1529214738478478e-05
2022-07-12,0.026703349197253125,0.026703349197253125,0.05289558323730706,0.016383026109598395,0.0002932796372268227,0.0002850881241720235
2022-07-13,0.018686479258240817,0.018686479258240817,0.03655662058927199,0.01633896264803507,-0.00019437423950404917,-0.0002025437208280667
2022-07-14,0.012888070093147755,0.012888070093147755,0.026703349197253125,0.009853271392018866,-1.0572260101947757e-05,-1.5498895797957188e-05
2022-07-15,0.010347182536985649,0.010347182536985649,0.018686479258240817,0.008016869939012308,0.00019615645084257216,0.000192148015873066
2022-07-18,0.007133169912799107,0.007133169912799107,0.012888070093147755,0.005798409165093062,-0.00018693221907496534,-0.00018983142365751188
2022-07-19,0.019735456993725163,0.019735456993725163,0.010347182536985649,0.0025408875561621063,3.4985055286137096e-05,3.371461150805604e-05
2022-07-20,0.02821488189237145,0.02821488189237145,0.007133169912799107,0.0032140126241865415,-0.0001951192674452652,-0.00019672627375735848
2022-07-21,-0.01777358470954184,-0.01777358470954184,0.019735456993725163,0.012602287080926056,-0.0005670888911833984,-0.0005733900347238615
2022-07-22,-0.34518238980636123,-0.34518238980636123,0.02821488189237145,0.008479424898646289,-0.0019003297364180453,-0.0019045694488673685
2022-07-25,-0.5094982397314877,-0.5094982397314877,-0.01777358470954184,0.04598846660191329,-0.0001239577794875545,-0.00014695201278851116
2022-07-26,-0.594135013473465,-0.594135013473465,-0.34518238980636123,0.3274088050968194,-0.0012338290772395003,-0.00139753347978791
2022-07-27,-0.6561146460278349,-0.6561146460278349,-0.5094982397314877,0.16431584992512643,0.00011332545510366328,3.1167530141100054e-05
2022-07-28,-0.6207710748107592,-0.6207710748107592,-0.594135013473465,0.08463677374197731,-0.008466724876303325,-0.008509043263174313
2022-07-29,-0.5365255449362103,-0.5365255449362103,-0.6561146460278349,0.06197963255436989,-0.009218596365891146,-0.009249586182168331
2022-08-01,-0.47613840106075983,-0.47613840106075983,-0.6207710748107592,0.03534357121707565,-0.0009409581761272961,-0.0009586299617358339
2022-08-02,-0.5267627714625851,-0.5267627714625851,-0.5365255449362103,0.08424552987454892,0.010670289040780975,0.0106281662758437
2022-08-03,-0.5605715143260164,-0.5605715143260164,-0.47613840106075983,0.060387143875450466,0.00010497670156004144,7.478312962231621e-05
2022-08-04,-0.7070476762173443,-0.7070476762173443,-0.5267627714625851,0.05062437040182527,0.01045850162055502,0.010433189435354108
2022-08-05,-0.6550282236083471,-0.6550282236083471,-0.5605715143260164,0.033808742863431274,-0.006560810007544751,-0.006577714378976467
2022-08-08,-0.7300771200679605,-0.7300771200679605,-0.7070476762173443,0.14647616189132795,0.00644914996228095,0.006375911881335286
2022-08-09,-0.7368461822948478,-0.7368461822948478,-0.6550282236083471,0.05201945260899721,-0.0020588191990136995,-0.0020848289253181983
2022-08-10,-0.70129550593486,-0.70129550593486,-0.7300771200679605,0.07504889645961343,-0.0026144430800449894,-0.002651967528274796
2022-08-11,-0.6822622720000309,-0.6822622720000309,-0.7368461822948478,0.006769062226887224,0.0009860164243623093,0.0009826318932488658
2022-08-12,-0.5811947202218382,-0.5811947202218382,-0.70129550593486,0.035550676359987765,-0.005794682647369749,-0.0058124579855497426
2022-08-15,-0.47122956514607484,-0.47122956514607484,-0.6822622720000309,0.01903323393482914,-0.006195509941535543,-0.006205026558502958
2022-08-16,-0.3531663996541322,-0.3531663996541322,-0.5811947202218382,0.10106755177819271,-0.0030615667253423465,-0.0031121005012314427
2022-08-17,-0.3219063943153502,-0.3219063943153502,-0.47122956514607484,0.10996515507576332,0.0047329381664726385,0.004677955588934757
2022-08-18,-0.5479375962102335,-0.5479375962102335,-0.3531663996541322,0.11806316549194262,0.008957632412273745,0.008898600829527774
2022-08-19,-0.6071251727908955,-0.6071251727908955,-0.3219063943153502,0.03126000533878204,-0.0016754623521613137,-0.0016910923548307047
2022-08-22,-0.7380834485272637,-0.7380834485272637,-0.5479375962102335,0.22603120189488335,0.0030838244086818507,0.002970808807734409
2022-08-23,-0.8253889656848425,-0.8253889656848425,-0.6071251727908955,0.05918757658066198,0.00962174834260623,0.009592154554315899
2022-08-24,-0.8531775404946764,-0.8531775404946764,-0.7380834485272637,0.1309582757363682,-0.0013583430400074808,-0.0014238221778756649
2022-08-25,-0.8134446226065184,-0.8134446226065184,-0.8253889656848425,0.08730551715757884,-0.003601109183485265,-0.0036447619420640546
2022-08-26,-0.8756297484043456,-0.8756297484043456,-0.8531775404946764,0.027788574809833877,0.00955777913491225,0.009543884847507334
2022-08-29,-0.8835055520875043,-0.8835055520875043,-0.8134446226065184,0.039732917888158026,-0.0015045561261804593,-0.0015244225851245383
2022-08-30,-0.9223370347250028,-0.9223370347250028,-0.8756297484043456,0.0621851257978272,0.016166750448254923,0.01613565788535601
2022-08-31,-0.9482246898166686,-0.9482246898166686,-0.8835055520875043,0.007875803683158655,0.014957139561774494,0.014953201659932915
2022-09-01,-0.9654831265444459,-0.9654831265444459,-0.9223370347250028,0.03883148263749858,-0.0,-1.9415741318749293e-05
2022-09-02,-0.9769887510296307,-0.9769887510296307,-0.9482246898166686,0.025887655091665795,0.011566381902340809,0.011553438074794975
2022-09-06,-0.9846591673530871,-0.9846591673530871,-0.9654831265444459,0.01725843672777727,0.004675327480937908,0.004666698262574019
2022-09-07,-0.9897727782353916,-0.9897727782353916,-0.9769887510296307,0.011505624485184773,0.00047548349614187917,0.0004697306838992868
2022-09-08,-0.899152167550046,-0.899152167550046,-0.9846591673530871,0.0076704163234564415,-0.005752621961988676,-0.005756457170150404
2022-09-09,-0.7276806297540832,-0.7276806297540832,-0.9897727782353916,0.005113610882304442,-0.022037718712330925,-0.022040275517772077
2022-09-12,-0.5780176535786492,-0.5780176535786492,-0.899152167550046,0.09062061068534555,-0.011069092143526364,-0.011114402448869036
2022-09-13,-0.5961518555098743,-0.5961518555098743,-0.7276806297540832,0.1714715377959628,0.017188000459308527,0.017102264690410547
2022-09-14,-0.6844482448801699,-0.6844482448801699,-0.5780176535786492,0.149662976175434,0.006507130274200506,0.006432298786112789
2022-09-15,-0.7896321632534467,-0.7896321632534467,-0.5961518555098743,0.018134201931225058,0.003610428097165416,0.0036013609961998037
2022-09-16,-0.809270773016918,-0.809270773016918,-0.6844482448801699,0.0882963893702956,-0.003669953076694958,-0.003714101271380106
2022-09-19,-0.8220401453506986,-0.8220401453506986,-0.7896321632534467,0.10518391837327679,0.00019116513439188852,0.00013857317520525012
2022-09-20,-0.8813600969004658,-0.8813600969004658,-0.809270773016918,0.019638609763471315,0.012755316550771284,0.012745497245889548
2022-09-21,-0.9209067312669772,-0.9209067312669772,-0.8220401453506986,0.012769372333780615,0.022479889692938355,0.022473505006771467
2022-09-22,-0.8792009305258284,-0.8792009305258284,-0.8813600969004658,0.059319951549767214,-0.010045616588182048,-0.010075276563956933
2022-09-23,-0.9110623263875219,-0.9110623263875219,-0.9209067312669772,0.0395466343665114,0.009455949274446651,0.009436175957263395
2022-09-26,-0.9407082175916814,-0.9407082175916814,-0.8792009305258284,0.041705800741148824,0.013125639234307792,0.013104786333937217
2022-09-27,-0.9604721450611211,-0.9604721450611211,-0.9110623263875219,0.031861395861693564,0.0009360525671937206,0.0009201218692628739
2022-09-28,-0.8798420212907943,-0.8798420212907943,-0.9407082175916814,0.029645891204159502,-0.012094393881335474,-0.012109216826937554
2022-09-29,-0.9198946808605295,-0.9198946808605295,-0.9604721450611211,0.01976392746943967,0.01828768137053586,0.01827779940680114
2022-09-30,-0.9465964539070197,-0.9465964539070197,-0.8798420212907943,0.08063012377032686,0.015255874664432118,0.015215559602546955
2022-10-03,-0.8323265167766425,-0.8323265167766425,-0.9198946808605295,0.04005265956973525,-0.028829709090227532,-0.0288497354200124
2022-10-04,-0.711517059167626,-0.711517059167626,-0.9465964539070197,0.02670177304649024,-0.015712249370891235,-0.01572560025741448
2022-10-05,-0.6469208862732647,-0.6469208862732647,-0.8323265167766425,0.11426993713037725,0.008572004925577088,0.0085148699570119
2022-10-06,-0.6966291787721892,-0.6966291787721892,-0.711517059167626,0.12080945760901651,0.01665538699428698,0.01659498226548247
2022-10-07,-0.7977527858481261,-0.7977527858481261,-0.6469208862732647,0.06459617289436126,0.016925208960000677,0.016892910873553497
2022-10-10,-0.8651685238987508,-0.8651685238987508,-0.6966291787721892,0.0497082924989245,0.004348225850967565,0.004323371704718103
2022-10-11,-0.9101123492658338,-0.9101123492658338,-0.7977527858481261,0.10112360707593693,0.014813390597167074,0.014762828793629106
2022-10-12,-0.9400748995105559,-0.9400748995105559,-0.8651685238987508,0.06741573805062462,0.00625881965752153,0.006225111788496217
2022-10-13,-0.864795275276882,-0.864795275276882,-0.9101123492658338,0.04494382536708308,-0.01836535913404583,-0.018387831046729374
2022-10-14,-0.8067136785782075,-0.8067136785782075,-0.9400748995105559,0.029962550244722053,0.0005163889972001133,0.0005014077220777522
2022-10-17,-0.6959034431353937,-0.6959034431353937,-0.864795275276882,0.07527962423367385,-0.01901706888987199,-0.019054708701988828
2022-10-18,-0.6223247616359298,-0.6223247616359298,-0.8067136785782075,0.05808159669867452,0.002386897137941263,0.0023578563395919255
2022-10-19,-0.6220055353137351,-0.6220055353137351,-0.6959034431353937,0.11081023544281388,0.009386361607314646,0.009330956489593239
2022-10-20,-0.5750930607632081,-0.5750930607632081,-0.6223247616359298,0.0735786814994639,-0.007317543771920862,-0.0073543331126705936
2022-10-21,-0.7167287071754721,-0.7167287071754721,-0.6220055353137351,0.0003192263221946101,0.027738253376542538,0.02773809376338144
2022-10-24,-0.7311668936777667,-0.7311668936777667,-0.5750930607632081,0.04691247455052705,-0.010086601417989288,-0.010110057655264551
2022-10-25,-0.686904605129994,-0.686904605129994,-0.7167287071754721,0.141635646412264,-0.00916592141717432,-0.009236739240380452
2022-10-26,-0.6573779708773839,-0.6573779708773839,-0.7311668936777667,0.014438186502294559,-0.0,-7.21909325114728e-06
2022-10-27,-0.6592547040360621,-0.6592547040360621,-0.686904605129994,0.0442622885477727,0.004714014050492173,0.004691882906218287
2022-10-28,-0.5517288608921591,-0.5517288608921591,-0.6573779708773839,0.02952663425261004,-0.02707275204618944,-0.027087515363315745
2022-10-31,-0.4974517776156133,-0.4974517776156133,-0.6592547040360621,0.001876733158678201,0.0052500591814207635,0.005249120814841425
2022-11-01,-0.46125244298644935,-0.46125244298644935,-0.5517288608921591,0.10752584314390301,-0.0,-5.376292157195151e-05
2022-11-02,-0.41336329169439834,-0.41336329169439834,-0.4974517776156133,0.05427708327654579,-0.004525839138732758,-0.004552977680371031
2022-11-03,-0.4197892583908683,-0.4197892583908683,-0.46125244298644935,0.03619933462916397,0.006849767955751754,0.0068316682884371725
2022-11-04,-0.37825934631652125,-0.37825934631652125,-0.41336329169439834,0.04788915129205101,-0.0010014829262877838,-0.0010254275019338094
2022-11-07,-0.35002508861238785,-0.35002508861238785,-0.4197892583908683,0.0064259666964699425,0.0005635893191150604,0.0005603763357668255
2022-11-08,-0.2974930881996666,-0.2974930881996666,-0.37825934631652125,0.04152991207434703,-0.006916205512407622,-0.006936970468444796
2022-11-09,-0.27168221396987713,-0.27168221396987713,-0.35002508861238785,0.028234257704133403,0.002310661429332321,0.002296544300480254
2022-11-10,-0.20736694982031928,-0.20736694982031928,-0.2974930881996666,0.05253200041272127,-0.0071170898581115515,-0.007143355858317912
2022-11-11,-0.15471097827181207,-0.15471097827181207,-0.27168221396987713,0.02581087422978945,0.001551705543428064,0.0015388001063131693
2022-11-14,-0.11605291202228674,-0.11605291202228674,-0.20736694982031928,0.06431526414955785,-5.415513394501043e-05,-8.631276601978936e-05
2022-11-15,-0.10880533579198477,-0.10880533579198477,-0.15471097827181207,0.05265597154850721,0.002463378804811026,0.0024370508190367725
2022-11-16,-0.09743937678149671,-0.09743937678149671,-0.11605291202228674,0.038658066249525336,-0.000554058724980151,-0.0005733877581049137
2022-11-17,-0.07811619139528057,-0.07811619139528057,-0.10880533579198477,0.007247576230301964,-0.0008042633354918613,-0.0008078871236070123
2022-11-18,-0.05630499774648338,-0.05630499774648338,-0.09743937678149671,0.011365959010488064,-0.0009958503250526946,-0.0010015333045579385
2022-11-21,-0.040555376146576255,-0.040555376146576255,-0.07811619139528057,0.019323185386216135,-0.0001418427346746588,-0.00015150432736776685
2022-11-22,-0.017102656260729272,-0.017102656260729272,-0.05630499774648338,0.021811193648797196,-0.0008456021425533934,-0.000856507739377792
2022-11-23,-0.005739611627661348,-0.005739611627661348,-0.040555376146576255,0.015749621599907122,0.00028968122195693956,0.000281806411156986
2022-11-25,-0.0013500203412750078,-0.0013500203412750078,-0.017102656260729272,0.023452719885846983,-4.3940174885784636e-05,-5.566653482870813e-05
2022-11-28,-0.0052631614418708166,-0.0052631614418708166,-0.005739611627661348,0.011363044633067924,0.00011473247278898328,0.00010905095047244932
2022-11-29,-0.006536882808807612,-0.006536882808807612,-0.0013500203412750078,0.00438959128638634,-3.5303256808423394e-06,-5.72512132403551e-06
2022-11-30,0.0005176990546148768,0.0005176990546148768,-0.0052631614418708166,0.003913141100595809,-8.785609808949183e-05,-8.981266863978974e-05
2022-12-01,-0.003975170928004657,-0.003975170928004657,-0.006536882808807612,0.0012737213669367954,0.00010900245156331244,0.00010836559087984405
2022-12-02,-0.00977349129338296,-0.00977349129338296,0.0005176990546148768,0.007054581863422489,-2.02595229777247e-06,-5.553243229483715e-06
2022-12-05,-0.06546000189358017,-0.06546000189358017,-0.003975170928004657,0.0044928699826195335,0.00011556990533847197,0.0001133234703471622
2022-12-06,-0.09807827330013996,-0.09807827330013996,-0.00977349129338296,0.005798320365378304,4.7458035229843076e-05,4.455887504715392e-05
2022-12-07,-0.09239852003252316,-0.09239852003252316,-0.06546000189358017,0.05568651060019721,-0.0004968588260950241,-0.0005247020813951227
2022-12-08,-0.09180476545481278,-0.09180476545481278,-0.09807827330013996,0.03261827140655979,0.0001847080622304289,0.000168398926527149
2022-12-09,-0.07946920179580808,-0.07946920179580808,-0.09239852003252316,0.0056797532676167994,-0.0007471630279456743,-0.0007500029045794828
2022-12-12,-0.049866307630105064,-0.049866307630105064,-0.09180476545481278,0.0005937545777103814,-0.0013500883988774416,-0.0013503852761662968
2022-12-13,-0.02095302329772986,-0.02095302329772986,-0.07946920179580808,0.012335563659004706,0.00018849195184034734,0.00018232417001084499
2022-12-14,-0.006699502431798419,-0.006699502431798419,-0.049866307630105064,0.02960289416570301,0.0005400177807352355,0.000525216333652384
2022-12-15,0.016432696312718573,0.016432696312718573,-0.02095302329772986,0.028913284332375205,-0.00017903470828338329,-0.0001934913504495709
2022-12-16,0.006088213432595081,0.006088213432595081,-0.006699502431798419,0.01425352086593144,0.00011529388676112492,0.00010816712632815919
2022-12-19,0.0012395484733524792,0.0012395484733524792,0.016432696312718573,0.023132198744516993,-3.9841508199094725e-05,-5.140760757135322e-05
2022-12-20,-0.0025067176276830044,-0.0025067176276830044,0.006088213432595081,0.010344482880123494,-6.5768077317171765e-06,-1.1749049171778923e-05
2022-12-21,0.015995518551801247,0.015995518551801247,0.0012395484733524792,0.004848664959242601,2.6473301755669272e-05,2.404896927604797e-05
2022-12-22,0.0685871525406852,0.0685871525406852,-0.0025067176276830044,0.0037462661010354836,-3.5165574793151335e-05,-3.7038707843669075e-05
2022-12-23,0.11583983651436586,0.11583983651436586,0.015995518551801247,0.018502236179484252,4.175212239338391e-05,3.2501004303641786e-05
2022-12-27,0.41055989100957724,0.41055989100957724,0.0685871525406852,0.05259163398888396,0.0014999490055563952,0.0014736531885619533
2022-12-28,0.43676333179091775,0.43676333179091775,0.11583983651436586,0.047252683973680654,-0.0012985713081727535,-0.0013221976501595937
2022-12-29,0.6245088878606119,0.6245088878606119,0.41055989100957724,0.2947200544952114,0.004760415514183818,0.004613055486936213
2022-12-30,0.7496725919070746,0.7496725919070746,0.43676333179091775,0.026203440781340515,0.0015575396269208184,0.001544437906530148
2023-01-03,0.8331150612713831,0.8331150612713831,0.6245088878606119,0.18774555606969412,0.011412260065658323,0.011318387287623476
2023-01-04,0.8887433741809221,0.8887433741809221,0.7496725919070746,0.1251637040464627,0.01887265059878573,0.0188100687467625
2023-01-05,0.9258289161206148,0.9258289161206148,0.8331150612713831,0.08344246936430855,0.011545768224685041,0.011504046990002887
2023-01-06,0.9505526107470765,0.9505526107470765,0.8887433741809221,0.05562831290953896,0.010443135527976538,0.010415321371521768
2023-01-09,0.9094539869465177,0.9094539869465177,0.9258289161206148,0.03708554193969271,-0.00372212274569473,-0.0037406655166645764
2023-01-10,0.9396359912976786,0.9396359912976786,0.9505526107470765,0.024723694626461734,0.013326381350400523,0.013314019503087292
2023-01-11,0.8039670547943234,0.8039670547943234,0.9094539869465177,0.04109862380055884,-0.0166929733978538,-0.016713522709754076
2023-01-12,0.8278674590284765,0.8278674590284765,0.9396359912976786,0.030182004351160918,0.014375003277900703,0.014359912275725122
2023-01-13,0.8585375781859801,0.8585375781859801,0.8039670547943234,0.1356689365033552,0.000961453466819681,0.0008936189985680035
2023-01-17,0.7317179236291433,0.7317179236291433,0.8278674590284765,0.023900404234153072,-0.0199747750352453,-0.019986725237362377
2023-01-18,0.5794376661213287,0.5794376661213287,0.8585375781859801,0.030670119157503617,-0.018494990991089713,-0.018510326050668467
2023-01-19,0.4681917347522609,0.4681917347522609,0.7317179236291433,0.12681965455683675,0.001647654986031476,0.0015842451587530575
2023-01-20,0.38061323957144777,0.38061323957144777,0.5794376661213287,0.1522802575078146,-0.000867778342054438,-0.0009439184708083453
2023-01-23,0.29611248359202497,0.29611248359202497,0.4681917347522609,0.11124593136906785,-0.004330820315362731,-0.004386443281047265
2023-01-24,0.30449470836855436,0.30449470836855436,0.38061323957144777,0.08757849518081312,0.007587255737440529,0.007543466489850123
2023-01-25,0.2793263199052527,0.2793263199052527,0.29611248359202497,0.0845007559794228,-0.0006591925743922173,-0.0007014429523819288
2023-01-26,0.25871155022752407,0.25871155022752407,0.30449470836855436,0.00838222477652939,-0.00045309228610435293,-0.0004572833984926176
2023-01-27,0.2703349124658218,0.2703349124658218,0.2793263199052527,0.02516838846330166,0.0025664392435228093,0.0025538550492911587
2023-01-30,0.32974383144995867,0.32974383144995867,0.25871155022752407,0.020614769677728628,0.0026100769394572666,0.0025997695546184025
2023-01-31,0.4407666287670178,0.4407666287670178,0.2703349124658218,0.01162336223829774,0.003424424399375946,0.003418612718256797
2023-02-01,0.5063862127714925,0.5063862127714925,0.32974383144995867,0.05940891898413686,0.0009518249794270126,0.0009221205199349442
2023-02-02,0.6074538753901755,0.6074538753901755,0.4407666287670178,0.11102279731705911,0.001480127330285488,0.0014246159316269583
2023-02-03,0.5747860193832048,0.5747860193832048,0.5063862127714925,0.06561958400447476,-0.0038738510390095198,-0.003906660831011757
2023-02-06,0.4959950894128462,0.4959950894128462,0.6074538753901755,0.10106766261868294,-0.003365746091103541,-0.0034162799224128826
2023-02-07,0.3755419761008499,0.3755419761008499,0.5747860193832048,0.03266785600697064,-0.010164596306249087,-0.010180930234252572
2023-02-08,0.2962091579738192,0.2962091579738192,0.4959950894128462,0.07879092997035864,-0.00036690368330726593,-0.00040629914829244527
2023-02-09,0.22357132796750612,0.22357132796750612,0.3755419761008499,0.12045311331199632,-0.006580234397158612,-0.0066404609538146106
2023-02-10,0.18089890182521906,0.18089890182521906,0.2962091579738192,0.07933281812703069,0.0014880247388534193,0.001448358329789904
2023-02-13,0.1666105529978754,0.1666105529978754,0.22357132796750612,0.07263783000631308,0.0017322562724587228,0.0016959373574555662
2023-02-14,0.14396883229777466,0.14396883229777466,0.18089890182521906,0.04267242614228706,4.491779441366115e-05,2.3581581342517626e-05
2023-02-15,0.13016380635616082,0.13016380635616082,0.1666105529978754,0.014288348827343672,0.00020651921465220197,0.00019937504023853013
2023-02-16,0.10337122219699924,0.10337122219699924,0.14396883229777466,0.02264172070010073,-0.0019252827508019447,-0.001936603611151995
2023-02-17,0.10709774501189714,0.10709774501189714,0.13016380635616082,0.013805025941613841,0.0012415178790445478,0.0012346153660737409
2023-02-21,0.0780493712370206,0.0780493712370206,0.10337122219699924,0.02679258415916158,-0.0026215584287051772,-0.002634954720784758
2023-02-22,0.06075963901049615,0.06075963901049615,0.10709774501189714,0.003726522814897909,0.00021859593499873626,0.00021673267359128732
2023-02-23,0.019242914662548436,0.019242914662548436,0.0780493712370206,0.02904837377487654,-0.0014902696358832554,-0.0015047938227706935
2023-02-24,0.0012012217158205423,0.0012012217158205423,0.06075963901049615,0.017289732226524454,0.00033116134925407245,0.00032251648314081025
2023-02-27,-0.005106078778710091,-0.005106078778710091,0.019242914662548436,0.04151672434794772,6.953860160012292e-05,4.878023942614906e-05
2023-02-28,-0.011396835763902883,-0.011396835763902883,0.0012012217158205423,0.018041692946727896,-2.1625900414465063e-06,-1.1183436514810453e-05
2023-03-01,-0.03789056706328152,-0.03789056706328152,-0.005106078778710091,0.0063073004945306335,6.709928792658279e-05,6.394563767931747e-05
2023-03-02,-0.05093986471372697,-0.05093986471372697,-0.011396835763902883,0.006290756985192792,-3.273158112905027e-05,-3.5876959621646665e-05
2023-03-03,-0.06804434364215839,-0.06804434364215839,-0.03789056706328152,0.026493731299378636,0.00014795729316237162,0.0001347104275126823
2023-03-06,-0.08193565808785383,-0.08193565808785383,-0.05093986471372697,0.013049297650445449,0.00014645161296094965,0.00013992696413572692
2023-03-07,-0.0760610017289941,-0.0760610017289941,-0.06804434364215839,0.01710447892843142,0.0004280821575970912,0.0004195299181328755
2023-03-08,-0.08999403018440799,-0.08999403018440799,-0.08193565808785383,0.01389131444569544,0.0008212937469922689,0.0008143480897694212
2023-03-09,-0.325721112575307,-0.325721112575307,-0.0760610017289941,0.005874656358859726,0.001986141145156839,0.001983203816977409
2023-03-10,-0.42959121539358136,-0.42959121539358136,-0.08999403018440799,0.013933028455413887,-0.0003200728602795718,-0.0003270393745072787
2023-03-13,-0.5501218921787727,-0.5501218921787727,-0.325721112575307,0.235727082390899,0.0012431509629434972,0.0011252874217480477
2023-03-14,-0.5329809687963085,-0.5329809687963085,-0.42959121539358136,0.10387010281827436,-0.003997184441157001,-0.0040491194925661375
2023-03-15,-0.48478918821705874,-0.48478918821705874,-0.5501218921787727,0.12053067678519136,-0.002685172621718846,-0.0027454379601114416
2023-03-16,-0.5848129351600084,-0.5848129351600084,-0.5329809687963085,0.0171409233824642,0.0069032034349208815,0.006894632973229649
2023-03-17,-0.5908083661924017,-0.5908083661924017,-0.48478918821705874,0.04819178057924978,-0.0027829966144121312,-0.0028070925047017563
2023-03-20,-0.517864189730021,-0.517864189730021,-0.5848129351600084,0.10002374694294969,-0.010173552237889613,-0.010223564111361088
2023-03-21,-0.4385446035017956,-0.4385446035017956,-0.5908083661924017,0.005995431032393306,-0.0048930292475814026,-0.0048960269630975994
2023-03-22,-0.4410514480405999,-0.4410514480405999,-0.517864189730021,0.07294417646238072,0.005900363349300658,0.005863891261069468
2023-03-23,-0.3834199244885536,-0.3834199244885536,-0.4385446035017956,0.07931958622822544,-0.0007051824747334089,-0.0007448422678475216
2023-03-24,-0.32020727996381615,-0.32020727996381615,-0.4410514480405999,0.0025068445388043425,-0.0034228130806666394,-0.0034240665029360417
2023-03-27,-0.25117096633973124,-0.25117096633973124,-0.3834199244885536,0.057631523552046315,-0.003970533314438881,-0.003999349076214904
2023-03-28,-0.20812362677684512,-0.20812362677684512,-0.32020727996381615,0.06321264452473746,0.00042069066242228514,0.0003890843401599164
2023-03-29,-0.16046093968434677,-0.16046093968434677,-0.25117096633973124,0.06903631362408491,-0.003172581203495593,-0.0032070993603076354
2023-03-30,-0.1146950621362264,-0.1146950621362264,-0.20812362677684512,0.04304733956288612,-0.0009736223476736362,-0.0009951460174550794
2023-03-31,-0.08102612634016912,-0.08102612634016912,-0.16046093968434677,0.04766268709249835,-0.0009546247654434711,-0.0009784561089897204
2023-04-03,-0.05335895749249967,-0.05335895749249967,-0.1146950621362264,0.045765877548120365,-0.0009732377393625851,-0.0009961206781366452
2023-04-04,-0.02959205471765145,-0.02959205471765145,-0.08102612634016912,0.03366893579605729,-0.0008883610324938726,-0.0009051955003919012
2023-04-05,-0.019194315800793716,-0.019194315800793716,-0.05335895749249967,0.027667168847669447,-0.0006190376567958299,-0.0006328712412196646
2023-04-06,-0.011734339450129916,-0.011734339450129916,-0.02959205471765145,0.02376690277484822,-1.725126130636318e-05,-2.913471269378729e-05
2023-04-10,-0.0032999026735283325,-0.0032999026735283325,-0.019194315800793716,0.010397738916857736,6.320435197910626e-05,5.80054825206774e-05
2023-04-11,0.0032121772276186952,0.0032121772276186952,-0.011734339450129916,0.0074599763506638,-2.982208058583501e-05,-3.3552068761166906e-05
2023-04-12,0.009580387254735017,0.009580387254735017,-0.0032999026735283325,0.008434436776601583,2.091268767079766e-05,1.669546928249687e-05
2023-04-13,0.013321541283216937,0.013321541283216937,0.0032121772276186952,0.006512079901147027,9.833351439695854e-06,6.5773114891223405e-06
2023-04-14,0.01809178203579477,0.01809178203579477,0.009580387254735017,0.006368210027116322,-2.4364789776141095e-05,-2.7548894789699256e-05
2023-04-17,0.02608193950012297,0.02608193950012297,0.013321541283216937,0.00374115402848192,8.151692448232771e-05,7.964634746808675e-05
2023-04-18,0.02933886528700494,0.02933886528700494,0.01809178203579477,0.004770240752577834,-0.00023841079948479205,-0.00024079591986108097
2023-04-19,0.022429508936029886,0.022429508936029886,0.02608193950012297,0.007990157464328199,-0.00022772967620783677,-0.00023172475494000086
2023-04-20,-0.07969167181297158,-0.07969167181297158,0.02933886528700494,0.00325692578688197,-0.0010717080495063803,-0.0010733365123998214
2023-04-21,-0.13633700038901272,-0.13633700038901272,0.022429508936029886,0.006909356350975053,7.84081185700658e-05,7.495344039457828e-05
2023-04-24,-0.1963654149561317,-0.1963654149561317,-0.07969167181297158,0.10212118074900148,0.00046980031798608395,0.00041873972761158324
2023-04-25,-0.21793577959762706,-0.21793577959762706,-0.13633700038901272,0.05664532857604114,-0.0007349850042589678,-0.0007633076685469883
2023-04-26,-0.27619479581045736,-0.27619479581045736,-0.1963654149561317,0.060028414567118965,0.002000466487779703,0.001970452280496144
2023-04-27,-0.15341744616144323,-0.15341744616144323,-0.21793577959762706,0.021570364641495365,-0.011038424121882348,-0.011049209304203096
2023-04-28,-0.06780410772214356,-0.06780410772214356,-0.27619479581045736,0.058259016212830306,-0.00028484299009400466,-0.0003139724982004198
2023-05-01,-0.0058795530125630435,-0.0058795530125630435,-0.15341744616144323,0.12277734964901413,0.00047415594733358737,0.00041276727250908027
2023-05-02,-0.06126914182652406,-0.06126914182652406,-0.06780410772214356,0.08561333843929968,0.001821648169139818,0.0017788414999201682
2023-05-03,-0.026743697717619967,-0.026743697717619967,-0.0058795530125630435,0.06192455470958051,-4.8385787487891e-05,-7.934806484268126e-05
2023-05-04,-0.07713882863408354,-0.07713882863408354,-0.06126914182652406,0.05538958881396101,0.001016311490274851,0.0009886166958678706
2023-05-05,-0.046266393993696454,-0.046266393993696454,-0.026743697717619967,0.03452544410890409,-0.000343692692538737,-0.00036095541459318903
2023-05-08,-0.02565436870857133,-0.02565436870857133,-0.07713882863408354,0.050395130916463575,-0.0,-2.5197565458231785e-05
2023-05-09,-0.04341369223130918,-0.04341369223130918,-0.046266393993696454,0.030872434640387088,0.0003179793451738574,0.00030254312785366386
2023-05-10,-0.04770155726443555,-0.04770155726443555,-0.02565436870857133,0.020612025285125124,-4.0969532064148044e-05,-5.1275544706710604e-05
2023-05-11,-0.041851311137193356,-0.041851311137193356,-0.04341369223130918,0.017759323522737847,3.4604664427905425e-05,2.57250026665365e-05
2023-05-12,-0.03463276140460342,-0.03463276140460342,-0.04770155726443555,0.0042878650331263715,1.269330809959699e-05,1.0549375583033804e-05
2023-05-15,-0.10922489783382372,-0.10922489783382372,-0.041851311137193356,0.005850246127242192,0.0009129630903067906,0.0009100379672431695
2023-05-16,-0.34221624304953746,-0.34221624304953746,-0.03463276140460342,0.007218549732589938,0.000678145427307528,0.000674536152441233
2023-05-17,-0.43516073122544396,-0.43516073122544396,-0.10922489783382372,0.0745921364292203,-0.00039389076288478804,-0.0004311868310993982
2023-05-18,-0.5097674773799261,-0.5097674773799261,-0.34221624304953746,0.23299134521571374,0.0004729617297124895,0.0003564660571046326
2023-05-19,-0.5869004313543582,-0.5869004313543582,-0.43516073122544396,0.0929444881759065,0.0009635689731642746,0.0009170967290763213
2023-05-22,-0.7102624690916663,-0.7102624690916663,-0.5097674773799261,0.07460674615448215,0.0012727550200969542,0.0012354516470197132
2023-05-23,-0.635067539520125,-0.635067539520125,-0.5869004313543582,0.0771329539744321,-0.0045699572038556185,-0.004608523680842834
2023-05-24,-0.7567116930134167,-0.7567116930134167,-0.7102624690916663,0.12336203773730814,0.007251604692451413,0.007189923673582759
2023-05-25,-0.8378077953422778,-0.8378077953422778,-0.635067539520125,0.07519492957154139,0.01858991134398524,0.01855231387919947
2023-05-26,-0.818455734579592,-0.818455734579592,-0.7567116930134167,0.12164415349329172,-0.003911736180119012,-0.003972558256865657
2023-05-30,-0.8394818331283724,-0.8394818331283724,-0.8378077953422778,0.08109610232886111,0.0023938690636937147,0.0023533210125292843
2023-05-31,-0.6727195989876925,-0.6727195989876925,-0.818455734579592,0.019352060762685808,-0.01711973204996669,-0.017129408080348033
2023-06-01,-0.5487733699949309,-0.5487733699949309,-0.8394818331283724,0.02102609854878046,-0.002120503997165303,-0.0021310170464396935
2023-06-02,-0.6991822466632873,-0.6991822466632873,-0.6727195989876925,0.16676223414067992,0.02146975445650258,0.02138637333943224
2023-06-05,-0.7994548311088583,-0.7994548311088583,-0.5487733699949309,0.12394622899276164,0.0019043909289016185,0.0018424178144052377
2023-06-06,-0.7966862358637636,-0.7966862358637636,-0.6991822466632873,0.15040887666835645,-0.004869550867902258,-0.004944755306236437
2023-06-07,-0.6880302348187223,-0.6880302348187223,-0.7994548311088583,0.10027258444557097,-0.012901757481772093,-0.012951893773994878
2023-06-08,-0.5913562408454469,-0.5913562408454469,-0.7966862358637636,0.0027685952450946516,-0.003841190658582781,-0.0038425749562053285
2023-06-09,-0.4986066120518907,-0.4986066120518907,-0.6880302348187223,0.10865600104504136,-0.0007767738456509013,-0.000831101846173422
2023-06-12,-0.4215814995535357,-0.4215814995535357,-0.5913562408454469,0.09667399397327536,-0.0023340522984131775,-0.0023823892953998152
2023-06-13,-0.38524256814531155,-0.38524256814531155,-0.4986066120518907,0.0927496287935562,0.0018202109322276291,0.001773836117830851
2023-06-14,-0.32382484400292555,-0.32382484400292555,-0.4215814995535357,0.07702511249835503,-0.0029705240680630842,-0.0030090366243122617
2023-06-15,-0.24062581534696673,-0.24062581534696673,-0.38524256814531155,0.03633893140822414,-0.007655242493647638,-0.00767341195935175
2023-06-16,-0.16323790659914628,-0.16323790659914628,-0.32382484400292555,0.061417724142386,-0.000177719174264416,-0.000208428036335609
2023-06-20,-0.14458743845773175,-0.14458743845773175,-0.24062581534696673,0.08319902865595882,0.00428977410743888,0.004248174593110901
2023-06-21,-0.13120480301030213,-0.13120480301030213,-0.16323790659914628,0.07738790874782045,-9.117393032944867e-05,-0.0001298678847033589
2023-06-22,-0.11228367503701356,-0.11228367503701356,-0.14458743845773175,0.018650468141414522,-8.068318475697415e-05,-9.000841882768141e-05
2023-06-23,-0.12588831151583552,-0.12588831151583552,-0.13120480301030213,0.013382635447429625,0.0012443492970135583,0.0012376579792898435
2023-06-26,-0.11114339784514146,-0.11114339784514146,-0.11228367503701356,0.01892112797328857,-0.0018972479119964112,-0.0019067084759830555
2023-06-27,-0.08553873728809014,-0.08553873728809014,-0.12588831151583552,0.013604636478821958,-0.0015339248710298182,-0.0015407271892692292
2023-06-28,-0.05910127696501182,-0.05910127696501182,-0.11114339784514146,0.014744913670694054,-0.0008210412817475215,-0.0008284137385828685
2023-06-29,-0.036044834089306706,-0.036044834089306706,-0.08553873728809014,0.025604660557051323,-0.00039492034994008846,-0.00040772268021861414
2023-06-30,-0.017522663298279652,-0.017522663298279652,-0.05910127696501182,0.026437460323078317,-0.0003195514815115024,-0.00033277021167304154
2023-07-03,-0.0029490483941636367,-0.0029490483941636367,-0.036044834089306706,0.023056442875705116,-8.722662813445997e-05,-9.875484957231252e-05
2023-07-05,0.0004985962214911939,0.0004985962214911939,-0.017522663298279652,0.018522170791027054,-9.400757714421866e-05,-0.00010326866253973218
2023-07-06,0.002663473778855843,0.002663473778855843,-0.0029490483941636367,0.014573614904116015,2.75389843524882e-05,2.0252176900430192e-05
2023-07-07,-0.006066213315555026,-0.006066213315555026,0.0004985962214911939,0.0034476446156548306,-7.886907539780665e-06,-9.61072984760808e-06
2023-07-10,-0.05742581933715513,-0.05742581933715513,0.002663473778855843,0.002164877557364649,-5.638508637393783e-05,-5.746752515262016e-05
2023-07-11,-0.09002988516465477,-0.09002988516465477,-0.006066213315555026,0.008729687094410868,2.589428755680185e-05,2.1529444009596414e-05
2023-07-12,-0.10910329153852127,-0.10910329153852127,-0.05742581933715513,0.051359606021600106,0.0002133677795108077,0.00018768797650000764
2023-07-13,-0.12459350052703952,-0.12459350052703952,-0.09002988516465477,0.03260406582749963,0.0005681831708779288,0.000551881137964179
2023-07-14,-0.307524972449707,-0.307524972449707,-0.10910329153852127,0.01907340637386651,0.00198426644409616,0.001974729740909227
2023-07-17,-0.538349981633138,-0.538349981633138,-0.12459350052703952,0.015490208988518245,0.00934174925825797,0.009334004153763712
2023-07-18,-0.5627691310004026,-0.5627691310004026,-0.307524972449707,0.18293147192266748,-0.007917854523538066,-0.0080093202594994
2023-07-19,-0.42593348106218193,-0.42593348106218193,-0.538349981633138,0.23082500918343096,-0.028360549615412164,-0.02847596212000388
2023-07-20,-0.36112245567464907,-0.36112245567464907,-0.5627691310004026,0.024419149367264636,0.00546713235973973,0.0054549227850560975
2023-07-21,-0.2987095722836209,-0.2987095722836209,-0.42593348106218193,0.13683564993822067,-0.0030388255347889802,-0.0031072433597580905
2023-07-24,-0.24894404412011278,-0.24894404412011278,-0.36112245567464907,0.06481102538753286,-0.0010658708108770376,-0.001098276323570804
2023-07-25,-0.1971316326042182,-0.1971316326042182,-0.2987095722836209,0.062412883391028184,-0.002285609114861831,-0.002316815556557345
2023-07-26,-0.150960549333543,-0.150960549333543,-0.24894404412011278,0.0497655281635081,-0.0007270622363169385,-0.0007519450003986925
2023-07-27,-0.16487260031420292,-0.16487260031420292,-0.1971316326042182,0.05181241151589458,0.004535074272360362,0.004509168066602415
2023-07-28,-0.13046775239910471,-0.13046775239910471,-0.150960549333543,0.046171083270675206,-0.0021597839850995546,-0.0021828695267348923
2023-07-31,-0.09343346455649969,-0.09343346455649969,-0.16487260031420292,0.013912050980659924,-0.00024229319956993445,-0.0002492492250602644
2023-08-01,-0.11027264798369868,-0.11027264798369868,-0.13046775239910471,0.03440484791509821,0.002488401626891273,0.002471199202933724
2023-08-02,-0.09080951517584565,-0.09080951517584565,-0.09343346455649969,0.037034287842605026,0.00030744661983701197,0.00028892947591570945
2023-08-03,-0.083399220595676,-0.083399220595676,-0.11027264798369868,0.016839183427198992,0.0008604610518320381,0.0008520414601184386
2023-08-04,-0.10080588484150323,-0.10080588484150323,-0.09080951517584565,0.01946313280785303,0.0012085945494666299,0.0011988629830627033
2023-08-07,-0.11621888933138769,-0.11621888933138769,-0.083399220595676,0.007410294580169646,0.00023011113520200974,0.00022640598791192493
2023-08-08,-0.1171134639566372,-0.1171134639566372,-0.10080588484150323,0.017406664245827222,-0.00012397130037847476,-0.00013267463250138837
2023-08-09,-0.1092407997776547,-0.1092407997776547,-0.11621888933138769,0.01541300448988446,-0.0004995483529662629,-0.0005072548552112052
2023-08-10,-0.08453338617438004,-0.08453338617438004,-0.1171134639566372,0.000894574625249514,-0.0011099180686042565,-0.0011103653559168813
2023-08-11,-0.06078726124812249,-0.06078726124812249,-0.1092407997776547,0.007872664178982497,-0.0011248403478661992,-0.0011287766799556904
2023-08-14,-0.04385264501245206,-0.04385264501245206,-0.08453338617438004,0.024707413603274664,-0.0005067989987217823,-0.0005191527055234196
2023-08-15,-0.03104447131831246,-0.03104447131831246,-0.06078726124812249,0.02374612492625755,0.0005434031356871745,0.0005315300732240458
2023-08-16,-0.02236493825634454,-0.02236493825634454,-0.04385264501245206,0.016934616235670427,-1.3193520514038374e-05,-2.1660828631873586e-05
2023-08-17,-0.017230990081362134,-0.017230990081362134,-0.03104447131831246,0.012808173694139603,0.0001959579821192437,0.0001895538952721739
2023-08-18,-0.011681979909341838,-0.011681979909341838,-0.02236493825634454,0.00867953306196792,-8.117791134425489e-05,-8.551767787523885e-05
2023-08-21,-0.008330706652248537,-0.008330706652248537,-0.017230990081362134,0.005133948174982406,9.347497211797613e-05,9.090799803048493e-05
2023-08-22,-0.006075421830846714,-0.006075421830846714,-0.011681979909341838,0.005549010172020296,-7.080045874398652e-05,-7.357496382999667e-05
2023-08-23,-0.004572266417867225,-0.004572266417867225,-0.008330706652248537,0.0033512732570933016,2.5103229695909682e-06,8.346863410443175e-07
2023-08-24,-0.0031999206447886953,-0.0031999206447886953,-0.006075421830846714,0.002255284821401823,-3.4779402452217473e-05,-3.590704486291839e-05
2023-08-25,-0.0021578362466900627,-0.0021578362466900627,-0.004572266417867225,0.0015031554129794882,4.109448631908999e-06,3.357870925419255e-06
2023-08-28,-0.0014512533715434867,-0.0014512533715434867,-0.0031999206447886953,0.00137234577307853,-1.9189864815681783e-05,-1.987603770222105e-05
2023-08-29,0.010153062639114599,0.010153062639114599,-0.0021578362466900627,0.0010420843980986326,-7.33216021216911e-05,-7.384264432074041e-05
2023-08-30,0.017172309284263956,0.017172309284263956,-0.0014512533715434867,0.000706582875146576,2.091958430499069e-06,1.738666992925781e-06
2023-08-31,0.02707875604391547,0.02707875604391547,0.010153062639114599,0.011604316010658085,9.96571134060834e-05,9.385495540075436e-05
2023-09-01,0.033158181192433134,0.033158181192433134,0.017172309284263956,0.007019246645149357,-5.891246566328155e-05,-6.242208898585623e-05
2023-09-05,0.02852678047902389,0.02852678047902389,0.02707875604391547,0.009906446759651515,-0.0004349997259815561,-0.00043995294936138184
2023-09-06,0.02265414072687271,0.02265414072687271,0.033158181192433134,0.006079425148517663,-0.00011600310421798119,-0.00011904281679224002
2023-09-07,0.008435457066322444,0.008435457066322444,0.02852678047902389,0.004631400713409242,-0.00030880346662467175,-0.00031111916698137637
2023-09-08,-0.014476160687083373,-0.014476160687083373,0.02265414072687271,0.0058726397521511806,-0.00024121544865037176,-0.00024415176852644736
2023-09-11,-0.013051495542551871,-0.013051495542551871,0.008435457066322444,0.014218683660550267,0.00012356927452071974,0.0001164599326904446
2023-09-12,-0.00852019026953098,-0.00852019026953098,-0.014476160687083373,0.02291161775340582,-4.265156516270772e-05,-5.4107374039410626e-05
2023-09-13,-0.006840281436049741,-0.006840281436049741,-0.013051495542551871,0.0014246651445315017,6.901588309012841e-05,6.830355051786266e-05
2023-09-14,-0.004519329311395891,-0.004519329311395891,-0.00852019026953098,0.004531305273020892,-4.5294001683185875e-05,-4.755965431969632e-05
2023-09-15,-0.004281798044763262,-0.004281798044763262,-0.006840281436049741,0.0016799088334812388,5.023702825923327e-05,4.9397073842492655e-05
2023-09-18,-0.005896624152187497,-0.005896624152187497,-0.004519329311395891,0.00232095212465385,3.4774894654662686e-05,3.361441859233576e-05
2023-09-19,-0.005707715235846447,-0.005707715235846447,-0.004281798044763262,0.00023753126663262833,1.660072761955862e-05,1.6481961986242306e-05
2023-09-20,-0.005495465544274826,-0.005495465544274826,-0.005896624152187497,0.0016148261074242342,-3.5308594031680794e-05,-3.611600708539291e-05
2023-09-21,-0.006771074738559156,-0.006771074738559156,-0.005707715235846447,0.0001889089163410497,5.266003492146443e-05,5.25655804632939e-05
2023-09-22,-0.006286247421735644,-0.006286247421735644,-0.005495465544274826,0.00021224969157162057,1.651107352575979e-06,1.5449825067901688e-06
2023-09-25,-0.004261533105543457,-0.004261533105543457,-0.006771074738559156,0.0012756091942843295,2.441494607077525e-05,2.3777141473633084e-05
2023-09-26,-0.00290208347375526,-0.00290208347375526,-0.006286247421735644,0.00048482731682351204,3.22270934526143e-05,3.198467979420255e-05
2023-09-27,-0.011223205947720097,-0.011223205947720097,-0.004261533105543457,0.0020247143161921865,7.621392735800257e-05,7.520157019990648e-05
2023-09-28,-0.011801471177257113,-0.011801471177257113,-0.00290208347375526,0.0013594496317881973,-1.3435055123615124e-05,-1.4114779939509223e-05
2023-09-29,-0.01221184771958425,-0.01221184771958425,-0.011223205947720097,0.008321122473964836,4.827081059648841e-05,4.411024935950599e-05
2023-10-02,-0.09983715311207994,-0.09983715311207994,-0.011801471177257113,0.0005782652295370158,0.00023668427282419534,0.00023639514020942683
2023-10-03,-0.11880725647263915,-0.11880725647263915,-0.01221184771958425,0.0004103765423271368,-8.45912230113803e-05,-8.479641128254386e-05
2023-10-04,-0.31700064605887773,-0.31700064605887773,-0.09983715311207994,0.08762530539249569,0.0013736321049941927,0.0013298194522979449
2023-10-05,-0.3126355624677283,-0.3126355624677283,-0.11880725647263915,0.01897010336055921,-0.001054737481654579,-0.0010642225333348588
2023-10-06,-0.4892071096815998,-0.4892071096815998,-0.31700064605887773,0.19819338958623858,0.003103371008425986,0.003004274313632867
2023-10-09,-0.4015170776522688,-0.4015170776522688,-0.3126355624677283,0.0043650835911494545,-0.006080445874618127,-0.006082628416413702
2023-10-10,-0.34096331768232063,-0.34096331768232063,-0.4892071096815998,0.17657154721387153,-0.004822041755785715,-0.004910327529392651
2023-10-11,-0.34430837248897866,-0.34430837248897866,-0.4015170776522688,0.08769003202933101,0.0037926328287953017,0.003748787812780636
2023-10-12,-0.5366881131556508,-0.5366881131556508,-0.34096331768232063,0.06055375996994816,0.005960895604474343,0.005930618724489369
2023-10-13,-0.6911254087704339,-0.6911254087704339,-0.34430837248897866,0.003345054806658032,0.0026733702051908665,0.0026716976777875373
2023-10-16,-0.6175425450962337,-0.6175425450962337,-0.5366881131556508,0.19237974066667213,-0.010149298876080935,-0.010245488746414271
2023-10-17,-0.5207242218669788,-0.5207242218669788,-0.6911254087704339,0.15443729561478314,-0.005750137039588091,-0.005827355687395483
2023-10-18,-0.5510813113089623,-0.5510813113089623,-0.6175425450962337,0.0735828636742002,0.009015264721684025,0.008978473289846925
2023-10-19,-0.4681728311734063,-0.4681728311734063,-0.5207242218669788,0.09681832322925499,-0.008888380165043123,-0.00893678932665775
2023-10-20,-0.4145364684903988,-0.4145364684903988,-0.5510813113089623,0.030357089441983565,0.00017451627604476316,0.00015933773132377138
2023-10-23,-0.40164006085733106,-0.40164006085733106,-0.4681728311734063,0.08290848013555602,0.002669303463625643,0.002627849223557865
2023-10-24,0.06557329276177926,0.06557329276177926,-0.4145364684903988,0.05363636268300748,-0.0384294396284452,-0.038456257809786704
2023-10-25,0.24246880383397393,0.24246880383397393,-0.40164006085733106,0.012896407633067763,0.007142894446312029,0.007136446242495495
2023-10-26,0.4949792025559826,0.4949792025559826,0.06557329276177926,0.4672133536191103,0.0015181816961760677,0.0012845750193665126
2023-10-27,0.4628275288155048,0.4628275288155048,0.24246880383397393,0.17689551107219467,-0.007245281516225457,-0.007333729271761554
2023-10-30,0.6418850192103366,0.6418850192103366,0.4949792025559826,0.25251039872200864,0.017466459411985175,0.01734020421262417
2023-10-31,0.7612566794735578,0.7612566794735578,0.4628275288155048,0.03215167374047778,0.006818102917189122,0.006802027080318883
2023-11-01,0.8408377863157053,0.8408377863157053,0.6418850192103366,0.17905749039483176,0.004933352505465425,0.004843823760268009
2023-11-02,0.8938918575438035,0.8938918575438035,0.7612566794735578,0.11937166026322121,0.010752179274622659,0.010692493444491047
2023-11-03,0.9292612383625358,0.9292612383625358,0.8408377863157053,0.07958110684214748,0.00281064892281501,0.002770858369393936
2023-11-06,0.8906430613509541,0.8906430613509541,0.8938918575438035,0.05305407122809824,-0.00943030855262229,-0.009456835588236338
2023-11-07,0.9047208662283811,0.9047208662283811,0.9292612383625358,0.03536938081873231,0.007822170858472394,0.007804486168063027
2023-11-08,0.8667825886613454,0.8667825886613454,0.8906430613509541,0.03861817701158177,-0.004212866351898621,-0.004232175440404412
2023-11-09,0.8022858005878848,0.8022858005878848,0.9047208662283811,0.014077804877427047,-0.003793902761215245,-0.0038009416636539586
2023-11-10,0.743627145183001,0.743627145183001,0.8667825886613454,0.037938277567035716,0.002190070220902305,0.002171101082118787
2023-11-13,0.6709463009176172,0.6709463009176172,0.8022858005878848,0.0644967880734606,0.002471212942347382,0.0024389645483106517
2023-11-14,0.6351111635706441,0.6351111635706441,0.743627145183001,0.0586586554048838,0.0012456995260859964,0.0012163701983835546
2023-11-15,0.7284573319121019,0.7284573319121019,0.6709463009176172,0.07268084426538379,0.0022439638479994305,0.0022076234258667387
2023-11-16,0.818971554608068,0.818971554608068,0.6351111635706441,0.03583513734697308,0.0031756714521173567,0.0031577538834438703
2023-11-17,0.879314369738712,0.879314369738712,0.7284573319121019,0.09334616834145781,0.0010066035952358123,0.0009599305110650834
2023-11-20,0.9195429131591415,0.9195429131591415,0.818971554608068,0.0905142226959661,0.011302307346263496,0.011257050234915513
2023-11-21,0.9463619421060945,0.9463619421060945,0.879314369738712,0.06034281513064399,0.012448718030006143,0.01241854662244082
2023-11-22,0.9642412947373964,0.9642412947373964,0.9195429131591415,0.040228543420429475,0.002468643015242841,0.0024485287435326263
2023-11-24,0.9761608631582643,0.9761608631582643,0.9463619421060945,0.026819028946952983,0.0015202577310650602,0.0015068482165915837
2023-11-27,0.8894668160284919,0.8894668160284919,0.9642412947373964,0.017879352631301915,-0.001546495211312639,-0.00155543488762829
2023-11-28,0.9263112106856612,0.9263112106856612,0.9761608631582643,0.011919568420867943,0.003136433879800378,0.0031304740955899442
2023-11-29,0.9508741404571075,0.9508741404571075,0.8894668160284919,0.08669404712977247,0.0068839119528897475,0.006840564929324861
2023-11-30,0.9672494269714051,0.9672494269714051,0.9263112106856612,0.03684439465716938,0.013983071226763457,0.013964649029434872
2023-12-01,0.9781662846476036,0.9781662846476036,0.9508741404571075,0.02456292977144625,0.006201957332485275,0.006189675867599552
2023-12-04,0.78366582066747,0.78366582066747,0.9672494269714051,0.01637528651429765,-0.013538573898174254,-0.013546761541431402
2023-12-05,0.768805323906285,0.768805323906285,0.9781662846476036,0.010916857676198433,0.009771282459143441,0.009765824030305343
2023-12-06,0.7918737731259214,0.7918737731259214,0.78366582066747,0.19450046398013354,0.0016319088729256598,0.001534658640935593
2023-12-07,0.8612491820839476,0.8612491820839476,0.768805323906285,0.01486049676118506,0.0029952489956941,0.0029878187473135072
2023-12-08,0.7441732823334594,0.7441732823334594,0.7918737731259214,0.023068449219636467,-0.008195332483651875,-0.008206866708261693
2023-12-11,0.5938117299141635,0.5938117299141635,0.8612491820839476,0.06937540895802619,-0.01305940938694742,-0.013094097091426433
2023-12-12,0.4668158036325566,0.4668158036325566,0.7441732823334594,0.11707589975048827,-0.007309512018969593,-0.0073680499688448375
2023-12-13,0.3601388954709397,0.3601388954709397,0.5938117299141635,0.15036155241929583,-0.004935132920042996,-0.005010313696252644
2023-12-14,0.3941397471746815,0.3941397471746815,0.4668158036325566,0.12699592628160694,0.011105668953874234,0.01104217099073343
2023-12-15,0.3616338140660393,0.3616338140660393,0.3601388954709397,0.1066769081616169,-0.0047549217748180895,-0.004808260228898898
2023-12-18,0.36817331029933276,0.36817331029933276,0.3941397471746815,0.034000851703741786,0.0031641057423220996,0.003147105316470229
2023-12-19,0.3523013458018768,0.3523013458018768,0.3616338140660393,0.03250593310864219,-0.0009599885890627777,-0.0009762415556170988
2023-12-20,0.3164121190308656,0.3164121190308656,0.36817331029933276,0.006539496233293474,-0.002645993769015229,-0.0026492635171318757
2023-12-21,0.3054738060510223,0.3054738060510223,0.3523013458018768,0.01587196449745598,0.0012278868498320082,0.0012199508675832802
2023-12-22,0.30079459475739745,0.30079459475739745,0.3164121190308656,0.035889226771011196,0.0005072632987857157,0.0004893186854002101
2023-12-26,0.2813222171216986,0.2813222171216986,0.3054738060510223,0.010938312979843268,-8.154329667819053e-05,-8.701245316811217e-05
2023-12-27,0.25067022531027894,0.25067022531027894,0.30079459475739745,0.004679211293624863,-0.0013642666042728744,-0.001366606209919687
2023-12-28,0.23869619588370994,0.23869619588370994,0.2813222171216986,0.019472377635698868,0.001357220858378277,0.0013474846695604276
2023-12-29,0.18430722003697395,0.18430722003697395,0.25067022531027894,0.030651991811419643,0.001404048892770251,0.0013887228968645412
2024-01-02,0.45620481335798263,0.45620481335798263,0.23869619588370994,0.011974029426569,0.007471208483885224,0.007465221469171939
2024-01-03,0.6374698755719884,0.6374698755719884,0.18430722003697395,0.05438897584673599,0.0013272841619632705,0.0013000896740399024
2024-01-04,0.7583132503813257,0.7583132503813257,0.45620481335798263,0.2718975933210087,0.0024464468357632873,0.002310498039102783
2024-01-05,0.8388755002542172,0.8388755002542172,0.6374698755719884,0.1812650622140058,0.0134391701389112,0.013348537607804198
2024-01-08,0.8605721493958867,0.8605721493958867,0.7583132503813257,0.12084337480933727,-0.0018864058090524015,-0.0019468274964570703
2024-01-09,0.7933563076369359,0.7933563076369359,0.8388755002542172,0.08056224987289151,-0.00840238074307734,-0.008442661868013786
2024-01-10,0.7518092949134108,0.7518092949134108,0.8605721493958867,0.021696649141669466,0.0008817312233743503,0.0008708828988035156
2024-01-11,0.6296798967666104,0.6296798967666104,0.7933563076369359,0.06721584175895079,-0.023955043459860763,-0.023988651380740238
2024-01-12,0.6121719931373721,0.6121719931373721,0.7518092949134108,0.04154701272352512,0.01309220161366453,0.013071428107302767
2024-01-16,0.6984957620897536,0.6984957620897536,0.6296798967666104,0.12212939814680035,0.011920755508792765,0.011859690809719365
2024-01-17,0.6831865312150123,0.6831865312150123,0.6121719931373721,0.017507903629238264,-0.006543978465012275,-0.0065527324168268945
2024-01-18,0.6820805891024706,0.6820805891024706,0.6984957620897536,0.08632376895238147,0.0012578394346496188,0.001214677550173428
2024-01-19,0.7344342522732507,0.7344342522732507,0.6831865312150123,0.015309230874741342,0.0068425516273167945,0.006834897011879424
2024-01-22,0.8229561681821671,0.8229561681821671,0.6820805891024706,0.001105942112541669,0.004335671576937813,0.004335118605881542
2024-01-23,0.8819707787881115,0.8819707787881115,0.7344342522732507,0.05235366317078005,0.0491725015265091,0.049146324694923714
2024-01-24,0.8337610459043598,0.8337610459043598,0.8229561681821671,0.08852191590891645,-0.018513073668562783,-0.018557334626517243
2024-01-25,0.8891740306029066,0.8891740306029066,0.8819707787881115,0.05901461060594437,0.021579333801253212,0.02154982649595024
2024-01-26,0.9261160204019379,0.9261160204019379,0.8337610459043598,0.04820973288375163,0.002168524255280497,0.0021444193888386213
2024-01-29,0.9070781784719616,0.9070781784719616,0.8891740306029066,0.05541298469854672,-0.007340071699887166,-0.007367778192236439
2024-01-30,0.9380521189813078,0.9380521189813078,0.9261160204019379,0.036941989799031294,0.00925037197810399,0.009231900983204476
2024-01-31,0.9424611647874128,0.9424611647874128,0.9070781784719616,0.019037841929976262,-0.002563059893331304,-0.002572578814296292
2024-02-01,0.961640776524942,0.961640776524942,0.9380521189813078,0.03097394050934621,0.003101040182712502,0.003085553212457829
2024-02-02,0.9286292496469644,0.9286292496469644,0.9424611647874128,0.004409045806105016,-0.007985057560106796,-0.00798726208300985
2024-02-05,0.8282025959420443,0.8282025959420443,0.961640776524942,0.019179611737529134,-0.0171191474528837,-0.017128737258752465
2024-02-06,0.6716524986168206,0.6716524986168206,0.9286292496469644,0.03301152687797759,-0.006283703272642357,-0.0063002090360813464
2024-02-07,0.5083249659509455,0.5083249659509455,0.8282025959420443,0.1004266537049201,-0.013702585334884793,-0.013752798661737254
2024-02-08,0.3508938614522635,0.3508938614522635,0.6716524986168206,0.15655009732522362,-0.008474656429097123,-0.008552931477759734
2024-02-09,0.24088446215765733,0.24088446215765733,0.5083249659509455,0.16332753266587519,-0.002419939321216027,-0.002501603087548965
2024-02-12,0.18041516182982267,0.18041516182982267,0.3508938614522635,0.15743110449868197,0.00335700134779574,0.0032782857955463993
2024-02-13,0.1316836932931873,0.1316836932931873,0.24088446215765733,0.11000939929460615,0.00018024604868347696,0.00012524134903617388
2024-02-14,0.10036611347615032,0.10036611347615032,0.18041516182982267,0.06046930032783465,8.990499970127922e-05,5.9670349537361894e-05
2024-02-15,0.09425785119108045,0.09425785119108045,0.1316836932931873,0.048731468536635375,0.0014430901586556732,0.0014187244243873554
2024-02-16,0.08414508328641605,0.08414508328641605,0.10036611347615032,0.03131757981703698,-0.0002472618624979402,-0.00026292065240645865
2024-02-20,0.06888509216071871,0.06888509216071871,0.09425785119108045,0.006108262285069874,2.3276613384431147e-05,2.022248224189621e-05
2024-02-21,0.09321854371903805,0.09321854371903805,0.08414508328641605,0.010112767904664394,0.0012465904391088186,0.0012415340551564864
2024-02-22,0.07998039084361,0.07998039084361,0.06888509216071871,0.015259991125697342,-0.0006201298904700464,-0.000627759886032895
2024-02-23,0.060462476420057455,0.060462476420057455,0.09321854371903805,0.02433345155831934,-0.00016020049611838055,-0.00017236722189754023
2024-02-26,0.04729374931005117,0.04729374931005117,0.07998039084361,0.013238152875428053,-0.0019080430401361816,-0.0019146621165738956
2024-02-27,0.042446064335897774,0.042446064335897774,0.060462476420057455,0.019517914423552545,0.0003656209844098831,0.0003558620271981068
2024-02-28,0.04371139756608157,0.04371139756608157,0.04729374931005117,0.013168727110006287,0.0002013382220786603,0.00019475385852365715
2024-02-29,0.04278893822616546,0.04278893822616546,0.042446064335897774,0.004847684974153395,-8.467544056307192e-05,-8.709928305014861e-05
2024-03-01,0.04399251092188901,0.04399251092188901,0.04371139756608157,0.001265333230183796,0.00019659997176804114,0.00019596730515294923
2024-03-04,0.04793466105588934,0.04793466105588934,0.04278893822616546,0.0009224593399161096,0.00011708502753999129,0.00011662379787003324
2024-03-05,0.05167708689439576,0.05167708689439576,0.04399251092188901,0.0012035726957235482,4.364916591609625e-05,4.304737956823448e-05
2024-03-06,0.040813775430008456,0.040813775430008456,0.04793466105588934,0.00394215013400033,-0.0004989334574120787,-0.0005009045324790789
2024-03-07,0.02935340656332234,0.02935340656332234,0.05167708689439576,0.0037424258385064246,-0.0005176984988028496,-0.0005195697117221028
2024-03-08,0.021636434329805724,0.021636434329805724,0.040813775430008456,0.010863311464387307,-2.0651785050616968e-05,-2.6083440782810622e-05
2024-03-11,0.01763402436809653,0.01763402436809653,0.02935340656332234,0.011460368866686117,0.0004606309165212156,0.0004549007320878725
2024-03-12,0.013914557737895848,0.013914557737895848,0.021636434329805724,0.007716972233516615,0.0,-3.858486116758307e-06
2024-03-13,0.0123456838215889,0.0123456838215889,0.01763402436809653,0.004002409961709193,5.712229127471582e-05,5.512108629386122e-05
2024-03-14,0.010310590125376206,0.010310590125376206,0.013914557737895848,0.0037194666302006827,-0.0001693516897359419,-0.00017121142305104225
2024-03-15,0.006950500237159093,0.006950500237159093,0.0123456838215889,0.0015688739163069471,-8.692072571859801e-05,-8.770516267675148e-05
2024-03-18,0.009994585479127268,0.009994585479127268,0.010310590125376206,0.002035093696212695,0.00011488443505296413,0.00011386688820485779
2024-03-19,0.012578663780599474,0.012578663780599474,0.006950500237159093,0.003360089888217113,6.961100218700771e-06,5.281055274592214e-06
2024-03-20,0.01448192003995601,0.01448192003995601,0.009994585479127268,0.003044085241968175,3.750912608651786e-05,3.5987083465533766e-05
2024-03-21,0.019757042341917837,0.019757042341917837,0.012578663780599474,0.0025840783014722066,0.00013167702282075147,0.00013038498367001536
2024-03-22,0.021833399320718636,0.021833399320718636,0.01448192003995601,0.0019032562593565353,-6.07277684698027e-05,-6.167939659948098e-05
2024-03-25,0.027604597235517062,0.027604597235517062,0.019757042341917837,0.005275122301961827,0.00024469781256565885,0.00024206025141467795
2024-03-26,0.029769679645650454,0.029769679645650454,0.021833399320718636,0.0020763569788007988,-1.068308868236261e-05,-1.172126717176301e-05
2024-03-27,0.06599502792016738,0.06599502792016738,0.027604597235517062,0.005771197914798427,0.0004662751369012064,0.0004633895379438072
2024-03-28,0.12149020116079665,0.12149020116079665,0.029769679645650454,0.0021650824101333913,0.00030099417032199025,0.0002999116291169236
2024-04-01,0.22631805593390508,0.22631805593390508,0.06599502792016738,0.03622534827451693,0.0005033042563089158,0.00048519158217165734
2024-04-02,0.4842120372892701,0.4842120372892701,0.12149020116079665,0.05549517324062926,0.0007470929242158506,0.000719345337595536
2024-04-03,0.6561413581928468,0.6561413581928468,0.22631805593390508,0.10482785477310844,0.0015960206512625273,0.0015436067238759732
2024-04-04,0.5618055453055806,0.5618055453055806,0.4842120372892701,0.257893981355365,-0.00440804268151124,-0.0045369896721889225
2024-04-05,0.4500047078198395,0.4500047078198395,0.6561413581928468,0.1719293209035767,-0.005100852604573459,-0.005186817265025248
2024-04-08,0.34519712299077515,0.34519712299077515,0.5618055453055806,0.09433581288726622,-0.005201844393570506,-0.0052490123000141385
2024-04-09,0.2538492160740621,0.2538492160740621,0.4500047078198395,0.1118008374857411,-0.0024656811489129384,-0.002521581567655809
2024-04-10,0.17990713188343954,0.17990713188343954,0.34519712299077515,0.10480758482906433,-0.0027047452399532146,-0.002757149032367747
2024-04-11,0.11999137257197014,0.11999137257197014,0.2538492160740621,0.09134790691671307,-0.002255321549165462,-0.0023009955026238186
2024-04-12,0.07453015929508196,0.07453015929508196,0.17990713188343954,0.07394208419062254,-0.0019711031469228867,-0.002008074189018198
2024-04-15,0.04548483791490186,0.04548483791490186,0.11999137257197014,0.059915759311469405,0.001178149690598393,0.0011481918109426583
2024-04-16,0.01929387210537134,0.01929387210537134,0.07453015929508196,0.04546121327688818,-0.0006317570652895428,-0.0006544876719279869
2024-04-17,0.008451809846879387,0.008451809846879387,0.04548483791490186,0.029045321380180095,1.1435416155508845e-05,-3.0872445345812025e-06
2024-04-18,-0.008585657028228418,-0.008585657028228418,0.01929387210537134,0.026190965809530523,0.00016975552835119217,0.0001566600454464269
2024-04-19,-0.004881344569813809,-0.004881344569813809,0.008451809846879387,0.010842062258491953,7.581886953670203e-05,7.039783840745605e-05
2024-04-22,-0.3365875630465425,-0.3365875630465425,-0.008585657028228418,0.017037466875107807,0.0004007628412866777,0.00039224410784912376
2024-04-23,-0.31506095731557776,-0.31506095731557776,-0.004881344569813809,0.0037043124584146088,-0.00013910633028075628,-0.00014095848650996358
2024-04-24,-0.3349055561505861,-0.3349055561505861,-0.3365875630465425,0.3317062184767287,0.001780420602712072,0.0016145674934737078
2024-04-25,-0.39835855847938584,-0.39835855847938584,-0.31506095731557776,0.021526605730964765,0.002154115502083421,0.002143352199217939
2024-04-26,-0.35944662030934366,-0.35944662030934366,-0.3349055561505861,0.01984459883500833,-0.003927928250072795,-0.003937850549490299
2024-04-29,-0.27347255232569867,-0.27347255232569867,-0.39835855847938584,0.06345300232879975,-0.004116165924198046,-0.004147892425362446
2024-04-30,-0.307682059371934,-0.307682059371934,-0.35944662030934366,0.03891193817004218,0.00537957664992535,0.005360120680840329
2024-05-01,-0.38604325688124286,-0.38604325688124286,-0.27347255232569867,0.08597406798364499,0.002008344963499156,0.0019653579295073336
2024-05-02,-0.4978265733003616,-0.4978265733003616,-0.307682059371934,0.03420950704623532,0.0021191935798455046,0.002102088826322387
2024-05-03,-0.5821749252639381,-0.5821749252639381,-0.38604325688124286,0.07836119750930887,0.00039664362234182805,0.0003574630235871736
2024-05-06,-0.5041310962397082,-0.5041310962397082,-0.4978265733003616,0.11178331641911876,-0.005632360446856148,-0.005688252105065707
2024-05-07,-0.40943026009782324,-0.40943026009782324,-0.5821749252639381,0.08434835196357648,0.0002960059775174347,0.00025383180153564644
2024-05-08,-0.3257496834387008,-0.3257496834387008,-0.5041310962397082,0.0780438290242299,-0.002180038435063246,-0.002219060349575361
2024-05-09,-0.2438089429334842,-0.2438089429334842,-0.40943026009782324,0.09470083614188496,-0.003214991404295592,-0.0032623418223665344
2024-05-10,-0.15972494295508466,-0.15972494295508466,-0.3257496834387008,0.08368057665912243,-0.0049938724302603585,-0.00503571271858992
2024-05-13,-0.09803101818890297,-0.09803101818890297,-0.2438089429334842,0.0819407405052166,-0.0008449009504480801,-0.0008858713207006884
2024-05-14,-0.06263103354507042,-0.06263103354507042,-0.15972494295508466,0.08408399997839955,0.00019702216321821267,0.0001549801632290129
2024-05-15,-0.0402150353849341,-0.0402150353849341,-0.09803101818890297,0.061693924766181685,-0.0,-3.0846962383090844e-05
2024-05-16,-0.02765046437708498,-0.02765046437708498,-0.06263103354507042,0.03539998464383255,0.0003712290964280624,0.0003535291041061461
2024-05-17,-0.022351927761355604,-0.022351927761355604,-0.0402150353849341,0.02241599816013632,0.00018984003429262298,0.00017863203521255482
2024-05-20,-0.016585467155238245,-0.016585467155238245,-0.02765046437708498,0.01256457100784912,-4.141404839545578e-05,-4.769633389938034e-05
2024-05-21,-0.03736574226549108,-0.03736574226549108,-0.022351927761355604,0.005298536615729377,0.0002785649364375856,0.00027591566812972093
2024-05-22,-0.04244228515769488,-0.04244228515769488,-0.016585467155238245,0.005766460606117359,-7.116757852862354e-05,-7.405080883168222e-05
2024-05-23,-0.07061400552842573,-0.07061400552842573,-0.03736574226549108,0.020780275110252835,0.0003380661843658577,0.0003276760468107313
2024-05-24,-0.055536713644697616,-0.055536713644697616,-0.04244228515769488,0.0050765428922038,-0.000333680097529929,-0.0003362183689760309
2024-05-28,-0.06388473103671416,-0.06388473103671416,-0.07061400552842573,0.028171720370730846,0.0006752243948878131,0.0006611385347024477
2024-05-29,-0.10199261839425819,-0.10199261839425819,-0.055536713644697616,0.015077291883728111,0.0003668583758221728,0.0003593197298803088
2024-05-30,-0.06876171300185933,-0.06876171300185933,-0.06388473103671416,0.008348017392016543,-0.0020096814754518967,-0.002013855484147905
2024-05-31,0.03961313330295447,0.03961313330295447,-0.10199261839425819,0.03810788735754403,-0.002073737494991228,-0.00209279143867
2024-06-03,0.09079895633933491,0.09079895633933491,-0.06876171300185933,0.033230905392398855,0.00028407591620074765,0.00026746046350454824
2024-06-04,0.21692645689219753,0.21692645689219753,0.03961313330295447,0.10837484630481381,0.0005606507799676123,0.0005064633568152054
2024-06-05,0.2579341291973795,0.2579341291973795,0.09079895633933491,0.05118582303638044,-0.000458796851546625,-0.0004843897630648152
2024-06-06,0.2827225230339599,0.2827225230339599,0.21692645689219753,0.12612750055286262,-0.00010488465133389109,-0.00016794840161032238
2024-06-07,0.24705072099965594,0.24705072099965594,0.2579341291973795,0.041007672305181986,-0.002434012018614129,-0.00245451585476672
2024-06-10,0.17162168173486422,0.17162168173486422,0.2827225230339599,0.02478839383658038,-0.0036599616740314684,-0.0036723558709497585
2024-06-11,0.12198808061740499,0.12198808061740499,0.24705072099965594,0.03567180203430395,6.110068633658629e-05,4.326478531943431e-05
2024-06-12,0.01944031662190758,0.01944031662190758,0.17162168173486422,0.07542903926479172,-0.0027598735619497436,-0.0027975880815821396
2024-06-13,-0.025410864720125357,-0.025410864720125357,0.12198808061740499,0.049633601117459236,3.0669219278777726e-05,5.852418720048107e-06
2024-06-14,-0.03919863278292733,-0.03919863278292733,0.01944031662190758,0.1025477639954974,-5.3755700801622025e-05,-0.00010502958279937072
2024-06-17,-0.06322951564855817,-0.06322951564855817,-0.025410864720125357,0.044851181342032934,0.00013451549083090005,0.00011208990015988358
2024-06-18,-0.049833908241225425,-0.049833908241225425,-0.03919863278292733,0.013787768062801974,-0.0006158929724658455,-0.0006227868564972466
2024-06-20,-0.036514627539945686,-0.036514627539945686,-0.06322951564855817,0.024030882865630834,-0.0002524067777852204,-0.0002644222192180358
2024-06-21,-0.02765351070805056,-0.02765351070805056,-0.049833908241225425,0.01339560740733274,-0.0,-6.69780370366637e-06
2024-06-24,0.04811832436756883,0.04811832436756883,-0.036514627539945686,0.013319280701279738,-0.0008439032371925822,-0.0008505628775432221
2024-06-25,0.08105013573544306,0.08105013573544306,-0.02765351070805056,0.008861116831895128,6.04558257512955e-05,5.602526733534794e-05
2024-06-26,0.09826118586417422,0.09826118586417422,0.04811832436756883,0.07577183507561938,-7.027555499900911e-05,-0.0001081614725368188
2024-06-27,0.08447737561982382,0.08447737561982382,0.08105013573544306,0.032931811367874236,-0.0003951724109805652,-0.00041163831666450227
2024-06-28,0.15053223935801685,0.15053223935801685,0.09826118586417422,0.017211050128731156,0.001011017429538488,0.0010024119044741225
2024-07-01,0.43368815957201123,0.43368815957201123,0.08447737561982382,0.013783810244350395,0.0010242220478638407,0.0010173301427416656
2024-07-02,0.3838970615663927,0.3838970615663927,0.15053223935801685,0.06605486373819303,-0.0023081176536175556,-0.0023411450854866523
2024-07-03,0.345242388757656,0.345242388757656,0.43368815957201123,0.2831559202139944,0.00021101175499079763,6.943379488380042e-05
2024-07-05,0.35169320150372946,0.35169320150372946,0.3838970615663927,0.04979109800561854,0.0014004186120534236,0.0013755230630506144
2024-07-08,0.4447321887979028,0.4447321887979028,0.345242388757656,0.03865467280873669,0.0021750186478771538,0.0021556913114727854
2024-07-09,0.3833667562762659,0.3833667562762659,0.35169320150372946,0.006450812746073453,-0.0019477321319156496,-0.0019509575382886863
2024-07-10,0.5889111708508439,0.5889111708508439,0.4447321887979028,0.09303898729417337,0.004870270872948029,0.0048237513793009425
2024-07-11,0.7259407805672293,0.7259407805672293,0.3833667562762659,0.06136543252163695,0.00205315400208002,0.0020224712858192013
2024-07-12,0.8172938537114862,0.8172938537114862,0.5889111708508439,0.205544414574578,0.0018536967651400266,0.0017509245578527376
2024-07-15,0.6310976329769636,0.6310976329769636,0.7259407805672293,0.13702960971638545,-0.011214209318488329,-0.011282724123346521
2024-07-16,0.7540650886513092,0.7540650886513092,0.8172938537114862,0.09135307314425689,0.01322427338585091,0.013178596849278782
2024-07-17,0.8360433924342061,0.8360433924342061,0.6310976329769636,0.18619622073452258,0.008830786091285741,0.00873768798091848
2024-07-18,0.8906955949561375,0.8906955949561375,0.7540650886513092,0.12296745567434553,0.0007175413298427124,0.0006560576020055396
2024-07-19,0.7698773768018492,0.7698773768018492,0.8360433924342061,0.08197830378289694,-0.008942627319923058,-0.008983616471814507
2024-07-22,0.3670998097918524,0.3670998097918524,0.8906955949561375,0.05465220252193137,-0.05414361181003335,-0.05417093791129431
2024-07-23,0.06219725696650469,0.06219725696650469,0.7698773768018492,0.12081821815428828,-0.003939031609846449,-0.003999440718923593
2024-07-24,-0.018062383415831954,-0.018062383415831954,0.3670998097918524,0.4027775670099968,0.007362729595083738,0.0071613408115787395
2024-07-25,-0.03433955024646804,-0.03433955024646804,0.06219725696650469,0.30490255282534773,0.000439000794365422,0.00028654951795274817
2024-07-26,-0.027031215187024435,-0.027031215187024435,-0.018062383415831954,0.08025964038233664,-6.330015906271896e-05,-0.00010342997925388728
2024-07-29,-0.02988882447684594,-0.02988882447684594,-0.03433955024646804,0.016277166830636083,5.140119213270668e-05,4.3262608717388636e-05
2024-07-30,-0.03028001807506486,-0.03028001807506486,-0.027031215187024435,0.007308335059443602,-6.757642271189263e-06,-1.0411809800911064e-05
2024-07-31,0.018431879667773658,0.018431879667773658,-0.02988882447684594,0.002857609289821504,-0.00035830796235196264,-0.0003597367669968734
2024-08-01,0.09780840807589498,0.09780840807589498,-0.03028001807506486,0.00039119359821892033,-0.0002466077991825248,-0.0002468033959816343
2024-08-02,0.16849064242355127,0.16849064242355127,0.018431879667773658,0.04871189774283852,5.414510651100905e-05,2.978915763958979e-05
2024-08-05,0.08371324454990106,0.08371324454990106,0.09780840807589498,0.07937652840812133,-0.002793164333145801,-0.0028328525973498617
2024-08-06,0.05768678535525744,0.05768678535525744,0.16849064242355127,0.07068223434765629,0.001947356579754152,0.0019120154625803239
2024-08-07,0.04093145428210838,0.04093145428210838,0.08371324454990106,0.08477739787365021,4.15893705532852e-05,-7.993283835399143e-07
2024-08-08,0.04185579003852015,0.04185579003852015,0.05768678535525744,0.026026459194643622,0.0003437150679107729,0.0003307018383134511
2024-08-09,0.05628685105358205,0.05628685105358205,0.04093145428210838,0.01675533107314906,0.00023232841958305603,0.0002239507540464815
2024-08-12,0.05333772645087143,0.05333772645087143,0.04185579003852015,0.0009243357564117718,-0.00022596422659041027,-0.00022642639446861617
2024-08-13,0.06755649829554927,0.06755649829554927,0.05628685105358205,0.014431061015061898,0.00034719691736706336,0.0003399813868595324
2024-08-14,0.08235280542016604,0.08235280542016604,0.05333772645087143,0.002949124602710615,0.0001569527598099252,0.0001554781975085699
2024-08-15,0.04312660912063183,0.04312660912063183,0.06755649829554927,0.01421877184467784,-0.001420507191467273,-0.0014276165773896119
2024-08-16,0.0564739477780175,0.0564739477780175,0.08235280542016604,0.01479630712461677,0.0011723563530651676,0.0011649581995028593
2024-08-19,0.053506830559927214,0.053506830559927214,0.04312660912063183,0.039226196299534215,0.00013805472714136115,0.00011844162899159404
2024-08-20,0.05294085961563152,0.05294085961563152,0.0564739477780175,0.013347338657385674,0.0001524906324903829,0.00014581696316169005
2024-08-21,0.0633750708532209,0.0633750708532209,0.053506830559927214,0.002967117218090287,0.00026196379066626996,0.00026048023205722484
2024-08-22,0.06163994282848285,0.06163994282848285,0.05294085961563152,0.0005659709442956962,-0.00023215163563866182,-0.00023243462111080965
2024-08-23,0.07667191961685446,0.07667191961685446,0.0633750708532209,0.010434211237589384,0.0005272329202352828,0.0005220158146164881
2024-08-26,0.12540365156775413,0.12540365156775413,0.06163994282848285,0.0017351280247380543,0.0004188088386323097,0.0004179412746199407
2024-08-27,0.15325616705074196,0.15325616705074196,0.07667191961685446,0.015031976788371613,-7.391585558923145e-05,-8.143184398341725e-05
2024-08-28,0.17868913615280918,0.17868913615280918,0.12540365156775413,0.048731731950899665,0.00012101252962850864,9.664666365305881e-05
2024-08-29,0.1250998021497275,0.1250998021497275,0.15325616705074196,0.02785251548298784,-0.0008864992075786998,-0.0009004254653201937
2024-08-30,0.1399261243679444,0.1399261243679444,0.17868913615280918,0.025432969102067216,0.0022958554375907487,0.002283138953039715
2024-09-03,0.42661741624529625,0.42661741624529625,0.1250998021497275,0.05358933400308169,0.003443401027422327,0.003416606360420786
2024-09-04,0.3367103746880597,0.3367103746880597,0.1399261243679444,0.01482632221821692,-0.004726147020226274,-0.004733560181335382
2024-09-05,0.26246989692417255,0.26246989692417255,0.42661741624529625,0.2866912918773519,-0.0017484488991820403,-0.0018917945451207164
2024-09-06,0.19981603937939585,0.19981603937939585,0.3367103746880597,0.08990704155723656,-0.0013040854472847027,-0.001349038968063321
2024-09-09,0.40782802522884876,0.40782802522884876,0.26246989692417255,0.07424047776388715,0.010077815305479063,0.010040695066597119
2024-09-10,0.6052186834858992,0.6052186834858992,0.19981603937939585,0.0626538575447767,0.004302158653004902,0.0042708317242325135
2024-09-11,0.7368124556572662,0.7368124556572662,0.40782802522884876,0.2080119858494529,0.0014013910051125565,0.00129738501218783
2024-09-12,0.8245416371048442,0.8245416371048442,0.6052186834858992,0.1973906582570505,0.0008291277723529629,0.0007304324432244377
2024-09-13,0.8830277580698962,0.8830277580698962,0.7368124556572662,0.13159377217136692,0.009575548513872337,0.009509751627786653
2024-09-16,0.9220185053799308,0.9220185053799308,0.8245416371048442,0.08772918144757802,0.010578034373088307,0.010534169782364518
2024-09-17,0.7989634824573983,0.7989634824573983,0.8830277580698962,0.05848612096505201,-0.018052892388753548,-0.018082135449236075
2024-09-18,0.6688896843845852,0.6688896843845852,0.9220185053799308,0.0389907473100346,-0.004183422049036447,-0.004202917422691464
2024-09-19,0.5868256366212757,0.5868256366212757,0.7989634824573983,0.12305502292253245,0.0010924763987917518,0.0010309488873304856
2024-09-20,0.5813756795271035,0.5813756795271035,0.6688896843845852,0.13007379807281316,0.005936963750725128,0.005871926851688722
2024-09-23,0.5211719221232791,0.5211719221232791,0.5868256366212757,0.08206404776330944,-0.0009266182456807157,-0.0009676502695623705
2024-09-24,0.5421461159629339,0.5421461159629339,0.5813756795271035,0.005449957094172286,0.005254115152796147,0.00525139017424906
2024-09-25,0.5285750594582643,0.5285750594582643,0.5211719221232791,0.06020375740382433,-0.0012835915552851978,-0.00131369343398711
2024-09-26,0.5397923494504319,0.5397923494504319,0.5421461159629339,0.02097419383965482,0.0008518401620168525,0.0008413530650970251
2024-09-27,0.6356851721214711,0.6356851721214711,0.5285750594582643,0.01357105650466961,0.0031984627923452883,0.0031916772640929536
2024-09-30,0.7008949872789032,0.7008949872789032,0.5397923494504319,0.011217289992167534,0.00024046096516622704,0.00023485232017014327
2024-10-01,0.8005966581859355,0.8005966581859355,0.6356851721214711,0.09589282267103927,0.004246398458783025,0.004198452047447505
2024-10-02,0.6643263231144187,0.6643263231144187,0.7008949872789032,0.06520981515743207,-0.0024805429949655592,-0.0025131479025442753
2024-10-03,0.48612068475719095,0.48612068475719095,0.8005966581859355,0.0997016709070323,-0.009418820585233153,-0.00946867142068667
2024-10-04,0.34128196508011877,0.34128196508011877,0.6643263231144187,0.13627033507151676,-0.00507345578541709,-0.005141590952952848
2024-10-07,0.2383103210805298,0.2383103210805298,0.48612068475719095,0.1782056383572278,-0.0037410231717181683,-0.0038301259908967824
2024-10-08,0.16820573189601115,0.16820573189601115,0.34128196508011877,0.14483871967707218,0.0013233805663135489,0.0012509612064750127
2024-10-09,0.12597345292615267,0.12597345292615267,0.2383103210805298,0.10297164399958897,0.0005415075884703983,0.0004900217664706038
2024-10-10,0.09255977809454513,0.09255977809454513,0.16820573189601115,0.07010458918451865,-0.0018667175395710874,-0.0019017698341633467
2024-10-11,0.06771163078177828,0.06771163078177828,0.12597345292615267,0.04223227896985848,0.0001466497194573277,0.00012553357997239844
2024-10-14,0.05767989389537477,0.05767989389537477,0.09255977809454513,0.03341367483160754,0.0004089733337269186,0.0003922664963111148
2024-10-15,0.1431685310153491,0.1431685310153491,0.06771163078177828,0.024848147312766855,0.0008622800339268762,0.0008498559602704927
2024-10-16,0.21686658243679338,0.21686658243679338,0.05767989389537477,0.010031736886403506,0.0002241798200980777,0.00021916395165487594
2024-10-17,0.232935527843266,0.232935527843266,0.1431685310153491,0.08548863711997433,-0.00019565300446159728,-0.00023839732302158444
2024-10-18,0.2565207783446027,0.2565207783446027,0.21686658243679338,0.07369805142144428,0.0006923873901466481,0.000655538364435926
2024-10-21,0.2222085547714937,0.2222085547714937,0.232935527843266,0.016068945406472607,-0.0015355715748936473,-0.0015436060475968836
2024-10-22,0.12888410494528302,0.12888410494528302,0.2565207783446027,0.023585250501336696,-0.012914127549423204,-0.012925920174673873
2024-10-23,0.1802216268445388,0.1802216268445388,0.2222085547714937,0.03431222357310898,0.0072820487043776545,0.0072648925925911
2024-10-24,0.12788347087985044,0.12788347087985044,0.12888410494528302,0.09332444982621069,-0.003007088975636017,-0.0030537512005491224
2024-10-25,0.05263667837056338,0.05263667837056338,0.1802216268445388,0.05133752189925578,-0.0020665679385688633,-0.0020922366995184912
2024-10-28,0.022818857046481674,0.022818857046481674,0.12788347087985044,0.052338155964688354,0.0007416932453045463,0.0007155241673222021
2024-10-29,-0.03523376854447364,-0.03523376854447364,0.05263667837056338,0.07524679250928706,-0.0003667646821536625,-0.00040438807840830604
2024-10-30,-0.07849563335934064,-0.07849563335934064,0.022818857046481674,0.029817821324081704,-2.7603028054618273e-05,-4.2511938716659126e-05
2024-10-31,-0.030774668596371464,-0.030774668596371464,-0.03523376854447364,0.05805262559095531,-0.0007255047908874655,-0.0007545311036829432
2024-11-01,-0.06984552948330508,-0.06984552948330508,-0.07849563335934064,0.043261864814867,0.0014346593936857249,0.0014130284612782914
2024-11-04,-0.12577056744862697,-0.12577056744862697,-0.030774668596371464,0.04772096476296917,0.00022321497788306094,0.00019935449550157635
2024-11-05,-0.1277256748290091,-0.1277256748290091,-0.06984552948330508,0.039070860886933616,-0.00034020109680671286,-0.00035973652725017965
2024-11-06,-0.11596720466807597,-0.11596720466807597,-0.12577056744862697,0.05592503796532189,0.0003047951212240595,0.00027683260224139854
2024-11-07,-0.1336215673399797,-0.1336215673399797,-0.1277256748290091,0.001955107380382126,0.0018308682612573532,0.0018298907075671622
2024-11-08,-0.22170463089752335,-0.22170463089752335,-0.11596720466807597,0.011758470160933121,0.00025727218171164943,0.00025139294663118286
2024-11-11,-0.3201024867078613,-0.3201024867078613,-0.1336215673399797,0.017654362671903734,0.00013203854658925372,0.00012321136525330186
2024-11-12,-0.4412647658578607,-0.4412647658578607,-0.22170463089752335,0.08808306355754364,0.00021929478289735229,0.00017525325111858046
2024-11-13,-0.37146853112070893,-0.37146853112070893,-0.3201024867078613,0.09839785581033794,-0.005863275867241687,-0.0059124747951468555
2024-11-14,-0.3313072984514853,-0.3313072984514853,-0.4412647658578607,0.12116227914999939,0.002895997888242606,0.0028354167486676065
2024-11-15,-0.247077565940607,-0.247077565940607,-0.37146853112070893,0.06979623473715174,-0.007089420035117492,-0.007124318152486068
2024-11-18,-0.16945354283142927,-0.16945354283142927,-0.3313072984514853,0.04016123266922361,-0.004772751775098359,-0.004792832391432971
2024-11-19,-0.13056868693588444,-0.13056868693588444,-0.247077565940607,0.08422973251087831,0.0018713518224915198,0.0018292369562360807
2024-11-20,-0.09344667508981304,-0.09344667508981304,-0.16945354283142927,0.07762402310917774,-0.0011719806485200126,-0.0012107926600746016
2024-11-21,-0.06054669008159853,-0.06054669008159853,-0.13056868693588444,0.03888485589554483,-0.000865931483977411,-0.0008853739119251834
2024-11-22,-0.021200304949299618,-0.021200304949299618,-0.09344667508981304,0.037122011846071404,-0.0014291785938251073,-0.001447739599748143
2024-11-25,0.09109548540877623,0.09109548540877623,-0.06054669008159853,0.03289998500821451,-0.0011646373272716178,-0.0011810873197757251
2024-11-26,0.29741600173349586,0.29741600173349586,-0.021200304949299618,0.039346385132298906,-0.0001879956391473241,-0.00020766883171347353
2024-11-27,0.44533719096482854,0.44533719096482854,0.09109548540877623,0.11229579035807584,2.053768773320056e-05,-3.5610207445837356e-05
2024-11-29,0.5114051990534403,0.5114051990534403,0.29741600173349586,0.20632051632471965,-0.00026806595118346847,-0.0003712262093458283
2024-12-02,0.42674285952098695,0.42674285952098695,0.44533719096482854,0.14792118923133268,-0.00492149261624381,-0.004995453210859476
2024-12-03,0.3707691581718108,0.3707691581718108,0.5114051990534403,0.06606800808861174,-0.00023317970718442896,-0.0002662137112287348
2024-12-04,0.2549190372571118,0.2549190372571118,0.42674285952098695,0.08466233953245333,-0.012754516543266212,-0.012796847713032439
2024-12-05,0.1796150932764643,0.1796150932764643,0.3707691581718108,0.055973701349176175,0.00026153372183383326,0.00023354687115924517
2024-12-06,0.11721864136221845,0.11721864136221845,0.2549190372571118,0.11585012091469898,-0.001078412819787184,-0.0011363378802445336
2024-12-09,0.07536670689543412,0.07536670689543412,0.1796150932764643,0.07530394398064749,-4.238796585571501e-05,-8.003993784603875e-05
2024-12-10,0.04628865718802551,0.04628865718802551,0.11721864136221845,0.06239645191424585,-0.00016603979076930503,-0.00019723801672642797
2024-12-11,0.018077374730880877,0.018077374730880877,0.07536670689543412,0.04185193446678433,-0.0005523254989742203,-0.0005732514662076125
2024-12-12,0.001784054321321983,0.001784054321321983,0.04628865718802551,0.029078049707408613,9.921349180053737e-05,8.467446694683307e-05
2024-12-13,-0.00323519344496307,-0.00323519344496307,0.018077374730880877,0.028211282457144632,8.59218478631969e-05,7.181620663462458e-05
2024-12-16,-0.1702897472442307,-0.1702897472442307,0.001784054321321983,0.016293320409558894,-5.907473256023795e-05,-6.72213927650174e-05
2024-12-17,-0.3059311277064862,-0.3059311277064862,-0.00323519344496307,0.005019247766285053,7.914471184285883e-06,5.404847301143357e-06
2024-12-18,-0.5372874184709908,-0.5372874184709908,-0.1702897472442307,0.16705455379926765,0.002254920055751565,0.002171392778851931
2024-12-19,-0.6915249456473272,-0.6915249456473272,-0.3059311277064862,0.13564138046225546,0.0020527164448681475,0.00198489575463702
2024-12-20,-0.7943499637648849,-0.7943499637648849,-0.5372874184709908,0.23135629076450465,0.0005376388984617975,0.00042196075307954515
2024-12-23,-0.8570308978743425,-0.8570308978743425,-0.6915249456473272,0.15423752717633643,-0.00017294512673196824,-0.00025006389032013643
2024-12-24,-0.9046872652495617,-0.9046872652495617,-0.7943499637648849,0.10282501811755762,0.002784304323586872,0.0027328918145280933
2024-12-26,-0.858477495162391,-0.858477495162391,-0.8570308978743425,0.06268093410945763,-0.00344538778383331,-0.003476728250888039
2024-12-27,-0.8437956403469558,-0.8437956403469558,-0.9046872652495617,0.047656367375219166,0.0009055057105609955,0.0008816775268733859
2024-12-30,-0.895863760231304,-0.895863760231304,-0.858477495162391,0.04620977008717064,0.006881472767908282,0.006858367882864696
2024-12-31,-0.6701156056880113,-0.6701156056880113,-0.8437956403469558,0.014681854815435269,-0.008309945719085545,-0.008317286646493264
2025-01-02,-0.49023473123036554,-0.49023473123036554,-0.895863760231304,0.05206811988434823,-0.004928488007565588,-0.004954522067507762
2025-01-03,-0.33974283483100753,-0.33974283483100753,-0.6701156056880113,0.22574815454329267,-0.0008333323494027632,-0.0009462064266744096
2025-01-06,-0.548684019784825,-0.548684019784825,-0.49023473123036554,0.17988087445764578,0.007914887169764963,0.00782494673253614
2025-01-07,-0.69912267985655,-0.69912267985655,-0.33974283483100753,0.150491896399358,0.00591828459466753,0.005843038646467851
2025-01-08,-0.7855171445822514,-0.7855171445822514,-0.548684019784825,0.20894118495381742,-0.00028198801438649395,-0.00038645860686340263
2025-01-10,-0.857011429721501,-0.857011429721501,-0.69912267985655,0.15043866007172502,0.008258972050419007,0.008183752720383144
2025-01-13,-0.7703168059693551,-0.7703168059693551,-0.7855171445822514,0.08639446472570145,-0.006440389798499456,-0.0064835870308623065
2025-01-14,-0.6724447461578087,-0.6724447461578087,-0.857011429721501,0.0714942851392496,-0.0035970456607728497,-0.0036327928033424747
2025-01-15,-0.6300408332545717,-0.6300408332545717,-0.7703168059693551,0.08669462375214587,0.0020122331568584737,0.0019688858449824005
2025-01-16,-0.5506516684386433,-0.5506516684386433,-0.6724447461578087,0.09787205981154645,-0.002817947461124242,-0.002866883491030015
2025-01-17,-0.44266286511402697,-0.44266286511402697,-0.6300408332545717,0.04240391290323697,-0.007230542288944876,-0.007251744245396495
2025-01-21,-0.37101576945328624,-0.37101576945328624,-0.5506516684386433,0.07938916481592839,-0.003407878166430217,-0.003447572748838181
2025-01-22,-0.3194050232734009,-0.3194050232734009,-0.44266286511402697,0.10798880332461636,0.0007941523440903044,0.0007401579424279963
2025-01-23,-0.2369510979577107,-0.2369510979577107,-0.37101576945328624,0.07164709566074073,-0.002190854019202142,-0.0022266775670325123
2025-01-24,-0.17402307559979208,-0.17402307559979208,-0.3194050232734009,0.051610746179885314,-0.0029348164590238014,-0.002960621832113744
2025-01-27,-0.11535846771498622,-0.11535846771498622,-0.2369510979577107,0.08245392531569024,-0.006591974231804236,-0.006633201194462081
2025-01-28,-0.08249577238454514,-0.08249577238454514,-0.17402307559979208,0.06292802235791861,0.0010277039469840875,0.0009962399358051282
2025-01-29,-0.06506539611156495,-0.06506539611156495,-0.11535846771498622,0.05866460788480586,0.00034265781198316675,0.0003133255080407638
2025-01-30,-0.11073851363701782,-0.11073851363701782,-0.08249577238454514,0.032862695330441075,0.001658909787119439,0.0016424784394542184
2025-01-31,-0.15026667361311602,-0.15026667361311602,-0.06506539611156495,0.01743037627298019,0.00013187927291304465,0.00012316408477655455
2025-02-03,-0.13603166438663963,-0.13603166438663963,-0.11073851363701782,0.045673117525452875,-0.0016586796875514456,-0.001681516246314172
2025-02-04,-0.1381247197976718,-0.1381247197976718,-0.15026667361311602,0.039528159976098196,0.0006389641327138425,0.0006192000527257934
2025-02-05,-0.1193091464372341,-0.1193091464372341,-0.13603166438663963,0.014235009226476386,-0.0010934564493636997,-0.001100573953976938
2025-02-06,-0.11982671355385296,-0.11982671355385296,-0.1381247197976718,0.002093055411032163,0.0006539888131947599,0.0006529422854892438
2025-02-07,-0.12320681631973743,-0.12320681631973743,-0.1193091464372341,0.018815573360437696,0.00017922467576116942,0.0001698168890809506
2025-02-10,-0.10174905668688713,-0.10174905668688713,-0.11982671355385296,0.0005175671166188639,-0.00021033742003982286,-0.0002105962035981323
2025-02-11,-0.07187489982455571,-0.07187489982455571,-0.12320681631973743,0.003380102765884463,-0.0016653780153814918,-0.001667068066764434
2025-02-12,-0.05065642322779387,-0.05065642322779387,-0.10174905668688713,0.021457759632850293,-0.00010050269636792653,-0.00011123157618435167
2025-02-13,-0.02726145650334591,-0.02726145650334591,-0.07187489982455571,0.029874156862331427,-0.0009044300331138071,-0.0009193671115449727
2025-02-14,-0.012078627297096238,-0.012078627297096238,-0.05065642322779387,0.021218476596761834,6.171578489184156e-05,5.110654659346064e-05
2025-02-18,-0.0024563437517552897,-0.0024563437517552897,-0.02726145650334591,0.023394966724447963,-0.0001396667392712288,-0.0001513642226334528
2025-02-19,0.03436280630034295,0.03436280630034295,-0.012078627297096238,0.015182829206249672,-0.0002374656750193159,-0.00024505708962244073
2025-02-20,0.09339066805109959,0.09339066805109959,-0.0024563437517552897,0.009622283545340948,-2.8066304403563955e-05,-3.287744617623443e-05
2025-02-21,0.14172633860850503,0.14172633860850503,0.03436280630034295,0.03681915005209824,0.00021835171452661632,0.0001999421395005672
2025-02-24,0.2846463787601514,0.2846463787601514,0.09339066805109959,0.059027861750756645,0.0012230874477399036,0.0011935735168645252
2025-02-25,0.5230975858401009,0.5230975858401009,0.14172633860850503,0.04833567055740544,0.0012759214331420322,0.0012517535978633294
2025-02-26,0.5274970141795027,0.5274970141795027,0.2846463787601514,0.1429200401516464,-0.003451414134026876,-0.003522874154102699
2025-02-27,0.5486769313966628,0.5486769313966628,0.5230975858401009,0.2384512070799495,0.0010902176804275657,0.000970992076887591
2025-02-28,0.5327685439963822,0.5327685439963822,0.5274970141795027,0.0043994283394017675,-0.0020724258637133237,-0.0020746255778830245
2025-03-03,0.6885123626642549,0.6885123626642549,0.5486769313966628,0.02117991721716017,0.009802318081090163,0.009791728122481583
2025-03-04,0.6194457144523399,0.6194457144523399,0.5327685439963822,0.015908387400280666,-0.012144232530962269,-0.012152186724662409
2025-03-05,0.5676645218393424,0.5676645218393424,0.6885123626642549,0.15574381866787268,-0.0004818266414745246,-0.000559698550808461
2025-03-06,0.7117763478928949,0.7117763478928949,0.6194457144523399,0.069066648211915,0.02009878551017088,0.02006425218606492
2025-03-07,0.8078508985952633,0.8078508985952633,0.5676645218393424,0.05178119261299752,0.0234869262333985,0.023461035637092002
2025-03-10,0.8719005990635089,0.8719005990635089,0.7117763478928949,0.14411182605355255,0.006644893059595197,0.00657283714656842
2025-03-11,0.6722852710217067,0.6722852710217067,0.8078508985952633,0.09607455070236837,-0.05317329807618813,-0.05322133535153932
2025-03-12,0.4878412986909335,0.4878412986909335,0.8719005990635089,0.06404970046824565,-0.016863770007779288,-0.01689579485801341
2025-03-13,0.43485637070849836,0.43485637070849836,0.6722852710217067,0.19961532804180226,0.017679204766278662,0.01757939710225776
2025-03-14,0.390484238575499,0.390484238575499,0.4878412986909335,0.18444397233077314,-0.001562545704172577,-0.0016547676903379636
2025-03-17,0.36716035643409217,0.36716035643409217,0.43485637070849836,0.05298492798243515,0.0007984577857234833,0.0007719653217322657
2025-03-18,0.3889332653984807,0.3889332653984807,0.390484238575499,0.04437213213299934,0.0051885995772267685,0.0051664135111602685
2025-03-19,0.3843051807986895,0.3843051807986895,0.36716035643409217,0.02332388214140685,-0.002407387527156066,-0.00241904946822677
2025-03-20,0.36599840666909866,0.36599840666909866,0.3889332653984807,0.02177290896438855,-0.001681722429241275,-0.0016926088837234694
2025-03-21,0.3614809885262227,0.3614809885262227,0.3843051807986895,0.0046280845997911935,0.002108206136212978,0.0021058920939130824
2025-03-24,0.3305993212209489,0.3305993212209489,0.36599840666909866,0.018306774129590864,-0.003577579964882258,-0.0035867333519470535
2025-03-25,0.2535157599876485,0.2535157599876485,0.3614809885262227,0.004517418142875984,-0.0005809538520914027,-0.0005832125611628406
2025-03-26,0.21291007997343026,0.21291007997343026,0.3305993212209489,0.030881667305273752,0.005245171269374139,0.005229730435721502
2025-03-27,0.1993982699141749,0.1993982699141749,0.2535157599876485,0.0770835612333004,0.004475828584788919,0.004437286804172269
2025-03-28,0.18688014656768964,0.18688014656768964,0.21291007997343026,0.04060568001421827,-0.00014205010943911506,-0.0001623529494462242
2025-03-31,0.21458949273004962,0.21458949273004962,0.1993982699141749,0.013511810059255364,0.0019083108524635731,0.0019015549474339455
2025-04-01,0.2244954685947058,0.2244954685947058,0.18688014656768964,0.01251812334648525,8.242969378896197e-05,7.617063211571934e-05
2025-04-02,0.20314563868253743,0.20314563868253743,0.21458949273004962,0.027709346162359982,-0.0030263688573653157,-0.0030402235304464956
2025-04-03,0.28352600876444267,0.28352600876444267,0.2244954685947058,0.009905975864656164,0.004415598426325715,0.004410645438393387
2025-04-04,0.23824370488010227,0.23824370488010227,0.20314563868253743,0.021349829912168355,-0.011533264224177081,-0.011543939139133165
2025-04-07,0.18737218725399757,0.18737218725399757,0.28352600876444267,0.08038037008190524,-0.002965030419245045,-0.0030052206042859974
2025-04-08,0.12820146136226981,0.12820146136226981,0.23824370488010227,0.0452823038843404,-0.0022940610099117745,-0.0023167021618539447
2025-04-09,0.12048198831519841,0.12048198831519841,0.18737218725399757,0.0508715176261047,0.0031991730476720855,0.0031737372888590333
2025-04-10,0.15078873272472665,0.15078873272472665,0.12820146136226981,0.059170725891727755,0.0021502283656619527,0.002120643002716089
2025-04-11,0.22082145428641287,0.22082145428641287,0.12048198831519841,0.007719473047071407,0.0022737986660905023,0.0022699389295669664
2025-04-14,0.30447888469851964,0.30447888469851964,0.15078873272472665,0.03030674440952824,0.0019654557387138545,0.0019503023665090903
2025-04-15,0.3740601967696998,0.3740601967696998,0.22082145428641287,0.07003272156168622,0.000897222417440157,0.0008622060566593139
2025-04-16,0.3502909158562445,0.3502909158562445,0.30447888469851964,0.08365743041210677,-0.005955392358695271,-0.005997221073901324
2025-04-17,0.3591016058393831,0.3591016058393831,0.3740601967696998,0.06958131207118018,0.003688300253216002,0.0036535095971804116
2025-04-21,0.2634274743542831,0.2634274743542831,0.3502909158562445,0.023769280913455315,-0.008828815422296873,-0.008840700062753601
2025-04-22,0.20654649288372276,0.20654649288372276,0.3591016058393831,0.008810689983138609,0.002174740874715547,0.0021703355297239776
2025-04-23,0.15416812686357947,0.15416812686357947,0.2634274743542831,0.09567413148510001,-0.0029886151934423433,-0.0030364522591848934
2025-04-24,0.12033876718753139,0.12033876718753139,0.20654649288372276,0.05688098147056034,0.0005321160272986396,0.0005036755365633595
2025-04-25,0.07492388349230557,0.07492388349230557,0.15416812686357947,0.052378366020143285,-0.0032411259051020967,-0.0032673150881121684
2025-04-28,0.05600759475674546,0.05600759475674546,0.12033876718753139,0.03382935967604808,0.001378261887353963,0.001361347207515939
2025-04-29,0.052156349885037326,0.052156349885037326,0.07492388349230557,0.045414883695225824,0.000989797613879693,0.00096709017203208
2025-04-30,0.11076267733617873,0.11076267733617873,0.05600759475674546,0.01891628873556011,0.0014474643568999487,0.0014380062125321687
2025-05-01,0.10610569102774253,0.10610569102774253,0.052156349885037326,0.003851244871708133,-0.000899660036627777,-0.0009015856590636311
2025-05-02,0.12348147689350467,0.12348147689350467,0.11076267733617873,0.0586063274511414,0.0011255308171767894,0.0010962276534512187
2025-05-05,0.11310701638346583,0.11310701638346583,0.10610569102774253,0.004656986308436195,-0.0004851599934128351,-0.0004874884865670532
2025-05-06,0.13756041655020493,0.13756041655020493,0.12348147689350467,0.017375785865762133,0.0017299952995139616,0.0017213074065810805
2025-05-07,0.12791912808450617,0.12791912808450617,0.11310701638346583,0.010374460510038833,-0.0006660971918223685,-0.0006712844220773879
2025-05-08,0.11130118851407207,0.11130118851407207,0.13756041655020493,0.024453400166739095,-0.0008775814372831947,-0.0008898081373665643
2025-05-09,0.08562123415498865,0.08562123415498865,0.12791912808450617,0.009641288465698755,0.0,-4.820644232849378e-06
2025-05-12,0.057818159024110666,0.057818159024110666,0.11130118851407207,0.0166179395704341,-0.0015568340362188792,-0.0015651430060040963
2025-05-13,0.030133065026026543,0.030133065026026543,0.08562123415498865,0.02567995435908342,-0.0006969070408667824,-0.000709747018046324
2025-05-14,0.00727943470654434,0.00727943470654434,0.057818159024110666,0.027803075130877986,-0.0004067021603595833,-0.00042060369792502227
2025-05-15,0.003220332714755492,0.003220332714755492,0.030133065026026543,0.027685093998084123,0.0008040232262990584,0.0007901806793000163
2025-05-16,0.009951960567308113,0.009951960567308113,0.00727943470654434,0.022853630319482204,8.538459929620772e-05,7.395778413646662e-05
2025-05-19,0.02314685030065259,0.02314685030065259,0.003220332714755492,0.004059101991788848,2.3425962505556868e-05,2.1396411509662442e-05
2025-05-20,0.026271739345196065,0.026271739345196065,0.009951960567308113,0.006731627852552621,-2.021386961565702e-05,-2.357968354193333e-05
2025-05-21,0.020245929093881038,0.020245929093881038,0.02314685030065259,0.013194889733344477,-0.00024601917112036803,-0.0002526166159870403
2025-05-22,0.00382900812952449,0.00382900812952449,0.026271739345196065,0.0031248890445434753,-0.00037231252589144234,-0.00037387497041371407
2025-05-23,-0.0028466293501229084,-0.0028466293501229084,0.020245929093881038,0.006025810251315027,8.918956882073043e-05,8.617666369507292e-05
2025-05-27,-0.003079136419315865,-0.003079136419315865,0.00382900812952449,0.016416920964356548,1.5910375660599794e-05,7.701915178421521e-06
2025-05-28,-0.009923222188865911,-0.009923222188865911,-0.0028466293501229084,0.006675637479647398,2.4213043706821724e-05,2.0875224966998026e-05
2025-05-29,-0.010425332301520502,-0.010425332301520502,-0.003079136419315865,0.00023250706919295677,-1.4278828040936096e-05,-1.4395081575532574e-05
2025-05-30,-0.0051888742872707614,-0.0051888742872707614,-0.009923222188865911,0.006844085769550047,-0.00014427854948363252,-0.00014770059236840754
2025-06-02,-0.001581146766763554,-0.001581146766763554,-0.010425332301520502,0.0005021101126545906,-3.320082885407271e-05,-3.345188391040001e-05
2025-06-03,-0.0001264282549196193,-0.0001264282549196193,-0.0051888742872707614,0.0052364580142497405,3.176765252222921e-05,2.9149423515104342e-05
2025-06-04,0.0005112273281264423,0.0005112273281264423,-0.001581146766763554,0.0036077275205072075,2.1283843492335202e-05,1.9479979732081597e-05
2025-06-05,0.0023670479404348907,0.0023670479404348907,-0.0001264282549196193,0.0014547185118439347,-1.7541218258227645e-07,-9.027714385042438e-07
2025-06-06,0.01235967884201487,0.01235967884201487,0.0005112273281264423,0.0006376555830460616,5.90332431304502e-06,5.584496521521989e-06
2025-06-09,0.01653682213338805,0.01653682213338805,0.0023670479404348907,0.0018558206123084485,-8.10640443978942e-06,-9.034314745943643e-06
2025-06-10,0.048010572767654525,0.048010572767654525,0.01235967884201487,0.00999263090157998,0.00013591480165395825,0.00013091848620316827
2025-06-11,0.04575853666621418,0.04575853666621418,0.01653682213338805,0.00417714329137318,-0.0001461456400062659,-0.0001482342116519525
2025-06-12,0.030285148571114202,0.030285148571114202,0.048010572767654525,0.031473750634266474,-0.0006366281524214551,-0.0006523650277385884
2025-06-13,0.017774971544867343,0.017774971544867343,0.04575853666621418,0.002252036101440348,-0.00015902816067416695,-0.00016015417872488713
2025-06-16,-0.004865743526727652,-0.004865743526727652,0.030285148571114202,0.015473388095099974,-0.0003591134479002312,-0.0003668501419477812
2025-06-17,-0.11995211823413153,-0.11995211823413153,0.017774971544867343,0.01251017702624686,-0.0002718533169545021,-0.0002781084054676255
2025-06-18,-0.26926458806150433,-0.26926458806150433,-0.004865743526727652,0.022640715071594993,2.0927933288964016e-05,9.60757575316652e-06
2025-06-20,-0.350442009381619,-0.350442009381619,-0.11995211823413153,0.11508637470740388,-8.636658083933729e-05,-0.00014390976819303924
2025-06-23,-0.26752448364814835,-0.26752448364814835,-0.26926458806150433,0.14931246982737278,-0.004261733332423212,-0.004336389567336899
2025-06-24,-0.19925932233731616,-0.19925932233731616,-0.350442009381619,0.08117742132011468,-0.0022336958911682503,-0.002274284601828308
2025-06-25,-0.19037416956955538,-0.19037416956955538,-0.26752448364814835,0.08291752573347067,0.0032005132075592826,0.0031590544446925472
2025-06-26,-0.18752718229700194,-0.18752718229700194,-0.19925932233731616,0.06826516131083218,9.462378848591385e-05,6.049120783049777e-05
2025-06-27,-0.1575986804203449,-0.1575986804203449,-0.19037416956955538,0.008885152767760779,-0.0009496413105698974,-0.0009540838869537778
2025-06-30,-0.10011844263933486,-0.10011844263933486,-0.18752718229700194,0.0028469872725534473,-0.004254918246012849,-0.004256341739649125
2025-07-01,-0.017419369967972095,-0.017419369967972095,-0.1575986804203449,0.02992850187665705,-0.0014933103864270619,-0.0015082746373653905
2025-07-02,0.029349868464693226,0.029349868464693226,-0.10011844263933486,0.057480237781010024,0.00020628802602039862,0.00017754790712989362
2025-07-03,0.054931386153141706,0.054931386153141706,-0.017419369967972095,0.08269907267136277,1.598621262563392e-05,-2.5363323710047467e-05
2025-07-07,0.014909989703679783,0.014909989703679783,0.029349868464693226,0.046769238432665325,-0.0005054476221119574,-0.0005288322413282902
2025-07-08,0.010520005979382957,0.010520005979382957,0.054931386153141706,0.02558151768844848,0.00033369418404268896,0.0003209034251984647
2025-07-09,-0.033519325749093734,-0.033519325749093734,0.014909989703679783,0.04002139644946193,-0.00015581880697617225,-0.0001758295052009032
2025-07-10,-0.049485441332351714,-0.049485441332351714,0.010520005979382957,0.004389983724296826,2.4586022480512648e-05,2.2391030618364235e-05
2025-07-11,-0.12018877600135727,-0.12018877600135727,-0.033519325749093734,0.04403933172847669,0.00032697665518808747,0.00030495698932384913
2025-07-14,-0.16706564182004952,-0.16706564182004952,-0.049485441332351714,0.01596611558325798,4.7557895363831985e-05,3.9574837572203e-05
2025-07-15,-0.24408997992136608,-0.24408997992136608,-0.12018877600135727,0.07070333466900555,0.0009249819325502319,0.0008896302652157291
2025-07-16,-0.27220916685306124,-0.27220916685306124,-0.16706564182004952,0.04687686581869224,4.047738398770212e-05,1.7038951078356e-05
2025-07-17,-0.5148061112353741,-0.5148061112353741,-0.24408997992136608,0.07702433810131656,0.0017752080091467432,0.0017366958400960848
2025-07-18,-0.6765374074902495,-0.6765374074902495,-0.27220916685306124,0.028119186931695156,0.0007311807741879547,0.0007171211807221071
2025-07-21,-0.4141136544530065,-0.4141136544530065,-0.5148061112353741,0.24259694438231288,-0.02079899067327751,-0.020920289145468667
2025-07-22,-0.16097514803102977,-0.16097514803102977,-0.6765374074902495,0.16173129625487537,-0.007483296753718791,-0.007564162401846228
2025-07-23,-0.01604147762052381,-0.01604147762052381,-0.4141136544530065,0.26242375303724297,0.001156668970713439,0.0010254570941948173
2025-07-24,0.1316551601589917,0.1316551601589917,-0.16097514803102977,0.25313850642197677,-0.0009018256754352924,-0.0010283949286462807
2025-07-25,0.22645441712124706,0.22645441712124706,-0.01604147762052381,0.14493367041050598,-0.0,-7.246683520525299e-05
2025-07-28,0.17356770887139272,0.17356770887139272,0.1316551601589917,0.14769663777951553,-0.002200374784931814,-0.0022742231038215717
2025-07-29,0.19202888688335518,0.19202888688335518,0.22645441712124706,0.09479925696225536,0.0018710873038284266,0.001823687675347299
2025-07-30,0.18700587516397874,0.18700587516397874,0.17356770887139272,0.052886708249854336,-0.00044702453369603194,-0.0004734678878209591
2025-07-31,0.20824566360778163,0.20824566360778163,0.19202888688335518,0.018461178011962454,0.0007212324443105384,0.0007120018553045572
2025-08-01,0.2446509360360221,0.2446509360360221,0.18700587516397874,0.005023011719376441,0.0005248084282407636,0.0005222969223810754
2025-08-04,0.2069998309581011,0.2069998309581011,0.20824566360778163,0.021239788443802893,0.00033995813565198326,0.0003293382414300818
2025-08-05,0.15287333238220716,0.15287333238220716,0.2446509360360221,0.03640527242824046,-0.0015949531977352994,-0.0016131558339494195
2025-08-06,0.10636303534789505,0.10636303534789505,0.2069998309581011,0.03765110507792099,-0.001552371512926374,-0.0015711970654653344
2025-08-07,0.1300329967035909,0.1300329967035909,0.15287333238220716,0.05412649857589394,0.002165865987495728,0.002138802738207781
2025-08-08,0.18780747533360448,0.18780747533360448,0.10636303534789505,0.0465102970343121,0.0004952933359023502,0.0004720381873851941
2025-08-11,0.1833472358358551,0.1833472358358551,0.1300329967035909,0.023669961355695837,9.039959592305335e-05,7.856461524520542e-05
2025-08-12,0.1962132104683157,0.1962132104683157,0.18780747533360448,0.05777447863001359,0.0003044452393964386,0.0002755580000814318
2025-08-13,0.46414214031221046,0.46414214031221046,0.1833472358358551,0.004460239497749374,0.0019500548011178937,0.001947824681369019
2025-08-14,0.4726147569975313,0.4726147569975313,0.1962132104683157,0.012865974632460586,-0.0009426804976247836,-0.0009491134849410139
2025-08-15,0.6484098379983543,0.6484098379983543,0.46414214031221046,0.26792892984389477,0.007895758609586589,0.007761794144664641
2025-08-18,0.7656065586655696,0.7656065586655696,0.4726147569975313,0.008472616685320844,0.0016024316201556498,0.0015981953118129894
2025-08-19,0.8437377057770465,0.8437377057770465,0.6484098379983543,0.17579508100082297,0.008033900683391893,0.007946003142891482
2025-08-20,0.8958251371846977,0.8958251371846977,0.7656065586655696,0.11719672066721532,0.00204428330833889,0.0019856849480052825
2025-08-21,0.9054212093870333,0.9054212093870333,0.8437377057770465,0.07813114711147695,-0.0005617073009949979,-0.0006007728745507364
2025-08-22,0.7246883651402346,0.7246883651402346,0.8958251371846977,0.05208743140765115,-0.011737316998213248,-0.011763360713917074
2025-08-25,0.575791721920357,0.575791721920357,0.9054212093870333,0.009596072202335604,-0.004278603939675988,-0.004283401975777155
2025-08-26,0.4523302748889519,0.4523302748889519,0.7246883651402346,0.1807328442467987,-0.0044238137089412845,-0.004514180131064684
2025-08-27,0.40273941534575575,0.40273941534575575,0.575791721920357,0.1488966432198776,0.004060326392014694,0.003985878070404755
2025-08-28,0.33271860676767834,0.33271860676767834,0.4523302748889519,0.1234614470314051,-0.0034739227472190544,-0.003535653470734757
2025-08-29,0.297260298065502,0.297260298065502,0.40273941534575575,0.04959085954319614,0.0027503387924529455,0.002725543362681347
2025-09-02,0.23935412967631206,0.23935412967631206,0.33271860676767834,0.07002080857807741,-0.003234649059151827,-0.003269659463440866
2025-09-03,0.18038459491921688,0.18038459491921688,0.297260298065502,0.03545830870217631,-0.00040720774425234924,-0.0004249368986034374
2025-09-04,0.18732574719957928,0.18732574719957928,0.23935412967631206,0.057906168389189966,0.002407742847236667,0.0023787897630420723
2025-09-05,0.2263710203014747,0.2263710203014747,0.18038459491921688,0.05896953475709518,0.0008165987467790267,0.0007871139794004791
2025-09-08,0.17521177118382916,0.17521177118382916,0.18732574719957928,0.006941152280362406,-0.004474204414570515,-0.004477674990710696
2025-09-09,0.1609299011310578,0.1609299011310578,0.2263710203014747,0.03904527310189543,0.001306376896952062,0.0012868542604011143
2025-09-10,0.14462911048446808,0.14462911048446808,0.17521177118382916,0.05115924911764555,-0.000321685034859873,-0.00034726465941869577
2025-09-11,0.20729863795176595,0.20729863795176595,0.1609299011310578,0.014281870052771373,0.002405245866379278,0.0023981049313528922
2025-09-12,0.22752764981413756,0.22752764981413756,0.14462911048446808,0.016300790646589708,-0.0005570222595377365,-0.0005651726548610314
2025-09-15,0.22768601341032602,0.22768601341032602,0.20729863795176595,0.06266952746729787,-0.00047146967156623743,-0.0005028044352998863
2025-09-16,0.21106018085749384,0.21106018085749384,0.22752764981413756,0.02022901186237161,-0.0006742183429209121,-0.0006843328488520979
2025-09-17,0.2613840820715771,0.2613840820715771,0.22768601341032602,0.00015836359618845441,0.002446565162437354,0.0024464859806392594
2025-09-18,0.23330695119475037,0.23330695119475037,0.21106018085749384,0.016625832552832176,-0.0025779917260106383,-0.0025863046422870545
2025-09-19,0.19798687363562,0.19798687363562,0.2613840820715771,0.050323901214083255,-0.0011372425233281374,-0.001162404473935179
2025-09-22,0.14145905476927736,0.14145905476927736,0.23330695119475037,0.028077130876826728,-0.0017170638393286383,-0.0017311024047670517
2025-09-23,0.1107860087900589,0.1107860087900589,0.19798687363562,0.03532007755913036,0.0008715897434421434,0.0008539297046625783
2025-09-24,0.08516552200974126,0.08516552200974126,0.14145905476927736,0.056527818866342644,-0.0005547417041550075,-0.0005830056135881788
2025-09-25,0.06545129155362633,0.06545129155362633,0.1107860087900589,0.030673045979218466,0.0004361656359257315,0.00042082911293612227
2025-09-26,0.06295792062258598,0.06295792062258598,0.08516552200974126,0.02562048678031764,0.0005107856569101234,0.0004979754135199646
2025-09-29,0.05166569961526882,0.05166569961526882,0.06545129155362633,0.019714230456114923,-0.0005402960029287278,-0.0005501531181567853
2025-09-30,0.10378077432928315,0.10378077432928315,0.06295792062258598,0.0024933709310403507,0.00101897486893164,0.0010177281834661198
2025-10-01,0.11868978816088821,0.11868978816088821,0.05166569961526882,0.011292221007317166,-0.00014106261339572203,-0.0001467087238993806
2025-10-02,0.099281278716171,0.099281278716171,0.10378077432928315,0.05211507471401433,-0.0010181611838914373,-0.0010442187212484444
2025-10-03,0.10198999231746053,0.10198999231746053,0.11868978816088821,0.014909013831605061,0.0007383904931367532,0.0007309359862209507
2025-10-06,-0.12338820690440538,-0.12338820690440538,0.099281278716171,0.019408509444717212,-0.005069785335311052,-0.0050794895900334106
2025-10-07,-0.2804074890301167,-0.2804074890301167,0.10198999231746053,0.0027087136012895335,-9.843302363635674e-05,-9.978738043700151e-05
2025-10-08,-0.4012610974539391,-0.4012610974539391,-0.12338820690440538,0.22537819922186592,0.00023844859187907493,0.00012575949226814197
2025-10-09,-0.6008407316359594,-0.6008407316359594,-0.2804074890301167,0.1570192821257113,0.003325250696358663,0.0032467410552958075
2025-10-10,-0.7338938210906396,-0.7338938210906396,-0.4012610974539391,0.12085360842382242,0.0028989932860369167,0.0028385664818250055
2025-10-13,-0.8225958807270931,-0.8225958807270931,-0.6008407316359594,0.1995796341820203,0.0015077542463260358,0.0014079644292350256
2025-10-14,-0.7188233695744634,-0.7188233695744634,-0.7338938210906396,0.1330530894546802,-0.014770247703644086,-0.014836774248371426
2025-10-15,-0.6782184899790671,-0.6782184899790671,-0.8225958807270931,0.0887020596364535,0.0034486099611602634,0.0034042589313420368
2025-10-16,-0.654827995778047,-0.654827995778047,-0.7188233695744634,0.10377251115262975,0.00035602898154308904,0.00030414272596677414
2025-10-17,-0.6073673191792992,-0.6073673191792992,-0.6782184899790671,0.04060487959539627,-0.0031927988006957464,-0.0032131012404934445
2025-10-20,-0.45919114105225023,-0.45919114105225023,-0.654827995778047,0.02339049420102013,-0.004037094484434808,-0.004048789731535318
2025-10-21,-0.4466977547802091,-0.4466977547802091,-0.6073673191792992,0.04746067659874775,0.007443159269684938,0.007419428931385564
2025-10-22,-0.6068957249993836,-0.6068957249993836,-0.45919114105225023,0.14817617812704897,0.005697199412665122,0.005623111323601597
2025-10-23,-0.7379304833329224,-0.7379304833329224,-0.4466977547802091,0.012493386272041107,0.015712968950092776,0.015706722256956754
2025-10-24,-0.7307340942245077,-0.7307340942245077,-0.6068957249993836,0.16019797021917448,-0.0066379143740482585,-0.006718013359157846
2025-10-27,-0.6622545902368044,-0.6622545902368044,-0.7379304833329224,0.13103475833353884,-0.007793768962992334,-0.007859286342159103
2025-10-28,-0.591732657279779,-0.591732657279779,-0.7307340942245077,0.007196389108414691,-0.0016763461704325114,-0.0016799443649867189
2025-10-29,-0.4662436170572092,-0.4662436170572092,-0.6622545902368044,0.0684795039877033,-0.01498997773893062,-0.01502421749092447
2025-10-30,-0.535474493757025,-0.535474493757025,-0.591732657279779,0.07052193295702547,0.018395051253926445,0.01835979028744793
2025-10-31,-0.48513093164704774,-0.48513093164704774,-0.4662436170572092,0.1254890402225698,-0.009334483518797652,-0.009397228038908937
2025-11-03,-0.481367093723712,-0.481367093723712,-0.535474493757025,0.06923087669981587,0.0036380960846987987,0.0036034806463488907
2025-11-04,-0.4965211097798185,-0.4965211097798185,-0.48513093164704774,0.05034356210997731,0.0018437166136401279,0.0018185448325851391
2025-11-05,-0.4623809766749902,-0.4623809766749902,-0.481367093723712,0.0037638379233357333,-0.00452964458428312,-0.004531526503244788
2025-11-06,-0.4037608083633999,-0.4037608083633999,-0.4965211097798185,0.0151540160561065,-0.0016262956059383534,-0.0016338726139664065
2025-11-07,-0.3453275636586863,-0.3453275636586863,-0.4623809766749902,0.03414013310482833,-0.002438470558440467,-0.002455540624992881
2025-11-10,-0.3227228259165261,-0.3227228259165261,-0.4037608083633999,0.05862016831159028,0.0018155599673433294,0.0017862498831875341
2025-11-11,-0.24839610121992972,-0.24839610121992972,-0.3453275636586863,0.058433244704713616,-0.007365859172310778,-0.007395075794663135
2025-11-12,-0.18967649166779887,-0.18967649166779887,-0.3227228259165261,0.022604737742160153,-0.0007928980715359493,-0.0008042004404070293
2025-11-13,-0.1285368939955017,-0.1285368939955017,-0.24839610121992972,0.0743267246965964,-0.0018873456710434976,-0.0019245090333917959
2025-11-14,-0.08467715097940313,-0.08467715097940313,-0.18967649166779887,0.05871960955213085,0.0002306935901812706,0.00020133378540520517
2025-11-17,-0.055897997264070805,-0.055897997264070805,-0.1285368939955017,0.06113959767229718,0.00015652306806204097,0.00012595326922589239
2025-11-18,-0.03360462696544393,-0.03360462696544393,-0.08467715097940313,0.04385974301609856,-0.0009704514582784462,-0.0009923813297864955
2025-11-19,-0.0197132421622957,-0.0197132421622957,-0.055897997264070805,0.02877915371533233,0.00039080579479628823,0.0003764162179386221
2025-11-20,-0.0162825752106365,-0.0162825752106365,-0.03360462696544393,0.022293370298626873,0.00035080940764428703,0.0003396627224949736
2025-11-21,-0.004505671991006515,-0.004505671991006515,-0.0197132421622957,0.013891384803148232,-0.00022731140549180504,-0.00023425709789337917
2025-11-24,-0.037914593794976525,-0.037914593794976525,-0.0162825752106365,0.0034306669516592017,0.00040282009660865323,0.00040110476313282364
2025-11-25,-0.036617872728852974,-0.036617872728852974,-0.004505671991006515,0.011776903219629983,-4.258073940805563e-05,-4.846919101787062e-05
2025-11-26,-0.026149676799338537,-0.026149676799338537,-0.037914593794976525,0.03340892180397001,-0.0002708849267610098,-0.0002875893876629948
2025-11-28,-0.011509159991993105,-0.011509159991993105,-0.036617872728852974,0.0012967210661235518,-0.0002060200788362198,-0.00020666843936928157
2025-12-01,-0.011845001851330278,-0.011845001851330278,-0.026149676799338537,0.010468195929514437,0.00023535317685961356,0.00023011907889485634
2025-12-02,-0.01759230322778608,-0.01759230322778608,-0.011509159991993105,0.014640516807345431,3.6725307641612744e-05,2.940504923794003e-05
2025-12-03,-0.01791670032356087,-0.01791670032356087,-0.011845001851330278,0.0003358418593371725,-1.7499429052552834e-05,-1.766734998222142e-05
2025-12-04,0.004709733853948926,0.004709733853948926,-0.01759230322778608,0.0057473013764558,-0.00025521313348916255,-0.00025808678417739043
2025-12-05,0.03953778325315015,0.03953778325315015,-0.01791670032356087,0.00032439709577479145,-0.0001867225439187057,-0.0001868847424665931
2025-12-08,0.04412536959636079,0.04412536959636079,0.004709733853948926,0.022626434177509796,-4.4058837945616165e-05,-5.537205503437106e-05
2025-12-09,-0.0033544393616671414,-0.0033544393616671414,0.03953778325315015,0.03482804939920122,-0.0011105031388186758,-0.0011279171635182764
2025-12-10,-0.04544511997011008,-0.04544511997011008,0.04412536959636079,0.004587586343210645,-0.0002418428164689211,-0.00024413660964052642
2025-12-11,-0.05276304280948447,-0.05276304280948447,-0.0033544393616671414,0.04747980895802793,-2.5209021462572542e-05,-4.8948925941586513e-05
2025-12-12,-0.027433623919440354,-0.027433623919440354,-0.04544511997011008,0.04209068060844294,-0.0007570411234153607,-0.0007780864637195821
2025-12-15,-0.015140295430300158,-0.015140295430300158,-0.05276304280948447,0.007317922839374387,0.00011613792271204597,0.00011247896129235879
2025-12-16,-0.00928903954674029,-0.00928903954674029,-0.027433623919440354,0.025329418890044114,3.361960084164205e-05,2.0954891396619993e-05
2025-12-17,0.0007406598418432846,0.0007406598418432846,-0.015140295430300158,0.012293328489140196,-4.830176528810524e-05,-5.444842953267534e-05
2025-12-18,-0.013652188371954746,-0.013652188371954746,-0.00928903954674029,0.005851255883559867,0.00010679656195004475,0.00010387093400826482
2025-12-19,-0.05345764350568174,-0.05345764350568174,0.0007406598418432846,0.010029699388583575,-1.081395085803619e-05,-1.5828800552327976e-05
2025-12-22,-0.07101120670731816,-0.07101120670731816,-0.013652188371954746,0.014392848213798031,-5.48555429934912e-05,-6.205196710039021e-05
2025-12-23,-0.061508458410762704,-0.061508458410762704,-0.05345764350568174,0.03980545513372699,8.022649011301727e-05,6.032376254615377e-05
2025-12-24,-0.0472889674530536,-0.0472889674530536,-0.07101120670731816,0.017553563201636417,-0.0007115343518347534,-0.0007203111334355716
2025-12-26,-0.03345514672322976,-0.03345514672322976,-0.061508458410762704,0.009502748296555452,-0.00024408091738469437,-0.00024883229153297207
2025-12-29,-0.02285592678794271,-0.02285592678794271,-0.0472889674530536,0.0142194909577091,-0.0,-7.109745478854551e-06
2025-12-30,-0.005984204280077315,-0.005984204280077315,-0.03345514672322976,0.013833820729823844,-0.0001818245627730159,-0.00018874147313792782
2025-12-31,0.015184254090909627,0.015184254090909627,-0.02285592678794271,0.01059921993528705,-1.6844850701971008e-05,-2.2144460669614532e-05
2026-01-02,0.021252183613775875,0.021252183613775875,-0.005984204280077315,0.016871722507865394,3.08533651832851e-05,2.24175039293524e-05
2026-01-05,0.016786341510243438,0.016786341510243438,0.015184254090909627,0.021168458370986944,-0.00010867446436281453,-0.00011925869354830799
2026-01-06,0.011445934929557013,0.011445934929557013,0.021252183613775875,0.006067929522866248,3.6980769778006686e-05,3.394680501657356e-05
2026-01-07,0.007760928363375691,0.007760928363375691,0.016786341510243438,0.004465842103532437,-7.081078541877678e-05,-7.3043706470543e-05
2026-01-08,0.008843614440774403,0.008843614440774403,0.011445934929557013,0.005340406580686425,0.00012549726726844286,0.00012282706397809964
2026-01-09,0.007163676076388636,0.007163676076388636,0.007760928363375691,0.0036850065661813217,-2.1043436079138706e-05,-2.2885939362229368e-05
2026-01-12,0.0061549603327902755,0.0061549603327902755,0.008843614440774403,0.0010826860773987118,1.556656929554315e-05,1.5025226256843796e-05
2026-01-13,-0.00579967159909832,-0.00579967159909832,0.007163676076388636,0.001679938364385767,-0.00014924356138991507,-0.00015008353057210794
2026-01-14,0.029456078003874706,0.029456078003874706,0.0061549603327902755,0.0010087157435983603,0.00012937928134665162,0.00012887492347485243
2026-01-15,0.021691992743496126,0.021691992743496126,-0.00579967159909832,0.011954631931888594,6.843729741172187e-05,6.245998144577757e-05
2026-01-16,-0.017648287045573034,-0.017648287045573034,0.029456078003874706,0.03525574960297303,-0.0003367666596376291,-0.0003543945344391156
2026-01-20,-0.030320364269264606,-0.030320364269264606,0.021691992743496126,0.00776408526037858,9.477302474050126e-05,9.089098211031196e-05
2026-01-21,-0.05126478621120782,-0.05126478621120782,-0.017648287045573034,0.03934027978906916,-7.225513909189771e-05,-9.192527898643229e-05
2026-01-22,-0.04854760935182682,-0.04854760935182682,-0.030320364269264606,0.012672077223691573,-0.00018544445260647402,-0.0001917804912183198
2026-01-23,-0.04168930653581744,-0.04168930653581744,-0.05126478621120782,0.020944421941943216,-5.193881985526799e-05,-6.24110308262396e-05
2026-01-26,-0.02726013911654677,-0.02726013911654677,-0.04854760935182682,0.0027171768593809986,-0.00012284275670352207,-0.00012420134513321256
2026-01-27,-0.05103319716028751,-0.05103319716028751,-0.04168930653581744,0.006858302816009382,0.0003156676659895188,0.0003122385145815141
2026-01-28,-0.07601964569208775,-0.07601964569208775,-0.02726013911654677,0.01442916741927067,-6.239666863298958e-05,-6.961125234262491e-05
2026-01-29,-0.050004987616257136,-0.050004987616257136,-0.05103319716028751,0.023773058043740736,-0.0005179704187250762,-0.0005298569477469466
2026-01-30,0.2999966749224952,0.2999966749224952,-0.07601964569208775,0.024986448531800237,-0.008994034566554078,-0.009006527790819977
2026-02-02,0.5333311166149968,0.5333311166149968,-0.050004987616257136,0.02601465807583061,-0.00010108926033358789,-0.0001140965893715032
2026-02-03,0.6888874110766645,0.6888874110766645,0.2999966749224952,0.35000166253875237,0.011028807955174616,0.01085380712390524
2026-02-04,0.792591607384443,0.792591607384443,0.5333311166149968,0.23333444169250156,0.008763863224803698,0.008647196003957448
2026-02-05,0.8617277382562953,0.8617277382562953,0.6888874110766645,0.15555629446166774,0.0013188787545800418,0.001241100607349208
2026-02-06,0.8277817061129055,0.8277817061129055,0.792591607384443,0.1037041963077785,-0.013293911844489217,-0.013345763942643106
2026-02-09,0.8763979332266648,0.8763979332266648,0.8617277382562953,0.06913613087185233,0.013211481637560075,0.013176913572124149
2026-02-10,0.9175986221511099,0.9175986221511099,0.8277817061129055,0.03394603214338987,0.006513849548380185,0.00649687653230849
2026-02-11,0.9450657481007401,0.9450657481007401,0.8763979332266648,0.04861622711375935,0.029219379577363848,0.029195071463806968
2026-02-12,0.9633771654004935,0.9633771654004935,0.9175986221511099,0.04120068892444506,0.009181601028884802,0.00916100068442258
2026-02-13,0.8988452858099366,0.8988452858099366,0.9450657481007401,0.02746712594963019,-0.008598541081602117,-0.008612274644576931
2026-02-17,0.8458029069368429,0.8458029069368429,0.9633771654004935,0.018311417299753385,-0.0015724266142280174,-0.0015815823228778941
2026-02-18,0.7052581267297907,0.7052581267297907,0.8988452858099366,0.06453187959055684,-0.016165613860257843,-0.016197879800053123
2026-02-19,0.6687292798296369,0.6687292798296369,0.8458029069368429,0.05304237887309371,0.010385497184896866,0.01035897599546032
2026-02-20,0.7379052049720314,0.7379052049720314,0.7052581267297907,0.1405447802070522,0.008844737870216604,0.008774465480113078
2026-02-23,0.825270136648021,0.825270136648021,0.6687292798296369,0.03652884690015379,0.005838638486315223,0.005820374062865146
2026-02-24,0.883513424432014,0.883513424432014,0.7379052049720314,0.06917592514239446,0.0026735962865406,0.002639008323969403
2026-02-25,0.8114243127752939,0.8114243127752939,0.825270136648021,0.08736493167598958,-0.01042763959615642,-0.010471322061994415
2026-02-26,0.6670594378239736,0.6670594378239736,0.883513424432014,0.058243287783993014,-0.006101826708904506,-0.006130948352796502
2026-02-27,0.7780396252159825,0.7780396252159825,0.8114243127752939,0.07208911165672005,0.020746139862595284,0.020710095306766922
2026-03-02,0.8126248502839,0.8126248502839,0.6670594378239736,0.14436487495132033,-0.0021286338613181214,-0.002200816298793782
2026-03-03,0.8750832335226,0.8750832335226,0.7780396252159825,0.11098018739200888,0.01385468365377211,0.013799193560076107
2026-03-04,0.9167221556817333,0.9167221556817333,0.8126248502839,0.0345852250679175,0.005271587802806482,0.005254295190272523
2026-03-05,0.9386424376976691,0.9386424376976691,0.8750832335226,0.06245838323870001,-0.00034178792556959614,-0.00037301711718894617
2026-03-06,0.935998411340291,0.935998411340291,0.9167221556817333,0.04163892215913334,-0.001074784787599739,-0.0010956042486793057
2026-03-09,0.8154679463517092,0.8154679463517092,0.9386424376976691,0.021920282015935766,-0.012302193003621557,-0.012313153144629526
2026-03-10,0.7756640446476364,0.7756640446476364,0.935998411340291,0.0026440263573780376,0.004823777102094753,0.004822455088916064
2026-03-11,0.7314909875340018,0.7314909875340018,0.8154679463517092,0.12053046498858189,-0.0004824350661515837,-0.0005427002986458747
2026-03-12,0.687572873577457,0.687572873577457,0.7756640446476364,0.039803901704072775,-0.0007652842776704054,-0.0007851862285224419
2026-03-13,0.791715249051638,0.791715249051638,0.7314909875340018,0.04417305711363462,0.010835884860631157,0.01081379833207434
2026-03-16,0.7347850526361484,0.7347850526361484,0.687572873577457,0.04391811395654477,-0.005486684988723168,-0.00550864404570144
2026-03-17,0.5833436832559139,0.5833436832559139,0.791715249051638,0.10414237547418104,-0.006989842949918499,-0.00704191413765559
2026-03-18,0.4351500706888479,0.4351500706888479,0.7347850526361484,0.05693019641548969,-0.013526348573649496,-0.01355481367185724
2026-03-19,0.33198538224062035,0.33198538224062035,0.5833436832559139,0.15144136938023445,-0.001293995018624488,-0.0013697157033146052
2026-03-20,0.3086974350452202,0.3086974350452202,0.4351500706888479,0.14819361256706598,0.004397253043204678,0.004323156236921145
2026-03-23,0.359651026510174,0.359651026510174,0.33198538224062035,0.10316468844822757,0.003985432477222188,0.0039338501329980735
2026-03-24,0.45145390865461454,0.45145390865461454,0.3086974350452202,0.02328794719540017,0.002014036241903462,0.0020023922683057617
2026-03-25,0.43899173926925067,0.43899173926925067,0.359651026510174,0.05095359146495382,-0.0038148119416095486,-0.0038402887373420254
2026-03-26,0.4861197566466604,0.4861197566466604,0.45145390865461454,0.09180288214444055,0.0033162403256390303,0.0032703388845668102
2026-03-27,0.4416439324500786,0.4416439324500786,0.43899173926925067,0.012462169385363875,-0.003720294674809041,-0.003726525759501723
2026-03-30,0.4068302700377226,0.4068302700377226,0.4861197566466604,0.04712801737740974,-9.66131613252841e-05,-0.00012017717001398897
2026-03-31,0.36672694279003326,0.36672694279003326,0.4416439324500786,0.044475824196581804,-0.0008780169967494846,-0.0009002549088477755
2026-04-01,0.2804943499631756,0.2804943499631756,0.4068302700377226,0.034813662412356006,-0.006564394545368872,-0.00658180137657505
2026-04-02,0.22304224553756535,0.22304224553756535,0.36672694279003326,0.040103327247689335,7.427148970500235e-05,5.421982608115768e-05
2026-04-06,0.1691861625044626,0.1691861625044626,0.2804943499631756,0.08623259282685763,-0.0014195124734886855,-0.0014626287699021144
2026-04-07,0.11779932583760425,0.11779932583760425,0.22304224553756535,0.05745210442561027,-0.0024051471454785978,-0.0024338731976914028
2026-04-08,0.07965943957080558,0.07965943957080558,0.1691861625044626,0.05385608303310274,-0.0020182655040599613,-0.0020451935455765126
2026-04-09,0.05367435528630549,0.05367435528630549,0.11779932583760425,0.051386836666858365,-0.0006375483470716899,-0.0006632417654051191
2026-04-10,0.03603847957557424,0.03603847957557424,0.07965943957080558,0.038139886266798664,-0.001746441786167409,-0.0017655117293008083
2026-04-13,0.024202099008289686,0.024202099008289686,0.05367435528630549,0.02598508428450009,-0.0007228126519949411,-0.0007358051941371911
2026-04-14,0.016410150180123463,0.016410150180123463,0.03603847957557424,0.017635875710731254,4.761003644191746e-05,3.8792098586551836e-05
2026-04-15,0.01102142562627809,0.01102142562627809,0.024202099008289686,0.011836380567284553,-0.00023946760899669378,-0.00024538579928033607
2026-04-16,0.051314442349062704,0.051314442349062704,0.016410150180123463,0.007791948828166223,0.000637747801785074,0.0006338518273709909
2026-04-17,0.07156527459615972,0.07156527459615972,0.01102142562627809,0.005388724553845373,-5.418871789066982e-05,-5.6883080167592505e-05
2026-04-20,0.08267984551076246,0.08267984551076246,0.051314442349062704,0.04029301672278461,-0.00012125643390671306,-0.00014140294226810536
2026-04-21,0.08566841617997778,0.08566841617997778,0.07156527459615972,0.020250832247097013,-0.0002619714205973839,-0.00027209683672093244
2026-04-22,0.08113329997754859,0.08113329997754859,0.08267984551076246,0.011114570914602745,-0.0005182041177456778,-0.0005237614032029791
2026-04-23,0.12032907034267108,0.12032907034267108,0.08566841617997778,0.002988570669215318,0.0023103260384076587,0.002308831753073051
2026-04-24,0.1150793567471731,0.1150793567471731,0.08113329997754859,0.00453511620242919,-0.001443285556615012,-0.0014455531147162266
2026-04-27,0.07620203228746976,0.07620203228746976,0.12032907034267108,0.03919577036512249,0.0018679796121271004,0.0018483817269445391
2026-04-28,0.05486215841762695,0.05486215841762695,0.1150793567471731,0.005249713595497987,0.00034207112071210096,0.000339446263914352
2026-04-29,-0.047328916125675656,-0.047328916125675656,0.07620203228746976,0.038877324459703336,-0.0010162448032637172,-0.0010356834654935687
2026-04-30,-0.014236705417755555,-0.014236705417755555,0.05486215841762695,0.02133987386984281,0.00167140133957406,0.0016607314026391385
2026-05-01,0.012681303658545846,0.012681303658545846,-0.047328916125675656,0.1021910745433026,-7.883605115581812e-05,-0.00012993158842746942
2026-05-04,-0.0023441309275862993,-0.0023441309275862993,-0.014236705417755555,0.0330922107079201,0.00015979666422294463,0.00014325055886898458
2026-05-05,-0.02761898244436669,-0.02761898244436669,0.012681303658545846,0.026918009076301402,-6.131433956519347e-05,-7.477334410334418e-05
2026-05-06,-0.03772111606419489,-0.03772111606419489,-0.0023441309275862993,0.015025434586132145,-4.951689833176495e-06,-1.2464407126242568e-05
2026-05-07,-0.06103940708597379,-0.06103940708597379,-0.02761898244436669,0.02527485151678039,0.00020376446723648542,0.00019112704147809524
2026-05-08,-0.06680869296008919,-0.06680869296008919,-0.03772111606419489,0.010102133619828202,-0.00010413399219449276,-0.00010918505900440686
2026-05-11,-0.0670977555935749,-0.0670977555935749,-0.06103940708597379,0.023318291021778896,-1.292910267289135e-05,-2.45882481837808e-05
2026-05-12,-0.03583226783115494,-0.03583226783115494,-0.06680869296008919,0.005769285874115404,-0.0009901770896286707,-0.0009930617325657283
2026-05-13,-0.050409475386002656,-0.050409475386002656,-0.0670977555935749,0.0002890626334857149,0.0010079412234609408,0.001007796692144198
2026-05-14,-0.04443370219360295,-0.04443370219360295,-0.03583226783115494,0.03126548776241997,0.00011384515267685437,9.821240879564439e-05
2026-05-15,-0.07195728369757182,-0.07195728369757182,-0.050409475386002656,0.014577207554847718,0.0007391163232794236,0.0007318277195019998
2026-05-18,-0.0749781459730903,-0.0749781459730903,-0.04443370219360295,0.005975773192399704,-0.0003737162718616426,-0.00037670415845784245
2026-05-19,-0.05008452797877307,-0.05008452797877307,-0.07195728369757182,0.027523581503968865,-0.0015080921288152184,-0.0015218539195672029
2026-05-20,-0.03046233187824078,-0.03046233187824078,-0.0749781459730903,0.003020862275518482,-0.00012563799451938455,-0.00012714842565714378
2026-05-21,9.615627491431009e-05,9.615627491431009e-05,-0.05008452797877307,0.024893617994317226,-0.0004713117023175296,-0.00048375851131468817
2026-05-22,0.023997667172509254,0.023997667172509254,-0.03046233187824078,0.019622196100532292,-5.0484095451197185e-05,-6.029519350146333e-05
2026-05-26,0.04841938389900767,0.04841938389900767,9.615627491431009e-05,0.03055848815315509,2.7843323034399e-07,-1.5000810846233553e-05
2026-05-27,0.05062422716029594,0.05062422716029594,0.023997667172509254,0.023901510897594944,-0.00012372381111219486,-0.00013567456656099234
2026-05-28,0.041109900464419945,0.041109900464419945,0.04841938389900767,0.024421716726498417,-0.00023086100132241555,-0.00024307185968566476
2026-05-29,0.02928916211369183,0.02928916211369183,0.05062422716029594,0.002204843261288267,-0.00021088617667135116,-0.0002119885983019953
2026-06-01,0.01934674462376955,0.01934674462376955,0.041109900464419945,0.009514326695875992,-6.878875903167058e-05,-7.354592237960858e-05
2026-06-02,0.014491139257033894,0.014491139257033894,0.02928916211369183,0.011820738350728114,8.590754721943454e-05,7.999717804407048e-05
2026-06-03,-0.022560521327871858,-0.022560521327871858,0.01934674462376955,0.009942417489922282,-0.0004930633961270029,-0.0004980346048719641
2026-06-04,-0.3483736808852479,-0.3483736808852479,0.014491139257033894,0.004855605366735655,-0.0005529318821107105,-0.0005553596847940784
2026-06-05,-0.4422108317601302,-0.4422108317601302,-0.022560521327871858,0.03705166058490575,-0.0002513986243553212,-0.00026992445464777407
2026-06-08,-0.4917027445923422,-0.4917027445923422,-0.3483736808852479,0.32581315955737605,-0.0005375098980677879,-0.000700416477846476
2026-06-09,-0.4678380372749797,-0.4678380372749797,-0.4422108317601302,0.09383715087488231,-0.003308794423686728,-0.003355712999124169
2026-06-10,-0.3484293161917138,-0.3484293161917138,-0.4917027445923422,0.04949191283221199,-0.012566468353804604,-0.01259121431022071
2026-06-11,-0.2697146539568435,-0.2697146539568435,-0.4678380372749797,0.02386470731736251,9.966529900543868e-05,8.773294534675742e-05
2026-06-12,-0.12532556743780832,-0.12532556743780832,-0.3484293161917138,0.11940872108326589,-0.008684763685071244,-0.008744468045612878
2026-06-15,-0.11430561460738957,-0.11430561460738957,-0.2697146539568435,0.07871466223487028,0.005830453454623772,0.005791096123506337
2026-06-16,-0.1370513086711413,-0.1370513086711413,-0.12532556743780832,0.1443890865190352,0.0009052721444840732,0.0008330776012245556
2026-06-17,-0.2455957127805403,-0.2455957127805403,-0.11430561460738957,0.011019952830418747,0.002177011283014109,0.0021715013065988996
2026-06-18,-0.3664907386514401,-0.3664907386514401,-0.1370513086711413,0.022745694063751723,0.0014051996875523304,0.0013938268405204546
2026-06-22,-0.44692336046662884,-0.44692336046662884,-0.2455957127805403,0.108544404109399,5.412122020238134e-05,-1.5098185231816224e-07
2026-06-23,-0.3320955758184751,-0.3320955758184751,-0.3664907386514401,0.12089502587089981,-0.011069034089197008,-0.011129481602132457
2026-06-24,-0.3771207909398954,-0.3771207909398954,-0.44692336046662884,0.08043262181518873,0.010042124677853748,0.010001908366946154
2026-06-25,-0.34328541569412335,-0.34328541569412335,-0.3320955758184751,0.11482778464815374,-0.0028353015619063796,-0.0028927154542304563
2026-06-26,-0.24697879347123036,-0.24697879347123036,-0.3771207909398954,0.045025215121420326,-0.0038473504696079765,-0.0038698630771686867
2026-06-29,-0.49798586231415354,-0.49798586231415354,-0.34328541569412335,0.03383537524577207,0.017997795380641456,0.01798087769301857
2026-06-30,-0.6653239082094358,-0.6653239082094358,-0.24697879347123036,0.09630662222289299,0.009856724837484338,0.009808571526372892
2026-07-01,-0.7768826054729572,-0.7768826054729572,-0.49798586231415354,0.2510070688429232,0.004116532969528874,0.003991029435107412
2026-07-02,-0.7511148078960643,-0.7511148078960643,-0.6653239082094358,0.16733804589528223,-0.009031510938851805,-0.009115179961799447
2026-07-06,-0.8178884828789408,-0.8178884828789408,-0.7768826054729572,0.11155869726352141,0.00894440343560222,0.008888624086970458
2026-07-07,-0.775597996260413,-0.775597996260413,-0.7511148078960643,0.025767797576892848,-0.00928403941093346,-0.009296923309721906
2026-07-08,-0.7609376822370406,-0.7609376822370406,-0.8178884828789408,0.06677367498287645,0.0026885264302574574,0.0026551395927660194
2026-07-09,-0.7878213137649057,-0.7878213137649057,-0.775597996260413,0.042290486618527745,0.0038368435258726054,0.0038156982825633414
2026-07-10,-0.7120361972266058,-0.7120361972266058,-0.7609376822370406,0.014660314023372423,-0.010773124106706892,-0.010780454263718578
2026-07-13,-0.5987215744335962,-0.5987215744335962,-0.7878213137649057,0.026883631527865104,-0.010474383399908133,-0.010487825215672066
2026-07-14,-0.5121930575132544,-0.5121930575132544,-0.7120361972266058,0.07578511653829989,0.0035034430285804537,0.0034655504703113038
2026-07-15,-0.365895020008264,-0.365895020008264,-0.5987215744335962,0.11331462279300963,-0.005075114811196954,-0.0051317721225934585
2026-07-16,-0.2504965151912151,-0.2504965151912151,-0.5121930575132544,0.0865285169203418,-0.012556672814024573,-0.012599937072484744
2026-07-17,-0.17957855164458528,-0.17957855164458528,-0.365895020008264,0.14629803750499037,0.00241818341400169,0.002345034395249195
2026-07-20,-0.12960780766843935,-0.12960780766843935,-0.2504965151912151,0.11539850481704894,0.000517199461138466,0.0004595002087299416
2026-07-21,-0.09231492594611318,-0.09231492594611318,-0.17957855164458528,0.0709179635466298,-0.0011559028792732194,-0.0011913618610465344
2026-07-22,-0.062213131854708205,-0.062213131854708205,-0.12960780766843935,0.049970743976145926,-0.0015098277895409743,-0.0015348131615290472
2026-07-23,-0.04884264284694879,-0.04884264284694879,-0.09231492594611318,0.03729288172232617,0.0009796370961144103,0.0009609906552532472
2026-07-24,0.09167456713782637,0.09167456713782637,-0.062213131854708205,0.030101794091404975,-0.003634543680829821,-0.0036495945778755234
2026-07-27,0.3158362112411515,0.3158362112411515,-0.04884264284694879,0.013370489007759417,-0.0009899097917988725,-0.0009965950363027523
2026-07-28,0.543890807494101,0.543890807494101,0.09167456713782637,0.14051720998477515,0.0016854770922500753,0.0016152184872576878
2026-07-29,0.5447224898670424,0.5447224898670424,0.3158362112411515,0.22416164410332515,-0.0063573420700792,-0.006469422892130862
2026-07-30,0.4523881174549157,0.4523881174549157,0.543890807494101,0.2280545962529495,-0.01278524169157291,-0.012899268989699383
2026-07-31,0.4463330295913398,0.4463330295913398,0.5447224898670424,0.0008316823729414002,0.008269489339620727,0.008269073498434256
2026-08-03,0.5002684376552688,0.5002684376552688,0.4523881174549157,0.09233437241212672,0.005315383724757371,0.005269216538551308
2026-08-04,0.48685716832914605,0.48685716832914605,0.4463330295913398,0.006055087863575892,-0.004523641197799508,-0.0045266687417312955
2026-08-05,0.4430115808155275,0.4430115808155275,0.5002684376552688,0.05393540806392905,-0.004375212850480465,-0.00440218055451243
2026-08-06,0.45844229671713316,0.45844229671713316,0.48685716832914605,0.013411269326122799,0.005447943700158334,0.0054412380654952726
2026-08-07,0.42593618497739844,0.42593618497739844,0.4430115808155275,0.043845587513618556,0.0006599419951690346,0.0006380192014122253
2026-08-10,0.38787743286843157,0.38787743286843157,0.45844229671713316,0.015430715901605663,-0.0002922749191833189,-0.00029999027713412173
2026-08-11,0.37314636474929536,0.37314636474929536,0.42593618497739844,0.03250611173973472,0.0021736211347579085,0.0021573680788880413
2026-08-12,0.3141385693641808,0.3141385693641808,0.38787743286843157,0.038058752108966865,-0.002379623641949157,-0.0023986530180036404
2026-08-13,0.5427590462427871,0.5427590462427871,0.37314636474929536,0.014731068119136215,0.009848917052179343,0.009841551518119775
2026-08-14,0.6951726974951915,0.6951726974951915,0.3141385693641808,0.05900779538511458,0.0016938095955182646,0.0016643056978257072
2026-08-17,0.6378097067818662,0.6378097067818662,0.5427590462427871,0.22862047687860637,-0.004702099994903591,-0.004816410233342895
2026-08-18,0.7585398045212441,0.7585398045212441,0.6951726974951915,0.15241365125240436,0.006943041344945215,0.006866834519319013
2026-08-19,0.8390265363474962,0.8390265363474962,0.6378097067818662,0.05736299071332529,0.010774696230995527,0.010746014735638864
2026-08-20,0.8165946125853104,0.8165946125853104,0.7585398045212441,0.12073009773937793,-0.0026125054668945974,-0.0026728705157642862
2026-08-21,0.8777297417235403,0.8777297417235403,0.8390265363474962,0.0804867318262521,0.004434818009650179,0.004394574643737053
2026-08-24,0.9184864944823603,0.9184864944823603,0.8165946125853104,0.022431923762185835,0.011559491263958983,0.01154827530207789
2026-08-25,0.9456576629882403,0.9456576629882403,0.8777297417235403,0.06113512913822994,0.0017501820975570534,0.0017196145329879385
2026-08-26,0.9359074483753058,0.9359074483753058,0.9184864944823603,0.04075675275881996,-0.001096725393396871,-0.001117103769776281
2026-08-27,0.7219149044525227,0.7219149044525227,0.9456576629882403,0.027171168505879972,-0.014319550832456349,-0.014333136416709288
2026-08-28,0.7521251485804421,0.7521251485804421,0.9359074483753058,0.00975021461293446,0.012685742926205898,0.012680867818899431
2026-08-31,0.7413231779526299,0.7413231779526299,0.7219149044525227,0.2139925439227831,-0.0011527297823150432,-0.0012597260542764348
2026-09-01,0.8275487853017534,0.8275487853017534,0.7521251485804421,0.030210244127919395,0.004210198351733953,0.0041950932296699935
2026-09-02,0.8396278342734664,0.8396278342734664,0.7413231779526299,0.010801970627812185,-0.00117901361064627,-0.001184414595960176
2026-09-03,0.8930852228489776,0.8930852228489776,0.8275487853017534,0.08622560734912343,0.00609701631225689,0.006053903508582328
2026-09-04,0.7662454779882935,0.7662454779882935,0.8396278342734664,0.01207904897171308,-0.007468534589220288,-0.007474574113706145
2026-09-08,0.7503348408745147,0.7503348408745147,0.8930852228489776,0.05345738857551119,0.00480920267105108,0.0047824739767633245
2026-09-09,0.6015679044860414,0.6015679044860414,0.7662454779882935,0.12683974486068417,-0.010184151334432862,-0.010247571206863204
2026-09-10,0.5459538032469935,0.5459538032469935,0.7503348408745147,0.015910637113778714,0.003469575072407388,0.003461619753850499
2026-09-11,0.6973025354979957,0.6973025354979957,0.6015679044860414,0.14876693638847338,0.00770468445663442,0.0076303009884401835
2026-09-14,0.7982016903319972,0.7982016903319972,0.5459538032469935,0.055614101239047864,0.007335482085410192,0.007307675034790668
2026-09-15,0.8654677935546649,0.8654677935546649,0.6973025354979957,0.1513487322510022,0.002175244634202802,0.002099570268077301
2026-09-16,0.6871986321446271,0.6871986321446271,0.7982016903319972,0.10089915483400147,-0.02621890739343499,-0.02626935697085199
2026-09-17,0.5194785776192192,0.5194785776192192,0.8654677935546649,0.06726610322266768,-0.024871703158192968,-0.024905336209804303
2026-09-18,0.3979405111025176,0.3979405111025176,0.6871986321446271,0.1782691614100378,-0.0034125557398349384,-0.0035016903205399574
