Date,signal,pos,held,turnover,gross,net
2000-01-03,,0.0,0.0,0.0,0.0,0.0
2000-01-04,,0.0,0.0,0.0,-0.0,-0.0
2000-01-05,,0.0,0.0,0.0,0.0,0.0
2000-01-06,,0.0,0.0,0.0,-0.0,-0.0
2000-01-07,,0.0,0.0,0.0,0.0,0.0
2000-01-10,,0.0,0.0,0.0,0.0,0.0
2000-01-11,,0.0,0.0,0.0,0.0,0.0
2000-01-12,,0.0,0.0,0.0,0.0,0.0
2000-01-13,,0.0,0.0,0.0,-0.0,-0.0
2000-01-14,,0.0,0.0,0.0,0.0,0.0
2000-01-18,,0.0,0.0,0.0,-0.0,-0.0
2000-01-19,,0.0,0.0,0.0,-0.0,-0.0
2000-01-20,,0.0,0.0,0.0,-0.0,-0.0
2000-01-21,,0.0,0.0,0.0,0.0,0.0
2000-01-24,,0.0,0.0,0.0,0.0,0.0
2000-01-25,,0.0,0.0,0.0,0.0,0.0
2000-01-26,,0.0,0.0,0.0,-0.0,-0.0
2000-01-27,,0.0,0.0,0.0,0.0,0.0
2000-01-28,,0.0,0.0,0.0,-0.0,-0.0
2000-01-31,,0.0,0.0,0.0,0.0,0.0
2000-02-01,,0.0,0.0,0.0,0.0,0.0
2000-02-02,,0.0,0.0,0.0,-0.0,-0.0
2000-02-03,,0.0,0.0,0.0,0.0,0.0
2000-02-04,,0.0,0.0,0.0,0.0,0.0
2000-02-07,,0.0,0.0,0.0,0.0,0.0
2000-02-08,,0.0,0.0,0.0,0.0,0.0
2000-02-09,,0.0,0.0,0.0,-0.0,-0.0
2000-02-10,,0.0,0.0,0.0,0.0,0.0
2000-02-11,,0.0,0.0,0.0,-0.0,-0.0
2000-02-14,,0.0,0.0,0.0,0.0,0.0
2000-02-15,,0.0,0.0,0.0,0.0,0.0
2000-02-16,,0.0,0.0,0.0,-0.0,-0.0
2000-02-17,,0.0,0.0,0.0,0.0,0.0
2000-02-18,,0.0,0.0,0.0,-0.0,-0.0
2000-02-22,,0.0,0.0,0.0,0.0,0.0
2000-02-23,,0.0,0.0,0.0,0.0,0.0
2000-02-24,,0.0,0.0,0.0,0.0,0.0
2000-02-25,,0.0,0.0,0.0,-0.0,-0.0
2000-02-28,,0.0,0.0,0.0,-0.0,-0.0
2000-02-29,,0.0,0.0,0.0,0.0,0.0
2000-03-01,,0.0,0.0,0.0,0.0,0.0
2000-03-02,,0.0,0.0,0.0,-0.0,-0.0
2000-03-03,,0.0,0.0,0.0,0.0,0.0
2000-03-06,,0.0,0.0,0.0,-0.0,-0.0
2000-03-07,,0.0,0.0,0.0,-0.0,-0.0
2000-03-08,,0.0,0.0,0.0,-0.0,-0.0
2000-03-09,,0.0,0.0,0.0,0.0,0.0
2000-03-10,,0.0,0.0,0.0,0.0,0.0
2000-03-13,,0.0,0.0,0.0,0.0,0.0
2000-03-14,,0.0,0.0,0.0,-0.0,-0.0
2000-03-15,,0.0,0.0,0.0,0.0,0.0
2000-03-16,,0.0,0.0,0.0,0.0,0.0
2000-03-17,,0.0,0.0,0.0,0.0,0.0
2000-03-20,,0.0,0.0,0.0,0.0,0.0
2000-03-21,,0.0,0.0,0.0,0.0,0.0
2000-03-22,,0.0,0.0,0.0,0.0,0.0
2000-03-23,,0.0,0.0,0.0,-0.0,-0.0
2000-03-24,,0.0,0.0,0.0,-0.0,-0.0
2000-03-27,,0.0,0.0,0.0,0.0,0.0
2000-03-28,,0.0,0.0,0.0,-0.0,-0.0
2000-03-29,,0.0,0.0,0.0,-0.0,-0.0
2000-03-30,,0.0,0.0,0.0,-0.0,-0.0
2000-03-31,,0.0,0.0,0.0,0.0,0.0
2000-04-03,,0.0,0.0,0.0,-0.0,-0.0
2000-04-04,,0.0,0.0,0.0,0.0,0.0
2000-04-05,,0.0,0.0,0.0,-0.0,-0.0
2000-04-06,,0.0,0.0,0.0,-0.0,-0.0
2000-04-07,,0.0,0.0,0.0,0.0,0.0
2000-04-10,,0.0,0.0,0.0,-0.0,-0.0
2000-04-11,,0.0,0.0,0.0,-0.0,-0.0
2000-04-12,,0.0,0.0,0.0,-0.0,-0.0
2000-04-13,,0.0,0.0,0.0,-0.0,-0.0
2000-04-14,,0.0,0.0,0.0,-0.0,-0.0
2000-04-17,,0.0,0.0,0.0,0.0,0.0
2000-04-18,,0.0,0.0,0.0,0.0,0.0
2000-04-19,,0.0,0.0,0.0,-0.0,-0.0
2000-04-20,,0.0,0.0,0.0,-0.0,-0.0
2000-04-24,,0.0,0.0,0.0,0.0,0.0
2000-04-25,,0.0,0.0,0.0,0.0,0.0
2000-04-26,,0.0,0.0,0.0,-0.0,-0.0
2000-04-27,,0.0,0.0,0.0,0.0,0.0
2000-04-28,,0.0,0.0,0.0,0.0,0.0
2000-05-01,,0.0,0.0,0.0,0.0,0.0
2000-05-02,,0.0,0.0,0.0,-0.0,-0.0
2000-05-03,,0.0,0.0,0.0,-0.0,-0.0
2000-05-04,,0.0,0.0,0.0,0.0,0.0
2000-05-05,-0.004485812463266199,-0.004485812463266199,0.0,0.0,0.0,0.0
2000-05-08,-0.046055758019251755,-0.046055758019251755,0.0,0.0,-0.0,-0.0
2000-05-09,-0.05868555226572332,-0.05868555226572332,-0.004485812463266199,0.004485812463266199,2.6219323001183005e-05,2.3976416769549904e-05
2000-05-10,-0.33452177066269456,-0.33452177066269456,-0.046055758019251755,0.04156994555598555,0.004283069626416191,0.004262284653638198
2000-05-11,-0.30099271796377913,-0.30099271796377913,-0.05868555226572332,0.012629794246471565,-0.00525641484546179,-0.005262729742585025
2000-05-12,-0.2861685537277706,-0.2861685537277706,-0.33452177066269456,0.27583621839697126,0.0016284798092995392,0.0014905617001010536
2000-05-15,-0.24033545954323898,-0.24033545954323898,-0.30099271796377913,0.03352905269891543,-0.008179216391929022,-0.00819598091827848
2000-05-16,-0.17627196521723199,-0.17627196521723199,-0.2861685537277706,0.014824164236008519,-0.009084709797257905,-0.009092121879375909
2000-05-17,-0.12124876305916606,-0.12124876305916606,-0.24033545954323898,0.04583309418453163,-0.0025882236684136614,-0.0026111402155059274
2000-05-18,-0.07770446767066538,-0.07770446767066538,-0.17627196521723199,0.064063494326007,-0.0010733230131328,-0.0011053547602958033
2000-05-19,-0.11083920133862277,-0.11083920133862277,-0.12124876305916606,0.05502320215806593,0.0059310266338187725,0.0059035150327397395
2000-05-22,-0.12429693131889108,-0.12429693131889108,-0.07770446767066538,0.04354429538850067,-0.00032961568038450726,-0.00035138782807875757
2000-05-23,-0.2853626174853762,-0.2853626174853762,-0.11083920133862277,0.03313473366795738,0.007958945892326624,0.007942378525492646
2000-05-24,-0.2470067041163276,-0.2470067041163276,-0.12429693131889108,0.013457729980268313,-0.008484564484844099,-0.008491293349834233
2000-05-25,-0.23000556577197345,-0.23000556577197345,-0.2853626174853762,0.16106568616648514,0.005318594279463458,0.005238061436380215
2000-05-26,-0.19552206739516426,-0.19552206739516426,-0.2470067041163276,0.038355913369048616,-0.005093127381400716,-0.0051123053380852405
2000-05-30,-0.11476288668516588,-0.11476288668516588,-0.23000556577197345,0.017001138344354155,-0.016018337332448486,-0.016026837901620662
2000-05-31,-0.06884772908572426,-0.06884772908572426,-0.19552206739516426,0.034483498376809196,0.0016519471744769988,0.0016347054252885942
2000-06-01,0.001925140767881861,0.001925140767881861,-0.11476288668516588,0.08075918070999838,-0.004602040521717569,-0.004642420112072569
2000-06-02,0.09952507564791675,0.09952507564791675,-0.06884772908572426,0.04591515759944162,-0.002388921855396186,-0.002411879434195907
2000-06-05,0.13575888938812497,0.13575888938812497,0.001925140767881861,0.07077286985360612,-2.331354785502576e-05,-5.869998278182882e-05
2000-06-06,0.1343593146606809,0.1343593146606809,0.09952507564791675,0.09759993488003489,-0.0022523556582889222,-0.0023011556257289396
2000-06-07,0.11091696831479064,0.11091696831479064,0.13575888938812497,0.03623381374020822,-0.0006548482778292508,-0.0006729651846993549
2000-06-08,0.08089515194777588,0.08089515194777588,0.1343593146606809,0.001399574727444064,-0.002865670820293813,-0.0028663706076575354
2000-06-09,0.06198928265759316,0.06198928265759316,0.11091696831479064,0.023442346345890264,0.0007691305094365354,0.0007574093362635902
2000-06-12,0.04501184971540926,0.04501184971540926,0.08089515194777588,0.03002181636701476,-0.001273309890961714,-0.0012883207991452213
2000-06-13,0.04638473580820312,0.04638473580820312,0.06198928265759316,0.018905869290182724,0.0031908542398806717,0.0031814013052355802
2000-06-14,0.037814773826894243,0.037814773826894243,0.04501184971540926,0.0169774329421839,-0.001732882266730402,-0.0017413709832014939
2000-06-15,0.03362611817127842,0.03362611817127842,0.04638473580820312,0.0013728860927938596,0.0006649368956844681,0.0006642504526380711
2000-06-16,0.02574483948811139,0.02574483948811139,0.037814773826894243,0.008569961981308875,-0.0006449902847062452,-0.0006492752656968996
2000-06-19,0.13098243261677814,0.13098243261677814,0.03362611817127842,0.004188655655615825,0.002784125533953738,0.00278203120612593
2000-06-20,0.23772399817491094,0.23772399817491094,0.02574483948811139,0.007881278683167028,0.00034184734000329244,0.00033790670066170895
2000-06-21,0.491815998783274,0.491815998783274,0.13098243261677814,0.10523759312866675,0.0006510503650976315,0.0005984315685332981
2000-06-22,0.45721256220297424,0.45721256220297424,0.23772399817491094,0.1067415655581328,-0.008444373865692295,-0.008497744648471361
2000-06-23,0.44257571100804616,0.44257571100804616,0.491815998783274,0.254092000608363,0.0011464481154366624,0.0010194021151324808
2000-06-26,0.4262709889970051,0.4262709889970051,0.45721256220297424,0.03460343658029974,-0.000637819850870846,-0.0006551215691609958
2000-06-27,0.35221878703634424,0.35221878703634424,0.44257571100804616,0.01463685119492808,-0.00927625715280447,-0.009283575578401934
2000-06-28,0.3039992303530692,0.3039992303530692,0.4262709889970051,0.01630472201104105,0.0032446600655462723,0.0032365077045407517
2000-06-29,0.26268168358459254,0.26268168358459254,0.35221878703634424,0.07405220196066087,-0.0016629412899526648,-0.001699967390932995
2000-06-30,0.26439252434974514,0.26439252434974514,0.3039992303530692,0.048219556683275044,0.004470663002873329,0.004446553224531692
2000-07-03,0.26055085364692876,0.26055085364692876,0.26268168358459254,0.041317546768476654,0.0062628770253548224,0.006242218251970584
2000-07-05,0.18757853147699077,0.18757853147699077,0.26439252434974514,0.0017108407651525992,-0.010140836411315399,-0.010141691831697976
2000-07-06,0.26937911816878113,0.26937911816878113,0.26055085364692876,0.00384167070281638,0.009897402666283117,0.009895481830931708
2000-07-07,0.5129194121125208,0.5129194121125208,0.18757853147699077,0.07297232216993799,0.003689760402263809,0.00365327424117884
2000-07-10,0.5269060123040896,0.5269060123040896,0.26937911816878113,0.08180058669179036,-0.0029005130509049907,-0.002941413344250886
2000-07-11,0.6243297561747814,0.6243297561747814,0.5129194121125208,0.24354029394373966,0.0037220816802511843,0.0036003115332793145
2000-07-12,0.7495531707831876,0.7495531707831876,0.5269060123040896,0.013986600191568832,0.009014847968447204,0.00900785466835142
2000-07-13,0.8330354471887917,0.8330354471887917,0.6243297561747814,0.09742374387069175,0.008844200198218239,0.008795488326282892
2000-07-14,0.8886902981258613,0.8886902981258613,0.7495531707831876,0.12522341460840625,0.01832155264074712,0.018258940933442918
2000-07-17,0.894791539549769,0.894791539549769,0.8330354471887917,0.08348227640560413,-0.0021294938940759093,-0.0021712350322787115
2000-07-18,0.7419736573203732,0.7419736573203732,0.8886902981258613,0.05565485093706957,-0.020119894192978733,-0.02014772161844727
2000-07-19,0.54068333181153,0.54068333181153,0.894791539549769,0.006101241423907666,-0.030504496601071338,-0.030507547221783293
2000-07-20,0.48598288629684183,0.48598288629684183,0.7419736573203732,0.15281788222939574,0.024508377496060836,0.02443196855494614
2000-07-21,0.3832318679116101,0.3832318679116101,0.54068333181153,0.20129032550884318,-0.017051401774041013,-0.017152046936795434
2000-07-24,0.3123195115480869,0.3123195115480869,0.48598288629684183,0.05470044551468822,-0.0006594864556386077,-0.0006868366783959518
2000-07-25,0.3132833811064727,0.3132833811064727,0.3832318679116101,0.10275101838523171,0.007983930460368579,0.007932554951175962
2000-07-26,0.28093408128448083,0.28093408128448083,0.3123195115480869,0.07091235636352322,-0.004156837393025916,-0.004192293571207677
2000-07-27,0.23712495980471648,0.23712495980471648,0.3132833811064727,0.0009638695583857881,-0.004507604246301663,-0.004508086181080856
2000-07-28,0.17285794083658987,0.17285794083658987,0.28093408128448083,0.03234929982199186,-0.016148659639356716,-0.016164834289267713
2000-07-31,0.16326627349475087,0.16326627349475087,0.23712495980471648,0.043809121479764346,0.008034335977,0.008012431416260117
2000-08-01,0.13113684972252537,0.13113684972252537,0.17285794083658987,0.06426701896812662,-0.0055030348447836774,-0.005535168354267741
2000-08-02,0.09603422864491239,0.09603422864491239,0.16326627349475087,0.009591667341839,-0.0033158299232518805,-0.0033206257569228
2000-08-03,0.08859691213259245,0.08859691213259245,0.13113684972252537,0.032129423772225496,0.003667348882253578,0.0036512841703674652
2000-08-04,0.04859250281951273,0.04859250281951273,0.09603422864491239,0.035102621077612986,-0.0036901137967136535,-0.00370766510725246
2000-08-07,0.02539980348434629,0.02539980348434629,0.08859691213259245,0.007437316512319936,0.0005310608256724609,0.000527342167416301
2000-08-08,-0.005872875373659346,-0.005872875373659346,0.04859250281951273,0.04000440931307972,-0.0010133429474700872,-0.001033345152126627
2000-08-09,-0.0023863992022704937,-0.0023863992022704937,0.02539980348434629,0.02319269933516644,0.0007985635798506164,0.0007869672301830332
2000-08-10,-0.023998722397598933,-0.023998722397598933,-0.005872875373659346,0.03127267885800564,0.0001443671779909006,0.00012873083856189779
2000-08-11,-0.01172204727433832,-0.01172204727433832,-0.0023863992022704937,0.0034864761713888524,-6.97633362082762e-05,-7.150657429397063e-05
2000-08-14,0.04435414489780679,0.04435414489780679,-0.023998722397598933,0.02161232319532844,-0.0011752697695225692,-0.0011860759311202334
2000-08-15,0.09598829097665355,0.09598829097665355,-0.01172204727433832,0.012276675123260613,-0.00016416926639947594,-0.00017030760396110625
2000-08-16,0.12902541885115637,0.12902541885115637,0.04435414489780679,0.056076192172145115,0.00012252328793766224,9.448519185158968e-05
2000-08-17,0.19441118596192833,0.19441118596192833,0.09598829097665355,0.05163414607884676,0.0028205472501937447,0.002794730177154321
2000-08-18,0.23332598262759427,0.23332598262759427,0.12902541885115637,0.03303712787450282,0.0009208848338990711,0.0009043662699618197
2000-08-21,0.34014550737682164,0.34014550737682164,0.19441118596192833,0.06538576711077196,0.004132769270138591,0.004100076386583205
2000-08-22,0.36912083297711545,0.36912083297711545,0.23332598262759427,0.03891479666566594,0.00020238264132365846,0.0001829252429908255
2000-08-23,0.5794138886514103,0.5794138886514103,0.34014550737682164,0.10681952474922737,0.011789817106001028,0.011736407343626415
2000-08-24,0.6300608320652664,0.6300608320652664,0.36912083297711545,0.02897532560029381,-0.0018546836019405855,-0.0018691712647407324
2000-08-25,0.538749108855359,0.538749108855359,0.5794138886514103,0.21029305567429485,-0.010242103746333667,-0.010347250274170815
2000-08-28,0.5294817054676024,0.5294817054676024,0.6300608320652664,0.050646943413856116,0.008098162540452323,0.008072839068745395
2000-08-29,0.5549539543975053,0.5549539543975053,0.538749108855359,0.09131172320990744,0.0013676065684646906,0.0013219507068597369
2000-08-30,0.505875413767283,0.505875413767283,0.5294817054676024,0.009267403387756556,-0.00402155466575338,-0.0040261883674472575
2000-08-31,0.6705836091781887,0.6705836091781887,0.5549539543975053,0.025472248929902852,0.010382032037488114,0.010369295913023163
2000-09-01,0.606100887327518,0.606100887327518,0.505875413767283,0.04907854063022232,-0.006334077361733601,-0.006358616632048712
2000-09-05,0.427704734772154,0.427704734772154,0.6705836091781887,0.16470819541090576,-0.042513614711832876,-0.04259596880953833
2000-09-06,0.23157308640711116,0.23157308640711116,0.606100887327518,0.06448272185067072,-0.031043706386448766,-0.031075947747374103
2000-09-07,0.14414920343048152,0.14414920343048152,0.427704734772154,0.178396152555364,0.011290428984575772,0.011201230908298089
2000-09-08,0.03169700670324925,0.03169700670324925,0.23157308640711116,0.19613164836504282,-0.007082514808099484,-0.007180580632282005
2000-09-11,-0.06795418959091731,-0.06795418959091731,0.14414920343048152,0.08742388297662965,-0.0015159145675034335,-0.0015596265089917484
2000-09-12,-0.12263065881012652,-0.12263065881012652,0.03169700670324925,0.11245219672723226,0.0001225051149108771,6.627901654726099e-05
2000-09-13,-0.4150871058734177,-0.4150871058734177,-0.06795418959091731,0.09965119629416656,0.003858825494495846,0.0038089998963487626
2000-09-14,-0.6100580705822785,-0.6100580705822785,-0.12263065881012652,0.05467646921920921,0.0032534147810839723,0.0032260765464743675
2000-09-15,-0.740038713721519,-0.740038713721519,-0.4150871058734177,0.29245644706329116,0.014684620904042555,0.014538392680510909
2000-09-18,-0.826692475814346,-0.826692475814346,-0.6100580705822785,0.19497096470886077,0.018065035370181594,0.017967549887827162
2000-09-19,-0.6565611873861086,-0.6565611873861086,-0.740038713721519,0.12998064313924051,-0.060495986212975396,-0.060560976534545015
2000-09-20,-0.47279585364078175,-0.47279585364078175,-0.826692475814346,0.08665376209282705,-0.03679908242542886,-0.036842409306475275
2000-09-21,-0.3876607713065757,-0.3876607713065757,-0.6565611873861086,0.17013128842823744,0.016430606146902327,0.01634554050268821
2000-09-22,-0.5917738475377172,-0.5917738475377172,-0.47279585364078175,0.18376533374532683,0.10417122568954061,0.10407934302266794
2000-09-25,-0.7278492316918115,-0.7278492316918115,-0.3876607713065757,0.08513508233420602,0.020722246243115323,0.020679678701948218
2000-09-26,-0.8185661544612077,-0.8185661544612077,-0.5917738475377172,0.2041130762311415,0.026898851026374706,0.026796794488259137
2000-09-27,-0.8558927375749682,-0.8558927375749682,-0.7278492316918115,0.13607538415409426,-0.009452376566607702,-0.009520414258684749
2000-09-28,-0.8595670568351598,-0.8595670568351598,-0.8185661544612077,0.09071692276939625,-0.010494644902304128,-0.010540003363688826
2000-09-29,-0.9063780378901065,-0.9063780378901065,-0.8558927375749682,0.03732658311376047,0.055374150704105535,0.05535548741254866
2000-10-02,-0.9375853585934044,-0.9375853585934044,-0.8595670568351598,0.003674319260191572,0.02972924670625843,0.029727409546628336
2000-10-03,-0.9505359695710793,-0.9505359695710793,-0.9063780378901065,0.04681098105494674,-0.0042350381580618076,-0.004258443648589281
2000-10-04,-0.8956839786267836,-0.8956839786267836,-0.9375853585934044,0.031207320703297903,-0.039247749761406964,-0.039263353421758615
2000-10-05,-0.895109997341733,-0.895109997341733,-0.9505359695710793,0.012950610977674915,0.022632126957274807,0.02262565165178597
2000-10-06,-0.9300733315611553,-0.9300733315611553,-0.8956839786267836,0.054851990944295714,0.023210882778770574,0.023183456783298428
2000-10-09,-0.9533822210407703,-0.9533822210407703,-0.895109997341733,0.0005739812850505954,0.019611305202409255,0.01961101821176673
2000-10-10,-0.9689214806938469,-0.9689214806938469,-0.9300733315611553,0.034963334219422326,0.035714798423088855,0.03569731675597914
2000-10-11,-0.9792809871292314,-0.9792809871292314,-0.9533822210407703,0.023308889479614958,0.05552155143248258,0.05550989698774277
2000-10-12,-0.8608333942133707,-0.8608333942133707,-0.9689214806938469,0.015539259653076565,-0.04793266206753183,-0.047940431697358364
2000-10-13,-0.6927174151754716,-0.6927174151754716,-0.9792809871292314,0.010359506435384525,-0.08572841959413324,-0.08573359934735093
2000-10-16,-0.7772756247443754,-0.7772756247443754,-0.8608333942133707,0.11844759291586071,0.09994204655304531,0.09988282275658739
2000-10-17,-0.8075986295324853,-0.8075986295324853,-0.6927174151754716,0.1681159790378991,-0.009705231000921742,-0.009789288990440691
2000-10-18,-0.7470323018012033,-0.7470323018012033,-0.7772756247443754,0.08455820956890381,-0.042958341995455035,-0.043000621100239486
2000-10-19,-0.6213514317731622,-0.6213514317731622,-0.8075986295324853,0.030323004788109897,-0.07930612903135582,-0.07932129053374988
2000-10-20,-0.5165466861457864,-0.5165466861457864,-0.7470323018012033,0.06056632773128201,-0.020039943367542966,-0.020070226531408608
2000-10-23,-0.44226118494556144,-0.44226118494556144,-0.6213514317731622,0.12568087002804107,-0.003606962476418572,-0.003669802911432593
2000-10-24,-0.41516438440312864,-0.41516438440312864,-0.5165466861457864,0.10480474562737585,0.015653034148771325,0.015600631775957637
2000-10-25,-0.40467466189326,-0.40467466189326,-0.44226118494556144,0.07428550120022492,0.00723945421867146,0.007202311468071347
2000-10-26,-0.3431240864234392,-0.3431240864234392,-0.41516438440312864,0.027096800542432797,-0.03391680540658616,-0.033930353806857376
2000-10-27,-0.27707525206710104,-0.27707525206710104,-0.40467466189326,0.010489722509868626,-0.015281230321709223,-0.015286475182964158
2000-10-30,-0.21867506592731156,-0.21867506592731156,-0.3431240864234392,0.06155057546982079,0.010173476717672348,0.010142701429937437
2000-10-31,-0.1808512005168009,-0.1808512005168009,-0.27707525206710104,0.06604883435633818,-0.0,-3.302441717816909e-05
2000-11-01,-0.15479027483464064,-0.15479027483464064,-0.21867506592731156,0.05840018613978948,0.0006074210026343344,0.0005782209095644397
2000-11-02,-0.11378055364511183,-0.11378055364511183,-0.1808512005168009,0.037823865410510665,-0.007304552185642371,-0.007323464118347626
2000-11-03,-0.08955150650846785,-0.08955150650846785,-0.15479027483464064,0.026060925682160258,0.0024213063784812765,0.0024082759156401966
2000-11-06,-0.0714435003861145,-0.0714435003861145,-0.11378055364511183,0.04100972118952881,-0.0015480942957076804,-0.001568599156302445
2000-11-07,-0.05814170284138493,-0.05814170284138493,-0.08955150650846785,0.024229047136643977,0.00072121531290243,0.000709100789334108
2000-11-08,-0.09342067318573916,-0.09342067318573916,-0.0714435003861145,0.01810800612235336,0.005413859251171778,0.005404805248110601
2000-11-09,-0.10603800983027925,-0.10603800983027925,-0.05814170284138493,0.013301797544729564,0.0017876744197197845,0.0017810235209474196
2000-11-10,-0.28015148867220985,-0.28015148867220985,-0.09342067318573916,0.035278970344354225,0.009878370430220227,0.00986073094504805
2000-11-13,-0.3506096860365525,-0.3506096860365525,-0.10603800983027925,0.012617336644540095,-0.0034032924558782115,-0.0034096011242004814
2000-11-14,-0.34127648888874923,-0.34127648888874923,-0.28015148867220985,0.1741134788419306,-0.02017456224383195,-0.020261618983252915
2000-11-15,-0.32529020948934145,-0.32529020948934145,-0.3506096860365525,0.07045819736434267,-0.004817521710588613,-0.004852750809270784
2000-11-16,-0.3412443186281213,-0.3412443186281213,-0.34127648888874923,0.009333197147803285,0.012335328003293154,0.012330661404719253
2000-11-17,-0.3260239935864155,-0.3260239935864155,-0.32529020948934145,0.015986279399407777,-0.012198416943351805,-0.01220641008305151
2000-11-20,-0.3214714086805116,-0.3214714086805116,-0.3412443186281213,0.01595410913877987,0.0030835688783855657,0.0030755918238161758
2000-11-21,-0.29692279144155975,-0.29692279144155975,-0.3260239935864155,0.01522032504170584,-0.01189164544709204,-0.011899255609612892
2000-11-22,-0.29373186370629367,-0.29373186370629367,-0.3214714086805116,0.004552584905903878,0.010841443738588743,0.010839167446135792
2000-11-24,-0.2560125838910613,-0.2560125838910613,-0.29692279144155975,0.024548617238951853,-0.019824799758177726,-0.019837074066797203
2000-11-27,-0.19160883705497947,-0.19160883705497947,-0.29373186370629367,0.0031909277352660803,-0.0,-1.5954638676330402e-06
2000-11-28,-0.16756856518711274,-0.16756856518711274,-0.2560125838910613,0.037719279815232376,0.011107179283744727,0.011088319643837111
2000-11-29,-0.13042395263599693,-0.13042395263599693,-0.19160883705497947,0.06440374683608183,-0.0032765316300843645,-0.0033087335035024055
2000-11-30,-0.24475862137694238,-0.24475862137694238,-0.16756856518711274,0.024040271867866725,0.01837372946443703,0.018361709328503097
2000-12-01,-0.4965057475846283,-0.4965057475846283,-0.13042395263599693,0.03714461255111581,0.013492121540937735,0.013473549234662176
2000-12-04,-0.6643371650564189,-0.6643371650564189,-0.24475862137694238,0.11433466874094544,0.008517350515276065,0.008460183180905592
2000-12-05,-0.615644169036238,-0.615644169036238,-0.4965057475846283,0.2517471262076859,-0.046164788910235253,-0.04629066247333909
2000-12-06,-0.743762779357492,-0.743762779357492,-0.6643371650564189,0.16783141747179064,0.07842836864929524,0.07834445294055935
2000-12-07,-0.7917655240377652,-0.7917655240377652,-0.615644169036238,0.048692996020180956,-0.01090697511427359,-0.010931321612283681
2000-12-08,-0.7347066607398687,-0.7347066607398687,-0.743762779357492,0.12811861032125405,-0.03884209332699097,-0.038906152632151594
2000-12-11,-0.6030605255606014,-0.6030605255606014,-0.7917655240377652,0.04800274468027321,-0.080050184939829,-0.08007418631216914
2000-12-12,-0.5371816002922958,-0.5371816002922958,-0.7347066607398687,0.057058863297896556,0.018398507612695042,0.018369978181046093
2000-12-13,-0.5220210390275235,-0.5220210390275235,-0.6030605255606014,0.13164613517926727,0.016522066530968646,0.01645624346337901
2000-12-14,-0.5095025064659917,-0.5095025064659917,-0.5371816002922958,0.06587892526830563,0.005674264671406674,0.005641325208772522
2000-12-15,-0.5951821069436969,-0.5951821069436969,-0.5220210390275235,0.015160561264772277,0.0399411302377879,0.03993354995715551
2000-12-18,-0.5933784640090746,-0.5933784640090746,-0.5095025064659917,0.012518532561531792,-0.012762115320179767,-0.012768374586460534
2000-12-19,-0.5688352051820467,-0.5688352051820467,-0.5951821069436969,0.08567960047770518,-0.0033558771228737695,-0.003398716923112622
2000-12-20,-0.6806557797409497,-0.6806557797409497,-0.5933784640090746,0.0018036429346223182,0.026618744096678425,0.026617842275211114
2000-12-21,-0.6215755684886062,-0.6215755684886062,-0.5688352051820467,0.024543258827027903,-0.021150464722276198,-0.021162736351689714
2000-12-22,-0.589539067162431,-0.589539067162431,-0.6806557797409497,0.11182057455890304,0.00385298528779464,0.003797075000515188
2000-12-26,-0.5124226937381485,-0.5124226937381485,-0.6215755684886062,0.05908021125234353,0.0011793160669375607,0.0011497759613113888
2000-12-27,-0.4968933619943715,-0.4968933619943715,-0.589539067162431,0.03203650132617519,0.005603958491331818,0.00558794024066873
2000-12-28,-0.6645955746629144,-0.6645955746629144,-0.5124226937381485,0.07711637342428246,0.02557204302594575,0.025533484839233612
2000-12-29,-0.7763970497752763,-0.7763970497752763,-0.4968933619943715,0.01552933174377702,0.014053499473279251,0.014045734807407362
2001-01-02,-0.6402214415451639,-0.6402214415451639,-0.6645955746629144,0.1677022126685429,-0.022107312860649313,-0.022191163966983583
2001-01-03,-0.4636497128869488,-0.4636497128869488,-0.7763970497752763,0.11180147511236194,-0.07928005569117795,-0.07933595642873413
2001-01-04,-0.3554855954481393,-0.3554855954481393,-0.6402214415451639,0.13617560823011243,0.008181930191245513,0.008113842387130457
2001-01-05,-0.3481421574672994,-0.3481421574672994,-0.4636497128869488,0.17657172865821513,0.02379324182961627,0.023704955965287162
2001-01-08,-0.3450675665606731,-0.3450675665606731,-0.3554855954481393,0.10816411743880949,0.0013860358732783983,0.0013319538145589935
2001-01-09,-0.3279033543315407,-0.3279033543315407,-0.3481421574672994,0.0073434379808399175,-0.003406427174165076,-0.003410098893155496
2001-01-10,-0.2911534802372492,-0.2911534802372492,-0.3450675665606731,0.0030745909066262622,-0.008024993177148228,-0.008026530472601542
2001-01-11,-0.26066155874268887,-0.26066155874268887,-0.3279033543315407,0.017164212229132392,-0.003726183189694363,-0.0037347652958089296
2001-01-12,-0.28479415645585715,-0.28479415645585715,-0.2911534802372492,0.036749874094291535,0.010904747438400229,0.010886372501353082
2001-01-16,-0.35155276548749737,-0.35155276548749737,-0.26066155874268887,0.030491921494560315,0.006085500589232209,0.006070254628484929
2001-01-17,-0.49601023888102913,-0.49601023888102913,-0.28479415645585715,0.02413259771316828,0.007942407699512806,0.007930341400656222
2001-01-18,-0.3939389109417634,-0.3939389109417634,-0.35155276548749737,0.06675860903164021,-0.019450754566070448,-0.019484133870586267
2001-01-19,-0.2983587271864384,-0.2983587271864384,-0.49601023888102913,0.14445747339353177,-0.02118871636527913,-0.021260945101975896
2001-01-22,-0.2224217770571996,-0.2224217770571996,-0.3939389109417634,0.10207132793926571,0.002200702817080934,0.002149667153111301
2001-01-23,-0.15973873437376465,-0.15973873437376465,-0.2983587271864384,0.09558018375532501,-0.017879136040516292,-0.017926926132393956
2001-01-24,-0.1131751191306475,-0.1131751191306475,-0.2224217770571996,0.07593695012923882,-0.005501534803008305,-0.005539503278072924
2001-01-25,-0.10699662204510871,-0.10699662204510871,-0.15973873437376465,0.06268304268343494,0.007711467223945808,0.00768012570260409
2001-01-26,-0.08686586551147793,-0.08686586551147793,-0.1131751191306475,0.046563615243117154,-0.004510631429992787,-0.004533913237614345
2001-01-29,-0.06075948079416108,-0.06075948079416108,-0.10699662204510871,0.006178497085538789,-0.00354170409257161,-0.003544793341114379
2001-01-30,-0.043270221246437354,-0.043270221246437354,-0.08686586551147793,0.020130756533630778,0.0001465695731099199,0.00013650419484310453
2001-01-31,-0.03068021468256702,-0.03068021468256702,-0.06075948079416108,0.026106384717316848,-0.0,-1.3053192358658424e-05
2001-02-01,-0.01920851717041036,-0.01920851717041036,-0.043270221246437354,0.017489259547723728,-0.0009502314484488467,-0.0009589760782227085
2001-02-02,-0.024531111590817285,-0.024531111590817285,-0.03068021468256702,0.012590006563870333,0.001724185507471698,0.0017178905041897628
2001-02-05,-0.0328184214265406,-0.0328184214265406,-0.01920851717041036,0.01147169751215666,0.0005277852863997947,0.0005220494376437164
2001-02-06,-0.027595867339462746,-0.027595867339462746,-0.024531111590817285,0.0053225944204069245,-0.000530412521125263,-0.0005330738183354665
2001-02-07,-0.027043249291940064,-0.027043249291940064,-0.0328184214265406,0.008287309835723317,0.0004630406642305332,0.00045889700931267156
2001-02-08,-0.02585528893798859,-0.02585528893798859,-0.027595867339462746,0.005222554087077856,0.00024682266597390076,0.0002442113889303618
2001-02-09,-0.030963713989528845,-0.030963713989528845,-0.027043249291940064,0.0005526180475226815,0.0008786630507486508,0.0008783867417248895
2001-02-12,-0.02701070615711789,-0.02701070615711789,-0.02585528893798859,0.001187960353951474,-0.0008200173488541763,-0.000820611329031152
2001-02-13,-0.07083682680434972,-0.07083682680434972,-0.030963713989528845,0.0051084250515402545,0.0019037249573249264,0.0019011707447991564
2001-02-14,-0.07560856259291797,-0.07560856259291797,-0.02701070615711789,0.003953007832410954,-0.0014051814548766502,-0.0014071579587928557
2001-02-15,-0.05716685906804539,-0.05716685906804539,-0.07083682680434972,0.04382612064723183,-0.0035029065898914613,-0.0035248196502150773
2001-02-16,-0.06339238631341089,-0.06339238631341089,-0.07560856259291797,0.0047717357885682515,0.003034892313563596,0.003032506445669312
2001-02-20,-0.20535287789424023,-0.20535287789424023,-0.05716685906804539,0.01844170352487258,0.004885164561922655,0.004875943710160219
2001-02-21,-0.36416202584907753,-0.36416202584907753,-0.06339238631341089,0.0062255272453655,0.0013863476355239076,0.001383234871901225
2001-02-22,-0.5761080172327184,-0.5761080172327184,-0.20535287789424023,0.14196049158082935,0.005008478494499963,0.004937498248709548
2001-02-23,-0.7174053448218123,-0.7174053448218123,-0.36416202584907753,0.1588091479548373,0.000758722163649928,0.0006793175896725094
2001-02-26,-0.8116035632145415,-0.8116035632145415,-0.5761080172327184,0.2119459913836409,0.008419040347570536,0.008313067351878716
2001-02-27,-0.874402375476361,-0.874402375476361,-0.7174053448218123,0.14129732758909386,0.012159745542775404,0.012089096878980857
2001-02-28,-0.9162682503175741,-0.9162682503175741,-0.8116035632145415,0.09419821839272924,0.01224391476470174,0.012196815655505375
2001-03-01,-0.807897920584963,-0.807897920584963,-0.874402375476361,0.06279881226181949,-0.0172201167824686,-0.01725151618859951
2001-03-02,-0.6716621286699389,-0.6716621286699389,-0.9162682503175741,0.04186587484121307,-0.005898807487802512,-0.005919740425223119
2001-03-05,-0.5110849438631677,-0.5110849438631677,-0.807897920584963,0.10837032973261107,-0.029284287787031408,-0.029338472951897714
2001-03-06,-0.3485418280840809,-0.3485418280840809,-0.6716621286699389,0.1362357919150241,-0.02487635592273483,-0.02494447381869234
2001-03-07,-0.23179163704925249,-0.23179163704925249,-0.5110849438631677,0.1605771848067712,-0.02332316149684833,-0.023403450089251713
2001-03-08,-0.1527986170098068,-0.1527986170098068,-0.3485418280840809,0.1625431157790868,-0.0033071444955933694,-0.003388416053482913
2001-03-09,-0.3025612000501262,-0.3025612000501262,-0.23179163704925249,0.11675019103482842,0.02657764708086298,0.026519271985345566
2001-03-12,-0.5350408000334175,-0.5350408000334175,-0.1527986170098068,0.0789930200394457,0.008759207469018922,0.0087197109589992
2001-03-13,-0.5069539098501413,-0.5069539098501413,-0.3025612000501262,0.14976258304031942,-0.017717396154765013,-0.017792277446285174
2001-03-14,-0.5133170942998038,-0.5133170942998038,-0.5350408000334175,0.23247959998329126,0.005691762353522696,0.00557552255353105
2001-03-15,-0.5753940808535577,-0.5753940808535577,-0.5069539098501413,0.028086890183276148,0.009812034542786867,0.009797991097695228
2001-03-16,-0.6976317432270445,-0.6976317432270445,-0.5133170942998038,0.00636318444966244,0.011256753141517363,0.011253571549292532
2001-03-19,-0.798421162151363,-0.798421162151363,-0.5753940808535577,0.06207698655375393,0.016771844847105477,0.0167408063538286
2001-03-20,-0.8656141081009088,-0.8656141081009088,-0.6976317432270445,0.12223766237348677,0.06283488867185416,0.06277376984066742
2001-03-21,-0.8075843085648222,-0.8075843085648222,-0.798421162151363,0.10078941892431859,-0.030396679801677085,-0.030447074511139243
2001-03-22,-0.6054264475264584,-0.6054264475264584,-0.8656141081009088,0.06719294594954572,-0.10582069127970264,-0.10585428775267741
2001-03-23,-0.45742675092370333,-0.45742675092370333,-0.8075843085648222,0.05802979953608656,-0.003519218658185469,-0.0035482335579535124
2001-03-26,-0.37347653436527406,-0.37347653436527406,-0.6054264475264584,0.20215786103836386,0.010506459997755927,0.010405381067236746
2001-03-27,-0.28074536809926354,-0.28074536809926354,-0.45742675092370333,0.14799969660275503,-0.017165823617748918,-0.017239823466050297
2001-03-28,-0.3227783026899165,-0.3227783026899165,-0.37347653436527406,0.08395021655842927,0.030990440768874947,0.030948465660595732
2001-03-29,-0.3730354877110439,-0.3730354877110439,-0.28074536809926354,0.09273116626601052,0.0039082560539552245,0.003861890470822219
2001-03-30,-0.4265996621151139,-0.4265996621151139,-0.3227783026899165,0.04203293459065294,0.0030380577968387003,0.0030170413295433737
2001-04-02,-0.49956884663159284,-0.49956884663159284,-0.3730354877110439,0.050257185021127415,0.0073099103218023775,0.007284781729291814
2001-04-03,-0.617009291919826,-0.617009291919826,-0.4265996621151139,0.05356417440407002,0.013177825526983015,0.01315104343978098
2001-04-04,-0.7446728612798841,-0.7446728612798841,-0.49956884663159284,0.07296918451647894,0.04745926997263215,0.04742278538037391
2001-04-05,-0.6086762816801583,-0.6086762816801583,-0.617009291919826,0.11744044528823316,-0.08181388895469706,-0.08187260917734117
2001-04-06,-0.6404283330593965,-0.6404283330593965,-0.7446728612798841,0.12766356936005807,0.05812122106562321,0.05805738928094318
2001-04-09,-0.6989978133081549,-0.6989978133081549,-0.6086762816801583,0.13599657959972578,0.010949268018319781,0.010881269728519919
2001-04-10,-0.6270070003628485,-0.6270070003628485,-0.6404283330593965,0.0317520513792382,-0.04333886872335854,-0.043354744749048164
2001-04-11,-0.46848912073822113,-0.46848912073822113,-0.6989978133081549,0.05856948024875841,-0.077603877504849,-0.07763316224497338
2001-04-12,-0.34437295869173934,-0.34437295869173934,-0.6270070003628485,0.0719908129453064,-0.013670296444504315,-0.013706291850976968
2001-04-16,-0.325751892800463,-0.325751892800463,-0.46848912073822113,0.15851787962462738,0.030321825218246768,0.030242566278434455
2001-04-17,-0.3241761958177833,-0.3241761958177833,-0.34437295869173934,0.12411616204648179,0.003404479954332059,0.003342421873308818
2001-04-18,-0.15280858691083077,-0.15280858691083077,-0.325751892800463,0.018621065891276323,-0.06555069841000608,-0.06556000894295172
2001-04-19,-0.0063798061999093825,-0.0063798061999093825,-0.3241761958177833,0.0015756969826797307,-0.012539973843122392,-0.012540761691613733
2001-04-20,0.08483171875335023,0.08483171875335023,-0.15280858691083077,0.17136760890695252,0.0002821195677454882,0.00019643576329201197
2001-04-23,0.08476121081694744,0.08476121081694744,-0.0063798061999093825,0.14642878071092139,0.00041509228649358844,0.00034187789613812777
2001-04-24,0.05378595750866115,0.05378595750866115,0.08483171875335023,0.09121152495325961,-0.003301505958979469,-0.0033471117214560987
2001-04-25,0.030217024263640882,0.030217024263640882,0.08476121081694744,7.050793640278608e-05,-0.00031998506505742376,-0.00032002031902562516
2001-04-26,0.005375318209964099,0.005375318209964099,0.05378595750866115,0.030975253308286294,-0.000722567936558127,-0.0007380555632122702
2001-04-27,0.026511871185658183,0.026511871185658183,0.030217024263640882,0.023568933245020268,0.0016247950280407584,0.0016130105614182483
2001-04-30,0.08399750098748451,0.08399750098748451,0.005375318209964099,0.024841706053676783,0.00013002035592673227,0.00011759950289989387
2001-05-01,0.1307486456067814,0.1307486456067814,0.026511871185658183,0.021136552975694084,0.00023158060207168724,0.0002210123255838402
2001-05-02,0.11475395808254509,0.11475395808254509,0.08399750098748451,0.05748562980182633,0.002047390569082513,0.0020186477541815997
2001-05-03,0.08800245590580055,0.08800245590580055,0.1307486456067814,0.046751144619296886,-0.006226079596868705,-0.006249455169178354
2001-05-04,0.07553335528518375,0.07553335528518375,0.11475395808254509,0.015994687524236315,0.0018118910931805296,0.0018038937494184114
2001-05-07,0.05795310422417659,0.05795310422417659,0.08800245590580055,0.026751502176744532,0.0007979048978799563,0.0007845291467915839
2001-05-08,0.04277632643177295,0.04277632643177295,0.07553335528518375,0.012469100620616805,0.0007757254420052028,0.0007694908916948944
2001-05-09,0.03268666221331123,0.03268666221331123,0.05795310422417659,0.017580251061007156,-0.0028534943126817852,-0.0028622844382122886
2001-05-10,0.02369777500420878,0.02369777500420878,0.04277632643177295,0.015176777792403645,-0.001314869200115107,-0.0013224575890113089
2001-05-11,0.014823770581567771,0.014823770581567771,0.03268666221331123,0.010089664218461719,-0.0012056005900780542,-0.0012106454221872851
2001-05-14,0.009229659352944524,0.009229659352944524,0.02369777500420878,0.008988887209102448,-0.0004495286495256219,-0.00045402309313017313
2001-05-15,0.005890280254933229,0.005890280254933229,0.014823770581567771,0.008874004422641009,-0.00011357045505539464,-0.00011800745726671514
2001-05-16,0.006879210816984539,0.006879210816984539,0.009229659352944524,0.005594111228623248,0.00039361959028764944,0.0003908225346733378
2001-05-17,0.006908753847363893,0.006908753847363893,0.005890280254933229,0.0033393790980112944,4.98444155024182e-05,4.817472595341255e-05
2001-05-18,0.00695633732849854,0.00695633732849854,0.006879210816984539,0.0009889305620513099,3.8486973761679564e-05,3.799250848065391e-05
2001-05-21,0.01786022308925634,0.01786022308925634,0.006908753847363893,2.9543030379353477e-05,0.0002738533803730325,0.0002738386088578428
2001-05-22,0.02097646861365777,0.02097646861365777,0.00695633732849854,4.758348113464723e-05,-8.608198101781575e-05,-8.610577275838307e-05
2001-05-23,0.016243425209969797,0.016243425209969797,0.01786022308925634,0.010903885760757799,-0.00044152643028487856,-0.00044697837316525743
2001-05-24,0.013241069045445338,0.013241069045445338,0.02097646861365777,0.0031162455244014287,0.00029862499895666787,0.00029706687619446715
2001-05-25,0.009414601730707645,0.009414601730707645,0.016243425209969797,0.004733043403687971,-6.116569315719717e-05,-6.353221485904115e-05
2001-05-29,0.006689676559282054,0.006689676559282054,0.013241069045445338,0.0030023561645244595,-0.0005687692325609477,-0.00057027041064321
2001-05-30,0.0021973709754447247,0.0021973709754447247,0.009414601730707645,0.0038264673147376926,-0.0004225634386895278,-0.0004244766723468966
2001-05-31,0.0009899689918534153,0.0009899689918534153,0.006689676559282054,0.002724925171425591,0.00010311000306224976,0.00010174754047653697
2001-06-01,0.008315314376256312,0.008315314376256312,0.0021973709754447247,0.004492305583837329,0.00014074381202412636,0.00013849765923220768
2001-06-04,0.014704882564195167,0.014704882564195167,0.0009899689918534153,0.0012074019835913094,-8.267075957775618e-06,-8.870776949571272e-06
2001-06-05,0.041765841264171225,0.041765841264171225,0.008315314376256312,0.007325345384402896,0.00035887231324993477,0.0003552096405577333
2001-06-06,0.06263362056952762,0.06263362056952762,0.014704882564195167,0.0063895681879388554,4.45102953142565e-05,4.131551122028707e-05
2001-06-07,0.14987478332811033,0.14987478332811033,0.041765841264171225,0.02706095869997606,0.0018487989286420307,0.0018352684492920427
2001-06-08,0.1771414814507376,0.1771414814507376,0.06263362056952762,0.020867779305356396,-0.0009453548999616173,-0.0009557887896142954
2001-06-11,0.1789408760213671,0.1789408760213671,0.14987478332811033,0.08724116275858271,-0.0016614145379787702,-0.0017050351193580616
2001-06-12,0.15769858725489058,0.15769858725489058,0.1771414814507376,0.027266698122627275,-0.001168145822294933,-0.0011817791713562467
2001-06-13,0.11743346009499271,0.11743346009499271,0.1789408760213671,0.0017993945706294978,-0.0063546999176748425,-0.006355599614960157
2001-06-14,0.08330042387876704,0.08330042387876704,0.15769858725489058,0.02124228876647652,-0.007868645764585302,-0.00787926690896854
2001-06-15,0.05778363513237402,0.05778363513237402,0.11743346009499271,0.04026512715989787,0.00029773533080999965,0.0002776027672300507
2001-06-18,0.04072618819382061,0.04072618819382061,0.08330042387876704,0.03413303621622567,-0.00039123647315414156,-0.0004083029912622544
2001-06-19,0.026208257782374345,0.026208257782374345,0.05778363513237402,0.025516788746393022,-0.0018457087980211996,-0.0018584671923943961
2001-06-20,0.019090370989698516,0.019090370989698516,0.04072618819382061,0.017057446938553412,0.0012521701196440893,0.0012436413961748125
2001-06-21,0.012853238511235392,0.012853238511235392,0.026208257782374345,0.014517930411446264,-0.00020974337529245033,-0.00021700234049817346
2001-06-22,0.00912692049961207,0.00912692049961207,0.019090370989698516,0.007117886792675828,0.00016802026205956335,0.00016446131866322544
2001-06-25,0.013800239484418976,0.013800239484418976,0.012853238511235392,0.006237132478463124,0.0004999268342131774,0.0004968082679739458
2001-06-26,0.02157624397065,0.02157624397065,0.00912692049961207,0.0037263180116233214,0.00012453647639426745,0.00012267331738845578
2001-06-27,0.020685920626238644,0.020685920626238644,0.013800239484418976,0.004673318984806905,-0.0001524277466827698,-0.00015476440617517325
2001-06-28,0.019785137155084304,0.019785137155084304,0.02157624397065,0.007776004486231024,0.000745571416013076,0.0007416834137699605
2001-06-29,0.01830997325109797,0.01830997325109797,0.020685920626238644,0.0008903233444113555,-0.00027218771814529054,-0.00027263287981749623
2001-07-02,0.0318575534662819,0.0318575534662819,0.019785137155084304,0.00090078347115434,0.000547900511437462,0.0005474501197018848
2001-07-03,0.03342459038048061,0.03342459038048061,0.01830997325109797,0.0014751639039863353,0.00024364217650928716,0.000242904594557294
2001-07-05,0.02670544517639506,0.02670544517639506,0.0318575534662819,0.01354758021518393,-0.0006484487595475962,-0.0006552225496551881
2001-07-06,0.010112612727441014,0.010112612727441014,0.03342459038048061,0.0015670369141987106,-0.0015793713042801998,-0.0015801548227372991
2001-07-09,0.004303462369634858,0.004303462369634858,0.02670544517639506,0.00671914520408555,0.0004414729781409592,0.0004381134055389164
2001-07-10,-0.024110264191316795,-0.024110264191316795,0.010112612727441014,0.016592832448954046,-0.00038840896992781143,-0.00039670538615228844
2001-07-11,-0.03595874207041129,-0.03595874207041129,0.004303462369634858,0.005809150357806155,4.181308353095671e-05,3.890850835205363e-05
2001-07-12,0.0024110038351994774,0.0024110038351994774,-0.024110264191316795,0.028413726560951653,-0.0017528600903732295,-0.0017670669536537053
2001-07-13,0.04430052279884292,0.04430052279884292,-0.03595874207041129,0.011848477879094495,-0.00010750576585550997,-0.00011343000479505722
2001-07-16,0.01649648890347575,0.01649648890347575,0.0024110038351994774,0.038369745905610764,-8.465273585605132e-05,-0.0001038376088088567
2001-07-17,0.05890194512764348,0.05890194512764348,0.04430052279884292,0.04188951896364344,0.0011710192373394345,0.0011500744778576127
2001-07-18,0.022849579637116958,0.022849579637116958,0.01649648890347575,0.027804033895367168,-0.0005572438937147267,-0.0005711459106624103
2001-07-19,0.07452695483178348,0.07452695483178348,0.05890194512764348,0.042405456224167734,0.0021815439124246417,0.002160341184312558
2001-07-20,0.099779967672098,0.099779967672098,0.022849579637116958,0.036052365490526525,-2.288519358610553e-05,-4.091137633136879e-05
2001-07-23,0.05769072304740456,0.05769072304740456,0.07452695483178348,0.051677375194666524,-0.002315722656314259,-0.002341561343911592
2001-07-24,0.02298829693846416,0.02298829693846416,0.099779967672098,0.025253012840314518,-0.0004128595450194143,-0.00042548605143957155
2001-07-25,0.03226006798648393,0.03226006798648393,0.05769072304740456,0.04208924462469344,0.0010787043217134367,0.00105765969940109
2001-07-26,0.04478412779465389,0.04478412779465389,0.02298829693846416,0.0347024261089404,0.0002812979056906018,0.0002639466926361316
2001-07-27,0.041151347362548725,0.041151347362548725,0.03226006798648393,0.009271771048019774,-0.000606635212815036,-0.0006112710983390459
2001-07-30,0.030725604664112557,0.030725604664112557,0.04478412779465389,0.012524059808169959,-0.00027590315592588004,-0.00028216518582996504
2001-07-31,0.05312133720793283,0.05312133720793283,0.041151347362548725,0.0036327804321051663,0.0010911708496126483,0.0010893544593965957
2001-08-01,0.14223156158937508,0.14223156158937508,0.030725604664112557,0.010425742698436168,0.0009688585259222804,0.0009636456545730623
2001-08-02,0.4281543743929167,0.4281543743929167,0.05312133720793283,0.02239573254382027,0.002349450274316524,0.0023382524080446136
2001-08-03,0.485734691683042,0.485734691683042,0.14223156158937508,0.08911022438144225,-0.001817205779838069,-0.00186176089202879
2001-08-06,0.37018290868799336,0.37018290868799336,0.4281543743929167,0.2859228128035416,-0.018921137498194043,-0.019064098904595813
2001-08-07,0.31681027680924273,0.31681027680924273,0.485734691683042,0.057580317290125305,0.005453875413335431,0.005425085254690369
2001-08-08,0.2293268054167271,0.2293268054167271,0.37018290868799336,0.11555178299504865,-0.012210222358193697,-0.012267998249691221
2001-08-09,0.17253530718296045,0.17253530718296045,0.31681027680924273,0.05337263187875063,0.00042782996917766484,0.00040114365323828954
2001-08-10,0.14898611954015697,0.14898611954015697,0.2293268054167271,0.08748347139251564,0.0023203429504877505,0.002276601214791493
2001-08-13,0.17257427439477208,0.17257427439477208,0.17253530718296045,0.05679149823376664,0.0035141672482630042,0.003485771499146121
2001-08-14,0.17025250348239024,0.17025250348239024,0.14898611954015697,0.023549187642803476,-0.001023839074300898,-0.0010356136681222998
2001-08-15,0.13591853007420862,0.13591853007420862,0.17257427439477208,0.0235881548546151,-0.003241153127100312,-0.0032529472045276196
2001-08-16,0.11516307752488479,0.11516307752488479,0.17025250348239024,0.0023217709123818375,0.0021725387651342063,0.0021713778796780153
2001-08-17,0.013849198735338963,0.013849198735338963,0.13591853007420862,0.03433397340818162,-0.00941876466206784,-0.00943593164877193
2001-08-20,-0.03802226872257527,-0.03802226872257527,0.11516307752488479,0.02075545254932383,0.0005333266172242768,0.0005229488909496148
2001-08-21,-0.2103821488239128,-0.2103821488239128,0.013849198735338963,0.10131387878954583,-0.0005549466021523966,-0.0006056035415471695
2001-08-22,-0.21512197066059635,-0.21512197066059635,-0.03802226872257527,0.05187146745791423,-0.001250078317473362,-0.001276014051202319
2001-08-23,-0.2554148423894464,-0.2554148423894464,-0.2103821488239128,0.17235988010133751,0.002182092362269869,0.0020959124222192003
2001-08-24,-0.1803882316095202,-0.1803882316095202,-0.21512197066059635,0.004739821836683561,-0.01096216462936282,-0.010964534540281162
2001-08-27,-0.12618561782978022,-0.12618561782978022,-0.2554148423894464,0.040292871728850044,-0.000614831348855982,-0.000634977784720407
2001-08-28,-0.13313565191093296,-0.13313565191093296,-0.1803882316095202,0.0750266107799262,0.003960603359163007,0.003923090053773044
2001-08-29,-0.17269720089331006,-0.17269720089331006,-0.12618561782978022,0.05420261377973998,0.0018146562548594892,0.0017875549479696193
2001-08-30,-0.33006673503242523,-0.33006673503242523,-0.13313565191093296,0.006950034081152745,0.004595696665910705,0.004592221648870128
2001-08-31,-0.301770781323693,-0.301770781323693,-0.17269720089331006,0.0395615489823771,-0.005283349783931935,-0.005303130558423123
2001-09-04,-0.4737052997902896,-0.4737052997902896,-0.33006673503242523,0.15736953413911517,0.013103541850949536,0.013024857083879978
2001-09-05,-0.45543058515331797,-0.45543058515331797,-0.301770781323693,0.028295953708732224,-0.0069682739398889935,-0.00698242191674336
2001-09-06,-0.6369537234355453,-0.6369537234355453,-0.4737052997902896,0.17193451846659658,0.02362486088462019,0.023538893625386893
2001-09-07,-0.7579691489570303,-0.7579691489570303,-0.45543058515331797,0.018274714636971612,0.0036644660577102293,0.0036553287003917435
2001-09-10,-0.7762221595255124,-0.7762221595255124,-0.6369537234355453,0.18152313828222738,-0.004428497529006358,-0.004519259098147471
2001-09-17,-0.8508147730170084,-0.8508147730170084,-0.7579691489570303,0.12101542552148492,0.07210442045626476,0.07204391274350402
2001-09-18,-0.900543182011339,-0.900543182011339,-0.7762221595255124,0.018253010568482164,0.0039485829893893655,0.003939456484105124
2001-09-19,-0.933695454674226,-0.933695454674226,-0.8508147730170084,0.07459261349149593,0.043139201740519,0.043101905433773256
2001-09-20,-0.9557969697828175,-0.9557969697828175,-0.900543182011339,0.04972840899433062,0.06507456664083552,0.06504970243633836
2001-09-21,-0.9705313131885451,-0.9705313131885451,-0.933695454674226,0.033152272662887006,0.06188529233320084,0.0618687161968694
2001-09-24,-0.8066152218504707,-0.8066152218504707,-0.9557969697828175,0.022101515108591485,-0.09954168630968582,-0.09955273706724012
2001-09-25,-0.6754643332528286,-0.6754643332528286,-0.9705313131885451,0.014734343405727657,-0.016851302989796566,-0.01685867016149943
2001-09-26,-0.6358499617491655,-0.6358499617491655,-0.8066152218504707,0.1639160913380744,0.029020752048863206,0.028938794003194167
2001-09-27,-0.6350071168357467,-0.6350071168357467,-0.6754643332528286,0.13115088859764212,0.011311553588690404,0.011245978144391582
2001-09-28,-0.6431845293983467,-0.6431845293983467,-0.6358499617491655,0.03961437150366309,0.003403182345209168,0.0033833751594573363
2001-10-01,-0.6784756460621935,-0.6784756460621935,-0.6350071168357467,0.0008428449134187943,0.013359199871293857,0.013358778448837148
2001-10-02,-0.7544545504001041,-0.7544545504001041,-0.6431845293983467,0.008177412562599962,0.015106874829481703,0.015102786123200403
2001-10-03,-0.6638633142383144,-0.6638633142383144,-0.6784756460621935,0.03529111666384677,-0.05868021556913747,-0.05869786112746939
2001-10-04,-0.5752855688701358,-0.5752855688701358,-0.7544545504001041,0.07597890433791066,-0.01137197712992068,-0.011409966582089636
2001-10-05,-0.4822081065991173,-0.4822081065991173,-0.6638633142383144,0.09059123616178977,-0.012630746924348936,-0.01267604254242983
2001-10-08,-0.37785879226602254,-0.37785879226602254,-0.5752855688701358,0.08857774536817853,-0.007335213507752008,-0.007379502380436097
2001-10-09,-0.34822501270737244,-0.34822501270737244,-0.4822081065991173,0.09307746227101854,0.01712888159745243,0.01708234286631692
2001-10-10,-0.2757039332507715,-0.2757039332507715,-0.37785879226602254,0.10434931433309474,-0.028361481282704677,-0.028413655939871225
2001-10-11,-0.19258125578048896,-0.19258125578048896,-0.34822501270737244,0.029633779558650097,-0.02189605838054372,-0.021910875270323045
2001-10-12,-0.12542637566112685,-0.12542637566112685,-0.2757039332507715,0.07252107945660091,-0.005736710229975196,-0.005772970769703497
2001-10-15,-0.09537650149815381,-0.09537650149815381,-0.19258125578048896,0.08312267747028257,0.00492597881340231,0.004884417474667169
2001-10-16,-0.06210824573665644,-0.06210824573665644,-0.12542637566112685,0.0671548801193621,-0.002983828510821023,-0.003017405950880704
2001-10-17,-0.04647635560361061,-0.04647635560361061,-0.09537650149815381,0.030049874162973042,0.0014902758224372098,0.0014752508853557232
2001-10-18,-0.046707278997776096,-0.046707278997776096,-0.06210824573665644,0.033268255761497376,0.001314460831602585,0.0012978267037218362
2001-10-19,-0.044837959288835015,-0.044837959288835015,-0.04647635560361061,0.015631890133045827,-0.0001932762130537663,-0.0002010921581202892
2001-10-22,-0.021816448730167477,-0.021816448730167477,-0.046707278997776096,0.0002309233941654859,-0.0022241441200906457,-0.0022242595817877284
2001-10-23,-0.012657066405928286,-0.012657066405928286,-0.044837959288835015,0.0018693197089410807,0.0005316851723852871,0.0005307505125308166
2001-10-24,-0.0025658414211829116,-0.0025658414211829116,-0.021816448730167477,0.023021510558667538,-0.0004188689968283873,-0.00043037975210772104
2001-10-25,0.0038637249660045366,0.0038637249660045366,-0.012657066405928286,0.009159382324239192,-0.0003079883661909192,-0.0003125680573530388
2001-10-26,0.006853726049670845,0.006853726049670845,-0.0025658414211829116,0.010091224984745375,2.359388472044209e-05,1.85482722280694e-05
2001-10-29,-0.004013888303088434,-0.004013888303088434,0.0038637249660045366,0.006429566387187448,-0.0002510070167926197,-0.0002542217999862134
2001-10-30,-0.01977462531332416,-0.01977462531332416,0.006853726049670845,0.002990001083666308,-0.0001814056265256477,-0.00018290062706748087
2001-10-31,-0.01986828364575459,-0.01986828364575459,-0.004013888303088434,0.010867614352759278,-0.00015005073367524872,-0.00015548454085162835
2001-11-01,0.009637216468868877,0.009637216468868877,-0.01977462531332416,0.015760737010235726,-0.0012308550045527205,-0.0012387353730578385
2001-11-02,0.050336750670367476,0.050336750670367476,-0.01986828364575459,9.365833243043034e-05,-0.0002757407011365556,-0.0002757875303027708
2001-11-05,0.09279788264639582,0.09279788264639582,0.009637216468868877,0.029505500114623467,0.00024936286719939594,0.0002346101171420842
2001-11-06,0.17981229831028003,0.17981229831028003,0.050336750670367476,0.0406995342014986,0.0024085402297206334,0.002388190462619884
2001-11-07,0.2410900862357991,0.2410900862357991,0.09279788264639582,0.04246113197602835,0.00013140394384342674,0.00011017337785541257
2001-11-08,0.2806821906872924,0.2806821906872924,0.17981229831028003,0.08701441566388421,-6.354332326211441e-05,-0.00010705053109405651
2001-11-09,0.2878731648425284,0.2878731648425284,0.2410900862357991,0.06127778792551908,-0.003410112275606248,-0.003440751169569008
2001-11-12,0.27427146880494135,0.27427146880494135,0.2806821906872924,0.039592104451493276,0.0050337022279838195,0.005013906175758072
2001-11-13,0.4913559417108846,0.4913559417108846,0.2878731648425284,0.007190974155236007,0.016939792518242302,0.016936197031164685
2001-11-14,0.6609039611405898,0.6609039611405898,0.27427146880494135,0.013601696037587041,0.011591358167084452,0.011584557319065658
2001-11-15,0.6593344467053127,0.6593344467053127,0.4913559417108846,0.21708447290594324,-0.008471537461217076,-0.008580079697670048
2001-11-16,0.6451655326539806,0.6451655326539806,0.6609039611405898,0.1695480194297052,-0.0032207064607457816,-0.0033054804704606344
2001-11-19,0.6931675543750362,0.6931675543750362,0.6593344467053127,0.0015695144352770862,0.007749433013341742,0.007748648256124103
2001-11-20,0.5992026186634355,0.5992026186634355,0.6451655326539806,0.014168914051332138,-0.02165135675124996,-0.021658441208275626
2001-11-21,0.6411361507034755,0.6411361507034755,0.6931675543750362,0.04800202172105561,0.019904135708375893,0.019880134697515366
2001-11-23,0.7096933628992026,0.7096933628992026,0.5992026186634355,0.0939649357116007,0.004861815026272215,0.0048148325584164145
2001-11-26,0.8064622419328018,0.8064622419328018,0.6411361507034755,0.04193353204004002,0.016720259306237432,0.016699292540217413
2001-11-27,0.8709748279552012,0.8709748279552012,0.7096933628992026,0.06855721219572708,0.009797990459295686,0.009763711853197823
2001-11-28,0.8009139648451536,0.8009139648451536,0.8064622419328018,0.09676887903359921,-0.013728152269944512,-0.013776536709461312
2001-11-29,0.8672759765634359,0.8672759765634359,0.8709748279552012,0.0645125860223994,0.015357155373665004,0.015324899080653804
2001-11-30,0.9115173177089573,0.9115173177089573,0.8009139648451536,0.07006086311004756,0.008425352143817219,0.008390321712262195
2001-12-03,0.7991615118502695,0.7991615118502695,0.8672759765634359,0.06636201171828227,-0.01646402128849621,-0.016497202294355348
2001-12-04,0.8661076745668463,0.8661076745668463,0.9115173177089573,0.04424134114552136,0.023328882539710966,0.023306761869138205
2001-12-05,0.910738449711231,0.910738449711231,0.7991615118502695,0.11235580585868776,0.042559979579264884,0.04250380167633554
2001-12-06,0.8536356376660079,0.8536356376660079,0.8661076745668463,0.06694616271657683,-0.01126089692008634,-0.011294370001444629
2001-12-07,0.7284744152810843,0.7284744152810843,0.910738449711231,0.04463077514438463,-0.024527748798356726,-0.024550064185928918
2001-12-10,0.6183107635197205,0.6183107635197205,0.8536356376660079,0.05710281204522305,-0.007447458477063139,-0.00747600988308575
2001-12-11,0.5744037199027876,0.5744037199027876,0.7284744152810843,0.12516122238492366,0.0053055713417820135,0.005242990730589552
2001-12-12,0.636276719002954,0.636276719002954,0.6183107635197205,0.11016365176136378,0.016580422640950124,0.016525340815069442
2001-12-13,0.5754324968255484,0.5754324968255484,0.5744037199027876,0.04390704361693287,-0.02545056097364536,-0.025472514495453825
2001-12-14,0.5908595106025102,0.5908595106025102,0.636276719002954,0.061872999100166415,0.013675092366166939,0.013644155866616856
2001-12-17,0.6604864515964036,0.6604864515964036,0.5754324968255484,0.060844222177405594,0.012106904558451526,0.012076482447362823
2001-12-18,0.6967494200959373,0.6967494200959373,0.5908595106025102,0.015427013776961762,-0.0027826325521568655,-0.0027903460590453463
2001-12-19,0.634761996321453,0.634761996321453,0.6604864515964036,0.06962694099389344,-0.014847108365510085,-0.014881921836007032
2001-12-20,0.5434073658276956,0.5434073658276956,0.6967494200959373,0.0362629684995337,-0.02255727228558361,-0.022575403769833375
2001-12-21,0.5019011449277839,0.5019011449277839,0.634761996321453,0.061987423774484296,0.00853478433828423,0.008503790626396989
2001-12-24,0.455041905228259,0.455041905228259,0.5434073658276956,0.09135463049375747,-0.006538983004572357,-0.006584660319819236
2001-12-26,0.43876507336688686,0.43876507336688686,0.5019011449277839,0.04150622089991163,0.004232479848592544,0.0042117267381425886
2001-12-27,0.4218848576265959,0.4218848576265959,0.455041905228259,0.046859239699524935,0.005354926408382325,0.005331496788532562
2001-12-28,0.35663353576447065,0.35663353576447065,0.43876507336688686,0.016276831861372132,-0.005775149711289144,-0.00578328812721983
2001-12-31,0.2808316966796477,0.2808316966796477,0.4218848576265959,0.01688021574029097,-0.01033756247437014,-0.010346002582240285
2002-01-02,0.3451104109425718,0.3451104109425718,0.35663353576447065,0.06525132186212523,0.017576406690535992,0.01754378102960493
2002-01-03,0.5634069406283813,0.5634069406283813,0.2808316966796477,0.07580183908482296,0.02144533225573191,0.021407431336189497
2002-01-04,0.7089379604189209,0.7089379604189209,0.3451104109425718,0.06427871426292409,0.002623349897441288,0.002591210540309826
2002-01-07,0.7478838346281544,0.7478838346281544,0.5634069406283813,0.21829652968580948,-0.00818576237050726,-0.008294910635350164
2002-01-08,0.8079960812039961,0.8079960812039961,0.7089379604189209,0.14553101979053962,0.006231105408069565,0.006158339898174295
2002-01-09,0.824169078863081,0.824169078863081,0.7478838346281544,0.038945874209233566,-0.004624236193073071,-0.004643709130177687
2002-01-10,0.7758833551213246,0.7758833551213246,0.8079960812039961,0.06011224657584169,-0.016223980809745336,-0.016254036933033258
2002-01-11,0.7366809964336489,0.7366809964336489,0.824169078863081,0.016172997659084865,-0.002379029836806662,-0.0023871163356362045
2002-01-14,0.7316806875934869,0.7316806875934869,0.7758833551213246,0.04828572374175644,0.006512838955249228,0.00648869609337835
2002-01-15,0.7101303656037775,0.7101303656037775,0.7366809964336489,0.03920235868767563,-0.003383020876016887,-0.003402622055360725
2002-01-16,0.6215404517931604,0.6215404517931604,0.7316806875934869,0.005000308840162004,-0.020465410790564575,-0.020467910944984655
2002-01-17,0.5216647783496163,0.5216647783496163,0.7101303656037775,0.02155032198970941,0.0172743839538263,0.017263608792831446
2002-01-18,0.40761720681899716,0.40761720681899716,0.6215404517931604,0.0885899138106171,-0.01890005636800858,-0.01894435132491389
2002-01-22,0.3119994518452669,0.3119994518452669,0.5216647783496163,0.09987567344354409,-0.027734768964920848,-0.02778470680164262
2002-01-23,0.2774628487259114,0.2774628487259114,0.40761720681899716,0.11404757153061917,0.009643628992023968,0.009586605206258658
2002-01-24,0.29523458782370715,0.29523458782370715,0.3119994518452669,0.09561775497373026,0.007211079091745651,0.007163270214258785
2002-01-25,0.34172711795222566,0.34172711795222566,0.2774628487259114,0.03453660311935547,0.004011582530649778,0.003994314229090101
2002-01-28,0.37928397488398446,0.37928397488398446,0.29523458782370715,0.017771739097795725,0.002103802380587721,0.0020949165110388233
2002-01-29,0.32574180252612683,0.32574180252612683,0.34172711795222566,0.046492530128518506,-0.012492302066151416,-0.012515548331215676
2002-01-30,0.3610404562559387,0.3610404562559387,0.37928397488398446,0.03755685693175881,0.013694817112854337,0.013676038684388457
2002-01-31,0.4765773239416662,0.4765773239416662,0.32574180252612683,0.05354217235785763,0.0113521751685224,0.011325404082343471
2002-02-01,0.5010641464857792,0.5010641464857792,0.3610404562559387,0.03529865372981189,-0.0038125044855402035,-0.0038301538124051095
2002-02-04,0.4564055319416119,0.4564055319416119,0.4765773239416662,0.11553686768572746,-0.00948456571558717,-0.009542334149430034
2002-02-05,0.3851279412597913,0.3851279412597913,0.5010641464857792,0.02448682254411305,-0.0023609717483207403,-0.002373215159592797
2002-02-06,0.2999307206917268,0.2999307206917268,0.4564055319416119,0.04465861454416736,-0.011882499615505722,-0.011904828922777807
2002-02-07,0.21359909040305894,0.21359909040305894,0.3851279412597913,0.0712775906818206,-0.007136433133776303,-0.007172071929117213
2002-02-08,0.13511341477189406,0.13511341477189406,0.2999307206917268,0.08519722056806445,0.00194919853024942,0.0019065999199653876
2002-02-11,0.13154351744015896,0.13154351744015896,0.21359909040305894,0.08633163028866789,0.006896695150272242,0.006853529335127908
2002-02-12,0.09761744831769772,0.09761744831769772,0.13511341477189406,0.07848567563116488,-0.002414886172003369,-0.002454129009818952
2002-02-13,0.0862200078313139,0.0862200078313139,0.13154351744015896,0.0035698973317351,0.001635841754397679,0.0016340568057318114
2002-02-14,0.06814879441607587,0.06814879441607587,0.09761744831769772,0.03392606912246124,-0.00011699427283466546,-0.0001339573073958961
2002-02-15,0.035526976717209294,0.035526976717209294,0.0862200078313139,0.01139744048638383,-0.00271535242494627,-0.002721051145189462
2002-02-19,-0.1134245679206369,-0.1134245679206369,0.06814879441607587,0.018071213415238027,-0.002005000459044043,-0.0020140360657516622
2002-02-20,-0.24726576133134773,-0.24726576133134773,0.035526976717209294,0.03262181769886657,0.0001133460871575953,9.703517830816201e-05
2002-02-21,-0.49817717422089847,-0.49817717422089847,-0.1134245679206369,0.1489515446378462,0.0070709832901963,0.006996507517877376
2002-02-22,-0.6494421621066138,-0.6494421621066138,-0.24726576133134773,0.13384119341071082,-0.0004194682166099297,-0.0004863888133152851
2002-02-25,-0.5269588222539195,-0.5269588222539195,-0.49817717422089847,0.25091141288955077,-0.02513632674014584,-0.025261782446590615
2002-02-26,-0.5608262815144264,-0.5608262815144264,-0.6494421621066138,0.1512649878857153,0.020936086678664916,0.020860454184722058
2002-02-27,-0.6080840178773693,-0.6080840178773693,-0.5269588222539195,0.12248333985269422,0.002281713778643685,0.002220472108717338
2002-02-28,-0.7387226785849129,-0.7387226785849129,-0.5608262815144264,0.03386745926050683,0.025142957259757417,0.025126023530127165
2002-03-01,-0.5535331521966461,-0.5535331521966461,-0.6080840178773693,0.04725773636294295,-0.051756551495524876,-0.051780180363706345
2002-03-04,-0.3753970056190165,-0.3753970056190165,-0.7387226785849129,0.1306386607075436,-0.02074536690591202,-0.020810686236265794
2002-03-05,-0.20506713430840645,-0.20506713430840645,-0.5535331521966461,0.1851895263882668,-0.014772540169302153,-0.014865134932496285
2002-03-06,-0.07502576075033743,-0.07502576075033743,-0.3753970056190165,0.1781361465776296,-0.002984860570253968,-0.003073928643542783
2002-03-07,0.003982430336171204,0.003982430336171204,-0.20506713430840645,0.17032987131061006,-0.00012432732840250333,-0.00020949226405780837
2002-03-08,0.13799233969244593,0.13799233969244593,-0.07502576075033743,0.13004137355806902,-0.0027071240156857084,-0.002772144702464743
2002-03-11,0.17116167612376093,0.17116167612376093,0.003982430336171204,0.07900819108650864,-8.741100880723814e-05,-0.00012691510435049245
2002-03-12,0.16490474010138093,0.16490474010138093,0.13799233969244593,0.13400990935627471,-0.0017754000302445609,-0.0018424049849226983
2002-03-13,0.07537196587012526,0.07537196587012526,0.17116167612376093,0.033169336431315005,-0.00856069567260113,-0.008577280340816788
2002-03-14,-0.001841278173062462,-0.001841278173062462,0.16490474010138093,0.006256936022380005,-0.0019469207741705777,-0.0019500492421817676
2002-03-15,-0.007713889531022132,-0.007713889531022132,0.07537196587012526,0.08953277423125566,0.0018739698268896066,0.0018292034397739787
2002-03-18,-0.014071282962055634,-0.014071282962055634,-0.001841278173062462,0.07721324404318772,6.960626507029581e-06,-3.1645995514564284e-05
2002-03-19,-0.014633796382449422,-0.014633796382449422,-0.007713889531022132,0.00587261135795967,-2.4390188727350125e-05,-2.7326494406329962e-05
2002-03-20,-0.0578377799920699,-0.0578377799920699,-0.014071282962055634,0.006357393431033502,0.0005278906849078725,0.0005247119881923558
2002-03-21,-0.05707087636239444,-0.05707087636239444,-0.014633796382449422,0.0005625134203937881,-0.0004170113342545334,-0.0004172925909647303
2002-03-22,-0.07886985643681863,-0.07886985643681863,-0.0578377799920699,0.043203983609620474,0.0014919902639715557,0.0014703882721667455
2002-03-25,-0.1252990246535125,-0.1252990246535125,-0.05707087636239444,0.0007669036296754569,0.0011007259828597466,0.0011003425310449088
2002-03-26,-0.12362552009736863,-0.12362552009736863,-0.07886985643681863,0.021798980074424185,-0.002024305203433557,-0.002035204693470769
2002-03-27,-0.1207552483768489,-0.1207552483768489,-0.1252990246535125,0.04642916821669388,0.0014660127952943276,0.0014427982111859807
2002-03-28,-0.1185071363142026,-0.1185071363142026,-0.12362552009736863,0.0016735045561438733,-0.0,-8.367522780719367e-07
2002-04-01,-0.09484606815524027,-0.09484606815524027,-0.1207552483768489,0.0028702717205197348,-0.0030179590198797525,-0.0030193941557400124
2002-04-02,-0.1438984182548836,-0.1438984182548836,-0.1185071363142026,0.0022481120626463014,0.004334283974821315,0.0043331599187899925
2002-04-03,-0.18555947907623388,-0.18555947907623388,-0.09484606815524027,0.023661068158962323,0.0005053298656508084,0.0004934993315713273
2002-04-04,-0.16282627326676424,-0.16282627326676424,-0.1438984182548836,0.049052350099643316,-0.0034686007306538166,-0.0034931269057036384
2002-04-05,-0.16514250730711605,-0.16514250730711605,-0.18555947907623388,0.04166106082135029,0.003275662077540748,0.0032548315471300727
2002-04-08,-0.16244682659684806,-0.16244682659684806,-0.16282627326676424,0.022733205809469637,0.0006502259415142081,0.0006388593386094733
2002-04-09,-0.44163121773123204,-0.44163121773123204,-0.16514250730711605,0.0023162340403518056,0.00811087769614671,0.008109719579126535
2002-04-10,-0.4335052110013192,-0.4335052110013192,-0.16244682659684806,0.002695680710267989,-0.0045663573485121055,-0.00456770518886724
2002-04-11,-0.4839403448785774,-0.4839403448785774,-0.44163121773123204,0.279184391134384,0.0048299185056894026,0.004690326310122211
2002-04-12,-0.6559602299190517,-0.6559602299190517,-0.4335052110013192,0.008126006729912816,0.008238847455935288,0.008234784452570332
2002-04-15,-0.7706401532793679,-0.7706401532793679,-0.4839403448785774,0.050435133877258176,0.00477282425416552,0.004747606687226891
2002-04-16,-0.6025844207068688,-0.6025844207068688,-0.6559602299190517,0.17201988504047427,-0.03266960471829017,-0.03275561466081041
2002-04-17,-0.43177591854029784,-0.43177591854029784,-0.7706401532793679,0.11467992336031618,-0.029509558458357454,-0.029566898420037614
2002-04-18,-0.3267928265280329,-0.3267928265280329,-0.6025844207068688,0.16805573257249906,0.0037366726716943463,0.0036526448054080966
2002-04-19,-0.27474841556831486,-0.27474841556831486,-0.43177591854029784,0.17080850216657095,0.0049628135595143775,0.004877409308431092
2002-04-22,-0.24286786702092236,-0.24286786702092236,-0.3267928265280329,0.10498309201226497,0.0004344120885609595,0.000381920542554827
2002-04-23,-0.23493279639424536,-0.23493279639424536,-0.27474841556831486,0.05204441095971801,0.004752670354709133,0.004726648149229274
2002-04-24,-0.2917363048880268,-0.2917363048880268,-0.24286786702092236,0.0318805485473925,0.005179741796290997,0.005163801522017301
2002-04-25,-0.30719077455210164,-0.30719077455210164,-0.23493279639424536,0.007935070626677004,-0.0014627124142337156,-0.001466679949547054
2002-04-26,-0.5345593515537476,-0.5345593515537476,-0.2917363048880268,0.05680350849378146,0.009727867904943193,0.009699466150696301
2002-04-29,-0.6897062343691651,-0.6897062343691651,-0.30719077455210164,0.015454469664074821,0.0008738328827193031,0.0008661056478872657
2002-04-30,-0.598731550637764,-0.598731550637764,-0.5345593515537476,0.22736857700164592,-0.010866728526227415,-0.010980412814728238
2002-05-01,-0.4762159307816101,-0.4762159307816101,-0.6897062343691651,0.15514688281541755,-0.0004818107416675221,-0.0005593841830752309
2002-05-02,-0.6508106205210734,-0.6508106205210734,-0.598731550637764,0.09097468373140116,0.01589362187989403,0.01584813453802833
2002-05-03,-0.7672070803473823,-0.7672070803473823,-0.4762159307816101,0.12251561985615383,0.02205815639659586,0.02199689858666778
2002-05-06,-0.8448047202315883,-0.8448047202315883,-0.6508106205210734,0.1745946897394633,0.01911249842825329,0.01902520108338356
2002-05-07,-0.7857067660527748,-0.7857067660527748,-0.7672070803473823,0.11639645982630886,-0.011010735125477272,-0.011068933355390427
2002-05-08,-0.5568745523764552,-0.5568745523764552,-0.8448047202315883,0.07759763988420598,-0.09142643302899915,-0.09146523184894126
2002-05-09,-0.44531930603050013,-0.44531930603050013,-0.7857067660527748,0.05909795417881347,0.020063030002998854,0.020033481025909447
2002-05-10,-0.46458722634009575,-0.46458722634009575,-0.5568745523764552,0.22883221367631956,0.024254744925722656,0.024140328818884497
2002-05-13,-0.3710324233022244,-0.3710324233022244,-0.44531930603050013,0.1115552463459551,-0.024895626210794018,-0.024951403833966997
2002-05-14,-0.2223683450723719,-0.2223683450723719,-0.46458722634009575,0.01926792030959562,-0.026552558391819622,-0.02656219235197442
2002-05-15,-0.11840627723479377,-0.11840627723479377,-0.3710324233022244,0.09355480303787134,-0.0011075430297866145,-0.0011543204313055502
2002-05-16,-0.0219578848852382,-0.0219578848852382,-0.2223683450723719,0.1486640782298525,-0.0038973611762337496,-0.003971693215348676
2002-05-17,0.06237100726657985,0.06237100726657985,-0.11840627723479377,0.10396206783757814,-0.0016546659128256628,-0.0017066469467444517
2002-05-20,0.06671212993435298,0.06671212993435298,-0.0219578848852382,0.09644839234955557,0.0007108166139876843,0.0006625924178129065
2002-05-21,0.012825481261275348,0.012825481261275348,0.06237100726657985,0.08432889215181805,-0.002313852006015105,-0.002356016452091014
2002-05-22,0.005570070544271459,0.005570070544271459,0.06671212993435298,0.004341122667773131,0.0011932987658938375,0.0011911282045599509
2002-05-23,-0.006331846048396457,-0.006331846048396457,0.012825481261275348,0.05388664867307763,-8.66862149459425e-05,-0.00011362953928248132
2002-05-24,-0.03905584356059202,-0.03905584356059202,0.005570070544271459,0.007255410717003889,-0.00013835036765009846,-0.0001419780730086004
2002-05-28,-0.0668175728068218,-0.0668175728068218,-0.006331846048396457,0.011901916592667917,6.848671573394318e-05,6.253575743760923e-05
2002-05-29,-0.11153979783315397,-0.11153979783315397,-0.03905584356059202,0.03272399751219556,0.0014878493071213258,0.0014714873083652282
2002-05-30,-0.13438800874227463,-0.13438800874227463,-0.0668175728068218,0.02776172924622978,-0.0003675811785988422,-0.0003814620432219571
2002-05-31,-0.13315766884477642,-0.13315766884477642,-0.11153979783315397,0.04472222502633218,-0.0008135005911820414,-0.0008358617036952074
2002-06-03,-0.2050913764156666,-0.2050913764156666,-0.13438800874227463,0.02284821090912066,0.004865643534948779,0.004854219429494219
2002-06-04,-0.1954154884484141,-0.1954154884484141,-0.13315766884477642,0.0012303398974982116,-0.004401939618794215,-0.0044025547887429645
2002-06-05,-0.15502159088471962,-0.15502159088471962,-0.2050913764156666,0.07193370757089018,-0.005071304207666044,-0.005107271061451489
2002-06-06,-0.17910184939536233,-0.17910184939536233,-0.1954154884484141,0.009675887967252494,0.008182721118575653,0.008177883174592027
2002-06-07,-0.4527345662635749,-0.4527345662635749,-0.15502159088471962,0.04039389756369449,0.028707729718215322,0.028687532769433473
2002-06-10,-0.63515637750905,-0.63515637750905,-0.17910184939536233,0.024080258510642716,0.007571053684032158,0.007559013554776836
2002-06-11,-0.7567709183393667,-0.7567709183393667,-0.4527345662635749,0.27363271686821256,0.018264198444975455,0.018127382086541348
2002-06-12,-0.7080834753748457,-0.7080834753748457,-0.63515637750905,0.18242181124547507,-0.04272089619716111,-0.042812107102783846
2002-06-13,-0.7120850715172036,-0.7120850715172036,-0.7567709183393667,0.12161454083031675,0.01648239265687214,0.01642158538645698
2002-06-14,-0.7000605445296799,-0.7000605445296799,-0.7080834753748457,0.04868744296452099,-0.005702619158422789,-0.005726962879905049
2002-06-17,-0.6000584361678009,-0.6000584361678009,-0.7120850715172036,0.004001596142357844,-0.04283194691283402,-0.0428339477109052
2002-06-18,-0.5677335154596264,-0.5677335154596264,-0.7000605445296799,0.012024526987523654,0.016756831207207536,0.016750818943713774
2002-06-19,-0.7118223436397509,-0.7118223436397509,-0.6000584361678009,0.10000210836187906,0.05259334371969371,0.05254334266551277
2002-06-20,-0.8078815624265007,-0.8078815624265007,-0.5677335154596264,0.0323249207081745,0.024020717134053987,0.0240045546736999
2002-06-21,-0.8719210416176673,-0.8719210416176673,-0.7118223436397509,0.14408882818012458,0.018868928729761834,0.018796884315671773
2002-06-24,-0.8255804051093045,-0.8255804051093045,-0.8078815624265007,0.09605921878674972,-0.0258800183672702,-0.025928047976663576
2002-06-25,-0.8837202700728697,-0.8837202700728697,-0.8719210416176673,0.06403947919116659,0.04555779598038152,0.04552577624078594
2002-06-26,-0.8699878981224063,-0.8699878981224063,-0.8255804051093045,0.04634063650836273,-0.013068888692590779,-0.01309205901084496
2002-06-27,-0.8547098893277717,-0.8547098893277717,-0.8837202700728697,0.05813986496356516,-0.0018990002374333617,-0.0019280701699151443
2002-06-28,-0.9031399262185145,-0.9031399262185145,-0.8699878981224063,0.013732371950463396,0.017726290630556505,0.017719424444581272
2002-07-01,-0.9354266174790098,-0.9354266174790098,-0.8547098893277717,0.01527800879463459,0.034151060004094576,0.034143420999697256
2002-07-02,-0.95695107831934,-0.95695107831934,-0.9031399262185145,0.04843003689074277,0.04994560112135391,0.04992138610290854
2002-07-03,-0.8034446681619499,-0.8034446681619499,-0.9354266174790098,0.032286691260495326,-0.0666145899576239,-0.06663073330325414
2002-07-05,-0.621670092373272,-0.621670092373272,-0.95695107831934,0.021524460840330217,-0.09650402102471632,-0.09651478325513649
2002-07-08,-0.5559178197893851,-0.5559178197893851,-0.8034446681619499,0.15350641015739008,0.04276286891373769,0.042686115708658996
2002-07-09,-0.5473543844442037,-0.5473543844442037,-0.621670092373272,0.18177457578867795,0.018145890612657478,0.01805500332476314
2002-07-10,-0.6626131830111246,-0.6626131830111246,-0.5559178197893851,0.06575227258388683,0.035596350077199614,0.03556347394090767
2002-07-11,-0.6103903536218738,-0.6103903536218738,-0.5473543844442037,0.008563435345181447,-0.04688837198444099,-0.04689265370211358
2002-07-12,-0.5948453283025121,-0.5948453283025121,-0.6626131830111246,0.1152587985669209,0.009439909822436695,0.009382280423153234
2002-07-15,-0.519034861081784,-0.519034861081784,-0.6103903536218738,0.052222829389250824,-0.03834043498764688,-0.03836654640234151
2002-07-16,-0.5108885470965847,-0.5108885470965847,-0.5948453283025121,0.015545025319361638,0.023644571214923946,0.023636798702264265
2002-07-17,-0.44315686097696116,-0.44315686097696116,-0.519034861081784,0.07581046722072815,-0.030531334657192585,-0.03056923989080295
2002-07-18,-0.40545172777992894,-0.40545172777992894,-0.5108885470965847,0.008146313985199272,0.006570088723436619,0.006566015566444019
2002-07-19,-0.39079664901810274,-0.39079664901810274,-0.44315686097696116,0.06773168611962355,0.012470213579084776,0.012436347736024964
2002-07-22,-0.397964162731338,-0.397964162731338,-0.40545172777992894,0.037705133197032226,0.00847863416223726,0.008459781595638744
2002-07-23,-0.4365330212668306,-0.4365330212668306,-0.39079664901810274,0.014655078761826201,0.009630947562139376,0.009623620022758463
2002-07-24,-0.3890830692929221,-0.3890830692929221,-0.397964162731338,0.007167513713235263,-0.019887170779922383,-0.019890754536779
2002-07-25,-0.4440955579621243,-0.4440955579621243,-0.4365330212668306,0.03856885853549258,0.028479558956044256,0.02846027452677651
2002-07-26,-0.44870782907658385,-0.44870782907658385,-0.3890830692929221,0.0474499519739085,-0.007345129925238709,-0.007368854901225664
2002-07-29,-0.3798929624759985,-0.3798929624759985,-0.4440955579621243,0.05501248866920222,-0.026930271110736308,-0.02695777735507091
2002-07-30,-0.3241139135862692,-0.3241139135862692,-0.44870782907658385,0.004612271114459554,-0.0019002427796742064,-0.0019025489152314362
2002-07-31,-0.2785504492351933,-0.2785504492351933,-0.3798929624759985,0.06881486660058533,0.0036046571569172863,0.0035702497236169937
2002-08-01,-0.35360389324890806,-0.35360389324890806,-0.3241139135862692,0.055779048889729343,0.02121666706637293,0.021188777541928064
2002-08-02,-0.5394524132100562,-0.5394524132100562,-0.2785504492351933,0.04556346435107589,0.013483421042252725,0.013460639310077186
2002-08-05,-0.6929682754733708,-0.6929682754733708,-0.35360389324890806,0.07505344401371478,0.01716107978325123,0.017123553061244374
2002-08-06,-0.6421551496910183,-0.6421551496910183,-0.5394524132100562,0.18584851996114815,-0.04246310626980475,-0.04255603052978532
2002-08-07,-0.5628495778192104,-0.5628495778192104,-0.6929682754733708,0.1535158622633146,-0.02386768491936477,-0.023944442850496427
2002-08-08,-0.46669054493000894,-0.46669054493000894,-0.6421551496910183,0.05081312578235253,-0.023917901642482992,-0.02394330820537417
2002-08-09,-0.43093010810776866,-0.43093010810776866,-0.5628495778192104,0.07930557187180787,0.015923973479368966,0.01588432069343306
2002-08-12,-0.4144174570550502,-0.4144174570550502,-0.46669054493000894,0.09615903288920147,0.008623030413312582,0.008574950896867982
2002-08-13,-0.4771596793920045,-0.4771596793920045,-0.43093010810776866,0.03576043682224028,0.020403519712981037,0.020385639494569917
2002-08-14,-0.4197098888116967,-0.4197098888116967,-0.4144174570550502,0.016512651052718486,-0.039456436675104734,-0.039464693000631094
2002-08-15,-0.35736954916142394,-0.35736954916142394,-0.4771596793920045,0.06274222233695431,-0.008348727120779378,-0.008380098231947856
2002-08-16,-0.3010480484395429,-0.3010480484395429,-0.4197098888116967,0.0574497905803078,-0.0031570930196379177,-0.0031858179149280717
2002-08-19,-0.23000493843320102,-0.23000493843320102,-0.35736954916142394,0.06234033965027275,-0.013532447739371546,-0.013563617909196683
2002-08-20,-0.1869863853139198,-0.1869863853139198,-0.3010480484395429,0.056321500721881024,0.007580314702761248,0.007552153952400308
2002-08-21,-0.14483480436921628,-0.14483480436921628,-0.23000493843320102,0.07104311000634189,-0.007517293110161799,-0.0075528146651649706
2002-08-22,-0.1250963303754585,-0.1250963303754585,-0.1869863853139198,0.04301855311928121,0.004199823708530867,0.004178314431971226
2002-08-23,-0.16116825288993641,-0.16116825288993641,-0.14483480436921628,0.04215158094470353,0.009000141035285554,0.008979065244813202
2002-08-26,-0.1759612916184391,-0.1759612916184391,-0.1250963303754585,0.019738473993757777,-0.001184025024936141,-0.00119389426193302
2002-08-27,-0.2465829401002784,-0.2465829401002784,-0.16116825288993641,0.03607192251447791,0.008445058074061904,0.008427022112804666
2002-08-28,-0.2764688430309376,-0.2764688430309376,-0.1759612916184391,0.014793038728502683,0.003482400234551421,0.0034750037151871694
2002-08-29,-0.2594965551324849,-0.2594965551324849,-0.2465829401002784,0.0706216484818393,-0.004392811376772103,-0.004428122201013023
2002-08-30,-0.25267870001737214,-0.25267870001737214,-0.2764688430309376,0.02988590293065921,0.007581010818499121,0.007566067867033791
2002-09-03,-0.5017858000115815,-0.5017858000115815,-0.2594965551324849,0.01697228789845273,0.012609104367465868,0.012600618223516642
2002-09-04,-0.5552351284841702,-0.5552351284841702,-0.25267870001737214,0.0068178551151127365,-0.003982932155721147,-0.003986341083278703
2002-09-05,-0.7034900856561135,-0.7034900856561135,-0.5017858000115815,0.24910709999420932,0.031147293519937322,0.031022739969940216
2002-09-06,-0.581753366285477,-0.581753366285477,-0.5552351284841702,0.053449328472588764,-0.04078820805082344,-0.04081493271505974
2002-09-09,-0.5045636973777284,-0.5045636973777284,-0.7034900856561135,0.14825495717194326,0.006071733120536606,0.005997605641950635
2002-09-10,-0.4189086925586371,-0.4189086925586371,-0.581753366285477,0.12173671937063646,-0.014109607995708052,-0.01417047635539337
2002-09-11,-0.3377154794948928,-0.3377154794948928,-0.5045636973777284,0.07718966890774859,-0.0045954014894711665,-0.004633996323925041
2002-09-12,-0.3652920199959702,-0.3652920199959702,-0.4189086925586371,0.08565500481909133,0.023188808678795084,0.023145981176385538
2002-09-13,-0.3269862674324198,-0.3269862674324198,-0.3377154794948928,0.08119321306374433,-0.007098452541785437,-0.007139049148317309
2002-09-16,-0.35240681814462826,-0.35240681814462826,-0.3652920199959702,0.02757654050107744,0.007520021167701856,0.007506232897451317
2002-09-17,-0.3876598354946421,-0.3876598354946421,-0.3269862674324198,0.0383057525635504,0.002707502959112566,0.0026883500828307908
2002-09-18,-0.5055280271151933,-0.5055280271151933,-0.35240681814462826,0.025420550712208445,0.006563762180519914,0.00655105190516381
2002-09-19,-0.6703520180767956,-0.6703520180767956,-0.3876598354946421,0.03525301735001385,0.0076112940397067294,0.007593667531031722
2002-09-20,-0.7802346787178638,-0.7802346787178638,-0.5055280271151933,0.11786819162055118,0.0026996498559794502,0.0026407157601691746
2002-09-23,-0.8534897858119093,-0.8534897858119093,-0.6703520180767956,0.16482399096160227,0.03464235699419683,0.03455994499871603
2002-09-24,-0.7526409607806341,-0.7526409607806341,-0.7802346787178638,0.10988266064106822,-0.011595427331214386,-0.01165036866153492
2002-09-25,-0.5574730056934902,-0.5574730056934902,-0.8534897858119093,0.07325510709404548,-0.0511856755882338,-0.05122230314178083
2002-09-26,-0.41477004278487256,-0.41477004278487256,-0.7526409607806341,0.10084882503127512,0.0024755472770362696,0.002425122864520632
2002-09-27,-0.3962639741537676,-0.3962639741537676,-0.5574730056934902,0.1951679550871439,0.01950219698554513,0.01940461300800156
2002-09-30,-0.5975093161025118,-0.5975093161025118,-0.41477004278487256,0.14270296290861767,0.020710101796267814,0.020638750314813506
2002-10-01,-0.5196938700026746,-0.5196938700026746,-0.3962639741537676,0.018506068631104988,-0.022252372937487396,-0.022261625971802947
2002-10-02,-0.5401224259638264,-0.5401224259638264,-0.5975093161025118,0.20124534194874422,0.015070233234327575,0.014969610563353204
2002-10-03,-0.693414950642551,-0.693414950642551,-0.5196938700026746,0.07781544609983715,0.01671721668984382,0.0166783089667939
2002-10-04,-0.7956099670950341,-0.7956099670950341,-0.5401224259638264,0.020428555961151784,0.005073255411066195,0.005063041133085619
2002-10-07,-0.8176108090419851,-0.8176108090419851,-0.693414950642551,0.15329252467872456,-0.005562904698543835,-0.005639550960883198
2002-10-08,-0.8784072060279902,-0.8784072060279902,-0.7956099670950341,0.10219501645248308,0.03454160711269065,0.03449050960446441
2002-10-09,-0.8203031111668231,-0.8203031111668231,-0.8176108090419851,0.022000841946951066,-0.014843129906318817,-0.014854130327292292
2002-10-10,-0.6633223330419252,-0.6633223330419252,-0.8784072060279902,0.06079639698600503,-0.046988162026691406,-0.04701856022518441
2002-10-11,-0.48546334765273075,-0.48546334765273075,-0.8203031111668231,0.05810409486116708,-0.06016304878243717,-0.06019210082986775
2002-10-14,-0.3666241125609838,-0.3666241125609838,-0.6633223330419252,0.15698077812489786,0.005230079249447999,0.0051515888603855505
2002-10-15,-0.22522282466098503,-0.22522282466098503,-0.48546334765273075,0.17785898538919448,-0.04565291777979116,-0.04574184727248576
2002-10-16,-0.41922771299853545,-0.41922771299853545,-0.3666241125609838,0.11883923509174693,0.06613436041432785,0.06607494079678199
2002-10-17,-0.44699434384052017,-0.44699434384052017,-0.22522282466098503,0.14140128789999878,-0.011477445544804791,-0.01154814618875479
2002-10-18,-0.43965494562972907,-0.43965494562972907,-0.41922771299853545,0.19400488833755042,-0.00677580722661953,-0.006872809670788305
2002-10-21,-0.34288502812715466,-0.34288502812715466,-0.44699434384052017,0.02776663084198472,-0.03060319163482223,-0.030617074950243222
2002-10-22,-0.30605476660262204,-0.30605476660262204,-0.43965494562972907,0.007339398210791104,0.009390516896623773,0.009386847197518377
2002-10-23,-0.19902758380675933,-0.19902758380675933,-0.34288502812715466,0.09676991750257441,-0.02358468287308311,-0.023633067831834397
2002-10-24,-0.16812345599656975,-0.16812345599656975,-0.30605476660262204,0.036830261524532615,0.010037762579286404,0.010019347448524138
2002-10-25,-0.07530765714355883,-0.07530765714355883,-0.19902758380675933,0.10702718279586271,-0.01222442535854787,-0.012277938949945803
2002-10-28,0.00314517996408651,0.00314517996408651,-0.16812345599656975,0.030904127810189586,-0.0022294152356054048,-0.0022448672995104995
2002-10-29,0.024183799964817756,0.024183799964817756,-0.07530765714355883,0.09281579885301092,0.0018367692090484806,0.001790361309621975
2002-10-30,0.038485616031339424,0.038485616031339424,0.00314517996408651,0.07845283710764533,0.00011315133070866866,7.392491215484599e-05
2002-10-31,0.055931751608477076,0.055931751608477076,0.024183799964817756,0.021038620000731246,0.00044125461704309254,0.0004307353070427269
2002-11-01,0.1294699644224944,0.1294699644224944,0.038485616031339424,0.014301816066521669,0.0022245883112358084,0.0022174374032025474
2002-11-04,0.2187637673483696,0.2187637673483696,0.055931751608477076,0.01744613557713765,0.0014364986973859643,0.0014277756295973955
2002-11-05,0.23191069289705935,0.23191069289705935,0.1294699644224944,0.07353821281401732,-0.0027619962975066973,-0.002798765403913706
2002-11-06,0.3488145728513947,0.3488145728513947,0.2187637673483696,0.08929380292587522,0.009537419542565342,0.009492772641102404
2002-11-07,0.32240212177537125,0.32240212177537125,0.23191069289705935,0.013146925548689736,-0.00859820688480331,-0.008604780347577654
2002-11-08,0.27017964727151844,0.27017964727151844,0.3488145728513947,0.11690387995433538,-0.0054859226569396735,-0.005544374596916841
2002-11-11,0.21081144862048867,0.21081144862048867,0.32240212177537125,0.02641245107602347,-0.014388042681850307,-0.01440124890738832
2002-11-12,0.18813196445604827,0.18813196445604827,0.27017964727151844,0.05222247450385281,0.007011591975128823,0.006985480737876897
2002-11-13,0.18867984316335362,0.18867984316335362,0.21081144862048867,0.05936819865102977,0.003910523921808888,0.003880839822483373
2002-11-14,0.45911989544223575,0.45911989544223575,0.18813196445604827,0.022679484164440405,0.011316967958893868,0.011305628216811648
2002-11-15,0.5072498876124165,0.5072498876124165,0.18867984316335362,0.0005478787073053548,-0.004027106863190382,-0.004027380802544034
2002-11-18,0.4870343907573035,0.4870343907573035,0.45911989544223575,0.2704400522788821,-0.006105247732127348,-0.006240467758266789
2002-11-19,0.417936425496906,0.417936425496906,0.5072498876124165,0.04812999217018077,-0.010938067204041802,-0.010962132200126892
2002-11-20,0.5892997208801043,0.5892997208801043,0.4870343907573035,0.020215496855113035,0.026834078866800257,0.026823971118372703
2002-11-21,0.7261998139200696,0.7261998139200696,0.417936425496906,0.06909796526039746,0.02313363180955398,0.023099082826923783
2002-11-22,0.7694094364242331,0.7694094364242331,0.5892997208801043,0.17136329538319828,-0.0046652250549443905,-0.004750906702635989
2002-11-25,0.8462729576161554,0.8462729576161554,0.7261998139200696,0.1369000930399653,0.01557462482153887,0.015506174775018887
2002-11-26,0.8090867521758023,0.8090867521758023,0.7694094364242331,0.04320962250416349,-0.01051965724749907,-0.010541262058751152
2002-11-27,0.8727245014505349,0.8727245014505349,0.8462729576161554,0.0768635211919223,0.029326478621657624,0.029288046861061665
2002-11-29,0.9073458576039897,0.9073458576039897,0.8090867521758023,0.037186205440353115,-0.0007746338659295797,-0.0007932269686497563
2002-12-02,0.9382305717359931,0.9382305717359931,0.8727245014505349,0.06363774927473265,0.0071057381381279565,0.00707391926349059
2002-12-03,0.7795349931997012,0.7795349931997012,0.9073458576039897,0.03462135615345474,-0.03189724707100068,-0.03191455774907741
2002-12-04,0.607868935837409,0.607868935837409,0.9382305717359931,0.030884714132003444,-0.0295647849936416,-0.029580227350707602
2002-12-05,0.44450347121406175,0.44450347121406175,0.7795349931997012,0.1586955785362919,-0.028137869567789936,-0.02821721735705808
2002-12-06,0.30768659899853334,0.30768659899853334,0.607868935837409,0.17166605736229223,-0.008015001169567666,-0.008100834198248813
2002-12-09,0.2127137368278937,0.2127137368278937,0.44450347121406175,0.16336546462334722,-0.024470409854546488,-0.02455209258685816
2002-12-10,0.15573705093830142,0.15573705093830142,0.30768659899853334,0.1368168722155284,0.007831373228265173,0.007762964792157409
2002-12-11,0.11890891845347897,0.11890891845347897,0.2127137368278937,0.09497286217063963,0.0003520009446730877,0.0003045145135877679
2002-12-12,0.08710164369089284,0.08710164369089284,0.15573705093830142,0.05697668588959229,0.00025734671866282303,0.0002288583757180269
2002-12-13,0.06183003373518911,0.06183003373518911,0.11890891845347897,0.03682813248482246,-0.003987680430812683,-0.004006094497055094
2002-12-16,0.05804866478906537,0.05804866478906537,0.08710164369089284,0.03180727476258613,0.0031709745699939956,0.0031550709326127026
2002-12-17,0.04952777427730489,0.04952777427730489,0.06183003373518911,0.025271609955703725,-0.0011198819003099185,-0.0011325177052877704
2002-12-18,0.0369201904636527,0.0369201904636527,0.05804866478906537,0.003781368946123742,-0.002466012435778762,-0.002467903120251824
2002-12-19,0.02707514853049976,0.02707514853049976,0.04952777427730489,0.008520890511760477,-0.0003758585077950611,-0.00038011895305094137
2002-12-20,0.020678109507907418,0.020678109507907418,0.0369201904636527,0.012607583813652193,2.1732267143540627e-05,1.5428475236714533e-05
2002-12-23,0.015462281082469383,0.015462281082469383,0.02707514853049976,0.00984504193315294,0.0003183283265596215,0.000313405805593045
2002-12-24,0.010547485405019014,0.010547485405019014,0.020678109507907418,0.006397039022592341,-0.0005166452000668215,-0.0005198437195781177
2002-12-26,0.007070576172905641,0.007070576172905641,0.015462281082469383,0.005215828425438034,-8.294169792833992e-05,-8.554961214105894e-05
2002-12-27,0.004095909746871249,0.004095909746871249,0.010547485405019014,0.00491479567745037,-0.0001832668568783691,-0.0001857242547170943
2002-12-30,-0.0003641352997030651,-0.0003641352997030651,0.007070576172905641,0.003476909232113373,-0.0002759232170973316,-0.0002776616717133883
2002-12-31,-0.00047677508123859726,-0.00047677508123859726,0.004095909746871249,0.0029746664260343917,-4.9379690458156215e-05,-5.086702367117341e-05
2003-01-02,-0.00011771735126631173,-0.00011771735126631173,-0.0003641352997030651,0.004460045046574314,-2.6193221730665365e-05,-2.8423244253952522e-05
2003-01-03,-0.0025841637058113863,-0.0025841637058113863,-0.00047677508123859726,0.00011263978153553214,4.284984892412631e-06,4.228665001644864e-06
2003-01-06,0.0021408117096255656,0.0021408117096255656,-0.00011771735126631173,0.0003590577299722855,-4.55500831420847e-06,-4.734537179194613e-06
2003-01-07,0.007988220259251968,0.007988220259251968,-0.0025841637058113863,0.0024664463545450745,-2.707509830782069e-05,-2.8308321485093227e-05
2003-01-08,0.0018567438765292356,0.0018567438765292356,0.0021408117096255656,0.0047249754154369515,-8.385639766667435e-05,-8.621888537439283e-05
2003-01-09,0.004497112834381754,0.004497112834381754,0.007988220259251968,0.005847408549626402,0.00018198209752085437,0.00017905839324604118
2003-01-10,0.014189571346389079,0.014189571346389079,0.0018567438765292356,0.006131476382722732,3.918306393744121e-05,3.611732574607984e-05
2003-01-13,0.012540283539557311,0.012540283539557311,0.004497112834381754,0.0026403689578525184,-1.0329340335839584e-05,-1.1649524814765844e-05
2003-01-14,0.01940867570431256,0.01940867570431256,0.014189571346389079,0.009692458512007325,0.0003347385652723723,0.0003298923360163687
2003-01-15,-0.006098082771927263,-0.006098082771927263,0.012540283539557311,0.0016492878068317673,-0.0003101591901768984,-0.0003109838340803143
2003-01-16,-0.018051163387961762,-0.018051163387961762,0.01940867570431256,0.006868392164755249,-0.00016780416701050666,-0.00017123836309288428
2003-01-17,-0.1309620098409098,-0.1309620098409098,-0.006098082771927263,0.025506758476239823,0.000304904049976063,0.0002921506707379431
2003-01-21,-0.20051135709469786,-0.20051135709469786,-0.018051163387961762,0.011953080616034499,5.5232526407721066e-05,4.9255986099703814e-05
2003-01-22,-0.25153311059192085,-0.25153311059192085,-0.1309620098409098,0.11291084645294805,0.0003215233247403703,0.00026506790151389626
2003-01-23,-0.231210844612327,-0.231210844612327,-0.20051135709469786,0.06954934725378806,-0.005182308764790478,-0.005217083438417373
2003-01-24,-0.37750404216141703,-0.37750404216141703,-0.25153311059192085,0.05102175349722299,0.012372849755913157,0.012347338879164546
2003-01-27,-0.4590612435102245,-0.4590612435102245,-0.231210844612327,0.020322265979593856,-0.00043755067674106275,-0.00044771180973085967
2003-01-28,-0.4781057547194516,-0.4781057547194516,-0.37750404216141703,0.14629319754909004,-0.003565810225822053,-0.003638956824596598
2003-01-29,-0.40358604081816285,-0.40358604081816285,-0.4590612435102245,0.08155720134880745,-0.018041833711540077,-0.01808261231221448
2003-01-30,-0.530345558245549,-0.530345558245549,-0.4781057547194516,0.019044511209227122,0.02525402520379548,0.025244502948190865
2003-01-31,-0.6538262765624028,-0.6538262765624028,-0.40358604081816285,0.07451971390128875,0.003069184495200624,0.0030319246382499794
2003-02-03,-0.6889729650891339,-0.6889729650891339,-0.530345558245549,0.12675951742738611,-0.004064069561040463,-0.004127449319754156
2003-02-04,-0.7637839137472276,-0.7637839137472276,-0.6538262765624028,0.12348071831685381,0.005800885537063382,0.005739145177904955
2003-02-05,-0.8299911994297791,-0.8299911994297791,-0.6889729650891339,0.035146688526731085,0.001764137242572073,0.0017465638983087074
2003-02-06,-0.8866607996198528,-0.8866607996198528,-0.7637839137472276,0.07481094865809379,0.00833417473419157,0.008296769259862523
2003-02-07,-0.9244405330799019,-0.9244405330799019,-0.8299911994297791,0.06620728568255141,0.019389864008240467,0.01935676036539919
2003-02-10,-0.8586922250754276,-0.8586922250754276,-0.8866607996198528,0.05666960019007372,-0.012960974409748492,-0.012989309209843529
2003-02-11,-0.7914879922364509,-0.7914879922364509,-0.9244405330799019,0.03777973346004915,-0.004238107082871396,-0.004256996949601421
2003-02-12,-0.8004637717457278,-0.8004637717457278,-0.8586922250754276,0.06574830800447429,0.01063561499556176,0.010602740841559523
2003-02-13,-0.6097143360253106,-0.6097143360253106,-0.7914879922364509,0.0672042328389767,-0.019852270688387647,-0.019885872804807136
2003-02-14,-0.4506912852123554,-0.4506912852123554,-0.8004637717457278,0.00897577950927686,-0.031956973770794095,-0.03196146166054873
2003-02-18,-0.3272758017800291,-0.3272758017800291,-0.6097143360253106,0.19074943572041725,-0.021896659454339197,-0.021992034172199405
2003-02-19,-0.2435011538617598,-0.2435011538617598,-0.4506912852123554,0.15902305081295515,-0.0013470284506206006,-0.0014265399760270783
2003-02-20,-0.1829707594476222,-0.1829707594476222,-0.3272758017800291,0.12341548343232633,-0.0035106034897611064,-0.0035723112314772695
2003-02-21,-0.14824033064866787,-0.14824033064866787,-0.2435011538617598,0.08377464791826927,0.0024406243390056,0.002398737015046465
2003-02-24,-0.1298337389188586,-0.1298337389188586,-0.1829707594476222,0.0605303944141376,0.0027244930525066194,0.002694227855299551
2003-02-25,-0.1097383020480934,-0.1097383020480934,-0.14824033064866787,0.03473042879895433,-0.0017028996161771762,-0.0017202648305766535
2003-02-26,-0.14416701904617374,-0.14416701904617374,-0.1298337389188586,0.01840659172980927,0.003802674238531006,0.003793470942666101
2003-02-27,-0.1350783254279632,-0.1350783254279632,-0.1097383020480934,0.020095436870765204,-0.0031084072879969714,-0.0031184550064323542
2003-02-28,-0.09772237588973925,-0.09772237588973925,-0.14416701904617374,0.03442871699808034,-0.004747998133069373,-0.004765212491568413
2003-03-03,-0.09152691863002313,-0.09152691863002313,-0.1350783254279632,0.009088693618210547,0.00462012394612967,0.004615579599320564
2003-03-04,-0.07214889115653823,-0.07214889115653823,-0.09772237588973925,0.03735594953822394,0.0002346110174625642,0.00021593304269345226
2003-03-05,-0.03728325598912491,-0.03728325598912491,-0.09152691863002313,0.006195457259716125,-0.001982539117845392,-0.00198563684647525
2003-03-06,-0.017944074460672022,-0.017944074460672022,-0.07214889115653823,0.019378027473484896,0.001359713409212947,0.0013500243954762045
2003-03-07,-0.0624454272052926,-0.0624454272052926,-0.03728325598912491,0.034865635167413325,0.0014546259467736826,0.001437193129189976
2003-03-10,-0.10600606191787615,-0.10600606191787615,-0.017944074460672022,0.019339181528452886,0.00012329701189321826,0.00011362742112899181
2003-03-11,-0.13984976888173034,-0.13984976888173034,-0.0624454272052926,0.04450135274462058,0.0001963408005453511,0.0001740901241730408
2003-03-12,-0.12401988550497123,-0.12401988550497123,-0.10600606191787615,0.04356063471258355,-0.0021401903508414307,-0.0021619706681977225
2003-03-13,0.017265744770471367,0.017265744770471367,-0.13984976888173034,0.03384370696385419,-0.010205508134845347,-0.010222429988327274
2003-03-14,0.11899527200463209,0.11899527200463209,-0.12401988550497123,0.015829883376759113,0.0012866479710065865,0.001278733029318207
2003-03-17,0.4126635146697547,0.4126635146697547,0.017265744770471367,0.1412856302754426,0.0008949610034500449,0.0008243181883123236
2003-03-18,0.6084423431131698,0.6084423431131698,0.11899527200463209,0.10172952723416072,0.0012518901684330083,0.0012010254048159278
2003-03-19,0.6390603286363263,0.6390603286363263,0.4126635146697547,0.2936682426651226,-0.006105112678674823,-0.0062519468000073845
2003-03-20,0.7593735524242176,0.7593735524242176,0.6084423431131698,0.1957788284434151,0.009813608888311722,0.009715719474090015
2003-03-21,0.8395823682828119,0.8395823682828119,0.6390603286363263,0.030617985523156532,0.022736081873691857,0.022720772880930277
2003-03-24,0.6596614802523257,0.6596614802523257,0.7593735524242176,0.12031322378789122,-0.04414973854014299,-0.04420989515203693
2003-03-25,0.5697335801230002,0.5697335801230002,0.8395823682828119,0.0802088158585943,0.010365070185746884,0.010324965777817587
2003-03-26,0.4896794048205785,0.4896794048205785,0.6596614802523257,0.17992088803048611,-0.005485044750684442,-0.005575005194699685
2003-03-27,0.38477228119010004,0.38477228119010004,0.5697335801230002,0.0899279001293255,-0.00987231097370064,-0.009917274923765302
2003-03-28,0.2838422130425208,0.2838422130425208,0.4896794048205785,0.08005417530242176,-0.010027598619984602,-0.010067625707635813
2003-03-31,0.13906085069399343,0.13906085069399343,0.38477228119010004,0.10490712363047844,-0.021003817555302014,-0.02105627111711725
2003-04-01,0.05603809910784159,0.05603809910784159,0.2838422130425208,0.10093006814757927,0.0024409490015280155,0.0023904839674542258
2003-04-02,0.10469252557682229,0.10469252557682229,0.13906085069399343,0.14478136234852734,0.009315902239033254,0.009243511557858991
2003-04-03,0.14209784037334894,0.14209784037334894,0.05603809910784159,0.08302275158615184,0.00015990278697120556,0.00011839141117812963
2003-04-04,0.1112595398953163,0.1112595398953163,0.10469252557682229,0.0486544264689807,-0.0030984302465191555,-0.0031227574597536456
2003-04-07,0.11423708710328637,0.11423708710328637,0.14209784037334894,0.037405314796526645,0.0025002517577664383,0.002481549100368175
2003-04-08,0.09450227020743757,0.09450227020743757,0.1112595398953163,0.03083830047803264,-0.001603122063028296,-0.0016185412132673123
2003-04-09,0.04675332085320705,0.04675332085320705,0.11423708710328637,0.0029775472079700688,-0.0028058627491822394,-0.0028073515227862245
2003-04-10,0.0316378014867126,0.0316378014867126,0.09450227020743757,0.0197348168958488,0.0011331254491067095,0.0011232580406587852
2003-04-11,0.009849687992299573,0.009849687992299573,0.04675332085320705,0.04774894935423052,-0.0003877670217759255,-0.00041164149645304076
2003-04-14,0.024304922160515448,0.024304922160515448,0.0316378014867126,0.015115519366494447,0.0007937757154173584,0.0007862179557341112
2003-04-15,0.03303476357804784,0.03303476357804784,0.009849687992299573,0.02178811349441303,-1.7220667812431532e-05,-2.8114724559638046e-05
2003-04-16,0.12943416952422881,0.12943416952422881,0.024304922160515448,0.014455234168215874,0.001461420608399747,0.001454192991315639
2003-04-17,0.3146257131579469,0.3146257131579469,0.03303476357804784,0.008729841417532393,0.0009095482788885708,0.0009051833581798047
2003-04-21,0.4213368214104299,0.4213368214104299,0.12943416952422881,0.09639940594618097,-6.933362975149423e-05,-0.00011753333272458472
2003-04-22,0.6142245476069532,0.6142245476069532,0.3146257131579469,0.1851915436337181,0.005904457256985428,0.005811861485168569
2003-04-23,0.7428163650713022,0.7428163650713022,0.4213368214104299,0.10671110825248298,0.010644172699547346,0.010590817145421105
2003-04-24,0.6495487378124793,0.6495487378124793,0.6142245476069532,0.19288772619652333,-0.016711411635469714,-0.016807855498567975
2003-04-25,0.5148390936557937,0.5148390936557937,0.7428163650713022,0.128591817464349,-0.026263089344841166,-0.02632738525357334
2003-04-28,0.48993785722903743,0.48993785722903743,0.6495487378124793,0.09326762725882287,0.01670055071280246,0.01665391689917305
2003-04-29,0.5024368029984724,0.5024368029984724,0.5148390936557937,0.13470964415668563,0.004668036620131547,0.004600681798053205
2003-04-30,0.43987986782761934,0.43987986782761934,0.48993785722903743,0.02490123642675629,-0.013465689513110552,-0.01347814013132393
2003-05-01,0.3848455314073973,0.3848455314073973,0.5024368029984724,0.012498945769434944,0.003549790982023019,0.0035435415091383017
2003-05-02,0.4341588316083048,0.4341588316083048,0.43987986782761934,0.06255693517085303,0.011869490321254384,0.011838211853668958
2003-05-05,0.46975817933044894,0.46975817933044894,0.3848455314073973,0.05503433642022204,0.00020247752849744875,0.00017496036028733772
2003-05-06,0.646505452886966,0.646505452886966,0.4341588316083048,0.04931330020090752,0.011641224344944781,0.011616567694844327
2003-05-07,0.6403106565098253,0.6403106565098253,0.46975817933044894,0.035599347722144126,-0.007937271739642768,-0.00795507141350384
2003-05-08,0.5522622394032359,0.5522622394032359,0.646505452886966,0.1767472735565171,-0.011111651265585887,-0.011200024902364145
2003-05-09,0.7015081596021573,0.7015081596021573,0.6403106565098253,0.00619479637714071,0.024091740626654812,0.024088643228466242
2003-05-12,0.8010054397347716,0.8010054397347716,0.5522622394032359,0.0880484171065894,0.011564706308284885,0.01152068209973159
2003-05-13,0.7870561163918667,0.7870561163918667,0.7015081596021573,0.14924592019892136,-0.0056151658261722305,-0.005689788786271691
2003-05-14,0.697527101752126,0.697527101752126,0.8010054397347716,0.09949728013261427,-0.006866986775908855,-0.006916735415975162
2003-05-15,0.798351401168084,0.798351401168084,0.7870561163918667,0.013949323342904885,0.013611357234712051,0.0136043825730406
2003-05-16,0.6692237650059802,0.6692237650059802,0.697527101752126,0.08952901463974072,-0.017438248572177118,-0.017483013079496987
2003-05-19,0.4973201470130096,0.4973201470130096,0.798351401168084,0.10082429941595805,-0.03398093569762036,-0.03403134784732834
2003-05-20,0.3744344580124664,0.3744344580124664,0.6692237650059802,0.12912763616210376,-0.00035850853849450724,-0.00042307235657555915
2003-05-21,0.30641397165267203,0.30641397165267203,0.4973201470130096,0.17190361799297066,0.004797259564114721,0.004711307755118236
2003-05-22,0.25355969400729583,0.25355969400729583,0.3744344580124664,0.1228856890005432,-0.0013910136872071605,-0.0014524565317074322
2003-05-23,0.20161923427427075,0.20161923427427075,0.30641397165267203,0.06802048635979435,0.000652878234241353,0.0006188679910614558
2003-05-27,0.3748750925049775,0.3748750925049775,0.25355969400729583,0.0528542776453762,0.013075609370769811,0.013049182231947122
2003-05-28,0.4779886354784347,0.4779886354784347,0.20161923427427075,0.05194045973302508,-0.00040767289628913236,-0.0004336431261556449
2003-05-29,0.6519924236522898,0.6519924236522898,0.3748750925049775,0.17325585823070677,0.020699610836267198,0.020612982907151845
2003-05-30,0.7647316558921673,0.7647316558921673,0.4779886354784347,0.10311354297345715,-0.0002292425809776184,-0.00028079935246434697
2003-06-02,0.7228897438335693,0.7228897438335693,0.6519924236522898,0.17400378817385515,-0.013779269522830614,-0.013866271416917542
2003-06-03,0.8152598292223796,0.8152598292223796,0.7647316558921673,0.11273923223987747,0.027017044953478675,0.026960675337358735
2003-06-04,0.8768398861482531,0.8768398861482531,0.7228897438335693,0.041841912058597996,0.009593315170801094,0.009572394214771794
2003-06-05,0.9178932574321688,0.9178932574321688,0.8152598292223796,0.09237008538881031,0.017540613277437708,0.017494428234743304
2003-06-06,0.917308248652148,0.917308248652148,0.8768398861482531,0.06158005692587354,-0.0032118024347237736,-0.00324259246318671
2003-06-09,0.8929850926483899,0.8929850926483899,0.9178932574321688,0.04105337128391562,-0.0037968557340498257,-0.0038173824196917837
2003-06-10,0.92865672843226,0.92865672843226,0.917308248652148,0.0005850087800207682,0.012699670376063104,0.012699377871673094
2003-06-11,0.9233920811154277,0.9233920811154277,0.8929850926483899,0.024323156003758117,-0.0032517889684354623,-0.0032639505464373414
2003-06-12,0.9489280540769518,0.9489280540769518,0.92865672843226,0.035671635783870115,0.010606023272631028,0.010588187454739093
2003-06-13,0.7648230847546817,0.7648230847546817,0.9233920811154277,0.005264647316832294,-0.03253137365056841,-0.03253400597422682
2003-06-16,0.7440779972713707,0.7440779972713707,0.9489280540769518,0.0255359729615241,0.022656408009822698,0.022643640023341936
2003-06-17,0.6256883199205919,0.6256883199205919,0.7648230847546817,0.18410496932227005,-0.014687684289204406,-0.014779736773865541
2003-06-18,0.6188603435826227,0.6188603435826227,0.7440779972713707,0.020745087483311053,0.010406403375311502,0.010396030831569847
2003-06-19,0.5121472220159191,0.5121472220159191,0.6256883199205919,0.11838967735077877,-0.018123069045697368,-0.018182263884372756
2003-06-20,0.40600408543308514,0.40600408543308514,0.6188603435826227,0.006827976337969277,-0.013186243338839469,-0.013189657327008454
2003-06-23,0.3177686070617507,0.3177686070617507,0.5121472220159191,0.10671312156670354,-0.007680688529515302,-0.007734045090298654
2003-06-24,0.2601752432611014,0.2601752432611014,0.40600408543308514,0.10614313658283397,0.0017946148157551346,0.0017415432474637176
2003-06-25,0.205624573081413,0.205624573081413,0.3177686070617507,0.08823547837133444,-0.006370760091212242,-0.0064148778303979095
2003-06-26,0.20918089393896966,0.20918089393896966,0.2601752432611014,0.05759336380064928,0.0076597864950530585,0.007630989813152734
2003-06-27,0.2009956887962872,0.2009956887962872,0.205624573081413,0.054550670179688426,-0.0005980358388797244,-0.0006253111739695686
2003-06-30,0.20367746132187792,0.20367746132187792,0.20918089393896966,0.0035563208575566663,0.002440648048817966,0.0024388698883891875
2003-07-01,0.29108709462138527,0.29108709462138527,0.2009956887962872,0.00818520514268245,0.005795103582477064,0.005791010979905723
2003-07-02,0.5273913964142568,0.5273913964142568,0.20367746132187792,0.0026817725255907088,0.0076106059539547,0.007609265067691905
2003-07-03,0.5600972006922355,0.5600972006922355,0.29108709462138527,0.08740963329950735,-0.006422156984210956,-0.006465861800860709
2003-07-07,0.706731467128157,0.706731467128157,0.5273913964142568,0.23630430179287154,0.028894977925147617,0.028776825774251183
2003-07-08,0.8044876447521048,0.8044876447521048,0.5600972006922355,0.032705804277978645,0.00586761810893093,0.005851265206791941
2003-07-09,0.8696584298347365,0.8696584298347365,0.706731467128157,0.1466342664359216,0.010074309986974719,0.010000992853756758
2003-07-10,0.7956215964307021,0.7956215964307021,0.8044876447521048,0.09775617762394773,-0.019529903418196052,-0.019578781507008026
2003-07-11,0.8215422638202652,0.8215422638202652,0.8696584298347365,0.06517078508263174,0.01632264932803812,0.016290063935496802
2003-07-14,0.8810281758801768,0.8810281758801768,0.7956215964307021,0.07403683340403444,0.02318041854272003,0.023143400126018013
2003-07-15,0.9206854505867845,0.9206854505867845,0.8215422638202652,0.025920667389563112,0.002736194619170622,0.00272323428547584
2003-07-16,0.947123633724523,0.947123633724523,0.8810281758801768,0.059485912059911605,0.044233778439953755,0.0442040354839238
2003-07-17,0.8958370651109033,0.8958370651109033,0.9206854505867845,0.03965727470660774,-0.013823022561523717,-0.01384285119887702
2003-07-18,0.8164159669391763,0.8164159669391763,0.947123633724523,0.02643818313773849,-0.010257726684487585,-0.010270945776056454
2003-07-21,0.6824479902793401,0.6824479902793401,0.8958370651109033,0.05128656861361969,-0.02179635724471322,-0.02182200052902003
2003-07-22,0.6348252371212493,0.6348252371212493,0.8164159669391763,0.07942109817172704,0.01221536852715506,0.012175657978069196
2003-07-23,0.6595572095178759,0.6595572095178759,0.6824479902793401,0.13396797665983617,0.010899475065015773,0.010832491076685855
2003-07-24,0.5769460080146377,0.5769460080146377,0.6348252371212493,0.047622753158090836,-0.021493443065040668,-0.021517254441619713
2003-07-25,0.6447561333198348,0.6447561333198348,0.6595572095178759,0.02473197239662661,0.025865224512106447,0.025852858525908132
2003-07-28,0.6612976468776633,0.6612976468776633,0.5769460080146377,0.0826112015032382,-0.003474144369637164,-0.003515449970388783
2003-07-29,0.6954741885454826,0.6954741885454826,0.6447561333198348,0.06781012530519714,0.0036450691302836345,0.003611164067631036
2003-07-30,0.6305817998909294,0.6305817998909294,0.6612976468776633,0.016541513557828513,-0.0108888447530456,-0.010897115509824515
2003-07-31,0.6559014354083794,0.6559014354083794,0.6954741885454826,0.03417654166781925,0.011359419992691454,0.011342331721857545
2003-08-01,0.6988191628400655,0.6988191628400655,0.6305817998909294,0.06489238865455316,0.003293476694093185,0.003261030499765908
2003-08-04,0.7468937863154721,0.7468937863154721,0.6559014354083794,0.02531963551744998,0.0028836177215193462,0.0028709579037606214
2003-08-05,0.6479035071162311,0.6479035071162311,0.6988191628400655,0.04291772743168609,-0.023377690987443744,-0.02339914985115959
2003-08-06,0.5632975993256099,0.5632975993256099,0.7468937863154721,0.048074623475406586,-0.00400045252928488,-0.004024489841022583
2003-08-07,0.47079284925686815,0.47079284925686815,0.6479035071162311,0.09899027919924097,-0.004025698701447309,-0.0040751938410469295
2003-08-08,0.3424994491087386,0.3424994491087386,0.5632975993256099,0.08460590779062127,-0.009627233537741111,-0.009669536491636422
2003-08-11,0.28325623920516946,0.28325623920516946,0.47079284925686815,0.0925047500687417,0.006389107767437576,0.006342855392403205
2003-08-12,0.30447087854660965,0.30447087854660965,0.3424994491087386,0.12829340014812957,0.0067353455123470695,0.006671198812273005
2003-08-13,0.37656365980447415,0.37656365980447415,0.28325623920516946,0.05924320990356913,0.003951896256707718,0.003922274651755934
2003-08-14,0.5309950557772036,0.5309950557772036,0.30447087854660965,0.02121463934144019,0.005298322289954578,0.005287714970283858
2003-08-15,0.6062720517239497,0.6062720517239497,0.37656365980447415,0.0720927812578645,-0.0013479784681322677,-0.0013840248587612
2003-08-18,0.7375147011492998,0.7375147011492998,0.5309950557772036,0.15443139597272948,0.024164944635504667,0.024087728937518302
2003-08-19,0.8250098007661999,0.8250098007661999,0.6062720517239497,0.07527699594674608,0.006481946646269895,0.006444308148296522
2003-08-20,0.8459766000138318,0.8459766000138318,0.7375147011492998,0.13124264942535013,-0.003064958748328399,-0.003130580073041074
2003-08-21,0.8668535221578381,0.8668535221578381,0.8250098007661999,0.08749509961690005,0.0009384468663623369,0.0008946993165538869
2003-08-22,0.9112356814385587,0.9112356814385587,0.8459766000138318,0.020966799247631895,0.032057537526801606,0.03204705412717779
2003-08-25,0.8962546877316659,0.8962546877316659,0.8668535221578381,0.02087692214400627,-0.0047478669225160435,-0.004758305383588047
2003-08-26,0.9308364584877773,0.9308364584877773,0.9112356814385587,0.044382159280720646,0.01572244199309756,0.015700250913457198
2003-08-27,0.9538909723251849,0.9538909723251849,0.8962546877316659,0.014980993706892765,0.010027077559114594,0.010019587062261148
2003-08-28,0.96926064821679,0.96926064821679,0.9308364584877773,0.03458177075611135,0.009301163997029202,0.009283873111651146
2003-08-29,0.9795070988111934,0.9795070988111934,0.9538909723251849,0.023054513837407642,0.009775427313679181,0.009763900056760477
2003-09-02,0.986338065874129,0.986338065874129,0.96926064821679,0.015369675891605095,0.005085266146315136,0.005077581308369334
2003-09-03,0.861358387750617,0.861358387750617,0.9795070988111934,0.010246450594403322,-0.017722523300609784,-0.017727646525906984
2003-09-04,0.8640970997803751,0.8640970997803751,0.986338065874129,0.006830967062935622,0.013281315379342778,0.01327789989581131
2003-09-05,0.899404847201655,0.899404847201655,0.861358387750617,0.12497967812351196,0.0033129345791436033,0.0032504447400818473
2003-09-08,0.9329365648011034,0.9329365648011034,0.8640970997803751,0.0027387120297580614,0.014146092771246798,0.01414472341523192
2003-09-09,0.8291012033391845,0.8291012033391845,0.899404847201655,0.035307747421279956,-0.012021152947385361,-0.012038806821096001
2003-09-10,0.6739260012507892,0.6739260012507892,0.9329365648011034,0.033531717599448396,-0.036617149890686436,-0.03663391574948616
2003-09-11,0.6064702487209512,0.6064702487209512,0.8291012033391845,0.10383536146191896,0.011090593905971025,0.011038676225240065
2003-09-12,0.596856583220046,0.596856583220046,0.6739260012507892,0.1551752020883953,0.0074533606075606355,0.007375773006516438
2003-09-15,0.554680045329017,0.554680045329017,0.6064702487209512,0.06745575252983793,-0.007489979096464474,-0.007523706972729393
2003-09-16,0.6589767617497457,0.6589767617497457,0.596856583220046,0.009613665500905255,0.019617920748314484,0.019613113915564032
2003-09-17,0.7215000011826556,0.7215000011826556,0.554680045329017,0.04217653789102893,-0.0005755498963611323,-0.0005966381653066468
2003-09-18,0.8105894804831917,0.8105894804831917,0.6589767617497457,0.10429671642072869,0.006389121207668481,0.0063369728494581164
2003-09-19,0.8717430708483507,0.8717430708483507,0.7215000011826556,0.06252323943290983,0.0002471900521458567,0.00021592843242940177
2003-09-22,0.8094623518196994,0.8094623518196994,0.8105894804831917,0.08908947930053612,-0.01806240249879783,-0.0181069472384481
2003-09-23,0.8291286583743935,0.8291286583743935,0.8717430708483507,0.061153590365158994,0.012837574884025295,0.012806998088842716
2003-09-24,0.6849381159655945,0.6849381159655945,0.8094623518196994,0.06228071902865129,-0.03244528707090643,-0.03247642743042076
2003-09-25,0.5563914128840824,0.5563914128840824,0.8291286583743935,0.019666306554694146,-0.009849506494200121,-0.009859339647477467
2003-09-26,0.45786283130618743,0.45786283130618743,0.6849381159655945,0.14419054240879903,-0.004491431865118286,-0.004563527136322685
2003-09-29,0.4933227368899342,0.4933227368899342,0.5563914128840824,0.12854670308151206,0.02244337943396074,0.022379106082419983
2003-09-30,0.42739672573485155,0.42739672573485155,0.45786283130618743,0.09852858157789501,-0.013718054222071951,-0.013767318512860898
2003-10-01,0.5220228425846114,0.5220228425846114,0.4933227368899342,0.03545990558374679,0.01989754596256008,0.019879816009768205
2003-10-02,0.5830446895251771,0.5830446895251771,0.42739672573485155,0.06592601115508268,-0.00014908977029743427,-0.0001820527758749756
2003-10-03,0.7220297930167847,0.7220297930167847,0.5220228425846114,0.09462611684975986,0.01805718278061688,0.018009869722192002
2003-10-06,0.8044720621718109,0.8044720621718109,0.5830446895251771,0.06102184694056567,-0.0009841827791567982,-0.001014693702627081
2003-10-07,0.869648041447874,0.869648041447874,0.7220297930167847,0.13898510349160764,0.009526031785702266,0.009456539233956462
2003-10-08,0.854390502341142,0.854390502341142,0.8044720621718109,0.08244226915502617,-0.00752120528920485,-0.007562426423782363
2003-10-09,0.8642119212920853,0.8642119212920853,0.869648041447874,0.06517597927606311,0.0029312699840222055,0.002898681994384174
2003-10-10,0.9094746141947236,0.9094746141947236,0.854390502341142,0.015257539106731999,0.018941812151658247,0.018934183382104883
2003-10-13,0.9396497427964825,0.9396497427964825,0.8642119212920853,0.00982141895094335,0.01050770912391897,0.010502798414443498
2003-10-14,0.959766495197655,0.959766495197655,0.9094746141947236,0.04526269290263829,0.008268049142611188,0.008245417796159869
2003-10-15,0.9731776634651035,0.9731776634651035,0.9396497427964825,0.03017512860175886,0.020558744228826524,0.020543656664525643
2003-10-16,0.9821184423100691,0.9821184423100691,0.959766495197655,0.0201167524011725,0.014203394990055069,0.014193336613854482
2003-10-17,0.8411309813933843,0.8411309813933843,0.9731776634651035,0.013411168267448481,-0.017211224847416502,-0.017217930431550225
2003-10-20,0.8712511048959382,0.8712511048959382,0.9821184423100691,0.00894077884496558,0.015510430223114798,0.015505959833692315
2003-10-21,0.8800129059944988,0.8800129059944988,0.8411309813933843,0.1409874609166848,-0.0010464803534984283,-0.0011169740839567705
2003-10-22,0.7722421108272488,0.7722421108272488,0.8712511048959382,0.030120123502553886,-0.016274605145294798,-0.016289665207046077
2003-10-23,0.6709493046737025,0.6709493046737025,0.8800129059944988,0.008761801098560618,-0.00837595946768591,-0.00838034036823519
2003-10-24,0.5768153986171448,0.5768153986171448,0.7722421108272488,0.10777079516724997,-0.0034630096443799994,-0.0035168950419636243
2003-10-27,0.5533100304702877,0.5533100304702877,0.6709493046737025,0.1012928061535463,0.0073399025812766324,0.007289256178199859
2003-10-28,0.7022066869801918,0.7022066869801918,0.5768153986171448,0.09413390605655769,0.022947678010583783,0.022900611057555503
2003-10-29,0.8014711246534613,0.8014711246534613,0.5533100304702877,0.02350536814685711,0.002201858050214314,0.0021901053661408858
2003-10-30,0.8676474164356409,0.8676474164356409,0.7022066869801918,0.14889665650990414,0.001926641371046883,0.001852193042791931
2003-10-31,0.9117649442904274,0.9117649442904274,0.8014711246534613,0.09926443767326942,0.001461822019041982,0.0014121898002053472
2003-11-03,0.9411766295269517,0.9411766295269517,0.8676474164356409,0.06617629178217965,0.028702650559588355,0.028669562413697263
2003-11-04,0.9027397693888559,0.9027397693888559,0.9117649442904274,0.04411752785478651,-0.009643067167273358,-0.009665125931200752
2003-11-05,0.8805958386167814,0.8805958386167814,0.9411766295269517,0.029411685236524265,0.0022375108494289047,0.0022228050068106423
2003-11-06,0.920397225744521,0.920397225744521,0.9027397693888559,0.038436860138095774,0.010167199138460621,0.010147980708391574
2003-11-07,0.8933040984797076,0.8933040984797076,0.8805958386167814,0.02214393077207455,-0.006452277086754464,-0.006463349052140501
2003-11-10,0.7929180072295183,0.7929180072295183,0.920397225744521,0.03980138712773962,-0.013044009367177527,-0.013063910060741396
2003-11-11,0.6870215695126022,0.6870215695126022,0.8933040984797076,0.027093127264813388,0.0005349517841326178,0.000521405220500211
2003-11-12,0.7850469186778745,0.7850469186778745,0.7929180072295183,0.10038609125018927,0.016375818580506924,0.01632562553488183
2003-11-13,0.7696171418194486,0.7696171418194486,0.6870215695126022,0.10589643771691615,-0.006446869063394629,-0.006499817282253087
2003-11-14,0.6302326117206325,0.6302326117206325,0.7850469186778745,0.09802534916527228,-0.02277512463221837,-0.022824137306801006
2003-11-17,0.4696174054172489,0.4696174054172489,0.7696171418194486,0.015429776858425837,-0.013374685016651408,-0.013382399905080621
2003-11-18,0.34601929375066687,0.34601929375066687,0.6302326117206325,0.13938453009881613,-0.007626173977866576,-0.007695866242915984
2003-11-19,0.3150580617728109,0.3150580617728109,0.4696174054172489,0.1606152063033836,0.010029598541841026,0.009949290938689334
2003-11-20,0.2537594990937532,0.2537594990937532,0.34601929375066687,0.12359811166658202,-0.0073419122802473626,-0.007403711336080653
2003-11-21,0.24808735968908185,0.24808735968908185,0.3150580617728109,0.03096123197785594,0.004850278577137782,0.004834797961148854
2003-11-24,0.3795078631287406,0.3795078631287406,0.2537594990937532,0.0612985626790577,0.008950603047143972,0.008919953765804444
2003-11-25,0.4189049269594768,0.4189049269594768,0.24808735968908185,0.0056721394046713725,-0.002891570505358559,-0.0028944065750608947
2003-11-26,0.4749520931154315,0.4749520931154315,0.3795078631287406,0.13142050343965872,0.0032133230802563863,0.003147612828536557
2003-11-28,0.5398225782058997,0.5398225782058997,0.4189049269594768,0.03939706383073621,0.0023865242446704034,0.0023668257127550355
2003-12-01,0.6723646709078589,0.6723646709078589,0.4749520931154315,0.05604716615595473,0.00708047125706763,0.007052447673989652
2003-12-02,0.7115687311757449,0.7115687311757449,0.5398225782058997,0.06487048509046822,-0.003013322565150539,-0.003045757807695773
2003-12-03,0.6476732867021113,0.6476732867021113,0.6723646709078589,0.13254209270195916,-0.010129979038663209,-0.010196250085014189
2003-12-04,0.6348746005381738,0.6348746005381738,0.7115687311757449,0.03920406026788603,0.004268512380293541,0.004248910350159598
2003-12-05,0.5038146212971641,0.5038146212971641,0.6476732867021113,0.0638954444736336,-0.027807256768183027,-0.027839204490419843
2003-12-08,0.38833436765459783,0.38833436765459783,0.6348746005381738,0.012798686163937534,-0.009097933861414576,-0.009104333204496544
2003-12-09,0.24946775482989098,0.24946775482989098,0.5038146212971641,0.13105997924100965,-0.02213335814156647,-0.022198888131186974
2003-12-10,0.16321857002110587,0.16321857002110587,0.38833436765459783,0.11548025364256631,0.0021824349024059803,0.002124694775584697
2003-12-11,0.12709690218045555,0.12709690218045555,0.24946775482989098,0.13886661282470686,0.0040183978916543866,0.003948964585242033
2003-12-12,0.10039658541862212,0.10039658541862212,0.16321857002110587,0.0862491848087851,-0.00026405009721312725,-0.0003071746896175198
2003-12-15,0.05731923083037689,0.05731923083037689,0.12709690218045555,0.03612166784065032,-0.0025535205638910464,-0.0025715813978113714
2003-12-16,0.028920510125506945,0.028920510125506945,0.10039658541862212,0.02670031676183343,6.642894116445335e-05,5.3078782783536635e-05
2003-12-17,0.006149017116304615,0.006149017116304615,0.05731923083037689,0.04307735458824523,-0.00017046047440571961,-0.00019199915169984224
2003-12-18,0.023988868355556026,0.023988868355556026,0.028920510125506945,0.028398720704869946,0.0006997580135222689,0.0006855586531698339
2003-12-19,0.018792723824433692,0.018792723824433692,0.006149017116304615,0.02277149300920233,-6.566746167267575e-05,-7.705320817727691e-05
2003-12-22,0.004491937117755314,0.004491937117755314,0.023988868355556026,0.01783985123925141,-0.00011770987095184974,-0.00012662979657147546
2003-12-23,0.012124280510137144,0.012124280510137144,0.018792723824433692,0.005196144531122333,0.00042626065422777653,0.00042366258196221534
2003-12-24,0.004149711017908379,0.004149711017908379,0.004491937117755314,0.014300786706678378,-4.330684906654447e-06,-1.1481078259993637e-05
2003-12-26,0.005646738048576357,0.005646738048576357,0.012124280510137144,0.00763234339238183,0.00010922890759897273,0.00010541273590278181
2003-12-29,0.020145630032954494,0.020145630032954494,0.004149711017908379,0.007974569492228765,0.00010453763272594247,0.00010055034797982809
2003-12-30,0.021593821855979495,0.021593821855979495,0.005646738048576357,0.0014970270306679774,-1.9322130343748865e-05,-2.0070643859082853e-05
2003-12-31,0.021337905665408528,0.021337905665408528,0.020145630032954494,0.014498891984378138,6.284137653643577e-06,-9.653083385454912e-07
2004-01-02,0.02386213115871877,0.02386213115871877,0.021593821855979495,0.0014481918230250003,7.410960716907013e-05,7.338551125755763e-05
2004-01-05,0.05476211421495973,0.05476211421495973,0.021337905665408528,0.0002559161905709671,0.0004976166539526439,0.0004974886958573584
2004-01-06,0.05867335661056248,0.05867335661056248,0.02386213115871877,0.0025242254933102413,-7.239453996124792e-06,-8.501566742779912e-06
2004-01-07,0.2922692442780247,0.2922692442780247,0.05476211421495973,0.030899983056240962,0.0018142774019425315,0.001798827410414411
2004-01-08,0.5281794961853498,0.5281794961853498,0.05867335661056248,0.003911242395602747,0.0004315714795426674,0.00042961585834486605
2004-01-09,0.5480887053610612,0.5480887053610612,0.2922692442780247,0.23359588766746223,-0.0023047098693194062,-0.0024215078131531375
2004-01-12,0.6447637238343737,0.6447637238343737,0.5281794961853498,0.23591025190732506,0.002798596548169398,0.0026806414222157356
2004-01-13,0.5380193642464524,0.5380193642464524,0.5480887053610612,0.019909209175711484,-0.008987577635635968,-0.008997532240223823
2004-01-14,0.4396576437061668,0.4396576437061668,0.6447637238343737,0.0966750184733125,-0.003839108872888783,-0.003887446382125439
2004-01-15,0.34556188802686605,0.34556188802686605,0.5380193642464524,0.10674435958792139,-0.005317326297367567,-0.0053706984771615274
2004-01-16,0.2709372351560896,0.2709372351560896,0.4396576437061668,0.09836172054028558,-0.0022607666359904374,-0.00230994749626058
2004-01-20,0.19826861965059958,0.19826861965059958,0.34556188802686605,0.09409575567930073,-0.00294191316607518,-0.0029889610439148306
2004-01-21,0.1344640922316893,0.1344640922316893,0.2709372351560896,0.07462465287077646,-0.0034063120652635132,-0.0034436243916989013
2004-01-22,0.08826600014912624,0.08826600014912624,0.19826861965059958,0.07266861550549,-0.003509807659511694,-0.003546141967264439
2004-01-23,0.05838677690524448,0.05838677690524448,0.1344640922316893,0.0638045274189103,0.0005101222292165629,0.0004782199655071078
2004-01-26,0.04561776447706024,0.04561776447706024,0.08826600014912624,0.04619809208256305,0.0018904647661688273,0.0018673657201275459
2004-01-27,0.01407231204864922,0.01407231204864922,0.05838677690524448,0.02987922324388176,-0.001440335563863016,-0.0014552751754849569
2004-01-28,-0.016124711087537352,-0.016124711087537352,0.04561776447706024,0.012769012428184241,-0.00036055757631752925,-0.0003669420825316214
2004-01-29,-0.08092854903652025,-0.08092854903652025,0.01407231204864922,0.03154545242841102,-0.00021973320628695744,-0.00023550593250116293
2004-01-30,-0.21033948215807982,-0.21033948215807982,-0.016124711087537352,0.030197023136186572,0.00019314978311093123,0.00017805127154283795
2004-02-02,-0.37882668252583396,-0.37882668252583396,-0.08092854903652025,0.0648038379489829,0.0005303257591173465,0.000497923840142855
2004-02-03,-0.31141351125202166,-0.31141351125202166,-0.21033948215807982,0.12941093312155957,-0.007492289840002851,-0.007556995306563631
2004-02-04,-0.5409423408346811,-0.5409423408346811,-0.37882668252583396,0.16848720036775414,0.016187108167152436,0.01610286456696856
2004-02-05,-0.6939615605564541,-0.6939615605564541,-0.31141351125202166,0.0674131712738123,0.0010372424749258266,0.0010035358892889206
2004-02-06,-0.5813823239326366,-0.5813823239326366,-0.5409423408346811,0.2295288295826594,-0.017356482026502622,-0.017471246441293952
2004-02-09,-0.5501350580128049,-0.5501350580128049,-0.6939615605564541,0.15301921972177301,0.006966713971409515,0.006890204361548628
2004-02-10,-0.5316631169734626,-0.5316631169734626,-0.5813823239326366,0.11257923662381752,0.0005701907305156051,0.0005139011122036963
2004-02-11,-0.4520561719776216,-0.4520561719776216,-0.5501350580128049,0.031247265919831624,-0.008105958406485547,-0.008121582039445463
2004-02-12,-0.43438649594968703,-0.43438649594968703,-0.5316631169734626,0.018471941039342354,0.0042891537982695065,0.004279917827749835
2004-02-13,-0.5520550231908159,-0.5520550231908159,-0.4520561719776216,0.07960694499584098,0.008823360356418466,0.008783556883920546
2004-02-17,-0.4957584057590344,-0.4957584057590344,-0.43438649594968703,0.017669676027934567,-0.009656086726856587,-0.009664921564870553
2004-02-18,-0.47977449068092637,-0.47977449068092637,-0.5520550231908159,0.11766852724112886,0.003762790588887483,0.0037039563252669184
2004-02-19,-0.6531829937872843,-0.6531829937872843,-0.4957584057590344,0.05629661743178149,0.011502883195549984,0.011474734886834094
2004-02-20,-0.7184851280597266,-0.7184851280597266,-0.47977449068092637,0.015983915078108035,-0.001765819859283841,-0.001773811816822895
2004-02-23,-0.8123234187064845,-0.8123234187064845,-0.6531829937872843,0.17340850310635791,0.021772951778703857,0.02168624752715068
2004-02-24,-0.8004513019562464,-0.8004513019562464,-0.7184851280597266,0.06530213427244236,-0.004955113478143852,-0.004987764545280073
2004-02-25,-0.696621325546955,-0.696621325546955,-0.8123234187064845,0.09383829064675786,-0.011683827901916848,-0.011730747047240227
2004-02-26,-0.643074881875674,-0.643074881875674,-0.8004513019562464,0.011872116750238138,0.003242588535113163,0.0032366524767380436
2004-02-27,-0.6877690591024188,-0.6877690591024188,-0.696621325546955,0.10382997640929137,0.007084307230206019,0.007032392242001373
2004-03-01,-0.604255178012258,-0.604255178012258,-0.643074881875674,0.05354644367128103,-0.01079120399374824,-0.01081797721558388
2004-03-02,-0.5472870595080205,-0.5472870595080205,-0.6877690591024188,0.04469417722674485,0.0020848730922827523,0.0020625260036693798
2004-03-03,-0.6801024828161479,-0.6801024828161479,-0.604255178012258,0.08351388109016078,0.011431699932085168,0.011389942991540088
2004-03-04,-0.6040075348049474,-0.6040075348049474,-0.5472870595080205,0.05696811850423755,-0.011495796782864534,-0.011524280842116654
2004-03-05,-0.7360050232032983,-0.7360050232032983,-0.6801024828161479,0.13281542330812746,0.01605611084147416,0.015989703129820097
2004-03-08,-0.8240033488021989,-0.8240033488021989,-0.6040075348049474,0.07609494801120054,0.026079637211531528,0.026041589737525926
2004-03-09,-0.8140517056340681,-0.8140517056340681,-0.7360050232032983,0.1319974883983509,-0.007439745903542898,-0.0075057446477420735
2004-03-10,-0.8760344704227121,-0.8760344704227121,-0.8240033488021989,0.08799832559890064,0.01973110893572285,0.0196871097729234
2004-03-11,-0.9173563136151415,-0.9173563136151415,-0.8140517056340681,0.009951643168130797,0.006856237005679715,0.006851261184095649
2004-03-12,-0.8294727114857328,-0.8294727114857328,-0.8760344704227121,0.06198276478864395,-0.01973348159962299,-0.019764472982017313
2004-03-15,-0.8813588932584122,-0.8813588932584122,-0.9173563136151415,0.041321843192429375,0.019546810759570144,0.01952614983797393
2004-03-16,-0.9017694889103358,-0.9017694889103358,-0.8294727114857328,0.08788360212940871,-0.0018368126055036639,-0.0018807544065683683
2004-03-17,-0.807937739719495,-0.807937739719495,-0.8813588932584122,0.05188618177267945,-0.020444001129933595,-0.020469944220819936
2004-03-18,-0.8441442155012764,-0.8441442155012764,-0.9017694889103358,0.020410595651923602,0.01914527716878039,0.01913507187095443
2004-03-19,-0.8960961436675177,-0.8960961436675177,-0.807937739719495,0.09383174919084081,0.021089879248788187,0.021042963374192765
2004-03-22,-0.9307307624450118,-0.9307307624450118,-0.8441442155012764,0.03620647578178138,0.008284970806004958,0.008266867568114067
2004-03-23,-0.9538205082966746,-0.9538205082966746,-0.8960961436675177,0.05195192816624128,0.0023920162485434123,0.0023660402844602915
2004-03-24,-0.8803360236445583,-0.8803360236445583,-0.9307307624450118,0.034634618777494186,-0.013164206943403978,-0.013181524252792724
2004-03-25,-0.7042288153030652,-0.7042288153030652,-0.9538205082966746,0.02308974585166279,-0.045300805001001594,-0.045312349873927425
2004-03-26,-0.6201789562233634,-0.6201789562233634,-0.8803360236445583,0.07348448465211632,0.012988362104575778,0.01295161986224972
2004-03-29,-0.531136001403248,-0.531136001403248,-0.7042288153030652,0.17610720834149307,-0.00797356779446884,-0.008061621398639586
2004-03-30,-0.49630850595706233,-0.49630850595706233,-0.6201789562233634,0.08404985907970186,0.00582337945070474,0.005781354521164889
2004-03-31,-0.4916713659931011,-0.4916713659931011,-0.531136001403248,0.08904295482011537,0.004453498426337356,0.004408976948927299
2004-04-01,-0.4633758676391108,-0.4633758676391108,-0.49630850595706233,0.034827495446185686,-0.0032842781338433004,-0.0033016918815663935
2004-04-02,-0.3829844534321795,-0.3829844534321795,-0.4916713659931011,0.0046371399639612565,-0.013288642229372287,-0.013290960799354268
2004-04-05,-0.30211010247785264,-0.30211010247785264,-0.4633758676391108,0.028295498353990256,-0.007085623054599366,-0.0070997708037763615
2004-04-06,-0.2648264917243164,-0.2648264917243164,-0.3829844534321795,0.0803914142069313,0.00375603567960399,0.0037158399725005244
2004-04-07,-0.2871295945672656,-0.2871295945672656,-0.30211010247785264,0.08087435095432688,0.006946428898101424,0.006905991722624261
2004-04-08,-0.27826873034486876,-0.27826873034486876,-0.2648264917243164,0.037283610753536256,0.002396956644145521,0.002378314838768753
2004-04-12,-0.24532417149875219,-0.24532417149875219,-0.2871295945672656,0.02230310284294923,-0.0024129395386929767,-0.0024240910901144512
2004-04-13,-0.21338974927223828,-0.21338974927223828,-0.27826873034486876,0.008860864222396847,-0.0007056648014184737,-0.0007100952335296722
2004-04-14,-0.2098375549178954,-0.2098375549178954,-0.24532417149875219,0.03294455884611658,0.002659815457568855,0.0026433431781457965
2004-04-15,-0.32095494772270144,-0.32095494772270144,-0.21338974927223828,0.03193442222651391,0.00553552522569359,0.005519558014580333
2004-04-16,-0.4451821582098989,-0.4451821582098989,-0.2098375549178954,0.003552194354342869,0.0016529105762687262,0.0016511344790915547
2004-04-19,-0.4399548286712538,-0.4399548286712538,-0.32095494772270144,0.11111739280480604,-0.002791092968175623,-0.002846651664578026
2004-04-20,-0.6266365524475026,-0.6266365524475026,-0.4451821582098989,0.12422721048719748,0.010178481709474212,0.010116368104230613
2004-04-21,-0.6435071845913116,-0.6435071845913116,-0.4399548286712538,0.005227329538645131,-0.0035440236836946685,-0.0035466373484639912
2004-04-22,-0.5693162877343827,-0.5693162877343827,-0.6266365524475026,0.1866817237762488,-0.005722463982188239,-0.005815804844076363
2004-04-23,-0.4340353072180401,-0.4340353072180401,-0.6435071845913116,0.016870632143809017,-0.024507718195215057,-0.024516153511286963
2004-04-26,-0.37912240906701916,-0.37912240906701916,-0.5693162877343827,0.07419089685692892,0.007858418392171525,0.007821322943743061
2004-04-27,-0.3771523947535955,-0.3771523947535955,-0.4340353072180401,0.13528098051634257,0.0043165517998532054,0.004248911309595034
2004-04-28,-0.488403758352383,-0.488403758352383,-0.37912240906701916,0.05491289815102096,0.007475224347574771,0.00744776789849926
2004-04-29,-0.6317783887843438,-0.6317783887843438,-0.3771523947535955,0.0019700143134236403,0.0031489008008148264,0.0031479157936581148
2004-04-30,-0.7545189258562293,-0.7545189258562293,-0.488403758352383,0.11125136359878746,0.0074762179255480265,0.0074205922437486325
2004-05-03,-0.7332057715487816,-0.7332057715487816,-0.6317783887843438,0.1433746304319608,-0.007611767214965024,-0.007683454530181004
2004-05-04,-0.6576792291344868,-0.6576792291344868,-0.7545189258562293,0.12274053707188548,-0.0069541798209414385,-0.007015550089477381
2004-05-05,-0.6143665479766199,-0.6143665479766199,-0.7332057715487816,0.021313154307447624,0.0011176468045603326,0.0011069902274066087
2004-05-06,-0.6389267549676042,-0.6389267549676042,-0.6576792291344868,0.0755265424142948,0.00552293998801149,0.005485176716804342
2004-05-07,-0.502351226147812,-0.502351226147812,-0.6143665479766199,0.043312681157866906,-0.01158768429345639,-0.011609340634035323
2004-05-10,-0.3971472298622003,-0.3971472298622003,-0.6389267549676042,0.024560206990984268,-0.0019308642085484296,-0.0019431443120439217
2004-05-11,-0.28212878032454025,-0.28212878032454025,-0.502351226147812,0.13657552881979218,-0.023083547805733882,-0.02315183557014378
2004-05-12,-0.20933711074125358,-0.20933711074125358,-0.3971472298622003,0.10520399628561172,0.0028600759905099355,0.0028074739923671294
2004-05-13,-0.15506739059655109,-0.15506739059655109,-0.28212878032454025,0.11501844953766005,0.0013304461922494357,0.0012729369674806057
2004-05-14,-0.14391474829502038,-0.14391474829502038,-0.20933711074125358,0.07279166958328667,0.0030515914282620875,0.0030151955934704443
2004-05-17,-0.14665593470174015,-0.14665593470174015,-0.15506739059655109,0.054269720144702494,0.001146978604241734,0.0011198437441693827
2004-05-18,-0.12604748603749338,-0.12604748603749338,-0.14391474829502038,0.011152642301530707,-0.0016622721559329007,-0.0016678484770836662
2004-05-19,-0.1152754853736572,-0.1152754853736572,-0.14665593470174015,0.0027411864067197755,0.00021608587403502003,0.00021471528083166015
2004-05-20,-0.08769207686890065,-0.08769207686890065,-0.12604748603749338,0.02060844866424677,-0.0013948509632728948,-0.0014051551876050183
2004-05-21,-0.06093457743971742,-0.06093457743971742,-0.1152754853736572,0.010772000663836184,-0.0005887743997250067,-0.0005941604000569248
2004-05-24,-0.0330744590745687,-0.0330744590745687,-0.08769207686890065,0.027583408504756546,-0.0006047541547758675,-0.0006185458590282457
2004-05-25,-0.018663349674184638,-0.018663349674184638,-0.06093457743971742,0.026757499429183235,-0.00079079630753473,-0.0008041750572493216
2004-05-26,-0.006249912239431024,-0.006249912239431024,-0.0330744590745687,0.02786011836514872,-0.0003177924684542675,-0.0003317225276368419
2004-05-27,0.0021426756508975495,0.0021426756508975495,-0.018663349674184638,0.014411109400384061,-5.2628505348510635e-05,-5.983406004870267e-05
2004-05-28,0.016408659675518553,0.016408659675518553,-0.006249912239431024,0.012413437434753614,-2.1971552133582998e-05,-2.8178270850959804e-05
2004-06-01,0.050557952044847546,0.050557952044847546,0.0021426756508975495,0.008392587890328575,-1.6512062699515725e-05,-2.0708356644680015e-05
2004-06-02,0.050240303011295465,0.050240303011295465,0.016408659675518553,0.014265984024621004,-0.00018533962993233865,-0.00019247262194464917
2004-06-03,0.04263764746919475,0.04263764746919475,0.050557952044847546,0.034149292369328996,-0.0010829965937352772,-0.0011000712399199418
2004-06-04,0.14523370075899772,0.14523370075899772,0.050240303011295465,0.00031764903355208096,0.0013379955573140363,0.0013378367327972602
2004-06-07,0.43015580050599844,0.43015580050599844,0.04263764746919475,0.007602655542100711,0.0009242892258886536,0.0009204878981176033
2004-06-08,0.620103867003999,0.620103867003999,0.14523370075899772,0.10259605328980297,0.0012124714552764274,0.0011611734286315258
2004-06-09,0.5356734318896408,0.5356734318896408,0.43015580050599844,0.2849220997470007,-0.008754701980891746,-0.008897163030765248
2004-06-10,0.5392511686746847,0.5392511686746847,0.620103867003999,0.18994806649800056,0.005240612722599693,0.005145638689350693
2004-06-14,0.4276313571891797,0.4276313571891797,0.5356734318896408,0.08443043511435822,-0.012157524412816345,-0.012199739630373524
2004-06-15,0.4324511790930172,0.4324511790930172,0.5392511686746847,0.003577736785043917,0.008477146817378508,0.008475357948985986
2004-06-16,0.3825234353261191,0.3825234353261191,0.4276313571891797,0.11161981148550498,-0.004663042762145935,-0.004718852667888688
2004-06-17,0.289303450049067,0.289303450049067,0.4324511790930172,0.004819821903837507,-0.007535682199919502,-0.007538092110871421
2004-06-18,0.22463053335091665,0.22463053335091665,0.3825234353261191,0.049927743766898125,0.00013864576459968333,0.00011368189271623427
2004-06-21,0.16561160748089832,0.16561160748089832,0.289303450049067,0.09321998527705211,-0.0012560223470959304,-0.0013026323397344565
2004-06-22,0.17640824458996207,0.17640824458996207,0.22463053335091665,0.06467291669815034,0.004244396568665189,0.004212060110316114
2004-06-23,0.27615329967090285,0.27615329967090285,0.16561160748089832,0.059018925870018335,0.0028349324134187004,0.002805422950483691
2004-06-24,0.24372144222114434,0.24372144222114434,0.17640824458996207,0.010796637109063756,-0.0035256338838328704,-0.0035310322023874023
2004-06-25,0.20258835916238893,0.20258835916238893,0.27615329967090285,0.09974505508094078,-0.001679610454916103,-0.0017294829824565734
2004-06-28,0.14091973029774782,0.14091973029774782,0.24372144222114434,0.03243185744975852,-0.003509386189042547,-0.003525602117767426
2004-06-29,0.11215551207933927,0.11215551207933927,0.20258835916238893,0.041133083058755404,0.0016278927681920166,0.001607326226662639
2004-06-30,0.0932299341596051,0.0932299341596051,0.14091973029774782,0.06166862886464111,0.0,-3.083431443232055e-05
2004-07-01,0.04477137266066064,0.04477137266066064,0.11215551207933927,0.02876421821840855,-0.0023569250042731944,-0.0023713071133823985
2004-07-02,-0.07578443489038258,-0.07578443489038258,0.0932299341596051,0.018925577919734177,-0.0023808163710880644,-0.0023902791600479314
2004-07-06,-0.20877557306233036,-0.20877557306233036,0.04477137266066064,0.04845856149894445,-0.0003740579391088937,-0.00039828721985836593
2004-07-07,-0.2326182760352569,-0.2326182760352569,-0.07578443489038258,0.12055580755104323,-0.000667583462706283,-0.0007278613664818047
2004-07-08,-0.24383050465675304,-0.24383050465675304,-0.20877557306233036,0.13299113817194777,0.0009511823346893734,0.0008846867656033996
2004-07-09,-0.21012604932581308,-0.21012604932581308,-0.2326182760352569,0.02384270297292654,-0.0031050905330825564,-0.00311701188456902
2004-07-12,-0.2383904114621118,-0.2383904114621118,-0.24383050465675304,0.01121222862149615,0.003028230165539208,0.00302262405122846
2004-07-13,-0.27960943043394404,-0.27960943043394404,-0.21012604932581308,0.033704455330939964,0.0008008988976705107,0.0007840466700050408
2004-07-14,-0.519739620289296,-0.519739620289296,-0.2383904114621118,0.02826436213629871,0.02517050891037345,0.0251563767293053
2004-07-15,-0.6798264135261973,-0.6798264135261973,-0.27960943043394404,0.04121901897183225,0.0027505989311472512,0.002729989421661335
2004-07-16,-0.7865509423507983,-0.7865509423507983,-0.519739620289296,0.24013018985535195,0.009429619740327149,0.009309554645399473
2004-07-19,-0.8232404985134134,-0.8232404985134134,-0.6798264135261973,0.16008679323690134,-0.005383911311973934,-0.0054639547085923845
2004-07-20,-0.7941191003384351,-0.7941191003384351,-0.7865509423507983,0.10672452882460093,-0.01132974510030207,-0.01138310736471437
2004-07-21,-0.8627460668922902,-0.8627460668922902,-0.8232404985134134,0.036689556162615156,0.02408796285768535,0.024069618079604043
2004-07-22,-0.7973734942828966,-0.7973734942828966,-0.7941191003384351,0.029121398174978275,-0.024992037935910875,-0.025006598634998364
2004-07-23,-0.844781023713884,-0.844781023713884,-0.8627460668922902,0.06862696655385503,0.022245313328512165,0.022210999845235238
2004-07-26,-0.8279563559210525,-0.8279563559210525,-0.7973734942828966,0.06537257260939355,-0.010551850378930132,-0.01058453666523483
2004-07-27,-0.7749344123845507,-0.7749344123845507,-0.844781023713884,0.04740752943098736,-0.011033383965524092,-0.011057087730239586
2004-07-28,-0.6451901234694553,-0.6451901234694553,-0.8279563559210525,0.016824667792831427,-0.00676012812779866,-0.006768540461695076
2004-07-29,-0.49601824974175285,-0.49601824974175285,-0.7749344123845507,0.0530219435365018,-0.025765154654811946,-0.025791665626580196
2004-07-30,-0.38099709502841894,-0.38099709502841894,-0.6451901234694553,0.12974428891509548,-0.0037263296728546023,-0.00379120181731215
2004-08-02,-0.2799537347253187,-0.2799537347253187,-0.49601824974175285,0.1491718737277024,-0.010579334317417192,-0.010653920254281043
2004-08-03,-0.264100339622177,-0.264100339622177,-0.38099709502841894,0.1150211547133339,0.011169608757686696,0.01111209818033003
2004-08-04,-0.253798711303732,-0.253798711303732,-0.2799537347253187,0.10104336030310024,0.0018564173254220335,0.0018058956452704834
2004-08-05,-0.26552488616751774,-0.26552488616751774,-0.264100339622177,0.01585339510314171,0.0033052489983538065,0.0032973223008022357
2004-08-06,-0.4384946202620186,-0.4384946202620186,-0.253798711303732,0.010301628318445,0.009650179186610217,0.009645028372450994
2004-08-09,-0.6100655589236997,-0.6100655589236997,-0.26552488616751774,0.011726174863785743,0.002332194707170642,0.002326331619738749
2004-08-10,-0.734024655184246,-0.734024655184246,-0.4384946202620186,0.17296973409450084,0.0005828538487878484,0.000496368981740598
2004-08-11,-0.822683103456164,-0.822683103456164,-0.6100655589236997,0.17157093866168116,0.010284971401980548,0.010199185932649707
2004-08-12,-0.8817887356374428,-0.8817887356374428,-0.734024655184246,0.12395909626054624,0.03047414404063624,0.030412164492505965
2004-08-13,-0.8333426422784511,-0.8333426422784511,-0.822683103456164,0.08865844827191804,-0.012394594618203511,-0.01243892384233947
2004-08-16,-0.8224944536762288,-0.8224944536762288,-0.8817887356374428,0.05910563218127873,0.005725931168761012,0.005696378352670373
2004-08-17,-0.7888011040775994,-0.7888011040775994,-0.8333426422784511,0.04844609335899164,-0.003501550177163928,-0.0035257732238434237
2004-08-18,-0.6699049733445528,-0.6699049733445528,-0.8224944536762288,0.010848188602222364,-0.02714875069567529,-0.027154174789976403
2004-08-19,-0.6177124756450993,-0.6177124756450993,-0.7888011040775994,0.03369334959862935,0.007455189915792306,0.007438343240992991
2004-08-20,-0.6374402417730891,-0.6374402417730891,-0.6699049733445528,0.11889613073304661,0.011869900019595135,0.011810451954228612
2004-08-23,-0.6030705086545743,-0.6030705086545743,-0.6177124756450993,0.052192497699453444,-0.007713749855452523,-0.00773984610430225
2004-08-24,-0.6214424273123091,-0.6214424273123091,-0.6374402417730891,0.019727766127989765,0.0064059779555227314,0.0063961140724587365
2004-08-25,-0.5834717652234419,-0.5834717652234419,-0.6030705086545743,0.03436973311851477,-0.007791954869274856,-0.007809139735834114
2004-08-26,-0.5402220870693432,-0.5402220870693432,-0.6214424273123091,0.018371918657734798,0.005096087528151259,0.0050869015688223915
2004-08-27,-0.46368383115273026,-0.46368383115273026,-0.5834717652234419,0.037970662088867235,-0.0067005321559282585,-0.006719517486972692
2004-08-30,-0.5117192175038935,-0.5117192175038935,-0.5402220870693432,0.04324967815409875,0.010304062179461514,0.010282437340384466
2004-08-31,-0.6531526683647649,-0.6531526683647649,-0.46368383115273026,0.0765382559166129,0.006654446164471968,0.006616177036513661
2004-09-01,-0.6630513056052199,-0.6630513056052199,-0.5117192175038935,0.04803538635116322,-0.0033649703567243377,-0.003388988049899919
2004-09-02,-0.5988902039044628,-0.5988902039044628,-0.6531526683647649,0.14143345086087145,-0.006095832440090309,-0.006166549165520744
2004-09-03,-0.7325934692696419,-0.7325934692696419,-0.6630513056052199,0.009898637240454922,0.048433892457051146,0.04842894313843092
2004-09-07,-0.8217289795130946,-0.8217289795130946,-0.5988902039044628,0.06416110170075706,0.004779121668123612,0.004747041117273233
2004-09-08,-0.8811526530087299,-0.8811526530087299,-0.7325934692696419,0.13370326536517907,0.006261585145963914,0.006194733513281325
2004-09-09,-0.8321404839402171,-0.8321404839402171,-0.8217289795130946,0.08913551024345279,-0.018751464171087254,-0.018796031926208982
2004-09-10,-0.7471652479131615,-0.7471652479131615,-0.8811526530087299,0.059423673495635265,-0.017474582183325982,-0.0175042940200738
2004-09-13,-0.6642254874664791,-0.6642254874664791,-0.8321404839402171,0.0490121690685128,-0.009304516837557626,-0.009329022922091883
2004-09-14,-0.6105265930513216,-0.6105265930513216,-0.7471652479131615,0.08497523602705559,0.0010779531153776874,0.0010354654973641596
2004-09-15,-0.6171981912676522,-0.6171981912676522,-0.6642254874664791,0.08293976044668239,0.011192813399575561,0.01115134351935222
2004-09-16,-0.6688291749073785,-0.6688291749073785,-0.6105265930513216,0.053698894415157516,0.009268925267641934,0.009242075820434355
2004-09-17,-0.6328796399980613,-0.6328796399980613,-0.6171981912676522,0.006671598216330565,-0.014732088061246111,-0.014735423860354277
2004-09-20,-0.4815177000315257,-0.4815177000315257,-0.6688291749073785,0.05163098363972629,-0.010719170147599186,-0.01074498563941905
2004-09-21,-0.3630709254960798,-0.3630709254960798,-0.6328796399980613,0.03594953490931718,-0.004840929293764735,-0.004858904061219393
2004-09-22,-0.3860793610021187,-0.3860793610021187,-0.4815177000315257,0.15136193996653557,0.015076136830691212,0.015000455860707945
2004-09-23,-0.39715632894037783,-0.39715632894037783,-0.3630709254960798,0.11844677453544594,0.0007112648573821858,0.0006520414701144629
2004-09-24,-0.44112381220251906,-0.44112381220251906,-0.3860793610021187,0.023008435506038927,0.004736154478542828,0.0047246502607898085
2004-09-27,-0.5288105772818426,-0.5288105772818426,-0.39715632894037783,0.01107696793825913,0.004142876082380611,0.0041373375984114814
2004-09-28,-0.6858737181878951,-0.6858737181878951,-0.44112381220251906,0.04396748326214123,0.0053149960842010565,0.005293012342569986
2004-09-29,-0.6411961717719643,-0.6411961717719643,-0.5288105772818426,0.08768676507932349,-0.010479485486009393,-0.010523328868549054
2004-09-30,-0.6082941405726572,-0.6082941405726572,-0.6858737181878951,0.15706314090605256,0.0003416700421481099,0.0002631384716950836
2004-10-01,-0.4832148799830217,-0.4832148799830217,-0.6411961717719643,0.0446775464159308,-0.0252514960666216,-0.025273834839829565
2004-10-04,-0.3736259398492544,-0.3736259398492544,-0.6082941405726572,0.032902031199307125,-0.008169079037577465,-0.008185530053177119
2004-10-05,-0.28918654734126026,-0.28918654734126026,-0.4832148799830217,0.12507926058963548,-0.004344977126718157,-0.004407516757012974
2004-10-06,-0.2125940499036754,-0.2125940499036754,-0.3736259398492544,0.1095889401337673,0.0033296345852119992,0.0032748401151451154
2004-10-07,-0.17191680217450936,-0.17191680217450936,-0.28918654734126026,0.08443939250799415,-0.001505403881025896,-0.0015476235772798929
2004-10-08,-0.2222129264611738,-0.2222129264611738,-0.2125940499036754,0.07659249743758487,0.006906246890663775,0.006867950641944983
2004-10-11,-0.24514134015919586,-0.24514134015919586,-0.17191680217450936,0.04067724772916603,-0.0005019257534950503,-0.0005222643773596333
2004-10-12,-0.313868472228064,-0.313868472228064,-0.2222129264611738,0.05029612428666444,0.0035580412505034752,0.003532893188360143
2004-10-13,-0.2781852938185838,-0.2781852938185838,-0.24514134015919586,0.022928413698022065,-0.0085824858448493,-0.008593950051698312
2004-10-14,-0.3189603025212784,-0.3189603025212784,-0.313868472228064,0.06872713206886816,0.007177721038158721,0.007143357472124287
2004-10-15,-0.31186085080394627,-0.31186085080394627,-0.2781852938185838,0.03568317840948021,-0.0013564178022237607,-0.0013742593914285008
2004-10-18,-0.2861543950780421,-0.2861543950780421,-0.3189603025212784,0.04077500870269457,-0.002785588239859535,-0.002805975744210882
2004-10-19,-0.26635317084443916,-0.26635317084443916,-0.31186085080394627,0.007099451717332117,-0.0001501229363448693,-0.00015367266220353535
2004-10-20,-0.21408151395625902,-0.21408151395625902,-0.2861543950780421,0.025706455725904187,-0.008942335504901023,-0.008955188732763976
2004-10-21,-0.16543136824968477,-0.16543136824968477,-0.26635317084443916,0.01980122423360292,-0.002980173099163986,-0.0029900737112807875
2004-10-22,-0.14986278114708482,-0.14986278114708482,-0.21408151395625902,0.05227165688818014,0.0038494861806969527,0.0038233503522528624
2004-10-25,-0.1390676577986963,-0.1390676577986963,-0.16543136824968477,0.04865014570657425,-7.774112504106626e-05,-0.00010206619789435338
2004-10-26,-0.11051092765856821,-0.11051092765856821,-0.14986278114708482,0.015568587102599951,-0.0006329692010281625,-0.0006407534945794624
2004-10-27,-0.06290335004091982,-0.06290335004091982,-0.1390676577986963,0.01079512334838853,-0.0038991334624099167,-0.003904531024084111
2004-10-28,-0.024493614104474176,-0.024493614104474176,-0.11051092765856821,0.028556730140128078,-0.0013561632943295675,-0.0013704416593996315
2004-10-29,0.06280854851258101,0.06280854851258101,-0.06290335004091982,0.04760757761764839,2.8230605844125487e-05,4.426817035301294e-06
2004-11-01,0.2658456092307845,0.2658456092307845,-0.024493614104474176,0.038409735936445644,-0.00019806788345662268,-0.00021727275142484549
2004-11-02,0.5105637394871897,0.5105637394871897,0.06280854851258101,0.08730216261705519,0.00047583018770078645,0.00043217910639225886
2004-11-03,0.6737091596581265,0.6737091596581265,0.2658456092307845,0.2030370607182035,0.0011778178141921523,0.0010762992838330506
2004-11-04,0.7824727731054177,0.7824727731054177,0.5105637394871897,0.2447181302564052,0.0047293980043502494,0.004607038939222046
2004-11-05,0.8549818487369452,0.8549818487369452,0.6737091596581265,0.1631454201709368,0.014134014073592655,0.014052441363507187
2004-11-08,0.7646877012982266,0.7646877012982266,0.7824727731054177,0.10876361344729124,-0.004354863392289942,-0.004409245199013588
2004-11-09,0.6399516676315693,0.6399516676315693,0.8549818487369452,0.07250907563152742,-0.005520178032908123,-0.005556432570723887
2004-11-10,0.4709498819978373,0.4709498819978373,0.7646877012982266,0.09029414743871855,-0.007289132638875288,-0.007334279712594647
2004-11-11,0.4693006704297392,0.4693006704297392,0.6399516676315693,0.12473603366665731,0.008678246718176548,0.00861587870134322
2004-11-12,0.6462004469531595,0.6462004469531595,0.4709498819978373,0.16900178563373197,0.010569414168272409,0.010484913275455542
2004-11-15,0.7641336313021063,0.7641336313021063,0.4693006704297392,0.0016492115680981079,0.00158461605186681,0.001583791446082761
2004-11-16,0.8427557542014044,0.8427557542014044,0.6462004469531595,0.17689977652342026,0.0019030413174855802,0.0018145914292238702
2004-11-17,0.8951705028009362,0.8951705028009362,0.7641336313021063,0.11793318434894684,0.015385411616742,0.015326445024567526
2004-11-18,0.9301136685339575,0.9301136685339575,0.8427557542014044,0.07862212289929804,0.016632832095044847,0.0165935210335952
2004-11-19,0.7646894896016633,0.7646894896016633,0.8951705028009362,0.05241474859953188,-0.02310014878235303,-0.023126356156652796
2004-11-22,0.6423916025424621,0.6423916025424621,0.9301136685339575,0.03494316573302125,-0.0023104009689638746,-0.002327872551830385
2004-11-23,0.5026317844432096,0.5026317844432096,0.7646894896016633,0.16542417893229422,-0.02316304269440975,-0.0232457547838759
2004-11-24,0.43064904781561686,0.43064904781561686,0.6423916025424621,0.1222978870592012,0.006597299447763407,0.006536150504233807
2004-11-26,0.35081678415159523,0.35081678415159523,0.5026317844432096,0.13975981809925253,-0.008515643537062412,-0.008585523446112037
2004-11-29,0.27909156576251715,0.27909156576251715,0.43064904781561686,0.07198273662759269,-0.0027832112896637546,-0.002819202657977551
2004-11-30,0.20487572334676607,0.20487572334676607,0.35081678415159523,0.07983226366402163,-0.010344855531605227,-0.010384771663437238
2004-12-01,0.21651892167904702,0.21651892167904702,0.27909156576251715,0.07172521838907808,0.008978604647425628,0.008942742038231088
2004-12-02,0.18852937029251798,0.18852937029251798,0.20487572334676607,0.07421584241575108,-0.003458854163449963,-0.0034959620846578385
2004-12-03,0.3064415543118904,0.3064415543118904,0.21651892167904702,0.011643198332280946,0.0114409257917653,0.01143510419259916
2004-12-06,0.3959108781478453,0.3959108781478453,0.18852937029251798,0.027989551386529032,0.0007884210019566063,0.0007744262262633418
2004-12-07,0.39117739048490985,0.39117739048490985,0.3064415543118904,0.11791218401937242,-0.0067643148221829905,-0.006823270914192677
2004-12-08,0.33726623727980376,0.33726623727980376,0.3959108781478453,0.0894693238359549,-0.00792499395343799,-0.007969728615355968
2004-12-09,0.2794396459951906,0.2794396459951906,0.39117739048490985,0.004733487662935465,-0.004250041569325088,-0.004252408313156556
2004-12-10,0.22416950149239623,0.22416950149239623,0.33726623727980376,0.05391115320510609,-0.0029635892166833574,-0.0029905447932859104
2004-12-13,0.19349001233707924,0.19349001233707924,0.2794396459951906,0.05782659128461315,0.0008668953812315978,0.0008379820855892912
2004-12-14,0.22423897248664515,0.22423897248664515,0.22416950149239623,0.05527014450279438,0.0060425976190457914,0.006014962546794394
2004-12-15,0.22872037426422592,0.22872037426422592,0.19349001233707924,0.030679489155316986,-0.0008325217436898667,-0.0008478614882675251
2004-12-16,0.20984889274163687,0.20984889274163687,0.22423897248664515,0.030748960149565907,-0.0026164866008052522,-0.0026318610808800354
2004-12-17,0.1591801954824947,0.1591801954824947,0.22872037426422592,0.0044814017775807735,-0.0010000271979235826,-0.0010022678988123729
2004-12-20,0.12209324867152677,0.12209324867152677,0.20984889274163687,0.01887148152258905,-0.0006452002657817901,-0.0006546360065430846
2004-12-21,0.1608160865521121,0.1608160865521121,0.1591801954824947,0.050668697259142165,0.005539763080255002,0.00551442873162543
2004-12-22,0.16365276569706724,0.16365276569706724,0.12209324867152677,0.03708694681096794,-0.00020788190125792746,-0.00022642537466341142
2004-12-23,0.16830011259063749,0.16830011259063749,0.1608160865521121,0.03872283788058534,0.0006172070283971366,0.0005978456094568439
2004-12-27,0.15316113338584403,0.15316113338584403,0.16365276569706724,0.00283667914495514,-0.0011819213856628294,-0.001183339725235307
2004-12-28,0.14191277172931435,0.14191277172931435,0.16830011259063749,0.004647346893570242,-0.0006481299822876951,-0.0006504536557344802
2004-12-29,0.11782004588362686,0.11782004588362686,0.15316113338584403,0.015138979204793457,-0.0001973625790273155,-0.00020493206862971222
2004-12-30,0.10131331148023238,0.10131331148023238,0.14191277172931435,0.011248361656529676,0.0,-5.624180828264838e-06
2004-12-31,0.09177969202525467,0.09177969202525467,0.11782004588362686,0.024092725845687488,0.0007094653710156181,0.0006974190080927744
2005-01-03,0.07839252909721825,0.07839252909721825,0.10131331148023238,0.01650673440339448,-0.0013861292180551653,-0.0013943825852568625
2005-01-04,0.05962613429887009,0.05962613429887009,0.09177969202525467,0.009533619454977715,-0.001829960506674689,-0.0018347273164021779
2005-01-05,0.03972570381312408,0.03972570381312408,0.07839252909721825,0.01338716292803642,-0.0007627557276179696,-0.0007694493090819878
2005-01-06,0.026301344185924825,0.026301344185924825,0.05962613429887009,0.018766394798348157,0.00018640678986277183,0.00017702359246359774
2005-01-07,0.02047305033464809,0.02047305033464809,0.03972570381312408,0.01990043048574601,0.000601373839453913,0.0005914236242110399
2005-01-10,0.01748292658141754,0.01748292658141754,0.026301344185924825,0.013424359627199258,9.226862935083676e-05,8.555644953723714e-05
2005-01-11,0.008990377957847774,0.008990377957847774,0.02047305033464809,0.005828293851276735,-0.0003042189443235881,-0.00030713309124922645
2005-01-12,0.028228424093380187,0.028228424093380187,0.01748292658141754,0.0029901237532305516,0.00048088834922615777,0.0004793932873495425
2005-01-13,0.010687661498264427,0.010687661498264427,0.008990377957847774,0.008492548623569764,-0.0001319836414370368,-0.0001362299157488217
2005-01-14,0.010602583835377582,0.010602583835377582,0.028228424093380187,0.019238046135532413,0.00024740381540555286,0.00023778479233778663
2005-01-18,0.005763669889408811,0.005763669889408811,0.010687661498264427,0.01754076259511576,-3.714156295841953e-05,-4.5911944255977406e-05
2005-01-19,-0.01613553260485487,-0.01613553260485487,0.010602583835377582,8.507766288684548e-05,-0.00015714213355008517,-0.0001571846723815286
2005-01-20,-0.0340458586723588,-0.0340458586723588,0.005763669889408811,0.004838913945968771,-5.099771011493579e-06,-7.5192279844779636e-06
2005-01-21,-0.12465288584907419,-0.12465288584907419,-0.01613553260485487,0.021899202494263678,0.00011433782468893364,0.0001033882234418018
2005-01-24,-0.4164352572327161,-0.4164352572327161,-0.0340458586723588,0.01791032606750393,0.0006529884485863116,0.0006440332855525597
2005-01-25,-0.4497403002232346,-0.4497403002232346,-0.12465288584907419,0.0906070271767154,-0.001530523758606638,-0.0015758272721949956
2005-01-26,-0.41436381504438735,-0.41436381504438735,-0.4164352572327161,0.29178237138364194,-0.0029934125326041517,-0.0031393037182959726
2005-01-27,-0.37294093508092735,-0.37294093508092735,-0.4497403002232346,0.03330504299051845,0.0022066176629791543,0.0021899651414838952
2005-01-28,-0.35992247177767045,-0.35992247177767045,-0.41436381504438735,0.03537648517884723,0.0013001157725635666,0.001282427529974143
2005-01-31,-0.2902705176295842,-0.2902705176295842,-0.37294093508092735,0.04142287996346,-0.0035215994321628,-0.00354231087214453
2005-02-01,-0.22558214467240356,-0.22558214467240356,-0.35992247177767045,0.0130184633032569,-0.0028855651876313264,-0.002892074419282955
2005-02-02,-0.17735965099333584,-0.17735965099333584,-0.2902705176295842,0.06965195414808623,0.0006411735295567315,0.0006063475524826883
2005-02-03,-0.16265375418642342,-0.16265375418642342,-0.22558214467240356,0.06468837295718066,0.0012031322873253007,0.0011707881008467104
2005-02-04,-0.12158597435019806,-0.12158597435019806,-0.17735965099333584,0.048222493679067724,-0.0049134662066038295,-0.004937577453443363
2005-02-07,-0.08993060517644488,-0.08993060517644488,-0.16265375418642342,0.014705896806912422,0.0006364741591204598,0.0006291212107170036
2005-02-08,-0.05546361284290452,-0.05546361284290452,-0.12158597435019806,0.04106777983622535,-0.0026535536624665962,-0.002674087552384709
2005-02-09,-0.035834440242516356,-0.035834440242516356,-0.08993060517644488,0.03165536917375318,0.0004225524488412201,0.0004067247642543435
2005-02-10,-0.015853188408105054,-0.015853188408105054,-0.05546361284290452,0.034466992333540364,-0.00047606072894461376,-0.000493294225111384
2005-02-11,0.068943115933215,0.068943115933215,-0.035834440242516356,0.019629172600388163,-0.0010216621648223695,-0.0010314767511225636
2005-02-14,0.16135776727728351,0.16135776727728351,-0.015853188408105054,0.019981251834411302,-9.182071262626998e-05,-0.00010181133854347563
2005-02-15,0.44090517818485564,0.44090517818485564,0.068943115933215,0.08479630434132006,0.0004537532829186807,0.00041135513074802067
2005-02-16,0.44276355623661423,0.44276355623661423,0.16135776727728351,0.09241465134406851,-0.0021760195287009723,-0.0022222268543730067
2005-02-17,0.34940437736439567,0.34940437736439567,0.44090517818485564,0.2795474109075721,-0.009314725576326599,-0.009454499281780385
2005-02-18,0.3556224998589155,0.3556224998589155,0.44276355623661423,0.0018583780517585913,0.007307672438124599,0.00730674324909872
2005-02-22,0.3091160365964942,0.3091160365964942,0.34940437736439567,0.09335917887221856,-0.0037822121720395463,-0.0038288917614756556
2005-02-23,0.22139671894948584,0.22139671894948584,0.3556224998589155,0.006218122494519807,-0.006735160065452423,-0.006738269126699683
2005-02-24,0.21429008472497912,0.21429008472497912,0.3091160365964942,0.04650646326242125,0.005171682141865623,0.005148428910234412
2005-02-25,0.30382499256987666,0.30382499256987666,0.22139671894948584,0.08771931764700838,0.00364324527348169,0.0035993856146581855
2005-02-28,0.3191121921744983,0.3191121921744983,0.21429008472497912,0.007106634224506719,-0.0008895505312861793,-0.0008931038483984327
2005-03-01,0.5460747947829989,0.5460747947829989,0.30382499256987666,0.08953490784489754,0.007978791688251862,0.007934024234329413
2005-03-02,0.6477175594985667,0.6477175594985667,0.3191121921744983,0.01528719960462166,-0.0012963364977970336,-0.0013039800975993443
2005-03-03,0.7040837940508902,0.7040837940508902,0.5460747947829989,0.2269626026085006,-0.0004450805721191495,-0.0005585618734233997
2005-03-04,0.8027225293672602,0.8027225293672602,0.6477175594985667,0.10164276471556777,0.004758503493272306,0.004707682110914522
2005-03-07,0.8684816862448401,0.8684816862448401,0.7040837940508902,0.05636623455232348,0.01226761267096778,0.012239429553691618
2005-03-08,0.7848156054432953,0.7848156054432953,0.8027225293672602,0.09863873531637002,-0.009910399951881676,-0.00995971931953986
2005-03-09,0.7206890576152973,0.7206890576152973,0.8684816862448401,0.06575915687757994,0.0014010014512146865,0.0013681218727758966
2005-03-10,0.6766106085397716,0.6766106085397716,0.7848156054432953,0.0836660808015448,0.0003157131850379307,0.00027388014463715826
2005-03-11,0.5286535546854231,0.5286535546854231,0.7206890576152973,0.06412654782799798,-0.018851016447224436,-0.018883079721138434
2005-03-14,0.4397140400569042,0.4397140400569042,0.6766106085397716,0.044078449075525716,0.0019573829609040604,0.0019353437363662975
2005-03-15,0.3223455899376225,0.3223455899376225,0.5286535546854231,0.14795705385434854,-0.008495138586941136,-0.00856911711386831
2005-03-16,0.22064041413228688,0.22064041413228688,0.4397140400569042,0.0889395146285189,-0.006260558436747698,-0.006305028194061957
2005-03-17,0.14391457367436164,0.14391457367436164,0.3223455899376225,0.11736845011928165,-0.0017801168355051562,-0.001838801060564797
2005-03-18,0.09268304225347264,0.09268304225347264,0.22064041413228688,0.10170517580533564,0.0,-5.0852587902667826e-05
2005-03-21,0.06359527580166581,0.06359527580166581,0.14391457367436164,0.07672584045792524,0.0005532534114239698,0.0005148904911950072
2005-03-22,0.01807473887747217,0.01807473887747217,0.09268304225347264,0.051231531420889,-0.001893124779034627,-0.0019187405447450717
2005-03-23,0.007146784849449966,0.007146784849449966,0.06359527580166581,0.02908776645180683,0.001022168321893266,0.0010076244386673626
2005-03-24,-0.015597366159302292,-0.015597366159302292,0.01807473887747217,0.04552053692419364,-0.00016227471286649986,-0.0001850349813285967
2005-03-28,-0.018637593738380927,-0.018637593738380927,0.007146784849449966,0.010927954028022206,3.7000907270217584e-05,3.153693025620648e-05
2005-03-29,-0.028250775175903464,-0.028250775175903464,-0.015597366159302292,0.022744151008752257,0.00010041561281382825,8.904353730945212e-05
2005-03-30,-0.016955665120332565,-0.016955665120332565,-0.018637593738380927,0.0030402275790786353,-0.0002737205693247975,-0.00027524068311433685
2005-03-31,-0.023580975411366653,-0.023580975411366653,-0.028250775175903464,0.009613181437522537,0.0003127014582734625,0.0003078948675547012
2005-04-01,-0.044451683274131994,-0.044451683274131994,-0.016955665120332565,0.0112951100555709,0.00016057341516592552,0.00015492586013814006
2005-04-04,-0.06528303537924074,-0.06528303537924074,-0.023580975411366653,0.006625310291034088,8.19797410962158e-05,7.866708595069876e-05
2005-04-05,-0.06506225652606432,-0.06506225652606432,-0.044451683274131994,0.02087070786276534,-0.0003877082987875338,-0.00039814365271891646
2005-04-06,-0.0611422127423897,-0.0611422127423897,-0.06528303537924074,0.020831352105108746,0.00022579423877134547,0.0002153785627187911
2005-04-07,-0.04246349993461086,-0.04246349993461086,-0.06506225652606432,0.0002207788531764232,-0.0010161709679446134,-0.0010162813573712016
2005-04-08,-0.034051435244052165,-0.034051435244052165,-0.0611422127423897,0.003920043783674616,0.0003134531182787086,0.0003114930963868713
2005-04-11,-0.03716638996083812,-0.03716638996083812,-0.04246349993461086,0.018678712807778837,0.0003099258828773267,0.0003005865264734373
2005-04-12,-0.03456463512108852,-0.03456463512108852,-0.034051435244052165,0.008412064690558697,-0.00014726852758609164,-0.00015147455993137098
2005-04-13,-0.055827200865059726,-0.055827200865059726,-0.03716638996083812,0.003114954716785953,0.0006402531543529445,0.0006386956769945516
2005-04-14,-0.11383296497199595,-0.11383296497199595,-0.03456463512108852,0.002601754839749601,0.0004998359325127337,0.0004985350550928589
2005-04-15,-0.2755866683643891,-0.2755866683643891,-0.055827200865059726,0.021262565743971208,0.0009184374955668152,0.0009078062126948296
2005-04-18,-0.34949268715295867,-0.34949268715295867,-0.11383296497199595,0.058005764106936225,-0.0004631562158985652,-0.0004921590979520334
2005-04-19,-0.3142312376904518,-0.3142312376904518,-0.2755866683643891,0.16175370339239314,-0.0052113701794071635,-0.00529224703110336
2005-04-20,-0.3196366816061564,-0.3196366816061564,-0.34949268715295867,0.07390601878856956,-0.00046327334072170817,-0.0005002263501159929
2005-04-21,-0.23564147567561186,-0.23564147567561186,-0.3142312376904518,0.035261449462506866,-0.009707244253067442,-0.009724874977798696
2005-04-22,-0.19356642971195456,-0.19356642971195456,-0.3196366816061564,0.0054054439157045775,0.0016420742219578656,0.0016393715000000133
2005-04-25,-0.1459481490898376,-0.1459481490898376,-0.23564147567561186,0.08399520593054452,-0.0017237623389787246,-0.001765759941943997
2005-04-26,-0.12431417316287813,-0.12431417316287813,-0.19356642971195456,0.0420750459636573,0.0007442804771532936,0.000723242954171465
2005-04-27,-0.08828365701012901,-0.08828365701012901,-0.1459481490898376,0.047618280622116954,-0.0011891355347574347,-0.0012129446750684932
2005-04-28,-0.09561542052358239,-0.09561542052358239,-0.12431417316287813,0.02163397592695948,0.0016920271347778228,0.001681210146814343
2005-04-29,-0.0671745853559008,-0.0671745853559008,-0.08828365701012901,0.03603051615274912,-0.0012563105928141405,-0.0012743258508905151
2005-05-02,-0.04607470918218596,-0.04607470918218596,-0.09561542052358239,0.007331763513453382,-0.00012191445593926583,-0.00012558033769599253
2005-05-03,-0.01181181470532041,-0.01181181470532041,-0.0671745853559008,0.02844083516768159,-0.0007986942740003031,-0.0008129146915841439
2005-05-04,0.04598250984915256,0.04598250984915256,-0.04607470918218596,0.021099876173714845,-0.0006983939535935113,-0.0007089438916803687
2005-05-05,0.07070872569812701,0.07070872569812701,-0.01181181470532041,0.03426289447686555,-7.348444834592129e-05,-9.061589558435407e-05
2005-05-06,0.1110184227454899,0.1110184227454899,0.04598250984915256,0.05779432455447297,0.00043596383056147847,0.000407066668284242
2005-05-09,0.238926989686793,0.238926989686793,0.07070872569812701,0.024726215848974456,0.0008950354234215582,0.000882672315497071
2005-05-10,0.2822161531628428,0.2822161531628428,0.1110184227454899,0.04030969704736288,-0.0005819867002741252,-0.0006021415487978066
2005-05-11,0.34897385523657554,0.34897385523657554,0.238926989686793,0.1279085669413031,0.000968617012424095,0.0009046627289534435
2005-05-12,0.36180692986691654,0.36180692986691654,0.2822161531628428,0.04328916347604983,0.0007974658890954556,0.0007758213073574306
2005-05-13,0.5745379532446111,0.5745379532446111,0.34897385523657554,0.06675770207373272,0.003933650646894122,0.0039002717958572554
2005-05-16,0.7163586354964074,0.7163586354964074,0.36180692986691654,0.012833074630341001,0.003024676735706269,0.0030182601983910983
2005-05-17,0.810905756997605,0.810905756997605,0.5745379532446111,0.21273102337769456,0.008392697750161698,0.008286332238472851
2005-05-18,0.8739371713317368,0.8739371713317368,0.7163586354964074,0.14182068225179634,0.006410882350384533,0.006339972009258635
2005-05-19,0.9159581142211579,0.9159581142211579,0.810905756997605,0.0945471215011976,0.0025011063105965002,0.0024538327498459015
2005-05-20,0.9439720761474386,0.9439720761474386,0.8739371713317368,0.06303141433413173,0.011424545709401946,0.01139303000223488
2005-05-23,0.9626480507649591,0.9626480507649591,0.9159581142211579,0.04202094288942115,0.005214170492435124,0.005193160020990413
2005-05-24,0.9750987005099727,0.9750987005099727,0.9439720761474386,0.028013961926280695,0.016385424940454515,0.016371417959491374
2005-05-25,0.9833991336733152,0.9833991336733152,0.9626480507649591,0.018675974617520463,0.0014288436629206565,0.0014195056756118962
2005-05-26,0.9889327557822103,0.9889327557822103,0.9750987005099727,0.012450649745013642,0.013362253710962274,0.013356028386089768
2005-05-27,0.9926218371881403,0.9926218371881403,0.9833991336733152,0.008300433163342502,0.000718771396020711,0.0007146211794390397
2005-05-31,0.8544973875775397,0.8544973875775397,0.9889327557822103,0.0055336221088950754,-0.015525968288927156,-0.015528735099981603
2005-06-01,0.8617208831341403,0.8617208831341403,0.9926218371881403,0.0036890814059300503,0.01215074652731369,0.012148901986610724
2005-06-02,0.907813922089427,0.907813922089427,0.8544973875775397,0.13812444961060066,0.009393139207139044,0.009324076982333743
2005-06-03,0.8587256659973557,0.8587256659973557,0.8617208831341403,0.007223495556600623,-0.008119971743042619,-0.008123583490820919
2005-06-06,0.7878583045600691,0.7878583045600691,0.907813922089427,0.046093038955286714,-0.005314774724206118,-0.005337821243683762
2005-06-07,0.6988996220137527,0.6988996220137527,0.8587256659973557,0.04908825609207135,-0.00979751953723352,-0.009822063665279554
2005-06-08,0.6697160111953289,0.6697160111953289,0.7878583045600691,0.07086736143728656,0.007039089229488894,0.007003655548770251
2005-06-09,0.7798106741302193,0.7798106741302193,0.6988996220137527,0.08895868254631645,0.01547405355338335,0.01542957421211019
2005-06-10,0.7201845070449815,0.7201845070449815,0.6697160111953289,0.0291836108184238,-0.017407854335581487,-0.0174224461409907
2005-06-13,0.683724015581194,0.683724015581194,0.7798106741302193,0.11009466293489045,0.0005780169348268546,0.0005229696033594094
2005-06-14,0.6147534197872524,0.6147534197872524,0.7201845070449815,0.059626167085237824,-0.008002118064531542,-0.008031931148074161
2005-06-15,0.5981451613916355,0.5981451613916355,0.683724015581194,0.03646049146378749,0.00614586147486179,0.006127631229129897
2005-06-16,0.6154924112825394,0.6154924112825394,0.6147534197872524,0.0689705957939416,0.004107474130727291,0.00407298883283032
2005-06-17,0.6262510887606336,0.6262510887606336,0.5981451613916355,0.01660825839561686,0.0,-8.30412919780843e-06
2005-06-20,0.6012049955340613,0.6012049955340613,0.6154924112825394,0.01734724989090386,-0.004992846401488657,-0.005001520026434109
2005-06-21,0.6264802104093538,0.6264802104093538,0.6262510887606336,0.010758677478094225,0.006518315390213958,0.006512936051474911
2005-06-22,0.6302658977865847,0.6302658977865847,0.6012049955340613,0.025046093226572363,-0.001548354062844201,-0.0015608771094574871
2005-06-23,0.5621421312235404,0.5621421312235404,0.6264802104093538,0.025275214875292495,-0.007857173233977643,-0.00786981084141529
2005-06-24,0.44331625218866366,0.44331625218866366,0.6302658977865847,0.0037856873772309507,-0.015774315826449278,-0.015776208670137893
2005-06-27,0.3486618763043913,0.3486618763043913,0.5621421312235404,0.06812376656304431,-0.0051686198881764,-0.005202681771457922
2005-06-28,0.33583290774451136,0.33583290774451136,0.44331625218866366,0.11882587903487674,0.008056960530735702,0.007997547591218264
2005-06-29,0.31515031765114027,0.31515031765114027,0.3486618763043913,0.09465437588427233,-0.0010591407673771294,-0.0011064679553192656
2005-06-30,0.27946125584419923,0.27946125584419923,0.33583290774451136,0.012828968559879972,-0.0029426534650549645,-0.0029490679493349046
2005-07-01,0.27615538079479396,0.27615538079479396,0.31515031765114027,0.02068259009337109,0.002301285398404631,0.0022909441033579455
2005-07-05,0.3346857386198079,0.3346857386198079,0.27946125584419923,0.035689061806941036,0.005011345646707598,0.004993501115804127
2005-07-06,0.34900730680927944,0.34900730680927944,0.27615538079479396,0.0033058750494052713,-0.0018631971410610834,-0.001864850078585786
2005-07-07,0.3659139383089836,0.3659139383089836,0.3346857386198079,0.05853035782501392,0.0007577565562431085,0.0007284913773306015
2005-07-08,0.4935502564232907,0.4935502564232907,0.34900730680927944,0.014321568189471556,0.009461019853901813,0.009453859069807077
2005-07-11,0.6623668376155272,0.6623668376155272,0.3659139383089836,0.016906631499704172,0.005633713690946535,0.005625260375196683
2005-07-12,0.7749112250770182,0.7749112250770182,0.4935502564232907,0.1276363181143071,0.0008907366461225104,0.0008269184870653569
2005-07-13,0.8000547715040875,0.8000547715040875,0.6623668376155272,0.16881658119223647,-0.003819199683395629,-0.003903607973991747
2005-07-14,0.866703181002725,0.866703181002725,0.7749112250770182,0.11254438746149098,0.008145071346143016,0.00808879915241227
2005-07-15,0.9111354540018168,0.9111354540018168,0.8000547715040875,0.025143546427069396,0.012052827113662068,0.012040255340448534
2005-07-18,0.9175898644253175,0.9175898644253175,0.866703181002725,0.06664840949863748,-0.002144034478905687,-0.0021773586836550058
2005-07-19,0.9450599096168784,0.9450599096168784,0.9111354540018168,0.044432272999091804,0.015492174236398528,0.015469958099898982
2005-07-20,0.7772580200813617,0.7772580200813617,0.9175898644253175,0.0064544104235007005,-0.04058992222287383,-0.04059314942808558
2005-07-21,0.6258041933153684,0.6258041933153684,0.9450599096168784,0.02747004519156082,-0.014120874777180114,-0.014134609799775894
2005-07-22,0.49339682444008354,0.49339682444008354,0.7772580200813617,0.16780188953551667,-0.008051348989486626,-0.008135249934254385
2005-07-25,0.37300573665102904,0.37300573665102904,0.6258041933153684,0.15145382676599328,-0.005380657145061279,-0.005456384058444275
2005-07-26,0.32549321382893637,0.32549321382893637,0.49339682444008354,0.13240736887528487,0.006883876927271228,0.0068176732428335855
2005-07-27,0.30091359017429054,0.30091359017429054,0.37300573665102904,0.1203910877890545,0.0023580418535186862,0.002297846309624159
2005-07-28,0.3013271770931058,0.3013271770931058,0.32549321382893637,0.04751252282209267,0.0033678546121866664,0.00334409835077562
2005-07-29,0.27120270377242167,0.27120270377242167,0.30091359017429054,0.024579623654645832,-0.002201193371562601,-0.002213483183389924
2005-08-01,0.23889028933016698,0.23889028933016698,0.3013271770931058,0.00041358691881526743,-0.0003331347208793905,-0.00033334151433879813
2005-08-02,0.26129796449096143,0.26129796449096143,0.27120270377242167,0.03012447332068413,0.004501859448842758,0.004486797212182416
2005-08-03,0.24109433069393316,0.24109433069393316,0.23889028933016698,0.03231241444225469,0.0013909111899444852,0.0013747549827233577
2005-08-04,0.18462571181185541,0.18462571181185541,0.26129796449096143,0.02240767516079445,-0.005955912495178188,-0.005967116332758585
2005-08-05,0.1307397897782229,0.1307397897782229,0.24109433069393316,0.020203633797028275,-0.0021422277194623534,-0.0021523295363608677
2005-08-08,0.08354502931153918,0.08354502931153918,0.18462571181185541,0.05646861888207774,-0.0004137741131338114,-0.00044200842257485025
2005-08-09,0.05625502909878421,0.05625502909878421,0.1307397897782229,0.053885922033632516,0.0009299709280025394,0.0009030279669857232
2005-08-10,0.02616222150394334,0.02616222150394334,0.08354502931153918,0.04719476046668372,-6.210227441093138e-05,-8.569965464427323e-05
2005-08-11,-0.0014219473514507364,-0.0014219473514507364,0.05625502909878421,0.027290000212754968,-0.0001255703375152245,-0.00013921533762160197
2005-08-12,-0.09304160510723339,-0.09304160510723339,0.02616222150394334,0.030092807594840867,-0.0004974858217500703,-0.0005125322255474907
2005-08-15,-0.12128544644037156,-0.12128544644037156,-0.0014219473514507364,0.027584168855394078,-1.189007725418858e-05,-2.568216168188562e-05
2005-08-16,-0.27006506721470264,-0.27006506721470264,-0.09304160510723339,0.09161965775578265,0.001858742475072686,0.0018129326461947947
2005-08-17,-0.3279753039192438,-0.3279753039192438,-0.12128544644037156,0.028243841333138175,-0.00041984924868839076,-0.00043397116935495986
2005-08-18,-0.45957201603251957,-0.45957201603251957,-0.27006506721470264,0.14877962077433107,0.002173915285570768,0.0020995254751836026
2005-08-19,-0.6397146773550131,-0.6397146773550131,-0.3279753039192438,0.05791023670454115,0.0029147125915082806,0.00288575747315601
2005-08-22,-0.5497599295342718,-0.5497599295342718,-0.45957201603251957,0.13159671211327578,-0.00734619126176804,-0.007411989617824678
2005-08-23,-0.6441920880002656,-0.6441920880002656,-0.6397146773550131,0.1801426613224935,0.008346455546955877,0.00825638421629463
2005-08-24,-0.7627947253335104,-0.7627947253335104,-0.5497599295342718,0.08995474782074131,0.004061288455813508,0.004016311081903138
2005-08-25,-0.8418631502223404,-0.8418631502223404,-0.6441920880002656,0.09443215846599384,0.0017661911851581127,0.0017189751059251157
2005-08-26,-0.8945754334815603,-0.8945754334815603,-0.7627947253335104,0.11860263733324483,0.0014982753078452012,0.0014389739891785787
2005-08-29,-0.749283479468773,-0.749283479468773,-0.8418631502223404,0.07906842488882992,-0.010602467957203302,-0.010642002169647717
2005-08-30,-0.7002647134983119,-0.7002647134983119,-0.8945754334815603,0.05271228325921995,0.005562932176717178,0.005536576035087568
2005-08-31,-0.5993542046738477,-0.5993542046738477,-0.749283479468773,0.14529195401278727,-0.004395353588513774,-0.004467999565520167
2005-09-01,-0.7329028031158985,-0.7329028031158985,-0.7002647134983119,0.049018765970461176,0.01252413469024724,0.01249962530726201
2005-09-02,-0.8053968646990772,-0.8053968646990772,-0.5993542046738477,0.10091050882446417,-0.0004747976597542259,-0.000525252914166458
2005-09-06,-0.6586899057397848,-0.6586899057397848,-0.7329028031158985,0.1335485984420508,-0.012176159626260228,-0.012242933925481253
2005-09-07,-0.558485746341615,-0.558485746341615,-0.8053968646990772,0.07249406158317873,0.0012537343612375228,0.0012174873304459334
2005-09-08,-0.4260716913634885,-0.4260716913634885,-0.6586899057397848,0.14670695895929242,-0.01103829087774,-0.011111644357219647
2005-09-09,-0.617381127575659,-0.617381127575659,-0.558485746341615,0.10020415939816985,0.017981224357387828,0.017931122277688744
2005-09-12,-0.744920751717106,-0.744920751717106,-0.4260716913634885,0.13241405497812647,0.004387154158339453,0.00432094713085039
2005-09-13,-0.8299471678114041,-0.8299471678114041,-0.617381127575659,0.1913094362121705,0.002223459651029224,0.002127804932923139
2005-09-14,-0.8866314452076027,-0.8866314452076027,-0.744920751717106,0.12753962414144704,0.012265856640406223,0.0122020868283355
2005-09-15,-0.8985702754719401,-0.8985702754719401,-0.8299471678114041,0.08502641609429806,-0.0020332045832761594,-0.0020757177913233085
2005-09-16,-0.8158562619074521,-0.8158562619074521,-0.8866314452076027,0.056684277396198635,-0.009390204976716778,-0.009418547115414877
2005-09-19,-0.802005218446162,-0.802005218446162,-0.8985702754719401,0.011938830264337397,0.004709048862779719,0.00470307944764755
2005-09-20,-0.868003478964108,-0.868003478964108,-0.8158562619074521,0.08271401356448804,0.006610961163055232,0.006569604156272988
2005-09-21,-0.9022773456332304,-0.9022773456332304,-0.802005218446162,0.013851043461290069,-0.0006554169928743653,-0.0006623425146050104
2005-09-22,-0.8917520747414099,-0.8917520747414099,-0.868003478964108,0.065998260517946,-0.0021257982184508277,-0.0021587973487098007
2005-09-23,-0.9278347164942733,-0.9278347164942733,-0.9022773456332304,0.034273866669122355,0.006613015873134363,0.006595878939799802
2005-09-26,-0.9518898109961822,-0.9518898109961822,-0.8917520747414099,0.010525270891820426,0.005852261444690252,0.005846998809244342
2005-09-27,-0.9679265406641215,-0.9679265406641215,-0.9278347164942733,0.036082641752863354,0.014940391250657417,0.014922349929780986
2005-09-28,-0.8804539866261907,-0.8804539866261907,-0.9518898109961822,0.024055094501908902,-0.004793246576143903,-0.004805274123394857
2005-09-29,-0.6987927684871112,-0.6987927684871112,-0.9679265406641215,0.016036729667939342,-0.021419708090840477,-0.021427726455674447
2005-09-30,-0.5465000555448108,-0.5465000555448108,-0.8804539866261907,0.08747255403793086,-0.0061143058263753184,-0.0061580421033942834
2005-10-03,-0.4562742197120072,-0.4562742197120072,-0.6987927684871112,0.18166121813907943,0.0014173411476256861,0.0013265105385561464
2005-10-04,-0.40994949210303777,-0.40994949210303777,-0.5465000555448108,0.1522927129423004,0.0022215149903936767,0.0021453686339225264
2005-10-05,-0.5045574089223932,-0.5045574089223932,-0.4562742197120072,0.09022583583280364,0.008008088399982054,0.007962975482065652
2005-10-06,-0.6697049392815955,-0.6697049392815955,-0.40994949210303777,0.04632472760896944,0.005279829875899582,0.005256667512095097
2005-10-07,-0.7519499539515113,-0.7519499539515113,-0.5045574089223932,0.09460791681935543,-0.0012740761711842945,-0.001321380129593972
2005-10-10,-0.8346333026343409,-0.8346333026343409,-0.6697049392815955,0.16514753035920227,0.011246129100603063,0.011163555335423462
2005-10-11,-0.8897555350895607,-0.8897555350895607,-0.7519499539515113,0.08224501466991585,-0.0,-4.112250733495792e-05
2005-10-12,-0.9265036900597072,-0.9265036900597072,-0.8346333026343409,0.08268334868282956,0.006414944802379729,0.006373603128038315
2005-10-13,-0.9510024600398048,-0.9510024600398048,-0.8897555350895607,0.055122232455219855,0.001531163257767332,0.0015036021415397222
2005-10-14,-0.9421414069115912,-0.9421414069115912,-0.9265036900597072,0.036748154970146496,-0.0011977164172415802,-0.0012160904947266535
2005-10-17,-0.829841435834311,-0.829841435834311,-0.9510024600398048,0.02449876998009759,-0.009416540084135248,-0.009428789469125298
2005-10-18,-0.7001656356193637,-0.7001656356193637,-0.9421414069115912,0.008861053128213614,-0.010440981310310822,-0.010445411836874929
2005-10-19,-0.6004613798888983,-0.6004613798888983,-0.829841435834311,0.11229997107728018,0.0010492983794972925,0.0009931483939586523
2005-10-20,-0.5337506560448934,-0.5337506560448934,-0.7001656356193637,0.1296758002149473,0.0020689463323807257,0.002004108432273252
2005-10-21,-0.689167104029929,-0.689167104029929,-0.6004613798888983,0.09970425573046549,0.011948143480009953,0.01189829135214472
2005-10-24,-0.792778069353286,-0.792778069353286,-0.5337506560448934,0.0667107238440049,0.0011530385401218215,0.001119683178199819
2005-10-25,-0.8551112014379645,-0.8551112014379645,-0.689167104029929,0.15541644798503562,-0.00029854644696498364,-0.00037625467095750144
2005-10-26,-0.9034074676253097,-0.9034074676253097,-0.792778069353286,0.10361096532335701,0.0013725671244259202,0.0013207616417642417
2005-10-27,-0.9356049784168732,-0.9356049784168732,-0.8551112014379645,0.0623331320846785,0.008524929349586501,0.008493762783544162
2005-10-28,-0.7880432447335528,-0.7880432447335528,-0.9034074676253097,0.04829626618734517,-0.01938138332715404,-0.01940553146024771
2005-10-31,-0.6517946004580942,-0.6517946004580942,-0.9356049784168732,0.03219751079156352,-0.006817834450269347,-0.0068339332056651285
2005-11-01,-0.7678630669720629,-0.7678630669720629,-0.7880432447335528,0.14756173368332037,0.028503827865028298,0.028430046998186638
2005-11-02,-0.6759741525779033,-0.6759741525779033,-0.6517946004580942,0.13624864427545857,-0.020719380133160537,-0.020787504455298266
2005-11-03,-0.528261285660799,-0.528261285660799,-0.7678630669720629,0.11606846651396863,-0.019781497645905845,-0.01983953187916283
2005-11-04,-0.4023572462530068,-0.4023572462530068,-0.6759741525779033,0.09188891439415958,-0.00282947948474601,-0.0028754239419430897
2005-11-07,-0.26031390123143455,-0.26031390123143455,-0.528261285660799,0.14771286691710428,-0.011230518106623082,-0.011304374540081635
2005-11-08,-0.13207066506731735,-0.13207066506731735,-0.4023572462530068,0.1259040394077922,-0.0008210560371809218,-0.0008840080568848179
2005-11-09,-0.0124120047513121,-0.0124120047513121,-0.26031390123143455,0.14204334502157223,-0.0026508690185722927,-0.002721890691083079
2005-11-10,0.13266316690748922,0.13266316690748922,-0.13207066506731735,0.1282432361641172,-0.002343124327879229,-0.0024072459459612873
2005-11-11,0.210949586689794,0.210949586689794,-0.0124120047513121,0.11965866031600525,5.408804778180793e-05,-5.741282376194697e-06
2005-11-14,0.30670578383302655,0.30670578383302655,0.13266316690748922,0.14507517165880132,0.0012669923070986265,0.0011944547212692257
2005-11-15,0.2841204726373212,0.2841204726373212,0.210949586689794,0.07828641978230477,-0.002411349233865049,-0.0024504924437562014
2005-11-16,0.24022421122680565,0.24022421122680565,0.30670578383302655,0.09575619714323255,-0.0020788530034680595,-0.002126731102039676
2005-11-17,0.2131340883345337,0.2131340883345337,0.2841204726373212,0.022585311195705338,0.0022810244357888885,0.002269731780191036
2005-11-18,0.21934268311727578,0.21934268311727578,0.24022421122680565,0.04389626141051556,0.0018177326985196023,0.0017957845678143445
2005-11-21,0.19586521730299483,0.19586521730299483,0.2131340883345337,0.027090122892271945,-0.0004212406663669757,-0.0004347857278131116
2005-11-22,0.4639101448686632,0.4639101448686632,0.21934268311727578,0.006208594782742077,0.007904949424132389,0.007901845126741018
2005-11-23,0.6426067632457755,0.6426067632457755,0.19586521730299483,0.02347746581428095,0.0035938141398143514,0.0035820754069072107
2005-11-25,0.7617378421638503,0.7617378421638503,0.4639101448686632,0.2680449275656684,0.002960738454686974,0.0028267159909041396
2005-11-28,0.841158561442567,0.841158561442567,0.6426067632457755,0.17869661837711226,0.0011984838804330717,0.0011091355712445155
2005-11-29,0.8611249008234472,0.8611249008234472,0.7617378421638503,0.11913107891807484,-0.0022686517958167294,-0.002328217335275767
2005-11-30,0.8332146361357757,0.8332146361357757,0.841158561442567,0.07942071927871663,-0.003140991632093359,-0.0031807019917327174
2005-12-01,0.8888097574238505,0.8888097574238505,0.8611249008234472,0.019966339380880216,0.016137740819114333,0.016127757649423893
2005-12-02,0.9258731716159003,0.9258731716159003,0.8332146361357757,0.027910264687671438,0.007664050896440345,0.007650095764096509
2005-12-05,0.820595874891609,0.820595874891609,0.8888097574238505,0.055595121288074756,-0.01717388442091232,-0.017201681981556357
2005-12-06,0.7150150599385416,0.7150150599385416,0.9258731716159003,0.03706341419204984,-0.007916247944372068,-0.007934779651468092
2005-12-07,0.5592441423825429,0.5592441423825429,0.820595874891609,0.10527729672429131,-0.015999726751672296,-0.016052365400034442
2005-12-08,0.41510533552657203,0.41510533552657203,0.7150150599385416,0.10558081495306737,-0.01230404343076263,-0.012356833838239163
2005-12-09,0.3539916120759242,0.3539916120759242,0.5592441423825429,0.1557709175559987,0.008268744402717708,0.008190858943939708
2005-12-12,0.39092063250797926,0.39092063250797926,0.41510533552657203,0.1441388068559709,0.008595247171115605,0.00852317776768762
2005-12-13,0.43169878083432384,0.43169878083432384,0.3539916120759242,0.061113723450647806,0.0013296641192770567,0.0012991072575517328
2005-12-14,0.44509530907964107,0.44509530907964107,0.39092063250797926,0.03692902043205504,-0.001316408097584896,-0.0013348726078009235
2005-12-15,0.43411747337435,0.43411747337435,0.43169878083432384,0.04077814832634458,-0.0008108650859976164,-0.0008312541601607886
2005-12-16,0.39524319294047383,0.39524319294047383,0.44509530907964107,0.01339652824531723,-0.0033491507202929654,-0.003355848984415624
2005-12-19,0.31570828358689523,0.31570828358689523,0.43411747337435,0.01097783570529104,-0.009873751272260029,-0.009879240190112675
2005-12-20,0.265115456198144,0.265115456198144,0.39524319294047383,0.038874280433876196,0.00045993124293964785,0.0004404941027227098
2005-12-21,0.22974988927508708,0.22974988927508708,0.31570828358689523,0.0795349093535786,0.0008561486055282543,0.000816381150851465
2005-12-22,0.2017559513274748,0.2017559513274748,0.265115456198144,0.05059282738875126,0.0009221087801962886,0.000896812366501913
2005-12-23,0.17566678625917714,0.17566678625917714,0.22974988927508708,0.035365566923056896,0.0,-1.768278346152845e-05
2005-12-27,0.12827519561721726,0.12827519561721726,0.2017559513274748,0.02799393794761229,-0.00396211548592994,-0.003976112454903746
2005-12-28,0.09481591778056732,0.09481591778056732,0.17566678625917714,0.026089165068297643,-0.00013799868392012349,-0.0001510432664542723
2005-12-29,0.0665741383144425,0.0665741383144425,0.12827519561721726,0.047391590641959885,-0.0018655733915098685,-0.0018892691868308484
2005-12-30,0.045783499855571445,0.045783499855571445,0.09481591778056732,0.03345927783664994,-0.00041607503006311857,-0.00043280466898144355
2006-01-03,0.06582555858906551,0.06582555858906551,0.0665741383144425,0.028241779466124814,0.0016269940787113312,0.0016128731889782687
2006-01-04,0.09252894752033047,0.09252894752033047,0.045783499855571445,0.02079063845887106,0.000608780321881606,0.0005983850026521705
2006-01-05,0.14771929675458878,0.14771929675458878,0.06582555858906551,0.020042058733494066,0.0009146009280969602,0.0009045798987302132
2006-01-06,0.18866008761093506,0.18866008761093506,0.09252894752033047,0.026703388931264962,0.000140922283690505,0.00012757058922487253
2006-01-09,0.23570291965150833,0.23570291965150833,0.14771929675458878,0.05519034923425831,0.0008983225208563693,0.0008707273462392401
2006-01-10,0.23621793920544262,0.23621793920544262,0.18866008761093506,0.040940790856346276,-0.0024946160837358055,-0.0025150864791639786
2006-01-11,0.22032864161898674,0.22032864161898674,0.23570291965150833,0.047042832040573274,0.0001805414525783806,0.00015702003655809397
2006-01-12,0.19971149095672225,0.19971149095672225,0.23621793920544262,0.0005150195539342928,-0.0015362339894313503,-0.0015364914992083176
2006-01-13,0.16734968457913663,0.16734968457913663,0.22032864161898674,0.01588929758645588,-0.0015271207155453537,-0.0015350653643385816
2006-01-17,0.13604528194829832,0.13604528194829832,0.19971149095672225,0.020617150662264494,-0.0020907540206776126,-0.002101062596008745
2006-01-18,-0.23611279339111468,-0.23611279339111468,0.16734968457913663,0.03236180637758562,-0.019148170338209782,-0.019164351241398574
2006-01-19,-0.4907418622607431,-0.4907418622607431,0.13604528194829832,0.03130440263083831,-0.0012039879061744,-0.001219640107489819
2006-01-20,-0.6604945748404955,-0.6604945748404955,-0.23611279339111468,0.37215807533941303,0.006746052351501052,0.006559973313831346
2006-01-23,-0.7736630498936636,-0.7736630498936636,-0.4907418622607431,0.25462906886962844,0.009246401536670244,0.00911908700223543
2006-01-24,-0.8491086999291091,-0.8491086999291091,-0.6604945748404955,0.16975271257975233,0.002165724269651669,0.0020808479133617927
2006-01-25,-0.8994057999527394,-0.8994057999527394,-0.7736630498936636,0.11316847505316818,0.0025450834678495122,0.002488499230322928
2006-01-26,-0.8806234122121805,-0.8806234122121805,-0.8491086999291091,0.07544565003544546,-0.011209384385807748,-0.011247107210825471
2006-01-27,-0.8395272923005659,-0.8395272923005659,-0.8994057999527394,0.0502971000236303,-0.007533242086103099,-0.007558390636114914
2006-01-30,-0.8166609636850715,-0.8166609636850715,-0.8806234122121805,0.018782387740558848,0.0008128501074194167,0.0008034589135491373
2006-01-31,-0.8682934522924162,-0.8682934522924162,-0.8395272923005659,0.04109611991161466,0.01512278588791287,0.015102237827957062
2006-02-01,-0.7611295345939684,-0.7611295345939684,-0.8166609636850715,0.022866328615494425,-0.011139565708040068,-0.011150998872347816
2006-02-02,-0.8407530230626457,-0.8407530230626457,-0.8682934522924162,0.051632488607344706,0.01410207091623648,0.014076254671932808
2006-02-03,-0.8938353487084305,-0.8938353487084305,-0.7611295345939684,0.1071639176984478,0.01298604302212432,0.012932461063275096
2006-02-06,-0.9292235658056205,-0.9292235658056205,-0.8407530230626457,0.07962348846867728,0.005269783858664263,0.005229972114429924
2006-02-07,-0.9107380455146742,-0.9107380455146742,-0.8938353487084305,0.053082325645784856,-0.002601824954829429,-0.0026283661176523215
2006-02-08,-0.8990923928018132,-0.8990923928018132,-0.9292235658056205,0.03538821709718998,-0.0,-1.769410854859499e-05
2006-02-09,-0.7508053624266169,-0.7508053624266169,-0.9107380455146742,0.0184855202909463,-0.014540074750907746,-0.01454931751105322
2006-02-10,-0.5974748765909493,-0.5974748765909493,-0.8990923928018132,0.011645652712860999,-0.012416142800735967,-0.012421965627092397
2006-02-13,-0.5277634688971462,-0.5277634688971462,-0.7508053624266169,0.1482870303751963,0.005642237256035879,0.005568093740848281
2006-02-14,-0.4278485711889531,-0.4278485711889531,-0.5974748765909493,0.15333048583566755,-0.006786091226631452,-0.006862756469549285
2006-02-15,-0.35246423314956987,-0.35246423314956987,-0.5277634688971462,0.06971140769380313,0.0004937360615898099,0.0004588803577429083
2006-02-16,-0.281057850310918,-0.281057850310918,-0.4278485711889531,0.09991489770819312,-0.0,-4.995744885409656e-05
2006-02-17,-0.520705233540612,-0.520705233540612,-0.35246423314956987,0.07538433803938321,0.012216616942172796,0.012178924773153105
2006-02-21,-0.6749560700335592,-0.6749560700335592,-0.281057850310918,0.07140638283865186,-0.0001363273189531912,-0.00017203051037251713
2006-02-22,-0.7833040466890395,-0.7833040466890395,-0.520705233540612,0.23964738322969403,0.011868931921653617,0.01174910823003877
2006-02-23,-0.8009097423854916,-0.8009097423854916,-0.6749560700335592,0.15425083649294713,-0.00468985999749646,-0.004766985415742934
2006-02-24,-0.782220623290711,-0.782220623290711,-0.7833040466890395,0.10834797665548035,-0.002702417213044252,-0.002756591201371992
2006-02-27,-0.7146869612073149,-0.7146869612073149,-0.8009097423854916,0.017605695696452095,-0.006293945860849543,-0.006302748708697769
2006-02-28,-0.6502471474475978,-0.6502471474475978,-0.782220623290711,0.01868911909478066,-0.003049759006824569,-0.0030591035663719594
2006-03-01,-0.5655528005602448,-0.5655528005602448,-0.7146869612073149,0.06753366208339606,-0.006938634673437814,-0.0069724015044795125
2006-03-02,-0.5776584870501333,-0.5776584870501333,-0.6502471474475978,0.06443981375971708,0.009691114447582099,0.00965889454070224
2006-03-03,-0.6411189464368223,-0.6411189464368223,-0.5655528005602448,0.084694346887353,0.004692168965767553,0.004649821792323876
2006-03-06,-0.6487144063785969,-0.6487144063785969,-0.5776584870501333,0.012105686489888523,0.0005687995503743575,0.0005627467071294132
2006-03-07,-0.765809604252398,-0.765809604252398,-0.6411189464368223,0.06346045938668898,0.007579734916041955,0.00754800468634861
2006-03-08,-0.8438730695015988,-0.8438730695015988,-0.6487144063785969,0.007595459941774574,0.0016166433774092884,0.001612845647438401
2006-03-09,-0.8959153796677326,-0.8959153796677326,-0.765809604252398,0.11709519787380107,0.009951118288519323,0.009892570689582422
2006-03-10,-0.8359195533478858,-0.8359195533478858,-0.8438730695015988,0.07806346524920083,-0.004273112999586445,-0.004312144732211045
2006-03-13,-0.8906130355652573,-0.8906130355652573,-0.8959153796677326,0.05204231016613381,0.005416261433688816,0.005390240278605749
2006-03-14,-0.8878004926884999,-0.8878004926884999,-0.8359195533478858,0.05999582631984679,-0.0012711935143499289,-0.0013011914275098523
2006-03-15,-0.7354112360042948,-0.7354112360042948,-0.8906130355652573,0.05469348221737147,-0.007211760646984896,-0.007239107388093582
2006-03-16,-0.8236074906695299,-0.8236074906695299,-0.8878004926884999,0.0028125428767573624,0.012033819584431496,0.012032413312993116
2006-03-17,-0.8824049937796867,-0.8824049937796867,-0.7354112360042948,0.1523892566842051,0.004116741981444873,0.00404054735310277
2006-03-20,-0.8243970934599868,-0.8243970934599868,-0.8236074906695299,0.08819625466523506,-0.003371964029415715,-0.0034160621567483323
2006-03-21,-0.6749404631284572,-0.6749404631284572,-0.8824049937796867,0.05879750311015686,-0.007195990220542119,-0.007225388972097197
2006-03-22,-0.5254263604100612,-0.5254263604100612,-0.8243970934599868,0.058007900319699934,-0.008335778642151846,-0.008364782592311696
2006-03-23,-0.5429675183230811,-0.5429675183230811,-0.6749404631284572,0.14945663033152956,0.00945870001608147,0.009383971700915705
2006-03-24,-0.6319454162676512,-0.6319454162676512,-0.5254263604100612,0.14951410271839605,0.0026670460805754324,0.0025922890292162343
2006-03-27,-0.5882392092549137,-0.5882392092549137,-0.5429675183230811,0.01754115791301991,-0.0041550163208757505,-0.004163786899832261
2006-03-28,-0.686210815887971,-0.686210815887971,-0.6319454162676512,0.08897789794457012,0.005439348566197502,0.005394859617225217
2006-03-29,-0.610385844001302,-0.610385844001302,-0.5882392092549137,0.04370620701273753,-0.007210241324552434,-0.0072320944280588025
2006-03-30,-0.6062427146421189,-0.6062427146421189,-0.686210815887971,0.09797160663305726,0.004154490811673211,0.004105505008356682
2006-03-31,-0.737495143094746,-0.737495143094746,-0.610385844001302,0.07582497188666892,0.0074364261127319664,0.007398513626788632
2006-04-03,-0.824996762063164,-0.824996762063164,-0.6062427146421189,0.004143129359183151,0.003426606048112536,0.0034245344834329446
2006-04-04,-0.883331174708776,-0.883331174708776,-0.737495143094746,0.13125242845262708,0.001905513248343386,0.0018398870341170724
2006-04-05,-0.7768297010191134,-0.7768297010191134,-0.824996762063164,0.08750161896841802,-0.007694167168449397,-0.007737917977933606
2006-04-06,-0.7627855483194896,-0.7627855483194896,-0.883331174708776,0.05833441264561201,0.004534836974503759,0.004505669768180953
2006-04-07,-0.8418570322129932,-0.8418570322129932,-0.7768297010191134,0.10650147368966256,0.005611656829138819,0.005558406092293988
2006-04-10,-0.7668661783242874,-0.7668661783242874,-0.7627855483194896,0.01404415269962378,-0.004757435846056597,-0.004764457922406409
2006-04-11,-0.8445774522161917,-0.8445774522161917,-0.8418570322129932,0.0790714838935036,0.008696639403828605,0.008657103661881852
2006-04-12,-0.8963849681441278,-0.8963849681441278,-0.7668661783242874,0.07499085388870586,0.0016010600278678656,0.0015635646009235127
2006-04-13,-0.7434284271430516,-0.7434284271430516,-0.8445774522161917,0.07771127389190435,-0.014576612401450481,-0.014615468038396433
2006-04-17,-0.7626632449140021,-0.7626632449140021,-0.8963849681441278,0.05180751592793609,0.0119822456119529,0.011956341853988932
2006-04-18,-0.6662371563673442,-0.6662371563673442,-0.7434284271430516,0.15295654100107625,-0.007747937762485574,-0.007824416032986111
2006-04-19,-0.5512755234919464,-0.5512755234919464,-0.7626632449140021,0.019234817770950485,-0.006686544622090303,-0.006696162030975778
2006-04-20,-0.505490172490968,-0.505490172490968,-0.6662371563673442,0.0964260885466579,0.003746785244000569,0.00369857219972724
2006-04-21,-0.6703267816606453,-0.6703267816606453,-0.5512755234919464,0.11496163287539773,0.011053780597309788,0.010996299780872089
2006-04-24,-0.7802178544404302,-0.7802178544404302,-0.505490172490968,0.04578535100097847,0.003978119163982475,0.003955226488481986
2006-04-25,-0.7267830579818735,-0.7267830579818735,-0.6703267816606453,0.16483660916967735,-0.008507818474297098,-0.008590236778881937
2006-04-26,-0.58830689487112,-0.58830689487112,-0.7802178544404302,0.10989107277978494,-0.013852224467140527,-0.01390717000353042
2006-04-27,-0.40128495243472473,-0.40128495243472473,-0.7267830579818735,0.053434796458556755,-0.022001132348503354,-0.022027849746732633
2006-04-28,-0.2867878770412021,-0.2867878770412021,-0.58830689487112,0.1384761631107535,0.0029297134483073153,0.0028604753667519386
2006-05-01,-0.30998505150107913,-0.30998505150107913,-0.40128495243472473,0.18702194243639525,0.009841392458548337,0.00974788148733014
2006-05-02,-0.3022823486098143,-0.3022823486098143,-0.2867878770412021,0.11449707539352261,-0.0014715059342666353,-0.0015287544719633965
2006-05-03,-0.38767703806267895,-0.38767703806267895,-0.30998505150107913,0.023197174459877012,0.005248514293851741,0.005236915706621803
2006-05-04,-0.3927604338034631,-0.3927604338034631,-0.3022823486098143,0.007702702891264845,-0.0028396754701200907,-0.0028435268215657233
2006-05-05,-0.3492533767456734,-0.3492533767456734,-0.38767703806267895,0.08539468945286466,-0.003407651310052537,-0.003450348654778969
2006-05-08,-0.2140475345233914,-0.2140475345233914,-0.3927604338034631,0.005083395740784147,-0.012078725795150506,-0.012081267493020898
2006-05-09,-0.16041680014350307,-0.16041680014350307,-0.3492533767456734,0.04350705705778968,0.003647015393464444,0.0036252618649355492
2006-05-10,-0.1865073412075538,-0.1865073412075538,-0.2140475345233914,0.13520584222228202,0.003441980042399822,0.003374377121288681
2006-05-11,-0.2411015472277695,-0.2411015472277695,-0.16041680014350307,0.05363073437988833,0.0018024006341216437,0.0017755852669316995
2006-05-12,-0.38109078013279984,-0.38109078013279984,-0.1865073412075538,0.026090541064050732,0.00308278958879233,0.0030697443182603045
2006-05-15,-0.34408496691313956,-0.34408496691313956,-0.2411015472277695,0.054594206020215696,-0.003545587570816224,-0.0035728846738263317
2006-05-16,-0.418437563361097,-0.418437563361097,-0.38109078013279984,0.13998923290503035,0.005128583364310092,0.005058588747857576
2006-05-17,-0.612291708907398,-0.612291708907398,-0.34408496691313956,0.03700581321966029,0.007221060849725166,0.007202557943115336
2006-05-18,-0.7415278059382654,-0.7415278059382654,-0.418437563361097,0.07435259644795744,0.00022425839257992036,0.00018708209435594163
2006-05-19,-0.8276852039588436,-0.8276852039588436,-0.612291708907398,0.19385414554630104,0.009520958639291192,0.009424031566518042
2006-05-22,-0.8851234693058958,-0.8851234693058958,-0.7415278059382654,0.12923609703086736,0.014135805026457119,0.014071186977941685
2006-05-23,-0.9234156462039307,-0.9234156462039307,-0.8276852039588436,0.0861573980205782,0.002757236900014449,0.00271415820100416
2006-05-24,-0.9489437641359539,-0.9489437641359539,-0.8851234693058958,0.05743826534705221,0.0029589111762956984,0.002930192043622172
2006-05-25,-0.8563658431915508,-0.8563658431915508,-0.9234156462039307,0.03829217689803488,-0.008258757900301937,-0.008277903988750954
2006-05-26,-0.7176129637921953,-0.7176129637921953,-0.9489437641359539,0.025528117932023253,-0.008937183587755967,-0.008949947646721978
2006-05-30,-0.8117419758614636,-0.8117419758614636,-0.8563658431915508,0.09257792094440309,0.019270463301904624,0.019224174341432424
2006-05-31,-0.7382683073357788,-0.7382683073357788,-0.7176129637921953,0.13875287939935554,-0.008461720990695578,-0.008531097430395256
2006-06-01,-0.6693148876889223,-0.6693148876889223,-0.8117419758614636,0.09412901206926827,-0.0009009232056023811,-0.0009479877116370152
2006-06-02,-0.5607698970096533,-0.5607698970096533,-0.7382683073357788,0.07347366852568482,-0.007775356871543441,-0.007812093705806284
2006-06-05,-0.5862416415429227,-0.5862416415429227,-0.6693148876889223,0.06895341964685642,0.009178732364005933,0.009144255654182505
2006-06-06,-0.7241610943619485,-0.7241610943619485,-0.5607698970096533,0.10854499067926904,0.005925724110913117,0.005871451615573482
2006-06-07,-0.816107396241299,-0.816107396241299,-0.5862416415429227,0.02547174453326939,0.013181476128937565,0.01316874025667093
2006-06-08,-0.8774049308275327,-0.8774049308275327,-0.7241610943619485,0.13791945281902585,0.011659657740828682,0.011590698014419169
2006-06-09,-0.8864049864781319,-0.8864049864781319,-0.816107396241299,0.09194630187935049,-0.0023846620174284624,-0.0024306351683681376
2006-06-12,-0.9242699909854213,-0.9242699909854213,-0.8774049308275327,0.06129753458623366,0.01533914068423366,0.015308491916940543
2006-06-13,-0.8223765727321511,-0.8223765727321511,-0.8864049864781319,0.009000055650599248,-0.013669268126446737,-0.013673768154272037
2006-06-14,-0.6356103756172324,-0.6356103756172324,-0.9242699909854213,0.03786500450728936,-0.032932502610628585,-0.03295143511288223
2006-06-15,-0.4598846951290687,-0.4598846951290687,-0.8223765727321511,0.10189341825327014,-0.0180896900068841,-0.018140636716010735
2006-06-16,-0.32026188151678614,-0.32026188151678614,-0.6356103756172324,0.1867661971149187,-0.006313818033984685,-0.006407201132542145
2006-06-19,-0.23399644800560404,-0.23399644800560404,-0.4598846951290687,0.17572568048816373,0.0015079217556987134,0.0014200589154546315
2006-06-20,-0.18687327657860453,-0.18687327657860453,-0.32026188151678614,0.13962281361228257,0.0015800931650573919,0.0015102817582512507
2006-06-21,-0.12590749342328733,-0.12590749342328733,-0.23399644800560404,0.0862654335111821,-0.0032230825231936017,-0.0032662152399491927
2006-06-22,-0.09876633875566104,-0.09876633875566104,-0.18687327657860453,0.04712317142699951,0.0015234290567154526,0.001499867471001953
2006-06-23,-0.1100955461107136,-0.1100955461107136,-0.12590749342328733,0.0609657831553172,0.0017247554604735368,0.0016942725688958782
2006-06-26,-0.08467089926787846,-0.08467089926787846,-0.09876633875566104,0.027141154667626288,-0.0015363549881043464,-0.0015499255654381596
2006-06-27,-0.09220838337983062,-0.09220838337983062,-0.1100955461107136,0.01132920735505255,0.0013852355957946483,0.001379570992117122
2006-06-28,-0.04053372675508839,-0.04053372675508839,-0.08467089926787846,0.02542464684283513,-0.002861453103151384,-0.0028741654265728015
2006-06-29,0.07810974815377683,0.07810974815377683,-0.09220838337983062,0.007537484111952153,-0.003261389586527915,-0.003265158328583891
2006-06-30,0.11744102477047483,0.11744102477047483,-0.04053372675508839,0.05167465662474223,0.0006713476914871075,0.0006455103631747363
2006-07-03,0.19865631952807347,0.19865631952807347,0.07810974815377683,0.11864347490886522,0.001479955338208803,0.0014206336007543704
2006-07-05,0.1738891550416046,0.1738891550416046,0.11744102477047483,0.039331276616698,-0.0037003508745329467,-0.003720016512841296
2006-07-06,0.16973498963805222,0.16973498963805222,0.19865631952807347,0.08121529475759864,0.001059504105995703,0.0010188964586169038
2006-07-07,0.13108927635220907,0.13108927635220907,0.1738891550416046,0.024767164486468873,-0.002675310438034565,-0.0026876940202777994
2006-07-10,0.05793635769524144,0.05793635769524144,0.16973498963805222,0.004154165403552373,-0.0034750913963421666,-0.0034771684790439426
2006-07-11,0.0715189413461762,0.0715189413461762,0.13108927635220907,0.03864571328584315,0.0035331706382422225,0.003513847781599301
2006-07-12,-0.030533633705565125,-0.030533633705565125,0.05793635769524144,0.07315291865696763,-0.0024515240128473014,-0.002488100472175785
2006-07-13,-0.11882351082704154,-0.11882351082704154,0.0715189413461762,0.01358258365093476,-0.0006399569983950846,-0.000646748290220552
2006-07-14,-0.14244574894864814,-0.14244574894864814,-0.030533633705565125,0.10205257505174133,-0.00027568415033193266,-0.0003267104378578033
2006-07-17,-0.16320319767662303,-0.16320319767662303,-0.11882351082704154,0.08828987712147641,0.0002657676257411229,0.00022162268718038468
2006-07-18,-0.13129851410023963,-0.13129851410023963,-0.14244574894864814,0.023622238121606604,-0.002954255637051512,-0.0029660667561123154
2006-07-19,-0.07980534263695721,-0.07980534263695721,-0.16320319767662303,0.020757448727974886,-0.0025094235130839362,-0.0025198022374479235
2006-07-20,-0.30127303419684387,-0.30127303419684387,-0.13129851410023963,0.0319046835763834,0.00987038785685804,0.00985443551506985
2006-07-21,-0.4346906806397236,-0.4346906806397236,-0.07980534263695721,0.05149317146328242,-0.00023330460157057118,-0.00025905118730221237
2006-07-24,-0.44406029053796436,-0.44406029053796436,-0.30127303419684387,0.22146769155988666,-0.005797119007143831,-0.005907852852923775
2006-07-25,-0.43389174188743823,-0.43389174188743823,-0.4346906806397236,0.13341764644287973,-0.0014920148784167686,-0.0015587237016382086
2006-07-26,-0.4281825864131319,-0.4281825864131319,-0.44406029053796436,0.00936960989824076,0.0010127087820437249,0.0010080239770946045
2006-07-27,-0.4304388247645105,-0.4304388247645105,-0.43389174188743823,0.010168548650526132,0.0007437454776438388,0.0007386612033185758
2006-07-28,-0.3185664749439057,-0.3185664749439057,-0.4281825864131319,0.005709155474306338,-0.017401973503144135,-0.01740482808088129
2006-07-31,-0.2700768919152262,-0.2700768919152262,-0.4304388247645105,0.0022562383513786144,0.00426183139071471,0.004260703271539021
2006-08-01,-0.2926721285256103,-0.2926721285256103,-0.3185664749439057,0.11187234982060479,0.006017377433159327,0.005961441258249024
2006-08-02,-0.3118729203878282,-0.3118729203878282,-0.2700768919152262,0.048489583028679506,0.0010705189932814138,0.001046274201767074
2006-08-03,-0.2759925314398711,-0.2759925314398711,-0.2926721285256103,0.022595236610384095,0.002677479275142024,0.002666181656836832
2006-08-04,-0.22260668759159702,-0.22260668759159702,-0.3118729203878282,0.019200791862217903,-0.0028794493860961824,-0.0028890497820272913
2006-08-07,-0.2063932506179954,-0.2063932506179954,-0.2759925314398711,0.03588038894795709,0.002682611306567396,0.0026646711120934174
2006-08-08,-0.18948917496301318,-0.18948917496301318,-0.22260668759159702,0.053385843848274106,-0.0005140587142425744,-0.0005407516361667114
2006-08-09,-0.1730620271444062,-0.1730620271444062,-0.2063932506179954,0.016213436973601614,-0.00047561471970756125,-0.00048372143819436203
2006-08-10,-0.13119879292743652,-0.13119879292743652,-0.18948917496301318,0.016904075654982226,-0.0038115218252582407,-0.0038199738630857317
2006-08-11,-0.10674790596333616,-0.10674790596333616,-0.1730620271444062,0.01642714781860699,0.0033149859145094815,0.003306772340600178
2006-08-14,-0.07559008608395403,-0.07559008608395403,-0.13119879292743652,0.041863234216969664,-0.003466532383324528,-0.003487464000433013
2006-08-15,-0.044162724649465,-0.044162724649465,-0.10674790596333616,0.02445088696410036,-0.001553053913748334,-0.001565279357230384
2006-08-16,0.020016342987332965,0.020016342987332965,-0.07559008608395403,0.03115781987938214,-0.0020013168562603273,-0.0020168957662000182
2006-08-17,0.05206131031634153,0.05206131031634153,-0.044162724649465,0.03142736143448902,0.00011867147427098436,0.00010295779355373985
2006-08-18,0.06184255449944458,0.06184255449944458,0.020016342987332965,0.06417906763679797,-0.00017254673713036856,-0.00020463627094876756
2006-08-21,0.05670800251794626,0.05670800251794626,0.05206131031634153,0.032044967329008564,-0.00042439654932436004,-0.0004404190329888643
2006-08-22,0.059377638393505926,0.059377638393505926,0.06184255449944458,0.009781244183103048,0.00030495864851194855,0.000300068026420397
2006-08-23,0.06506965072381311,0.06506965072381311,0.05670800251794626,0.005134551981498314,0.0001236758298934742,0.00012110855390272506
2006-08-24,0.08202782511256462,0.08202782511256462,0.059377638393505926,0.002669635875559663,0.0005814810791299122,0.0005801462611921323
2006-08-25,0.13349032439551667,0.13349032439551667,0.06506965072381311,0.005692012330307188,0.001192069026354809,0.0011892230201896554
2006-08-28,0.4223268829303444,0.4223268829303444,0.08202782511256462,0.01695817438875151,0.0020832111671700362,0.0020747320799756603
2006-08-29,0.6148845886202297,0.6148845886202297,0.13349032439551667,0.051462499282952046,0.002066378273879057,0.0020406470242375807
2006-08-30,0.7432563924134865,0.7432563924134865,0.4223268829303444,0.28883655853482776,0.0034337714471185015,0.0032893531678510877
2006-08-31,0.6247417446872757,0.6247417446872757,0.6148845886202297,0.19255770568988523,-0.008368176686044159,-0.008464455538889101
2006-09-01,0.7498278297915172,0.7498278297915172,0.7432563924134865,0.12837180379325686,0.011773776862258244,0.011709590960361616
2006-09-05,0.8332185531943448,0.8332185531943448,0.6247417446872757,0.11851464772621079,0.003456596709322676,0.0033973393854595706
2006-09-06,0.6307099200270444,0.6307099200270444,0.7498278297915172,0.12508608510424146,-0.025506623943039625,-0.025569166985591744
2006-09-07,0.4846765238101154,0.4846765238101154,0.8332185531943448,0.0833907234028276,-0.003883714501530643,-0.0039254098632320565
2006-09-08,0.43103546580642554,0.43103546580642554,0.6307099200270444,0.2025086331673004,0.0075475758797314985,0.007446321563147848
2006-09-11,0.38147826577905086,0.38147826577905086,0.4846765238101154,0.146033396216929,-0.0012459472695045787,-0.0013189639676130431
2006-09-12,0.44198883233641195,0.44198883233641195,0.43103546580642554,0.053641058003689845,0.007776364206562155,0.00774954367756031
2006-09-13,0.5157782427505789,0.5157782427505789,0.38147826577905086,0.04955720002737468,0.0015452808138463209,0.0015205022138326334
2006-09-14,0.5372051898979971,0.5372051898979971,0.44198883233641195,0.06051056655736109,-0.001114402104355127,-0.0011446573876338075
2006-09-15,0.4579021967094012,0.4579021967094012,0.5157782427505789,0.07378941041416698,-0.007040531567525168,-0.007077426272732252
2006-09-18,0.43626001152624316,0.43626001152624316,0.5372051898979971,0.021426947147418218,0.0038549009794870124,0.003844187505913303
2006-09-19,0.36542534034671625,0.36542534034671625,0.4579021967094012,0.07930299318859596,-0.005359747878404955,-0.005399399374999253
2006-09-20,0.27148112367986904,0.27148112367986904,0.43626001152624316,0.021642185183158025,0.0015726473574842496,0.0015618262648926706
2006-09-21,0.1958120007081295,0.1958120007081295,0.36542534034671625,0.07083467117952691,-0.005624776746100436,-0.0056601940816902
2006-09-22,0.13831334514586874,0.13831334514586874,0.27148112367986904,0.09394421666684721,-0.0016975621137108098,-0.0017445342220442333
2006-09-25,0.14047638897839335,0.14047638897839335,0.1958120007081295,0.07566912297173953,0.0034910525077310565,0.003453217946245187
2006-09-26,0.3987764442085211,0.3987764442085211,0.13831334514586874,0.057498655562260775,0.003919243752279487,0.0038904944244983566
2006-09-27,0.5991842961390141,0.5991842961390141,0.14047638897839335,0.002163043832524608,0.0030263544841843495,0.003025272962268087
2006-09-28,0.7327895307593428,0.7327895307593428,0.3987764442085211,0.2583000552301278,0.007431686832234561,0.007302536804619497
2006-09-29,0.7170519098462744,0.7170519098462744,0.5991842961390141,0.20040785193049304,-0.005769717998318975,-0.005869921924284221
2006-10-02,0.6629154172719023,0.6629154172719023,0.7327895307593428,0.1336052346203287,-0.004631342812254389,-0.004698145429564553
2006-10-03,0.6677785127220588,0.6677785127220588,0.7170519098462744,0.015737620913068406,0.004560702967637543,0.004552834157181008
2006-10-04,0.7785190084813726,0.7785190084813726,0.6629154172719023,0.05413649257437214,0.008056719476049893,0.008029651229762706
2006-10-05,0.825588036420201,0.825588036420201,0.6677785127220588,0.004863095450156507,-0.0012828449026844801,-0.0012852764504095583
2006-10-06,0.7770719580468831,0.7770719580468831,0.7785190084813726,0.11074049575931377,-0.00561986711207673,-0.005675237359956386
2006-10-09,0.7378610035028191,0.7378610035028191,0.825588036420201,0.04706902793882839,-0.00040005726869386625,-0.00042359178266328045
2006-10-10,0.8252406690018794,0.8252406690018794,0.7770719580468831,0.04851607837331784,0.01017479814449441,0.010150540105307752
2006-10-11,0.8834937793345863,0.8834937793345863,0.7378610035028191,0.03921095454406398,0.0,-1.960547727203199e-05
2006-10-12,0.9223291862230576,0.9223291862230576,0.8252406690018794,0.08737966549906029,0.023702821685219318,0.02365913185246979
2006-10-13,0.9482194574820384,0.9482194574820384,0.8834937793345863,0.05825311033270686,0.004521615391579396,0.004492488836413042
2006-10-16,0.9654796383213591,0.9654796383213591,0.9223291862230576,0.03883540688847131,0.00042720713615034705,0.0004077894327061114
2006-10-17,0.7934811416556777,0.7934811416556777,0.9482194574820384,0.0258902712589808,-0.031153573780788275,-0.031166518916417765
2006-10-18,0.7175809043078144,0.7175809043078144,0.9654796383213591,0.017260180839320682,0.009701077930344347,0.009692447839924687
2006-10-19,0.650943407458633,0.650943407458633,0.7934811416556777,0.17199849666568134,-0.003006954504399158,-0.0030929537527319985
2006-10-20,0.6769787049397342,0.6769787049397342,0.7175809043078144,0.07590023734786333,0.010236246254062784,0.010198296135388852
2006-10-23,0.7324919385944662,0.7324919385944662,0.650943407458633,0.06663749684918141,0.0036622041498146035,0.003628885401390013
2006-10-24,0.8216612923963108,0.8216612923963108,0.6769787049397342,0.026035297481101227,0.00536565286974364,0.00535263522100309
2006-10-25,0.8811075282642074,0.8811075282642074,0.7324919385944662,0.05551323365473193,0.0033877348958440143,0.0033599782790166483
2006-10-26,0.9207383521761383,0.9207383521761383,0.8216612923963108,0.08916935380184465,0.0018914734738670663,0.001846888796966144
2006-10-27,0.784339539275635,0.784339539275635,0.8811075282642074,0.059446235867896546,-0.02711712071324367,-0.02714684383117762
2006-10-30,0.7252487770290724,0.7252487770290724,0.9207383521761383,0.03963082391193096,0.006981857108483688,0.006962041696527723
2006-10-31,0.6668192388548401,0.6668192388548401,0.784339539275635,0.13639881290050326,0.0029516955656712345,0.002883496159220983
2006-11-01,0.5689252286491696,0.5689252286491696,0.7252487770290724,0.05909076224656262,-0.010875477511203305,-0.010905022892326586
2006-11-02,0.46519114221314173,0.46519114221314173,0.6668192388548401,0.058429538174232354,-0.010785828886240302,-0.010815043655327419
2006-11-03,0.37966936575682336,0.37966936575682336,0.5689252286491696,0.09789401020567046,-0.0019352315799270653,-0.0019841785850299005
2006-11-06,0.35688002039608624,0.35688002039608624,0.46519114221314173,0.10373408643602788,0.007031135990339844,0.00697926894712183
2006-11-07,0.32840300113867865,0.32840300113867865,0.37966936575682336,0.08552177645631837,-0.0003646083331453825,-0.0004073692213735417
2006-11-08,0.2912092663000176,0.2912092663000176,0.35688002039608624,0.022789345360737123,-0.0015442698137773231,-0.0015556644864576916
2006-11-09,0.23825193329924887,0.23825193329924887,0.32840300113867865,0.028477019257407588,-0.004598588892872455,-0.004612827402501158
2006-11-10,0.19540126916107056,0.19540126916107056,0.2912092663000176,0.03719373483866106,0.002281811420448024,0.0022632145530286935
2006-11-13,0.2372343973245505,0.2372343973245505,0.23825193329924887,0.052957333000768714,0.004862251184665996,0.0048357725181656114
2006-11-14,0.491489598216367,0.491489598216367,0.19540126916107056,0.04285066413817831,0.008188185386269798,0.008166760054200708
2006-11-15,0.660993065477578,0.660993065477578,0.2372343973245505,0.04183312816347995,0.004770807143930883,0.004749890579849143
2006-11-16,0.773995376985052,0.773995376985052,0.491489598216367,0.2542552008918165,0.0002200485458560623,9.292094541015402e-05
2006-11-17,0.7614963879274752,0.7614963879274752,0.660993065477578,0.16950346726121096,-0.006808066702914653,-0.0068928184365452585
2006-11-20,0.8138511612346759,0.8138511612346759,0.773995376985052,0.11300231150747408,0.005953532092726193,0.005897030936972456
2006-11-21,0.676008637005363,0.676008637005363,0.7614963879274752,0.012498989057576848,-0.023935702566063408,-0.023941952060592197
2006-11-22,0.6146292496928668,0.6146292496928668,0.8138511612346759,0.05235477330720073,0.006037357567767532,0.006011180181113932
2006-11-24,0.5432459962827711,0.5432459962827711,0.676008637005363,0.13784252422931298,-0.004355427018134843,-0.0044243482802495
2006-11-27,0.41690831614490587,0.41690831614490587,0.6146292496928668,0.06137938731249615,-0.01622698331626163,-0.016257673009917876
2006-11-28,0.3258278651950723,0.3258278651950723,0.5432459962827711,0.07138325341009566,-0.0010336706042183132,-0.001069362230923361
2006-11-29,0.2790237671592494,0.2790237671592494,0.41690831614490587,0.12633768013786528,0.005166605903141553,0.005103437063072621
2006-11-30,0.26277029288775355,0.26277029288775355,0.3258278651950723,0.09108045094983358,0.002454407375597028,0.0024088671501221112
2006-12-01,0.20457956450392495,0.20457956450392495,0.2790237671592494,0.04680409803582286,-0.006128102609086094,-0.006151504658104006
2006-12-04,0.20078046175651754,0.20078046175651754,0.26277029288775355,0.01625347427149587,0.00364088546759484,0.003632758730459092
2006-12-05,0.18432776503886328,0.18432776503886328,0.20457956450392495,0.058190728383828605,-0.0009641728530906283,-0.0009932682172825427
2006-12-06,0.1435060482200087,0.1435060482200087,0.20078046175651754,0.0037991027474074124,-0.0020913772019673952,-0.002093276753341099
2006-12-07,0.09950703857607654,0.09950703857607654,0.18432776503886328,0.016452696717654258,-0.002204838459247013,-0.00221306480760584
2006-12-08,0.07211848972746154,0.07211848972746154,0.1435060482200087,0.040821716818854575,0.00020846055102899318,0.0001880496926195659
2006-12-11,0.05218634990868345,0.05218634990868345,0.09950703857607654,0.04399900964393216,9.622964983743477e-05,7.42301450154687e-05
2006-12-12,0.04008257119758774,0.04008257119758774,0.07211848972746154,0.027388548848614996,0.00010454704257139799,9.08527681470905e-05
2006-12-13,0.029718461154713424,0.029718461154713424,0.05218634990868345,0.019932139818778095,-7.554277401712027e-05,-8.550884392650932e-05
2006-12-14,0.024014274713622587,0.024014274713622587,0.04008257119758774,0.012103778711095706,0.00013554968874386755,0.00012949779938831968
2006-12-15,0.0190156158268243,0.0190156158268243,0.029718461154713424,0.010364110042874318,0.0002718618135218384,0.00026667975850040124
2006-12-18,0.01278046551521566,0.01278046551521566,0.024014274713622587,0.0057041864410908374,-0.00013748953911503638,-0.0001403416323355818
2006-12-19,0.006600100995006662,0.006600100995006662,0.0190156158268243,0.004998658886798287,-0.00016424479254367825,-0.0001667441219870774
2006-12-20,-0.01013109914173329,-0.01013109914173329,0.01278046551521566,0.00623515031160864,-3.711348561862131e-05,-4.0231060774425634e-05
2006-12-21,-0.24208100476276415,-0.24208100476276415,0.006600100995006662,0.006180364520208997,-7.36919272972187e-05,-7.67821095573232e-05
2006-12-22,-0.49472066984184276,-0.49472066984184276,-0.01013109914173329,0.01673120013673995,0.0001442332850938915,0.00013586768502552152
2006-12-26,-0.5301561028562372,-0.5301561028562372,-0.24208100476276415,0.23194990562103085,-0.0008438414513281295,-0.0009598164041386449
2006-12-27,-0.41919535389003704,-0.41919535389003704,-0.49472066984184276,0.25263966507907865,-0.006138180296851944,-0.006264500129391484
2006-12-28,-0.3405099093128005,-0.3405099093128005,-0.5301561028562372,0.03543543301439439,-0.0005197317418185689,-0.0005374494583257661
2006-12-29,-0.36558523342147853,-0.36558523342147853,-0.41919535389003704,0.11096074896620012,0.0034898414321558402,0.00343436105767274
2007-01-03,-0.31867825437342323,-0.31867825437342323,-0.3405099093128005,0.07868544457723653,-0.0016814897472440492,-0.0017208324695326674
2007-01-04,-0.2130901702938581,-0.2130901702938581,-0.36558523342147853,0.02507532410867802,-0.014731090533189384,-0.014743628195243722
2007-01-05,-0.15111175738503557,-0.15111175738503557,-0.31867825437342323,0.0469069790480553,0.0010535999217884371,0.0010301464322644094
2007-01-08,-0.12132216350132463,-0.12132216350132463,-0.2130901702938581,0.10558808407956513,0.0009089772058724891,0.0008561831638327066
2007-01-09,-0.09742709593479298,-0.09742709593479298,-0.15111175738503557,0.06197841290882253,-0.00014389680311585316,-0.00017488600957026444
2007-01-10,-0.02331626608310723,-0.02331626608310723,-0.12132216350132463,0.02978959388371094,-0.002826791544276291,-0.0028416863412181466
2007-01-11,0.10952809832052272,0.10952809832052272,-0.09742709593479298,0.023895067566531647,-0.00181091232220063,-0.0018228598559838958
2007-01-12,0.27795275089579485,0.27795275089579485,-0.02331626608310723,0.07411082985168575,-0.00022337940742469747,-0.00026043482235054035
2007-01-16,0.49576496024308436,0.49576496024308436,0.10952809832052272,0.13284436440362996,0.0008413660802735035,0.0007749438980716886
2007-01-17,0.3030372057243442,0.3030372057243442,0.27795275089579485,0.16842465257527212,-0.015704989733176692,-0.015789202059464328
2007-01-18,0.08342957599300185,0.08342957599300185,0.49576496024308436,0.2178122093472895,-0.009189347517268263,-0.009298253621941909
2007-01-19,-0.013591812724764438,-0.013591812724764438,0.3030372057243442,0.19272775451874014,0.002494643801011422,0.002398279923752052
2007-01-22,-0.0848758148908059,-0.0848758148908059,0.08342957599300185,0.21960762973134237,-0.00012023437393168061,-0.00023003818879735178
2007-01-23,-0.19329488772315057,-0.19329488772315057,-0.013591812724764438,0.09702138871776629,0.0001568984308540429,0.00010838773649515974
2007-01-24,-0.19522360673389477,-0.19522360673389477,-0.0848758148908059,0.07128400216604146,-0.001197759554367429,-0.0012334015554504498
2007-01-25,-0.24891348071810693,-0.24891348071810693,-0.19329488772315057,0.10841907283234467,0.0022260234431937137,0.0021718139067775414
2007-01-26,-0.30096167285751696,-0.30096167285751696,-0.19522360673389477,0.0019287190107442065,0.0006633590090847209,0.0006623946495793488
2007-01-29,-0.25298368350021816,-0.25298368350021816,-0.24891348071810693,0.053689873984212155,-0.0043646075559980405,-0.004391452492990147
2007-01-30,-0.2125801143448608,-0.2125801143448608,-0.30096167285751696,0.05204819213941003,-0.000576361769059107,-0.0006023858651288121
2007-01-31,-0.15270070621727103,-0.15270070621727103,-0.25298368350021816,0.0479779893572988,-0.0003626901023605409,-0.00038667909703919034
2007-02-01,-0.10335033842842409,-0.10335033842842409,-0.2125801143448608,0.040403569155357366,-0.0015212739439793433,-0.001541475728557022
2007-02-02,-0.0676977820986967,-0.0676977820986967,-0.15270070621727103,0.05987940812758977,-0.0008679569593767098,-0.0008978966634405047
2007-02-05,-0.039538231835006064,-0.039538231835006064,-0.10335033842842409,0.04935036778884694,-0.0007977910887700362,-0.0008224662726644597
2007-02-06,-0.02362759650599297,-0.02362759650599297,-0.0676977820986967,0.035652556329727386,-9.54503143726496e-05,-0.0001132765925375133
2007-02-07,-0.010945417174511321,-0.010945417174511321,-0.039538231835006064,0.028159550263690637,-0.0003710623966664438,-0.00038514217179828913
2007-02-08,-0.006444769369380492,-0.006444769369380492,-0.02362759650599297,0.015910635329013094,0.000164762908524481,0.00015680759085997446
2007-02-09,-0.0048273484460579115,-0.0048273484460579115,-0.010945417174511321,0.01268217933148165,0.00016909934481289184,0.000162758255147151
2007-02-12,-0.006825431425371214,-0.006825431425371214,-0.006444769369380492,0.004500647805130829,7.048363115915083e-05,6.823330725658542e-05
2007-02-13,-0.008236388245392008,-0.008236388245392008,-0.0048273484460579115,0.0016174209233225803,-1.6245417827795638e-05,-1.7054128289456928e-05
2007-02-14,-0.0030965413681938287,-0.0030965413681938287,-0.006825431425371214,0.0019980829793133023,-8.830106168933705e-05,-8.93001031789937e-05
2007-02-15,0.0072266211053035895,0.0072266211053035895,-0.008236388245392008,0.001410956820020794,-6.623508276235002e-05,-6.694056117236042e-05
2007-02-16,0.010986084077499913,0.010986084077499913,-0.0030965413681938287,0.005139846877198179,1.1624708880080354e-05,9.054785441481264e-06
2007-02-20,0.01110303729687925,0.01110303729687925,0.0072266211053035895,0.010323162473497419,-1.7021198290140562e-05,-2.2182779526889272e-05
2007-02-21,-0.0011115996602926092,-0.0011115996602926092,0.010986084077499913,0.0037594629721963233,-0.00015560959851805155,-0.0001574893300041497
2007-02-22,-0.0038855779744706906,-0.0038855779744706906,0.01110303729687925,0.00011695321937933711,4.786125821788144e-05,4.780278160819177e-05
2007-02-23,-0.016794379332818327,-0.016794379332818327,-0.0011115996602926092,0.01221463695717186,1.1131831445789307e-05,5.024512967203378e-06
2007-02-26,-0.01821967634780132,-0.01821967634780132,-0.0038855779744706906,0.0027739783141780814,-1.6844675333972948e-05,-1.823166449106199e-05
2007-02-27,-0.2993099338341382,-0.2993099338341382,-0.016794379332818327,0.012908801358347636,0.0006605029395174059,0.0006540485388382321
2007-02-28,-0.5328732892227588,-0.5328732892227588,-0.01821967634780132,0.001425297014982993,0.00015463501857271216,0.00015392237006522068
2007-03-01,-0.6885821928151725,-0.6885821928151725,-0.2993099338341382,0.28109025748633687,0.004069117311796476,0.003928572183053308
2007-03-02,-0.7923881285434484,-0.7923881285434484,-0.5328732892227588,0.2335633553886206,0.010064688745464073,0.009947907067769763
2007-03-05,-0.8615920856956323,-0.8615920856956323,-0.6885821928151725,0.15570890359241374,0.003940623295034294,0.003862768843238087
2007-03-06,-0.7676587975414466,-0.7676587975414466,-0.7923881285434484,0.1038059357282759,-0.01202479737433181,-0.012076700342195948
2007-03-07,-0.8386976903480727,-0.8386976903480727,-0.8615920856956323,0.06920395715218386,0.0124354856979636,0.012400883719387508
2007-03-08,-0.8248867715288902,-0.8248867715288902,-0.7676587975414466,0.09393328815418567,-0.0044162662558609326,-0.004463232899938025
2007-03-09,-0.883257847685927,-0.883257847685927,-0.8386976903480727,0.07103889280662612,0.005669642728306769,0.005634123281903456
2007-03-12,-0.7673869371137793,-0.7673869371137793,-0.8248867715288902,0.013810918819182505,-0.01641101848689638,-0.016417923946305972
2007-03-13,-0.8299973737168629,-0.8299973737168629,-0.883257847685927,0.05837107615703674,0.016322673319675778,0.01629348778159726
2007-03-14,-0.803919356914632,-0.803919356914632,-0.7673869371137793,0.11587091057214771,-0.004414702269312668,-0.004472637724598742
2007-03-15,-0.839628848503414,-0.839628848503414,-0.8299973737168629,0.06261043660308363,0.0038846091230851747,0.0038533039047836328
2007-03-16,-0.8512431127896258,-0.8512431127896258,-0.803919356914632,0.026078016802230874,-0.0004199610861375875,-0.00043300009453870294
2007-03-19,-0.8918099440139744,-0.8918099440139744,-0.839628848503414,0.035709491588782005,0.0017534065769782634,0.0017355518311838725
2007-03-20,-0.9278732960093163,-0.9278732960093163,-0.8512431127896258,0.011614264286211817,0.005345344200006771,0.005339537067863665
2007-03-21,-0.7499751818391611,-0.7499751818391611,-0.8918099440139744,0.040566831224348565,-0.016436630917141284,-0.016456914332753456
2007-03-22,-0.712754718956281,-0.712754718956281,-0.9278732960093163,0.03606335199534194,0.008636063851342043,0.008618032175344372
2007-03-23,-0.6362662794643756,-0.6362662794643756,-0.7499751818391611,0.17789811417015522,-0.004305962824319742,-0.004394911881404819
2007-03-26,-0.54492258787981,-0.54492258787981,-0.712754718956281,0.03722046288288017,-0.000739650785682849,-0.0007582610171242891
2007-03-27,-0.6088923356392573,-0.6088923356392573,-0.6362662794643756,0.07648843949190531,0.007586192548502518,0.007547948328756565
2007-03-28,-0.7392615570928383,-0.7392615570928383,-0.54492258787981,0.09134369158456568,0.005718246693101197,0.005672574847308914
2007-03-29,-0.6478174909819108,-0.6478174909819108,-0.6088923356392573,0.0639697477594473,-0.007425796806020421,-0.007457781679900144
2007-03-30,-0.5692959345112594,-0.5692959345112594,-0.7392615570928383,0.13036922145358099,-0.0015487826909453537,-0.0016139673016721443
2007-04-02,-0.5293710001642616,-0.5293710001642616,-0.6478174909819108,0.09144406611092748,-0.0,-4.572203305546374e-05
2007-04-03,-0.44603135838044905,-0.44603135838044905,-0.5692959345112594,0.0785215564706514,-0.005356675143170898,-0.005395935921406223
2007-04-04,-0.34500219653148356,-0.34500219653148356,-0.5293710001642616,0.03992493434699773,-0.00191894962552632,-0.0019389120926998188
2007-04-05,-0.25258470241364805,-0.25258470241364805,-0.44603135838044905,0.08333964178381259,-0.004603012146297305,-0.004644681967189211
2007-04-09,-0.18426754787443914,-0.18426754787443914,-0.34500219653148356,0.10102916184896549,-0.009162624894555018,-0.0092131394754795
2007-04-10,-0.10801552589231987,-0.10801552589231987,-0.25258470241364805,0.09241749411783551,-0.007288435228791051,-0.007334643975849969
2007-04-11,-0.07098477906568361,-0.07098477906568361,-0.18426754787443914,0.06831715453920892,0.0018712345594096126,0.0018370759821400083
2007-04-12,-0.0240072147411632,-0.0240072147411632,-0.10801552589231987,0.07625202198211926,-0.00015834774306501428,-0.00019647375405607392
2007-04-13,0.015079423204891893,0.015079423204891893,-0.07098477906568361,0.03703074682663626,0.00013850920177685357,0.00011999382836353544
2007-04-16,0.0701921141297113,0.0701921141297113,-0.0240072147411632,0.04697756432452041,-0.00026987103691754837,-0.00029335981907980857
2007-04-17,0.1565435243893067,0.1565435243893067,0.015079423204891893,0.03908663794605509,0.00021135636927907452,0.00019181305030604697
2007-04-18,0.34203897581182174,0.34203897581182174,0.0701921141297113,0.05511269092481941,0.001237939640633122,0.0012103832951707123
2007-04-19,0.5613593172078812,0.5613593172078812,0.1565435243893067,0.08635141025959539,0.0033727277301066603,0.0033295520249768625
2007-04-20,0.7075728781385875,0.7075728781385875,0.34203897581182174,0.18549545142251506,0.005488953577751436,0.005396205852040178
2007-04-23,0.7003429446834866,0.7003429446834866,0.5613593172078812,0.2193203413960595,-0.006332771847792471,-0.0064424320184905005
2007-04-24,0.690520779183877,0.690520779183877,0.7075728781385875,0.14621356093070625,0.0009686979961365151,0.000895591215671162
2007-04-25,0.793680519455918,0.793680519455918,0.7003429446834866,0.007229933455100923,0.010214837519468301,0.01021122255274075
2007-04-26,0.7741505834250411,0.7741505834250411,0.690520779183877,0.00982216549960957,-0.0052739022919531696,-0.005278813374702975
2007-04-27,0.6934737156987419,0.6934737156987419,0.793680519455918,0.103159740272041,-0.007904091883771313,-0.007955671753907333
2007-04-30,0.5769007564790474,0.5769007564790474,0.7741505834250411,0.019529936030876938,-0.013097529657597647,-0.013107294625613086
2007-05-01,0.559538122335865,0.559538122335865,0.6934737156987419,0.08067686772629912,0.009676595013052874,0.009636256579189725
2007-05-02,0.5766034973377512,0.5766034973377512,0.5769007564790474,0.11657295921969457,0.0034402919652010205,0.003382005485591173
2007-05-03,0.5481200905214454,0.5481200905214454,0.559538122335865,0.0173626341431824,-0.0019748136624541516,-0.0019834949795257428
2007-05-04,0.5699351351577784,0.5699351351577784,0.5766034973377512,0.017065375001886207,0.004243650753813394,0.004235118066312452
2007-05-07,0.6026556944976209,0.6026556944976209,0.5481200905214454,0.02848340681630579,0.001501690651214485,0.0014874489478063323
2007-05-08,0.7351037963317473,0.7351037963317473,0.5699351351577784,0.021815044636332992,0.00493120825927033,0.004920300736952164
2007-05-09,0.8234025308878316,0.8234025308878316,0.6026556944976209,0.032720559339842525,0.008706274780419914,0.008689914500749994
2007-05-10,0.7588865489255799,0.7588865489255799,0.7351037963317473,0.13244810183412636,-0.008505313546938228,-0.00857153759785529
2007-05-11,0.736202840851931,0.736202840851931,0.8234025308878316,0.08829873455608428,0.0025948665330188113,0.0025507171657407693
2007-05-14,0.6283237736688849,0.6283237736688849,0.7588865489255799,0.06451598196225161,-0.0054497831312637504,-0.0054820411222448765
2007-05-15,0.5131416083802776,0.5131416083802776,0.736202840851931,0.022683708073648945,-0.003661103038904107,-0.0036724448929409317
2007-05-16,0.4921554985732299,0.4921554985732299,0.6283237736688849,0.10787906718304607,0.0048530187973903115,0.004799079263798789
2007-05-17,0.4971022908399796,0.4971022908399796,0.5131416083802776,0.11518216528860736,0.0011568513595940494,0.0010992602769497456
2007-05-18,0.6647348605599864,0.6647348605599864,0.4921554985732299,0.02098610980704768,0.01040536992908093,0.010394876874177407
2007-05-21,0.7346174286390683,0.7346174286390683,0.4971022908399796,0.004946792266749711,-0.0015328541691666672,-0.001535327565300042
2007-05-22,0.8230782857593789,0.8230782857593789,0.6647348605599864,0.16763256972000684,0.01057455324286925,0.010490736958009245
2007-05-23,0.7664818228659155,0.7664818228659155,0.7346174286390683,0.06988256807908189,-0.01022520389018121,-0.01026014517422075
2007-05-24,0.6242329046030325,0.6242329046030325,0.8230782857593789,0.0884608571203106,-0.025414830573663765,-0.02545906100222392
2007-05-25,0.5596539990526663,0.5596539990526663,0.7664818228659155,0.05659646289346343,0.00662842514080715,0.006600126909360418
2007-05-29,0.5418052379722735,0.5418052379722735,0.6242329046030325,0.142248918262883,0.003943866774236734,0.0038727423151052923
2007-05-30,0.49658665438325034,0.49658665438325034,0.5596539990526663,0.06457890555036616,-0.005521338584070262,-0.005553628036845446
2007-05-31,0.48153982532683626,0.48153982532683626,0.5418052379722735,0.017848761080392794,0.002453931124403338,0.0024450067438631412
2007-06-01,0.504799510465979,0.504799510465979,0.49658665438325034,0.0452185835890232,0.004030021888691033,0.004007412596896521
2007-06-04,0.4743583105108234,0.4743583105108234,0.48153982532683626,0.01504682905641408,-0.004307300036464478,-0.004314823450992685
2007-06-05,0.42689977061792767,0.42689977061792767,0.504799510465979,0.023259685139142783,-0.004555856320635005,-0.0045674861632045765
2007-06-06,0.3393626207495275,0.3393626207495275,0.4743583105108234,0.03044119995515565,-0.010152677787321996,-0.010167898387299574
2007-06-07,0.266031605808827,0.266031605808827,0.42689977061792767,0.047458539892895724,-0.0035755642784759826,-0.0035992935484224302
2007-06-08,0.26236644511410534,0.26236644511410534,0.3393626207495275,0.08753714986840017,0.008280926491887546,0.008237157916953345
2007-06-11,0.2694578021898052,0.2694578021898052,0.266031605808827,0.07333101494070049,0.0012187606401195797,0.0011820951326492295
2007-06-12,0.3155226070821009,0.3155226070821009,0.26236644511410534,0.0036651606947216697,0.003230315918391263,0.003228483338043902
2007-06-13,0.4479699470328426,0.4479699470328426,0.2694578021898052,0.007091357075699856,0.005704656085994673,0.005701110407456823
2007-06-14,0.6319799646885618,0.6319799646885618,0.3155226070821009,0.046064804892295697,0.00779400915251028,0.007770976750064132
2007-06-15,0.7546533097923745,0.7546533097923745,0.4479699470328426,0.1324473399507417,0.019477111727392228,0.019410888057416857
2007-06-18,0.8220886380185326,0.8220886380185326,0.6319799646885618,0.18401001765571917,-0.0018250762849770232,-0.0019170812938048827
2007-06-19,0.852491773065513,0.852491773065513,0.7546533097923745,0.12267334510381278,-0.0021856036099775203,-0.0022469402825294267
2007-06-20,0.8351355710756188,0.8351355710756188,0.8220886380185326,0.06743532822615805,-0.0054578202055186615,-0.00549153786963174
2007-06-21,0.8900903807170792,0.8900903807170792,0.852491773065513,0.030403135046980445,0.012463739628137668,0.012448538060614179
2007-06-22,0.8129906700143625,0.8129906700143625,0.8351355710756188,0.017356201989894293,-0.020285968438593278,-0.020294646539588224
2007-06-25,0.7312359453391524,0.7312359453391524,0.8900903807170792,0.05495480964146049,-0.008262222109258763,-0.008289699514079494
2007-06-26,0.6638020620222568,0.6638020620222568,0.8129906700143625,0.0770997107027167,-0.0034626269163846304,-0.003501176771735989
2007-06-27,0.6745363878036118,0.6745363878036118,0.7312359453391524,0.08175472467521017,0.012823566764288153,0.012782689401950549
2007-06-28,0.6995273201766692,0.6995273201766692,0.6638020620222568,0.0674338833168956,0.0036272029714994906,0.0035934860298410427
2007-06-29,0.6256929246242608,0.6256929246242608,0.6745363878036118,0.010734325781355025,-0.005075959430209944,-0.005081326593100621
2007-07-02,0.7421008344304301,0.7421008344304301,0.6995273201766692,0.024990932373057384,0.015616925089095,0.015604429622908473
2007-07-03,0.8280672229536201,0.8280672229536201,0.6256929246242608,0.07383439555240834,0.008249719303261049,0.008212802105484845
2007-07-05,0.8853781486357468,0.8853781486357468,0.7421008344304301,0.11640790980616922,0.00030195487188109207,0.00024375091697800746
2007-07-06,0.9235854324238313,0.9235854324238313,0.8280672229536201,0.08596638852319005,0.002693152718445579,0.002650169524183984
2007-07-09,0.9490569549492209,0.9490569549492209,0.8853781486357468,0.0573109256821267,0.01004412867201344,0.010015473209172378
2007-07-10,0.9660379699661474,0.9660379699661474,0.9235854324238313,0.03820728378808447,0.0003704040814015095,0.0003513004395074673
2007-07-11,0.8150979711094791,0.8150979711094791,0.9490569549492209,0.025471522525389645,-0.015203253849584238,-0.015215989610846933
2007-07-12,0.8767319807396527,0.8767319807396527,0.9660379699661474,0.016981015016926504,0.056224541145609944,0.05621605063810148
2007-07-13,0.9095841870417325,0.9095841870417325,0.8150979711094791,0.1509399988566683,-0.0009406658505184262,-0.0010161358499467604
2007-07-16,0.9259258908695268,0.9259258908695268,0.8767319807396527,0.061634009630173625,-0.0006748650457449833,-0.0007056820505600701
2007-07-17,0.9506172605796845,0.9506172605796845,0.9095841870417325,0.032852206302079745,0.013319463897692091,0.013303037794541051
2007-07-18,0.7678608833153038,0.7678608833153038,0.9259258908695268,0.01634170382779432,-0.04466118503246506,-0.04466935588437895
2007-07-19,0.6702785302685283,0.6702785302685283,0.9506172605796845,0.02469136971015773,0.0075868095549517164,0.007574463870096638
2007-07-20,0.5288469205235149,0.5288469205235149,0.7678608833153038,0.18275637726438076,-0.021582456143090307,-0.021673834331722496
2007-07-23,0.4518426916356799,0.4518426916356799,0.6702785302685283,0.09758235304677543,0.004641003452815319,0.004592212276291932
2007-07-24,0.3812034452768599,0.3812034452768599,0.5288469205235149,0.14143160974501345,-0.004064690244386334,-0.004135406049258841
2007-07-25,0.3308241858502825,0.3308241858502825,0.4518426916356799,0.07700422888783498,-0.0005524663239453396,-0.0005909684383892571
2007-07-26,0.2404447310191565,0.2404447310191565,0.3812034452768599,0.07063924635882002,-0.007779790476039638,-0.007815110099219048
2007-07-27,0.15098086233334596,0.15098086233334596,0.3308241858502825,0.050379259426577394,-0.006340698247292526,-0.006365887877005815
2007-07-30,0.11168541433662754,0.11168541433662754,0.2404447310191565,0.090379454831126,0.003166328124411234,0.003121138396995671
2007-07-31,0.07040333697612844,0.07040333697612844,0.15098086233334596,0.08946386868581055,-0.0014559474904111379,-0.0015006794247540431
2007-08-01,0.0505036231162681,0.0505036231162681,0.11168541433662754,0.03929544799671841,0.0008511119561510507,0.0008314642321526915
2007-08-02,0.060729777757625725,0.060729777757625725,0.07040333697612844,0.0412820773604991,0.0014790676660111032,0.0014584266273308536
2007-08-03,0.0502256983488715,0.0502256983488715,0.0505036231162681,0.019899713859860342,-0.0005783782540158143,-0.0005883281109457445
2007-08-06,0.05114917107458378,0.05114917107458378,0.060729777757625725,0.010226154641357628,0.0005587576154427988,0.00055364453812212
2007-08-07,0.05126862612687504,0.05126862612687504,0.0502256983488715,0.010504079408754224,0.0,-5.2520397043771125e-06
2007-08-08,0.08824496318220167,0.08824496318220167,0.05114917107458378,0.0009234727257122766,0.0011658766359076112,0.0011654148995447551
2007-08-09,0.07554909525843585,0.07554909525843585,0.05126862612687504,0.00011945505229126602,-0.0015787877795774487,-0.0015788475071035943
2007-08-10,0.06701335184099363,0.06701335184099363,0.08824496318220167,0.03697633705532662,0.00022135154589548675,0.00020286337736782344
2007-08-13,0.06191576153363244,0.06191576153363244,0.07554909525843585,0.012695867923765813,0.00012604236777825648,0.00011969443381637358
2007-08-14,0.04985442333961339,0.04985442333961339,0.06701335184099363,0.008535743417442218,-0.000613795616082401,-0.0006180634877911221
2007-08-15,0.016010517325277855,0.016010517325277855,0.06191576153363244,0.005097590307361198,-0.001508881694910407,-0.0015114304900640876
2007-08-16,-0.007635852766692807,-0.007635852766692807,0.04985442333961339,0.012061338194019049,-0.00025762016101090244,-0.00026365083010791197
2007-08-17,0.0009075414760175166,0.0009075414760175166,0.016010517325277855,0.03384390601433553,0.0004158457262871587,0.0003989237732799909
2007-08-20,0.03046640409589247,0.03046640409589247,-0.007635852766692807,0.02364637009197066,-0.00013210148240823768,-0.00014392466745422302
2007-08-21,0.03776721108378451,0.03776721108378451,0.0009075414760175166,0.008543394242710323,-8.281418832085326e-06,-1.2553115953440487e-05
2007-08-22,0.05398495458794559,0.05398495458794559,0.03046640409589247,0.029558862619874955,0.00033157171253745483,0.00031679228122751733
2007-08-23,0.05690676648821785,0.05690676648821785,0.03776721108378451,0.007300806987892039,0.0001250964129796437,0.00012144600948569767
2007-08-24,0.09717484617948677,0.09717484617948677,0.05398495458794559,0.01621774350416108,0.001247695060219544,0.0012395861884674634
2007-08-27,0.10645510335029015,0.10645510335029015,0.05690676648821785,0.002921811900272263,-0.0007804689340918745,-0.0007819298400420106
2007-08-28,0.08957822031398532,0.08957822031398532,0.09717484617948677,0.040268079691268915,-0.0019474567856942572,-0.0019675908255398916
2007-08-29,0.1717971009965653,0.1717971009965653,0.10645510335029015,0.009280257170803385,0.005020567991481944,0.005015927862896542
2007-08-30,0.248645544147248,0.248645544147248,0.08957822031398532,0.01687688303630483,0.0006784006061219498,0.0006699621646037975
2007-08-31,0.36315468736547785,0.36315468736547785,0.1717971009965653,0.08221888068257999,0.003193925886082312,0.003152816445741022
2007-09-04,0.5647451304763186,0.5647451304763186,0.248645544147248,0.07684844315068268,0.0041521473682704126,0.004113723146695072
2007-09-05,0.6290392501230138,0.6290392501230138,0.36315468736547785,0.11450914321822986,-0.0026356327228614883,-0.0026928872944706034
2007-09-06,0.7258111837390465,0.7258111837390465,0.5647451304763186,0.20159044311084073,0.0034769984724674994,0.003376203250912079
2007-09-07,0.5934423071667061,0.5934423071667061,0.6290392501230138,0.06429411964669518,-0.016357621977644662,-0.01638976903746801
2007-09-10,0.48266798075686124,0.48266798075686124,0.7258111837390465,0.09677193361603276,-0.0034193574343438717,-0.003467743401151888
2007-09-11,0.46805020831070215,0.46805020831070215,0.5934423071667061,0.13236887657234042,0.007256974204311888,0.007190789766025718
2007-09-12,0.4106466955301901,0.4106466955301901,0.48266798075686124,0.11077432640984486,-0.00376224589317173,-0.0038176330563766524
2007-09-13,0.31466824784304787,0.31466824784304787,0.46805020831070215,0.014617772446159083,-0.002021912295767512,-0.0020292211819905913
2007-09-14,0.22532609997694147,0.22532609997694147,0.4106466955301901,0.057403512780512034,-0.0068036024136729,-0.006832304170063156
2007-09-17,0.1576107636056747,0.1576107636056747,0.31466824784304787,0.09597844768714225,-0.0010098244490012237,-0.0010578136728447947
2007-09-18,0.1538087874385191,0.1538087874385191,0.22532609997694147,0.08934214786610639,0.005077711266017034,0.0050330401920839814
2007-09-19,0.19939836760870977,0.19939836760870977,0.1576107636056747,0.06771533637126678,0.0016748336624582032,0.00164097599427257
2007-09-20,0.26198397912212407,0.26198397912212407,0.1538087874385191,0.0038019761671555796,0.0007785451049585083,0.0007766441168749305
2007-09-21,0.2802213157830138,0.2802213157830138,0.19939836760870977,0.04558958017019066,0.00046351601633888773,0.00044072122625379243
2007-09-24,0.3345674451944233,0.3345674451944233,0.26198397912212407,0.0625856115134143,0.0011140367906007243,0.0010827439848440173
2007-09-25,0.3247897434870589,0.3247897434870589,0.2802213157830138,0.018237336660889725,-0.0009708256087397808,-0.0009799442770702257
2007-09-26,0.31956008476439157,0.31956008476439157,0.3345674451944233,0.05434612941140948,0.00025852908950140224,0.0002313560247956975
2007-09-27,0.2752724711693113,0.2752724711693113,0.3247897434870589,0.009777701707364361,-0.0018804546936087463,-0.0018853435444624285
2007-09-28,0.2280581156838832,0.2280581156838832,0.31956008476439157,0.005229658722667341,0.0012407182557445482,0.0012381034263832145
2007-10-01,0.4853720771225888,0.4853720771225888,0.2752724711693113,0.044287613595080266,0.005428831069948531,0.005406687263150991
2007-10-02,0.6569147180817259,0.6569147180817259,0.2280581156838832,0.0472143554854281,8.642780752648632e-05,6.282062978377226e-05
2007-10-03,0.4807848808580657,0.4807848808580657,0.4853720771225888,0.25731396143870555,-0.010487589664199045,-0.010616246644918398
2007-10-04,0.34514534356958537,0.34514534356958537,0.6569147180817259,0.17154264095913707,-0.005345121155095185,-0.005430892475574754
2007-10-05,0.2590828055023703,0.2590828055023703,0.4807848808580657,0.17612983722366016,-0.0011265221915836693,-0.0012145871101954995
2007-10-08,0.2126791312250037,0.2126791312250037,0.34514534356958537,0.13563953728848033,0.0016215939932424346,0.0015537742245981946
2007-10-09,0.2107234860299363,0.2107234860299363,0.2590828055023703,0.08606253806721509,0.0018174114107702812,0.0017743801417366737
2007-10-10,0.2186128046917944,0.2186128046917944,0.2126791312250037,0.04640367427736658,0.000329256813224947,0.00030605497608626373
2007-10-11,0.18859149877258274,0.18859149877258274,0.2107234860299363,0.0019556451950674125,-0.0036640249014000203,-0.003665002723997554
2007-10-12,0.18159022458531215,0.18159022458531215,0.2186128046917944,0.007889318661858102,0.0010315228468470345,0.0010275781875161054
2007-10-15,0.18533573441076867,0.18533573441076867,0.18859149877258274,0.03002130591921165,0.001476224705645827,0.0014612140526862212
2007-10-16,0.15957405079983059,0.15957405079983059,0.18159022458531215,0.00700127418727059,-0.0019040924132345245,-0.0019075930503281598
2007-10-17,0.4397160338665537,0.4397160338665537,0.18533573441076867,0.0037455098254565167,0.009019574755744416,0.009017702000831688
2007-10-18,0.6264773559110358,0.6264773559110358,0.15957405079983059,0.025761683610938085,0.0014930655537669097,0.0014801847119614406
2007-10-19,0.5747516183170687,0.5747516183170687,0.4397160338665537,0.2801419830667231,-0.01092361583987685,-0.011063686831410211
2007-10-22,0.6163053208551679,0.6163053208551679,0.6264773559110358,0.1867613220444821,0.008098893124725661,0.00800551246370342
2007-10-23,0.6883720380603218,0.6883720380603218,0.5747516183170687,0.05172573759396715,0.0034516878201556,0.003425824951358616
2007-10-24,0.5814535612811973,0.5814535612811973,0.6163053208551679,0.0415537025380992,-0.018167099872366813,-0.01818787672363586
2007-10-25,0.4900137124204198,0.4900137124204198,0.6883720380603218,0.0720667172051539,-0.003175982675069374,-0.003212016033671951
2007-10-26,0.43693107473011117,0.43693107473011117,0.5814535612811973,0.10691847677912447,0.0011232612582646013,0.001069802019875039
2007-10-29,0.4527481978521143,0.4527481978521143,0.4900137124204198,0.0914398488607775,0.00604476360935245,0.005999043684922062
2007-10-30,0.46331746109543637,0.46331746109543637,0.43693107473011117,0.05308263769030863,0.00016614787289923,0.0001396065540540757
2007-10-31,0.611945619661475,0.611945619661475,0.4527481978521143,0.01581712312200312,0.010858065684947049,0.010850157123386047
2007-11-01,0.5890145085345252,0.5890145085345252,0.46331746109543637,0.01056926324332208,-0.006889770337836276,-0.006895054969457937
2007-11-02,0.6537805164354593,0.6537805164354593,0.611945619661475,0.14862815856603862,0.00692769338041054,0.006853379301127521
2007-11-05,0.76109499258889,0.76109499258889,0.5890145085345252,0.022931111126949788,0.0033772606510386887,0.0033657950954752137
2007-11-06,0.8407299950592602,0.8407299950592602,0.6537805164354593,0.06476600790093412,0.015832601283228345,0.01580021827927788
2007-11-07,0.7147024653460845,0.7147024653460845,0.76109499258889,0.1073144761534307,-0.016334566512793264,-0.01638822375086998
2007-11-08,0.5383696910739344,0.5383696910739344,0.8407299950592602,0.07963500247037014,-0.03031611489060684,-0.030355932391842026
2007-11-09,0.3279054996997249,0.3279054996997249,0.7147024653460845,0.12602752971317566,-0.02149912238435591,-0.0215621361492125
2007-11-12,0.19812632233194813,0.19812632233194813,0.5383696910739344,0.1763327742721501,0.004709306565813183,0.004621140178677108
2007-11-13,0.1965486417263148,0.1965486417263148,0.3279054996997249,0.21046419137420952,0.009952098637624933,0.009846866541937829
2007-11-14,0.15638963082328472,0.15638963082328472,0.19812632233194813,0.12977917736777675,-0.0021979501240534044,-0.002262839712737293
2007-11-15,0.09587462104247395,0.09587462104247395,0.1965486417263148,0.0015776806056333192,-0.0024331631738172817,-0.0024339520141200984
2007-11-16,0.05372181092554857,0.05372181092554857,0.15638963082328472,0.04015901090303009,-0.00012249379562945383,-0.0001425733010809689
2007-11-19,-0.01090249470294117,-0.01090249470294117,0.09587462104247395,0.06051500978081077,-0.0012777944034403793,-0.0013080519083307847
2007-11-20,-0.015754866730479135,-0.015754866730479135,0.05372181092554857,0.04215281011692538,0.0007470064583012111,0.0007259300532427485
2007-11-21,-0.3438365778203194,-0.3438365778203194,-0.01090249470294117,0.06462430562848974,0.0003802163998542573,0.0003479042470400124
2007-11-23,-0.3920245253308266,-0.3920245253308266,-0.015754866730479135,0.004852372027537966,-0.00028144769826221676,-0.00028387388427598574
2007-11-26,-0.5946830168872177,-0.5946830168872177,-0.3438365778203194,0.32808171108984024,0.009600706590429444,0.009436665734884523
2007-11-27,-0.5079999285003235,-0.5079999285003235,-0.3920245253308266,0.0481879475105072,-0.011903994060983037,-0.01192808803473829
2007-11-28,-0.29839826521577584,-0.29839826521577584,-0.5946830168872177,0.2026584915563911,-0.025577612753354767,-0.025678941999132964
2007-11-29,-0.1383553107982722,-0.1383553107982722,-0.5079999285003235,0.0866830883868942,-0.0029097164594201527,-0.0029530580036135996
2007-11-30,-0.06710269344478215,-0.06710269344478215,-0.29839826521577584,0.20960166328454766,0.0029455186676022455,0.002840717835959972
2007-12-03,0.0037630727054841495,0.0037630727054841495,-0.1383553107982722,0.16004295441750363,-0.000901994798505739,-0.0009820162757144908
2007-12-04,0.058004770318183387,0.058004770318183387,-0.06710269344478215,0.07125261735349006,-0.00015332764031113815,-0.00018895394898788318
2007-12-05,0.2793823724439088,0.2793823724439088,0.0037630727054841495,0.0708657661502663,0.00013015748947385868,9.472460639872553e-05
2007-12-06,0.5195882482959392,0.5195882482959392,0.058004770318183387,0.05424169761269924,0.0016195239207609223,0.0015924030719545726
2007-12-07,0.5940209967174621,0.5940209967174621,0.2793823724439088,0.2213776021257254,-0.002496253429777512,-0.0026069422308403747
2007-12-10,0.6440154686924705,0.6440154686924705,0.5195882482959392,0.2402058758520304,0.0009368293686310655,0.0008167264307050502
2007-12-11,0.5139730957514663,0.5139730957514663,0.5940209967174621,0.07443274842152292,-0.01817566639988499,-0.018212882774095752
2007-12-12,0.4602074385536335,0.4602074385536335,0.6440154686924705,0.04999447197500839,0.008369610388836862,0.008344613152849357
2007-12-13,0.406268068230617,0.406268068230617,0.5139730957514663,0.13004237294100418,-0.002260734866572281,-0.002325756053042783
2007-12-14,0.28624588584240784,0.28624588584240784,0.4602074385536335,0.05376565719783283,-0.014741402289742356,-0.014768285118341272
2007-12-17,0.15359847029712956,0.15359847029712956,0.406268068230617,0.05393937032301649,-0.008808437244485637,-0.008835406929647146
2007-12-18,0.08356152908471409,0.08356152908471409,0.28624588584240784,0.12002218238820916,0.0021145612128353254,0.0020545501216412206
2007-12-19,0.061322271244660595,0.061322271244660595,0.15359847029712956,0.13264741554527829,0.0016598076203625132,0.001593483912589874
2007-12-20,0.057199732532228306,0.057199732532228306,0.08356152908471409,0.07003694121241547,0.0007019864543697366,0.0006669679837635289
2007-12-21,0.10659388408136156,0.10659388408136156,0.061322271244660595,0.022239257840053497,0.0012770517040467503,0.0012659320751267236
2007-12-24,0.19413580008442036,0.19413580008442036,0.057199732532228306,0.004122538712432289,0.0007425725717576626,0.0007405113024014465
2007-12-26,0.2579788655984819,0.2579788655984819,0.10659388408136156,0.04939415154913325,0.0005464653057506473,0.0005217682299760808
2007-12-27,0.22011966587814003,0.22011966587814003,0.19413580008442036,0.0875419160030588,-0.004384865473419074,-0.004428636431420603
2007-12-28,0.1896626911831658,0.1896626911831658,0.2579788655984819,0.06384306551406152,-0.0006731390557212741,-0.0007050605884783048
2007-12-31,0.1458490564577777,0.1458490564577777,0.22011966587814003,0.03785919972034185,-0.0008225600374326173,-0.0008414896372927883
2008-01-02,0.03167568456705626,0.03167568456705626,0.1896626911831658,0.030456974694974215,-0.009319465883082016,-0.009334694370429504
2008-01-03,-0.18537665884922475,-0.18537665884922475,0.1458490564577777,0.0438136347253881,-0.003912337515627088,-0.003934244332989782
2008-01-04,-0.45691777256614985,-0.45691777256614985,0.03167568456705626,0.11417337189072145,-0.002567949071750909,-0.00262503575769627
2008-01-07,-0.5837555929339234,-0.5837555929339234,-0.18537665884922475,0.217052343416281,-0.0017172125392433942,-0.0018257387109515345
2008-01-08,-0.7225037286226157,-0.7225037286226157,-0.45691777256614985,0.27154111371692513,0.012381488184928293,0.01224571762806983
2008-01-09,-0.7038884826587599,-0.7038884826587599,-0.5837555929339234,0.12683782036777358,-0.012849809621833904,-0.012913228532017791
2008-01-10,-0.7317845683885429,-0.7317845683885429,-0.7225037286226157,0.13874813568869226,0.006669285216902516,0.00659991114905817
2008-01-11,-0.8211897122590286,-0.8211897122590286,-0.7038884826587599,0.018615245963855775,0.01717591320124206,0.017166605578260132
2008-01-14,-0.7010377527075663,-0.7010377527075663,-0.7317845683885429,0.02789608572978297,-0.03627340027267851,-0.0362873483155434
2008-01-15,-0.6719831883807026,-0.6719831883807026,-0.8211897122590286,0.0894051438704857,0.013876258357708315,0.013831555785773072
2008-01-16,-0.7813221255871351,-0.7813221255871351,-0.7010377527075663,0.1201519595514623,0.08681872418806012,0.0867586482082844
2008-01-17,-0.8542147503914235,-0.8542147503914235,-0.6719831883807026,0.029054564326863708,0.01859107625750384,0.018576548975340407
2008-01-18,-0.9028098335942825,-0.9028098335942825,-0.7813221255871351,0.10933893720643251,0.013338692285283097,0.013284022816679881
2008-01-22,-0.9352065557295217,-0.9352065557295217,-0.8542147503914235,0.07289262480428838,0.017533886272540013,0.01749743996013787
2008-01-23,-0.8044919498776731,-0.8044919498776731,-0.9028098335942825,0.04859508320285899,-0.06646205951809785,-0.06648635705969927
2008-01-24,-0.66215900967937,-0.66215900967937,-0.9352065557295217,0.03239672213523925,-0.0332326571922575,-0.03324885555332512
2008-01-25,-0.6213643611233943,-0.6213643611233943,-0.8044919498776731,0.13071460585184858,0.026829345022607063,0.026763987719681137
2008-01-28,-0.5705282768065918,-0.5705282768065918,-0.66215900967937,0.14233294019830312,-0.009601605892892124,-0.009672772362991276
2008-01-29,-0.517242904192388,-0.517242904192388,-0.6213643611233943,0.0407946485559757,-0.006430900017189885,-0.006451297341467873
2008-01-30,-0.4684060637517373,-0.4684060637517373,-0.5705282768065918,0.05083608431680253,-0.005287715738747247,-0.005313133780905648
2008-01-31,-0.36976116590367075,-0.36976116590367075,-0.517242904192388,0.05328537261420374,-0.010249972388233788,-0.01027661507454089
2008-02-01,-0.274824489186756,-0.274824489186756,-0.4684060637517373,0.04883684044065073,-0.014873586102060795,-0.01489800452228112
2008-02-04,-0.2345424379061657,-0.2345424379061657,-0.36976116590367075,0.09864489784806657,0.009681511783627755,0.009632189334703722
2008-02-05,-0.27175506202624766,-0.27175506202624766,-0.274824489186756,0.09493667671691475,0.012416074803194375,0.012368606464835917
2008-02-06,-0.280814118881683,-0.280814118881683,-0.2345424379061657,0.040282051280590314,0.0023314904777971294,0.0023113494521568344
2008-02-07,-0.2637773590451874,-0.2637773590451874,-0.27175506202624766,0.03721262412008197,-0.0017735089405472718,-0.0017921152526073128
2008-02-08,-0.22668403561685452,-0.22668403561685452,-0.280814118881683,0.009059056855435343,-0.003081322955622411,-0.0030858524840501286
2008-02-11,-0.18821973101861927,-0.18821973101861927,-0.2637773590451874,0.017036759836495607,-0.005335410410421213,-0.005343928790339461
2008-02-12,-0.1557811204707977,-0.1557811204707977,-0.22668403561685452,0.03709332342833288,-0.0024115359209701294,-0.002430082582684296
2008-02-13,-0.12705792137674396,-0.12705792137674396,-0.18821973101861927,0.038464304598235244,-0.0027916934868695877,-0.002810925639168705
2008-02-14,-0.14003133115714683,-0.14003133115714683,-0.1557811204707977,0.03243861054782157,0.005508488990991069,0.0054922696857171585
2008-02-15,-0.1521822781986329,-0.1521822781986329,-0.12705792137674396,0.028723199094053742,0.002173460388238718,0.0021590987886916913
2008-02-19,-0.15268704166693486,-0.15268704166693486,-0.14003133115714683,0.012973409780402873,-0.00034808212423532303,-0.00035456882912552446
2008-02-20,-0.11778225195981715,-0.11778225195981715,-0.1521822781986329,0.01215094704148606,-0.0016607339574921515,-0.0016668094310128944
2008-02-21,-0.09498922690492517,-0.09498922690492517,-0.15268704166693486,0.0005047634683019719,0.00059940474386762,0.000599152362133469
2008-02-22,-0.10899234468213265,-0.10899234468213265,-0.11778225195981715,0.03490478970711772,0.0027849716791605596,0.0027675192843070007
2008-02-25,-0.11099016654747458,-0.11099016654747458,-0.09498922690492517,0.022793025054891974,-0.0005751279331286043,-0.0005865244456560502
2008-02-26,-0.10165688200516369,-0.10165688200516369,-0.10899234468213265,0.014003117777207474,-0.004099473717344845,-0.0041064752762334485
2008-02-27,-0.09226514186040541,-0.09226514186040541,-0.11099016654747458,0.001997821865341934,-0.0004291533529243952,-0.0004301522638570662
2008-02-28,-0.09180260551346729,-0.09180260551346729,-0.10165688200516369,0.009333284542310888,0.0013704337394738002,0.0013657670972026447
2008-02-29,-0.10163118209288213,-0.10163118209288213,-0.09226514186040541,0.009391740144758284,0.002341542785165257,0.002336846915092878
2008-03-03,-0.10146270421205852,-0.10146270421205852,-0.09180260551346729,0.0004625363469381166,-0.00018392690795418124,-0.0001841581761276503
2008-03-04,-0.10322359319512185,-0.10322359319512185,-0.10163118209288213,0.009828576579414841,5.078309428956863e-05,4.586880599986121e-05
2008-03-05,-0.09602764758718715,-0.09602764758718715,-0.10146270421205852,0.0001684778808236087,-0.0010145797815375654,-0.0010146640204779771
2008-03-06,-0.11003333230346735,-0.11003333230346735,-0.10322359319512185,0.0017608889830633273,0.0016863372678637806,0.001685456823372249
2008-03-07,-0.09880493064717022,-0.09880493064717022,-0.09602764758718715,0.007195945607934698,-0.0009666123509426317,-0.000970210323746599
2008-03-10,-0.08981834327383313,-0.08981834327383313,-0.11003333230346735,0.014005684716280192,-0.00027411966146447474,-0.00028112250382261484
2008-03-11,-0.07381346174030877,-0.07381346174030877,-0.09880493064717022,0.011228401656297127,-0.005303597774561665,-0.0053092119753898135
2008-03-12,-0.06466731151136834,-0.06466731151136834,-0.08981834327383313,0.008986587373337088,0.00033893602552806504,0.0003344427318413965
2008-03-13,-0.05479668305268032,-0.05479668305268032,-0.07381346174030877,0.016004881533524362,-0.0005592019099230892,-0.0005672043506898514
2008-03-14,-0.06194559926698008,-0.06194559926698008,-0.06466731151136834,0.009146150228940428,0.001884086895093268,0.0018795138199787977
2008-03-17,-0.062373850432880955,-0.062373850432880955,-0.05479668305268032,0.009870628458688024,-0.0005039340714973342,-0.0005088693857266783
2008-03-18,-0.05250366055856173,-0.05250366055856173,-0.06194559926698008,0.007148916214299764,-0.0026738883547029477,-0.0026774628128100977
2008-03-19,-0.06756495335555807,-0.06756495335555807,-0.062373850432880955,0.0004282511659008739,0.0018927008034094802,0.0018924866778265298
2008-03-20,-0.060003127481304985,-0.060003127481304985,-0.05250366055856173,0.009870189874319223,-0.0016430527714821315,-0.0016479878664192912
2008-03-24,-0.04681292154443096,-0.04681292154443096,-0.06756495335555807,0.015061292796996334,-0.0011804739007100617,-0.00118800454710856
2008-03-25,-0.029937680536643772,-0.029937680536643772,-0.060003127481304985,0.007561825874253081,-0.00037957148013303846,-0.000383352393070165
2008-03-26,-0.02483739892926929,-0.02483739892926929,-0.04681292154443096,0.013190205936874026,0.0008618103000790172,0.0008552151971105801
2008-03-27,-0.041470835236867024,-0.041470835236867024,-0.029937680536643772,0.016875241007787187,0.0010545414062968499,0.0010461037857929564
2008-03-28,-0.050076097587573865,-0.050076097587573865,-0.02483739892926929,0.005100281607374482,0.0003533004029497156,0.00035075026214602834
2008-03-31,-0.03647159383700255,-0.03647159383700255,-0.041470835236867024,0.016633436307597733,-0.0007779456671459112,-0.00078626238529971
2008-04-01,0.06467753315082057,0.06467753315082057,-0.050076097587573865,0.008605262350706841,-0.0018677905654685954,-0.0018720931966439488
2008-04-02,0.11174159206725236,0.11174159206725236,-0.03647159383700255,0.013604503750571317,0.00019920047296183389,0.00019239822108654822
2008-04-03,0.13670087182292937,0.13670087182292937,0.06467753315082057,0.10114912698782312,0.0002368323732597059,0.00018625780976579435
2008-04-04,0.13652212507266706,0.13652212507266706,0.11174159206725236,0.047064058916431784,-0.00030576687745522996,-0.0003292989069134459
2008-04-07,0.12408070009606466,0.12408070009606466,0.13670087182292937,0.024959279755677008,-0.0007501240968577886,-0.0007626037367356271
2008-04-08,0.09466478657448874,0.09466478657448874,0.13652212507266706,0.00017874675026230413,-0.004205430671458233,-0.004205520044833364
2008-04-09,0.08863116622548337,0.08863116622548337,0.12408070009606466,0.012441424976602403,0.0020012595337883733,0.001995038821300072
2008-04-10,0.182103243281639,0.182103243281639,0.09466478657448874,0.029415913521575923,0.002916826684008205,0.002902118727247417
2008-04-11,0.17460517468125095,0.17460517468125095,0.08863116622548337,0.00603362034900537,-0.003371817081249009,-0.0033748338914235117
2008-04-14,0.14442974542448928,0.14442974542448928,0.182103243281639,0.09347207705615562,-0.004715514041397197,-0.004762250079925275
2008-04-15,0.13194085943812592,0.13194085943812592,0.17460517468125095,0.0074980686003880415,0.001856620681769774,0.00185287164746958
2008-04-16,0.370081089986089,0.370081089986089,0.14442974542448928,0.03017542925676167,0.008426821989683,0.008411734275054619
2008-04-17,0.4936153901221033,0.4936153901221033,0.13194085943812592,0.012488885986363357,-0.0001192435033559664,-0.00012548794634914808
2008-04-18,0.6624102600814022,0.6624102600814022,0.370081089986089,0.2381402305479631,0.00736483575750574,0.007245765642231758
2008-04-21,0.7327000621184514,0.7327000621184514,0.4936153901221033,0.1235343001360143,-0.0019702846591423953,-0.0020320518092104022
2008-04-22,0.6255459588531375,0.6255459588531375,0.6624102600814022,0.16879486995929893,-0.013861650610301602,-0.013946048045281252
2008-04-23,0.7503639725687583,0.7503639725687583,0.7327000621184514,0.07028980203704915,0.01899258207874982,0.018957437177731296
2008-04-24,0.8335759817125057,0.8335759817125057,0.6255459588531375,0.10715410326531394,0.0036044936734327612,0.0035509166218001043
2008-04-25,0.819291677984312,0.819291677984312,0.7503639725687583,0.12481801371562085,-0.004298943410172258,-0.004361352417030068
2008-04-28,0.8795277853228747,0.8795277853228747,0.8335759817125057,0.08321200914374738,0.0055425947750566504,0.005500988770484777
2008-04-29,0.8645471800199432,0.8645471800199432,0.819291677984312,0.01428430372819367,-0.0032473052164979036,-0.0032544473683620003
2008-04-30,0.6487243314438245,0.6487243314438245,0.8795277853228747,0.06023610733856266,-0.013997709645914033,-0.014027827699583315
2008-05-01,0.7658162209625496,0.7658162209625496,0.8645471800199432,0.014980605302931438,0.04000354142093148,0.039996051118280015
2008-05-02,0.8438774806416998,0.8438774806416998,0.6487243314438245,0.21582284857611878,0.008077847624666231,0.007969936200378171
2008-05-05,0.8054558186390568,0.8054558186390568,0.7658162209625496,0.11709188951872518,-0.006207668899681288,-0.006266214844440651
2008-05-06,0.8703038790927047,0.8703038790927047,0.8438774806416998,0.07806125967915012,0.01197778781454205,0.011938757184702475
2008-05-07,0.7414463866174774,0.7414463866174774,0.8054558186390568,0.038421662002642964,-0.014005094424420857,-0.014024305255422179
2008-05-08,0.735806719749469,0.735806719749469,0.8703038790927047,0.06484806045364788,0.008639188088366136,0.008606764058139312
2008-05-09,0.7186293733596791,0.7186293733596791,0.7414463866174774,0.12885749247522726,-0.0009506749731240405,-0.001015103719361654
2008-05-12,0.8124195822397862,0.8124195822397862,0.735806719749469,0.0056396668680084305,0.008500824821314574,0.00849800498788057
2008-05-13,0.8749463881598576,0.8749463881598576,0.7186293733596791,0.01717734638978985,0.003648448123354876,0.003639859450159981
2008-05-14,0.9166309254399052,0.9166309254399052,0.8124195822397862,0.09379020888010703,0.0027350264746363196,0.0026881313701962663
2008-05-15,0.944420616959937,0.944420616959937,0.8749463881598576,0.06252680592007143,0.04147175625117134,0.0414404928482113
2008-05-16,0.9629470779732914,0.9629470779732914,0.9166309254399052,0.04168453728004762,0.0011015680218099282,0.0010807257531699045
2008-05-19,0.9206021401488573,0.9206021401488573,0.944420616959937,0.027789691520031745,-0.004533123834605947,-0.004547018680365963
2008-05-20,0.7349933289385719,0.7349933289385719,0.9629470779732914,0.018526461013354423,-0.030575895456562904,-0.030585158687069583
2008-05-21,0.5673780292709982,0.5673780292709982,0.9206021401488573,0.04234493782443405,-0.016432852496622328,-0.016454024965534546
2008-05-22,0.4764992859493336,0.4764992859493336,0.7349933289385719,0.18560881121028538,0.006834276171080958,0.006741471765475815
2008-05-23,0.3809532094311131,0.3809532094311131,0.5673780292709982,0.16761529966757371,-0.011166946451043528,-0.011250754100877315
2008-05-27,0.33295029473936827,0.33295029473936827,0.4764992859493336,0.09087874332166462,0.003867619074527771,0.003822179702866939
2008-05-28,0.290098737111142,0.290098737111142,0.3809532094311131,0.0955460765182205,-0.0020985718749871006,-0.002146344913246211
2008-05-29,0.23977080275579685,0.23977080275579685,0.33295029473936827,0.048002914691744836,-0.004681514402354292,-0.004705515859700164
2008-05-30,0.17147071889664747,0.17147071889664747,0.290098737111142,0.04285155762822629,0.0005013856036403854,0.0004799598248262723
2008-06-02,0.1250753840338216,0.1250753840338216,0.23977080275579685,0.05032793435534513,0.00020691569583215238,0.00018175172865447981
2008-06-03,0.0895484868495732,0.0895484868495732,0.17147071889664747,0.06830008385914937,-0.0019216109316593565,-0.0019557609735889312
2008-06-04,0.07286198337393071,0.07286198337393071,0.1250753840338216,0.04639533486282588,0.0029441965491748285,0.0029209988817434154
2008-06-05,0.08138799302041086,0.08138799302041086,0.0895484868495732,0.035526897184248396,0.0014874089885400586,0.0014696455399479343
2008-06-06,0.06372379721565329,0.06372379721565329,0.07286198337393071,0.01668650347564249,-0.002960856288214374,-0.002969199539952195
2008-06-09,0.04596058325881325,0.04596058325881325,0.08138799302041086,0.008526009646480148,-0.0004976055770987976,-0.0005018685819220377
2008-06-10,0.03079299966701403,0.03079299966701403,0.06372379721565329,0.017664195804757574,-0.0002239834625927348,-0.00023281556049511358
2008-06-11,-0.03119672778670288,-0.03119672778670288,0.04596058325881325,0.017763213956840038,-0.0017630344879998364,-0.0017719160949782565
2008-06-12,-0.05891532898892904,-0.05891532898892904,0.03079299966701403,0.015167583591799219,0.00033884735692743187,0.00033126356513153227
2008-06-13,-0.040317333325272466,-0.040317333325272466,-0.03119672778670288,0.061989727453716906,-0.0008630466696543881,-0.0008940415333812465
2008-06-16,-0.013973686732789519,-0.013973686732789519,-0.05891532898892904,0.02771860120222616,-0.0005200099358374154,-0.0005338692364385284
2008-06-17,-0.01605432874511661,-0.01605432874511661,-0.040317333325272466,0.018597995663656573,0.0004938323536051894,0.0004845333557733612
2008-06-18,-0.03662708893639964,-0.03662708893639964,-0.013973686732789519,0.026343646592482946,0.00018565944427637187,0.00017248762098013038
2008-06-19,-0.012580029966606556,-0.012580029966606556,-0.01605432874511661,0.0020806420123270913,-0.000410722089621216,-0.00041176241062737957
2008-06-20,-0.025799521592799413,-0.025799521592799413,-0.03662708893639964,0.02057276019128303,0.0007693859875182596,0.0007590996074226181
2008-06-23,-0.03531247997453592,-0.03531247997453592,-0.012580029966606556,0.024047058969793082,5.629437643202613e-06,-6.394091841693929e-06
2008-06-24,-0.03889133056532803,-0.03889133056532803,-0.025799521592799413,0.013219491626192856,-5.7692117051515124e-05,-6.430186286461156e-05
2008-06-25,-0.02674659925519559,-0.02674659925519559,-0.03531247997453592,0.009512958381736505,-0.00037817858598848133,-0.0003829350651793496
2008-06-26,-0.10598420331671152,-0.10598420331671152,-0.03889133056532803,0.003578850590792111,0.0018200720617174368,0.0018182826364220408
2008-06-27,-0.15671218654817137,-0.15671218654817137,-0.02674659925519559,0.01214473131013244,0.0001238879768145985,0.00011781561115953227
2008-06-30,-0.18838784048128493,-0.18838784048128493,-0.10598420331671152,0.07923760406151592,4.929274056894315e-05,9.673938538185192e-06
2008-07-01,-0.1998893390725303,-0.1998893390725303,-0.15671218654817137,0.050727983231459856,-0.0006565732145750521,-0.000681937206190782
2008-07-02,-0.33242525580950505,-0.33242525580950505,-0.18838784048128493,0.03167565393311356,0.005589648050620448,0.005573810223653891
2008-07-03,-0.5037158336020635,-0.5037158336020635,-0.1998893390725303,0.011501498591245357,0.00257859924868508,0.0025728484993894573
2008-07-07,-0.5954666472079639,-0.5954666472079639,-0.33242525580950505,0.13253591673697476,-0.00080447672601582,-0.0008707446843843074
2008-07-08,-0.5895791300943078,-0.5895791300943078,-0.5037158336020635,0.17129057779255846,-0.005107907212793878,-0.005193552501690157
2008-07-09,-0.7263860867295386,-0.7263860867295386,-0.5954666472079639,0.09175081360590043,0.03159495549797359,0.031549080091170634
2008-07-10,-0.6415426103434636,-0.6415426103434636,-0.5895791300943078,0.005887517113656093,-0.024106896691858955,-0.02410984045041578
2008-07-11,-0.5752483681622305,-0.5752483681622305,-0.7263860867295386,0.1368069566352308,-0.0007045666324367826,-0.000772970110754398
2008-07-14,-0.5579983383525617,-0.5579983383525617,-0.6415426103434636,0.08484347638607503,0.0052843042624551514,0.0052418825242621135
2008-07-15,-0.5124793732776846,-0.5124793732776846,-0.5752483681622305,0.06629424218123314,-0.006744475872385064,-0.006777622993475681
2008-07-16,-0.45709977091894827,-0.45709977091894827,-0.5579983383525617,0.01725002980966872,-0.0053890596732840525,-0.005397684688188887
2008-07-17,-0.3249145317226464,-0.3249145317226464,-0.5124793732776846,0.04551896507487718,-0.026469109820583328,-0.026491869303120766
2008-07-18,-0.228923712889882,-0.228923712889882,-0.45709977091894827,0.05537960235873629,-0.0020787354568055968,-0.002106425257984965
2008-07-21,-0.1649638688557986,-0.1649638688557986,-0.3249145317226464,0.13218523919630187,-0.0,-6.609261959815093e-05
2008-07-22,-0.12234881621588423,-0.12234881621588423,-0.228923712889882,0.09599081883276439,-0.0,-4.7995409416382196e-05
2008-07-23,-0.07984472063968658,-0.07984472063968658,-0.1649638688557986,0.06395984403408339,-0.001568212889493657,-0.0016001928115106985
2008-07-24,-0.07923371257873842,-0.07923371257873842,-0.12234881621588423,0.042615052639914386,0.003456441415527461,0.003435133889207504
2008-07-25,-0.06333286546073963,-0.06333286546073963,-0.07984472063968658,0.04250409557619765,-0.0012527365260442806,-0.0012739885738323794
2008-07-28,-0.07286526106513858,-0.07286526106513858,-0.07923371257873842,0.0006110080609481594,0.001223946709434225,0.0012236412054037508
2008-07-29,-0.04984141224116691,-0.04984141224116691,-0.06333286546073963,0.015900847117998787,-0.0016366550036703027,-0.001644605427229302
2008-07-30,-0.03450397390893334,-0.03450397390893334,-0.07286526106513858,0.009532395604398947,-0.0,-4.766197802199473e-06
2008-07-31,-0.024350892131432884,-0.024350892131432884,-0.04984141224116691,0.023023848823971668,8.966510282884187e-05,7.815317841685603e-05
2008-08-01,-0.014149642224844714,-0.014149642224844714,-0.03450397390893334,0.015337438332233569,-0.00024877525273089694,-0.00025644397189701374
2008-08-04,-0.0033922859930010625,-0.0033922859930010625,-0.024350892131432884,0.010153081777500454,-0.00018522078487571406,-0.00019029732576446428
2008-08-05,0.031050976857619757,0.031050976857619757,-0.014149642224844714,0.01020124990658817,-0.00040463778714738987,-0.00040973841210068397
2008-08-06,0.04601366141133252,0.04601366141133252,-0.0033922859930010625,0.010757356231843651,3.2420703894712616e-05,2.704202577879079e-05
2008-08-07,0.10184506234704044,0.10184506234704044,0.031050976857619757,0.03444326285062082,0.0011848410930126066,0.0011676194615872961
2008-08-08,0.21646496727003645,0.21646496727003645,0.04601366141133252,0.014962684553712764,0.0010886272792252783,0.001081145936948422
2008-08-11,0.3072000552553375,0.3072000552553375,0.10184506234704044,0.05583140093570792,0.0006305122368252862,0.0006025965363574323
2008-08-12,0.4389301562740395,0.4389301562740395,0.21646496727003645,0.11461990492299601,0.00124300742903009,0.001185697476568592
2008-08-13,0.4784161601188935,0.4784161601188935,0.3072000552553375,0.09073508798530106,-0.005011427467387726,-0.005056795011380377
2008-08-14,0.5811659337055401,0.5811659337055401,0.4389301562740395,0.13173010101870197,0.004367621701396472,0.004301756650887121
2008-08-15,0.6190722715322463,0.6190722715322463,0.4784161601188935,0.03948600384485401,-0.001964222868714784,-0.001983965870637211
2008-08-18,0.5871771604020656,0.5871771604020656,0.5811659337055401,0.10274977358664666,-0.005988744184593466,-0.00604011907138679
2008-08-19,0.49459032474315456,0.49459032474315456,0.6190722715322463,0.03790633782670616,-0.01082928547880857,-0.010848238647721923
2008-08-20,0.4095864659385153,0.4095864659385153,0.5871771604020656,0.03189511113018073,-0.004978251600942761,-0.004994199156507851
2008-08-21,0.2968778840193562,0.2968778840193562,0.49459032474315456,0.09258683565891102,-0.007189524846719643,-0.0072358182645490985
2008-08-22,0.23769651911678444,0.23769651911678444,0.4095864659385153,0.08500385880463929,0.007818663200201645,0.007776161270799326
2008-08-25,0.17799359952806612,0.17799359952806612,0.2968778840193562,0.11270858191915906,-0.006572168958969851,-0.00662852324992943
2008-08-26,0.1466089153555037,0.1466089153555037,0.23769651911678444,0.05918136490257178,0.001862747361349788,0.0018331566788985022
2008-08-27,0.14454932016316913,0.14454932016316913,0.17799359952806612,0.05970291958871832,0.0019990540660205663,0.001969202606226207
2008-08-28,0.15841854862625943,0.15841854862625943,0.1466089153555037,0.03138468417256243,0.0011273297525661607,0.0011116374104798794
2008-08-29,0.13684603705612045,0.13684603705612045,0.14454932016316913,0.0020595951923345623,-0.004411866369923966,-0.0044128961675201335
2008-09-02,0.11239101683428801,0.11239101683428801,0.15841854862625943,0.0138692284630903,-0.00200876091894562,-0.0020156955331771653
2008-09-03,0.051982862523954294,0.051982862523954294,0.13684603705612045,0.02157251157013898,-0.006302966658099122,-0.006313752913884192
2008-09-04,-0.09253056248537359,-0.09253056248537359,0.11239101683428801,0.024455020221832435,-0.005322145750569273,-0.005334373260680189
2008-09-05,-0.1821996222772319,-0.1821996222772319,0.051982862523954294,0.060408154310333716,0.0002280071824274011,0.00019780310527223424
2008-09-08,-0.1986934636644381,-0.1986934636644381,-0.09253056248537359,0.14451342500932787,-0.001616264396936113,-0.0016885211094407769
2008-09-09,-0.2978697343611623,-0.2978697343611623,-0.1821996222772319,0.08966905979185832,0.0055607607900440125,0.005515926260148084
2008-09-10,-0.39329034774473637,-0.39329034774473637,-0.1986934636644381,0.016493841387206193,0.0016613902585325476,0.0016531433378389445
2008-09-11,-0.44604480331334917,-0.44604480331334917,-0.2978697343611623,0.09917627069672422,-0.00044325174336655833,-0.0004928398787149204
2008-09-12,-0.48367731467748803,-0.48367731467748803,-0.39329034774473637,0.09542061338357405,0.0005843749364166485,0.0005366646297248614
2008-09-15,-0.6557848764516587,-0.6557848764516587,-0.44604480331334917,0.0527544555686128,0.017700146093052385,0.01767376886526808
2008-09-16,-0.7297807383799085,-0.7297807383799085,-0.48367731467748803,0.037632511364138865,-0.002998183953688184,-0.0030170002093702535
2008-09-17,-0.8198538255866057,-0.8198538255866057,-0.6557848764516587,0.1721075617741707,0.031308389476458746,0.03122233569557166
2008-09-18,-0.720465652962033,-0.720465652962033,-0.7297807383799085,0.0739958619282498,-0.0279324082922865,-0.027969406223250625
2008-09-19,-0.6584397384681419,-0.6584397384681419,-0.8198538255866057,0.09007308720669716,0.0012771421230489317,0.0012321055794455831
2008-09-22,-0.7722931589787613,-0.7722931589787613,-0.720465652962033,0.09938817262457267,0.027349977129795637,0.02730028304348335
2008-09-23,-0.8104552996545706,-0.8104552996545706,-0.6584397384681419,0.062025914493891166,-0.0046268218750502715,-0.004657834832297217
2008-09-24,-0.8181682485299688,-0.8181682485299688,-0.7722931589787613,0.11385342051061942,-0.0029018404357665883,-0.002958767146021898
2008-09-25,-0.8579206975062112,-0.8579206975062112,-0.8104552996545706,0.038162140675809364,0.005634451029152765,0.00561536995881486
2008-09-26,-0.760446234003296,-0.760446234003296,-0.8181682485299688,0.007712948875398196,-0.027756982348759195,-0.027760838823196892
2008-09-29,-0.8402974893355308,-0.8402974893355308,-0.8579206975062112,0.039752448976242416,0.08623887848970815,0.08621900226522003
2008-09-30,-0.7046680558159214,-0.7046680558159214,-0.760446234003296,0.09747446350291522,-0.06428810548401888,-0.06433684271577034
2008-10-01,-0.6321861338440344,-0.6321861338440344,-0.8402974893355308,0.0798512553322348,0.009421513837376057,0.00938158820970994
2008-10-02,-0.754790755896023,-0.754790755896023,-0.7046680558159214,0.13562943351960943,0.05022472545995791,0.050156910743198106
2008-10-03,-0.817931640351947,-0.817931640351947,-0.6321861338440344,0.07248192197188696,-0.004043084179858622,-0.004079325140844565
2008-10-06,-0.8786210935679648,-0.8786210935679648,-0.754790755896023,0.12260462205198852,0.016569770701547255,0.01650846839052126
2008-10-07,-0.91908072904531,-0.91908072904531,-0.817931640351947,0.06314088445592403,0.043964244030494475,0.04393267358826651
2008-10-08,-0.9119808443006028,-0.9119808443006028,-0.8786210935679648,0.06068945321601782,-0.012614275238090037,-0.012644619964698046
2008-10-09,-0.9413205628670687,-0.9413205628670687,-0.91908072904531,0.04045963547734521,0.03676308317587223,0.036742853358133556
2008-10-10,-0.9608803752447126,-0.9608803752447126,-0.9119808443006028,0.007099884744707241,0.02396905238956772,0.023965502447195367
2008-10-13,-0.782249850899197,-0.782249850899197,-0.9413205628670687,0.02933971856646589,-0.11154542953855898,-0.11156009939784221
2008-10-14,-0.7533081260404457,-0.7533081260404457,-0.9608803752447126,0.019559812377643926,0.05994847812162454,0.05993869821543572
2008-10-15,-0.8355387506936305,-0.8355387506936305,-0.782249850899197,0.17863052434551563,0.04615927655979244,0.046069961297619685
2008-10-16,-0.7746081600746688,-0.7746081600746688,-0.7533081260404457,0.02894172485875124,-0.044726019141489465,-0.04474049000391884
2008-10-17,-0.7776514262687994,-0.7776514262687994,-0.8355387506936305,0.08223062465318476,0.019993998193416993,0.0199528828810904
2008-10-20,-0.7211093202155405,-0.7211093202155405,-0.7746081600746688,0.060930590618961666,-0.02698632968173968,-0.02701679497704916
2008-10-21,-0.7750667070036317,-0.7750667070036317,-0.7776514262687994,0.003043266194130534,0.03830076235943986,0.0382992407263428
2008-10-22,-0.8500444713357544,-0.8500444713357544,-0.7211093202155405,0.05654210605325882,0.03168151089349234,0.03165323984046571
2008-10-23,-0.9000296475571696,-0.9000296475571696,-0.7750667070036317,0.053957386788091144,0.003720978942223805,0.003694000248829759
2008-10-24,-0.9333530983714464,-0.9333530983714464,-0.8500444713357544,0.07497776433212278,0.013474206543484945,0.013436717661318884
2008-10-27,-0.955568732247631,-0.955568732247631,-0.9000296475571696,0.049985176221415184,0.0018908867376162767,0.001865894149505569
2008-10-28,-0.7799291845532965,-0.7799291845532965,-0.9333530983714464,0.03332345081427679,-0.10545240968609373,-0.10546907141150087
2008-10-29,-0.7504113439340168,-0.7504113439340168,-0.955568732247631,0.022215633876184526,0.055430280817503556,0.055419173000565466
2008-10-30,-0.6213146932327354,-0.6213146932327354,-0.7799291845532965,0.17563954769433443,-0.06421104227523423,-0.0642988620490814
2008-10-31,-0.5448773433525367,-0.5448773433525367,-0.7504113439340168,0.029517840619279756,0.006497089827634436,0.006482330907324796
2008-11-03,-0.5236137957088647,-0.5236137957088647,-0.6213146932327354,0.1290966507012814,0.015115918169554406,0.015051369844203766
2008-11-04,-0.4600037411143362,-0.4600037411143362,-0.5448773433525367,0.07643734988019868,-0.021600022107293233,-0.021638240782233333
2008-11-05,-0.5082026341985244,-0.5082026341985244,-0.5236137957088647,0.021263547643672,0.03443131694028878,0.034420685166466944
2008-11-06,-0.672135089465683,-0.672135089465683,-0.4600037411143362,0.06361005459452851,0.036348383889607906,0.03631657886231064
2008-11-07,-0.6778013218128535,-0.6778013218128535,-0.5082026341985244,0.04819889308418823,-0.027846882522916786,-0.02787098196945888
2008-11-10,-0.7142646264051469,-0.7142646264051469,-0.672135089465683,0.1639324552671586,0.0128637460931856,0.01278177986555202
2008-11-11,-0.7970900785584806,-0.7970900785584806,-0.6778013218128535,0.005666232347170452,0.019838136249435992,0.019835303133262407
2008-11-12,-0.8647267190389871,-0.8647267190389871,-0.7142646264051469,0.03646330459229341,0.02102278532044636,0.02100455366815021
2008-11-13,-0.7566741848717737,-0.7566741848717737,-0.7970900785584806,0.0828254521533337,-0.053650139189434815,-0.05369155191551148
2008-11-14,-0.8377827899145158,-0.8377827899145158,-0.8647267190389871,0.06763664048050655,0.06651730652211646,0.0664834882018762
2008-11-17,-0.8918551932763439,-0.8918551932763439,-0.7566741848717737,0.10805253416721339,0.01817858433699555,0.018124558069911943
2008-11-18,-0.9041721803160534,-0.9041721803160534,-0.8377827899145158,0.08110860504274209,-0.007088910987730033,-0.007129465290251403
2008-11-19,-0.9361147868773689,-0.9361147868773689,-0.8918551932763439,0.05407240336182806,0.04217752965981008,0.042150493458129164
2008-11-20,-0.957409857918246,-0.957409857918246,-0.9041721803160534,0.012316987039709515,0.01882204624018314,0.018815887746663283
2008-11-21,-0.8125081373292593,-0.8125081373292593,-0.9361147868773689,0.031942606561315534,-0.06735738317121368,-0.06737335447449433
2008-11-24,-0.6720597037434236,-0.6720597037434236,-0.957409857918246,0.021295071040877023,-0.032863137363678914,-0.03287378489919935
2008-11-25,-0.6131997741597552,-0.6131997741597552,-0.8125081373292593,0.14490172058898665,0.02576532515285658,0.025692874292562087
2008-11-26,-0.4985113146691589,-0.4985113146691589,-0.6720597037434236,0.1404484335858357,-0.04299547560963196,-0.04306569982642488
2008-11-28,-0.4238697707004382,-0.4238697707004382,-0.6131997741597552,0.05885992958366837,0.007461988761748393,0.007432558796956559
2008-12-01,-0.5339628985791867,-0.5339628985791867,-0.4985113146691589,0.11468845949059636,0.04479378122840103,0.04473643699865573
2008-12-02,-0.496305095294794,-0.496305095294794,-0.4238697707004382,0.07464154396872069,-0.02429818656788898,-0.024335507339873337
2008-12-03,-0.43401139721688436,-0.43401139721688436,-0.5339628985791867,0.11009312787874848,-0.015279176812138725,-0.015334223376078098
2008-12-04,-0.5033808646014557,-0.5033808646014557,-0.496305095294794,0.037657803284392666,0.03233620953552938,0.032317380633887186
2008-12-05,-0.4778717641173917,-0.4778717641173917,-0.43401139721688436,0.06229369807790963,-0.017673255123461823,-0.01770440197250078
2008-12-08,-0.3890508924215914,-0.3890508924215914,-0.5033808646014557,0.06936946738457134,-0.024619769612146222,-0.024654454345838506
2008-12-09,-0.30735084712973704,-0.30735084712973704,-0.4778717641173917,0.025509100484064018,-0.012340940935363235,-0.012353695485605267
2008-12-10,-0.24942449336245412,-0.24942449336245412,-0.3890508924215914,0.08882087169580027,0.0008161129912530027,0.0007717025554051025
2008-12-11,-0.22080795833305975,-0.22080795833305975,-0.30735084712973704,0.08170004529185437,0.005599892343521593,0.005559042320875666
2008-12-12,-0.16784498218203586,-0.16784498218203586,-0.24942449336245412,0.05792635376728292,-0.013174326630388505,-0.013203289807272147
2008-12-15,-0.12550174304792344,-0.12550174304792344,-0.22080795833305975,0.028616535029394374,0.0023951444658753206,0.0023808361983606234
2008-12-16,-0.07573475374201072,-0.07573475374201072,-0.16784498218203586,0.05296297615102388,-0.012079286430450512,-0.012105767918526024
2008-12-17,-0.0504341241859516,-0.0504341241859516,-0.12550174304792344,0.04234323913411242,0.003049261895326844,0.003028090275759788
2008-12-18,-0.060195823403984355,-0.060195823403984355,-0.07573475374201072,0.04976698930591272,0.004962957246823674,0.0049380737521707175
2008-12-19,-0.05913026860672073,-0.05913026860672073,-0.0504341241859516,0.02530062955605912,-0.0006366090658385567,-0.0006492593806165863
2008-12-22,-0.054769836371589706,-0.054769836371589706,-0.060195823403984355,0.009761699218032757,0.00041686277000844204,0.0004119819203994257
2008-12-23,-0.061528230063579326,-0.061528230063579326,-0.05913026860672073,0.0010655547972636265,0.0011133446750339652,0.0011128118976353335
2008-12-24,-0.06071479746816528,-0.06071479746816528,-0.054769836371589706,0.004360432235131023,-0.000622840780262243,-0.0006250209963798085
2008-12-26,-0.04921365982704014,-0.04921365982704014,-0.061528230063579326,0.00675839369198962,0.00021620208493580424,0.00021282288808980942
2008-12-29,-0.04010262460387636,-0.04010262460387636,-0.06071479746816528,0.0008134325954140473,0.00021408305202176824,0.00021367633572406123
2008-12-30,-0.017754722218779915,-0.017754722218779915,-0.04921365982704014,0.01150113764112514,-0.0019504387719792705,-0.001956189340799833
2008-12-31,-0.00951319723447293,-0.00951319723447293,-0.04010262460387636,0.009111035223163776,8.189000274653544e-05,7.733448513495355e-05
2009-01-02,0.006529646430800781,0.006529646430800781,-0.017754722218779915,0.022347902385096447,-0.0006539941576830477,-0.0006651681088755959
2009-01-05,0.0047561337175742605,0.0047561337175742605,-0.00951319723447293,0.008241524984306985,0.00018150130391244042,0.00017738054142028693
2009-01-06,0.005936270215201333,0.005936270215201333,0.006529646430800781,0.016042843665273712,0.00020144885433480642,0.00019342743250216955
2009-01-07,0.005012180452358925,0.005012180452358925,0.0047561337175742605,0.001773512713226521,-0.00028778162522105443,-0.0002886683815776677
2009-01-08,0.012730550467843313,0.012730550467843313,0.005936270215201333,0.0011801364976270724,4.5222643844845936e-05,4.46325755960324e-05
2009-01-09,0.010757422387218562,0.010757422387218562,0.005012180452358925,0.0009240897628424076,-0.00013779203950492597,-0.00013825408438634717
2009-01-12,0.0006913984919334464,0.0006913984919334464,0.012730550467843313,0.007718370015484388,-0.0003238887720065251,-0.0003277479570142673
2009-01-13,-0.010173540275110656,-0.010173540275110656,0.010757422387218562,0.001973128080624751,-9.3612411278002e-05,-9.459897531831437e-05
2009-01-14,-0.04403307461525585,-0.04403307461525585,0.0006913984919334464,0.010066023895285115,-2.9840732758931724e-05,-3.487374470657428e-05
2009-01-15,-0.0558866922407934,-0.0558866922407934,-0.010173540275110656,0.010864938767044103,-0.0001633376638792968,-0.00016877013326281886
2009-01-16,-0.04507122619190122,-0.04507122619190122,-0.04403307461525585,0.03385953434014519,-0.0014909558111471984,-0.001507885578317271
2009-01-20,-0.11623310506751786,-0.11623310506751786,-0.0558866922407934,0.01185361762553755,0.00357935923262395,0.003573432423811181
2009-01-21,-0.11660774159055061,-0.11660774159055061,-0.04507122619190122,0.010815466048892178,-0.0014019061849371102,-0.0014073139179615563
2009-01-22,-0.15517275555464832,-0.15517275555464832,-0.11623310506751786,0.07116187887561663,0.003856880858552965,0.0038212999191151566
2009-01-23,-0.1482259440383567,-0.1482259440383567,-0.11660774159055061,0.00037463652303275363,-0.002728705381945147,-0.0027288927002066636
2009-01-26,-0.13009601299258217,-0.13009601299258217,-0.15517275555464832,0.038565013964097714,-0.0030750592233422555,-0.0030943417303243045
2009-01-27,-0.09695256897461957,-0.09695256897461957,-0.1482259440383567,0.006946811516291618,-0.00476362191549305,-0.0047670953212511965
2009-01-28,-0.06609175814808381,-0.06609175814808381,-0.13009601299258217,0.01812993104577454,-0.0018841295799121559,-0.0018931945454350432
2009-01-29,-0.08221834307216458,-0.08221834307216458,-0.09695256897461957,0.0331434440179626,0.004428945248136381,0.0044123735261274
2009-01-30,-0.15148087258143703,-0.15148087258143703,-0.06609175814808381,0.03086081082653576,0.00232337651921953,0.002307946113806262
2009-02-02,-0.11490368478357026,-0.11490368478357026,-0.08221834307216458,0.01612658492408077,-0.004652711771127543,-0.004660775063589584
2009-02-03,-0.0811007351997787,-0.0811007351997787,-0.15148087258143703,0.06926252950927245,-0.001111277663986863,-0.0011459089287414992
2009-02-04,-0.045061946097816774,-0.045061946097816774,-0.11490368478357026,0.03657718779786677,-0.0024519957743739064,-0.00247028436827284
2009-02-05,-0.005312721365106583,-0.005312721365106583,-0.0811007351997787,0.033802949583791556,-0.0021619223493059268,-0.0021788238240978224
2009-02-06,0.06676472180580942,0.06676472180580942,-0.045061946097816774,0.03603878910196193,-0.001517859247334523,-0.001535878641885504
2009-02-09,0.14535984904041063,0.14535984904041063,-0.005312721365106583,0.03974922473271019,-6.492142583805999e-05,-8.479603820441509e-05
2009-02-10,0.12212728750563628,0.12212728750563628,0.06676472180580942,0.072077443170916,-0.003716595248441738,-0.003752633970027196
2009-02-11,0.10758734268487183,0.10758734268487183,0.14535984904041063,0.07859512723460121,0.0,-3.929756361730061e-05
2009-02-12,0.08884047325347864,0.08884047325347864,0.12212728750563628,0.02323256153477435,-0.0006939387751035951,-0.0007055550558709823
2009-02-13,0.06729132489889943,0.06729132489889943,0.10758734268487183,0.014539944820764455,-0.0009221643792676431,-0.0009294343516780253
2009-02-17,0.022329643040144752,0.022329643040144752,0.08884047325347864,0.018746869431393184,-0.004288437223834324,-0.004297810658550021
2009-02-18,-0.0002920136874080114,-0.0002920136874080114,0.06729132489889943,0.021549148354579217,0.0007641116868014132,0.0007533371126241235
2009-02-19,-0.17669089005104743,-0.17669089005104743,0.022329643040144752,0.044961681858754675,-0.0011365312562176737,-0.001159012097147051
2009-02-20,-0.25231411856731345,-0.25231411856731345,-0.0002920136874080114,0.022621656727552765,-2.3027636593751934e-06,-1.3613592023151575e-05
2009-02-23,-0.5015427457115423,-0.5015427457115423,-0.17669089005104743,0.17639887636363943,0.009677869612048343,0.009589670173866523
2009-02-24,-0.4291792208150168,-0.4291792208150168,-0.25231411856731345,0.07562322851626602,-0.013576562750914806,-0.013614374365172939
2009-02-25,-0.3373906113524311,-0.3373906113524311,-0.5015427457115423,0.2492286271442289,-0.011819498232875491,-0.011944112546447606
2009-02-26,-0.3218902934793204,-0.3218902934793204,-0.4291792208150168,0.07236352489652553,0.010540205384046184,0.010504023621597922
2009-02-27,-0.31442259096908737,-0.31442259096908737,-0.3373906113524311,0.09178860946258571,-0.0007964077309202386,-0.0008423020356515314
2009-03-02,-0.42974307718556354,-0.42974307718556354,-0.3218902934793204,0.01550031787311068,0.010864284553501033,0.010856534394564478
2009-03-03,-0.5120621048051924,-0.5120621048051924,-0.31442259096908737,0.007467702510233043,0.0007664621896207102,0.0007627283383655936
2009-03-04,-0.446293228888817,-0.446293228888817,-0.42974307718556354,0.11532048621647617,-0.016798019556440502,-0.01685567979954874
2009-03-05,-0.5153120321582372,-0.5153120321582372,-0.5120621048051924,0.08231902761962889,0.018058570840685448,0.018017411326875635
2009-03-06,-0.5280031956333499,-0.5280031956333499,-0.446293228888817,0.06576887591637542,-0.0036253824689656488,-0.0036582669069238367
2009-03-09,-0.4732562011761444,-0.4732562011761444,-0.5153120321582372,0.06901880326942017,-0.005813226639563523,-0.005847736041198233
2009-03-10,-0.2926179104782521,-0.2926179104782521,-0.5280031956333499,0.012691163475112677,-0.05763866894028993,-0.05764501452202749
2009-03-11,-0.1685384394325108,-0.1685384394325108,-0.4732562011761444,0.05474699445720543,-0.0013598953792875153,-0.001387268876516118
2009-03-12,-0.022702466474130434,-0.022702466474130434,-0.2926179104782521,0.18063829069789233,-0.011738321657173392,-0.011828640802522338
2009-03-13,0.1015240917985692,0.1015240917985692,-0.1685384394325108,0.1240794710457413,-0.0020893072763312616,-0.0021513470118541323
2009-03-16,0.14631784986966173,0.14631784986966173,-0.022702466474130434,0.14583597295838036,0.0006949717766193802,0.0006220537901401901
2009-03-17,0.3116342991074812,0.3116342991074812,0.1015240917985692,0.12422655827269963,0.0046308880210564375,0.004568774741920087
2009-03-18,0.5410895327383208,0.5410895327383208,0.14631784986966173,0.04479375807109254,0.0033388340733679633,0.003316437194332417
2009-03-19,0.6510906357567965,0.6510906357567965,0.3116342991074812,0.16531644923781946,-0.001840503557424703,-0.0019231617820436126
2009-03-20,0.5808368540875493,0.5808368540875493,0.5410895327383208,0.22945523363083964,-0.01785751395343581,-0.01797224157025123
2009-03-23,0.7205579027250328,0.7205579027250328,0.6510906357567965,0.11000110301847565,0.038665273450242656,0.038610272898733415
2009-03-24,0.6272294613666485,0.6272294613666485,0.5808368540875493,0.07025378166924723,-0.01946090937152957,-0.019496036262364194
2009-03-25,0.5526354026331661,0.5526354026331661,0.7205579027250328,0.13972104863748358,-0.0028824083213599984,-0.0029522688456787402
2009-03-26,0.7017569350887775,0.7017569350887775,0.6272294613666485,0.09332844135838436,0.03694528049503468,0.036898616274355485
2009-03-27,0.6671621592852045,0.6671621592852045,0.5526354026331661,0.07459405873348235,-0.013973028709878266,-0.014010325739245006
2009-03-30,0.5261109722492449,0.5261109722492449,0.7017569350887775,0.14912153245561133,-0.03185675083030439,-0.031931311596532196
2009-03-31,0.4688687734623808,0.4688687734623808,0.6671621592852045,0.03459477580357295,0.014050243340178152,0.014032945952276365
2009-04-01,0.42824833347372787,0.42824833347372787,0.5261109722492449,0.14105118703595965,0.0,-7.052559351797982e-05
2009-04-02,0.5724774752150565,0.5724774752150565,0.4688687734623808,0.05724219878686404,0.020901051991897547,0.020872430892504117
2009-04-03,0.7149849834767044,0.7149849834767044,0.42824833347372787,0.040620439988652945,0.006819276470887677,0.00679896625089335
2009-04-06,0.7690076102887835,0.7690076102887835,0.5724774752150565,0.14422914174132867,-0.003230262341885574,-0.0033023769127562383
2009-04-07,0.6715826836915778,0.6715826836915778,0.7149849834767044,0.14250750826164782,-0.018483559861085744,-0.01855481361521657
2009-04-08,0.5720003756131008,0.5720003756131008,0.7690076102887835,0.054022626812079144,-0.008958665594057948,-0.008985676907463987
2009-04-09,0.7146669170754005,0.7146669170754005,0.6715826836915778,0.0974249265972057,0.03122604776579323,0.031177335302494627
2009-04-13,0.8097779447169338,0.8097779447169338,0.5720003756131008,0.09958230807847701,0.0,-4.97911540392385e-05
2009-04-14,0.8731852964779558,0.8731852964779558,0.7146669170754005,0.14266654146229973,0.0013416922497898782,0.0012703589790587285
2009-04-15,0.7293455628627908,0.7293455628627908,0.8097779447169338,0.09511102764153323,-0.019726376634286245,-0.01977393214810701
2009-04-16,0.7482809512212347,0.7482809512212347,0.8731852964779558,0.06340735176102208,0.015093812296139519,0.015062108620259008
2009-04-17,0.6254769910050856,0.6254769910050856,0.7293455628627908,0.143839733615165,-0.01331097806953668,-0.013382897936344262
2009-04-20,0.46319134672129714,0.46319134672129714,0.7482809512212347,0.018935388358443883,-0.028779994864612475,-0.0287894625587917
2009-04-21,0.4112717131278518,0.4112717131278518,0.6254769910050856,0.12280396021614914,0.015011299420684758,0.014949897440576683
2009-04-22,0.4486070532236335,0.4486070532236335,0.46319134672129714,0.16228564428378844,0.009348413840069294,0.0092672710179274
2009-04-23,0.4340560325876747,0.4340560325876747,0.4112717131278518,0.051919633593445313,-0.0036744525436160145,-0.003700412360412737
2009-04-24,0.4079414467683103,0.4079414467683103,0.4486070532236335,0.037335340095781655,0.0025996378802582657,0.002580970210210375
2009-04-27,0.3326597871128464,0.3326597871128464,0.4340560325876747,0.014551020635958756,-0.009448064578048749,-0.009455340088366728
2009-04-28,0.260826644141171,0.260826644141171,0.4079414467683103,0.026114585819364433,-0.00614046906596003,-0.006153526358869712
2009-04-29,0.2531054576252726,0.2531054576252726,0.3326597871128464,0.0752816596554639,0.006631167164226696,0.006593526334398964
2009-04-30,0.37411186408370845,0.37411186408370845,0.260826644141171,0.07183314297167537,0.00730649743251857,0.0072705808610327325
2009-05-01,0.46280632604407684,0.46280632604407684,0.2531054576252726,0.007721186515898426,0.00048121868960574463,0.0004773580963477954
2009-05-04,0.6418708840293845,0.6418708840293845,0.37411186408370845,0.12100640645843586,0.0201133730618426,0.020052869858613383
2009-05-05,0.6095799203630724,0.6095799203630724,0.46280632604407684,0.0886944619603684,-0.01008508150564597,-0.010129428736626155
2009-05-06,0.5736843284126121,0.5736843284126121,0.6418708840293845,0.17906455798530768,-0.0015888751525357633,-0.0016784074315284172
2009-05-07,0.4888535257177669,0.4888535257177669,0.6095799203630724,0.03229096366631212,-0.013235193143541494,-0.01325133862537465
2009-05-08,0.3877808420624587,0.3877808420624587,0.5736843284126121,0.035895591950460326,-0.017461720808391593,-0.017479668604366824
2009-05-11,0.32265924309085825,0.32265924309085825,0.4888535257177669,0.08483080269484516,0.0025576685463367696,0.002515253144989347
2009-05-12,0.26480412560779015,0.26480412560779015,0.3877808420624587,0.1010726836553082,-0.004036674007335561,-0.004087210349163215
2009-05-13,0.22002026541720937,0.22002026541720937,0.32265924309085825,0.06512159897160047,-0.0016970870543652748,-0.001729647853851075
2009-05-14,0.22396410883766676,0.22396410883766676,0.26480412560779015,0.0578551174830681,0.007175851809408513,0.007146924250666979
2009-05-15,0.202466889798458,0.202466889798458,0.22002026541720937,0.04478386019058078,-0.004955457052536328,-0.004977848982631618
2009-05-18,0.1773018449448449,0.1773018449448449,0.22396410883766676,0.0039438434204573936,0.004865590325430533,0.004863618403720304
2009-05-19,0.16994271804826283,0.16994271804826283,0.202466889798458,0.02149721903920876,0.0016959838304018051,0.0016852352208822008
2009-05-20,0.16148883252989363,0.16148883252989363,0.1773018449448449,0.025165044853613094,-0.0007930946280697651,-0.0008056771504965717
2009-05-21,0.13226238085539782,0.13226238085539782,0.16994271804826283,0.00735912689658208,-0.0043631075555699075,-0.0043667871190181985
2009-05-22,0.0997814674290857,0.0997814674290857,0.16148883252989363,0.008453885518369203,-0.0013829458623455916,-0.0013871728051047764
2009-05-26,0.10949097215942795,0.10949097215942795,0.13226238085539782,0.029226451674495807,0.0037788996420158706,0.0037642864161786227
2009-05-27,0.11383016683515214,0.11383016683515214,0.0997814674290857,0.032480913426312125,-0.00012891398519431025,-0.0001451544419074663
2009-05-28,0.1441130638460164,0.1441130638460164,0.10949097215942795,0.009709504730342253,0.0018413581203638037,0.0018365033679986326
2009-05-29,0.1515955053663856,0.1515955053663856,0.11383016683515214,0.0043391946757241895,0.0,-2.169597337862095e-06
2009-06-01,0.42190665049735243,0.42190665049735243,0.1441130638460164,0.03028289701086427,0.007150680847146509,0.0071355393986410765
2009-06-02,0.4645055835383255,0.4645055835383255,0.1515955053663856,0.0074824415203691985,-0.0028482230174544146,-0.0028519642382145993
2009-06-03,0.3830162375516776,0.3830162375516776,0.42190665049735243,0.2703111451309668,-0.006514873432215088,-0.006650029004780572
2009-06-04,0.3909012074708199,0.3909012074708199,0.4645055835383255,0.042598933040973064,0.005536959467463065,0.005515660000942579
2009-06-05,0.3224600328992354,0.3224600328992354,0.3830162375516776,0.08148934598664792,-0.004986682147967927,-0.005027426820961251
2009-06-08,0.27657081329029837,0.27657081329029837,0.3909012074708199,0.007884969919142337,0.0,-3.942484959571169e-06
2009-06-09,0.4326876841200207,0.4326876841200207,0.3224600328992354,0.0684411745715845,0.01012754946856215,0.010093328881276358
2009-06-10,0.5579695096106374,0.5579695096106374,0.27657081329029837,0.04588921960893705,0.0006737778826434993,0.0006508332728390307
2009-06-11,0.5602984777246667,0.5602984777246667,0.4326876841200207,0.1561168708297223,-0.0028914955723981866,-0.0029695540078130476
2009-06-12,0.5403052218627677,0.5403052218627677,0.5579695096106374,0.12528182549061673,-0.001365136598543231,-0.0014277775112885394
2009-06-15,0.38480825750658343,0.38480825750658343,0.5602984777246667,0.002328968114029273,-0.011336430432575586,-0.011337594916632601
2009-06-16,0.26737888797797893,0.26737888797797893,0.5403052218627677,0.01999325586189893,-0.004057528953129026,-0.004067525581059975
2009-06-17,0.22835503260385992,0.22835503260385992,0.38480825750658343,0.15549696435618432,0.006793521349800758,0.006715772867622666
2009-06-18,0.17036152022960704,0.17036152022960704,0.26737888797797893,0.1174293695286045,-0.004472839411632039,-0.004531554096396342
2009-06-19,0.14465589374830218,0.14465589374830218,0.22835503260385992,0.03902385537411901,0.0020145188136048565,0.001995006885917797
2009-06-22,0.10655713712659985,0.10655713712659985,0.17036152022960704,0.057993512374252876,-0.0035115820377804676,-0.003540578793967594
2009-06-23,0.07909485738960192,0.07909485738960192,0.14465589374830218,0.025705626481304866,0.0011993186736658883,0.0011864658604252359
2009-06-24,0.09167888623448917,0.09167888623448917,0.10655713712659985,0.038098756621702326,0.001954619514676174,0.0019355701363653229
2009-06-25,0.17715848448989635,0.17715848448989635,0.07909485738960192,0.027462279736997927,0.0010316578432285318,0.0010179267033600327
2009-06-26,0.22349704846300628,0.22349704846300628,0.09167888623448917,0.01258402884488724,-0.00011241813256800705,-0.00011871014699045066
2009-06-29,0.2967734170877827,0.2967734170877827,0.17715848448989635,0.08547959825540719,0.0009787233409268702,0.0009359835417991667
2009-06-30,0.5311822780585218,0.5311822780585218,0.22349704846300628,0.046338563973109925,0.0023195598120447553,0.0022963905300582
2009-07-01,0.6874548520390146,0.6874548520390146,0.2967734170877827,0.07327636862477643,0.008786680061891013,0.008750041877578624
2009-07-02,0.5645914802952834,0.5645914802952834,0.5311822780585218,0.2344088609707391,-0.00997532887367654,-0.010092533304161908
2009-07-06,0.44123624682630613,0.44123624682630613,0.6874548520390146,0.15627257398049277,-0.0074006174083191545,-0.007478753695309401
2009-07-07,0.319017755280518,0.319017755280518,0.5645914802952834,0.12286337174373119,-0.009899379488439762,-0.009960811174311628
2009-07-08,0.214320474907874,0.214320474907874,0.44123624682630613,0.12335523346897725,-0.008417421945818302,-0.008479099562552791
2009-07-09,0.14992414724815656,0.14992414724815656,0.319017755280518,0.12221849154578812,0.0016011501987845524,0.0015400409530116582
2009-07-10,0.1077389678984382,0.1077389678984382,0.214320474907874,0.104697280372644,0.0002675206676866346,0.0002151720275003126
2009-07-13,0.14461671912668111,0.14461671912668111,0.14992414724815656,0.06439632765971745,0.004206086186319322,0.004173888022489464
2009-07-14,0.2882493936245778,0.2882493936245778,0.1077389678984382,0.042185179349718355,0.0022214261470439975,0.0022003335573691383
2009-07-15,0.5254995957497185,0.5254995957497185,0.14461671912668111,0.03687775122824291,0.010483279626480041,0.01046484075086592
2009-07-16,0.683666397166479,0.683666397166479,0.2882493936245778,0.14363267449789668,0.007186268011324926,0.007114451674075978
2009-07-17,0.7891109314443194,0.7891109314443194,0.5254995957497185,0.2372502021251407,0.00823751888050158,0.00811889377943901
2009-07-20,0.8594072876295464,0.8594072876295464,0.683666397166479,0.15816680141676054,0.004002331245817055,0.003923247845108674
2009-07-21,0.9062715250863644,0.9062715250863644,0.7891109314443194,0.1054445342778404,0.0,-5.27222671389202e-05
2009-07-22,0.9375143500575764,0.9375143500575764,0.8594072876295464,0.070296356185227,0.010913291846500231,0.010878143668407617
2009-07-23,0.9583429000383843,0.9583429000383843,0.9062715250863644,0.046864237456818,0.01609909902736104,0.01607566690863263
2009-07-24,0.9294641484613467,0.9294641484613467,0.9375143500575764,0.031242824971212002,-0.0057756965467814616,-0.0057913179592670675
2009-07-27,0.94925220882633,0.94925220882633,0.9583429000383843,0.020828549980807853,0.005445166274089317,0.005434751999098913
2009-07-28,0.9295761732402813,0.9295761732402813,0.9294641484613467,0.028878751577037565,-0.004773871661004318,-0.004788311036792837
2009-07-29,0.8786578444425361,0.8786578444425361,0.94925220882633,0.019788060364983262,0.0014701590929188306,0.001460265062736339
2009-07-30,0.7656649237132812,0.7656649237132812,0.9295761732402813,0.01967603558604869,-0.003354286977374245,-0.0033641249951672694
2009-07-31,0.6249656647090607,0.6249656647090607,0.8786578444425361,0.05091832879774516,-0.003636242662943019,-0.0036617018273418915
2009-08-03,0.6180972657062389,0.6180972657062389,0.7656649237132812,0.11299292072925493,0.004772937381833385,0.004716440921468758
2009-08-04,0.5826543400607542,0.5826543400607542,0.6249656647090607,0.14069925900422053,-0.0016131495828217185,-0.0016834992123238289
2009-08-05,0.4568539822179659,0.4568539822179659,0.6180972657062389,0.006868399002821768,-0.010312561682365964,-0.010315995881867374
2009-08-06,0.314491614449886,0.314491614449886,0.5826543400607542,0.03544292564548468,-0.004942921163086802,-0.004960642625909544
2009-08-07,0.21522258445598821,0.21522258445598821,0.4568539822179659,0.1258003578427883,-0.004886020959363019,-0.004948921138284414
2009-08-10,0.1865079340410062,0.1865079340410062,0.314491614449886,0.14236236776807992,0.004419880321591383,0.004348699137707343
2009-08-11,0.1562993797232251,0.1562993797232251,0.21522258445598821,0.09926902999389778,-0.0013767657089199066,-0.0014264002239168555
2009-08-12,0.1742359316450373,0.1742359316450373,0.1865079340410062,0.028714650414982,0.0017010385423871942,0.0016866812171797032
2009-08-13,0.2763828297939018,0.2763828297939018,0.1562993797232251,0.030208554317781106,0.0019942488264992377,0.001979144549340347
2009-08-14,0.2804045553188005,0.2804045553188005,0.1742359316450373,0.017936551921812205,-0.0025609346948680597,-0.002569902970828966
2009-08-17,0.2465395346106739,0.2465395346106739,0.2763828297939018,0.10214689814886446,-0.004711866995611621,-0.004762940444686054
2009-08-18,0.2838358638698641,0.2838358638698641,0.2804045553188005,0.004021725524898712,0.0048633426112852565,0.004861331748522807
2009-08-19,0.3049799442454656,0.3049799442454656,0.2465395346106739,0.03386502070812658,0.00039402553673006024,0.00037709302637599693
2009-08-20,0.29122943551026437,0.29122943551026437,0.2838358638698641,0.037296329259190186,-0.0013588184110058575,-0.0013774665756354526
2009-08-21,0.3170024762023946,0.3170024762023946,0.3049799442454656,0.021144080375601504,0.0029340828662111377,0.002923510826023337
2009-08-24,0.29753024993829813,0.29753024993829813,0.29122943551026437,0.013750508735201228,-0.0020041909695735884,-0.002011066223941189
2009-08-25,0.406519816598507,0.406519816598507,0.3170024762023946,0.02577304069213021,0.005745127418090121,0.005732240897744056
2009-08-26,0.6043465443990047,0.6043465443990047,0.29753024993829813,0.01947222626409645,0.005140557919917238,0.00513082180678519
2009-08-27,0.7362310295993365,0.7362310295993365,0.406519816598507,0.10898956666020887,0.000837051078540224,0.0007825562952101196
2009-08-28,0.824154019732891,0.824154019732891,0.6043465443990047,0.1978267278004977,0.024211054555101637,0.024112141191201388
2009-08-31,0.8827693464885942,0.8827693464885942,0.7362310295993365,0.1318844852003318,0.002544848078724366,0.0024789058361242003
2009-09-01,0.7708965807227984,0.7708965807227984,0.824154019732891,0.08792299013355453,-0.024335212764288475,-0.024379174259355253
2009-09-02,0.6632003687785349,0.6632003687785349,0.8827693464885942,0.058615326755703134,-0.011191091538544048,-0.0112203992019219
2009-09-03,0.5835573288799123,0.5835573288799123,0.7708965807227984,0.11187276576579575,-0.0019797729231915166,-0.0020357093060744146
2009-09-04,0.5646378121829254,0.5646378121829254,0.6632003687785349,0.10769621194426349,0.007513124243463875,0.007459276137491744
2009-09-08,0.5787192744332517,0.5787192744332517,0.5835573288799123,0.07964303989862265,0.00475405669896605,0.004714235179016739
2009-09-09,0.6139782800076785,0.6139782800076785,0.5646378121829254,0.018919516696986882,0.0037070260732991397,0.0036975663149506465
2009-09-10,0.6012667037197715,0.6012667037197715,0.5787192744332517,0.014081462250326249,-0.00493611747075273,-0.0049431582018778925
2009-09-11,0.5542591902916036,0.5542591902916036,0.6139782800076785,0.03525900557442685,-0.007768076311787703,-0.007785705814574917
2009-09-14,0.44599634225729823,0.44599634225729823,0.6012667037197715,0.012711576287906978,-0.004622828550944285,-0.004629184339088238
2009-09-15,0.40619518126609266,0.40619518126609266,0.5542591902916036,0.04700751342816789,0.0054394297331222105,0.0054159259764081265
2009-09-16,0.3392199945905279,0.3392199945905279,0.44599634225729823,0.10826284803430541,0.0022813580600231907,0.002227226636006038
2009-09-17,0.2628492406550657,0.2628492406550657,0.40619518126609266,0.039801160991205564,-0.004961251605975136,-0.004981152186470739
2009-09-18,0.23196828968051625,0.23196828968051625,0.3392199945905279,0.06697518667556479,0.0026216545879476643,0.0025881669946098817
2009-09-21,0.1977064169439156,0.1977064169439156,0.2628492406550657,0.07637075393546217,-0.000268763432234304,-0.00030694880920203505
2009-09-22,0.16585269800100177,0.16585269800100177,0.23196828968051625,0.03088095097454946,-0.00011873283011907808,-0.0001341733056063528
2009-09-23,0.2344643982811096,0.2344643982811096,0.1977064169439156,0.03426187273660064,0.0035430997959861833,0.003525968859617883
2009-09-24,0.23246367231917114,0.23246367231917114,0.16585269800100177,0.03185371894291383,-0.0028364810993636805,-0.0028524079588351375
2009-09-25,0.20915788983734857,0.20915788983734857,0.2344643982811096,0.06861170028010782,-0.002039875108860693,-0.002074180959000747
2009-09-28,0.2668133559255136,0.2668133559255136,0.23246367231917114,0.0020007259619384543,0.004440297884039762,0.0044392975210587925
2009-09-29,0.26900558691725474,0.26900558691725474,0.20915788983734857,0.02330578248182258,-0.00275466223921869,-0.0027663151304596015
2009-09-30,0.28556593370050704,0.28556593370050704,0.2668133559255136,0.05765546608816502,0.001232574480760635,0.0012037467477165524
2009-10-01,0.2510095851290916,0.2510095851290916,0.26900558691725474,0.002192230991741151,-0.009209685401592874,-0.009210781517088745
2009-10-02,0.23201777691124315,0.23201777691124315,0.28556593370050704,0.0165603467832523,0.001057567723369778,0.0010492875499781519
2009-10-05,0.2193428884873888,0.2193428884873888,0.2510095851290916,0.03455634857141543,0.0017201796264426329,0.0017029014521569251
2009-10-06,0.2874280677563944,0.2874280677563944,0.23201777691124315,0.01899180821784846,0.006438172055118431,0.006428676151009507
2009-10-07,0.29717328162054185,0.29717328162054185,0.2193428884873888,0.012674888423854336,0.0013409539238207829,0.0013346164796088557
2009-10-08,0.32348008177309173,0.32348008177309173,0.2874280677563944,0.06808517926900559,0.0018918768823794959,0.001857834292744993
2009-10-09,0.45473825515923405,0.45473825515923405,0.29717328162054185,0.00974521386414745,0.00433500229775983,0.004330129690827756
2009-10-12,0.6364921701061561,0.6364921701061561,0.32348008177309173,0.02630680015254988,0.0036885926882864162,0.0036754392882101415
2009-10-13,0.7576614467374374,0.7576614467374374,0.45473825515923405,0.13125817338614232,0.002006408357891598,0.001940779271198527
2009-10-14,0.8384409644916251,0.8384409644916251,0.6364921701061561,0.18175391494692206,0.010561433606182197,0.010470556648708735
2009-10-15,0.7375536832849766,0.7375536832849766,0.7576614467374374,0.1211692766312813,-0.005819965781275221,-0.005880550419590861
2009-10-16,0.5689325468454841,0.5689325468454841,0.8384409644916251,0.08077951775418768,-0.019875654620051017,-0.019916044378928112
2009-10-19,0.5110417529940455,0.5110417529940455,0.7375536832849766,0.10088728120664847,0.008406203578964032,0.008355759938360708
2009-10-20,0.40886084714091864,0.40886084714091864,0.5689325468454841,0.1686211364394925,-0.006411286847591548,-0.006495597415811294
2009-10-21,0.30159459751182427,0.30159459751182427,0.5110417529940455,0.05789079385143858,-0.008103741552535595,-0.008132686949461313
2009-10-22,0.2696400418049629,0.2696400418049629,0.40886084714091864,0.10218090585312689,0.005352933662140687,0.005301843209214123
2009-10-23,0.20023156663534386,0.20023156663534386,0.30159459751182427,0.10726624962909437,-0.0050966872763216035,-0.005150320401136151
2009-10-26,0.15811682399617555,0.15811682399617555,0.2696400418049629,0.03195455570686134,0.0006815811296034679,0.0006656038517500372
2009-10-27,0.11950380157871318,0.11950380157871318,0.20023156663534386,0.06940847516961907,-0.0009088764316253557,-0.0009435806692101652
2009-10-28,-0.001634201154572995,-0.001634201154572995,0.15811682399617555,0.04211474263916831,-0.005687030273849166,-0.00570808764516875
2009-10-29,-0.05497284921075686,-0.05497284921075686,0.11950380157871318,0.03861302241746237,0.00119322612090265,0.0011739196096939189
2009-10-30,-0.10382409583380925,-0.10382409583380925,-0.001634201154572995,0.12113800273328618,9.353294444722742e-06,-5.121570692192035e-05
2009-11-02,-0.14760693552501794,-0.14760693552501794,-0.05497284921075686,0.053338648056183866,0.0002876668958343993,0.00026099757180630734
2009-11-03,-0.39269610301203256,-0.39269610301203256,-0.10382409583380925,0.04885124662305239,0.002785382001474995,0.0027609563781634686
2009-11-04,-0.4380122324814961,-0.4380122324814961,-0.14760693552501794,0.04378283969120869,-0.0018490722433371681,-0.0018709636631827724
2009-11-05,-0.3817850341428034,-0.3817850341428034,-0.39269610301203256,0.24508916748701462,-0.00633730085981048,-0.0064598454435539875
2009-11-06,-0.33423129251769507,-0.33423129251769507,-0.4380122324814961,0.04531612946946356,-0.0009274197412142712,-0.000950077805949003
2009-11-09,-0.2221450899385695,-0.2221450899385695,-0.3817850341428034,0.05622719833869272,-0.01068914111485616,-0.010717254714025506
2009-11-10,-0.14524325113331443,-0.14524325113331443,-0.33423129251769507,0.04755374162510834,-0.0006870279741578466,-0.0007108048449704008
2009-11-11,-0.054159986953549594,-0.054159986953549594,-0.2221450899385695,0.11208620257912558,-0.003873288729948158,-0.0039293318312377205
2009-11-12,-0.012913447190858133,-0.012913447190858133,-0.14524325113331443,0.07690183880525506,0.0011712468887727515,0.001132795969370124
2009-11-13,0.0316178207200164,0.0316178207200164,-0.054159986953549594,0.09108326417976484,-0.00038526085606107647,-0.0004308024881509589
2009-11-16,0.14224279631460826,0.14224279631460826,-0.012913447190858133,0.041246539762691464,-0.00026713367016084264,-0.00028775694004218837
2009-11-17,0.17842987256187431,0.17842987256187431,0.0316178207200164,0.04453126791087453,0.0001406577579585173,0.00011839212400308004
2009-11-18,0.17991939414928027,0.17991939414928027,0.14224279631460826,0.11062497559459186,-0.0014000393757736397,-0.0014553518635709356
2009-11-19,0.09279552255956688,0.09279552255956688,0.17842987256187431,0.03618707624726605,-0.007271966174627646,-0.007290059712751279
2009-11-20,0.025055559294541743,0.025055559294541743,0.17991939414928027,0.0014895215874059509,-0.000559361568698444,-0.000560106329492147
2009-11-23,0.005553334630283695,0.005553334630283695,0.09279552255956688,0.08712387158971338,0.0007716849847453528,0.0007281230489504961
2009-11-24,-0.008816324886905851,-0.008816324886905851,0.025055559294541743,0.06773996326502514,-1.2924098045968656e-05,-4.6794079678481226e-05
2009-11-25,-0.024305269098478743,-0.024305269098478743,0.005553334630283695,0.01950222466425805,-1.431727465159036e-05,-2.4068386983719386e-05
2009-11-27,-0.0694353232257045,-0.0694353232257045,-0.008816324886905851,0.014369659517189546,0.00010484644520249696,9.766161544390218e-05
2009-11-30,-0.08457824730642848,-0.08457824730642848,-0.024305269098478743,0.015488944211572892,-0.00011445422568732698,-0.00012219869779311342
2009-12-01,-0.03261544910947525,-0.03261544910947525,-0.0694353232257045,0.04513005412722576,-0.0016635671642476122,-0.001686132191311225
2009-12-02,0.010375626957930009,0.010375626957930009,-0.08457824730642848,0.015142924080723971,-0.000258160545897756,-0.00026573200793811796
2009-12-03,0.06242986836256996,0.06242986836256996,-0.03261544910947525,0.05196279819695322,-0.00024808384233606967,-0.0002740652414345463
2009-12-04,0.21089798911180846,0.21089798911180846,0.010375626957930009,0.042991076067405265,0.00030808103816478127,0.00028658550013107865
2009-12-07,0.2718019571699378,0.2718019571699378,0.06242986836256996,0.05205424140463995,-0.0002745953818481238,-0.00030062250255044376
2009-12-08,0.23992987521395737,0.23992987521395737,0.21089798911180846,0.14846812074923849,-0.003934306980001393,-0.0040085410403760124
2009-12-09,0.22206569826428751,0.22206569826428751,0.2718019571699378,0.060903968058129365,0.0002718240467539184,0.0002413720627248537
2009-12-10,0.2364254418472323,0.2364254418472323,0.23992987521395737,0.03187208195598046,0.0016787445917191277,0.0016628085507411376
2009-12-11,0.20266709640908134,0.20266709640908134,0.22206569826428751,0.017864176949669852,-0.0027551809082538106,-0.0027641129967286454
2009-12-14,0.19207519413147572,0.19207519413147572,0.2364254418472323,0.014359743582944784,0.0009504586981170012,0.0009432788263255288
2009-12-15,0.15414606065534261,0.15414606065534261,0.20266709640908134,0.033758345438150955,-0.00182591705117944,-0.0018427962238985155
2009-12-16,0.0928793427921333,0.0928793427921333,0.19207519413147572,0.01059190227760562,-0.0040742189481875355,-0.0040795148993263385
2009-12-17,0.014249698340151905,0.014249698340151905,0.15414606065534261,0.03792913347613311,-0.0024657402433754124,-0.002484704810113479
2009-12-18,0.023727374432756732,0.023727374432756732,0.0928793427921333,0.06126671786320932,0.0027274688195441416,0.002696835460612537
2009-12-21,0.10756230824563072,0.10756230824563072,0.014249698340151905,0.0786296444519814,0.00033391658616152906,0.00029460176393553833
2009-12-22,0.1470933908665704,0.1470933908665704,0.023727374432756732,0.009477676092604827,-5.904277931229857e-05,-6.378161735860099e-05
2009-12-23,0.18648899427738125,0.18648899427738125,0.10756230824563072,0.08383493381287399,0.0003220265544774331,0.0002801090875709961
2009-12-24,0.2773076387154728,0.2773076387154728,0.1470933908665704,0.03953108262093967,0.001683159576764913,0.001663394035454443
2009-12-28,0.32858404923851553,0.32858404923851553,0.18648899427738125,0.03939560341081086,-0.00027523297758673355,-0.00029493077929213895
2009-12-29,0.3990120234343885,0.3990120234343885,0.2773076387154728,0.09081864443809157,0.0013660794957052321,0.0013206701734861863
2009-12-30,0.5403687702900544,0.5403687702900544,0.32858404923851553,0.051276410523042715,0.003060282522665286,0.0030346443174037647
2009-12-31,0.5221927745099421,0.5221927745099421,0.3990120234343885,0.07042797419587299,-0.0036819248957611368,-0.003717138882859073
2010-01-04,0.6814618496732947,0.6814618496732947,0.5403687702900544,0.14135674685566585,0.01271473877027241,0.012644060396844577
2010-01-05,0.7754798437801269,0.7754798437801269,0.5221927745099421,0.01817599578011231,-0.0002501533301846593,-0.00025924132807471546
2010-01-06,0.7471860793056762,0.7471860793056762,0.6814618496732947,0.15926907516335265,-0.002285765878994451,-0.0023654004165761275
2010-01-07,0.61014732053366,0.61014732053366,0.7754798437801269,0.0940179941068322,-0.0074563806670296245,-0.00750338966408304
2010-01-08,0.6811033927266412,0.6811033927266412,0.7471860793056762,0.028293764474450755,0.008342160234947042,0.008328013352709817
2010-01-11,0.7874022618177609,0.7874022618177609,0.61014732053366,0.1370387587720161,0.003515049720756952,0.003446530341370944
2010-01-12,0.6463418462876961,0.6463418462876961,0.6811033927266412,0.07095607219298117,-0.01105386768482923,-0.01108934572092572
2010-01-13,0.7642278975251308,0.7642278975251308,0.7874022618177609,0.10629886909111963,0.013371932161405801,0.013318782726860242
2010-01-14,0.8428185983500873,0.8428185983500873,0.6463418462876961,0.14106041553006476,0.016035252390704677,0.015964722182939643
2010-01-15,0.6819021150739928,0.6819021150739928,0.7642278975251308,0.11788605123743467,-0.024193521809168825,-0.024252464834787543
2010-01-19,0.6230926918612576,0.6230926918612576,0.8428185983500873,0.07859070082495656,0.010129938264040942,0.010090642913628463
2010-01-20,0.5926765497807821,0.5926765497807821,0.6819021150739928,0.16091648327609454,0.0009718785279162888,0.0008914202862782415
2010-01-21,0.5197931665319002,0.5197931665319002,0.6230926918612576,0.05880942321273519,-0.00709411242828098,-0.007123517139887348
2010-01-22,0.3528862236941737,0.3528862236941737,0.5926765497807821,0.030416142080475495,-0.026448419539701683,-0.026463627610741922
2010-01-25,0.2960831325073002,0.2960831325073002,0.5197931665319002,0.07288338324888188,0.010703847398531727,0.010667405706907286
2010-01-26,0.21616974438985984,0.21616974438985984,0.3528862236941737,0.1669069428377265,-0.005557289951292636,-0.005640743422711499
2010-01-27,0.19594800329020198,0.19594800329020198,0.2960831325073002,0.056803091186873544,0.003552949444659331,0.0035245478990658945
2010-01-28,0.1385330284302862,0.1385330284302862,0.21616974438985984,0.07991338811744034,-0.0034176419746410765,-0.0034575986686997966
2010-01-29,0.03554253938742098,0.03554253938742098,0.19594800329020198,0.020221741099657853,-0.005115139969585222,-0.005125250840135051
2010-02-01,-0.02497178989614546,-0.02497178989614546,0.1385330284302862,0.057414974859915785,0.001499635057664184,0.001470927570234226
2010-02-02,-0.05032823292820157,-0.05032823292820157,0.03554253938742098,0.10299048904286522,0.0005437375002771892,0.0004922422557557566
2010-02-03,-0.08266296048154699,-0.08266296048154699,-0.02497178989614546,0.06051432928356644,9.102477887894387e-05,6.0767614237160656e-05
2010-02-04,-0.3310900229860886,-0.3310900229860886,-0.05032823292820157,0.02535644303205611,0.001687844074995963,0.0016751658534799349
2010-02-05,-0.3263698690763636,-0.3263698690763636,-0.08266296048154699,0.03233472755334542,-0.001955745982560554,-0.0019719133463372263
2010-02-08,-0.3460570369116134,-0.3460570369116134,-0.3310900229860886,0.2484270625045416,0.00204067045868466,0.0019164569274323893
2010-02-09,-0.29416076184823997,-0.29416076184823997,-0.3263698690763636,0.004720153909724967,-0.005060009433294182,-0.005062369510249044
2010-02-10,-0.2508458495051652,-0.2508458495051652,-0.3460570369116134,0.019687167835249764,-0.0007044004879158054,-0.0007142440718334303
2010-02-11,-0.16964061694473326,-0.16964061694473326,-0.29416076184823997,0.05189627506337341,-0.0055276293181077095,-0.0055535774556393965
2010-02-12,-0.0727217963073189,-0.0727217963073189,-0.2508458495051652,0.043314912343074774,-0.004626840053157705,-0.0046484975093292425
2010-02-16,0.04001968494947504,0.04001968494947504,-0.16964061694473326,0.08120523256043194,-0.002407981312034911,-0.002448583928315127
2010-02-17,0.10309663071101852,0.10309663071101852,-0.0727217963073189,0.09691882063741436,0.00021057971880586405,0.00016212030848715688
2010-02-18,0.1907249759250663,0.1907249759250663,0.04001968494947504,0.11274148125679394,0.0003486661573053863,0.00029229541667698933
2010-02-19,0.1728002520514585,0.1728002520514585,0.10309663071101852,0.06307694576154348,-9.893893295048918e-05,-0.00013047740583126092
2010-02-22,0.15340690436718554,0.15340690436718554,0.1907249759250663,0.08762834521404778,0.00045808325702864254,0.00041426908442161866
2010-02-23,0.12131062693023198,0.12131062693023198,0.1728002520514585,0.0179247238736078,-0.003974319340811266,-0.00398328170274807
2010-02-24,0.1316586026394889,0.1316586026394889,0.15340690436718554,0.01939334768427295,0.002332412170569528,0.0023227154967273914
2010-02-25,0.13172482734829233,0.13172482734829233,0.12131062693023198,0.03209627743695356,-0.00041031829753321655,-0.0004263664362516933
2010-02-26,0.11551115794338426,0.11551115794338426,0.1316586026394889,0.010347975709256912,-0.0006381852720281214,-0.0006433592598827498
2010-03-01,0.15398127596377945,0.15398127596377945,0.13172482734829233,6.622470880343623e-05,0.002181529414369703,0.002181496302015301
2010-03-02,0.14390889873105384,0.14390889873105384,0.11551115794338426,0.016213669404908065,-0.0009408496409282795,-0.0009489564756307335
2010-03-03,0.12074396458418199,0.12074396458418199,0.15398127596377945,0.03847011802039518,-0.0013390566524236764,-0.001358291711433874
2010-03-04,0.10534824586286681,0.10534824586286681,0.14390889873105384,0.01007237723272561,7.011411274387046e-05,6.507792412750766e-05
2010-03-05,0.13641233842389916,0.13641233842389916,0.12074396458418199,0.023164934146871846,0.0015291582644639662,0.0015175757973905303
2010-03-08,0.15477448662318352,0.15477448662318352,0.10534824586286681,0.015395718721315177,-0.00010133546225621366,-0.00010903332161687125
2010-03-09,0.16475066419362178,0.16475066419362178,0.13641233842389916,0.031064092561032347,0.0011164796428855196,0.0011009475966050034
2010-03-10,0.2875937668194978,0.2875937668194978,0.15477448662318352,0.01836214819928436,0.0018478733198400768,0.0018386922457404346
2010-03-11,0.43183355056006306,0.43183355056006306,0.16475066419362178,0.009976177570438255,0.00046655330016430447,0.00046156521137908534
2010-03-12,0.5511378463391736,0.5511378463391736,0.2875937668194978,0.122843102625876,0.00027045283923453735,0.00020903128792159936
2010-03-15,0.49053641959946764,0.49053641959946764,0.43183355056006306,0.14423978374056529,-0.0020300841165977247,-0.0021022040084680074
2010-03-16,0.6603576130663118,0.6603576130663118,0.5511378463391736,0.11930429577911056,0.021868416446934588,0.021808764299045033
2010-03-17,0.7735717420442079,0.7735717420442079,0.49053641959946764,0.06060142673970598,0.00512600612198065,0.005095705408610797
2010-03-18,0.8193137123527356,0.8193137123527356,0.6603576130663118,0.16982119346684416,-0.0011876673293840538,-0.0012725779261174759
2010-03-19,0.7475961331136685,0.7475961331136685,0.7735717420442079,0.11321412897789607,-0.007317434158819967,-0.007374041223308915
2010-03-22,0.8317307554091123,0.8317307554091123,0.8193137123527356,0.04574197030852778,0.009314436576993977,0.009291565591839714
2010-03-23,0.8878205036060749,0.8878205036060749,0.7475961331136685,0.07171757923906719,0.01445456917038909,0.014418710380769556
2010-03-24,0.8209203324758956,0.8209203324758956,0.8317307554091123,0.08413462229544388,-0.008805498837057424,-0.008847566148205145
2010-03-25,0.7520390994453883,0.7520390994453883,0.8878205036060749,0.05608974819696255,-0.003166766167424388,-0.003194811041522869
2010-03-26,0.6774940165545635,0.6774940165545635,0.8209203324758956,0.06690017113017932,-0.004040048107252228,-0.004073498192817318
2010-03-29,0.6500905060267872,0.6500905060267872,0.7520390994453883,0.0688812330305073,0.0030434788564623616,0.003009038239947108
2010-03-30,0.5591603474540388,0.5591603474540388,0.6774940165545635,0.07454508289082473,0.00030332755358485346,0.0002660550121394411
2010-03-31,0.4753779255638585,0.4753779255638585,0.6500905060267872,0.027403510527776342,-0.0014550236995495782,-0.0014687254548134663
2010-04-01,0.4562136119023722,0.4562136119023722,0.5591603474540388,0.09093015857274844,0.002508478267144031,0.002463013187857657
2010-04-05,0.555706404278947,0.555706404278947,0.4753779255638585,0.08378242189018026,0.004246341271981192,0.004204450061036102
2010-04-06,0.5049284517982178,0.5049284517982178,0.4562136119023722,0.0191643136614863,-0.0038370820130887717,-0.0038466641699195147
2010-04-07,0.41743449411359673,0.41743449411359673,0.555706404278947,0.09949279237657482,0.0012406606075082245,0.001190914211319937
2010-04-08,0.2991232352196927,0.2991232352196927,0.5049284517982178,0.05077795248072925,-0.0031489992806172477,-0.003174388256857612
2010-04-09,0.36143245993399653,0.36143245993399653,0.41743449411359673,0.08749395768462104,0.004490565236743613,0.004446818257901302
2010-04-12,0.3849131178491264,0.3849131178491264,0.2991232352196927,0.11831125889390404,-0.00013257811836298118,-0.0001917337478099332
2010-04-13,0.5899420785660843,0.5899420785660843,0.36143245993399653,0.062309224714303835,0.003688062656067134,0.003656908043709982
2010-04-14,0.7266280523773896,0.7266280523773896,0.3849131178491264,0.023480657915129877,0.012678176333055768,0.012666436004098202
2010-04-15,0.8177520349182598,0.8177520349182598,0.5899420785660843,0.20502896071695786,0.017557818064597865,0.017455303584239384
2010-04-16,0.7906025622397559,0.7906025622397559,0.7266280523773896,0.13668597381130532,-0.009000369008455507,-0.00906871199536116
2010-04-19,0.7938258662822056,0.7938258662822056,0.8177520349182598,0.09112398254087017,0.0027348467057028264,0.0026892847144323914
2010-04-20,0.8318215632460829,0.8318215632460829,0.7906025622397559,0.027149472678503872,0.003953167323930369,0.003939592587591117
2010-04-21,0.7871029887238576,0.7871029887238576,0.7938258662822056,0.0032233040424497483,-0.010531599122818829,-0.010533210774840054
2010-04-22,0.7969188154172787,0.7969188154172787,0.8318215632460829,0.03799569696387728,0.006640879633685152,0.006621881785203213
2010-04-23,0.8159898327610577,0.8159898327610577,0.7871029887238576,0.044718574522225274,0.0016400371022070716,0.001617677814945959
2010-04-26,0.7838646105740921,0.7838646105740921,0.7969188154172787,0.00981582669342107,-0.007292726230771271,-0.007297634144117982
2010-04-27,0.6978804507037174,0.6978804507037174,0.8159898327610577,0.01907101734377903,-0.016100073366451497,-0.016109608875123388
2010-04-28,0.6032385724524254,0.6032385724524254,0.7838646105740921,0.032125222186965674,-0.0030217169753354945,-0.0030377795864289774
2010-04-29,0.5246987977101188,0.5246987977101188,0.6978804507037174,0.08598415987037467,0.006900751654121947,0.0068577595741867595
2010-04-30,0.42446607270136916,0.42446607270136916,0.6032385724524254,0.094641878251292,-0.016692599310021216,-0.01673992024914686
2010-05-03,0.4176774596114263,0.4176774596114263,0.5246987977101188,0.07853977474230656,0.009648768548840671,0.009609498661469517
2010-05-04,0.3486732684625086,0.3486732684625086,0.42446607270136916,0.10023272500874969,-0.012774272011136248,-0.012824388373640623
2010-05-05,0.271937789118899,0.271937789118899,0.4176774596114263,0.00678861308994283,-0.004325329219010765,-0.0043287235255557365
2010-05-06,0.16766693662213075,0.16766693662213075,0.3486732684625086,0.0690041911489177,-0.010380038794236738,-0.010414540889811197
2010-05-07,0.06222269135925503,0.06222269135925503,0.271937789118899,0.07673547934360964,-0.002528470294356938,-0.0025668380340287426
2010-05-10,0.10339932193257215,0.10339932193257215,0.16766693662213075,0.10427085249676823,0.009756275511808205,0.009704140085559821
2010-05-11,0.09576049818771876,0.09576049818771876,0.06222269135925503,0.10544424526287571,-0.0007450174209297925,-0.0007977395435612303
2010-05-12,0.20607439849922238,0.20607439849922238,0.10339932193257215,0.041176630573317115,0.0037591217378747073,0.003738533422588049
2010-05-13,0.19459299492218102,0.19459299492218102,0.09576049818771876,0.00763882374485339,-0.002446895002908418,-0.0024507144147808448
2010-05-14,0.10665432497101618,0.10665432497101618,0.20607439849922238,0.11031390031150362,-0.005586839314909649,-0.005641996265065401
2010-05-17,0.06510433051884155,0.06510433051884155,0.19459299492218102,0.01148140357704136,0.0011556463570502925,0.0011499056552617718
2010-05-18,-0.04043787034510846,-0.04043787034510846,0.10665432497101618,0.08793866995116484,-0.0028577171711376406,-0.002901686506113223
2010-05-19,-0.10020649186511918,-0.10020649186511918,0.06510433051884155,0.041549994452174624,0.0005164748953287523,0.000495699898102665
2010-05-20,-0.28597160565983837,-0.28597160565983837,-0.04043787034510846,0.10554220086395003,0.0015164161312459395,0.0014636450308139644
2010-05-21,-0.3832692971990367,-0.3832692971990367,-0.10020649186511918,0.059768621520010716,-0.0005784131375927448,-0.0006082974483527502
2010-05-24,-0.48292823053687045,-0.48292823053687045,-0.28597160565983837,0.1857651137947192,0.0032824108670121963,0.0031895283101148367
2010-05-25,-0.5051385145309408,-0.5051385145309408,-0.3832692971990367,0.09729769153919832,-0.0033375720319360085,-0.0033862208777056075
2010-05-26,-0.5297850214710573,-0.5297850214710573,-0.48292823053687045,0.09965893333783377,0.0034739416293462495,0.0034241121626773325
2010-05-27,-0.395053007773992,-0.395053007773992,-0.5051385145309408,0.02221028399407038,-0.02586675175703735,-0.025877856899034386
2010-05-28,-0.3720324255088662,-0.3720324255088662,-0.5297850214710573,0.024646506940116497,0.00827809243189069,0.008265769178420632
2010-06-01,-0.4029351772486991,-0.4029351772486991,-0.395053007773992,0.13473201369706533,0.004426176158978809,0.0043588101521302765
2010-06-02,-0.324977899063287,-0.324977899063287,-0.3720324255088662,0.023020582265125766,-0.011066144961954124,-0.011077655253086688
2010-06-03,-0.26160251565169806,-0.26160251565169806,-0.4029351772486991,0.030902751739832868,-0.0016625624009119024,-0.0016780137767818189
2010-06-04,-0.40068439815045687,-0.40068439815045687,-0.324977899063287,0.0779572781854121,0.01409718727098981,0.014058208631897103
2010-06-07,-0.600456265433638,-0.600456265433638,-0.26160251565169806,0.06337538341158894,0.007991678844893862,0.007959991153188068
2010-06-08,-0.733637510289092,-0.733637510289092,-0.40068439815045687,0.1390818824987588,0.0025647258520020205,0.002495184910752641
2010-06-09,-0.8224250068593947,-0.8224250068593947,-0.600456265433638,0.19977186728318108,0.007438971765312231,0.007339085831670641
2010-06-10,-0.7225958905848116,-0.7225958905848116,-0.733637510289092,0.13318124485545402,-0.022822919548376883,-0.02288951017080461
2010-06-11,-0.6173469936148411,-0.6173469936148411,-0.8224250068593947,0.08878749657030272,-0.0036020199528082573,-0.003646413701093409
2010-06-14,-0.5096919098326022,-0.5096919098326022,-0.7225958905848116,0.09982911627458313,-0.008752067844630125,-0.008801982402767417
2010-06-15,-0.37641904103088786,-0.37641904103088786,-0.6173469936148411,0.10524889696997042,-0.017436008003813442,-0.01748863245229843
2010-06-16,-0.28317489308740096,-0.28317489308740096,-0.5096919098326022,0.10765508378223898,-0.0002371518066003743,-0.0002909793484914938
2010-06-17,-0.21870671390765697,-0.21870671390765697,-0.37641904103088786,0.1332728688017143,-0.0005256899183688437,-0.0005923263527697008
2010-06-18,-0.17172476561008293,-0.17172476561008293,-0.28317489308740096,0.0932441479434869,0.0015790984398174543,0.0015324763658457108
2010-06-21,-0.13804757377052113,-0.13804757377052113,-0.21870671390765697,0.06446817917974398,0.0021462420661329104,0.0021140079765430385
2010-06-22,-0.12993251975411893,-0.12993251975411893,-0.17172476561008293,0.046981948297574044,0.001701834966426374,0.001678343992277587
2010-06-23,-0.13507959431723726,-0.13507959431723726,-0.13804757377052113,0.033677191839561804,0.0011185778918974053,0.0011017392959776244
2010-06-24,-0.21171726230294663,-0.21171726230294663,-0.12993251975411893,0.008115054016402196,0.0030594480957972852,0.0030553905687890843
2010-06-25,-0.39784246890029135,-0.39784246890029135,-0.13507959431723726,0.005147074563118331,0.0019278222388442407,0.0019252487015626815
2010-06-28,-0.3865075191130863,-0.3865075191130863,-0.21171726230294663,0.07663766798570937,-0.0034881594500693306,-0.0035264782840621852
2010-06-29,-0.5910050127420575,-0.5910050127420575,-0.39784246890029135,0.18612520659734472,0.011138013517603391,0.011044950914304718
2010-06-30,-0.7273366751613717,-0.7273366751613717,-0.3865075191130863,0.011334949787205062,0.006640485116240684,0.006634817641347082
2010-07-01,-0.8182244501075812,-0.8182244501075812,-0.5910050127420575,0.20449749362897124,0.006077068548406962,0.0059748198015924766
2010-07-02,-0.8788163000717208,-0.8788163000717208,-0.7273366751613717,0.13633166241931416,0.0018892632065633304,0.0018210973753536733
2010-07-06,-0.7628980019916368,-0.7628980019916368,-0.8182244501075812,0.09088777494620948,-0.011932395969117002,-0.011977839856590107
2010-07-07,-0.5948576154667303,-0.5948576154667303,-0.8788163000717208,0.06059184996413969,-0.02977518326238026,-0.02980547918736233
2010-07-08,-0.48775030798883046,-0.48775030798883046,-0.7628980019916368,0.11591829808008403,0.0015152625411991127,0.0014573033921590707
2010-07-09,-0.39513230978948954,-0.39513230978948954,-0.5948576154667303,0.1680403865249065,-0.004143379166004883,-0.004227399359267336
2010-07-12,-0.305689863061562,-0.305689863061562,-0.48775030798883046,0.10710730747789987,-0.007952404305675275,-0.008005957959414224
2010-07-13,-0.22262139412327675,-0.22262139412327675,-0.39513230978948954,0.09261799819934091,-0.008451988817230117,-0.008498297816329789
2010-07-14,-0.15033878422242125,-0.15033878422242125,-0.305689863061562,0.08944244672792756,-0.005092424715081888,-0.0051371459384458515
2010-07-15,-0.09920327644446204,-0.09920327644446204,-0.22262139412327675,0.08306846893828523,-0.00156343156170889,-0.0016049657961780327
2010-07-16,-0.07531777707438315,-0.07531777707438315,-0.15033878422242125,0.0722826099008555,0.0034247622438122165,0.003388620938861789
2010-07-19,-0.04600026875955444,-0.04600026875955444,-0.09920327644446204,0.05113550777795921,-0.0026901299299865577,-0.0027156976838755374
2010-07-20,-0.021777169052970634,-0.021777169052970634,-0.07531777707438315,0.02388549937007889,-0.0002092799104079174,-0.00022122266009295683
2010-07-21,-0.011796322464965496,-0.011796322464965496,-0.04600026875955444,0.029317508314828718,0.0008286120065688127,0.0008139532524113984
2010-07-22,0.014523849356437355,0.014523849356437355,-0.021777169052970634,0.024223099706583803,-0.0005326435499452636,-0.0005447550997985554
2010-07-23,0.0295638464066698,0.0295638464066698,-0.011796322464965496,0.009980846588005137,4.87464785680411e-05,4.375605527403853e-05
2010-07-26,0.04660023742674122,0.04660023742674122,0.014523849356437355,0.026320171821402852,1.3385561672845129e-05,2.2547576214370481e-07
2010-07-27,0.04993248173544795,0.04993248173544795,0.0295638464066698,0.015039997050232444,-0.00017703115009271117,-0.00018455114861782738
2010-07-28,0.04224343899673246,0.04224343899673246,0.04660023742674122,0.01703639102007142,-0.0005398202663676447,-0.0005483384618776804
2010-07-29,0.027263141660586097,0.027263141660586097,0.04993248173544795,0.003332244308706732,-0.0007023000278824218,-0.0007039661500367752
2010-07-30,0.0016480946983627696,0.0016480946983627696,0.04224343899673246,0.007689042738715492,-0.0008637521013084273,-0.0008675966226777851
2010-08-02,0.0041759419563162144,0.0041759419563162144,0.027263141660586097,0.014980297336146364,0.0007278848805320939,0.0007203947318640207
2010-08-03,-0.003644999569454279,-0.003644999569454279,0.0016480946983627696,0.025615046962223328,-2.1818222758151446e-05,-3.4625746239263106e-05
2010-08-04,-0.008568930594412364,-0.008568930594412364,0.0041759419563162144,0.002527847257953445,3.627673222670249e-06,2.3637495936935266e-06
2010-08-05,-0.009700568330324484,-0.009700568330324484,-0.003644999569454279,0.007820941525770495,1.0548422238777196e-05,6.637951475891949e-06
2010-08-06,-0.005934427746123598,-0.005934427746123598,-0.008568930594412364,0.0049239310249580845,8.291184567334539e-06,5.829219054855497e-06
2010-08-09,0.003470819021313378,0.003470819021313378,-0.009700568330324484,0.0011316377359121207,-0.0,-5.658188679560604e-07
2010-08-10,-0.05012821030208991,-0.05012821030208991,-0.005934427746123598,0.0037661405842008867,0.00023852584241614307,0.00023664277212404262
2010-08-11,-0.16293572771160517,-0.16293572771160517,0.003470819021313378,0.009405246767436976,-6.82950607261809e-05,-7.299768410989939e-05
2010-08-12,-0.23530130316837283,-0.23530130316837283,-0.05012821030208991,0.05359902932340328,-5.156909105189498e-05,-7.836860571359662e-05
2010-08-13,-0.4162132942248849,-0.4162132942248849,-0.16293572771160517,0.11280751740951525,0.0025131024751091856,0.002456698716404428
2010-08-16,-0.3812891454574807,-0.3812891454574807,-0.23530130316837283,0.07236557545676767,-0.003931984853501364,-0.003968167641229747
2010-08-17,-0.3447421934769207,-0.3447421934769207,-0.4162132942248849,0.18091199105651207,-0.0012825382135731433,-0.0013729942091013994
2010-08-18,-0.3088125108936241,-0.3088125108936241,-0.3812891454574807,0.034924148767404184,-0.0011715088432824546,-0.0011889709176661567
2010-08-19,-0.5392083405957494,-0.5392083405957494,-0.3447421934769207,0.036546951980560016,0.012142726023284471,0.012124452547294192
2010-08-20,-0.685110978590681,-0.685110978590681,-0.3088125108936241,0.035929682583296596,-0.00016356953764672146,-0.00018153437893836976
2010-08-23,-0.7900739857271207,-0.7900739857271207,-0.5392083405957494,0.2303958297021253,0.005988101434287548,0.005872903519436485
2010-08-24,-0.8600493238180806,-0.8600493238180806,-0.685110978590681,0.14590263799493164,0.010624698332043572,0.010551747013046106
2010-08-25,-0.8525392413472137,-0.8525392413472137,-0.7900739857271207,0.10496300713643969,-0.003003746174973951,-0.0030562276785421707
2010-08-26,-0.9016928275648093,-0.9016928275648093,-0.8600493238180806,0.0699753380909599,0.013961589013711414,0.013926601344665933
2010-08-27,-0.8213263192418263,-0.8213263192418263,-0.8525392413472137,0.00751008247086693,-0.008910035824542709,-0.008913790865778141
2010-08-30,-0.8808842128278842,-0.8808842128278842,-0.9016928275648093,0.04915358621759558,0.02012535674316168,0.02010077995005288
2010-08-31,-0.9205894752185895,-0.9205894752185895,-0.8213263192418263,0.08036650832298298,0.013261804035378634,0.013221620781217143
2010-09-01,-0.7791935413142753,-0.7791935413142753,-0.8808842128278842,0.0595578935860579,-0.0234307740432251,-0.02346055299001813
2010-09-02,-0.6336447390275287,-0.6336447390275287,-0.9205894752185895,0.039705262390705265,-0.0071051050583248775,-0.00712495768952023
2010-09-03,-0.5187690863529799,-0.5187690863529799,-0.7791935413142753,0.14139593390431415,-0.006393608782285083,-0.00646430674923724
2010-09-07,-0.5064795349468312,-0.5064795349468312,-0.6336447390275287,0.1455488022867466,0.010658192429173985,0.010585418028030612
2010-09-08,-0.5640066895615146,-0.5640066895615146,-0.5187690863529799,0.1148756526745488,0.006298526421937953,0.006241088595600679
2010-09-09,-0.5727616751160747,-0.5727616751160747,-0.5064795349468312,0.012289551406148735,-0.0028294971124892755,-0.00283564188819235
2010-09-10,-0.5821537371374816,-0.5821537371374816,-0.5640066895615146,0.057527154614683385,0.0009400345365800383,0.0009112709592726966
2010-09-13,-0.482632063112645,-0.482632063112645,-0.5727616751160747,0.008754985554560113,-0.01880523717951187,-0.01880961467228915
2010-09-14,-0.3826430199036063,-0.3826430199036063,-0.5821537371374816,0.009392062021406966,-0.005645892355332181,-0.0056505883863428846
2010-09-15,-0.3088446561481208,-0.3088446561481208,-0.482632063112645,0.09952167402483664,0.0005149343372627361,0.00046517350025031777
2010-09-16,-0.23163476999216165,-0.23163476999216165,-0.3826430199036063,0.09998904320903873,-0.005110041665726382,-0.0051600361873309014
2010-09-17,-0.1937169568210475,-0.1937169568210475,-0.3088446561481208,0.07379836375548549,0.0026050290212300807,0.002568129839352338
2010-09-20,-0.1607057339899089,-0.1607057339899089,-0.23163476999216165,0.07720988615595914,-0.0014778062377981862,-0.0015164111808761659
2010-09-21,-0.12061620941269466,-0.12061620941269466,-0.1937169568210475,0.037917813171114145,-0.0021489494983709593,-0.0021679084049565163
2010-09-22,-0.09625868233671181,-0.09625868233671181,-0.1607057339899089,0.03301122283113861,0.0010915298620254254,0.0010750242506098562
2010-09-23,-0.08395809126513151,-0.08395809126513151,-0.12061620941269466,0.040089524577214236,0.00019034209045898777,0.00017029732817038065
2010-09-24,-0.06054058948657176,-0.06054058948657176,-0.09625868233671181,0.02435752707598285,-0.0022315068816133655,-0.002243685645151357
2010-09-27,-0.04617705469284841,-0.04617705469284841,-0.08395809126513151,0.012300591071580297,0.0007781723572802122,0.000772022061744422
2010-09-28,-0.031457854282354494,-0.031457854282354494,-0.06054058948657176,0.02341750177855975,-0.0008495622594455198,-0.0008612710103347997
2010-09-29,-0.03087018335426548,-0.03087018335426548,-0.04617705469284841,0.014363534793723348,0.0006390321868188026,0.000631850419421941
2010-09-30,-0.031792818897387214,-0.031792818897387214,-0.031457854282354494,0.014719200410493918,6.541040617449988e-05,5.8050805969252914e-05
2010-10-01,-0.027363347725145627,-0.027363347725145627,-0.03087018335426548,0.0005876709280890138,-0.00019293883407801732,-0.00019323266954206182
2010-10-04,-0.05615400237647411,-0.05615400237647411,-0.031792818897387214,0.0009226355431217331,0.0007405131311687215,0.0007400518133971606
2010-10-05,-0.05865222939516783,-0.05865222939516783,-0.027363347725145627,0.004429471172241586,-0.0004060235972934184,-0.00040823833287953915
2010-10-06,-0.05163411051460321,-0.05163411051460321,-0.05615400237647411,0.028790654651328483,-0.00046917652021258733,-0.00048357184753825157
2010-10-07,-0.042180346438791705,-0.042180346438791705,-0.05865222939516783,0.002498227018693719,-0.0002733598590471869,-0.00027460897255653376
2010-10-08,-0.028993639308323712,-0.028993639308323712,-0.05163411051460321,0.007018118880564618,-0.00031939424771842533,-0.00032290330715870763
2010-10-11,-0.01874312097799496,-0.01874312097799496,-0.042180346438791705,0.009453764075811506,-8.644143594639286e-05,-9.11683179842986e-05
2010-10-12,-0.004523915974060254,-0.004523915974060254,-0.028993639308323712,0.013186707130467993,-0.0003112762965656576,-0.0003178696501308916
2010-10-13,-0.019928613708806647,-0.019928613708806647,-0.01874312097799496,0.01025051833032875,0.0005024668031407901,0.0004973415439756257
2010-10-14,-0.025871731084774214,-0.025871731084774214,-0.004523915974060254,0.014219205003934707,-1.880911975787531e-05,-2.5918722259842664e-05
2010-10-15,-0.0285954393688979,-0.0285954393688979,-0.019928613708806647,0.015404697734746392,-0.0,-7.702348867373195e-06
2010-10-18,-0.03135371233132485,-0.03135371233132485,-0.025871731084774214,0.005943117375967567,0.00017408435157123558,0.0001711127928832518
2010-10-19,-0.028059873593531914,-0.028059873593531914,-0.0285954393688979,0.0027237082841236847,-2.9800320306206654e-05,-3.11621744482685e-05
2010-10-20,-0.004073825114328362,-0.004073825114328362,-0.03135371233132485,0.0027582729624269497,-0.0007018312165245327,-0.0007032103530057462
2010-10-21,0.02559685855041595,0.02559685855041595,-0.028059873593531914,0.0032938387377929347,-0.00017143923502983173,-0.0001730861543987282
2010-10-22,0.05128212670657833,0.05128212670657833,-0.004073825114328362,0.02398604847920355,-1.6493237115250407e-05,-2.8486261354852183e-05
2010-10-25,0.0721159887170929,0.0721159887170929,0.02559685855041595,0.02967068366474431,3.871147176454474e-05,2.3876129932172585e-05
2010-10-26,0.12864718429697308,0.12864718429697308,0.05128212670657833,0.02568526815616238,0.0004387558920163669,0.00042591325793828573
2010-10-27,0.11679194470084782,0.11679194470084782,0.0721159887170929,0.020833862010514577,0.0005397933135539941,0.0005293763825487367
2010-10-28,0.21686416060028368,0.21686416060028368,0.12864718429697308,0.05653119557988018,0.0017840852034597722,0.001755819605669832
2010-10-29,0.2231428518722503,0.2231428518722503,0.11679194470084782,0.011855239596125264,-0.0023963523509806096,-0.002402279970778672
2010-11-01,0.4261786603990977,0.4261786603990977,0.21686416060028368,0.10007221589943587,0.005624507273851824,0.005574471165902106
2010-11-02,0.4910061408598081,0.4910061408598081,0.2231428518722503,0.006278691271966619,-0.0024951064467884122,-0.0024982457924243957
2010-11-03,0.6606707605732054,0.6606707605732054,0.4261786603990977,0.20303580852684738,0.006292797294914197,0.006191279390650774
2010-11-04,0.7737805070488036,0.7737805070488036,0.4910061408598081,0.06482748046071041,0.01174759900557204,0.011715185265341686
2010-11-05,0.8491870046992025,0.8491870046992025,0.6606707605732054,0.1696646197133973,0.00850670821409725,0.008421875904240551
2010-11-08,0.8948236542248833,0.8948236542248833,0.7737805070488036,0.11310974647559824,-0.00036420661501449094,-0.00042076148825229007
2010-11-09,0.8960580114817568,0.8960580114817568,0.8491870046992025,0.07540649765039886,-0.002800127044104024,-0.002837830292929224
2010-11-10,0.854977768387701,0.854977768387701,0.8948236542248833,0.045636649525680806,-0.005074353533904355,-0.005097171858667196
2010-11-11,0.8903190737918056,0.8903190737918056,0.8960580114817568,0.0012343572568734862,0.007239607870646417,0.007238990692017981
2010-11-12,0.9268793825278705,0.9268793825278705,0.854977768387701,0.04108024309405578,0.01289921296800764,0.012878672846460612
2010-11-15,0.8531348596174031,0.8531348596174031,0.8903190737918056,0.03534130540410463,-0.009510673982329902,-0.009528344635031955
2010-11-16,0.7356031094542176,0.7356031094542176,0.9268793825278705,0.03656030873606486,-0.01000850606779837,-0.010026786222166403
2010-11-17,0.6552147761684306,0.6552147761684306,0.8531348596174031,0.0737445229104674,0.00040520226671603724,0.00036833000526080356
2010-11-18,0.5440593444809346,0.5440593444809346,0.7356031094542176,0.11753175016318551,-0.0020942363112045888,-0.0021530021862861816
2010-11-19,0.4852362238526587,0.4852362238526587,0.6552147761684306,0.08038833328578698,0.0037407306508449637,0.0037005364842020703
2010-11-22,0.4892624523603717,0.4892624523603717,0.5440593444809346,0.11115543168749598,0.002830907139937056,0.002775329424093308
2010-11-23,0.4517436408311062,0.4517436408311062,0.4852362238526587,0.05882312062827594,-0.003653583174922703,-0.003682994735236841
2010-11-24,0.5507162822362577,0.5507162822362577,0.4892624523603717,0.004026228507713003,0.006959675772920933,0.0069576626586670765
2010-11-26,0.5935335496555114,0.5935335496555114,0.4517436408311062,0.037518811529265506,-0.0010559901892062535,-0.0010747495949708862
2010-11-29,0.5915026364532958,0.5915026364532958,0.5507162822362577,0.0989726414051515,-0.0002580358701492525,-0.0003075221908518282
2010-11-30,0.5120472972750081,0.5120472972750081,0.5935335496555114,0.042817267419253735,-0.004730593160739299,-0.004752001794448926
2010-12-01,0.6345165891445255,0.6345165891445255,0.5915026364532958,0.0020309132022156007,0.008945159204328399,0.008944143747727291
2010-12-02,0.756344392763017,0.756344392763017,0.5120472972750081,0.07945533917828773,0.005244606102950559,0.005204878433361416
2010-12-03,0.8298014701784661,0.8298014701784661,0.6345165891445255,0.12246929186951738,-0.0002924515320439192,-0.0003536861779786779
2010-12-06,0.8865343134523107,0.8865343134523107,0.756344392763017,0.12182780361849155,0.0003487632578114502,0.0002878493560022044
2010-12-07,0.8364798898618193,0.8364798898618193,0.8298014701784661,0.07345707741544905,-0.004588854834604729,-0.004625583373312454
2010-12-08,0.8909865932412129,0.8909865932412129,0.8865343134523107,0.056732843273844646,0.009859589533860862,0.00983122311222394
2010-12-09,0.9170280529997257,0.9170280529997257,0.8364798898618193,0.05005442359049139,-0.00038347182377927285,-0.00040849903557451853
2010-12-10,0.9446853686664838,0.9446853686664838,0.8909865932412129,0.05450670337939356,0.004084776808591094,0.004057523456901397
2010-12-13,0.7784971841942491,0.7784971841942491,0.9170280529997257,0.026041459758512797,-0.017159544318596405,-0.01717256504847566
2010-12-14,0.652382776808319,0.652382776808319,0.9446853686664838,0.02765731566675811,-0.00131831712028594,-0.001332145778119319
2010-12-15,0.5126140809503861,0.5126140809503861,0.7784971841942491,0.1661881844722347,-0.006889647663279322,-0.0069727417555154395
2010-12-16,0.4079634645855243,0.4079634645855243,0.652382776808319,0.12611440738593005,0.0006134169170323949,0.0005503597133394299
2010-12-17,0.3818914488408126,0.3818914488408126,0.5126140809503861,0.13976869585793295,0.003850423313550347,0.0037805389656213806
2010-12-20,0.330631411697199,0.330631411697199,0.4079634645855243,0.10465061636486178,-0.004372265917327844,-0.004424591225510275
2010-12-21,0.2792707083102523,0.2792707083102523,0.3818914488408126,0.026072015744711685,-0.002338652955774862,-0.002351688963647218
2010-12-22,0.21271429298784045,0.21271429298784045,0.330631411697199,0.0512600371436136,-0.003290599285515379,-0.003316229304087186
2010-12-23,0.16565341090541466,0.16565341090541466,0.2792707083102523,0.051360703386946704,-0.0006684641541796488,-0.0006941445058731221
2010-12-27,0.1298480737180224,0.1298480737180224,0.21271429298784045,0.06655641532241185,0.0,-3.327820766120593e-05
2010-12-28,0.09404221975257464,0.09404221975257464,0.16565341090541466,0.04706088208242579,0.00031806147235470235,0.00029453103131348946
2010-12-29,0.07353441000896417,0.07353441000896417,0.1298480737180224,0.03580533718739226,0.00037307177864484185,0.00035516911005114573
2010-12-30,0.06168295713651348,0.06168295713651348,0.09404221975257464,0.03580585396544776,0.00035928338756282554,0.00034138046058010163
2010-12-31,0.05424724128781641,0.05424724128781641,0.07353441000896417,0.020507809743610467,3.498376999792297e-05,2.4729865126117733e-05
2011-01-03,0.04052310264593833,0.04052310264593833,0.06168295713651348,0.011851452872450693,-0.0005279506555135962,-0.0005338763819498216
2011-01-04,0.059584363627762614,0.059584363627762614,0.05424724128781641,0.0074357158486970665,0.000780532823774284,0.0007768149658499355
2011-01-05,0.0611783781577281,0.0611783781577281,0.04052310264593833,0.013724138641878082,-0.00040235961814464097,-0.00040922168746558
2011-01-06,0.051979753748040196,0.051979753748040196,0.059584363627762614,0.019061260981824285,-0.0004837332735606565,-0.0004932639040515687
2011-01-07,0.04438564585479961,0.04438564585479961,0.0611783781577281,0.001594014529965486,-0.0003239712401177214,-0.00032476824738270413
2011-01-10,0.04089438673872056,0.04089438673872056,0.051979753748040196,0.009198624409687904,7.545154277693275e-05,7.08522305720888e-05
2011-01-11,0.08340635109846176,0.08340635109846176,0.04438564585479961,0.007594107893240588,0.0007722883114768077,0.0007684912575301873
2011-01-12,0.1585481207256893,0.1585481207256893,0.04089438673872056,0.0034912591160790457,0.0004856997040486394,0.00048395407449059987
2011-01-13,0.18586388567777598,0.18586388567777598,0.08340635109846176,0.042511964359741194,-3.9169875988571384e-05,-6.042585816844198e-05
2011-01-14,0.1705608127834291,0.1705608127834291,0.1585481207256893,0.07514176962722754,-0.0015637988312942198,-0.0016013697161078337
2011-01-18,0.1529484138610715,0.1529484138610715,0.18586388567777598,0.02731576495208668,0.0,-1.365788247604334e-05
2011-01-19,0.12425192117117069,0.12425192117117069,0.1705608127834291,0.015303072894346875,-0.0005664934354362918,-0.0005741449718834653
2011-01-20,0.0896158355715218,0.0896158355715218,0.1529484138610715,0.01761239892235761,-0.0004367442298760636,-0.00044555042933724237
2011-01-21,0.054943454826703424,0.054943454826703424,0.12425192117117069,0.028696492689900807,-0.0007710126091259324,-0.0007853608554708827
2011-01-24,0.08642841854581437,0.08642841854581437,0.0896158355715218,0.03463608559964888,0.0018077926251499202,0.001790474582350096
2011-01-25,0.1899572011082461,0.1899572011082461,0.054943454826703424,0.03467238074481838,0.0008019066513639162,0.000784570460991507
2011-01-26,0.32669262034421304,0.32669262034421304,0.08642841854581437,0.03148496371911095,0.0008021129800363291,0.0007863704981767736
2011-01-27,0.41918622411661854,0.41918622411661854,0.1899572011082461,0.10352878256243173,0.0,-5.176439128121586e-05
2011-01-28,0.3470065945028673,0.3470065945028673,0.32669262034421304,0.13673541923596694,-0.004355945957610472,-0.004424313667228456
2011-01-31,0.27734305227223605,0.27734305227223605,0.41918622411661854,0.09249360377240551,0.0,-4.6246801886202754e-05
2011-02-01,0.2409431274178313,0.2409431274178313,0.3470065945028673,0.07217962961375124,0.00032340502787674033,0.0002873152130698647
2011-02-02,0.24441105783868672,0.24441105783868672,0.27734305227223605,0.06966354223063126,0.0010329742847733207,0.000998142513658005
2011-02-03,0.34485236696475763,0.34485236696475763,0.2409431274178313,0.03639992485440474,0.0021526981805736704,0.002134498218146468
2011-02-04,0.5040818426551383,0.5040818426551383,0.24441105783868672,0.003467930420855414,0.0012463000407526264,0.0012445660755421987
2011-02-07,0.6095792607139543,0.6095792607139543,0.34485236696475763,0.10044130912607091,0.00015910725021152237,0.0001088865956484869
2011-02-08,0.594002053938953,0.594002053938953,0.5040818426551383,0.1592294756903807,-0.0011621601258309773,-0.0012417748636761677
2011-02-09,0.4605036356284736,0.4605036356284736,0.6095792607139543,0.10549741805881596,-0.005070356472772242,-0.00512310518180165
2011-02-10,0.640335757085649,0.640335757085649,0.594002053938953,0.015577206775001295,0.009411074225093078,0.009403285621705577
2011-02-11,0.6892262406870844,0.6892262406870844,0.4605036356284736,0.13349841831047943,-0.0008448872680660439,-0.0009116364772212836
2011-02-14,0.5677437611882346,0.5677437611882346,0.640335757085649,0.17983212145717548,-0.005590992235951931,-0.005680908296680519
2011-02-15,0.4440092470801443,0.4440092470801443,0.6892262406870844,0.04889048360143533,-0.003834658621171393,-0.0038591038629721105
2011-02-16,0.5662360363548318,0.5662360363548318,0.5677437611882346,0.12148247949884983,0.007940456187758587,0.007879714948009162
2011-02-17,0.7108240242365546,0.7108240242365546,0.4440092470801443,0.12373451410809028,0.004491113308905865,0.00442924605185182
2011-02-18,0.8072160161577031,0.8072160161577031,0.5662360363548318,0.1222267892746875,0.004381364327085375,0.004320250932448031
2011-02-22,0.672890815677101,0.672890815677101,0.7108240242365546,0.14458798788172278,-0.010594768529647119,-0.01066706252358798
2011-02-23,0.4093382929470152,0.4093382929470152,0.8072160161577031,0.09639199192114856,-0.02442736269755793,-0.024475558693518504
2011-02-24,0.27099434537826284,0.27099434537826284,0.672890815677101,0.13432520048060215,0.004454276179027001,0.0043871135787867
2011-02-25,0.3619116221934513,0.3619116221934513,0.4093382929470152,0.2635525227300858,0.01095925037269246,0.010827474111327418
2011-02-28,0.29093368227211275,0.29093368227211275,0.27099434537826284,0.13834394756875235,-0.00483485303923032,-0.0049040250130146954
2011-03-01,0.2203380949116864,0.2203380949116864,0.3619116221934513,0.09091727681518846,-0.0013485077632182057,-0.0013939664016258
2011-03-02,0.2023017317651873,0.2023017317651873,0.29093368227211275,0.07097793992133855,0.0013600974240692754,0.001324608454108606
2011-03-03,0.2897673371425396,0.2897673371425396,0.2203380949116864,0.07059558736042634,0.003075880749281426,0.0030405829556012128
2011-03-04,0.2684972723647009,0.2684972723647009,0.2023017317651873,0.018036363146499118,-0.002135321573427625,-0.0021443397550008746
2011-03-07,0.15459449609716647,0.15459449609716647,0.2897673371425396,0.08746560537735232,-0.004704034688101699,-0.004747767490790375
2011-03-08,0.05654094955741906,0.05654094955741906,0.2684972723647009,0.021270064777838715,-0.001012703320597445,-0.0010233383529863645
2011-03-09,0.015566542152752483,0.015566542152752483,0.15459449609716647,0.11390277626753442,0.0005121674241755432,0.000455216036041776
2011-03-10,-0.14177509708520158,-0.14177509708520158,0.05654094955741906,0.0980535465397474,-0.0010934930996139831,-0.0011425198728838568
2011-03-11,-0.18666196776893307,-0.18666196776893307,0.015566542152752483,0.04097440740466658,5.990764151210465e-05,3.942043780977136e-05
2011-03-14,-0.2153929395667602,-0.2153929395667602,-0.14177509708520158,0.15734163923795408,0.00020389996637201283,0.0001252291467530358
2011-03-15,-0.47692862637784017,-0.47692862637784017,-0.18666196776893307,0.044886870683731483,0.005911516960498598,0.005889073525156732
2011-03-16,-0.6512857509185601,-0.6512857509185601,-0.2153929395667602,0.02873097179782713,0.003949132882544276,0.003934767396645362
2011-03-17,-0.7024883326079161,-0.7024883326079161,-0.47692862637784017,0.26153568681107997,-0.0021666933156488893,-0.002297461159054429
2011-03-18,-0.7210792892911986,-0.7210792892911986,-0.6512857509185601,0.17435712454071994,-0.0009815435922857626,-0.0010687221545561225
2011-03-21,-0.6306547823878865,-0.6306547823878865,-0.7024883326079161,0.051202581689355986,-0.009164827857778538,-0.009190429148623216
2011-03-22,-0.5839422330071665,-0.5839422330071665,-0.7210792892911986,0.018590956683282478,0.001428715346300364,0.0014194198679587226
2011-03-23,-0.5117976334792184,-0.5117976334792184,-0.6306547823878865,0.09042450690331205,-0.004381782432965288,-0.004426994686416943
2011-03-24,-0.4347072061715552,-0.4347072061715552,-0.5839422330071665,0.04671254938072,-0.0025900993052991655,-0.0026134555799895254
2011-03-25,-0.3845639978209059,-0.3845639978209059,-0.5117976334792184,0.07214459952794816,0.00025119448834619865,0.00021512218858222456
2011-03-28,-0.35833030466453586,-0.35833030466453586,-0.4347072061715552,0.07709042730766313,0.000640085570174042,0.0006015403565202104
2011-03-29,-0.29229817193062413,-0.29229817193062413,-0.3845639978209059,0.05014320835064934,0.0011343885038520235,0.001109316899676699
2011-03-30,-0.19756041930018994,-0.19756041930018994,-0.35833030466453586,0.02623369315637003,-0.0031802440728229643,-0.003193360919401149
2011-03-31,-0.19199126183561122,-0.19199126183561122,-0.29229817193062413,0.06603213273391173,0.004000127293186125,0.003967111226819169
2011-04-01,-0.46132750789040744,-0.46132750789040744,-0.19756041930018994,0.09473775263043419,0.004503315062311005,0.004455946185995788
2011-04-04,-0.6408850052602717,-0.6408850052602717,-0.19199126183561122,0.005569157464578728,0.002239254019376929,0.0022364694406446393
2011-04-05,-0.616303237460408,-0.616303237460408,-0.46132750789040744,0.2693362460547962,-0.005207239571218981,-0.005341907694246379
2011-04-06,-0.5224206464243437,-0.5224206464243437,-0.6408850052602717,0.17955749736986426,-0.007804019374929721,-0.007893798123614652
2011-04-07,-0.4430669260989031,-0.4430669260989031,-0.616303237460408,0.024581767799863652,-0.0024713950044952795,-0.0024836858883952114
2011-04-08,-0.39366524041525097,-0.39366524041525097,-0.5224206464243437,0.09388259103606433,0.0002608887574943784,0.00021394746197634623
2011-04-11,-0.34219904569769344,-0.34219904569769344,-0.4430669260989031,0.07935372032544064,-0.0022131798663103178,-0.002252856726473038
2011-04-12,-0.41749751996807605,-0.41749751996807605,-0.39366524041525097,0.04940168568365211,0.007043680641577237,0.007018979798735411
2011-04-13,-0.4545703970659465,-0.4545703970659465,-0.34219904569769344,0.051466194717557534,-0.00034627603937775357,-0.00037200913673653233
2011-04-14,-0.5733842289180586,-0.5733842289180586,-0.41749751996807605,0.07529847427038261,0.004221372588368693,0.004183723351233502
2011-04-15,-0.5420137572253334,-0.5420137572253334,-0.4545703970659465,0.03707287709787044,-0.003946665727604092,-0.003965202166153027
2011-04-18,-0.5831298023589525,-0.5831298023589525,-0.5733842289180586,0.11881383185211214,0.003774155156631421,0.003714748240705365
2011-04-19,-0.5036456641123463,-0.5036456641123463,-0.5420137572253334,0.03137047169272522,-0.0066303049165526776,-0.0066459901523990405
2011-04-20,-0.21574660227927447,-0.21574660227927447,-0.5831298023589525,0.041116045133619106,-0.04551089009689937,-0.045531448119466175
2011-04-21,-0.012609777859056537,-0.012609777859056537,-0.5036456641123463,0.07948413824660616,-0.0011762404047967342,-0.0012159824739200373
2011-04-25,0.25173681926774877,0.25173681926774877,-0.21574660227927447,0.2878990618330719,-0.004825682489995183,-0.004969632020911718
2011-04-26,0.5011578795118325,0.5011578795118325,-0.012609777859056537,0.20313682442021794,-0.00031036225574295194,-0.00041193066795306094
2011-04-27,0.6674385863412218,0.6674385863412218,0.25173681926774877,0.2643465971268053,0.0016796949600474933,0.0015475216614840906
2011-04-28,0.7782923908941479,0.7782923908941479,0.5011578795118325,0.24942106024408378,0.003764587148585433,0.003639876618463391
2011-04-29,0.8521949272627654,0.8521949272627654,0.6674385863412218,0.16628070682938922,0.010246060372627158,0.010162920019212464
2011-05-02,0.8333606019749822,0.8333606019749822,0.7782923908941479,0.11085380455292615,-0.00806841477410001,-0.008123841676376472
2011-05-03,0.8889070679833215,0.8889070679833215,0.8521949272627654,0.07390253636861743,0.01190258172218702,0.01186563045400271
2011-05-04,0.9259380453222144,0.9259380453222144,0.8333606019749822,0.01883432528778317,0.01630669863197877,0.016297281469334877
2011-05-05,0.950625363548143,0.950625363548143,0.8889070679833215,0.055546466008339346,0.004160577668777651,0.004132804435773481
2011-05-06,0.8180287957456154,0.8180287957456154,0.9259380453222144,0.03703097733889282,-0.014118141146207795,-0.014136656634877242
2011-05-09,0.6520267591197239,0.6520267591197239,0.950625363548143,0.024687318225928623,-0.020035110590348706,-0.02004745424946167
2011-05-10,0.5719760805245895,0.5719760805245895,0.8180287957456154,0.1325965678025276,0.009704280403448092,0.009637982119546829
2011-05-11,0.6288917099768236,0.6288917099768236,0.6520267591197239,0.16600203662589152,0.010758800941544968,0.010675799923232022
2011-05-12,0.7525944733178824,0.7525944733178824,0.5719760805245895,0.08005067859513437,0.007329713055515463,0.007289687716217895
2011-05-13,0.7230211007547974,0.7230211007547974,0.6288917099768236,0.05691562945223416,-0.007957102843103536,-0.007985560657829653
2011-05-16,0.7832209017046763,0.7832209017046763,0.7525944733178824,0.12370276334105879,0.00739375308878783,0.0073319017071173005
2011-05-17,0.785365961562144,0.785365961562144,0.7230211007547974,0.02957337256308501,-0.0027524528622894077,-0.0027672395485709503
2011-05-18,0.8569106410414293,0.8569106410414293,0.7832209017046763,0.06019980094987887,0.010974843760063281,0.010944743859588341
2011-05-19,0.7838117967326426,0.7838117967326426,0.785365961562144,0.0021450598574677127,-0.011181681934123762,-0.011182754464052496
2011-05-20,0.6603074344368292,0.6603074344368292,0.8569106410414293,0.07154467947928533,-0.011648624828848802,-0.011684397168588444
2011-05-23,0.5195431110449038,0.5195431110449038,0.7838117967326426,0.07309884430878677,-0.01215219187515275,-0.012188741297307144
2011-05-24,0.40140023025435473,0.40140023025435473,0.6603074344368292,0.12350436229581341,-0.007221350895109,-0.007283103076256906
2011-05-25,0.31463833279142217,0.31463833279142217,0.5195431110449038,0.14076432339192535,0.0016086290141415773,0.0015382468524456146
2011-05-26,0.2338520183403011,0.2338520183403011,0.40140023025435473,0.11814288079054908,-0.0031858965911638077,-0.003244968031559082
2011-05-27,0.17007861709365862,0.17007861709365862,0.31463833279142217,0.08676189746293256,-0.004055188943316203,-0.00409856989204767
2011-05-31,0.14303324989189228,0.14303324989189228,0.2338520183403011,0.08078631445112108,0.00315875066382883,0.0031183575066032697
2011-06-01,0.11135902940051873,0.11135902940051873,0.17007861709365862,0.06377340124664246,-0.0038534383746755114,-0.0038853250752988325
2011-06-02,0.08681974859415924,0.08681974859415924,0.14303324989189228,0.02704536720176634,0.0005851555436995725,0.0005716328600986894
2011-06-03,0.062476197863751456,0.062476197863751456,0.11135902940051873,0.031674220491373556,-0.0018148109413094488,-0.0018306480515551356
2011-06-06,0.04975099650552793,0.04975099650552793,0.08681974859415924,0.02453928080635949,0.0003995531603737376,0.00038728351997055786
2011-06-07,0.049957535410001204,0.049957535410001204,0.062476197863751456,0.02434355073040778,0.0006582085413914038,0.0006460367660261999
2011-06-08,0.04228638237570442,0.04228638237570442,0.04975099650552793,0.012725201358223526,-0.0005412336798714532,-0.000547596280550565
2011-06-09,0.03595442767444196,0.03595442767444196,0.049957535410001204,0.00020653890447327322,-0.00013738382585571382,-0.00013748709530795046
2011-06-10,0.020249164895370455,0.020249164895370455,0.04228638237570442,0.007671153034296781,-0.0007384637266303415,-0.0007422993031474898
2011-06-13,0.010285237153334206,0.010285237153334206,0.03595442767444196,0.0063319547012624655,1.6822667278817012e-05,1.3656689928185779e-05
2011-06-14,0.020173297117321128,0.020173297117321128,0.020249164895370455,0.015705262779071503,0.0004070709394606379,0.00039921830807110217
2011-06-15,0.011111126880698981,0.011111126880698981,0.010285237153334206,0.00996392774203625,-0.00018854915236977046,-0.00019353111624078857
2011-06-16,0.005159304743903612,0.005159304743903612,0.020173297117321128,0.009888059963986923,0.0,-4.944029981993461e-06
2011-06-17,-0.005213019732882464,-0.005213019732882464,0.011111126880698981,0.009062170236622147,-0.00011931047299766902,-0.0001238415581159801
2011-06-20,-0.008134363139661096,-0.008134363139661096,0.005159304743903612,0.005951822136795369,3.4089168496887326e-05,3.111325742848964e-05
2011-06-21,-0.0001718000153820851,-0.0001718000153820851,-0.005213019732882464,0.010372324476786076,-7.820533676593469e-05,-8.339149900432773e-05
2011-06-22,-0.003031656513777383,-0.003031656513777383,-0.008134363139661096,0.0029213434067786315,9.392898266044454e-05,9.246831095705523e-05
2011-06-23,0.0066879349815826255,0.0066879349815826255,-0.0001718000153820851,0.00796256312427901,-2.488705966039264e-06,-6.469987528178768e-06
2011-06-24,-0.008685104659019848,-0.008685104659019848,-0.003031656513777383,0.0028598564983952977,7.121817670504352e-05,6.978824845584588e-05
2011-06-27,-0.012742181564794643,-0.012742181564794643,0.0066879349815826255,0.009719591495360008,4.4165799984152965e-05,3.930600423647296e-05
2011-06-28,-0.008472463696089335,-0.008472463696089335,-0.008685104659019848,0.015373039640602474,-6.104800080521402e-05,-6.873452062551526e-05
2011-06-29,-0.010053635960219336,-0.010053635960219336,-0.012742181564794643,0.004057076905774795,5.9293199771366004e-05,5.726466131847861e-05
2011-06-30,0.030926980969870413,0.030926980969870413,-0.008472463696089335,0.004269717868705308,-0.0003049897033454606,-0.0003071245622798133
2011-07-01,0.08459280500733043,0.08459280500733043,-0.010053635960219336,0.0015811722641300013,-0.00016786820901222775,-0.00016865879514429275
2011-07-05,0.11446629381024918,0.11446629381024918,0.030926980969870413,0.04098061693008975,-0.00012356080333402462,-0.00014405111179906948
2011-07-06,0.1627507714097983,0.1627507714097983,0.08459280500733043,0.05366582403746002,0.0011686507040563827,0.0011418177920376527
2011-07-07,0.25727687200725524,0.25727687200725524,0.11446629381024918,0.02987348880291875,0.0024151062811468877,0.0024001695367454282
2011-07-08,0.302028836624461,0.302028836624461,0.1627507714097983,0.04828447759954911,-0.0009808231379654856,-0.0010049653767652603
2011-07-11,0.27843234159986824,0.27843234159986824,0.25727687200725524,0.09452610059745695,-0.0026742425424227767,-0.002721505592721505
2011-07-12,0.2401168229983796,0.2401168229983796,0.302028836624461,0.044751964617205764,-0.005287053440102386,-0.005309429422410989
2011-07-13,0.21725454491541463,0.21725454491541463,0.27843234159986824,0.023596495024592767,0.0003720764832595209,0.0003602782357472245
2011-07-14,0.18091857051183552,0.18091857051183552,0.2401168229983796,0.03831551860148863,-0.0022432136627159316,-0.002262371422016676
2011-07-15,0.11499524734549066,0.11499524734549066,0.21725454491541463,0.022862278082964982,0.0009756936739235307,0.0009642625348820482
2011-07-18,0.06319939367851901,0.06319939367851901,0.18091857051183552,0.03633597440357911,-0.000727892495402619,-0.0007460604826044086
2011-07-19,0.1127258023014496,0.1127258023014496,0.11499524734549066,0.06592332316634486,0.004025813030296116,0.003992851368712943
2011-07-20,0.13443460437599908,0.13443460437599908,0.06319939367851901,0.05179585366697165,-0.0001918271243787302,-0.00021772505121221602
2011-07-21,0.12071098428949564,0.12071098428949564,0.1127258023014496,0.04952640862293059,-0.0008825460998008945,-0.0009073093041123599
2011-07-22,0.15809869596069942,0.15809869596069942,0.13443460437599908,0.021708802074549477,0.0018859378627554245,0.0018750834617181497
2011-07-25,0.16522734301655556,0.16522734301655556,0.12071098428949564,0.013723620086503435,-0.0005219068914656201,-0.0005287687015088718
2011-07-26,0.14694628521960637,0.14694628521960637,0.15809869596069942,0.03738771167120378,-0.0008923984607753173,-0.0009110923166109192
2011-07-27,0.10140349693793123,0.10140349693793123,0.16522734301655556,0.007128647055856141,-0.002669611574191111,-0.002673175897719039
2011-07-28,0.0728059907025458,0.0728059907025458,0.14694628521960637,0.01828105779694919,0.00013040754926765575,0.00012126702036918116
2011-07-29,0.031539741159489806,0.031539741159489806,0.10140349693793123,0.04554278828167514,-0.0009892968277227146,-0.0010120682218635521
2011-08-01,-0.005855778152885769,-0.005855778152885769,0.0728059907025458,0.028597506235385428,-0.0002934371095742201,-0.0003077358626919128
2011-08-02,-0.05926316990063522,-0.05926316990063522,0.031539741159489806,0.041266249543055994,-0.0007374417301586618,-0.0007580748549301898
2011-08-03,-0.0757915542263819,-0.0757915542263819,-0.005855778152885769,0.03739551931237557,-8.167028864149647e-05,-0.00010036804829768425
2011-08-04,-0.38386103615092126,-0.38386103615092126,-0.05926316990063522,0.053407391747749444,0.002608542766529929,0.002581839070656054
2011-08-05,-0.5892406907672809,-0.5892406907672809,-0.0757915542263819,0.01652838432574668,0.00021812571146395023,0.0002098615193010769
2011-08-08,-0.7261604605115206,-0.7261604605115206,-0.38386103615092126,0.30806948192453937,0.012555230139063777,0.012401195398101507
2011-08-09,-0.6625277464902878,-0.6625277464902878,-0.5892406907672809,0.20537965461635965,-0.014357326567798444,-0.014460016395106624
2011-08-10,-0.7750184976601919,-0.7750184976601919,-0.7261604605115206,0.1369197697442397,0.023618119114105624,0.023549659229233504
2011-08-11,-0.6499206730788573,-0.6499206730788573,-0.6625277464902878,0.06363271402123283,-0.02759166058084208,-0.027623476937852696
2011-08-12,-0.5745370625789277,-0.5745370625789277,-0.7750184976601919,0.11249075116990415,0.0041066110403964635,0.004050365664811512
2011-08-15,-0.4673429669542226,-0.4673429669542226,-0.6499206730788573,0.12509782458133467,-0.007553438232651676,-0.007615987144942343
2011-08-16,-0.4126691356594447,-0.4126691356594447,-0.5745370625789277,0.07538361049992959,0.002750148884910618,0.0027124570796606532
2011-08-17,-0.39795703665811694,-0.39795703665811694,-0.4673429669542226,0.10719409562470505,0.002697479162302465,0.0026438821144901124
2011-08-18,-0.5986380244387446,-0.5986380244387446,-0.4126691356594447,0.05467383129477793,0.017968259382638917,0.017940922466991527
2011-08-19,-0.7324253496258297,-0.7324253496258297,-0.39795703665811694,0.01471209900132775,0.011674896368984939,0.011667540319484275
2011-08-22,-0.7594831540860674,-0.7594831540860674,-0.5986380244387446,0.20068098778062765,-0.005927117322750311,-0.006027457816640625
2011-08-23,-0.6913259478314064,-0.6913259478314064,-0.7324253496258297,0.13378732518708514,-0.012471340416429187,-0.01253823407902273
2011-08-24,-0.6201578973280076,-0.6201578973280076,-0.7594831540860674,0.027057804460237644,-0.0034680193761681163,-0.003481548278398235
2011-08-25,-0.6498797500272084,-0.6498797500272084,-0.6913259478314064,0.06815720625466093,0.013267796898372777,0.013233718295245446
2011-08-26,-0.5836234495506685,-0.5836234495506685,-0.6201578973280076,0.0711680505033988,-0.011176821815098681,-0.011212405840350381
2011-08-29,-0.462454352706404,-0.462454352706404,-0.6498797500272084,0.0297218526992008,-0.01742219775562878,-0.01743705868197838
2011-08-30,-0.38932990167816006,-0.38932990167816006,-0.5836234495506685,0.06625630047653996,0.0017248781815481192,0.0016917500313098491
2011-08-31,-0.35586062736319457,-0.35586062736319457,-0.462454352706404,0.12116909684426447,0.0025133425038053546,0.0024527579553832225
2011-09-01,-0.32460321255523367,-0.32460321255523367,-0.38932990167816006,0.07312445102824394,0.0027076323570420177,0.0026710701315278956
2011-09-02,-0.3502366225066309,-0.3502366225066309,-0.35586062736319457,0.03346927431496549,0.006230758478068129,0.006214023840910646
2011-09-06,-0.395996579102602,-0.395996579102602,-0.32460321255523367,0.031257414807960904,0.0016528373366471415,0.001637208629243161
2011-09-07,-0.33191644475496807,-0.33191644475496807,-0.3502366225066309,0.025633409951397235,-0.009679097355515502,-0.0096919140604912
2011-09-08,-0.31792434669019465,-0.31792434669019465,-0.395996579102602,0.045759956595971096,0.0035498027547979276,0.003526922776499942
2011-09-09,-0.3389768596479974,-0.3389768596479974,-0.33191644475496807,0.06408013434763393,0.0033358488000473,0.003303808732873483
2011-09-12,-0.2774834793167974,-0.2774834793167974,-0.31792434669019465,0.013992098064773417,-0.009360246211744484,-0.00936724226077687
2011-09-13,-0.19890329492796677,-0.19890329492796677,-0.3389768596479974,0.02105251295780275,-0.00802308596452949,-0.008033612221008391
2011-09-14,-0.12642790490944222,-0.12642790490944222,-0.2774834793167974,0.0614933803312,-0.0048118968806781,-0.0048426435708437
2011-09-15,-0.051371285726762236,-0.051371285726762236,-0.19890329492796677,0.07858018438883063,-0.003955403170775091,-0.003994693262969506
2011-09-16,0.03425600469818744,0.03425600469818744,-0.12642790490944222,0.07247539001852454,-0.002523866781169647,-0.002560104476178909
2011-09-19,0.07301994612086377,0.07301994612086377,-0.051371285726762236,0.07505661918267999,9.351375624034066e-05,5.598544664900067e-05
2011-09-20,0.11979232740601994,0.11979232740601994,0.03425600469818744,0.08562729042494968,0.00042175711805167454,0.0003789434728391997
2011-09-21,0.13055473044377552,0.13055473044377552,0.07301994612086377,0.03876394142267633,-0.0008551988426570389,-0.0008745808133683771
2011-09-22,0.11821995171624469,0.11821995171624469,0.11979232740601994,0.04677238128515618,-0.0017472014911303988,-0.001770587681772977
2011-09-23,0.15186301168438737,0.15186301168438737,0.13055473044377552,0.01076240303775558,0.0032608117518590305,0.003255430550340153
2011-09-26,0.17841370689766956,0.17841370689766956,0.11821995171624469,0.012334778727530832,0.00042683214230454026,0.00042066475294077484
2011-09-27,0.24371591589345487,0.24371591589345487,0.15186301168438737,0.03364305996814268,0.002048514669377701,0.0020316931393936297
2011-09-28,0.2498003136382093,0.2498003136382093,0.17841370689766956,0.026550695213282183,-0.001820638660823236,-0.001833914008429877
2011-09-29,0.2333245880290796,0.2333245880290796,0.24371591589345487,0.06530220899578532,-0.0010922869944187186,-0.0011249380989166113
2011-09-30,0.1786180229725827,0.1786180229725827,0.2498003136382093,0.006084397744754416,-0.009785046241710543,-0.00978808844058292
2011-10-03,0.09258133448670024,0.09258133448670024,0.2333245880290796,0.016475725609129688,-0.007872285484106883,-0.007880523346911448
2011-10-04,0.08328765376244751,0.08328765376244751,0.1786180229725827,0.0547065650564969,0.00519740424992916,0.005170050967400912
2011-10-05,0.14910528998624326,0.14910528998624326,0.09258133448670024,0.08603668848588246,0.0027486611849444342,0.002705642840701493
2011-10-06,0.21678346269223858,0.21678346269223858,0.08328765376244751,0.009293680724252726,0.0006861235099195911,0.0006814766695574648
2011-10-07,0.30179591462941124,0.30179591462941124,0.14910528998624326,0.06581763622379574,0.0017597844774072551,0.0017268756592953574
2011-10-10,0.5245081983388413,0.5245081983388413,0.21678346269223858,0.06767817270599533,0.005737971142134994,0.005704132055781996
2011-10-11,0.6830054655592276,0.6830054655592276,0.30179591462941124,0.08501245193717266,0.0014510913644432309,0.0014085851384746445
2011-10-12,0.7886703103728184,0.7886703103728184,0.5245081983388413,0.22271228370943008,0.002965904849688609,0.002854548707833894
2011-10-13,0.8591135402485457,0.8591135402485457,0.6830054655592276,0.15849726722038626,0.007976202731973624,0.007896954098363431
2011-10-14,0.9060756934990306,0.9060756934990306,0.7886703103728184,0.10566484481359084,0.0037091554857592735,0.003656323063352478
2011-10-17,0.7961198676070436,0.7961198676070436,0.8591135402485457,0.07044322987572726,-0.00804282548223297,-0.008078047097170834
2011-10-18,0.77585463846509,0.77585463846509,0.9060756934990306,0.04696215325048492,0.004670336576889823,0.004646855500264581
2011-10-19,0.8505697589767267,0.8505697589767267,0.7961198676070436,0.10995582589198705,0.028578418530970855,0.02852344061802486
2011-10-20,0.7106801507401808,0.7106801507401808,0.77585463846509,0.02026522914195361,-0.02016452905462071,-0.020174661669191688
2011-10-21,0.7249603292068496,0.7249603292068496,0.8505697589767267,0.07471512051163676,0.015130973229145679,0.01509361566888986
2011-10-24,0.8166402194712331,0.8166402194712331,0.7106801507401808,0.13988960823654595,0.0165619428106911,0.016491998006572826
2011-10-25,0.8777601463141556,0.8777601463141556,0.7249603292068496,0.014280178466668847,0.0011796066857494719,0.0011724665965161375
2011-10-26,0.9185067642094371,0.9185067642094371,0.8166402194712331,0.0916798902643835,0.002320898635192174,0.002275058690059982
2011-10-27,0.9456711761396248,0.9456711761396248,0.8777601463141556,0.061119926842922445,0.01528061278751424,0.015250052824092778
2011-10-28,0.9170746438680569,0.9170746438680569,0.9185067642094371,0.040746617895281556,-0.005482996367076606,-0.005503369676024246
2011-10-31,0.8035212330233088,0.8035212330233088,0.9456711761396248,0.027164411930187704,-0.016656746486302703,-0.016670328692267797
2011-11-01,0.6608056899141689,0.6608056899141689,0.9170746438680569,0.028596532271567887,-0.02391763590265731,-0.023931934168793093
2011-11-02,0.5377390988336951,0.5377390988336951,0.8035212330233088,0.11355341084474813,-0.0016804014290394578,-0.0017371781344618319
2011-11-03,0.5215456078648542,0.5215456078648542,0.6608056899141689,0.14271554310913992,0.015653263312862358,0.015581905541307789
2011-11-04,0.4593965864246748,0.4593965864246748,0.5377390988336951,0.1230665910804738,-0.010221405809863228,-0.010282939105403465
2011-11-07,0.4887672850808208,0.4887672850808208,0.5215456078648542,0.01619349096884093,0.01186320178439249,0.01185510503890807
2011-11-08,0.6146316212586067,0.6146316212586067,0.4593965864246748,0.062149021440179364,0.008892782218732074,0.008861707708011984
2011-11-09,0.5576037030836153,0.5576037030836153,0.4887672850808208,0.029370698656146,-0.01797076926556576,-0.017985454614893835
2011-11-10,0.543416019276586,0.543416019276586,0.6146316212586067,0.12586433617778592,0.0056718097342215055,0.005608877566132613
2011-11-11,0.6829857424438789,0.6829857424438789,0.5576037030836153,0.05702791817499142,0.018308846264211927,0.018280332305124432
2011-11-14,0.7307826363432858,0.7307826363432858,0.543416019276586,0.014187683807029283,-0.004811000019507932,-0.004818093861411446
2011-11-15,0.8205217575621906,0.8205217575621906,0.6829857424438789,0.13956972316729288,0.01968830965899552,0.01961852479741187
2011-11-16,0.8046380828659674,0.8046380828659674,0.7307826363432858,0.04779689389940689,-0.01153563952153603,-0.011559537968485734
2011-11-17,0.7108186254492566,0.7108186254492566,0.8205217575621906,0.08973912121890482,-0.01974008302806883,-0.01978495258867828
2011-11-18,0.6367934335006705,0.6367934335006705,0.8046380828659674,0.015883674696223204,-0.0016529137455090406,-0.0016608555828571522
2011-11-21,0.5189057719859934,0.5189057719859934,0.7108186254492566,0.09381945741671083,-0.021069988143746787,-0.021116897872455142
2011-11-22,0.4120675529269861,0.4120675529269861,0.6367934335006705,0.07402519194858603,-0.008915488339901228,-0.008952500935875522
2011-11-23,0.3025399317735674,0.3025399317735674,0.5189057719859934,0.11788766151467711,-0.012057248666127535,-0.012116192496884873
2011-11-25,0.23027220828276082,0.23027220828276082,0.4120675529269861,0.10683821905900731,0.0005446229135468457,0.000491203804017342
2011-11-28,0.22318647229388291,0.22318647229388291,0.3025399317735674,0.10952762115341869,0.009716282728705455,0.009661518918128746
2011-11-29,0.22905479671890572,0.22905479671890572,0.23027220828276082,0.0722677234908066,0.0011780045704870398,0.0011418707087416365
2011-11-30,0.4030373390026792,0.4030373390026792,0.22318647229388291,0.007085735988877906,0.012588545034249228,0.012585002166254789
2011-12-01,0.520214986753426,0.520214986753426,0.22905479671890572,0.005868324425022803,9.196817989999052e-05,8.903401768747911e-05
2011-12-02,0.5505127209039383,0.5505127209039383,0.4030373390026792,0.17398254228377347,-0.004528812848476952,-0.0046158041196188385
2011-12-05,0.6251422986372364,0.6251422986372364,0.520214986753426,0.11717764775074685,0.007811745545480342,0.007753156721604968
2011-12-06,0.7500948657581576,0.7500948657581576,0.5505127209039383,0.03029773415051229,0.007484129669236682,0.007468980802161426
2011-12-07,0.8333965771721052,0.8333965771721052,0.6251422986372364,0.07462957773329804,0.00764484955977834,0.00760753477091169
2011-12-08,0.7055794583263759,0.7055794583263759,0.7500948657581576,0.12495256712092129,-0.027770710841496907,-0.02783318712505737
2011-12-09,0.6642029389086226,0.6642029389086226,0.8333965771721052,0.0833017114139476,0.010118041116054874,0.0100763902603479
2011-12-12,0.5270168640292827,0.5270168640292827,0.7055794583263759,0.12781711884572933,-0.02849376476549088,-0.028557673324913744
2011-12-13,0.4001646862699915,0.4001646862699915,0.6642029389086226,0.04137651941775333,-0.012177316368793916,-0.012198004628502793
2011-12-14,0.28546597679133356,0.28546597679133356,0.5270168640292827,0.13718607487933987,-0.005592164277795595,-0.005660757315235265
2011-12-15,0.2090888862950201,0.2090888862950201,0.4001646862699915,0.1268521777592912,0.0,-6.34260888796456e-05
2011-12-16,0.15445785068794768,0.15445785068794768,0.28546597679133356,0.11469870947865796,-0.0009797476451647701,-0.0010370969999040991
2011-12-19,0.11100522328831458,0.11100522328831458,0.2090888862950201,0.07637709049631347,-0.0011700764666007473,-0.001208265011848904
2011-12-20,0.12684828690875619,0.12684828690875619,0.15445785068794768,0.054631035607072415,0.004948009566567848,0.004920694048764312
2011-12-21,0.1241129241612623,0.1241129241612623,0.11100522328831458,0.0434526273996331,-0.0007449451804880313,-0.0007666714941878479
2011-12-22,0.1355588630678087,0.1355588630678087,0.12684828690875619,0.015843063620441605,0.001821262596761933,0.0018133410649517122
2011-12-23,0.17452411427587217,0.17452411427587217,0.1241129241612623,0.0027353627474938913,0.0019634396092825675,0.0019620719279088207
2011-12-27,0.17648018244200595,0.17648018244200595,0.1355588630678087,0.01144593890654641,0.00088898151063337,0.0008832585411800968
2011-12-28,0.14321913741252315,0.14321913741252315,0.17452411427587217,0.03896525120806346,-0.0023450448889032766,-0.0023645275145073082
2011-12-29,0.12486576356699301,0.12486576356699301,0.17648018244200595,0.0019560681661337787,0.002330777715979712,0.002329799681896645
2011-12-30,0.10174124308042679,0.10174124308042679,0.14321913741252315,0.033261045029482794,-0.0017501642259563682,-0.0017667947484711097
2012-01-03,0.09589548093419784,0.09589548093419784,0.12486576356699301,0.018353373845530138,0.0014932318726167827,0.0014840551856940176
2012-01-04,0.1401146331131058,0.1401146331131058,0.10174124308042679,0.023124520486566227,0.002363163002931204,0.002351600742687921
2012-01-05,0.2246420836868761,0.2246420836868761,0.09589548093419784,0.00584576214622895,0.0011075192665183054,0.001104596385445191
2012-01-06,0.22810925476274202,0.22810925476274202,0.1401146331131058,0.044219152178907956,-0.0008273880836842198,-0.0008494976597736738
2012-01-09,0.31344673742402884,0.31344673742402884,0.2246420836868761,0.08452745057377031,0.0019571842575256924,0.0019149205322388074
2012-01-10,0.45782803772365477,0.45782803772365477,0.22810925476274202,0.0034671710758659158,0.0010747497957039561,0.0010730162101660232
2012-01-11,0.6385520251491033,0.6385520251491033,0.31344673742402884,0.08533748266128682,0.002572302360952372,0.0025296336196217284
2012-01-12,0.6848704878779799,0.6848704878779799,0.45782803772365477,0.14438130029962593,-0.000887263733910368,-0.000959454384060181
2012-01-13,0.5052915933882312,0.5052915933882312,0.6385520251491033,0.18072398742544848,-0.015127111509582836,-0.01521747350329556
2012-01-17,0.3705487469714917,0.3705487469714917,0.6848704878779799,0.04631846272887663,-0.0027239269228362243,-0.002747086154200663
2012-01-18,0.3421595603264318,0.3421595603264318,0.5052915933882312,0.17957889448974873,0.00706278232352894,0.006972992876284065
2012-01-19,0.39845599831210954,0.39845599831210954,0.3705487469714917,0.13474284641673945,0.003502482218022173,0.003435110794813803
2012-01-20,0.5989706655414064,0.5989706655414064,0.3421595603264318,0.028389186645059905,0.0100124033434002,0.00999820875007767
2012-01-23,0.7326471103609377,0.7326471103609377,0.39845599831210954,0.05629643798567774,0.004984762794645559,0.00495661457565272
2012-01-24,0.8217647402406252,0.8217647402406252,0.5989706655414064,0.2005146672292969,0.004260457330979858,0.004160199997365209
2012-01-25,0.8811764934937503,0.8811764934937503,0.7326471103609377,0.13367644481953123,0.0,-6.683822240976561e-05
2012-01-26,0.8331462729465213,0.8331462729465213,0.8217647402406252,0.08911762987968752,-0.00458208021578438,-0.004626639030724224
2012-01-27,0.7921291121763013,0.7921291121763013,0.8811764934937503,0.05941175325312509,-0.0006591145340276701,-0.0006888204106542327
2012-01-30,0.7277295734960088,0.7277295734960088,0.8331462729465213,0.04803022054722894,0.0003116553162062163,0.00028764020593260184
2012-01-31,0.5806053703637553,0.5806053703637553,0.7921291121763013,0.041017160770219996,-0.009479338114115334,-0.009499846694500444
2012-02-01,0.514191273047062,0.514191273047062,0.7277295734960088,0.06439953868029258,0.0035808659711908165,0.00354866620185067
2012-02-02,0.45423675146637416,0.45423675146637416,0.5806053703637553,0.1471242031322535,-0.0013121390166009697,-0.0013857011181670964
2012-02-03,0.6361578343109161,0.6361578343109161,0.514191273047062,0.06641409731669323,0.009000397961223127,0.00896719091256478
2012-02-06,0.7246530043204947,0.7246530043204947,0.45423675146637416,0.05995452158068787,-0.0003397103611333477,-0.00036968762192369164
2012-02-07,0.6844295858259538,0.6844295858259538,0.6361578343109161,0.18192108284454195,-0.0019050010349225123,-0.001995961576344783
2012-02-08,0.7896197238839693,0.7896197238839693,0.7246530043204947,0.08849517000957863,0.005712623317771791,0.005668375732767001
2012-02-09,0.8597464825893129,0.8597464825893129,0.6844295858259538,0.04022341849454092,0.0002548141371208472,0.00023470242787357673
2012-02-10,0.7444129476278478,0.7444129476278478,0.7896197238839693,0.10519013805801547,-0.004703484548244944,-0.004756079617273952
2012-02-13,0.6720041003787827,0.6720041003787827,0.8597464825893129,0.07012675870534357,0.0,-3.5063379352671786e-05
2012-02-14,0.6615083724535902,0.6615083724535902,0.7444129476278478,0.11533353496146503,0.002230234865527634,0.0021725680980469015
2012-02-15,0.5355628032124433,0.5355628032124433,0.6720041003787827,0.07240884724906516,-0.005018560424513654,-0.005054764848138187
2012-02-16,0.6500405542519426,0.6500405542519426,0.6615083724535902,0.010495727925192488,0.006221873502747409,0.006216625638784812
2012-02-17,0.7666937028346285,0.7666937028346285,0.5355628032124433,0.12594556924114686,0.010779120247110469,0.010716147462489896
2012-02-21,0.6981220342510499,0.6981220342510499,0.6500405542519426,0.11447775103949931,-0.004987561186332677,-0.005044800061852427
2012-02-22,0.5597176833889491,0.5597176833889491,0.7666937028346285,0.11665314858268583,-0.012138052701823016,-0.012196379276114359
2012-02-23,0.44151715126192487,0.44151715126192487,0.6981220342510499,0.06857166858357855,-0.0018286228400404571,-0.0018629086743322464
2012-02-24,0.37421865147204425,0.37421865147204425,0.5597176833889491,0.1384043508621008,0.0008399353312931858,0.0007707331558621354
2012-02-27,0.3679899173069234,0.3679899173069234,0.44151715126192487,0.11820053212702425,0.0031418498599507555,0.0030827495938872433
2012-02-28,0.5125715993106186,0.5125715993106186,0.37421865147204425,0.06729849978988062,0.004870812712586428,0.004837163462691488
2012-02-29,0.5035543508852713,0.5035543508852713,0.3679899173069234,0.006228734165120875,-0.004863424425832603,-0.004866538792915164
2012-03-01,0.4898108994678879,0.4898108994678879,0.5125715993106186,0.1445816820036952,-0.0003812365093927372,-0.0004535273503945848
2012-03-02,0.4910576503963229,0.4910576503963229,0.5035543508852713,0.009017248425347235,0.001124887474455275,0.0011203788502426014
2012-03-05,0.3964159240991545,0.3964159240991545,0.4898108994678879,0.013743451417383423,-0.006914149850174763,-0.006921021575883454
2012-03-06,0.34344541561869796,0.34344541561869796,0.4910576503963229,0.0012467509284349587,0.00129515455088335,0.0012945311754191326
2012-03-07,0.3673027387120985,0.3673027387120985,0.3964159240991545,0.09464172629716838,0.004469152233572732,0.004421831370424148
2012-03-08,0.36764839321368487,0.36764839321368487,0.34344541561869796,0.052970508480456535,-0.0008933057514051656,-0.0009197910056453939
2012-03-09,0.45419058710037435,0.45419058710037435,0.3673027387120985,0.02385732309340055,0.0031475597075350105,0.0031356310459883102
2012-03-12,0.4899813342530403,0.4899813342530403,0.36764839321368487,0.0003456545015863566,-0.0010865179680097123,-0.0010866907952605054
2012-03-13,0.6599875561686935,0.6599875561686935,0.45419058710037435,0.08654219388668949,0.00841402124252568,0.008370750145582336
2012-03-14,0.7576493655939895,0.7576493655939895,0.4899813342530403,0.03579074715266595,-0.0005348629748268466,-0.0005527583484031796
2012-03-15,0.8384329103959931,0.8384329103959931,0.6599875561686935,0.17000622191565323,0.006970189716686199,0.006885186605728373
2012-03-16,0.881623367976684,0.881623367976684,0.7576493655939895,0.09766180942529601,-0.0005461502512885385,-0.0005949811560011865
2012-03-19,0.913892767291108,0.913892767291108,0.8384329103959931,0.08078354480200356,0.000302409457140001,0.0002620176847389992
2012-03-20,0.942595178194072,0.942595178194072,0.881623367976684,0.043190457580690844,0.00031787291866803495,0.00029627768987768954
2012-03-21,0.9617301187960481,0.9617301187960481,0.913892767291108,0.032269399314424074,0.0009878063830370243,0.0009716716833798123
2012-03-22,0.9744867458640321,0.9744867458640321,0.942595178194072,0.028702410902963993,0.004071477962816404,0.004057126757364922
2012-03-23,0.9655686973456009,0.9655686973456009,0.9617301187960481,0.01913494060197607,-0.0006893458339788268,-0.0006989133042798149
2012-03-26,0.9770457982304006,0.9770457982304006,0.9744867458640321,0.012756627067983972,0.010835692676502844,0.010829314362968852
2012-03-27,0.9846971988202671,0.9846971988202671,0.9655686973456009,0.008918048518431143,0.0,-4.459024259215572e-06
2012-03-28,0.7923922275764063,0.7923922275764063,0.9770457982304006,0.011477100884799696,-0.013517244649693746,-0.013522983200136146
2012-03-29,0.8368670347184874,0.8368670347184874,0.9846971988202671,0.007651400589866464,0.012751503262446423,0.01274767756215149
2012-03-30,0.8397744908711972,0.8397744908711972,0.7923922275764063,0.1923049712438608,-0.001125448361573083,-0.0012216008471950133
2012-04-02,0.8931829939141316,0.8931829939141316,0.8368670347184874,0.044474807142081185,0.007737486427796546,0.007715249024225505
2012-04-03,0.8018613328689332,0.8018613328689332,0.8397744908711972,0.0029074561527097087,-0.00798911323089572,-0.007990566958972075
2012-04-04,0.691739745615382,0.691739745615382,0.8931829939141316,0.05340850304293443,-0.0057192157705664,-0.005745920022087868
2012-04-05,0.6593816219007533,0.6593816219007533,0.8018613328689332,0.09132166104519834,0.004018964977338915,0.0039733041468163165
2012-04-09,0.569284579280622,0.569284579280622,0.691739745615382,0.11012158725355126,-0.007639115694036806,-0.007694176487663581
2012-04-10,0.4531855125450798,0.4531855125450798,0.6593816219007533,0.03235812371462865,-0.007363672371830414,-0.007379851433687728
2012-04-11,0.4687549218055419,0.4687549218055419,0.569284579280622,0.0900970426201313,0.008295692593369855,0.00825064407205979
2012-04-12,0.645836614537028,0.645836614537028,0.4531855125450798,0.11609906673554221,0.010251625277038857,0.010193575743671086
2012-04-13,0.6248438710859863,0.6248438710859863,0.4687549218055419,0.015569409260462075,-0.006419099553961144,-0.006426884258591375
2012-04-16,0.7109863052356429,0.7109863052356429,0.645836614537028,0.1770816927314861,0.007357258679320603,0.00726871783295486
2012-04-17,0.8016340289420252,0.8016340289420252,0.6248438710859863,0.02099274345104174,0.0013195606875749293,0.0013090643158494085
2012-04-18,0.6662677906877681,0.6662677906877681,0.7109863052356429,0.08614243414965661,-0.012985891381928308,-0.013028962599003137
2012-04-19,0.5154437285827653,0.5154437285827653,0.8016340289420252,0.0906477237063823,-0.007456967231885035,-0.007502291093738226
2012-04-20,0.39593654193503613,0.39593654193503613,0.6662677906877681,0.1353662382542571,-0.0021658020966764157,-0.002233485215803544
2012-04-23,0.28709082090427496,0.28709082090427496,0.5154437285827653,0.15082406210500277,-0.002801258750606549,-0.0028766707816590504
2012-04-24,0.189354039322103,0.189354039322103,0.39593654193503613,0.11950718664772919,-0.002019271786731544,-0.0020790253800554086
2012-04-25,0.23241548199371587,0.23241548199371587,0.28709082090427496,0.10884572103076118,0.005781721284009082,0.0057272984234937015
2012-04-26,0.3551336596438428,0.3551336596438428,0.189354039322103,0.09773678158217194,0.002446809775827826,0.00239794138503674
2012-04-27,0.5071264989150324,0.5071264989150324,0.23241548199371587,0.043061442671612854,0.0013176523429374789,0.0012961216216016724
2012-04-30,0.6104046052557971,0.6104046052557971,0.3551336596438428,0.12271817765012694,0.0002503490130042217,0.00018898992417915823
2012-05-01,0.7402697368371981,0.7402697368371981,0.5071264989150324,0.15199283927118956,0.009821042140114956,0.009745045720479361
2012-05-02,0.8268464912247988,0.8268464912247988,0.6104046052557971,0.10327810634076473,0.0048495524700252835,0.004797913416854901
2012-05-03,0.7075541786330852,0.7075541786330852,0.7402697368371981,0.129865131581401,-0.010476861741799414,-0.010541794307590115
2012-05-04,0.5124502404273555,0.5124502404273555,0.8268464912247988,0.08657675438760071,-0.019107668770448585,-0.019150957147642384
2012-05-07,0.3609880202770432,0.3609880202770432,0.7075541786330852,0.11929231259171358,-0.003550272089103334,-0.0036099182453991907
2012-05-08,0.20015633703759364,0.20015633703759364,0.5124502404273555,0.1951039382057297,-0.007199492255570441,-0.007297044224673306
2012-05-09,0.06920559310993503,0.06920559310993503,0.3609880202770432,0.15146222015031235,-0.002373984799084902,-0.0024497159091600583
2012-05-10,-0.005226085818139041,-0.005226085818139041,0.20015633703759364,0.16083168323944955,0.0003680468162996217,0.00028763097467989694
2012-05-11,-0.0032756937782023694,-0.0032756937782023694,0.06920559310993503,0.1309507439276586,0.0009908059918467798,0.0009253306198829506
2012-05-14,-0.10323657845007869,-0.10323657845007869,-0.005226085818139041,0.07443167892807406,0.00011537634993578924,7.816051047175221e-05
2012-05-15,-0.18451695529681134,-0.18451695529681134,-0.0032756937782023694,0.0019503920399366716,1.697395284295131e-05,1.5998756822982974e-05
2012-05-16,-0.36070230397286773,-0.36070230397286773,-0.10323657845007869,0.09996088467187632,0.0014594096117992391,0.001409429169463301
2012-05-17,-0.5738015359819119,-0.5738015359819119,-0.18451695529681134,0.08128037684673264,0.002158543749490862,0.0021179035610674954
2012-05-18,-0.715867690654608,-0.715867690654608,-0.36070230397286773,0.1761853486760564,0.0016526673021598519,0.0015645746278218236
2012-05-21,-0.7555188625769971,-0.7555188625769971,-0.5738015359819119,0.21309923200904413,-0.0017607051454201607,-0.0018672547614246827
2012-05-22,-0.8370125750513315,-0.8370125750513315,-0.715867690654608,0.14206615467269612,0.0032846852703402813,0.003213652193003933
2012-05-23,-0.8913417167008877,-0.8913417167008877,-0.7555188625769971,0.039651171922389095,0.017125026051253777,0.017105200465292583
2012-05-24,-0.8347947428588359,-0.8347947428588359,-0.8370125750513315,0.08149371247433446,-0.0069094456658752995,-0.006950192522112467
2012-05-25,-0.7489276938931791,-0.7489276938931791,-0.8913417167008877,0.054329141649556156,-0.0031273769171956205,-0.0031545414880203987
2012-05-29,-0.6061717819566131,-0.6061717819566131,-0.8347947428588359,0.05654697384205176,-0.011351221915623693,-0.01137949540254472
2012-05-30,-0.5067863653678706,-0.5067863653678706,-0.7489276938931791,0.08586704896565678,-0.0011484313710265449,-0.0011913648955093733
2012-05-31,-0.4994593257591382,-0.4994593257591382,-0.6061717819566131,0.142755911936566,0.006727505391240873,0.00665612743527259
2012-06-01,-0.6663062171727588,-0.6663062171727588,-0.5067863653678706,0.09938541658874256,0.013728835140054785,0.013679142431760414
2012-06-04,-0.7775374781151726,-0.7775374781151726,-0.4994593257591382,0.0073270396087323775,0.001986912094719263,0.001983248574914897
2012-06-05,-0.7232384568542789,-0.7232384568542789,-0.6663062171727588,0.16684689141362063,-0.010378186900598949,-0.01046161034630576
2012-06-06,-0.5804167945897758,-0.5804167945897758,-0.7775374781151726,0.11123126094241376,-0.019568125380790113,-0.019623741011261322
2012-06-07,-0.49484016397423003,-0.49484016397423003,-0.7232384568542789,0.0542990212608937,0.00360634897182145,0.003579199461191003
2012-06-08,-0.38140647523631804,-0.38140647523631804,-0.5804167945897758,0.1428216622645031,-0.010516359202114373,-0.010587770033246624
2012-06-11,-0.3632927670072907,-0.3632927670072907,-0.49484016397423003,0.08557663061554577,0.007869536808082146,0.007826748492774373
2012-06-12,-0.2855134552510045,-0.2855134552510045,-0.38140647523631804,0.11343368873791199,-0.007777779670823372,-0.007834496515192328
2012-06-13,-0.23146140459782538,-0.23146140459782538,-0.3632927670072907,0.01811370822902736,-0.0002740637250015034,-0.00028312057911601706
2012-06-14,-0.1496651200212212,-0.1496651200212212,-0.2855134552510045,0.07777931175628616,-0.004733500573505006,-0.004772390229383149
2012-06-15,-0.07106116256799669,-0.07106116256799669,-0.23146140459782538,0.05405205065317914,-0.003088373050085917,-0.0031153990754125066
2012-06-18,-0.014909415498525487,-0.014909415498525487,-0.1496651200212212,0.08179628457660418,-0.0004378983393862179,-0.00047879648167452
2012-06-19,0.02882830327963787,0.02882830327963787,-0.07106116256799669,0.07860395745322452,-0.00023326030932336887,-0.0002725622880499811
2012-06-20,0.05851168485216012,0.05851168485216012,-0.014909415498525487,0.0561517470694712,-7.04555926888476e-05,-9.85314662235832e-05
2012-06-21,0.018730211102141743,0.018730211102141743,0.02882830327963787,0.04373771877816336,-0.0009699768921396193,-0.000991845751528701
2012-06-22,0.01304927622927821,0.01304927622927821,0.05851168485216012,0.02968338157252225,0.0005038321881438307,0.0004889904973575695
2012-06-25,-0.09099809677951733,-0.09099809677951733,0.018730211102141743,0.03978147375001838,-0.0006187788144505145,-0.0006386695513255237
2012-06-26,-0.1594496208598801,-0.1594496208598801,0.01304927622927821,0.0056809348728635335,-2.003821096657052e-05,-2.2878678403002286e-05
2012-06-27,-0.1792601351810898,-0.1792601351810898,-0.09099809677951733,0.10404737300879553,-0.0007347363718333698,-0.0007867600583377676
2012-06-28,-0.24253630741394572,-0.24253630741394572,-0.1594496208598801,0.06845152408036277,0.0023717365976594447,0.002337510835619263
2012-06-29,-0.19041861819207487,-0.19041861819207487,-0.1792601351810898,0.0198105143212097,-0.0056908374682871025,-0.005700742725447707
2012-07-02,-0.15355352110766488,-0.15355352110766488,-0.24253630741394572,0.06327617223285592,-0.00018199971804025932,-0.00021363780415668729
2012-07-03,-0.10977252502424203,-0.10977252502424203,-0.19041861819207487,0.05211768922187085,-0.0013565098236929783,-0.0013825686683039138
2012-07-05,-0.11286595238375866,-0.11286595238375866,-0.15355352110766488,0.03686509708440999,0.0017721854124874807,0.0017537528639452757
2012-07-06,-0.15084163783506127,-0.15084163783506127,-0.10977252502424203,0.04378099608342284,0.0016124968556145115,0.0015906063575728
2012-07-09,-0.17511176376986598,-0.17511176376986598,-0.11286595238375866,0.0030934273595166206,-4.320513798239137e-05,-4.4751851662149684e-05
2012-07-10,-0.2748228168944452,-0.2748228168944452,-0.15084163783506127,0.037975685451302615,0.003516040942920244,0.0034970531001945926
2012-07-11,-0.38533875139074036,-0.38533875139074036,-0.17511176376986598,0.02427012593480471,0.0011646698616642741,0.0011525347986968719
2012-07-12,-0.5902258342604936,-0.5902258342604936,-0.2748228168944452,0.09971105312457923,0.007035642060186767,0.006985786533624477
2012-07-13,-0.5775762889907499,-0.5775762889907499,-0.38533875139074036,0.11051593449629515,-0.007943555393677783,-0.00799881336092593
2012-07-16,-0.5648454052325247,-0.5648454052325247,-0.5902258342604936,0.2048870828697532,0.0028051008817807175,0.0027026573403458407
2012-07-17,-0.5069830397320905,-0.5069830397320905,-0.5775762889907499,0.012649545269743712,-0.0057458404123010304,-0.005752165184935903
2012-07-18,-0.38540799056332575,-0.38540799056332575,-0.5648454052325247,0.012730883758225175,-0.018472290764205222,-0.018478656206084333
2012-07-19,-0.3181077846102978,-0.3181077846102978,-0.5069830397320905,0.05786236550043422,0.0029015494542253325,0.0028726182714751154
2012-07-20,-0.34541476565482787,-0.34541476565482787,-0.38540799056332575,0.12157504916876472,0.007986208360666809,0.007925420836082426
2012-07-23,-0.41302242806743017,-0.41302242806743017,-0.3181077846102978,0.06730020595302794,0.0032408918151063883,0.003207241712129874
2012-07-24,-0.5138570002955624,-0.5138570002955624,-0.34541476565482787,0.027306981044530054,0.0034185677152337502,0.0034049142247114853
2012-07-25,-0.5487048561073851,-0.5487048561073851,-0.41302242806743017,0.0676076624126023,-0.001981627593726672,-0.002015431424932973
2012-07-26,-0.48489514335937195,-0.48489514335937195,-0.5138570002955624,0.10083457222813219,-0.007565872951854105,-0.007616290237968171
2012-07-27,-0.36657281135169983,-0.36657281135169983,-0.5487048561073851,0.0348478558118227,-0.011189210629429866,-0.011206634557335777
2012-07-30,-0.2949172948004789,-0.2949172948004789,-0.48489514335937195,0.06380971274801311,0.004845247466058787,0.00481334260968478
2012-07-31,-0.24981347067763776,-0.24981347067763776,-0.36657281135169983,0.11832233200767212,0.0008537811195708562,0.0007946199535670201
2012-08-01,-0.17944922930737814,-0.17944922930737814,-0.2949172948004789,0.07165551655122093,-0.0026393045227406007,-0.002675132281016211
2012-08-02,-0.1337359566062519,-0.1337359566062519,-0.24981347067763776,0.04510382412284114,0.00019263958246242677,0.0001700876704010062
2012-08-03,-0.07359252633937882,-0.07359252633937882,-0.17944922930737814,0.07036424137025962,-0.003807653368075381,-0.003842835488760511
2012-08-06,-0.033511389474221234,-0.033511389474221234,-0.1337359566062519,0.04571327270112624,-0.00040788094384568217,-0.0004307375801962453
2012-08-07,-0.00441370587404288,-0.00441370587404288,-0.07359252633937882,0.06014343026687308,-0.0005314621423201996,-0.0005615338574536361
2012-08-08,0.022996647625224458,0.022996647625224458,-0.033511389474221234,0.04008113686515759,-0.00012645618323184481,-0.0001464967516644236
2012-08-09,0.04562792228134543,0.04562792228134543,-0.00441370587404288,0.029097683600178354,-1.6593079253200938e-05,-3.1141921053290114e-05
2012-08-10,0.061583267373384196,0.061583267373384196,0.022996647625224458,0.027410353499267338,0.00015502198022744268,0.000141316803477809
2012-08-13,0.05171250215557214,0.05171250215557214,0.04562792228134543,0.02263127465612097,-0.00032251414012267506,-0.0003338297774507355
2012-08-14,0.042548470930352814,0.042548470930352814,0.061583267373384196,0.015955345092038768,-0.0004845247748128319,-0.0004925024473588513
2012-08-15,0.033778244411475235,0.033778244411475235,0.05171250215557214,0.009870765217812057,-0.00041010060834054845,-0.00041503599094945445
2012-08-16,0.0419604176212621,0.0419604176212621,0.042548470930352814,0.009164031225219325,0.000518296564595165,0.0005137145489825553
2012-08-17,0.03152119091012235,0.03152119091012235,0.033778244411475235,0.008770226518877579,-0.0003302961646437939,-0.0003346812779032327
2012-08-20,0.023500052684765706,0.023500052684765706,0.0419604176212621,0.008182173209786862,-0.00015936116577653888,-0.00016345225238143231
2012-08-21,0.016628130641397624,0.016628130641397624,0.03152119091012235,0.010439226711139747,-0.00014419811997246664,-0.00014941773332803653
2012-08-22,0.009108726558959414,0.009108726558959414,0.023500052684765706,0.008021138225356644,-0.00034202953422916003,-0.00034604010334183833
2012-08-23,-0.05580503556538357,-0.05580503556538357,0.016628130641397624,0.0068719220433680825,-0.0004459144012036131,-0.0004493503622252971
2012-08-24,-0.11211514010012394,-0.11211514010012394,0.009108726558959414,0.007519404082438209,-4.7285101552830366e-05,-5.104480359404947e-05
2012-08-27,-0.17848664517801854,-0.17848664517801854,-0.05580503556538357,0.06491376212434298,0.00015682834523170861,0.00012437146416953714
2012-08-28,-0.1934643163851087,-0.1934643163851087,-0.11211514010012394,0.05631010453474037,-0.0007221479014791509,-0.0007503029537465211
2012-08-29,-0.3370996003908009,-0.3370996003908009,-0.17848664517801854,0.0663715050778946,0.0023560079101039317,0.0023228221575649845
2012-08-30,-0.558066400260534,-0.558066400260534,-0.1934643163851087,0.014977671207090149,0.0031368940061420403,0.0031294051705384953
2012-08-31,-0.47412101340261903,-0.47412101340261903,-0.3370996003908009,0.1436352840056922,-0.007778188835615674,-0.00785000647761852
2012-09-04,-0.5586001965789691,-0.5586001965789691,-0.558066400260534,0.2209667998697331,0.009214754059003906,0.00910427065906904
2012-09-05,-0.6320175888386033,-0.6320175888386033,-0.47412101340261903,0.08394538685791497,0.000582501759547842,0.0005405290661188844
2012-09-06,-0.5059633248460769,-0.5059633248460769,-0.5586001965789691,0.08447918317635006,-0.01626089343259938,-0.016303133024187552
2012-09-07,-0.6706422165640513,-0.6706422165640513,-0.6320175888386033,0.07341739225963417,0.02291351347196662,0.0228768047758368
2012-09-10,-0.7804281443760342,-0.7804281443760342,-0.5059633248460769,0.1260542639925264,0.019452293575278133,0.01938926644328187
2012-09-11,-0.8268648593951183,-0.8268648593951183,-0.6706422165640513,0.16467889171797445,-0.002306792914294895,-0.002389132360153882
2012-09-12,-0.884576572930079,-0.884576572930079,-0.7804281443760342,0.10978592781198293,0.005015439081850039,0.0049605461179440475
2012-09-13,-0.8693119099427737,-0.8693119099427737,-0.8268648593951183,0.046436715019084085,-0.006061347215812968,-0.00608456557332251
2012-09-14,-0.8490430946190894,-0.8490430946190894,-0.884576572930079,0.05771171353496063,-0.0003785637171934029,-0.0004074195739608832
2012-09-17,-0.8527875690912998,-0.8527875690912998,-0.8693119099427737,0.015264662987305222,0.002232133514773406,0.0022245011832797536
2012-09-18,-0.8342468575200526,-0.8342468575200526,-0.8490430946190894,0.020268815323684297,-0.002185701475813001,-0.002195835883474843
2012-09-19,-0.8894979050133685,-0.8894979050133685,-0.8527875690912998,0.0037444744722103795,0.008028029477994077,0.008026157240757972
2012-09-20,-0.911623153456365,-0.911623153456365,-0.8342468575200526,0.01854071157124726,-0.0010807900140527872,-0.0010900603698384109
2012-09-21,-0.9410821023042435,-0.9410821023042435,-0.8894979050133685,0.055251047493315886,0.001918440690471888,0.00189081516672523
2012-09-24,-0.9607214015361625,-0.9607214015361625,-0.911623153456365,0.02212524844299657,0.013006422790156992,0.012995360165935494
2012-09-25,-0.9738142676907751,-0.9738142676907751,-0.9410821023042435,0.029458948847878474,0.010731035842477964,0.010716306368054025
2012-09-26,-0.8564456018783837,-0.8564456018783837,-0.9607214015361625,0.019639299231918983,-0.004688453284174626,-0.0046982729337905855
2012-09-27,-0.6535800870657102,-0.6535800870657102,-0.9738142676907751,0.013092866154612581,-0.018916611767800018,-0.018923158200877324
2012-09-28,-0.6913235739590082,-0.6913235739590082,-0.8564456018783837,0.11736866581239136,0.015948867737346613,0.015890183404440417
2012-10-01,-0.6712829496800026,-0.6712829496800026,-0.6535800870657102,0.20286551481267345,-0.002884090878325836,-0.0029855236357321725
2012-10-02,-0.6273642084837279,-0.6273642084837279,-0.6913235739590082,0.037743486893297984,-0.0024300057252192963,-0.0024488774686659454
2012-10-03,-0.7448926341386316,-0.7448926341386316,-0.6712829496800026,0.02004062427900566,0.00852328698934492,0.008513266677205417
2012-10-04,-0.8299284227590877,-0.8299284227590877,-0.6273642084837279,0.0439187411962747,0.0022257241918179752,0.0022037648212198378
2012-10-05,-0.7836804534391004,-0.7836804534391004,-0.7448926341386316,0.11752842565490373,-0.0069613763052233804,-0.0070201405180508325
2012-10-08,-0.8316470095125876,-0.8316470095125876,-0.8299284227590877,0.08503578862045613,0.006220368584858689,0.006177850690548461
2012-10-09,-0.8877646730083919,-0.8877646730083919,-0.7836804534391004,0.046247969319987314,0.021237299912846994,0.021214175928187
2012-10-10,-0.9251764486722613,-0.9251764486722613,-0.8316470095125876,0.04796655607348721,0.005316080070192463,0.005292096792155719
2012-10-11,-0.9501176324481744,-0.9501176324481744,-0.8877646730083919,0.05611766349580427,0.0032639013362725745,0.0032358425045246725
2012-10-12,-0.9667450882987829,-0.9667450882987829,-0.9251764486722613,0.03741177566386944,0.008534824721148228,0.008516118833316292
2012-10-15,-0.8727472143582863,-0.8727472143582863,-0.9501176324481744,0.024941183775913034,-0.011058059240318574,-0.01107052983220653
2012-10-16,-0.7155473095905938,-0.7155473095905938,-0.9667450882987829,0.01662745585060854,-0.027583402028000414,-0.027591715755925717
2012-10-17,-0.7221866869847622,-0.7221866869847622,-0.8727472143582863,0.09399787394049663,0.021867843482155754,0.021820844545185507
2012-10-18,-0.757434027473606,-0.757434027473606,-0.7155473095905938,0.15719990476769252,0.0039407188864729265,0.0038621189340890803
2012-10-19,-0.8382893516490708,-0.8382893516490708,-0.7221866869847622,0.006639377394168422,0.013330341854522589,0.013327022165825505
2012-10-22,-0.8395346013721221,-0.8395346013721221,-0.757434027473606,0.035247340488843815,-0.006765977703462264,-0.0067836013737066865
2012-10-23,-0.8006926616066681,-0.8006926616066681,-0.8382893516490708,0.08085532417546482,-0.005078045248782139,-0.0051184729108698715
2012-10-24,-0.8082727817509159,-0.8082727817509159,-0.8395346013721221,0.0012452497230512893,0.005054967395428351,0.005054344770566825
2012-10-25,-0.759496724186214,-0.759496724186214,-0.8006926616066681,0.038841939765454025,-0.008581486785477325,-0.008600907755360052
2012-10-26,-0.6773279065130582,-0.6773279065130582,-0.8082727817509159,0.007580120144247804,-0.009688844825079245,-0.00969263488515137
2012-10-31,-0.6888825790878459,-0.6888825790878459,-0.759496724186214,0.048776057564701936,0.011072550102291866,0.011048162073509515
2012-11-01,-0.5870399965301196,-0.5870399965301196,-0.6773279065130582,0.08216881767315576,-0.019728043563788746,-0.019769127972625325
2012-11-02,-0.5293573456777878,-0.5293573456777878,-0.6888825790878459,0.011554672574787705,0.00618945449997643,0.006183677163689036
2012-11-05,-0.48855487050712376,-0.48855487050712376,-0.5870399965301196,0.10184258255772627,-0.0001344157795545359,-0.00018533707083339903
2012-11-06,-0.4613305753208865,-0.4613305753208865,-0.5293573456777878,0.05768265085233182,0.002666031578184964,0.002637190252758798
2012-11-07,-0.6408870502139243,-0.6408870502139243,-0.48855487050712376,0.04080247517066404,0.018436193512483084,0.01841579227489775
2012-11-08,-0.760591366809283,-0.760591366809283,-0.4613305753208865,0.027224295186237257,0.001765110515245601,0.0017514983676524824
2012-11-09,-0.840394244539522,-0.840394244539522,-0.6408870502139243,0.17955647489303783,0.0009228704656559373,0.0008330922282094184
2012-11-12,-0.893596163026348,-0.893596163026348,-0.760591366809283,0.11970431659535863,0.0010970178684047204,0.0010371657101070411
2012-11-13,-0.9290641086842322,-0.9290641086842322,-0.840394244539522,0.07980287773023909,0.019826131739754442,0.019786230300889322
2012-11-14,-0.9527094057894883,-0.9527094057894883,-0.893596163026348,0.05320191848682598,0.01410054999617471,0.014073949036931297
2012-11-15,-0.9373067588232094,-0.9373067588232094,-0.9290641086842322,0.03546794565788414,-0.003258667663442603,-0.0032764016362715454
2012-11-16,-0.8714003858752681,-0.8714003858752681,-0.9527094057894883,0.02364529710525609,-0.007610292727775801,-0.007622115376328429
2012-11-19,-0.801905279175421,-0.801905279175421,-0.9373067588232094,0.01540264696627891,-0.00278505246027417,-0.0027927537837573093
2012-11-20,-0.867936852783614,-0.867936852783614,-0.8714003858752681,0.06590637294794122,0.031843501337187295,0.031810548150713325
2012-11-21,-0.9119579018557427,-0.9119579018557427,-0.801905279175421,0.06949510669984715,0.006165511448635512,0.006130763895285588
2012-11-23,-0.8288950933007394,-0.8288950933007394,-0.867936852783614,0.066031573608193,-0.0161396651680058,-0.016172680954809896
2012-11-26,-0.7398990233778299,-0.7398990233778299,-0.9119579018557427,0.04402104907212867,-0.007861577389914758,-0.007883587914450823
2012-11-27,-0.6738747053943142,-0.6738747053943142,-0.8288950933007394,0.08306280855500325,-0.0016667156461805189,-0.0017082470504580206
2012-11-28,-0.5926455820426405,-0.5926455820426405,-0.7398990233778299,0.08899606992290954,-0.005940108816233219,-0.005984606851194675
2012-11-29,-0.6736515715321933,-0.6736515715321933,-0.6738747053943142,0.06602431798351571,0.018783958770015253,0.018750946611023497
2012-11-30,-0.7164308012915361,-0.7164308012915361,-0.5926455820426405,0.08122912335167365,-0.0012137201051805133,-0.0012543346668563503
2012-12-03,-0.752075813124587,-0.752075813124587,-0.6736515715321933,0.08100598948955284,0.001032369170412474,0.0009918661756676977
2012-12-04,-0.6712810837925767,-0.6712810837925767,-0.7164308012915361,0.042779229759342785,-0.01576565605167292,-0.01578704566655259
2012-12-05,-0.591479704323803,-0.591479704323803,-0.752075813124587,0.03564501183305091,0.004518977759823861,0.004501155253907336
2012-12-06,-0.48761388385732907,-0.48761388385732907,-0.6712810837925767,0.08079472933201037,-0.010483148622287582,-0.010523545986953587
2012-12-07,-0.41043929985853334,-0.41043929985853334,-0.591479704323803,0.07980137946877364,-0.0,-3.990068973438682e-05
2012-12-10,-0.37048326610225407,-0.37048326610225407,-0.48761388385732907,0.10386582046647397,0.0019348879225225845,0.0018829550122893474
2012-12-11,-0.2897442498648302,-0.2897442498648302,-0.41043929985853334,0.07717458399879573,-0.011650923928180826,-0.011689511220180224
2012-12-12,-0.2337746421847073,-0.2337746421847073,-0.37048326610225407,0.03995603375627926,-0.0003587453961936906,-0.00037872341307183024
2012-12-13,-0.19310761237288654,-0.19310761237288654,-0.2897442498648302,0.08073901623742386,0.0025231042395910466,0.002482734731472335
2012-12-14,-0.15900579203694723,-0.15900579203694723,-0.2337746421847073,0.05596960768012291,-0.00045637787815252373,-0.0004843626819925852
2012-12-17,-0.13281531618167633,-0.13281531618167633,-0.19310761237288654,0.04066702981182077,-0.00037627773930938395,-0.0003966112542152943
2012-12-18,-0.09237565094592197,-0.09237565094592197,-0.15900579203694723,0.03410182033593931,-0.003014661691858256,-0.003031712602026226
2012-12-19,-0.05933381693600352,-0.05933381693600352,-0.13281531618167633,0.0261904758552709,-0.0008870889587153319,-0.0009001841966429674
2012-12-20,-0.03971627461299429,-0.03971627461299429,-0.09237565094592197,0.04043966523575436,0.00030641787562558014,0.00028619804300770296
2012-12-21,-0.03905743509562063,-0.03905743509562063,-0.05933381693600352,0.03304183400991845,0.0007335821772246567,0.0007170612602196975
2012-12-24,-0.046386808587808526,-0.046386808587808526,-0.03971627461299429,0.019617542323009232,0.00024857586893236043,0.0002387670977708558
2012-12-26,-0.03487092264079762,-0.03487092264079762,-0.03905743509562063,0.0006588395173736591,-1.8919157045419647e-05,-1.9248576804106478e-05
2012-12-27,-0.031293915398361016,-0.031293915398361016,-0.046386808587808526,0.007329373492187895,0.00031450995027940235,0.0003108452635333084
2012-12-28,-0.044355981690295296,-0.044355981690295296,-0.03487092264079762,0.011515885947010904,0.00047603889489781576,0.0004702809519243103
2012-12-31,-0.039998198360287146,-0.039998198360287146,-0.031293915398361016,0.0035770072424366056,-0.000603295420961532,-0.0006050839245827503
2013-01-02,0.025045512209214554,0.025045512209214554,-0.044355981690295296,0.01306206629193428,-0.0016348500118877215,-0.0016413810450336885
2013-01-03,0.058003840035046605,0.058003840035046605,-0.039998198360287146,0.00435778333000815,0.00011224800804065445,0.00011006911637565037
2013-01-04,0.07486485667995565,0.07486485667995565,0.025045512209214554,0.0650437105695017,-0.00018795963293906118,-0.00022048148822381204
2013-01-07,0.1087250300885441,0.1087250300885441,0.058003840035046605,0.03295832782583205,0.0002466996889186098,0.00023022052500569376
2013-01-08,0.11143806300193503,0.11143806300193503,0.07486485667995565,0.01686101664490905,-0.0005636861858090292,-0.0005721166941314837
2013-01-09,0.16687119910621795,0.16687119910621795,0.1087250300885441,0.03386017340858845,0.0018558811945826581,0.001838951107878364
2013-01-10,0.29425234302250747,0.29425234302250747,0.11143806300193503,0.0027130329133909226,0.0018183807492192924,0.001817024232762597
2013-01-11,0.4584183878784415,0.4584183878784415,0.16687119910621795,0.055433136104282923,0.0015309095143944905,0.001503192946342349
2013-01-14,0.5592199871304542,0.5592199871304542,0.29425234302250747,0.12738114391628952,0.0,-6.369057195814475e-05
2013-01-15,0.610618627865142,0.610618627865142,0.4584183878784415,0.16416604485593406,-0.002500461104543515,-0.0025825441269714824
2013-01-16,0.7404124185767613,0.7404124185767613,0.5592199871304542,0.10080159925201265,0.005878536438217924,0.005828135638591918
2013-01-17,0.8269416123845076,0.8269416123845076,0.610618627865142,0.051398640734687806,0.01574154019514635,0.015715840874779004
2013-01-18,0.5897315817625961,0.5897315817625961,0.7404124185767613,0.12979379071161934,-0.046683667354549374,-0.046748564249905186
2013-01-22,0.421101849772388,0.421101849772388,0.8269416123845076,0.08652919380774626,-0.003113309836436658,-0.003156574433340531
2013-01-23,0.3008073689707127,0.3008073689707127,0.5897315817625961,0.23721003062191148,-0.0016712110535138823,-0.001789816068824838
2013-01-24,0.19999115506731638,0.19999115506731638,0.421101849772388,0.1686297319902081,-0.0031917437300687124,-0.0032760585960638165
2013-01-25,0.1340183951031516,0.1340183951031516,0.3008073689707127,0.12029448080167532,0.0001436104414760794,8.346320107524174e-05
2013-01-28,0.10094822641932853,0.10094822641932853,0.19999115506731638,0.10081621390339632,0.0008587237394801598,0.0008083156325284616
2013-01-29,0.10814485163150062,0.10814485163150062,0.1340183951031516,0.06597275996416477,0.00146432039523877,0.0014313340152566877
2013-01-30,0.12612803957967184,0.12612803957967184,0.10094822641932853,0.03307016868382308,0.0004269343599173077,0.0004103992755753962
2013-01-31,0.09490594763169621,0.09490594763169621,0.10814485163150062,0.007196625212172084,-0.0016699651846179605,-0.0016735634972240465
2013-02-01,0.11250864561074192,0.11250864561074192,0.12612803957967184,0.01798318794817122,0.0019182655974576363,0.0019092740034835506
2013-02-04,0.07703170796188111,0.07703170796188111,0.09490594763169621,0.031222091947975622,-0.0008886099100417776,-0.0009042209560157653
2013-02-05,0.06060662493282517,0.06060662493282517,0.11250864561074192,0.017602697979045706,0.001316647930879781,0.001307846581890258
2013-02-06,0.04616156810183339,0.04616156810183339,0.07703170796188111,0.03547693764886081,-0.0006910186556028724,-0.0007087571244273028
2013-02-07,0.032489744530171116,0.032489744530171116,0.06060662493282517,0.016425083029055938,-0.0005197279225327107,-0.0005279404640472386
2013-02-08,0.028666896037941418,0.028666896037941418,0.04616156810183339,0.01444505683099178,0.00042145826147785563,0.0004142357330623597
2013-02-11,0.02751904099420814,0.02751904099420814,0.032489744530171116,0.013671823571662273,4.642301032880024e-05,3.9587098542969106e-05
2013-02-12,0.03146501923621248,0.03146501923621248,0.028666896037941418,0.003822848492229698,0.0002181029568516925,0.00021619153260557763
2013-02-13,0.03622811980949943,0.03622811980949943,0.02751904099420814,0.0011478550437332771,7.79155093872921e-05,7.734158186542546e-05
2013-02-14,0.03105654044493339,0.03105654044493339,0.03146501923621248,0.003945978242004336,-2.960951318695801e-05,-3.158250230796018e-05
2013-02-15,0.022854742600698162,0.022854742600698162,0.03622811980949943,0.004763100573286952,-0.0001877171615266019,-0.00019009871181324537
2013-02-19,0.016725555509314895,0.016725555509314895,0.03105654044493339,0.00517157936456604,-4.4115280418647084e-05,-4.6701070100930105e-05
2013-02-20,0.010413980301802388,0.010413980301802388,0.022854742600698162,0.008201797844235227,-0.0003901185219961075,-0.0003942194209182251
2013-02-21,-0.014518151890605503,-0.014518151890605503,0.016725555509314895,0.006129187091383267,-0.0003872831838097845,-0.00039034777735547614
2013-02-22,-0.024931461861627018,-0.024931461861627018,0.010413980301802388,0.006311575207512507,8.743001800629952e-05,8.427423040254326e-05
2013-02-25,-0.03861273753293566,-0.03861273753293566,-0.014518151890605503,0.02493213219240789,0.00013508892030645507,0.00012262285421025114
2013-02-26,-0.03774184770257093,-0.03774184770257093,-0.024931461861627018,0.010413309971021516,-0.00043133463985210485,-0.0004365412948376156
2013-02-27,-0.01857080104265684,-0.01857080104265684,-0.03861273753293566,0.013681275671308644,-0.0006566808348169289,-0.0006635214726525832
2013-02-28,-0.009069166483744756,-0.009069166483744756,-0.03774184770257093,0.000870889830364735,9.015278500054357e-05,8.971734008536121e-05
2013-03-01,-0.0032574230645066146,-0.0032574230645066146,-0.01857080104265684,0.019171046659914086,-0.00013341356568689943,-0.00014299908901685649
2013-03-04,0.02126216884888243,0.02126216884888243,-0.009069166483744756,0.009501634558912085,-0.00010349837866871985,-0.0001082491959481759
2013-03-05,0.05440366749467726,0.05440366749467726,-0.0032574230645066146,0.005811743419238142,-3.6755449441690295e-05,-3.966132115130937e-05
2013-03-06,0.098271216287482,0.098271216287482,0.02126216884888243,0.024519591913389045,0.00023723555738226765,0.00022497576142557313
2013-03-07,0.09174555826449302,0.09174555826449302,0.05440366749467726,0.033141498645794826,0.0003501892089598655,0.0003336184596369681
2013-03-08,0.08125815826080476,0.08125815826080476,0.098271216287482,0.043867548792804745,-0.0013916907877834052,-0.0014136245621798075
2013-03-11,0.07449105415024145,0.07449105415024145,0.09174555826449302,0.006525658022988989,0.000467666793930922,0.0004644039649194275
2013-03-12,0.0643487314248155,0.0643487314248155,0.08125815826080476,0.010487400003688252,-0.0001873273374672548,-0.00019257103746909892
2013-03-13,0.05246140590518206,0.05246140590518206,0.07449105415024145,0.006767104110563318,6.882131840431784e-05,6.543776634903618e-05
2013-03-14,0.0433967598179506,0.0433967598179506,0.0643487314248155,0.01014232272542595,-2.9688241989302566e-05,-3.475940335201554e-05
2013-03-15,0.03422729601258197,0.03422729601258197,0.05246140590518206,0.011887325519633438,-0.000654243544593659,-0.0006601872073534758
2013-03-18,0.024366850078597905,0.024366850078597905,0.0433967598179506,0.009064646087231454,-0.00024360546685512054,-0.00024813778989873626
2013-03-19,0.01553566193020589,0.01553566193020589,0.03422729601258197,0.009169463805368636,-0.00019317953912269687,-0.0001977642710253812
2013-03-20,0.010302996751317635,0.010302996751317635,0.024366850078597905,0.009860445933984063,4.609999769276317e-05,4.116977472577114e-05
2013-03-21,0.006583262253663898,0.006583262253663898,0.01553566193020589,0.008831188148392014,-0.00010268647359243258,-0.00010710206766662859
2013-03-22,0.005317203934863636,0.005317203934863636,0.010302996751317635,0.005232665178888256,0.00014200876976448368,0.00013939243717503956
2013-03-25,0.0032869005441875667,0.0032869005441875667,0.006583262253663898,0.0037197344976537365,-5.555483029684592e-05,-5.741469754567279e-05
2013-03-26,0.05486410403464071,0.05486410403464071,0.005317203934863636,0.0012660583188002627,0.00015586962475522647,0.00015523659559582635
2013-03-27,0.09019462865311909,0.09019462865311909,0.0032869005441875667,0.002030303390676069,9.05936140432649e-06,8.044209708988455e-06
2013-03-28,0.11685257085483496,0.11685257085483496,0.05486410403464071,0.051577203490453145,2.5138458643507703e-05,-6.501431017188721e-07
2013-04-01,0.09082913930806086,0.09082913930806086,0.09019462865311909,0.035330524618478375,-0.001693211203681317,-0.0017108764659905563
2013-04-02,0.07630511158611678,0.07630511158611678,0.11685257085483496,0.02665794220171587,0.00016357152107029064,0.0001502425499694327
2013-04-03,0.018441577145705636,0.018441577145705636,0.09082913930806086,0.026023431546774098,-0.0017353217027804855,-0.0017483334185538725
2013-04-04,-0.008232621651835453,-0.008232621651835453,0.07630511158611678,0.014524027721944083,0.0003262468049362053,0.0003189847910752332
2013-04-05,-0.05566898360307463,-0.05566898360307463,0.018441577145705636,0.05786353444041114,-0.00017447591142517337,-0.00020340767864537895
2013-04-08,-0.06335196711775383,-0.06335196711775383,-0.008232621651835453,0.02667419879754109,-5.8974116097012275e-05,-7.231121549578282e-05
2013-04-09,0.03172384819639649,0.03172384819639649,-0.05566898360307463,0.04743636195123918,-0.0017421441168846393,-0.0017658622978602588
2013-04-10,0.24526533336761985,0.24526533336761985,-0.06335196711775383,0.007682983514679199,-0.001485485167410616,-0.0014893266591679555
2013-04-11,0.25390127089733006,0.25390127089733006,0.03172384819639649,0.09507581531415032,-0.0006128149006545315,-0.0006603528083116067
2013-04-12,0.22983110232967435,0.22983110232967435,0.24526533336761985,0.21354148517122337,-0.0016853048553277796,-0.0017920755979133913
2013-04-15,0.16393234470471138,0.16393234470471138,0.25390127089733006,0.008635937529710203,-0.003513278393975835,-0.00351759636274069
2013-04-16,0.27221341110466757,0.27221341110466757,0.22983110232967435,0.024070168567655703,0.005804801529184466,0.0057927664449006384
2013-04-17,0.3596862998126785,0.3596862998126785,0.16393234470471138,0.06589875762496297,7.476511373490095e-05,4.181573492241946e-05
2013-04-18,0.5611749499515638,0.5611749499515638,0.27221341110466757,0.10828106639995619,0.003848000265415425,0.0037938597322154472
2013-04-19,0.7074499666343759,0.7074499666343759,0.3596862998126785,0.08747288870801095,0.0032345537953084006,0.003190817350954395
2013-04-22,0.8049666444229173,0.8049666444229173,0.5611749499515638,0.20148865013888528,0.011003496381961627,0.010902752056892184
2013-04-23,0.8699777629486116,0.8699777629486116,0.7074499666343759,0.14627501668281206,0.015459961724372109,0.015386824216030702
2013-04-24,0.9133185086324078,0.9133185086324078,0.8049666444229173,0.09751667778854145,0.009640541604028984,0.009591783265134712
2013-04-25,0.8339801521904908,0.8339801521904908,0.8699777629486116,0.0650111185256943,-0.010295829649124656,-0.010328335208387503
2013-04-26,0.7827628842065097,0.7827628842065097,0.9133185086324078,0.0433407456837962,0.0007816754202859267,0.0007600050474440286
2013-04-29,0.8551752561376733,0.8551752561376733,0.8339801521904908,0.079338356441917,0.012830243953360212,0.012790574775139254
2013-04-30,0.903450170758449,0.903450170758449,0.7827628842065097,0.051217267983981074,0.006259707163237264,0.006234098529245273
2013-05-01,0.9356334471722993,0.9356334471722993,0.8551752561376733,0.07241237193116357,0.0014281384141578844,0.0013919322281923027
2013-05-02,0.957088964781533,0.957088964781533,0.903450170758449,0.04827491462077571,0.00451872559346825,0.004494588136157862
2013-05-03,0.9713926431876887,0.9713926431876887,0.9356334471722993,0.032183276413850326,0.002938068495038204,0.002921976856831279
2013-05-06,0.94884976213652,0.94884976213652,0.957088964781533,0.0214555176092337,-0.0019971128847757727,-0.0020078406435803894
2013-05-07,0.9658998414243467,0.9658998414243467,0.9713926431876887,0.014303678406155651,0.009750175750921129,0.009743023911718052
2013-05-08,0.9772665609495645,0.9772665609495645,0.94884976213652,0.02254288105116875,0.003929098503634919,0.003917827063109335
2013-05-09,0.9848443739663764,0.9848443739663764,0.9658998414243467,0.017050079287826758,0.0043814862743944616,0.004372961234750548
2013-05-10,0.9898962493109176,0.9898962493109176,0.9772665609495645,0.011366719525217839,0.00561646846092479,0.005610785101162181
2013-05-13,0.7782408200965663,0.7782408200965663,0.9848443739663764,0.0075778130168118185,-0.016883133480569735,-0.016886922387078142
2013-05-14,0.5999119999114411,0.5999119999114411,0.9898962493109176,0.005051875344541212,-0.009866081286976967,-0.009868607224649238
2013-05-15,0.5929939918819651,0.5929939918819651,0.7782408200965663,0.21165542921435132,0.011752093572901329,0.011646265858294154
2013-05-16,0.5330860650460871,0.5330860650460871,0.5999119999114411,0.1783288201851252,-0.006445300402345355,-0.0065344648124379175
2013-05-17,0.5227999381350857,0.5227999381350857,0.5929939918819651,0.006918008029475953,0.0024772660897883136,0.0024738070857735755
2013-05-20,0.5257690184907788,0.5257690184907788,0.5330860650460871,0.05990792683587798,0.0008866408864287257,0.0008566869230107868
2013-05-21,0.5315709138598985,0.5315709138598985,0.5227999381350857,0.010286126911001392,0.0015197090207279963,0.0015145659572724957
2013-05-22,0.5037872120163429,0.5037872120163429,0.5257690184907788,0.002969080355693099,-0.001741660138846595,-0.0017431446790244416
2013-05-23,0.478785030892387,0.478785030892387,0.5315709138598985,0.005801895369119681,-0.00044148092112229016,-0.00044438186880685
2013-05-24,0.42516345710593934,0.42516345710593934,0.5037872120163429,0.027783701843555608,-0.002723295776178405,-0.002737187627100183
2013-05-28,0.3991826426028502,0.3991826426028502,0.478785030892387,0.025002181123955913,0.0032025422070286256,0.0031900411164666478
2013-05-29,0.43851276802991346,0.43851276802991346,0.42516345710593934,0.05362157378644766,0.003354764306196373,0.0033279535193031493
2013-05-30,0.38932994353788875,0.38932994353788875,0.3991826426028502,0.025980814503089145,-0.0009867796607182665,-0.000999770067969811
2013-05-31,0.3295980970531077,0.3295980970531077,0.43851276802991346,0.03933012542706327,0.0012678050531967158,0.001248139990483184
2013-06-03,0.5530653980354052,0.5530653980354052,0.38932994353788875,0.04918282449202471,0.015393696417949732,0.01536910500570372
2013-06-04,0.7020435986902702,0.7020435986902702,0.3295980970531077,0.059731846484781026,0.0015670448231592006,0.00153717889991681
2013-06-05,0.6518483750164105,0.6518483750164105,0.5530653980354052,0.2234673009822975,-0.014393760078396219,-0.014505493728887367
2013-06-06,0.6097565984880371,0.6097565984880371,0.7020435986902702,0.148978200654865,-0.0014211816490599495,-0.001495670749387382
2013-06-07,0.5722840678095086,0.5722840678095086,0.6518483750164105,0.05019522367385976,-0.0015864597477926894,-0.0016115573596296193
2013-06-10,0.6261664747369187,0.6261664747369187,0.6097565984880371,0.04209177652837337,0.010414567618238278,0.010393521729974091
2013-06-11,0.6088673660794194,0.6088673660794194,0.5722840678095086,0.037472530678528515,-0.006864680384556495,-0.0068834166498957594
2013-06-12,0.5600035304948388,0.5600035304948388,0.6261664747369187,0.05388240692741009,-0.006334870700793243,-0.006361811904256948
2013-06-13,0.6216396952582982,0.6216396952582982,0.6088673660794194,0.017299108657499285,0.013192534924279084,0.013183885369950335
2013-06-14,0.6492853011066502,0.6492853011066502,0.5600035304948388,0.04886383558458063,-0.0015685187005499033,-0.0015929506183421937
2013-06-17,0.6848361416439898,0.6848361416439898,0.6216396952582982,0.061636164763459456,0.004490094654673148,0.004459276572291418
2013-06-18,0.7898907610959932,0.7898907610959932,0.6492853011066502,0.027645605848351962,0.009571292307218286,0.00955746950429411
2013-06-19,0.7222633646142216,0.7222633646142216,0.6848361416439898,0.03555084053733959,-0.012637361747881035,-0.012655137168149705
2013-06-20,0.5840378789180009,0.5840378789180009,0.7898907610959932,0.10505461945200345,-0.025592334914317633,-0.025644862224043635
2013-06-21,0.4930537336590015,0.4930537336590015,0.7222633646142216,0.06762739648177163,0.00029840049163887326,0.0002645867933979874
2013-06-24,0.37309810107685826,0.37309810107685826,0.5840378789180009,0.13822548569622073,-0.014962954861223093,-0.015032067604071204
2013-06-25,0.32294283669806506,0.32294283669806506,0.4930537336590015,0.09098414525899934,0.006272909876752066,0.006227417804122566
2013-06-26,0.30229725498823534,0.30229725498823534,0.37309810107685826,0.11995563258214326,0.002031194762251094,0.001971216945960022
2013-06-27,0.2848618011884912,0.2848618011884912,0.32294283669806506,0.050155264378793196,0.0005380081626794474,0.0005129305304900507
2013-06-28,0.2941691716929727,0.2941691716929727,0.30229725498823534,0.02064558170982972,0.002262376791468523,0.0022520540006136084
2013-07-01,0.26072775850574026,0.26072775850574026,0.2848618011884912,0.01743545379974415,-0.003997087129883108,-0.00400580485678298
2013-07-02,0.20842321098933825,0.20842321098933825,0.2941691716929727,0.009307370504481494,-0.0020933908776936817,-0.0020980445629459224
2013-07-03,0.17745340127574896,0.17745340127574896,0.26072775850574026,0.03344141318723243,0.0004397287300395238,0.0004230080234459076
2013-07-05,0.16510711397058805,0.16510711397058805,0.20842321098933825,0.05230454751640201,0.0026316357325412037,0.0026054834587830025
2013-07-08,0.10720924798057066,0.10720924798057066,0.17745340127574896,0.030969809713589286,-0.006416657456332059,-0.006432142361188854
2013-07-09,0.0657651824777581,0.0657651824777581,0.16510711397058805,0.012346287305160908,-0.0003560165296500198,-0.00036218967330260026
2013-07-10,0.024468436270085457,0.024468436270085457,0.10720924798057066,0.057897865990017394,0.000509659664490384,0.0004807107314953753
2013-07-11,0.06282296760173672,0.06282296760173672,0.0657651824777581,0.04144406550281256,0.0020931601914613313,0.002072438158709925
2013-07-12,0.06427773141390329,0.06427773141390329,0.024468436270085457,0.041296746207672645,-9.179858715925823e-05,-0.00011244696026309456
2013-07-15,0.05902203704569231,0.05902203704569231,0.06282296760173672,0.038354531331651266,0.00010515569835820515,8.597843269237952e-05
2013-07-16,0.06794831926768138,0.06794831926768138,0.06427773141390329,0.001454763812166568,0.0008323208329696361,0.0008315934510635528
2013-07-17,0.025544612135308065,0.025544612135308065,0.05902203704569231,0.005255694368210981,-0.00024339687520135068,-0.00024602472238545616
2013-07-18,-0.26415184780490497,-0.26415184780490497,0.06794831926768138,0.008926282221989074,-0.002560347167687606,-0.0025648103087986007
2013-07-19,-0.50943456520327,-0.50943456520327,0.025544612135308065,0.04240370713237332,-0.00021983944670802305,-0.0002410413002742097
2013-07-22,-0.67295637680218,-0.67295637680218,-0.26415184780490497,0.28969645994021304,0.003095534969023433,0.0029506867390533265
2013-07-23,-0.78197091786812,-0.78197091786812,-0.50943456520327,0.24528271739836505,0.0004472518743702113,0.00032461051567102874
2013-07-24,-0.7657009030947185,-0.7657009030947185,-0.67295637680218,0.16352181159891,-0.005324548954068283,-0.0054063098598677375
2013-07-25,-0.6780537993732751,-0.6780537993732751,-0.78197091786812,0.10901454106594,-0.004433079883880471,-0.004487587154413441
2013-07-26,-0.5656741186387323,-0.5656741186387323,-0.7657009030947185,0.01627001477340151,-0.006640874881209639,-0.00664900988859634
2013-07-29,-0.4952236802129047,-0.4952236802129047,-0.6780537993732751,0.08764710372144335,0.0005829009532663969,0.0005390774014056753
2013-07-30,-0.4119730166112331,-0.4119730166112331,-0.5656741186387323,0.11237968073454285,-0.003407607566439683,-0.0034637974068069542
2013-07-31,-0.3642674108563925,-0.3642674108563925,-0.4952236802129047,0.0704504384258276,0.0008473068742690451,0.0008120816550561313
2013-08-01,-0.266080765789833,-0.266080765789833,-0.4119730166112331,0.0832506636016716,0.0024710833886352674,0.0024294580568344315
2013-08-02,-0.1903697049330753,-0.1903697049330753,-0.3642674108563925,0.04770560575484056,-0.0003138766792668097,-0.00033772948214423
2013-08-05,-0.13117837832181886,-0.13117837832181886,-0.266080765789833,0.09818664506655955,0.0008678018472837952,0.0008187085247505154
2013-08-06,-0.10910114192733245,-0.10910114192733245,-0.1903697049330753,0.07571106085675766,0.0009965791161485873,0.0009587235857202085
2013-08-07,-0.12046551261073891,-0.12046551261073891,-0.13117837832181886,0.05919132661125645,0.000575429997500496,0.0005458343341948678
2013-08-08,-0.41364367507382593,-0.41364367507382593,-0.10910114192733245,0.022077236394486416,0.001201554892423985,0.0011905162742267418
2013-08-09,-0.429875138313989,-0.429875138313989,-0.12046551261073891,0.011364370683406469,-0.00032199418238678746,-0.00032767636772849067
2013-08-12,-0.3390743940921763,-0.3390743940921763,-0.41364367507382593,0.29317816246308703,-0.002388815008490729,-0.0025354040897222724
2013-08-13,-0.3629977916027798,-0.3629977916027798,-0.429875138313989,0.016231463240163058,0.0022783609036153706,0.002270245171995289
2013-08-14,-0.3271823562666893,-0.3271823562666893,-0.3390743940921763,0.09080074422181267,-0.0007528839942551673,-0.0007982843663660737
2013-08-15,-0.5514549041777929,-0.5514549041777929,-0.3629977916027798,0.02392339751060346,0.0086850551796903,0.008673093480934998
2013-08-16,-0.7009699361185286,-0.7009699361185286,-0.3271823562666893,0.035815435336090495,0.001782214844911663,0.0017643071272436179
2013-08-19,-0.5905503741304017,-0.5905503741304017,-0.5514549041777929,0.22427254791110357,-0.009312590832469903,-0.009424727106425454
2013-08-20,-0.47178845549941545,-0.47178845549941545,-0.7009699361185286,0.1495150319407358,-0.007550984229715654,-0.007625741745686022
2013-08-21,-0.4984949229031993,-0.4984949229031993,-0.5905503741304017,0.11041956198812697,0.009178302378419856,0.009123092597425792
2013-08-22,-0.4805671786050387,-0.4805671786050387,-0.47178845549941545,0.11876191863098623,-0.0019153280854800126,-0.0019747090447955057
2013-08-23,-0.4240746855616858,-0.4240746855616858,-0.4984949229031993,0.02670646740378385,-0.0040309004624239884,-0.00404425369612588
2013-08-26,-0.4307455693566471,-0.4307455693566471,-0.4805671786050387,0.017927744298160575,0.0036407583073210866,0.0036317944351720063
2013-08-27,-0.4732053685818022,-0.4732053685818022,-0.4240746855616858,0.05649249304335291,0.0015232579415527343,0.0014950116950310577
2013-08-28,-0.46914281865979235,-0.46914281865979235,-0.4307455693566471,0.00667088379496128,-0.0019413103968659458,-0.0019446458387634264
2013-08-29,-0.5356324809914048,-0.5356324809914048,-0.4732053685818022,0.04245979922515508,0.004883080289114309,0.004861850389501731
2013-08-30,-0.6317846277294707,-0.6317846277294707,-0.46914281865979235,0.004062549922009828,0.0017012925050100202,0.0016992612300490153
2013-09-03,-0.6096976317272786,-0.6096976317272786,-0.5356324809914048,0.06648966233161246,-0.002193313916663228,-0.0022265587478290344
2013-09-04,-0.4747713052693777,-0.4747713052693777,-0.6317846277294707,0.09615214673806594,-0.01631689636979053,-0.016364972443159563
2013-09-05,-0.37360398896541597,-0.37360398896541597,-0.6096976317272786,0.022086996002192105,0.0010769340466801928,0.0010658905486790968
2013-09-06,-0.29771264383929585,-0.29771264383929585,-0.4747713052693777,0.13492632645790092,-0.0014701474147815808,-0.0015376105780105314
2013-09-09,-0.2291421904536639,-0.2291421904536639,-0.37360398896541597,0.10116731630396175,-0.0039554290345943125,-0.004006012692746293
2013-09-10,-0.17437427392182123,-0.17437427392182123,-0.29771264383929585,0.07589134512612011,-0.0009096064919583591,-0.0009475521645214192
2013-09-11,-0.15305188599970043,-0.15305188599970043,-0.2291421904536639,0.06857045338563195,0.0016950761715473883,0.0016607909448545723
2013-09-12,-0.15200938160190736,-0.15200938160190736,-0.17437427392182123,0.05476791653184268,0.0013760559565700135,0.001348671998304092
2013-09-13,-0.024316330069614728,-0.024316330069614728,-0.15305188599970043,0.021322387922120795,-0.00547821060416815,-0.0054888717981292105
2013-09-16,0.054862833895496184,0.054862833895496184,-0.15200938160190736,0.001042504397793076,0.00032425883373205487,0.0003237375815331583
2013-09-17,0.20963664302331736,0.20963664302331736,-0.024316330069614728,0.12769305153229263,-0.00036387694140112867,-0.000427723467167275
2013-09-18,0.3856357222967662,0.3856357222967662,0.054862833895496184,0.0791791639651109,0.00036972472160875245,0.000330135139626197
2013-09-19,0.5093907066799848,0.5093907066799848,0.20963664302331736,0.15477380912782118,8.77885659428839e-05,1.04016613789733e-05
2013-09-20,0.5202344744910179,0.5202344744910179,0.3856357222967662,0.17599907927344882,-0.0022580888105880013,-0.0023460883502247256
2013-09-23,0.4735528621425728,0.4735528621425728,0.5093907066799848,0.12375498438321858,-0.003214563896701721,-0.00327644138889333
2013-09-24,0.47026168938487195,0.47026168938487195,0.5202344744910179,0.010843767811033134,0.0017620272698051832,0.0017566053858996667
2013-09-25,0.46494081074207994,0.46494081074207994,0.4735528621425728,0.04668161234844509,0.0,-2.3340806174222546e-05
2013-09-26,0.38445290409868765,0.38445290409868765,0.47026168938487195,0.0032911727577008554,-0.005754314743016117,-0.005755960329394968
2013-09-27,0.2585403156495521,0.2585403156495521,0.46494081074207994,0.005320878642792015,-0.00854013799109098,-0.008542798430412377
2013-09-30,0.17134073978864586,0.17134073978864586,0.38445290409868765,0.08048790664339228,-0.0010038664224720473,-0.0010441103757937436
2013-10-01,0.11118340291638101,0.11118340291638101,0.2585403156495521,0.12591258844913555,-0.0010151386127817312,-0.001078094907006299
2013-10-02,0.07324522884548285,0.07324522884548285,0.17134073978864586,0.08719957586090624,0.00045029799952594823,0.00040669821159549513
2013-10-03,0.03932787588140092,0.03932787588140092,0.11118340291638101,0.06015733687226485,-0.0014085784977412696,-0.001438657166177402
2013-10-04,0.018403507635989347,0.018403507635989347,0.07324522884548285,0.03793817407089817,0.0006805877217122987,0.0006616186346768496
2013-10-07,0.005463540572434748,0.005463540572434748,0.03932787588140092,0.03391735296408192,3.447658241364149e-05,1.7517905931600528e-05
2013-10-08,-0.03874468185692428,-0.03874468185692428,0.018403507635989347,0.020924368245411575,-0.0002821446180755783,-0.0002926068021982841
2013-10-09,-0.05482922804997398,-0.05482922804997398,0.005463540572434748,0.0129399670635546,2.673572640042358e-05,2.026574286864628e-05
2013-10-10,-0.005864997045827797,-0.005864997045827797,-0.03874468185692428,0.044208222429359026,-0.0008747064442381978,-0.0008968105554528773
2013-10-11,0.052408680400999726,0.052408680400999726,-0.05482922804997398,0.0160845461930497,-0.0003797849202114888,-0.0003878271933080137
2013-10-14,0.13538589743154303,0.13538589743154303,-0.005864997045827797,0.04896423100414618,-4.790861507985813e-05,-7.239073058193122e-05
2013-10-15,0.17580995999621896,0.17580995999621896,0.052408680400999726,0.05827367744682752,-0.0001340986449502829,-0.00016323548367369665
2013-10-16,0.3148200603938993,0.3148200603938993,0.13538589743154303,0.08297721703054331,0.0017943510712447337,0.001752862462729462
2013-10-17,0.5432133735959329,0.5432133735959329,0.17580995999621896,0.04042406256467593,0.0016319943338583254,0.0016117823025759875
2013-10-18,0.658818152681288,0.658818152681288,0.3148200603938993,0.13901010039768036,-0.0005264931257181409,-0.0005959981759169811
2013-10-21,0.7725454351208587,0.7725454351208587,0.5432133735959329,0.2283933132020336,0.005914341935683275,0.005800145279082258
2013-10-22,0.771183637415727,0.771183637415727,0.658818152681288,0.11560477908535505,-0.0019104064934392455,-0.001968208882981923
2013-10-23,0.6336897230063263,0.6336897230063263,0.7725454351208587,0.11372728243957075,-0.010591048171947165,-0.01064791181316695
2013-10-24,0.5206087073018664,0.5206087073018664,0.771183637415727,0.0013617977051316732,0.0012989716432296927,0.001298290744377127
2013-10-25,0.6804058048679109,0.6804058048679109,0.6336897230063263,0.13749391440940073,0.012257939434090712,0.012189192476886011
2013-10-28,0.7869372032452739,0.7869372032452739,0.5206087073018664,0.11308101570445994,0.002577402675099832,0.002520862167247602
2013-10-29,0.8579581354968493,0.8579581354968493,0.6804058048679109,0.15979709756604454,0.004468966005332387,0.004389067456549364
2013-10-30,0.8872307326487056,0.8872307326487056,0.7869372032452739,0.10653139837736303,-0.0006417541247504641,-0.0006950198239391456
2013-10-31,0.8806849360579923,0.8806849360579923,0.8579581354968493,0.07102093225157535,-0.0010508183403094137,-0.0010863288064352013
2013-11-01,0.7894241900501405,0.7894241900501405,0.8872307326487056,0.02927259715185626,-0.005076192885382513,-0.005090829183958441
2013-11-04,0.686710723782094,0.686710723782094,0.8806849360579923,0.006545796590713304,-0.0025335401786513107,-0.0025368130769466675
2013-11-05,0.6148116693590637,0.6148116693590637,0.7894241900501405,0.09126074600785172,-0.00016443952203586175,-0.00021006989503978763
2013-11-06,0.6922121960126755,0.6922121960126755,0.686710723782094,0.10271346626804656,0.006286964278328369,0.006235607545194346
2013-11-07,0.6188451615980175,0.6188451615980175,0.6148116693590637,0.07189905442303024,-0.0048171003471523845,-0.0048530498743639
2013-11-08,0.5157002658368347,0.5157002658368347,0.6922121960126755,0.07740052665361175,0.0008632818330515207,0.0008245815697247148
2013-11-11,0.49757200171364135,0.49757200171364135,0.6188451615980175,0.07336703441465797,0.002054976112083033,0.002018292594875704
2013-11-12,0.6650480011424276,0.6650480011424276,0.5157002658368347,0.1031448957611828,0.005547466103754478,0.005495893655873886
2013-11-13,0.7766986674282851,0.7766986674282851,0.49757200171364135,0.01812826412319335,0.0034625925606408844,0.003453528428579288
2013-11-14,0.6864535780232768,0.6864535780232768,0.6650480011424276,0.16747599942878622,-0.0056772050410902955,-0.005760943040804689
2013-11-15,0.7091070570554814,0.7091070570554814,0.7766986674282851,0.11165066628585751,0.004139726949307408,0.004083901616164479
2013-11-18,0.8060713713703209,0.8060713713703209,0.6864535780232768,0.0902450894050083,0.0022397216590724993,0.002194599114369995
2013-11-19,0.8707142475802141,0.8707142475802141,0.7091070570554814,0.022653479032204604,0.0028827113037919795,0.002871384564275877
2013-11-20,0.7861755743432368,0.7861755743432368,0.8060713713703209,0.09696431431483954,-0.004569131997516087,-0.0046176141546735066
2013-11-21,0.8574503828954914,0.8574503828954914,0.8707142475802141,0.06464287620989317,0.023753202453864097,0.02372088101575915
2013-11-22,0.6311112723581839,0.6311112723581839,0.7861755743432368,0.08453867323697728,-0.04237793973910858,-0.04242020907572707
2013-11-25,0.4575812444918503,0.4575812444918503,0.8574503828954914,0.07127480855225454,-0.004311009408140367,-0.004346646812416494
2013-11-26,0.2964849846019958,0.2964849846019958,0.6311112723581839,0.2263391105373075,-0.002656984333699517,-0.002770153888968171
2013-11-27,0.2291309545800748,0.2291309545800748,0.4575812444918503,0.1735300278663336,0.004836910847686255,0.004750145833753088
2013-11-29,0.1744536844991223,0.1744536844991223,0.2964849846019958,0.1610962598898545,-0.0007443048759733321,-0.0008248530059182593
2013-12-02,0.11556360287254205,0.11556360287254205,0.2291309545800748,0.067354030021921,-0.00134555978633499,-0.0013792368013459506
2013-12-03,0.052294173384164755,0.052294173384164755,0.1744536844991223,0.054677270080952495,-0.0011041711790804416,-0.0011315098141209178
2013-12-04,0.040510110267377344,0.040510110267377344,0.11556360287254205,0.05889008162658024,0.0009324394606727591,0.000902994419859469
2013-12-05,0.12152429941613101,0.12152429941613101,0.052294173384164755,0.0632694294883773,0.0011454219622052029,0.0011137872474610141
2013-12-06,0.29131311605953325,0.29131311605953325,0.040510110267377344,0.01178406311678741,0.0009351043845584369,0.0009292123530000433
2013-12-09,0.37396398998573166,0.37396398998573166,0.12152429941613101,0.08101418914875366,0.0005385636388847064,0.0004980565443103295
2013-12-10,0.3926552637818107,0.3926552637818107,0.29131311605953325,0.16978881664340223,-0.001285326658028301,-0.0013702210663500021
2013-12-11,0.34007951303059475,0.34007951303059475,0.37396398998573166,0.08265087392619841,-0.006026770647806334,-0.006068096084769433
2013-12-12,0.31071293227560615,0.31071293227560615,0.3926552637818107,0.018691273796079044,0.000803863391098749,0.0007945177542007095
2013-12-13,0.2673289589484436,0.2673289589484436,0.34007951303059475,0.052575750751215955,-0.002501541321321157,-0.002527829196696765
2013-12-16,0.2592740921181298,0.2592740921181298,0.31071293227560615,0.029366580754988603,0.0020466531890256166,0.0020319698986481223
2013-12-17,0.28840762869030767,0.28840762869030767,0.2673289589484436,0.04338397332716254,0.0022960355886299964,0.002274343601966415
2013-12-18,0.48135929863064086,0.48135929863064086,0.2592740921181298,0.008054866830313812,0.005151889003067054,0.005147861569651897
2013-12-19,0.5989769778783742,0.5989769778783742,0.28840762869030767,0.029133536572177876,-0.00011464912098777064,-0.0001292158892738596
2013-12-20,0.6148129630704178,0.6148129630704178,0.48135929863064086,0.1929516699403332,-0.001531720653359521,-0.0016281964883296876
2013-12-23,0.7432086420469453,0.7432086420469453,0.5989769778783742,0.11761767924773336,0.00621451346632285,0.006155704626698983
2013-12-24,0.8288057613646302,0.8288057613646302,0.6148129630704178,0.015835985192043545,0.0026708829896046225,0.0026629649970086005
2013-12-26,0.8858705075764202,0.8858705075764202,0.7432086420469453,0.12839567897652748,0.007890646579804516,0.007826448740316252
2013-12-27,0.8419158907569572,0.8419158907569572,0.8288057613646302,0.08559711931768499,-0.0032245289503087934,-0.003267327509967636
2013-12-30,0.8946105938379716,0.8946105938379716,0.8858705075764202,0.05706474621178992,0.008650988514230152,0.008622456141124257
2013-12-31,0.9297403958919812,0.9297403958919812,0.8419158907569572,0.043954616819463,0.0035823129765388093,0.0035603356681290776
2014-01-02,0.8341305020089824,0.8341305020089824,0.8946105938379716,0.05269470308101443,-0.005858218063643514,-0.005884565415184021
2014-01-03,0.7176460450670064,0.7176460450670064,0.9297403958919812,0.03512980205400962,-0.0003604228755803418,-0.0003779877766073466
2014-01-06,0.5479116281755214,0.5479116281755214,0.8341305020089824,0.09560989388299879,-0.010353900240013534,-0.010401705186955034
2014-01-07,0.4633741431189067,0.4633741431189067,0.7176460450670064,0.11648445694197607,0.003664448616609857,0.003606206388138869
2014-01-08,0.3612549663004246,0.3612549663004246,0.5479116281755214,0.16973441689148494,-0.00342578110958047,-0.0035106483180262125
2014-01-09,0.27725186206345775,0.27725186206345775,0.4633741431189067,0.08453748505661474,-0.002186747111281811,-0.0022290158538101185
2014-01-10,0.23929175306447426,0.23929175306447426,0.3612549663004246,0.1021191768184821,0.003140203756230376,0.003089144167821135
2014-01-13,0.20625837728563953,0.20625837728563953,0.27725186206345775,0.08400310423696683,-0.0003258332419031306,-0.000367834794021614
2014-01-14,0.47083891819042634,0.47083891819042634,0.23929175306447426,0.0379601089989835,0.009477882197782351,0.00945890214328286
2014-01-15,0.6472259454602842,0.6472259454602842,0.20625837728563953,0.03303337577883472,0.0012448221964964634,0.001228305508607046
2014-01-16,0.7050843907685183,0.7050843907685183,0.47083891819042634,0.2645805409047868,-0.002295033133116386,-0.0024273234035687794
2014-01-17,0.577956497589968,0.577956497589968,0.6472259454602842,0.1763870272698579,-0.01682679237217106,-0.01691498588580599
2014-01-21,0.4511103488523236,0.4511103488523236,0.7050843907685183,0.05785844530823403,-0.0070917654461932125,-0.007120694668847329
2014-01-22,0.3305811743428697,0.3305811743428697,0.577956497589968,0.12712789317855022,-0.00632406340583258,-0.006387627352421855
2014-01-23,0.22867570145526492,0.22867570145526492,0.4511103488523236,0.12684614873764444,-0.0032081293017442525,-0.0032715523761130748
2014-01-24,0.12093979763635573,0.12093979763635573,0.3305811743428697,0.12052917450945388,-0.004209544165471829,-0.0042698087527265555
2014-01-27,0.03826483386271899,0.03826483386271899,0.22867570145526492,0.10190547288760479,-0.000829468000758071,-0.0008804207372018734
2014-01-28,0.005622375292681666,0.005622375292681666,0.12093979763635573,0.10773590381890918,0.0008806062645684874,0.0008267383126590328
2014-01-29,-0.010616676766476308,-0.010616676766476308,0.03826483386271899,0.08267496377363674,-0.0003380853641647475,-0.0003794228460515659
2014-01-30,-0.016733335228084897,-0.016733335228084897,0.005622375292681666,0.03264245857003732,1.3667327116659211e-05,-2.6539021683594523e-06
2014-01-31,-0.028821939742919335,-0.028821939742919335,-0.010616676766476308,0.016239052059157974,8.582206110364839e-05,7.770253507406941e-05
2014-02-03,-0.09633713264255239,-0.09633713264255239,-0.016733335228084897,0.006116658461608589,0.00040230403162042674,0.00039924570238962243
2014-02-04,-0.18459543878953721,-0.18459543878953721,-0.028821939742919335,0.012088604514834438,0.00015645876796201394,0.0001504144657045967
2014-02-05,-0.2808047625483961,-0.2808047625483961,-0.09633713264255239,0.06751519289963306,0.00030619565667236144,0.0002724380602225449
2014-02-06,-0.26022580052750227,-0.26022580052750227,-0.18459543878953721,0.08825830614698482,-0.003688732756409229,-0.0037328619094827214
2014-02-07,-0.21894942968265851,-0.21894942968265851,-0.2808047625483961,0.09620932375885888,-0.002575166838234224,-0.0026232715001136536
2014-02-10,-0.18430261277907845,-0.18430261277907845,-0.26022580052750227,0.02057896202089382,-0.0008597728439178612,-0.0008700623249283081
2014-02-11,-0.146111011333153,-0.146111011333153,-0.21894942968265851,0.04127637084484376,-0.0016225599337166966,-0.0016431981191391185
2014-02-12,-0.11396976451290985,-0.11396976451290985,-0.18430261277907845,0.03464681690358007,-0.0006025714562912559,-0.0006198948647430459
2014-02-13,-0.08342398861998311,-0.08342398861998311,-0.146111011333153,0.038191601445925455,-0.0008927368432397606,-0.0009118326439627233
2014-02-14,-0.05910512565846766,-0.05910512565846766,-0.11396976451290985,0.032141246820243136,-0.000276833693096193,-0.00029290431650631456
2014-02-18,-0.039761073120151647,-0.039761073120151647,-0.08342398861998311,0.030545775892926744,-0.0,-1.5272887946463372e-05
2014-02-19,-0.030893908231324832,-0.030893908231324832,-0.05910512565846766,0.024318862961515454,0.0006206422001808303,0.0006084827687000726
2014-02-20,-0.021625963787668998,-0.021625963787668998,-0.039761073120151647,0.01934405253831601,-0.00038948204280896755,-0.0003991540690781256
2014-02-21,-0.027347231832411115,-0.027347231832411115,-0.030893908231324832,0.008867164888826815,0.000399582375031912,0.00039514879258749857
2014-02-24,-0.023565397643626283,-0.023565397643626283,-0.021625963787668998,0.009267944443655834,-0.00018596754809888764,-0.00019060152032071556
2014-02-25,-0.021390620230742004,-0.021390620230742004,-0.027347231832411115,0.005721268044742118,1.1103052034306255e-05,8.242418011935196e-06
2014-02-26,-0.0149270024145641,-0.0149270024145641,-0.023565397643626283,0.003781834188784833,-0.00017229191599912985,-0.00017418283309352228
2014-02-27,-0.011722225810002766,-0.011722225810002766,-0.021390620230742004,0.002174777412884278,3.450485642555592e-05,3.341746771911378e-05
2014-02-28,-0.009401269081768835,-0.009401269081768835,-0.0149270024145641,0.006463617816177904,-0.0,-3.2318089080889527e-06
2014-03-03,-0.024314386940349514,-0.024314386940349514,-0.011722225810002766,0.0032047766045613345,0.00012309098300164665,0.00012148859469936598
2014-03-04,-0.029855530636079354,-0.029855530636079354,-0.009401269081768835,0.0023209567282339305,-4.220816122194635e-05,-4.336863958606331e-05
2014-03-05,-0.036888842325736595,-0.036888842325736595,-0.024314386940349514,0.014913117858580679,0.00010867454197052369,0.00010121798304123335
2014-03-06,-0.03416231097603553,-0.03416231097603553,-0.029855530636079354,0.00554114369572984,-0.00015841468647627367,-0.00016118525832413858
2014-03-07,-0.025705458514514425,-0.025705458514514425,-0.036888842325736595,0.0070333116896572415,-1.4973167255070878e-05,-1.84898230998995e-05
2014-03-10,-0.017847745194204883,-0.017847745194204883,-0.03416231097603553,0.002726531349701064,-0.00027728378841180857,-0.0002786470540866591
2014-03-11,-0.014362942109345085,-0.014362942109345085,-0.025705458514514425,0.008456852461521107,0.00011382559930460407,0.00010959717307384352
2014-03-12,-0.010769564664682929,-0.010769564664682929,-0.017847745194204883,0.007857713320309542,-2.1650799425017064e-05,-2.5579656085171834e-05
2014-03-13,-0.01231782999713258,-0.01231782999713258,-0.014362942109345085,0.003484803084859798,0.00011021919669781911,0.00010847679515538921
2014-03-14,-0.015128161009676191,-0.015128161009676191,-0.010769564664682929,0.003593377444662156,3.067872273131185e-05,2.888203400898077e-05
2014-03-17,-0.012105967339031933,-0.012105967339031933,-0.01231782999713258,0.0015482653324496512,-0.00010055345879436561,-0.00010132759146059044
2014-03-18,-0.009186532689341376,-0.009186532689341376,-0.015128161009676191,0.0028103310125436112,-7.349913178256279e-05,-7.49042972888346e-05
2014-03-19,-0.005116486686806952,-0.005116486686806952,-0.012105967339031933,0.0030221936706442583,-9.754860162257088e-05,-9.9059698457893e-05
2014-03-20,0.01650968009479881,0.01650968009479881,-0.009186532689341376,0.002919434649690557,-0.00015053827787351971,-0.000151997995198365
2014-03-21,0.02424533960998157,0.02424533960998157,-0.005116486686806952,0.004070046002534424,5.231295057923766e-05,5.027792757797045e-05
2014-03-24,0.02587678870847167,0.02587678870847167,0.01650968009479881,0.02162616678160576,-3.278752282363944e-05,-4.360060621444232e-05
2014-03-25,0.05454011644154515,0.05454011644154515,0.02424533960998157,0.00773565951518276,0.0003281612700067175,0.00032429344024912613
2014-03-26,0.0682750839830783,0.0682750839830783,0.02587678870847167,0.0016314490984901016,-8.132386231410484e-05,-8.213958686334989e-05
2014-03-27,0.06847323064557698,0.06847323064557698,0.05454011644154515,0.028663327733073476,-0.00015042906904308914,-0.00016476073290962588
2014-03-28,0.09838147804418124,0.09838147804418124,0.0682750839830783,0.013734967541533152,0.0008362497819280191,0.0008293822981572526
2014-03-31,0.1460140178517857,0.1460140178517857,0.06847323064557698,0.00019814666249867718,0.0005078158042442014,0.0005077167309129521
2014-04-01,0.2181477476550635,0.2181477476550635,0.09838147804418124,0.02990824739860426,0.0006860963832943804,0.0006711422595950782
2014-04-02,0.2487660766908732,0.2487660766908732,0.1460140178517857,0.04763253980760446,-0.0005618000539644343,-0.0005856163238682364
2014-04-03,0.4932855237700969,0.4932855237700969,0.2181477476550635,0.07213372980327781,0.00438151187910883,0.004345445014207192
2014-04-04,0.5177327717654677,0.5177327717654677,0.2487660766908732,0.030618329035809688,-0.002354883602221548,-0.002370192766739453
2014-04-07,0.6784885145103119,0.6784885145103119,0.4932855237700969,0.24451944707922368,0.00622259332787923,0.006100333604339619
2014-04-08,0.7856590096735413,0.7856590096735413,0.5177327717654677,0.024447247995370847,0.008208750209169433,0.008196526585171747
2014-04-09,0.8571060064490277,0.8571060064490277,0.6784885145103119,0.16075574274484417,0.0017650290082801279,0.0016846511369077058
2014-04-10,0.7405253456772554,0.7405253456772554,0.7856590096735413,0.1071704951632294,-0.01601615583472774,-0.016069741082309352
2014-04-11,0.617691957478239,0.617691957478239,0.8571060064490277,0.07144699677548638,-0.00810711732193679,-0.008142840820324534
2014-04-14,0.6155830117837893,0.6155830117837893,0.7405253456772554,0.11658066077177232,0.01074862898218296,0.010690338651797074
2014-04-15,0.6752245418423815,0.6752245418423815,0.617691957478239,0.12283338819901635,0.0048837853237889235,0.004822368629689416
2014-04-16,0.7656979546926234,0.7656979546926234,0.6155830117837893,0.0021089456944497487,0.0036791854923075027,0.003678131019460278
2014-04-17,0.8437986364617489,0.8437986364617489,0.6752245418423815,0.059641530058592185,0.0027581513713119104,0.002728330606282614
2014-04-21,0.8609199809938881,0.8609199809938881,0.7656979546926234,0.09047341285024191,-0.0025485123323533755,-0.0025937490387784963
2014-04-22,0.8336668768556527,0.8336668768556527,0.8437986364617489,0.07810068176912555,-0.0034441828861105812,-0.003483233226995144
2014-04-23,0.7768137590372319,0.7768137590372319,0.8609199809938881,0.017121344532139204,-0.002886878516872063,-0.0028954391891381323
2014-04-24,0.7386173236770418,0.7386173236770418,0.8336668768556527,0.02725310413823545,0.0,-1.3626552069117726e-05
2014-04-25,0.5922332832527278,0.5922332832527278,0.7768137590372319,0.05685311781842073,-0.014229493484942545,-0.014257920043851756
2014-04-28,0.49846082478332754,0.49846082478332754,0.7386173236770418,0.03819643536019013,0.001969080995312554,0.001949982777632459
2014-04-29,0.44338142980767153,0.44338142980767153,0.5922332832527278,0.14638404042431397,0.003373856367077901,0.0033006643468657436
2014-04-30,0.47180494510006254,0.47180494510006254,0.49846082478332754,0.0937724584694003,0.003952846948552015,0.003905960719317315
2014-05-01,0.4312913495406845,0.4312913495406845,0.44338142980767153,0.055079394975656004,-0.003986758851005405,-0.004014298548493233
2014-05-02,0.373865157626959,0.373865157626959,0.47180494510006254,0.02842351529239101,-0.000713539132876269,-0.0007277508905224646
2014-05-05,0.3294830747591716,0.3294830747591716,0.4312913495406845,0.04051359555937806,-0.0002469884131175293,-0.0002672452108972183
2014-05-06,0.3033846680652206,0.3033846680652206,0.373865157626959,0.0574261919137255,0.00042859340461295654,0.00039988030865609377
2014-05-07,0.3251406812662673,0.3251406812662673,0.3294830747591716,0.04438208286778739,0.0021378359639492132,0.0021156449225153196
2014-05-08,0.3322045915288958,0.3322045915288958,0.3033846680652206,0.026098406693951026,-0.00034524477879474986,-0.00035829398214172535
2014-05-09,0.25842975537912793,0.25842975537912793,0.3251406812662673,0.021756013201046698,-0.000493681215774407,-0.0005045592223749303
2014-05-12,0.22116872518980718,0.22116872518980718,0.3322045915288958,0.007063910262628537,0.0008842212372101987,0.0008806892820788844
2014-05-13,0.207298772803371,0.207298772803371,0.25842975537912793,0.07377483614976788,0.0007839607753350991,0.0007470733572602151
2014-05-14,0.16152152208714013,0.16152152208714013,0.22116872518980718,0.037261030189320754,-0.0010033789936459913,-0.0010220095087406518
2014-05-15,0.12094511928865379,0.12094511928865379,0.207298772803371,0.01386995238643618,-0.0025193887187057212,-0.002526323694898939
2014-05-16,0.09018063337991702,0.09018063337991702,0.16152152208714013,0.04577725071623087,-0.0011799154445909974,-0.001202804069949113
2014-05-19,0.09265548529338574,0.09265548529338574,0.12094511928865379,0.040576402798486344,0.0010305116882537925,0.0010102234868545493
2014-05-20,0.09459332797164814,0.09459332797164814,0.09018063337991702,0.03076448590873676,0.0,-1.538224295436838e-05
2014-05-21,0.11411834974083747,0.11411834974083747,0.09265548529338574,0.0024748519134687175,0.0005693378280059065,0.0005681004020491722
2014-05-22,0.12089140562121611,0.12089140562121611,0.09459332797164814,0.0019378426782623998,-0.00018054518775370497,-0.00018151410909283616
2014-05-23,0.1537882712445175,0.1537882712445175,0.11411834974083747,0.019525021769189327,0.0006109770220657465,0.0006012145111811519
2014-05-27,0.36718396926258223,0.36718396926258223,0.12089140562121611,0.006773055880378645,0.0019313077630411693,0.00192792123510098
2014-05-28,0.5781226461750548,0.5781226461750548,0.1537882712445175,0.03289686562330138,0.0009788100109991464,0.0009623615781874956
2014-05-29,0.7187484307833699,0.7187484307833699,0.36718396926258223,0.21339569801806474,0.0010927733843974594,0.000986075535388427
2014-05-30,0.81249895385558,0.81249895385558,0.5781226461750548,0.2109386769124726,0.007719754787556836,0.0076142854491006
2014-06-02,0.8201129221538012,0.8201129221538012,0.7187484307833699,0.1406257846083151,-0.0015783590989000645,-0.001648671991204222
2014-06-03,0.8800752814358674,0.8800752814358674,0.81249895385558,0.0937505230722101,0.011922045310502293,0.011875170048966188
2014-06-04,0.8781531497841986,0.8781531497841986,0.8201129221538012,0.007613968298221141,-0.0017790402794089961,-0.0017828472635581067
2014-06-05,0.918768766522799,0.918768766522799,0.8800752814358674,0.05996235928206628,0.0019132647557014411,0.001883283576060408
2014-06-06,0.9458458443485327,0.9458458443485327,0.8781531497841986,0.0019221316516688791,0.016191470769574345,0.01619050970374851
2014-06-09,0.8663117444374695,0.8663117444374695,0.918768766522799,0.04061561673860048,-0.008480030143819954,-0.008500337952189255
2014-06-10,0.9108744962916464,0.9108744962916464,0.9458458443485327,0.027077077825733653,0.01118341223885553,0.011169873699942663
2014-06-11,0.8304254963586446,0.8304254963586446,0.8663117444374695,0.0795340999110632,-0.009509697252817358,-0.00954946430277289
2014-06-12,0.7808953146741529,0.7808953146741529,0.9108744962916464,0.04456275185417691,0.000978330238932897,0.0009560488630058086
2014-06-13,0.8539302097827686,0.8539302097827686,0.8304254963586446,0.08044899993300181,0.056728137762483054,0.05668791326251655
2014-06-16,0.9026201398551792,0.9026201398551792,0.7808953146741529,0.04953018168449175,0.0036600161661657403,0.0036352510753234943
2014-06-17,0.9239491221547169,0.9239491221547169,0.8539302097827686,0.07303489510861572,-0.0017072708058266032,-0.0017437882533809111
2014-06-18,0.9338837115726031,0.9338837115726031,0.9026201398551792,0.048689930072410625,-0.0006027693928464758,-0.0006271143578826811
2014-06-19,0.9559224743817354,0.9559224743817354,0.9239491221547169,0.021328982299537724,0.004939090519272349,0.00492842602812258
2014-06-20,0.970614982921157,0.970614982921157,0.9338837115726031,0.009934589417886164,0.0034139448101609265,0.0034089775154519833
2014-06-23,0.9804099886141047,0.9804099886141047,0.9559224743817354,0.022038762809132306,0.0009499394663512365,0.0009389200849466703
2014-06-24,0.9869399924094031,0.9869399924094031,0.970614982921157,0.014692508539421612,0.008668764420892478,0.008661418166622767
2014-06-25,0.9912933282729355,0.9912933282729355,0.9804099886141047,0.009795005692947667,0.012214907484297271,0.012210009981450798
2014-06-26,0.9751208961962347,0.9751208961962347,0.9869399924094031,0.006530003795298445,-0.003195823631366334,-0.0031990886332639835
2014-06-27,0.9834139307974898,0.9834139307974898,0.9912933282729355,0.0043533358635323705,0.004830846619452545,0.0048286699515207795
2014-06-30,0.950058021268396,0.950058021268396,0.9751208961962347,0.016172432076700827,-0.0009457499944050364,-0.0009538362104433868
2014-07-01,0.966705347512264,0.966705347512264,0.9834139307974898,0.00829303460125519,0.002545810985223791,0.0025416644679231632
2014-07-02,0.977803565008176,0.977803565008176,0.950058021268396,0.03335590952909384,0.0,-1.667795476454692e-05
2014-07-03,0.9852023766721174,0.9852023766721174,0.966705347512264,0.016647326243868,0.004992897241269067,0.0049845735781471326
2014-07-07,0.8813010586809439,0.8813010586809439,0.977803565008176,0.011098217495912,-0.003454209197827201,-0.003459758306575157
2014-07-08,0.7288746546928573,0.7288746546928573,0.9852023766721174,0.007398811663941407,-0.00761998860759297,-0.007623688013424941
2014-07-09,0.6514311376038961,0.6514311376038961,0.8813010586809439,0.10390131799117353,0.0028623104641441323,0.0028103598051485456
2014-07-10,0.7676207584025975,0.7676207584025975,0.7288746546928573,0.1524264039880866,0.008730475659933637,0.008654262457939594
2014-07-11,0.8350410857752409,0.8350410857752409,0.6514311376038961,0.07744351708896113,-0.00020839754239416802,-0.0002471193009386486
2014-07-14,0.8900273905168274,0.8900273905168274,0.7676207584025975,0.11618962079870132,0.005895442800202039,0.005837347989802688
2014-07-15,0.9266849270112183,0.9266849270112183,0.8350410857752409,0.06742032737264347,0.005833859149374079,0.005800148985687758
2014-07-16,0.9511232846741455,0.9511232846741455,0.8900273905168274,0.0549863047415865,0.08251888042695746,0.08249138727458666
2014-07-17,0.8798311131996998,0.8798311131996998,0.9266849270112183,0.03665753649439085,-0.025406836784941576,-0.025425165553188772
2014-07-18,0.8325229042766178,0.8325229042766178,0.9511232846741455,0.024438357662927235,0.0,-1.2219178831463617e-05
2014-07-21,0.8317735375837578,0.8317735375837578,0.8798311131996998,0.07129217147444578,0.009399005992106805,0.009363359906369582
2014-07-22,0.8878490250558386,0.8878490250558386,0.8325229042766178,0.04730820892308196,0.01784330759898696,0.01781965349452542
2014-07-23,0.8971673781342053,0.8971673781342053,0.8317735375837578,0.0007493666928599652,-0.006933524393099797,-0.006933899076446226
2014-07-24,0.8809130132749987,0.8809130132749987,0.8878490250558386,0.0560754874720808,-0.00643388071361323,-0.00646191845734927
2014-07-25,0.8700597041959888,0.8700597041959888,0.8971673781342053,0.009318353078366703,0.0,-4.659176539183352e-06
2014-07-28,0.8613684505961834,0.8613684505961834,0.8809130132749987,0.016254364859206616,-0.0005143524449826442,-0.0005224796274122475
2014-07-29,0.8522294517395881,0.8522294517395881,0.8700597041959888,0.010853309079009943,-0.0010170084633364376,-0.0010224351178759427
2014-07-30,0.8047627619124025,0.8047627619124025,0.8613684505961834,0.008691253599805382,0.004031158387200173,0.00402681276040027
2014-07-31,0.6547607997709338,0.6547607997709338,0.8522294517395881,0.009138998856595304,-0.011412523708623534,-0.011417093208051832
2014-08-01,0.5389536672495144,0.5389536672495144,0.8047627619124025,0.047466689827185604,-0.0035619349611722907,-0.0035856683060858834
2014-08-04,0.49932108718143764,0.49932108718143764,0.6547607997709338,0.15000196214146866,0.0060158662514036435,0.005940865270332909
2014-08-05,0.3897853051417184,0.3897853051417184,0.5389536672495144,0.11580713252141939,-0.01601333849878846,-0.01607124206504917
2014-08-06,0.3196514405991932,0.3196514405991932,0.49932108718143764,0.039632580068076795,0.00045653724308720837,0.00043672095305317
2014-08-07,0.26328023028888814,0.26328023028888814,0.3897853051417184,0.10953578203971925,-0.0020171862706034292,-0.002071954161623289
2014-08-08,0.22133369927548707,0.22133369927548707,0.3196514405991932,0.07013386454252518,-0.0007824929770323947,-0.0008175599093036574
2014-08-11,0.234971780488211,0.234971780488211,0.26328023028888814,0.056371210310305064,0.00339189102863217,0.0033637054234770176
2014-08-12,0.2520693793009873,0.2520693793009873,0.22133369927548707,0.04194653101340107,0.0007373461952724436,0.000716372929765743
2014-08-13,0.4150611862915733,0.4150611862915733,0.234971780488211,0.013638081212723918,0.0068796286273134066,0.006872809586707045
2014-08-14,0.49324065329499855,0.49324065329499855,0.2520693793009873,0.017097598812776282,-0.001182663667624586,-0.0011912124670309743
2014-08-15,0.5824098288933666,0.5824098288933666,0.4150611862915733,0.16299180699058602,0.002812711078245131,0.0027312151747498382
2014-08-18,0.6872543097592804,0.6872543097592804,0.49324065329499855,0.07817946700342526,0.003464307552645572,0.0034252178191438594
2014-08-19,0.70420795263711,0.70420795263711,0.5824098288933666,0.08916917559836801,-0.0011847912726809483,-0.0012293758604801322
2014-08-20,0.775230410794185,0.775230410794185,0.6872543097592804,0.1048444808659138,0.003202086543773217,0.00314966430334026
2014-08-21,0.8501536071961233,0.8501536071961233,0.70420795263711,0.016953642877829633,0.013267701905439713,0.013259225084000797
2014-08-22,0.8215017483634044,0.8215017483634044,0.775230410794185,0.07102245815707497,-0.004631530823640594,-0.004667042052719132
2014-08-25,0.767744128979362,0.767744128979362,0.8501536071961233,0.07492319640193834,-0.0031633344499875093,-0.0032007960481884785
2014-08-26,0.7266932424086557,0.7266932424086557,0.8215017483634044,0.028651858832718924,-0.00023580181380787417,-0.0002501277432242336
2014-08-27,0.6190917751522169,0.6190917751522169,0.767744128979362,0.05375761938404244,-0.0002207106601061535,-0.0002475894697981747
2014-08-28,0.5057342509819588,0.5057342509819588,0.7266932424086557,0.04105088657070621,-0.0029241610257632732,-0.0029446864690486265
2014-08-29,0.5179698303157201,0.5179698303157201,0.6190917751522169,0.10760146725643882,0.004823922905355827,0.004770122171727608
2014-09-02,0.4383607561561071,0.4383607561561071,0.5057342509819588,0.11335752417025813,-0.005068782114600533,-0.0051254608766856625
2014-09-03,0.3847647246880439,0.3847647246880439,0.5179698303157201,0.012235579333761293,0.0,-6.117789666880646e-06
2014-09-04,0.45924389937525634,0.45924389937525634,0.4383607561561071,0.07960907415961299,0.00431127241163062,0.004271467874550813
2014-09-05,0.49179682630090205,0.49179682630090205,0.3847647246880439,0.05359603146806319,0.000992012235812124,0.0009652142200780924
2014-09-08,0.6611978842006014,0.6611978842006014,0.45924389937525634,0.07447917468721243,0.004329964217082571,0.0042927246297389645
2014-09-09,0.5471263408594069,0.5471263408594069,0.49179682630090205,0.03255292692564571,-0.0058464700513159934,-0.005862746514778816
2014-09-10,0.5080286409873518,0.5080286409873518,0.6611978842006014,0.1694010578996994,0.002083352681498277,0.0019986521525484275
2014-09-11,0.4819923596164036,0.4819923596164036,0.5471263408594069,0.11407154334119451,0.0,-5.703577167059726e-05
2014-09-12,0.3877661602901382,0.3877661602901382,0.5080286409873518,0.039097699872055136,-0.005802744260421489,-0.005822293110357517
2014-09-15,0.3040321909855689,0.3040321909855689,0.4819923596164036,0.02603628137094821,-0.0011137790477192318,-0.001126797188404706
2014-09-16,0.32194436824094236,0.32194436824094236,0.3877661602901382,0.09422619932626536,0.004378558186546435,0.004331445086883302
2014-09-17,0.342773607785988,0.342773607785988,0.3040321909855689,0.08373396930456933,0.000435170616763988,0.0003933036321117033
2014-09-18,0.42701205685536564,0.42701205685536564,0.32194436824094236,0.017912177255373474,0.0017486630313944887,0.001739706942766802
2014-09-19,0.3691239593738374,0.3691239593738374,0.342773607785988,0.02082923954504562,-0.003411214106994196,-0.0034216287267667188
2014-09-22,0.29468339931697896,0.29468339931697896,0.42701205685536564,0.08423844906937766,-0.0013489397178375092,-0.001391058942372198
2014-09-23,0.21258563844262926,0.21258563844262926,0.3691239593738374,0.05788809748152823,-0.003083972823512793,-0.003112916872253557
2014-09-24,0.200561454071435,0.200561454071435,0.29468339931697896,0.07444056005685845,0.002825122420849475,0.0027879021408210455
2014-09-25,0.16099802042223646,0.16099802042223646,0.21258563844262926,0.0820977608743497,-0.0037316504831190955,-0.00377269936355627
2014-09-26,0.13673708028281314,0.13673708028281314,0.200561454071435,0.012024184371194263,0.0007049691832094743,0.0006989570910238772
2014-09-29,0.24160249876488776,0.24160249876488776,0.16099802042223646,0.03956343364919854,0.0030075939334037413,0.002987812216579142
2014-09-30,0.28168713002611334,0.28168713002611334,0.13673708028281314,0.024260940139423315,-0.0003134833857716414,-0.00032561385584135307
2014-10-01,0.23319893279972564,0.23319893279972564,0.24160249876488776,0.10486541848207462,-0.005759033291366215,-0.0058114660006072525
2014-10-02,0.16993413147680658,0.16993413147680658,0.28168713002611334,0.04008463126122558,-0.003895086266169093,-0.003915128581799706
2014-10-03,0.16289228462028577,0.16289228462028577,0.23319893279972564,0.0484881972263877,0.0035480454334989443,0.0035238013348857507
2014-10-06,0.15908461779113797,0.15908461779113797,0.16993413147680658,0.06326480132291906,0.0003995263003609198,0.0003678938996994603
2014-10-07,0.11223998862217796,0.11223998862217796,0.16289228462028577,0.007041846856520817,-0.003056314537799115,-0.0030598354612273756
2014-10-08,0.10858407561094245,0.10858407561094245,0.15908461779113797,0.0038076668291477933,0.0038024165383565324,0.0038005127049419584
2014-10-09,0.02296317455824795,0.02296317455824795,0.11223998862217796,0.04684462916896001,-0.0021288450554546035,-0.0021522673700390834
2014-10-10,-0.31802455029450133,-0.31802455029450133,0.10858407561094245,0.0036559130112355093,-0.005522872610360252,-0.00552470056686587
2014-10-13,-0.5453497001963342,-0.5453497001963342,0.02296317455824795,0.0856209010526945,-0.00031664020167277785,-0.0003594506521991251
2014-10-14,-0.5380000583888224,-0.5380000583888224,-0.31802455029450133,0.3409877248527493,-0.006770850778658532,-0.006941344641084907
2014-10-15,-0.6920000389258816,-0.6920000389258816,-0.5453497001963342,0.2273251499018329,0.014592400551248698,0.01447873797629778
2014-10-16,-0.7946666926172544,-0.7946666926172544,-0.5380000583888224,0.007349641807511853,0.007395764838142221,0.0073920900172384655
2014-10-17,-0.7455297278286217,-0.7455297278286217,-0.6920000389258816,0.1539999805370592,-0.01188864740963295,-0.01196564739990148
2014-10-20,-0.6781802481723449,-0.6781802481723449,-0.7946666926172544,0.10266665369137284,-0.005064684835909836,-0.0051160181627555226
2014-10-21,-0.4977545863543009,-0.4977545863543009,-0.7455297278286217,0.04913696478863272,-0.02431584391244271,-0.024340412394837026
2014-10-22,-0.4152852510001139,-0.4152852510001139,-0.6781802481723449,0.0673494796562768,0.007070939508062103,0.007037264768233965
2014-10-23,-0.3119044271005772,-0.3119044271005772,-0.4977545863543009,0.18042566181804398,-0.006478326106617812,-0.0065685389375268344
2014-10-24,-0.19432197652416083,-0.19432197652416083,-0.4152852510001139,0.08246933535418705,-0.006224830073642105,-0.006266064741319199
2014-10-27,-0.11524176200308155,-0.11524176200308155,-0.3119044271005772,0.10338082389953668,-0.00018808806932055995,-0.00023977848127032828
2014-10-28,-0.019912235802687958,-0.019912235802687958,-0.19432197652416083,0.11758245057641636,-0.003160650369460882,-0.0032194415947490902
2014-10-29,0.03985437267562218,0.03985437267562218,-0.11524176200308155,0.07908021452107929,-0.0006147691217843027,-0.0006543092290448424
2014-10-30,-0.009928494261204991,-0.009928494261204991,-0.019912235802687958,0.09532952620039359,0.0007866207205072661,0.0007389559574070693
2014-10-31,0.09056349945722762,0.09056349945722762,0.03985437267562218,0.05976660847831014,0.0017492735609459028,0.0017193902567067478
2014-11-03,0.19465074952046454,0.19465074952046454,-0.009928494261204991,0.04978286693682717,-8.758034917079107e-05,-0.00011247178263920467
2014-11-04,0.2905579959960039,0.2905579959960039,0.09056349945722762,0.10049199371843262,0.0006070894362986319,0.0005568434394394155
2014-11-05,0.28336558336425255,0.28336558336425255,0.19465074952046454,0.10408725006323692,-0.0031482026946693348,-0.003200246319700953
2014-11-06,0.28698673041830175,0.28698673041830175,0.2905579959960039,0.09590724647553936,0.0005164599098678124,0.00046850628663004277
2014-11-07,0.26287858848472667,0.26287858848472667,0.28336558336425255,0.007192412631751355,-0.0020108984161551244,-0.002014494622471
2014-11-10,0.21645618932472796,0.21645618932472796,0.28698673041830175,0.003621147054049201,-0.002734840705799391,-0.0027366512793264154
2014-11-11,0.18881581876162162,0.18881581876162162,0.26287858848472667,0.024108141933575078,0.0003951979758278092,0.0003831439048610217
2014-11-12,0.17666540406739573,0.17666540406739573,0.21645618932472796,0.04642239915999871,0.0004549016107340403,0.0004316904111540409
2014-11-13,0.17411201083756928,0.17411201083756928,0.18881581876162162,0.027640370563106337,0.0016969419033256046,0.0016831217180440514
2014-11-14,0.13092499958098175,0.13092499958098175,0.17666540406739573,0.012150414694225897,0.001416296294178992,0.001410221086831879
2014-11-17,0.11636451448355517,0.11636451448355517,0.17411201083756928,0.0025533932298264506,0.0014871929446043598,0.0014859162479894466
2014-11-18,0.19640817504334157,0.19640817504334157,0.13092499958098175,0.043187011256587526,0.001797187689194725,0.0017755941835664313
2014-11-19,0.16368300223167417,0.16368300223167417,0.11636451448355517,0.014560485097426579,-0.0012069113308567597,-0.001214191573405473
2014-11-20,0.4424553348211161,0.4424553348211161,0.19640817504334157,0.0800436605597864,0.009148553710052468,0.009108531879772576
2014-11-21,0.5211479138103815,0.5211479138103815,0.16368300223167417,0.0327251728116674,-0.0016390763992335448,-0.0016554389856393785
2014-11-24,0.6807652758735877,0.6807652758735877,0.4424553348211161,0.2787723325894419,0.008205115009027913,0.008065728842733192
2014-11-25,0.7871768505823918,0.7871768505823918,0.5211479138103815,0.0786925789892654,0.0010064461168652874,0.0009670998273706548
2014-11-26,0.8581179003882613,0.8581179003882613,0.6807652758735877,0.1596173620632062,0.010871273231424698,0.010791464550393095
2014-11-28,0.9054119335921742,0.9054119335921742,0.7871768505823918,0.10641157470880414,0.0074662230290665115,0.00741301724171211
2014-12-01,0.9141845446341466,0.9141845446341466,0.8581179003882613,0.07094104980586946,-0.0018428846232044682,-0.001878355148107403
2014-12-02,0.9427896964227644,0.9427896964227644,0.9054119335921742,0.0472940332039129,0.010474161996422095,0.01045051497982014
2014-12-03,0.9195914581166913,0.9195914581166913,0.9141845446341466,0.008772611041972356,-0.004133260255611487,-0.004137646561132474
2014-12-04,0.9083128901964265,0.9083128901964265,0.9427896964227644,0.02860515178861789,0.0007556752797675244,0.0007413727038732155
2014-12-05,0.9388752601309511,0.9388752601309511,0.9195914581166913,0.02319823830607315,0.005155374918365365,0.005143775799212329
2014-12-08,0.7668476229209907,0.7668476229209907,0.9083128901964265,0.011278567920264826,-0.011332865588798367,-0.0113385048727585
2014-12-09,0.5811333699020937,0.5811333699020937,0.9388752601309511,0.030562369934524658,-0.007824133569001636,-0.007839414753968899
2014-12-10,0.43280360104928883,0.43280360104928883,0.7668476229209907,0.1720276372099604,-0.009770286496121524,-0.009856300314726504
2014-12-11,0.3368607661884267,0.3368607661884267,0.5811333699020937,0.185714253018897,0.004468130483756784,0.004375273357247335
2014-12-12,0.24564592481267672,0.24564592481267672,0.43280360104928883,0.1483297688528049,-0.005542800599190587,-0.00561696548361699
2014-12-15,0.17791175425726058,0.17791175425726058,0.3368607661884267,0.09594283486086214,-0.002882440842584197,-0.0029304122600146277
2014-12-16,0.1209911232338857,0.1209911232338857,0.24564592481267672,0.09121484137574998,-0.002461834331288708,-0.002507441751976583
2014-12-17,0.12419712509228009,0.12419712509228009,0.17791175425726058,0.06773417055541614,0.0034021441684054577,0.0033682770831277497
2014-12-18,0.2446748930919908,0.2446748930919908,0.1209911232338857,0.056920631023374885,0.0026041438382561643,0.0025756835227444767
2014-12-19,0.2535725068738145,0.2535725068738145,0.12419712509228009,0.0032060018583943972,-0.0021807208157662186,-0.0021823238166954156
2014-12-22,0.39012008136970966,0.39012008136970966,0.2446748930919908,0.12047776799971072,0.005651064218416933,0.005590825334417077
2014-12-23,0.5281979747871124,0.5281979747871124,0.2535725068738145,0.008897613781823688,0.0014991715675521412,0.0014947227606612293
2014-12-24,0.6183653170202112,0.6183653170202112,0.39012008136970966,0.13654757449589516,0.00010418794345152931,3.5914156203581735e-05
2014-12-26,0.7090842795963881,0.7090842795963881,0.5281979747871124,0.13807789341740273,0.0015518497783001794,0.001482810831591478
2014-12-29,0.679415366418301,0.679415366418301,0.6183653170202112,0.09016734223309886,-0.006092951387233457,-0.006138035058350006
2014-12-30,0.5953292274085712,0.5953292274085712,0.7090842795963881,0.09071896257617684,-0.008010113896051798,-0.008055473377339887
2014-12-31,0.4924057678716489,0.4924057678716489,0.679415366418301,0.029668913178087064,-0.008686707826705784,-0.008701542283294828
2015-01-02,0.41842127863797773,0.41842127863797773,0.5953292274085712,0.08408613900972983,0.0011482345821591895,0.0011061915126543247
2015-01-05,0.32363254129046815,0.32363254129046815,0.4924057678716489,0.10292345953692228,-0.005552459637166345,-0.005603921366934806
2015-01-06,0.2380619387444386,0.2380619387444386,0.41842127863797773,0.07398448923367118,-0.007798061352346699,-0.007835053596963534
2015-01-07,0.21381939176116707,0.21381939176116707,0.32363254129046815,0.09478873734750959,0.006788180118616278,0.006740785749942523
2015-01-08,0.2758281867648535,0.2758281867648535,0.2380619387444386,0.08557060254602955,0.004428138987337276,0.004385353686064262
2015-01-09,0.3283190212345586,0.3283190212345586,0.21381939176116707,0.024242546983271523,0.00040796371591232206,0.0003958424424206863
2015-01-12,0.34791301297032395,0.34791301297032395,0.2758281867648535,0.06200879500368642,-0.0012005978460178609,-0.001231602243519704
2015-01-13,0.3387771691336891,0.3387771691336891,0.3283190212345586,0.052490834469705094,-0.0008969370738988165,-0.000923182491133669
2015-01-14,0.31115286044338,0.31115286044338,0.34791301297032395,0.01959399173576537,-0.0014297704812439816,-0.0014395674771118642
2015-01-15,0.2610029660338461,0.2610029660338461,0.3387771691336891,0.00913584383663485,-0.0014913206590574494,-0.0014958885809757667
2015-01-16,0.2545967390395004,0.2545967390395004,0.31115286044338,0.02762430869030913,0.002235529237534046,0.0022217170831888913
2015-01-20,0.2160727528439855,0.2160727528439855,0.2610029660338461,0.05014989440953388,-0.0025778478611858603,-0.002602922808390627
2015-01-21,0.19829878751359103,0.19829878751359103,0.2545967390395004,0.006406226994345676,0.0027512328699276826,0.0027480297564305097
2015-01-22,0.20867290329277005,0.20867290329277005,0.2160727528439855,0.03852398619551492,0.0025469085550268254,0.002527646561929068
2015-01-23,0.1628354435829547,0.1628354435829547,0.19829878751359103,0.017773965330394464,-0.0024712998150622978,-0.002480186797727495
2015-01-26,0.12403953497215989,0.12403953497215989,0.20867290329277005,0.010374115779179016,-0.003663977073871752,-0.003669164131761342
2015-01-27,0.04110682677148887,0.04110682677148887,0.1628354435829547,0.04583745970981534,-0.007366489680831521,-0.0073894084106864285
2015-01-28,-0.15076251239708163,-0.15076251239708163,0.12403953497215989,0.03879590861079482,-0.0014874574916205747,-0.0015068554459259722
2015-01-29,-0.2207945501586514,-0.2207945501586514,0.04110682677148887,0.08293270820067102,0.0005232780790934106,0.0004818117249930751
2015-01-30,-0.48052970010576757,-0.48052970010576757,-0.15076251239708163,0.19186933916857052,0.005156205898978088,0.005060271229393802
2015-02-02,-0.5115960456271881,-0.5115960456271881,-0.2207945501586514,0.07003203776156977,-0.004076447127800328,-0.004111463146681113
2015-02-03,-0.5251246065278627,-0.5251246065278627,-0.48052970010576757,0.25973514994711616,-0.0007139597461633459,-0.000843827321136904
2015-02-04,-0.5088480834747432,-0.5088480834747432,-0.5115960456271881,0.031066345521420513,-0.0021407653503849777,-0.002156298523145688
2015-02-05,-0.4493036480978059,-0.4493036480978059,-0.5251246065278627,0.013528560900674669,-0.005313694630308263,-0.005320458910758601
2015-02-06,-0.5105953635100664,-0.5105953635100664,-0.5088480834747432,0.01627652305311955,0.009595433775170976,0.009587295513644416
2015-02-09,-0.637020092245516,-0.637020092245516,-0.4493036480978059,0.05954443537693732,0.004992106967809826,0.004962334750121357
2015-02-10,-0.5489000871157023,-0.5489000871157023,-0.5105953635100664,0.06129171541226053,-0.01193912202001758,-0.01196976787772371
2015-02-11,-0.5107990624250817,-0.5107990624250817,-0.637020092245516,0.12642472873544963,0.002835254038938249,0.0027720416745705243
2015-02-12,-0.4131677398328496,-0.4131677398328496,-0.5489000871157023,0.08812000512981377,-0.009489102391368234,-0.00953316239393314
2015-02-13,-0.30505728865711895,-0.30505728865711895,-0.5107990624250817,0.0381010246906206,-0.0034422474192117667,-0.003461297931557077
2015-02-17,-0.2135778717848205,-0.2135778717848205,-0.4131677398328496,0.09763132259223206,-0.0045694330170200585,-0.004618248678316174
2015-02-18,-0.18017889927858444,-0.18017889927858444,-0.30505728865711895,0.10811045117573065,0.004127311841551496,0.004073256615963631
2015-02-19,-0.16934407156068038,-0.16934407156068038,-0.2135778717848205,0.09147941687229846,0.0003738857131879531,0.00032814600475180385
2015-02-20,-0.1470041763827075,-0.1470041763827075,-0.18017889927858444,0.03339897250623605,-0.001053384621621258,-0.001070084107874376
2015-02-23,-0.1894338149529208,-0.1894338149529208,-0.16934407156068038,0.01083482771790406,0.0031988816444842123,0.0031934642306252602
2015-02-24,-0.16065093457892532,-0.16065093457892532,-0.1470041763827075,0.022339895177972885,-0.0028303495378370785,-0.002841519485426065
2015-02-25,-0.17292115678270087,-0.17292115678270087,-0.1894338149529208,0.04242963857021331,0.002532338963788579,0.0025111241445034726
2015-02-26,-0.21837243218601463,-0.21837243218601463,-0.16065093457892532,0.028782880373995484,0.0014196037141261386,0.0014052122739391408
2015-02-27,-0.3115311817906555,-0.3115311817906555,-0.17292115678270087,0.01227022220377555,0.002055554727096044,0.0020494196159941565
2015-03-02,-0.27403849853934803,-0.27403849853934803,-0.21837243218601463,0.04545127540331376,-0.005319801024030626,-0.005342526661732283
2015-03-03,-0.2417390097041242,-0.2417390097041242,-0.3115311817906555,0.09315874960464085,-0.0003658079571938019,-0.00041238733199612233
2015-03-04,-0.21442026170141756,-0.21442026170141756,-0.27403849853934803,0.037492683251307446,-0.00016075242927711465,-0.00017949877090276837
2015-03-05,-0.2362405708222906,-0.2362405708222906,-0.2417390097041242,0.03229948883522382,0.002763146553210001,0.002746996808792389
2015-03-06,-0.35442544507739393,-0.35442544507739393,-0.21442026170141756,0.027318748002706644,0.003432765145787231,0.003419105771785878
2015-03-09,-0.5696169633849293,-0.5696169633849293,-0.2362405708222906,0.021820309120873044,0.0033454095400278936,0.0033344993854674573
2015-03-10,-0.7130779755899529,-0.7130779755899529,-0.35442544507739393,0.11818487425510332,0.011048688025455815,0.010989595588328264
2015-03-11,-0.6523917728730246,-0.6523917728730246,-0.5696169633849293,0.21519151830753536,-0.01132065657522704,-0.011428252334380808
2015-03-12,-0.7682611819153498,-0.7682611819153498,-0.7130779755899529,0.1434610122050236,0.033746374072216145,0.03367464356611363
2015-03-13,-0.816006417631538,-0.816006417631538,-0.6523917728730246,0.06068620271692826,-0.0027537868692082356,-0.0027841299705666997
2015-03-16,-0.8691652609893297,-0.8691652609893297,-0.7682611819153498,0.11586940904232512,0.0024839049491479797,0.002425970244626817
2015-03-17,-0.9127768406595531,-0.9127768406595531,-0.816006417631538,0.04774523571618827,0.006352418475049776,0.006328545857191682
2015-03-18,-0.8745150381013955,-0.8745150381013955,-0.8691652609893297,0.05315884335779164,-0.008523992810866477,-0.008550572232545373
2015-03-19,-0.8809960419379559,-0.8809960419379559,-0.9127768406595531,0.043611579670223444,0.004432379224206991,0.004410573434371879
2015-03-20,-0.7913403262821094,-0.7913403262821094,-0.8745150381013955,0.03826180255815759,-0.0162159672526191,-0.01623509815389818
2015-03-23,-0.7469598095095352,-0.7469598095095352,-0.8809960419379559,0.006481003836560362,0.003095178371472652,0.003091937869554372
2015-03-24,-0.7842739626574489,-0.7842739626574489,-0.7913403262821094,0.08965571565584651,0.010399079842959392,0.010354251985131468
2015-03-25,-0.8561826417716327,-0.8561826417716327,-0.7469598095095352,0.04438051677257415,0.021833900923008256,0.02181171066462197
2015-03-26,-0.8328406517605382,-0.8328406517605382,-0.7842739626574489,0.03731415314791364,-0.004985314237710581,-0.005003971314284537
2015-03-27,-0.6224841798436446,-0.6224841798436446,-0.8561826417716327,0.07190867911418386,-0.054650035083735664,-0.05468598942329275
2015-03-30,-0.5269173701684096,-0.5269173701684096,-0.8328406517605382,0.023341990011094493,0.014054150946916373,0.014042479951910826
2015-03-31,-0.4805005735363924,-0.4805005735363924,-0.6224841798436446,0.21035647191689366,0.0037594145572375673,0.0036542363212791204
2015-04-01,-0.5009978221719514,-0.5009978221719514,-0.5269173701684096,0.09556680967523501,0.007751187436779234,0.0077034040319416165
2015-04-02,-0.5151153122636205,-0.5151153122636205,-0.4805005735363924,0.04641679663201714,-0.0,-2.3208398316008573e-05
2015-04-06,-0.49655460911448895,-0.49655460911448895,-0.5009978221719514,0.020497248635559018,-0.0037398458601273963,-0.0037500944844451756
2015-04-07,-0.46280828968134485,-0.46280828968134485,-0.5151153122636205,0.014117490091669072,-0.0036510465826236527,-0.003658105327669487
2015-04-08,-0.43382722518814104,-0.43382722518814104,-0.49655460911448895,0.018560703149131552,-0.0007942442198734785,-0.0008035245714480443
2015-04-09,-0.4103673780980188,-0.4103673780980188,-0.46280828968134485,0.0337463194331441,0.001034798512667135,0.001017925352950563
2015-04-10,-0.34094608671330484,-0.34094608671330484,-0.43382722518814104,0.028981064493203812,-0.009582050977641572,-0.009596541509888173
2015-04-13,-0.2446504968912082,-0.2446504968912082,-0.4103673780980188,0.02345984709012222,0.0025705179582438164,0.0025587880346987554
2015-04-14,-0.17843990599202814,-0.17843990599202814,-0.34094608671330484,0.06942129138471398,0.002578742561419623,0.0025440319157272657
2015-04-15,-0.12600601450641616,-0.12600601450641616,-0.2446504968912082,0.09629558982209663,-0.010410676170805948,-0.010458823965716997
2015-04-16,-0.0886110344359423,-0.0886110344359423,-0.17843990599202814,0.06621059089918008,-0.0002173654708840103,-0.00025047076633360034
2015-04-17,-0.07548848869587732,-0.07548848869587732,-0.12600601450641616,0.05243389148561198,0.0015333792505483933,0.0015071623048055873
2015-04-20,-0.05461455188282296,-0.05461455188282296,-0.0886110344359423,0.03739498007047386,-0.0007095234597065451,-0.000728220949741782
2015-04-21,-0.04203914003764355,-0.04203914003764355,-0.07548848869587732,0.013122545740064981,0.0006919185354270612,0.0006853572625570287
2015-04-22,-0.008642713293641288,-0.008642713293641288,-0.05461455188282296,0.020873936813054363,-0.00045471580141439157,-0.00046515276982091874
2015-04-23,0.0002344054723341163,0.0002344054723341163,-0.04203914003764355,0.012575411845179407,0.00044995691019423904,0.00044366920427164934
2015-04-24,-0.005922109321674259,-0.005922109321674259,-0.008642713293641288,0.03339642674400226,7.213307282548045e-05,5.543485945347932e-05
2015-04-27,0.008185988191786838,0.008185988191786838,0.0002344054723341163,0.008877118765975404,3.068800738642242e-06,-1.3697586443454597e-06
2015-04-28,0.04653550698315667,0.04653550698315667,-0.005922109321674259,0.006156514794008376,-9.475472065793596e-05,-9.783297805494015e-05
2015-04-29,0.03869882051243273,0.03869882051243273,0.008185988191786838,0.014108097513461097,-3.222862520096401e-05,-3.928267395769456e-05
2015-04-30,0.029854277542501598,0.029854277542501598,0.04653550698315667,0.03834951879136983,-0.00048106138566179543,-0.0005002361450574804
2015-05-01,0.061592924723945716,0.061592924723945716,0.03869882051243273,0.007836686470723941,0.0010343437663192468,0.001030425423083885
2015-05-04,0.08278840875648183,0.08278840875648183,0.029854277542501598,0.008844542969931132,8.927890630182508e-06,4.505619145216942e-06
2015-05-05,0.07609052984103046,0.07609052984103046,0.061592924723945716,0.03173864718144412,-0.001020653511908683,-0.0010365228354994051
2015-05-06,0.05805974430933984,0.05805974430933984,0.08278840875648183,0.021195484032536113,-0.0010652929270899682,-0.0010758906691062363
2015-05-07,0.0463538905083654,0.0463538905083654,0.07609052984103046,0.006697878915451372,4.7230249123624047e-05,4.388130966589836e-05
2015-05-08,0.062022405567650006,0.062022405567650006,0.05805974430933984,0.018030785531690616,0.0010084916244620385,0.0009994762316961933
2015-05-11,0.06620369515042669,0.06620369515042669,0.0463538905083654,0.011705853800974442,-0.00015547230065925767,-0.0001613252275597449
2015-05-12,0.05185923434690763,0.05185923434690763,0.062022405567650006,0.015668515059284606,-0.0008348024685026197,-0.000842636726032262
2015-05-13,0.06847880289345507,0.06847880289345507,0.06620369515042669,0.004181289582776686,0.0008006133309502282,0.0007985226861588399
2015-05-14,0.1008884280781132,0.1008884280781132,0.05185923434690763,0.01434446080351906,0.0005243195090261435,0.0005171472786243839
2015-05-15,0.09839362747152573,0.09839362747152573,0.06847880289345507,0.016619568546547434,4.153864355858578e-05,3.322885928531206e-05
2015-05-18,0.14383076910577924,0.14383076910577924,0.1008884280781132,0.03240962518465813,0.0012844097035705456,0.0012682048909782165
2015-05-19,0.1339712435458924,0.1339712435458924,0.09839362747152573,0.002494800606587466,-0.0007657046700708714,-0.0007669520703741652
2015-05-20,0.16798212877706636,0.16798212877706636,0.14383076910577924,0.04543714163425351,0.0009545322699324169,0.0009318136991152902
2015-05-21,0.24043507003924094,0.24043507003924094,0.1339712435458924,0.00985952555988684,0.0007226644504456368,0.0007177346876656933
2015-05-22,0.23728507828085882,0.23728507828085882,0.16798212877706636,0.03401088523117396,-0.0005007115282635976,-0.0005177169708791847
2015-05-26,0.19463556334084564,0.19463556334084564,0.24043507003924094,0.07245294126217458,-0.0025157915798451943,-0.0025520180504762817
2015-05-27,0.32674178646609503,0.32674178646609503,0.23728507828085882,0.0031499917583821258,0.004372962957918193,0.004371387962039001
2015-05-28,0.5511611909773967,0.5511611909773967,0.19463556334084564,0.04264951494001318,0.0017321017146419019,0.0017107769571718954
2015-05-29,0.7007741273182645,0.7007741273182645,0.32674178646609503,0.1321062231252494,0.004323305340654982,0.0042572522290923575
2015-06-01,0.5803581812581575,0.5803581812581575,0.5511611909773967,0.22441940451130166,-0.00879670300296476,-0.008908912705220411
2015-06-02,0.4360774422836607,0.4360774422836607,0.7007741273182645,0.1496129363408678,-0.013226155121548053,-0.013300961589718486
2015-06-03,0.31566092590964306,0.31566092590964306,0.5803581812581575,0.12041594606010697,-0.009419762411442874,-0.009479970384472928
2015-06-04,0.22135333363243584,0.22135333363243584,0.4360774422836607,0.14428073897449684,-0.005595865911916108,-0.005668006281403356
2015-06-05,0.14295826506150877,0.14295826506150877,0.31566092590964306,0.12041651637401762,-0.004591714162106658,-0.004651922420293667
2015-06-08,0.0627275901479663,0.0627275901479663,0.22135333363243584,0.09430759227720723,-0.0037541154720633877,-0.0038012692682019913
2015-06-09,0.006202617631214456,0.006202617631214456,0.14295826506150877,0.07839506857092707,-0.00022838798608061943,-0.00026758552036608294
2015-06-10,-0.002558560311282488,-0.002558560311282488,0.0627275901479663,0.08023067491354247,0.001144144143566064,0.0011040288061092928
2015-06-11,-0.006499066741775353,-0.006499066741775353,0.006202617631214456,0.05652497251675185,5.849321029486562e-06,-2.241316522888936e-05
2015-06-12,-0.022951088205981567,-0.022951088205981567,-0.002558560311282488,0.008761177942496944,4.2575942804135846e-05,3.819535383288738e-05
2015-06-15,-0.03281620289470172,-0.03281620289470172,-0.006499066741775353,0.003940506430492865,-1.4524621751430773e-05,-1.6494874966677207e-05
2015-06-16,-0.03203523482360847,-0.03203523482360847,-0.022951088205981567,0.016452021464206212,-0.00018278805777483968,-0.00019101406850694278
2015-06-17,-0.022190769942152848,-0.022190769942152848,-0.03281620289470172,0.009865114688720152,-0.0003215322421766207,-0.0003264647995209808
2015-06-18,-0.0015721745251501065,-0.0015721745251501065,-0.03203523482360847,0.0007809680710932493,-0.00043114342695346845,-0.0004315339109890151
2015-06-19,-0.0013588375306474109,-0.0013588375306474109,-0.022190769942152848,0.009844464881455621,0.00021245222271306781,0.00020752999027234
2015-06-22,-0.005602938041646482,-0.005602938041646482,-0.0015721745251501065,0.02061859541700274,-9.314394224198054e-06,-1.9623691932699425e-05
2015-06-23,-0.020464254809804985,-0.020464254809804985,-0.0013588375306474109,0.00021333699450269564,7.160555291910802e-06,7.053886794659455e-06
2015-06-24,-0.03294286064511953,-0.03294286064511953,-0.005602938041646482,0.004244100510999072,3.1427491107628586e-05,2.930544085212905e-05
2015-06-25,-0.03806737524118429,-0.03806737524118429,-0.020464254809804985,0.014861316768158502,-5.130160524853332e-05,-5.873226363261257e-05
2015-06-26,-0.19100683027697846,-0.19100683027697846,-0.03294286064511953,0.012478605835314547,0.0009988901488782909,0.0009926508459606337
2015-06-29,-0.46067122018465234,-0.46067122018465234,-0.03806737524118429,0.005124514596064757,0.0007731276876081792,0.0007705654303101469
2015-06-30,-0.6256946738507101,-0.6256946738507101,-0.19100683027697846,0.15293945503579418,-0.00018855686937890143,-0.0002650265968967985
2015-07-01,-0.7504631159004734,-0.7504631159004734,-0.46067122018465234,0.2696643899076739,0.003634511245796652,0.003499679050842815
2015-07-02,-0.6850208901586952,-0.6850208901586952,-0.6256946738507101,0.16502345366605775,-0.007878080430772212,-0.00796059215760524
2015-07-06,-0.7900139267724635,-0.7900139267724635,-0.7504631159004734,0.12476844204976334,0.012769467916780212,0.012707083695755331
2015-07-07,-0.8600092845149758,-0.8600092845149758,-0.6850208901586952,0.06544222574177827,0.00319267776645492,0.003159956653584031
2015-07-08,-0.9066728563433173,-0.9066728563433173,-0.7900139267724635,0.10499303661376835,0.010568583820502051,0.010516087302195167
2015-07-09,-0.9377819042288782,-0.9377819042288782,-0.8600092845149758,0.06999535774251231,0.016617168458841477,0.01658217077997022
2015-07-10,-0.8857663319108071,-0.8857663319108071,-0.9066728563433173,0.046663571828341466,-0.007521782781573182,-0.0075451145674873535
2015-07-13,-0.7399420983597306,-0.7399420983597306,-0.9377819042288782,0.031109047885560903,-0.01800313261976662,-0.0180186871437094
2015-07-14,-0.6436858765273704,-0.6436858765273704,-0.8857663319108071,0.05201557231807108,0.0023834869762058403,0.0023574791900468047
2015-07-15,-0.5739446601594627,-0.5739446601594627,-0.7399420983597306,0.14582423355107654,-0.0009984462223221044,-0.0010713583390976427
2015-07-16,-0.5000338602301447,-0.5000338602301447,-0.6436858765273704,0.09625622183236016,-0.004552611388936825,-0.004600739499853006
2015-07-17,-0.5144670944575209,-0.5144670944575209,-0.5739446601594627,0.06974121636790775,0.008254032291999096,0.008219161683815143
2015-07-20,-0.6138945505015178,-0.6138945505015178,-0.5000338602301447,0.07391079992931793,0.006277886224403459,0.006240930824438801
2015-07-21,-0.7425963670010118,-0.7425963670010118,-0.5144670944575209,0.01443323422737619,0.006718157259567675,0.006710940642453987
2015-07-22,-0.8283975780006746,-0.8283975780006746,-0.6138945505015178,0.09942745604399683,0.00235116098705626,0.0023014472590342614
2015-07-23,-0.8855983853337832,-0.8855983853337832,-0.7425963670010118,0.12870181649949408,0.0002597720459917633,0.0001954211377420163
2015-07-24,-0.9237322568891888,-0.9237322568891888,-0.8283975780006746,0.08580121099966276,0.015641108939591593,0.015598208334091762
2015-07-27,-0.8350567149040261,-0.8350567149040261,-0.8855983853337832,0.057200807333108616,-0.009152770599720233,-0.009181371003386786
2015-07-28,-0.6988449193528526,-0.6988449193528526,-0.9237322568891888,0.038133871555405596,-0.019875721448052622,-0.019894788383830325
2015-07-29,-0.6017145801025083,-0.6017145801025083,-0.8350567149040261,0.0886755419851627,-0.0014418690560335386,-0.00148620682702612
2015-07-30,-0.5469318172836937,-0.5469318172836937,-0.6988449193528526,0.13621179555117346,0.00240913300374921,0.0023410271059736234
2015-07-31,-0.49904818043468646,-0.49904818043468646,-0.6017145801025083,0.09713033925034431,-0.0008325575448169399,-0.000881122714442112
2015-08-03,-0.4472468766265058,-0.4472468766265058,-0.5469318172836937,0.05478276281881467,-0.0018892573014569114,-0.0019166486828663188
2015-08-04,-0.39341481423703756,-0.39341481423703756,-0.49904818043468646,0.047883636849007205,-0.0013743524287073417,-0.0013982942471318454
2015-08-05,-0.33552976197410056,-0.33552976197410056,-0.4472468766265058,0.051801303808180654,-0.0035606213765412894,-0.0035865220284453797
2015-08-06,-0.3098633911948744,-0.3098633911948744,-0.39341481423703756,0.05383206238946825,0.0014860503842486724,0.0014591343530539382
2015-08-07,-0.2631006125756059,-0.2631006125756059,-0.33552976197410056,0.057885052262937,0.001503608198836074,0.0014746656727046053
2015-08-10,-0.21573201958186783,-0.21573201958186783,-0.3098633911948744,0.025666370779226177,-0.00815424830120362,-0.008167081486593234
2015-08-11,-0.24773340322842347,-0.24773340322842347,-0.2631006125756059,0.046762778619268475,0.005947257820394222,0.005923876431084588
2015-08-12,-0.2362118661697003,-0.2362118661697003,-0.21573201958186783,0.04736859299373808,-0.0036488403671130166,-0.0036725246636098857
2015-08-13,-0.2964497541465869,-0.2964497541465869,-0.24773340322842347,0.03200138364655564,0.004961380603632038,0.00494537991180876
2015-08-14,-0.3206256675141643,-0.3206256675141643,-0.2362118661697003,0.011521537058723164,-0.0012273255467714862,-0.0012330863153008477
2015-08-17,-0.33065588121161077,-0.33065588121161077,-0.2964497541465869,0.06023788797688662,-0.0006128910377275342,-0.0006430099817159774
2015-08-18,-0.3565263530732693,-0.3565263530732693,-0.3206256675141643,0.024175913367577406,0.0018742211552232918,0.0018621331985395032
2015-08-19,-0.4561412522063638,-0.4561412522063638,-0.33065588121161077,0.010030213697446444,0.006290674118942849,0.006285659012094126
2015-08-20,-0.6374275014709092,-0.6374275014709092,-0.3565263530732693,0.02587047186165853,0.010434312985137915,0.010421377749207086
2015-08-21,-0.7582850009806061,-0.7582850009806061,-0.4561412522063638,0.09961489913309451,0.016071762664780023,0.016021955215213476
2015-08-24,-0.8388566673204041,-0.8388566673204041,-0.6374275014709092,0.1812862492645454,0.007439929140091796,0.007349286015459523
2015-08-25,-0.8925711115469361,-0.8925711115469361,-0.7582850009806061,0.12085749950969693,0.010977115366084938,0.01091668661633009
2015-08-26,-0.7290982633681697,-0.7290982633681697,-0.8388566673204041,0.08057166633979795,-0.04636904031815481,-0.04640932615132471
2015-08-27,-0.5740899447515948,-0.5740899447515948,-0.8925711115469361,0.05371444422653204,-0.013731892594351423,-0.013758749816464688
2015-08-28,-0.41396430768797216,-0.41396430768797216,-0.7290982633681697,0.1634728481787664,-0.018411589741404902,-0.018493326165494286
2015-08-31,-0.29789168158561075,-0.29789168158561075,-0.5740899447515948,0.15500831861657494,-0.0024240511857944,-0.0025015553451026872
2015-09-01,-0.2810679028445283,-0.2810679028445283,-0.41396430768797216,0.16012563706362265,0.010443535441377057,0.010363472622845246
2015-09-02,-0.20498282269974605,-0.20498282269974605,-0.29789168158561075,0.11607262610236141,-0.008352156730073884,-0.008410193043125066
2015-09-03,-0.11731487367136681,-0.11731487367136681,-0.2810679028445283,0.01682377874108243,-0.004717203333912789,-0.00472561522328333
2015-09-04,-0.09957455335237692,-0.09957455335237692,-0.20498282269974605,0.07608508014478227,0.003947380123564322,0.0039093375834919316
2015-09-08,-0.019404515171567237,-0.019404515171567237,-0.11731487367136681,0.08766794902837924,-0.004031148452249103,-0.004074982426763293
2015-09-09,0.015123755769577845,0.015123755769577845,-0.09957455335237692,0.017740320318989894,0.0008775898590779431,0.0008687196989184482
2015-09-10,0.034014558145342766,0.034014558145342766,-0.019404515171567237,0.08017003818080967,-1.9904652426374364e-05,-5.9989671516779206e-05
2015-09-11,0.057318840304355516,0.057318840304355516,0.015123755769577845,0.03452827094114508,0.00010333742374446515,8.607328827389262e-05
2015-09-14,0.06994185776141856,0.06994185776141856,0.034014558145342766,0.01889080237576492,-9.232190388861469e-05,-0.00010176730507649715
2015-09-15,0.09805972747879049,0.09805972747879049,0.057318840304355516,0.02330428215901275,0.0006630806719411741,0.0006514285308616677
2015-09-16,0.11185362029508318,0.11185362029508318,0.06994185776141856,0.012623017457063047,9.41132972213735e-05,8.780178849284198e-05
2015-09-17,0.1121478305685468,0.1121478305685468,0.09805972747879049,0.02811786971737193,-0.00019766481256800053,-0.0002117237474266865
2015-09-18,0.088821836900199,0.088821836900199,0.11185362029508318,0.013793892816292688,-0.0025977165302899004,-0.002604613476698047
2015-09-21,0.09948711221017428,0.09948711221017428,0.1121478305685468,0.00029421027346361595,0.0005410063362731365,0.0005408592311364047
2015-09-22,0.07757973903024971,0.07757973903024971,0.088821836900199,0.023325993668347797,-0.0014925380313044081,-0.001504201028138582
2015-09-23,0.06480221144108217,0.06480221144108217,0.09948711221017428,0.010665275309975283,0.0002429157970558706,0.00023758315940088296
2015-09-24,0.05106507605155112,0.05106507605155112,0.07757973903024971,0.02190737317992457,-0.0007018347724634224,-0.0007127884590533846
2015-09-25,0.05315305549331405,0.05315305549331405,0.06480221144108217,0.012777527589167545,0.0007508750974066861,0.0007444863336121024
2015-09-28,0.07033296745716061,0.07033296745716061,0.05106507605155112,0.01373713538953105,-8.864241794029188e-05,-9.55109856350574e-05
2015-09-29,0.15612313123880467,0.15612313123880467,0.05315305549331405,0.0020879794417629285,0.0008871352185076382,0.0008860912287867568
2015-09-30,0.43741542082586976,0.43741542082586976,0.07033296745716061,0.017179911963846564,0.0021648284446870066,0.0021562384887050833
2015-10-01,0.5657364728778007,0.5657364728778007,0.15612313123880467,0.08579016378164406,-0.0007251835487757568,-0.0007680786306665789
2015-10-02,0.7104909819185339,0.7104909819185339,0.43741542082586976,0.2812922895870651,0.007435973952422551,0.007295327807629018
2015-10-05,0.8069939879456893,0.8069939879456893,0.5657364728778007,0.12832105205193095,0.0129798297543597,0.012915669228333735
2015-10-06,0.8713293252971264,0.8713293252971264,0.7104909819185339,0.14475450904073317,0.012065563692802478,0.011993186438282111
2015-10-07,0.9142195501980843,0.9142195501980843,0.8069939879456893,0.09650300602715545,0.014746627372244293,0.014698375869230715
2015-10-08,0.9428130334653897,0.9428130334653897,0.8713293252971264,0.06433533735143704,0.005391837895748347,0.0053596702270726285
2015-10-09,0.8449775354628519,0.8449775354628519,0.9142195501980843,0.04289022490095795,-0.01068286585150947,-0.01070431096395995
2015-10-12,0.7948339780712285,0.7948339780712285,0.9428130334653897,0.028593483267305375,0.0020534361920351305,0.002039139450401478
2015-10-13,0.7307321812512827,0.7307321812512827,0.8449775354628519,0.09783549800253777,-0.004459730271742612,-0.004508648020743881
2015-10-14,0.8204881208341885,0.8204881208341885,0.7948339780712285,0.05014355739162346,0.018853865357214703,0.018828793578518892
2015-10-15,0.8606062970949895,0.8606062970949895,0.7307321812512827,0.06410179681994577,-0.0011142082438323063,-0.0011462591422422793
2015-10-16,0.907070864729993,0.907070864729993,0.8204881208341885,0.08975593958290584,0.0072655989463936786,0.007220720976602225
2015-10-19,0.9380472431533287,0.9380472431533287,0.8606062970949895,0.04011817626080094,0.014326097776964985,0.014306038688834585
2015-10-20,0.9031588268751727,0.9031588268751727,0.907070864729993,0.046464567635003506,-0.004050623908888002,-0.004073856192705503
2015-10-21,0.8506656650389443,0.8506656650389443,0.9380472431533287,0.03097637842333567,-0.0019634949649975507,-0.0019789831542092184
2015-10-22,0.9004437766926296,0.9004437766926296,0.9031588268751727,0.034888416278155976,0.02787697415940649,0.027859529951267413
2015-10-23,0.9336291844617532,0.9336291844617532,0.8506656650389443,0.05249316183622843,0.01236438889863631,0.012338142317718195
2015-10-26,0.8821168762138074,0.8821168762138074,0.9004437766926296,0.0497781116536854,-0.0079982910978768,-0.008023180153703643
2015-10-27,0.8224661318975878,0.8224661318975878,0.9336291844617532,0.0331854077691236,-0.003239122369926564,-0.003255715073811126
2015-10-28,0.8258938666273264,0.8258938666273264,0.8821168762138074,0.05151230824794584,0.006141748548092161,0.006115992393968188
2015-10-29,0.7265663261666493,0.7265663261666493,0.8224661318975878,0.05965074431621964,-0.01611287172772093,-0.01614269709987904
2015-10-30,0.6416696468964254,0.6416696468964254,0.8258938666273264,0.003427734729738674,-0.004125702259367287,-0.004127416126732157
2015-11-02,0.6077610149038075,0.6077610149038075,0.7265663261666493,0.09932754046067716,0.005364672767549575,0.005315008997319236
2015-11-03,0.6158664066254006,0.6158664066254006,0.6416696468964254,0.08489667927022393,0.0037620900842428215,0.00371964174460771
2015-11-04,0.6361933923690174,0.6361933923690174,0.6077610149038075,0.033908631992617844,0.0014273384738181273,0.0014103841578218183
2015-11-05,0.568107754980061,0.568107754980061,0.6158664066254006,0.00810539172159308,-0.0027054341560182106,-0.002709486851879007
2015-11-06,0.4670418280942083,0.4670418280942083,0.6361933923690174,0.0203269857436168,-0.002993700056538919,-0.0030038635494107277
2015-11-09,0.36425561150171926,0.36425561150171926,0.568107754980061,0.06808563738895634,-0.008226283720199578,-0.008260326538894056
2015-11-10,0.2869493249815885,0.2869493249815885,0.4670418280942083,0.10106592688585275,-0.001960551296027149,-0.0020110842594700754
2015-11-11,0.21387320110705896,0.21387320110705896,0.36425561150171926,0.10278621659248904,-0.003838907007170191,-0.0038903001154664356
2015-11-12,0.14887731167694557,0.14887731167694557,0.2869493249815885,0.07730628652013077,-0.00401689893370873,-0.0040555520769687955
2015-11-13,0.1050236065481487,0.1050236065481487,0.21387320110705896,0.07307612387452952,-0.0019142947266737405,-0.0019508327886110053
2015-11-16,0.07303593891275909,0.07303593891275909,0.14887731167694557,0.06499588943011339,-4.637012316704836e-05,-7.886806788210505e-05
2015-11-17,0.08125497307151597,0.08125497307151597,0.1050236065481487,0.04385370512879687,0.0017667426958237519,0.0017448158432593534
2015-11-18,0.12263712355704626,0.12263712355704626,0.07303593891275909,0.03198766763538961,0.001163578158986697,0.0011475843251690023
2015-11-19,0.3454817217963636,0.3454817217963636,0.08125497307151597,0.008219034158756883,0.00279344828813492,0.0027893387710555416
2015-11-20,0.5636544811975758,0.5636544811975758,0.12263712355704626,0.04138215048553029,0.0012871463286626104,0.0012664552534198453
2015-11-23,0.6700651198883864,0.6700651198883864,0.3454817217963636,0.22284459823931735,-0.0017942306814550013,-0.00190565298057466
2015-11-24,0.717359990388966,0.717359990388966,0.5636544811975758,0.21817275940121217,-0.001961703408591509,-0.002070789788292115
2015-11-25,0.7605086184895926,0.7605086184895926,0.6700651198883864,0.10641063869081058,0.001755179411429418,0.0017019740920840127
2015-11-27,0.7867493150487459,0.7867493150487459,0.717359990388966,0.04729487050057968,0.00020825621470640753,0.00018460877945611768
2015-11-30,0.8578328766991641,0.8578328766991641,0.7605086184895926,0.043148628100626585,0.006841423857916937,0.006819849543866624
2015-12-01,0.9052219177994427,0.9052219177994427,0.7867493150487459,0.026240696559153287,0.007240679508752377,0.0072275591604728006
2015-12-02,0.8739544087801145,0.8739544087801145,0.8578328766991641,0.07108356165041818,-0.0063559765887898564,-0.006391518369615066
2015-12-03,0.7496612063407406,0.7496612063407406,0.9052219177994427,0.04738904110027864,-0.020531984554515662,-0.0205556790750658
2015-12-04,0.795837606041389,0.795837606041389,0.8739544087801145,0.03126750901932818,0.023106964079921914,0.02309133032541225
2015-12-07,0.8376462890733296,0.8376462890733296,0.7496612063407406,0.12429320243937392,0.0010728554560903412,0.0010107088548706542
2015-12-08,0.8115848623833435,0.8115848623833435,0.795837606041389,0.04617639970064835,-0.005458756376420455,-0.005481844576270779
2015-12-09,0.8064517845381722,0.8064517845381722,0.8376462890733296,0.04180868303194063,0.0014460550656089166,0.0014251507240929464
2015-12-10,0.7946343279475698,0.7946343279475698,0.8115848623833435,0.026061426689986122,-0.0009324707612446061,-0.0009455014745895991
2015-12-11,0.7098384791281105,0.7098384791281105,0.8064517845381722,0.005133077845171252,-0.011596997865365643,-0.01159956440428823
2015-12-14,0.6844147991531084,0.6844147991531084,0.7946343279475698,0.011817456590602404,0.004637523733796048,0.004631615005500747
2015-12-15,0.7896098661020723,0.7896098661020723,0.7098384791281105,0.08479584881945934,0.014620980286228292,0.014578582361818563
2015-12-16,0.859739910734715,0.859739910734715,0.6844147991531084,0.025423679975002056,0.00233459318358253,0.002321881343595029
2015-12-17,0.8199011145722434,0.8199011145722434,0.7896098661020723,0.10519506694896386,-0.008723822907733172,-0.008776420441207654
2015-12-18,0.6557034197840513,0.6557034197840513,0.859739910734715,0.07013004463264272,-0.02561228239637488,-0.0256473474186912
2015-12-21,0.5895429429122088,0.5895429429122088,0.8199011145722434,0.03983879616247166,0.008956796741688885,0.008936877343607649
2015-12-22,0.6093805393993992,0.6093805393993992,0.6557034197840513,0.16419769478819202,0.009383577040424895,0.009301478193030798
2015-12-23,0.6642906912468816,0.6642906912468816,0.5895429429122088,0.06616047687184257,0.004583295405270072,0.0045502151668341505
2015-12-24,0.6993278164578169,0.6993278164578169,0.6093805393993992,0.019837596487190412,-0.0003482575256723957,-0.0003581763239159909
2015-12-28,0.6988017129526314,0.6988017129526314,0.6642906912468816,0.05491015184748238,-0.0009494094690611335,-0.0009768645449848748
2015-12-29,0.799201141968421,0.799201141968421,0.6993278164578169,0.03503712521093538,0.01021035094395478,0.010192832381349312
2015-12-30,0.7222186904009134,0.7222186904009134,0.6988017129526314,0.00052610350518556,-0.008872880482110662,-0.008873143533863254
2015-12-31,0.569603171282872,0.569603171282872,0.799201141968421,0.10039942901578958,-0.012334152809431833,-0.012384352523939728
2016-01-04,0.4172073922045323,0.4172073922045323,0.7222186904009134,0.0769824515675076,-0.00964345575782255,-0.009681946983606304
2016-01-05,0.29183110317528793,0.29183110317528793,0.569603171282872,0.1526155191180414,-0.002681218733405894,-0.0027575264929649147
2016-01-06,0.15946982893233322,0.15946982893233322,0.4172073922045323,0.15239577907833968,-0.00924946223521516,-0.00932566012475433
2016-01-07,-0.21466895333081878,-0.21466895333081878,0.29183110317528793,0.12537628902924436,-0.01093921761126157,-0.011001905755776193
2016-01-08,-0.4764459688872125,-0.4764459688872125,0.15946982893233322,0.1323612742429547,-0.0016527934922414803,-0.0017189741293629577
2016-01-11,-0.4818065156620963,-0.4818065156620963,-0.21466895333081878,0.374138782263152,-0.003746985964905231,-0.0039340553560368065
2016-01-12,-0.39842405357099914,-0.39842405357099914,-0.4764459688872125,0.26177701555639377,-0.009213814018227977,-0.009344702526006174
2016-01-13,-0.4685560173574737,-0.4685560173574737,-0.4818065156620963,0.00536054677488379,0.01135211973216519,0.011349439458777748
2016-01-14,-0.38813770711226786,-0.38813770711226786,-0.39842405357099914,0.08338246209109718,-0.010363197128872617,-0.010404888359918166
2016-01-15,-0.5920918047415119,-0.5920918047415119,-0.4685560173574737,0.07013196378647457,0.04264805225520265,0.042612986273309415
2016-01-19,-0.7200500071070128,-0.7200500071070128,-0.38813770711226786,0.08041831024520585,-0.0005217191082585003,-0.0005619282633811032
2016-01-20,-0.8133666714046752,-0.8133666714046752,-0.5920918047415119,0.20395409762924405,0.004172364121163993,0.004070387072349371
2016-01-21,-0.8623437950164841,-0.8623437950164841,-0.7200500071070128,0.12795820236550093,-0.0017032986862337198,-0.0017672777874164704
2016-01-22,-0.8469360037625122,-0.8469360037625122,-0.8133666714046752,0.09331666429766239,-0.007404272779406294,-0.0074509311115551246
2016-01-25,-0.8959991776897568,-0.8959991776897568,-0.8623437950164841,0.04897712361180884,0.009508087555317728,0.009483598993511822
2016-01-26,-0.8671273079608017,-0.8671273079608017,-0.8469360037625122,0.015407791253971848,-0.00972840392661612,-0.009736107822243106
2016-01-27,-0.8693990682750862,-0.8693990682750862,-0.8959991776897568,0.049063173927244574,0.0038907473642090335,0.0038662157772454114
2016-01-28,-0.8430328440647219,-0.8430328440647219,-0.8671273079608017,0.028871869728955057,-0.004654341596003138,-0.004668777530867615
2016-01-29,-0.6867199635537596,-0.6867199635537596,-0.8693990682750862,0.0022717603142844434,-0.030459436277312842,-0.030460572157469983
2016-02-01,-0.4994172348740916,-0.4994172348740916,-0.8430328440647219,0.026366224210364275,0.005435516432072642,0.00542233331996746
2016-02-02,-0.5884520100101123,-0.5884520100101123,-0.6867199635537596,0.15631288051096226,0.02272714578250849,0.02264898934225301
2016-02-03,-0.7221071594998616,-0.7221071594998616,-0.4994172348740916,0.18730272867966802,0.0033813007765069888,0.0032876494121671547
2016-02-04,-0.6776078226896824,-0.6776078226896824,-0.5884520100101123,0.08903477513602065,-0.008624322896248728,-0.008668840283816738
2016-02-05,-0.7850718817931217,-0.7850718817931217,-0.7221071594998616,0.13365514948974933,0.01770723064353658,0.017640403068791704
2016-02-08,-0.8567145878620812,-0.8567145878620812,-0.6776078226896824,0.044499336810179146,0.005133346500593994,0.0051110968321889045
2016-02-09,-0.9044763919080543,-0.9044763919080543,-0.7850718817931217,0.10746405910343926,0.0002724057305716886,0.000218673701019969
2016-02-10,-0.9363175946053697,-0.9363175946053697,-0.8567145878620812,0.0716427060689595,0.017247536181685542,0.017211714828651064
2016-02-11,-0.9575450630702464,-0.9575450630702464,-0.9044763919080543,0.04776180404597308,0.00032001289277401395,0.00029613199075102743
2016-02-12,-0.8310573205777294,-0.8310573205777294,-0.9363175946053697,0.031841202697315385,-0.013935137367071145,-0.013951057968419802
2016-02-16,-0.7218979782438951,-0.7218979782438951,-0.9575450630702464,0.021227468464876775,-0.004680745641929673,-0.004691359376162111
2016-02-17,-0.5510851075510568,-0.5510851075510568,-0.8310573205777294,0.12648774249251704,-0.019924621260003866,-0.019987865131250126
2016-02-18,-0.44404061196645606,-0.44404061196645606,-0.7218979782438951,0.10915934233383429,0.001224803643554249,0.0011702239723873319
2016-02-19,-0.4803182032086317,-0.4803182032086317,-0.5510851075510568,0.17081287069283835,0.013299539249572544,0.013214132814226126
2016-02-22,-0.40859396881043664,-0.40859396881043664,-0.44404061196645606,0.10704449558460072,-0.009898446942308918,-0.00995196919010122
2016-02-23,-0.4451262019622686,-0.4451262019622686,-0.4803182032086317,0.036277591242175666,0.009000792228838846,0.008982653433217759
2016-02-24,-0.41517304618460804,-0.41517304618460804,-0.40859396881043664,0.07172423439819509,-0.0055330878397849255,-0.005568949956984023
2016-02-25,-0.34238951930048184,-0.34238951930048184,-0.4451262019622686,0.03653223315183196,-0.006557198080146063,-0.006575464196721979
2016-02-26,-0.28174631829659713,-0.28174631829659713,-0.41517304618460804,0.029953155777660556,-0.0025229001143344935,-0.002537876692223324
2016-02-29,-0.2558880366079543,-0.2558880366079543,-0.34238951930048184,0.0727835268841262,0.0024127069429203223,0.002376315179478259
2016-03-01,-0.2050386113558852,-0.2050386113558852,-0.28174631829659713,0.060643201003884706,-0.00742684958728694,-0.007457171187788882
2016-03-02,-0.160654883493556,-0.160654883493556,-0.2558880366079543,0.025858281688642848,-0.0014324093780581535,-0.001445338518902475
2016-03-03,-0.13053760656208752,-0.13053760656208752,-0.2050386113558852,0.05084942525206909,-0.0002685353000877152,-0.0002939600127137497
2016-03-04,-0.09770522527170748,-0.09770522527170748,-0.160654883493556,0.04438372786232919,-0.00026268013827238096,-0.00028487200220354554
2016-03-07,-0.06934619940713826,-0.06934619940713826,-0.13053760656208752,0.030117276931468484,-0.0013211367429790827,-0.0013361953814448168
2016-03-08,-0.05059562744491744,-0.05059562744491744,-0.09770522527170748,0.03283238129038003,0.0012000093163498204,0.0011835931257046304
2016-03-09,-0.03591809163249804,-0.03591809163249804,-0.06934619940713826,0.028359025864569218,-0.0007034477712188443,-0.0007176272841511289
2016-03-10,-0.02461018393394218,-0.02461018393394218,-0.05059562744491744,0.018750571962220824,-0.0006228214033470488,-0.0006321966893281591
2016-03-11,-0.01537013211616336,-0.01537013211616336,-0.03591809163249804,0.014677535812419401,-0.0005861870821663159,-0.0005935258500725256
2016-03-14,-0.010535916312709594,-0.010535916312709594,-0.02461018393394218,0.011307907698555858,0.0002557163538045451,0.00025006239995526715
2016-03-15,-0.006857568936505201,-0.006857568936505201,-0.01537013211616336,0.009240051817778821,-0.00010758624745540938,-0.00011220627336429878
2016-03-16,-0.004355136005058387,-0.004355136005058387,-0.010535916312709594,0.004834215803453766,-1.3316356598416688e-05,-1.573346450014357e-05
2016-03-17,-0.0021926714512579765,-0.0021926714512579765,-0.006857568936505201,0.0036783473762043925,-6.275529033009352e-05,-6.459446401819572e-05
2016-03-18,0.00444057194136762,0.00444057194136762,-0.004355136005058387,0.0025024329314468144,-9.532802557644368e-05,-9.657924204216708e-05
2016-03-21,0.00924253061958073,0.00924253061958073,-0.0021926714512579765,0.0021624645538004103,2.2812573544723577e-05,2.1731341267823373e-05
2016-03-22,0.00928421721852303,0.00928421721852303,0.00444057194136762,0.006633243392625597,-2.7455276081043477e-06,-6.062149304417146e-06
2016-03-23,0.009007636048082177,0.009007636048082177,0.00924253061958073,0.004801958678213109,-9.15117349988455e-05,-9.391271433795206e-05
2016-03-24,0.007882135766052645,0.007882135766052645,0.00928421721852303,4.168659894230112e-05,-3.4817270436945484e-05,-3.4838113736416634e-05
2016-03-28,0.006974688986583121,0.006974688986583121,0.009007636048082177,0.00027658117044085384,5.651651471445853e-06,5.513360886225426e-06
2016-03-29,0.01248613595862226,0.01248613595862226,0.007882135766052645,0.0011255002820295314,0.00011860409223521597,0.00011804134209420121
2016-03-30,0.03982726713869373,0.03982726713869373,0.006974688986583121,0.0009074467794695238,7.10819929286275e-05,7.062826953889273e-05
2016-03-31,0.05437936481787109,0.05437936481787109,0.01248613595862226,0.005511446972039139,-0.00013742119730885465,-0.0001401769207948742
2016-04-01,0.16526458747866482,0.16526458747866482,0.03982726713869373,0.02734113118007147,0.00012311684534579008,0.00010944627975575434
2016-04-04,0.1392227538951788,0.1392227538951788,0.05437936481787109,0.01455209767917736,-0.0007541066586809794,-0.0007613827075205681
2016-04-05,0.11298975527604355,0.11298975527604355,0.16526458747866482,0.11088522266079373,-0.0005164651950725743,-0.0005719078064029712
2016-04-06,0.11496668202300556,0.11496668202300556,0.1392227538951788,0.026041833583486024,0.0007856054101428808,0.0007725844933511378
2016-04-07,0.09142036861896471,0.09142036861896471,0.11298975527604355,0.02623299861913525,-0.0018667379131460952,-0.001879854412455663
2016-04-08,0.07973443639826414,0.07973443639826414,0.11496668202300556,0.00197692674696201,0.00029150800805097997,0.00029051954467749895
2016-04-11,0.07513095207009661,0.07513095207009661,0.09142036861896471,0.02354631340404084,0.00011564703635352249,0.00010387387965150207
2016-04-12,0.07239621278884456,0.07239621278884456,0.07973443639826414,0.011685932220700579,0.0004783389906752706,0.0004724960245649203
2016-04-13,0.14953333558782728,0.14953333558782728,0.07513095207009661,0.004603484328167526,0.0006367098204261439,0.0006344080782620601
2016-04-14,0.15207062739511618,0.15207062739511618,0.07239621278884456,0.0027347392812520493,-0.0007435665394688581,-0.0007449339091094841
2016-04-15,0.13184346596036872,0.13184346596036872,0.14953333558782728,0.07713712279898272,-0.0015987869778692672,-0.0016373555392687586
2016-04-18,0.12406058826221575,0.12406058826221575,0.15207062739511618,0.0025372918072888995,0.000918396195972572,0.0009171275500689275
2016-04-19,0.1155795004920124,0.1155795004920124,0.13184346596036872,0.020227161434747454,-0.00020825402864604032,-0.00021836760936341405
2016-04-20,0.16403623606350648,0.16403623606350648,0.12406058826221575,0.0077828776981529735,0.0015703617508023415,0.001566470311953265
2016-04-21,0.15617966007215855,0.15617966007215855,0.1155795004920124,0.008481087770203344,-0.00010835599233146609,-0.00011259653621656776
2016-04-22,0.13618342137515752,0.13618342137515752,0.16403623606350648,0.048456735571494075,-0.0016932020891010458,-0.0017174304568867928
2016-04-25,0.11363621243169897,0.11363621243169897,0.15617966007215855,0.007856575991347925,-0.0012340506466639374,-0.0012379789346596115
2016-04-26,0.10087257786426762,0.10087257786426762,0.13618342137515752,0.01999623869700104,4.337403994902818e-05,3.337592060052766e-05
2016-04-27,0.12036035543876235,0.12036035543876235,0.11363621243169897,0.022547208943458547,0.0012666742592569895,0.0012554006547852603
2016-04-28,0.1118865637029385,0.1118865637029385,0.10087257786426762,0.012763634567431348,-0.0020333178775680475,-0.0020396996948517632
2016-04-29,0.06874817778437421,0.06874817778437421,0.12036035543876235,0.019487777574494727,-0.003211180720935456,-0.0032209246097227033
2016-05-02,0.059935677716907415,0.059935677716907415,0.1118865637029385,0.008473791735823855,0.0012193647769154262,0.0012151278810475143
2016-05-03,0.03850380611137739,0.03850380611137739,0.06874817778437421,0.04313838591856428,-0.0005614749345063424,-0.0005830441274656245
2016-05-04,0.010461287689374323,0.010461287689374323,0.059935677716907415,0.008812500067466797,-0.000497821280006468,-0.0005022275300402013
2016-05-05,-0.0056682505431958526,-0.0056682505431958526,0.03850380611137739,0.021431871605530027,6.450011016561603e-05,5.378417436285102e-05
2016-05-06,-0.008849150483638678,-0.008849150483638678,0.010461287689374323,0.028042518422003067,4.8983135285806526e-05,3.496187607480499e-05
2016-05-09,-0.04559502985698221,-0.04559502985698221,-0.0056682505431958526,0.016129538232570177,4.5286355321598783e-05,3.7221586205313696e-05
2016-05-10,-0.04952872406097012,-0.04952872406097012,-0.008849150483638678,0.0031808999404428252,-0.0001009639327060451,-0.00010255438267626652
2016-05-11,-0.05585282196535707,-0.05585282196535707,-0.04559502985698221,0.03674587937334353,0.00012102274610587872,0.00010264980641920695
2016-05-12,-0.07975881335431229,-0.07975881335431229,-0.04952872406097012,0.003933694203987911,0.0004942949537096186,0.0004923281066076246
2016-05-13,-0.0654460901690634,-0.0654460901690634,-0.05585282196535707,0.006324097904386948,-0.000281518568678501,-0.00028468061763069446
2016-05-16,-0.04510823677938885,-0.04510823677938885,-0.07975881335431229,0.023905991388955217,-0.0012799763128035755,-0.001291929308498053
2016-05-17,-0.05318090392158851,-0.05318090392158851,-0.0654460901690634,0.014312723185248885,0.0008829513559782994,0.000875794994385675
2016-05-18,-0.07524753420371072,-0.07524753420371072,-0.04510823677938885,0.020337853389674553,-1.5052895963781474e-05,-2.5221822658618752e-05
2016-05-19,-0.22850592823178087,-0.22850592823178087,-0.05318090392158851,0.00807266714219966,0.0006383938824044637,0.000634357548833364
2016-05-20,-0.22812761815974192,-0.22812761815974192,-0.07524753420371072,0.02206663028212221,-0.0013205770736210278,-0.001331610388762089
2016-05-23,-0.21355121321532608,-0.21355121321532608,-0.22850592823178087,0.15325839402807015,-0.0006063214117735239,-0.000682950608787559
2016-05-24,-0.13498859142828362,-0.13498859142828362,-0.22812761815974192,0.00037831007203895095,-0.006263525655681966,-0.006263714810717986
2016-05-25,-0.0384616559030872,-0.0384616559030872,-0.21355121321532608,0.014576404944415838,-0.002268875294527592,-0.0022761634969998
2016-05-26,0.03544627233846004,0.03544627233846004,-0.13498859142828362,0.07856262178704246,-0.00043005751861073744,-0.00046933882950425866
2016-05-27,0.09704525509012184,0.09704525509012184,-0.0384616559030872,0.09652693552519642,-9.770333261809833e-05,-0.00014596680038069654
2016-05-31,0.1376129110581269,0.1376129110581269,0.03544627233846004,0.07390792824154724,2.2457810026609605e-05,-1.4496154094164012e-05
2016-06-01,0.16172889221856546,0.16172889221856546,0.09704525509012184,0.0615989827516618,0.00021505128511708352,0.00018425179374125262
2016-06-02,0.19442573635938232,0.19442573635938232,0.1376129110581269,0.04056765596800506,0.0004346896729090383,0.00041440584492503577
2016-06-03,0.18108211565697438,0.18108211565697438,0.16172889221856546,0.02411598116043856,-0.000712990534173929,-0.0007250485247541483
2016-06-06,0.1713012588220125,0.1713012588220125,0.19442573635938232,0.03269684414081686,0.00036896451990099357,0.00035261609783058514
2016-06-07,0.1983956075672831,0.1983956075672831,0.18108211565697438,0.013343620702407938,0.0011431956710258012,0.0011365238606745973
2016-06-08,0.13545243142562471,0.13545243142562471,0.1713012588220125,0.009780856834961882,5.3782870402171434e-05,4.889244198469049e-05
2016-06-09,0.09038677337873227,0.09038677337873227,0.1983956075672831,0.027094348745270613,0.00031105507986255214,0.00029750790548991685
2016-06-10,0.060614060053584704,0.060614060053584704,0.13545243142562471,0.0629431761416584,0.00042406396393410926,0.00039259237586328005
2016-06-13,0.044369577942728736,0.044369577942728736,0.09038677337873227,0.04506565804689244,0.00036672257432558095,0.00034418974530213474
2016-06-14,0.03458595611945012,0.03458595611945012,0.060614060053584704,0.029772713325147568,-5.65196083706323e-05,-7.140596503320608e-05
2016-06-15,0.044642170787638824,0.044642170787638824,0.044369577942728736,0.016244482110855968,-0.0007316628385939388,-0.0007397850796493667
2016-06-16,0.056710808424339385,0.056710808424339385,0.03458595611945012,0.009783621823278618,8.752703175019493e-05,8.263522083855561e-05
2016-06-17,0.06963079403856576,0.06963079403856576,0.044642170787638824,0.010056214668188707,9.862109567020302e-05,9.359298833610867e-05
2016-06-20,0.19933510093938073,0.19933510093938073,0.056710808424339385,0.01206863763670056,0.0007320764556240362,0.0007260421368056859
2016-06-21,0.36875255161910114,0.36875255161910114,0.06963079403856576,0.012919985614226373,0.0003246722674093502,0.000318212274602237
2016-06-22,0.46419531135793235,0.46419531135793235,0.19933510093938073,0.12970430690081497,-0.0001850074602509745,-0.000249859613701382
2016-06-23,0.6427968742386216,0.6427968742386216,0.36875255161910114,0.16941745067972042,0.007994046257993688,0.007909337532653828
2016-06-24,0.4662861797823169,0.4662861797823169,0.46419531135793235,0.0954427597388312,-0.02026196109086309,-0.020309682470732504
2016-06-27,0.23320960222138518,0.23320960222138518,0.6427968742386216,0.1786015628806893,-0.016910288560893213,-0.016999589342333556
2016-06-28,0.1449579712736448,0.1449579712736448,0.4662861797823169,0.17651069445630474,0.007133912254810837,0.007045656907582685
2016-06-29,0.19473550874766077,0.19473550874766077,0.23320960222138518,0.23307657756093172,0.005533003604639292,0.005416465315858826
2016-06-30,0.40873060227112545,0.40873060227112545,0.1449579712736448,0.08825163094774038,0.003949711100703048,0.003905585285229178
2016-07-01,0.5390162615598837,0.5390162615598837,0.19473550874766077,0.049777537474015976,-0.00029684593313743127,-0.00032173470187443927
2016-07-05,0.6079168011793813,0.6079168011793813,0.40873060227112545,0.21399509352346469,-0.0008737797079416634,-0.0009807772547033957
2016-07-06,0.7325523845064348,0.7325523845064348,0.5390162615598837,0.13028565928875824,0.00478343338503422,0.004718290555389841
2016-07-07,0.8217015896709565,0.8217015896709565,0.6079168011793813,0.0689005396194976,0.004240707404345888,0.00420625713453614
2016-07-08,0.881134393113971,0.881134393113971,0.7325523845064348,0.12463558332705349,0.017651870992289202,0.017589553200625677
2016-07-11,0.9207562620759808,0.9207562620759808,0.8217015896709565,0.08914920516452174,0.00918391028429428,0.00913933568171202
2016-07-12,0.9471708413839872,0.9471708413839872,0.881134393113971,0.05943280344301449,0.014352054037898408,0.0143223376361769
2016-07-13,0.9647805609226583,0.9647805609226583,0.9207562620759808,0.03962186896200981,0.001844757006319244,0.0018249460718382392
2016-07-14,0.9765203739484389,0.9765203739484389,0.9471708413839872,0.026414579308006392,0.0051405169541284875,0.005127309664474484
2016-07-15,0.9154319186422821,0.9154319186422821,0.9647805609226583,0.017609719538671076,-0.0035632212621097025,-0.003572026121879038
2016-07-18,0.8643607806248014,0.8643607806248014,0.9765203739484389,0.011739813025780643,-0.0005569508589564209,-0.0005628207654693112
2016-07-19,0.8783360528893147,0.8783360528893147,0.9154319186422821,0.06108845530615681,0.002611727664999756,0.002581183437346678
2016-07-20,0.9188907019262098,0.9188907019262098,0.8643607806248014,0.051071138017480755,0.013278924785280252,0.013253389216271512
2016-07-21,0.7337692111666311,0.7337692111666311,0.8783360528893147,0.013975272264513339,-0.034946409368785354,-0.03495339700491761
2016-07-22,0.6431976407097346,0.6431976407097346,0.9188907019262098,0.040554649036895096,0.010457185814976542,0.010436908490458094
2016-07-25,0.5865749935257225,0.5865749935257225,0.7337692111666311,0.18512149075957873,0.0006350999468443388,0.0005425392014645494
2016-07-26,0.6051888698793778,0.6051888698793778,0.6431976407097346,0.09057157045689646,0.007416698759413004,0.007371412974184556
2016-07-27,0.5811025069894289,0.5811025069894289,0.5865749935257225,0.05662264718401211,-0.00434633420546808,-0.0043746455290600865
2016-07-28,0.5567851951575999,0.5567851951575999,0.6051888698793778,0.0186138763536553,-0.0010424647895481683,-0.0010517717277249959
2016-07-29,0.5531215013392619,0.5531215013392619,0.5811025069894289,0.02408636288994892,0.001504152334158925,0.0014921091527139506
2016-08-01,0.5492989069819788,0.5492989069819788,0.5567851951575999,0.024317311831828947,-0.00015967873312349804,-0.00017183738903941252
2016-08-02,0.5117193305810598,0.5117193305810598,0.5531215013392619,0.0036636938183380874,-0.004602887850278385,-0.004604719697187554
2016-08-03,0.47249902152568524,0.47249902152568524,0.5492989069819788,0.003822594357283049,-0.0008007165536015826,-0.0008026278507802241
2016-08-04,0.3685152218403446,0.3685152218403446,0.5117193305810598,0.037579576400919024,0.0049304738582872905,0.004911684070086831
2016-08-05,0.3686141115352758,0.3686141115352758,0.47249902152568524,0.03922030905537455,0.005465598552429785,0.005445988397902098
2016-08-08,0.387272316790444,0.387272316790444,0.3685152218403446,0.10398379968534066,0.0006321922296003685,0.0005802003297576982
2016-08-09,0.3452955201768759,0.3452955201768759,0.3686141115352758,9.888969493121458e-05,-0.0012624340001651713,-0.0012624834450126368
2016-08-10,0.27661373380916243,0.27661373380916243,0.387272316790444,0.018658205255168203,-0.004325251816885366,-0.00433458091951295
2016-08-11,0.252341652127799,0.252341652127799,0.3452955201768759,0.04197679661356807,0.0014999838321484965,0.0014789954338417124
2016-08-12,0.2237803060858513,0.2237803060858513,0.27661373380916243,0.0686817863677135,-0.000877329798277911,-0.0009116706914617678
2016-08-15,0.266518978869967,0.266518978869967,0.252341652127799,0.02427208168136341,0.002481792926045152,0.0024696568852044702
2016-08-16,0.3824304871472768,0.3824304871472768,0.2237803060858513,0.02856134604194771,0.0019230508212684913,0.0019087701482475175
2016-08-17,0.38616512549910015,0.38616512549910015,0.266518978869967,0.042738672784115694,-0.001438257758474848,-0.0014596270948669058
2016-08-18,0.3710248249161042,0.3710248249161042,0.3824304871472768,0.11591150827730978,-0.0005459585769549311,-0.000603914331093586
2016-08-19,0.44881235640818407,0.44881235640818407,0.38616512549910015,0.0037346383518233606,0.002981607558512306,0.0029797402393363943
2016-08-22,0.5800944024811956,0.5800944024811956,0.3710248249161042,0.015140300582995925,0.0012633052972610352,0.0012557351469695372
2016-08-23,0.6997753294264561,0.6997753294264561,0.44881235640818407,0.07778753149207984,0.0005077592831110925,0.00046886551736505255
2016-08-24,0.5942518000989497,0.5942518000989497,0.5800944024811956,0.13128204607301153,-0.004096734002577421,-0.004162375025613927
2016-08-25,0.5010381511868512,0.5010381511868512,0.6997753294264561,0.11968092694526056,-0.0011944327200448855,-0.0012542731835175158
2016-08-26,0.5174838430572324,0.5174838430572324,0.5942518000989497,0.10552352932750642,0.0028789240186398338,0.0028261622539760807
2016-08-29,0.678322562038155,0.678322562038155,0.5010381511868512,0.09321364891209849,0.004120691312451223,0.004074084487995174
2016-08-30,0.7855483746921034,0.7855483746921034,0.5174838430572324,0.01644569187038114,0.0021836188349274154,0.002175395988992225
2016-08-31,0.8570322497947356,0.8570322497947356,0.678322562038155,0.1608387189809226,0.0036099822988502855,0.0035295629393598243
2016-09-01,0.9046881665298239,0.9046881665298239,0.7855483746921034,0.10722581265394837,0.0028457198872549605,0.0027921069809279863
2016-09-02,0.9364587776865494,0.9364587776865494,0.8570322497947356,0.07148387510263221,0.00142757456932121,0.001391832631769894
2016-09-06,0.9576391851243664,0.9576391851243664,0.9046881665298239,0.04765591673508829,0.012286341066760905,0.012262513108393361
2016-09-07,0.8772748033130435,0.8772748033130435,0.9364587776865494,0.031770611156725526,-0.0028168852944840533,-0.002832770600062416
2016-09-08,0.7782944275614061,0.7782944275614061,0.9576391851243664,0.021180407437817017,-0.0005254261537163395,-0.000536016357435248
2016-09-09,0.6193008734350877,0.6193008734350877,0.8772748033130435,0.08036438181132288,-0.02407441006440828,-0.02411459225531394
2016-09-12,0.6208134035397042,0.6208134035397042,0.7782944275614061,0.09898037575163743,0.014055205232973022,0.014005715045097204
2016-09-13,0.5541970592807317,0.5541970592807317,0.6193008734350877,0.15899355412631844,-0.008067522380894839,-0.008147019157957998
2016-09-14,0.5110006830713374,0.5110006830713374,0.6208134035397042,0.001512530104616494,0.00017433448852089683,0.00017357822346858857
2016-09-15,0.6714481041130651,0.6714481041130651,0.5541970592807317,0.06661634425897245,0.014625101315795563,0.014591793143666076
2016-09-16,0.7809654027420434,0.7809654027420434,0.5110006830713374,0.043196376209394316,0.015514638697863454,0.015493040509758756
2016-09-19,0.7744592972759488,0.7744592972759488,0.6714481041130651,0.1604474210417277,-0.00909073781481142,-0.009170961525332283
2016-09-20,0.7731097816064509,0.7731097816064509,0.7809654027420434,0.1095172986289783,-0.00042032027069027457,-0.0004750789200047637
2016-09-21,0.8138828155934744,0.8138828155934744,0.7744592972759488,0.006506105466094647,0.006464217148631117,0.00646096409589807
2016-09-22,0.8540604428574642,0.8540604428574642,0.7731097816064509,0.0013495156694978139,0.0020645943182713254,0.0020639195604365765
2016-09-23,0.801431606222013,0.801431606222013,0.8138828155934744,0.04077303398702348,-0.007802817053735503,-0.007823203570729015
2016-09-26,0.6897644774357767,0.6897644774357767,0.8540604428574642,0.04017762726398977,-0.012400979388158576,-0.01242106820179057
2016-09-27,0.6905702155659756,0.6905702155659756,0.801431606222013,0.05262883663545115,0.01158954346356661,0.011563229045248884
2016-09-28,0.7379465959132202,0.7379465959132202,0.6897644774357767,0.1116671287862363,0.004823637451827344,0.004767803887434226
2016-09-29,0.7309247855907934,0.7309247855907934,0.6905702155659756,0.0008057381301989075,-0.002213422715289441,-0.0022138255843545404
2016-09-30,0.8206165237271956,0.8206165237271956,0.7379465959132202,0.04737638034724456,0.008502577900276297,0.008478889710102674
2016-10-03,0.8259694862311713,0.8259694862311713,0.7309247855907934,0.007021810322426769,-0.0017426697155778913,-0.0017461806207391046
2016-10-04,0.7736311876050959,0.7736311876050959,0.8206165237271956,0.08969173813640219,-0.002614935068756834,-0.002659780937825035
2016-10-05,0.8490874584033974,0.8490874584033974,0.8259694862311713,0.005352962503975656,0.009901251831033747,0.009898575349781759
2016-10-06,0.8993916389355983,0.8993916389355983,0.7736311876050959,0.05233829862607542,0.0016291518852746642,0.0016029827359616265
2016-10-07,0.9329277592903988,0.9329277592903988,0.8490874584033974,0.07545627079830153,0.000668880581712314,0.0006311524463131632
2016-10-10,0.8884818184145375,0.8884818184145375,0.8993916389355983,0.05030418053220087,-0.0018884057255115882,-0.0019135578157776886
2016-10-11,0.6698732852768827,0.6698732852768827,0.9329277592903988,0.03353612035480058,-0.018403577879467056,-0.018420345939644457
2016-10-12,0.5041247149691956,0.5041247149691956,0.8884818184145375,0.04444594087586129,-0.0033372563973010478,-0.0033594793677389784
2016-10-13,0.3815385525458281,0.3815385525458281,0.6698732852768827,0.21860853313765483,-0.002886611062930124,-0.0029959153294989516
2016-10-14,0.37321208874387257,0.37321208874387257,0.5041247149691956,0.16574857030768708,0.006545215784580576,0.0064623414994267325
2016-10-17,0.34322660940453364,0.34322660940453364,0.3815385525458281,0.12258616242336756,-0.0016298818571891882,-0.001691174938400872
2016-10-18,0.4302647954788414,0.4302647954788414,0.37321208874387257,0.008326463801955508,0.004603786781338421,0.004599623549437444
2016-10-19,0.20941883655303742,0.20941883655303742,0.34322660940453364,0.029985479339338927,-0.020366296821666918,-0.02038128956133659
2016-10-20,0.051328314962970065,0.051328314962970065,0.4302647954788414,0.08703818607430774,-0.000969381690927036,-0.00101290078396419
2016-10-21,-0.09542350548205673,-0.09542350548205673,0.20941883655303742,0.22084595892580397,-0.0016550232347186974,-0.0017654462141815995
2016-10-24,-0.1767287300651223,-0.1767287300651223,0.051328314962970065,0.15809052159006737,0.00016063043666887382,8.158517587384012e-05
2016-10-25,-0.2547927567593109,-0.2547927567593109,-0.09542350548205673,0.1467518204450268,0.00043301206054133934,0.00035963615031882595
2016-10-26,-0.3386746757912189,-0.3386746757912189,-0.1767287300651223,0.08130522458306556,0.0009062535267179524,0.0008656009144264197
2016-10-27,-0.4739986127563487,-0.4739986127563487,-0.2547927567593109,0.0780640266941886,0.0008027039035283022,0.0007636718901812079
2016-10-28,-0.5812127081181919,-0.5812127081181919,-0.3386746757912189,0.083881919031908,0.0006810145312516914,0.0006390735717357374
2016-10-31,-0.618582242857804,-0.618582242857804,-0.4739986127563487,0.1353239369651298,-0.0017738153282519091,-0.001841477296734474
2016-11-01,-0.745721495238536,-0.745721495238536,-0.5812127081181919,0.10721409536184323,0.005833716698319985,0.005780109650639064
2016-11-02,-0.655972585672598,-0.655972585672598,-0.618582242857804,0.03736953473961213,-0.0014333320897276934,-0.0014520168570974995
2016-11-03,-0.7706483904483987,-0.7706483904483987,-0.745721495238536,0.12713925238073198,0.008903437563688232,0.008839867937497865
2016-11-04,-0.8470989269655993,-0.8470989269655993,-0.655972585672598,0.08974890956593806,0.00618663987252618,0.00614176541774321
2016-11-07,-0.6272179746762725,-0.6272179746762725,-0.7706483904483987,0.11467580477580075,-0.024763538190674447,-0.024820876093062348
2016-11-08,-0.47586637055389547,-0.47586637055389547,-0.8470989269655993,0.07645053651720057,-0.00122094972900136,-0.0012591749972599602
2016-11-09,-0.3734058436641071,-0.3734058436641071,-0.6272179746762725,0.2198809522893268,-0.0001805792298515516,-0.000290519705996215
2016-11-10,-0.33379722094569975,-0.33379722094569975,-0.47586637055389547,0.15135160412237703,0.0034234187393010385,0.00334774293723985
2016-11-11,-0.2945021132100225,-0.2945021132100225,-0.3734058436641071,0.10246052688978835,-0.0011905331266947007,-0.0012417633901395948
2016-11-14,-0.28427967901768564,-0.28427967901768564,-0.33379722094569975,0.03960862271840737,0.001253837043209263,0.0012340327318500594
2016-11-15,-0.23391411856616548,-0.23391411856616548,-0.2945021132100225,0.03929510773567724,-0.003672865567741948,-0.0036925131216097866
2016-11-16,-0.20642076256304728,-0.20642076256304728,-0.28427967901768564,0.010222434192336871,0.0005701667988185746,0.0005650555817224062
2016-11-17,-0.16890590442235398,-0.16890590442235398,-0.23391411856616548,0.05036556045152016,-0.001208559243912537,-0.001233742024138297
2016-11-18,-0.14364870994552545,-0.14364870994552545,-0.20642076256304728,0.027493356003118197,0.0004126120146849701,0.000398865336683411
2016-11-21,-0.09618812184026106,-0.09618812184026106,-0.16890590442235398,0.0375148581406933,-0.00014503259143083117,-0.00016379002050117782
2016-11-22,-0.0647093509338204,-0.0647093509338204,-0.14364870994552545,0.02525719447682853,-0.002053248885843105,-0.0020658774830815195
2016-11-23,-0.04656239445855947,-0.04656239445855947,-0.09618812184026106,0.04746058810526439,0.0007590617804387903,0.0007353314863861581
2016-11-25,-0.03195625087793038,-0.03195625087793038,-0.0647093509338204,0.03147877090644066,-0.00044117724939532786,-0.00045691663484854816
2016-11-28,-0.021903472532343413,-0.021903472532343413,-0.04656239445855947,0.018146956475260927,-9.197001607197623e-05,-0.00010104349430960669
2016-11-29,-0.01651728672364618,-0.01651728672364618,-0.03195625087793038,0.014606143580629088,0.0001799752442075448,0.00017267217241723028
2016-11-30,-0.03339353239470241,-0.03339353239470241,-0.021903472532343413,0.010052778345586967,0.00037839832368694834,0.00037337193451415486
2016-12-01,-0.2765735663918159,-0.2765735663918159,-0.01651728672364618,0.005386185808697232,0.00044744259670384767,0.00044474950379949906
2016-12-02,-0.3206825816219525,-0.3206825816219525,-0.03339353239470241,0.016876245671056233,-0.0003956583391451788,-0.00040409646198070695
2016-12-05,-0.31730132848568743,-0.31730132848568743,-0.2765735663918159,0.2431800339971135,-0.0018620984102353045,-0.001983688427233861
2016-12-06,-0.2795997563764828,-0.2795997563764828,-0.3206825816219525,0.044109015230136606,-0.0030772480298832034,-0.0030993025374982715
2016-12-07,-0.19650809253985332,-0.19650809253985332,-0.31730132848568743,0.0033812531362650833,-0.007128330633898908,-0.007130021260467041
2016-12-08,-0.12773705475922595,-0.12773705475922595,-0.2795997563764828,0.037701572109204606,-0.0015751839262920472,-0.0015940347123466494
2016-12-09,-0.07767257900840838,-0.07767257900840838,-0.19650809253985332,0.0830916638366295,-0.00033026157353068783,-0.0003718074054490026
2016-12-12,-0.02790249814936846,-0.02790249814936846,-0.12773705475922595,0.06877103778062738,-0.0007501702504798974,-0.0007845557693702111
2016-12-13,0.09241550122436344,0.09241550122436344,-0.07767257900840838,0.05006447575081757,-0.0017922610363157788,-0.0018172932741911875
2016-12-14,0.1341845376047015,0.1341845376047015,-0.02790249814936846,0.04977008085903992,0.00018955056912620095,0.00016466552869668098
2016-12-15,0.1277023351082243,0.1277023351082243,0.09241550122436344,0.1203179993737319,0.0006068068579289987,0.0005466478582421327
2016-12-16,0.11452095413480484,0.11452095413480484,0.1341845376047015,0.04176903638033806,-0.0017506700203408193,-0.0017715545385309883
2016-12-19,0.15704527041751853,0.15704527041751853,0.1277023351082243,0.006482202496477213,0.002039829595945358,0.0020365884946971194
2016-12-20,0.23572200800053683,0.23572200800053683,0.11452095413480484,0.013181380973419449,0.0009934117973589434,0.0009868211068722336
2016-12-21,0.24190254159967187,0.24190254159967187,0.15704527041751853,0.04252431628271369,-0.0009707073405653554,-0.0009919694987067123
2016-12-22,0.24151666302472624,0.24151666302472624,0.23572200800053683,0.0786767375830183,-0.0003187586717856566,-0.00035809704057716574
2016-12-23,0.24661801219281076,0.24661801219281076,0.24190254159967187,0.006180533599135035,0.00026207501815631447,0.000258984751356747
2016-12-27,0.26483197305183437,0.26483197305183437,0.24151666302472624,0.00038587857494562505,0.0006532284305516464,0.0006530354912641736
2016-12-28,0.20937468821498806,0.20937468821498806,0.24661801219281076,0.0051013491680845235,-0.002927159478663038,-0.0029297101532470803
2016-12-29,0.17124257656596859,0.17124257656596859,0.26483197305183437,0.018213960859023604,0.0002168863971875875,0.0002077794167580757
2016-12-30,0.13091438263762614,0.13091438263762614,0.20937468821498806,0.05545728483684631,-0.002227382067016258,-0.002255110709434681
2017-01-03,0.11380062335196761,0.11380062335196761,0.17124257656596859,0.03813211164901947,0.001558024025054107,0.0015389579692295973
2017-01-04,0.08397308336147342,0.08397308336147342,0.13091438263762614,0.04032819392834244,-0.0006795918437929091,-0.0006997559407570803
2017-01-05,0.061033572368508565,0.061033572368508565,0.11380062335196761,0.01711375928565853,-0.00018752952867407284,-0.0001960864083169021
2017-01-06,0.04987503078874332,0.04987503078874332,0.08397308336147342,0.029827539990494187,0.0003003062505485292,0.0002853924805532821
2017-01-09,0.04909206991940367,0.04909206991940367,0.061033572368508565,0.02293951099296486,0.0002175034324983267,0.00020603367700184426
2017-01-10,0.045321047098234986,0.045321047098234986,0.04987503078874332,0.011158541579765244,-9.53552352569146e-05,-0.00010093450604679722
2017-01-11,0.10136806369980242,0.10136806369980242,0.04909206991940367,0.0007829608693396481,0.0005508380545934888,0.000550446574158819
2017-01-12,0.09262960215714088,0.09262960215714088,0.045321047098234986,0.0037710228211686875,-0.00029436837823386934,-0.00029625388964445366
2017-01-13,0.12927302413842207,0.12927302413842207,0.10136806369980242,0.05604701660156743,0.00022085544794824225,0.00019283193964745853
2017-01-17,0.16819718058009303,0.16819718058009303,0.09262960215714088,0.008738461542661544,2.5188400635889966e-05,2.0819169864559195e-05
2017-01-18,0.16384975249110362,0.16384975249110362,0.12927302413842207,0.03664342198128119,-0.0001404905075045603,-0.0001588122184952009
2017-01-19,0.13551272536007958,0.13551272536007958,0.16819718058009303,0.038924156441670965,-0.0008694162858055323,-0.0008888783640263677
2017-01-20,0.2234266830308188,0.2234266830308188,0.16384975249110362,0.0043474280889894135,0.001657762121774352,0.0016555884077298574
2017-01-23,0.23516214119693749,0.23516214119693749,0.13551272536007958,0.02833702713102404,-0.0006236224924485258,-0.0006377910060140378
2017-01-24,0.49010809413129164,0.49010809413129164,0.2234266830308188,0.08791395767073923,0.005164927996899721,0.005120971018064351
2017-01-25,0.6600720627541945,0.6600720627541945,0.23516214119693749,0.011735458166118679,0.0011252072671762193,0.0011193395380931599
2017-01-26,0.6699969637902445,0.6699969637902445,0.49010809413129164,0.2549459529343542,-0.003111787902583843,-0.0032392608790510202
2017-01-27,0.7799979758601631,0.7799979758601631,0.6600720627541945,0.16996396862290286,0.00738073869611038,0.007295756711798928
2017-01-30,0.6894849824983835,0.6894849824983835,0.6699969637902445,0.009924901036050038,-0.009878537504198552,-0.009883499954716577
2017-01-31,0.5516109996733194,0.5516109996733194,0.7799979758601631,0.11000101206991852,-0.012507023040383945,-0.012562023546418905
2017-02-01,0.43145117404336697,0.43145117404336697,0.6894849824983835,0.09051299336177954,-0.005617634985177891,-0.005662891481858781
2017-02-02,0.3628576795353417,0.3628576795353417,0.5516109996733194,0.13787398282506413,0.0024169603216753766,0.0023480233302628443
2017-02-03,0.33205604872550804,0.33205604872550804,0.43145117404336697,0.12015982562995242,0.001184440519790055,0.0011243606069750787
2017-02-06,0.2847282496892976,0.2847282496892976,0.3628576795353417,0.06859349450802527,-0.0024839098546985236,-0.0025182066019525363
2017-02-07,0.23573601473324252,0.23573601473324252,0.33205604872550804,0.03080163080983367,0.0007324258729712901,0.0007170250575663733
2017-02-08,0.2029403906949738,0.2029403906949738,0.2847282496892976,0.04732779903621043,0.00023489203501933742,0.00021122813550123221
2017-02-09,0.12876271475915219,0.12876271475915219,0.23573601473324252,0.04899223495605509,-0.005961357507997728,-0.005985853625475756
2017-02-10,0.07431483821830857,0.07431483821830857,0.2029403906949738,0.03279562403826872,-0.0006867916836048003,-0.0007031894956239347
2017-02-13,0.06606332350810468,0.06606332350810468,0.12876271475915219,0.07417767593582161,0.0016760222647235336,0.0016389334267556228
2017-02-14,0.06668442564059178,0.06668442564059178,0.07431483821830857,0.05444787654084361,0.0002698482453503777,0.0002426243070799559
2017-02-15,0.07415927371836288,0.07415927371836288,0.06606332350810468,0.008251514710203897,0.00022063875815853625,0.0002165130008034343
2017-02-16,0.10997256046518708,0.10997256046518708,0.06668442564059178,0.000621102132487103,0.0006659410759939455,0.000665630524927702
2017-02-17,0.14025962230959635,0.14025962230959635,0.07415927371836288,0.007474848077771101,0.00014256800228662863,0.0001388305782477431
2017-02-21,0.16321984884096086,0.16321984884096086,0.10997256046518708,0.0358132867468242,0.00012056920241655863,0.00010266255904314653
2017-02-22,0.14501394795508282,0.14501394795508282,0.14025962230959635,0.03028706184440927,-0.0017283084328377765,-0.0017434519637599811
2017-02-23,0.14215243197816013,0.14215243197816013,0.16321984884096086,0.022960226531364508,0.0004977748511694501,0.00048629473790376784
2017-02-24,0.12544466738893223,0.12544466738893223,0.14501394795508282,0.018205900885878035,0.0014028606786080718,0.0013937577281651328
2017-02-27,0.11048922477960682,0.11048922477960682,0.14215243197816013,0.0028615159769226906,-7.784083555245676e-05,-7.927159354091811e-05
2017-02-28,0.08913030929720359,0.08913030929720359,0.12544466738893223,0.016707764589227903,-0.001065096262624853,-0.001073450144919467
2017-03-01,0.06522791171984174,0.06522791171984174,0.11048922477960682,0.014955442609325409,-0.0008241193066678711,-0.0008315970279725338
2017-03-02,0.04442843593563564,0.04442843593563564,0.08913030929720359,0.021358915482403235,-4.9598620498872514e-05,-6.027807824007413e-05
2017-03-03,0.025721760030565106,0.025721760030565106,0.06522791171984174,0.023902397577361845,-1.8177856018047254e-05,-3.0129054806728175e-05
2017-03-06,-0.08145751832619928,-0.08145751832619928,0.04442843593563564,0.0207994757842061,-0.0004083847312950167,-0.0004187844691871198
2017-03-07,-0.12960827934205116,-0.12960827934205116,0.025721760030565106,0.018706675905070535,0.0001663186042833195,0.00015696526633078423
2017-03-08,-0.19518001821178058,-0.19518001821178058,-0.08145751832619928,0.10717927835676438,0.00040955775443426133,0.00035596811525587913
2017-03-09,-0.18804790087394802,-0.18804790087394802,-0.12960827934205116,0.048150761015851876,-0.0007276892284355789,-0.0007517646089435049
2017-03-10,-0.15178089540465656,-0.15178089540465656,-0.19518001821178058,0.06557173886972942,-0.0004904528389689854,-0.0005232387084038501
2017-03-13,-0.4345205969364377,-0.4345205969364377,-0.18804790087394802,0.007132117337832561,0.003927516465081208,0.003923950406412292
2017-03-14,-0.6056348249380445,-0.6056348249380445,-0.15178089540465656,0.03626700546929146,-8.6371780991557e-05,-0.00010450528372620273
2017-03-15,-0.7370898832920297,-0.7370898832920297,-0.4345205969364377,0.28273970153178113,0.0009881879707694205,0.00084681812000353
2017-03-16,-0.7921240200198116,-0.7921240200198116,-0.6056348249380445,0.17111422800160686,-0.0006902979970279546,-0.0007758551110287581
2017-03-17,-0.7515086599577694,-0.7515086599577694,-0.7370898832920297,0.1314550583539852,-0.002726898636108151,-0.0027926261652851435
2017-03-20,-0.6532239008235481,-0.6532239008235481,-0.7921240200198116,0.0550341367277819,-0.0035933948598119844,-0.0036209119281758752
2017-03-21,-0.7688159338823655,-0.7688159338823655,-0.7515086599577694,0.04061536006204225,0.008272060729110133,0.008251753049079111
2017-03-22,-0.6792144395132921,-0.6792144395132921,-0.6532239008235481,0.0982847591342213,-0.00615160437895297,-0.006200746758520081
2017-03-23,-0.6540606691741842,-0.6540606691741842,-0.7688159338823655,0.11559203305881738,0.0021734989952592204,0.0021157029787298117
2017-03-24,-0.6903889817345277,-0.6903889817345277,-0.6792144395132921,0.08960149436907339,0.002118531247667667,0.0020737305004831304
2017-03-27,-0.5519679329326133,-0.5519679329326133,-0.6540606691741842,0.025153770339107928,-0.004278905486062024,-0.004291482371231579
2017-03-28,-0.4187376979360764,-0.4187376979360764,-0.6903889817345277,0.03632831256034352,-0.004096443102010434,-0.004114607258290606
2017-03-29,-0.3348576036796522,-0.3348576036796522,-0.5519679329326133,0.13842104880191441,0.0004651296149644902,0.00039591909056353297
2017-03-30,-0.25817756352361554,-0.25817756352361554,-0.4187376979360764,0.13323023499653686,-0.002118999105722341,-0.0021856142232206093
2017-03-31,-0.18666927699548633,-0.18666927699548633,-0.3348576036796522,0.08388009425642418,-0.002997221071272574,-0.0030391611184007864
2017-04-03,-0.13370011656417935,-0.13370011656417935,-0.25817756352361554,0.07668004015603669,-0.0006442746438119399,-0.0006826146638899582
2017-04-04,-0.08972832490456362,-0.08972832490456362,-0.18666927699548633,0.07150828652812921,-0.0006194618191327063,-0.0006552159623967709
2017-04-05,-0.06056387748411066,-0.06056387748411066,-0.13370011656417935,0.05296916043130698,0.00022110810812571075,0.00019462352791005727
2017-04-06,-0.04418639568212332,-0.04418639568212332,-0.08972832490456362,0.04397179165961573,0.00047070833326072795,0.0004487224374309201
2017-04-07,-0.03222301266489917,-0.03222301266489917,-0.06056387748411066,0.029164447420452953,-0.0,-1.4582223710226478e-05
2017-04-10,-0.034787053471084434,-0.034787053471084434,-0.04418639568212332,0.016377481801987344,0.00028205881303237993,0.00027387007213138626
2017-04-11,-0.036326858249181165,-0.036326858249181165,-0.03222301266489917,0.011963383017224147,5.400784519389795e-05,4.8026153685285876e-05
2017-04-12,-0.04664812188694656,-0.04664812188694656,-0.034787053471084434,0.002564040806185261,0.00010707033106011422,0.00010578831065702159
2017-04-13,-0.17228797811061788,-0.17228797811061788,-0.036326858249181165,0.0015398047780967317,0.0003874214939883053,0.0003866515915992569
2017-04-17,-0.16187060949747448,-0.16187060949747448,-0.04664812188694656,0.010321263637765393,-0.0003043618892501185,-0.00030952252106900116
2017-04-18,-0.13596192077597533,-0.13596192077597533,-0.17228797811061788,0.12563985622367133,-0.0014081766485849587,-0.0014709965766967943
2017-04-19,-0.10919880533406034,-0.10919880533406034,-0.16187060949747448,0.010417368613143407,-0.000633598447981653,-0.0006388071322882248
2017-04-20,-0.08284154286780646,-0.08284154286780646,-0.13596192077597533,0.02590868872149915,-0.0010222439299272803,-0.0010351982742880298
2017-04-21,-0.0568687698555921,-0.0568687698555921,-0.10919880533406034,0.02676311544191498,-0.0004225922241449662,-0.0004359737818659237
2017-04-24,-0.005647142038969176,-0.005647142038969176,-0.08284154286780646,0.02635726246625389,-0.00098075465522583,-0.000993933286458957
2017-04-25,0.12402978839274045,0.12402978839274045,-0.0568687698555921,0.02597277301221436,-0.00018569997605114052,-0.0001986863625572477
2017-04-26,0.41601985892849364,0.41601985892849364,-0.005647142038969176,0.05122162781662292,-9.18851493486478e-06,-3.479932884317624e-05
2017-04-27,0.6106799059523291,0.6106799059523291,0.12402978839274045,0.12967693043170964,0.0016792956793474456,0.0016144572141315908
2017-04-28,0.3949692250955324,0.3949692250955324,0.41601985892849364,0.2919900705357532,-0.01422666199696109,-0.014372657032228967
2017-05-01,0.2808664054033229,0.2808664054033229,0.6106799059523291,0.1946600470238355,0.00270277510308892,0.002605445079577002
2017-05-02,0.35143974538720796,0.35143974538720796,0.3949692250955324,0.21571068085679673,0.007179273431831885,0.007071418091403487
2017-05-03,0.49248687091474075,0.49248687091474075,0.2808664054033229,0.11410281969220948,0.002165941186089948,0.002108889776243843
2017-05-04,0.5402086290177911,0.5402086290177911,0.35143974538720796,0.07057333998388504,-0.0012354125022165316,-0.0012706991722084742
2017-05-05,0.5623488322364221,0.5623488322364221,0.49248687091474075,0.1410471255275328,-0.0004009840871207408,-0.0004715076498845072
2017-05-08,0.5026399804331579,0.5026399804331579,0.5402086290177911,0.04772175810305035,-0.004107858500528183,-0.004131719379579708
2017-05-09,0.42275506605307556,0.42275506605307556,0.5623488322364221,0.02214020321863097,-0.0026164192108269753,-0.0026274893124362906
2017-05-10,0.29447051326458384,0.29447051326458384,0.5026399804331579,0.05970885180326413,-0.004975377569260981,-0.005005231995162613
2017-05-11,0.14532562857671363,0.14532562857671363,0.42275506605307556,0.07988491438008238,-0.0037566697695173732,-0.0037966122267074146
2017-05-12,0.044973701518118483,0.044973701518118483,0.29447051326458384,0.1282845527884917,-0.0013201722587974198,-0.0013843145351916657
2017-05-15,-0.007532814239524021,-0.007532814239524021,0.14532562857671363,0.1491448846878702,0.00040903684155931485,0.00033446439921537975
2017-05-16,-0.01036974724706605,-0.01036974724706605,0.044973701518118483,0.10035192705859515,0.00023981713620810463,0.00018964117267880707
2017-05-17,-0.15776497830531103,-0.15776497830531103,-0.007532814239524021,0.05250651575764251,0.00016402680353990945,0.0001377735456610882
2017-05-18,-0.20978873518861196,-0.20978873518861196,-0.01036974724706605,0.0028369330075420293,-5.3265663813770295e-05,-5.468413031754131e-05
2017-05-19,-0.21128302073062658,-0.21128302073062658,-0.15776497830531103,0.14739523105824498,-0.0008062921831678424,-0.000879989798696965
2017-05-22,-0.16357876463131762,-0.16357876463131762,-0.20978873518861196,0.05202375688330094,-0.0021926618947593463,-0.0022186737732009967
2017-05-23,-0.12019810395839277,-0.12019810395839277,-0.21128302073062658,0.0014942855420146117,-0.0005316636374905544,-0.0005324107802615617
2017-05-24,-0.05859887252494102,-0.05859887252494102,-0.16357876463131762,0.04770425609930895,-0.001185951316432468,-0.0012098034444821225
2017-05-25,-0.0017377001171352824,-0.0017377001171352824,-0.12019810395839277,0.043380660672924856,-0.00046588543066792626,-0.0004875757610043887
2017-05-26,0.034587553520467565,0.034587553520467565,-0.05859887252494102,0.06159923143345175,-0.0,-3.0799615716725876e-05
2017-05-30,0.049362874806276276,0.049362874806276276,-0.0017377001171352824,0.056861172407805735,3.833672554548792e-06,-2.459691364935408e-05
2017-05-31,0.05111335855134667,0.05111335855134667,0.034587553520467565,0.03632525363760285,-6.691695958060552e-05,-8.507958639940695e-05
2017-06-01,0.034706603070235494,0.034706603070235494,0.049362874806276276,0.014775321285808711,1.3661182124751891e-05,6.273521481847535e-06
2017-06-02,0.02514447085271498,0.02514447085271498,0.05111335855134667,0.0017504837450703914,0.0002830428416392061,0.0002821675997666709
2017-06-05,0.019044814312907207,0.019044814312907207,0.034706603070235494,0.016406755481111174,1.91034378431129e-05,1.0900060102557314e-05
2017-06-06,0.01313075263856577,0.01313075263856577,0.02514447085271498,0.009562132217520513,-0.0001453009562995568,-0.00015008202240831707
2017-06-07,0.010435385436754442,0.010435385436754442,0.019044814312907207,0.006099656539807773,6.851941490912202e-05,6.546958663921813e-05
2017-06-08,0.010356415277740201,0.010356415277740201,0.01313075263856577,0.005914061674341437,7.967178469287076e-05,7.671475385570004e-05
2017-06-09,-0.01399145547422121,-0.01399145547422121,0.010435385436754442,0.0026953672018113287,-0.0002202649945562125,-0.00022161267815711815
2017-06-12,-0.028392141984825453,-0.028392141984825453,0.010356415277740201,7.89701590142404e-05,5.800494296665821e-06,5.7610092171587e-06
2017-06-13,-0.024966348907231435,-0.024966348907231435,-0.01399145547422121,0.02434787075196141,-5.873764507416585e-05,-7.091158045014655e-05
2017-06-14,-0.06397369617145683,-0.06397369617145683,-0.028392141984825453,0.014400686510604242,0.00027695862534421304,0.0002697582820889109
2017-06-15,-0.15615113679940024,-0.15615113679940024,-0.024966348907231435,0.003425793077594018,0.0001545845597971904,0.0001528716632583934
2017-06-16,-0.24447931808449402,-0.24447931808449402,-0.06397369617145683,0.039007347264225396,0.0001811836679271521,0.00016167999429503942
2017-06-19,-0.23329947712985674,-0.23329947712985674,-0.15615113679940024,0.0921774406279434,-0.0013304209584921816,-0.0013765096788061534
2017-06-20,-0.48886631808657116,-0.48886631808657116,-0.24447931808449402,0.08832818128509379,0.004475042798125191,0.004430878707482645
2017-06-21,-0.6592442120577141,-0.6592442120577141,-0.23329947712985674,0.011179840954637282,0.0018739112488950862,0.0018683213284177676
2017-06-22,-0.7728294747051427,-0.7728294747051427,-0.48886631808657116,0.25556684095671445,0.0031102412219122153,0.002982457801433858
2017-06-23,-0.848552983136762,-0.848552983136762,-0.6592442120577141,0.17037789397114295,0.003261668658094911,0.0031764797111093397
2017-06-26,-0.8990353220911746,-0.8990353220911746,-0.7728294747051427,0.11358526264742863,0.0027124674813776293,0.002655674850053915
2017-06-27,-0.9326902147274498,-0.9326902147274498,-0.848552983136762,0.07572350843161924,0.010460729640033058,0.010422867885817248
2017-06-28,-0.7598978633116714,-0.7598978633116714,-0.8990353220911746,0.050482338954412675,-0.014694638959698785,-0.014719880129175992
2017-06-29,-0.8399319088744477,-0.8399319088744477,-0.9326902147274498,0.03365489263627519,0.017999168726795745,0.017982341280477605
2017-06-30,-0.8133409947602304,-0.8133409947602304,-0.7598978633116714,0.17279235141577842,-0.004531192213896743,-0.004617588389604632
2017-07-03,-0.8755606631734869,-0.8755606631734869,-0.8399319088744477,0.08003404556277627,0.00697029224149164,0.006930275218710253
2017-07-05,-0.6945764315993328,-0.6945764315993328,-0.8133409947602304,0.026590914114217323,-0.02139077639580364,-0.021404071852860748
2017-07-06,-0.7377198879192817,-0.7377198879192817,-0.8755606631734869,0.062219668413256546,0.01810279442998436,0.01807168459577773
2017-07-07,-0.69887750372781,-0.69887750372781,-0.6945764315993328,0.1809842315741541,-0.005163505177645818,-0.005253997293432895
2017-07-10,-0.7351520888538602,-0.7351520888538602,-0.7377198879192817,0.04314345631994887,0.005008310826960056,0.004986739098800081
2017-07-11,-0.6895674874132083,-0.6895674874132083,-0.69887750372781,0.03884238419147168,-0.005607643488349981,-0.0056270646804457165
2017-07-12,-0.5913007422220962,-0.5913007422220962,-0.7351520888538602,0.036274585126050196,-0.007152282823535464,-0.007170420116098489
2017-07-13,-0.5225756235620435,-0.5225756235620435,-0.6895674874132083,0.045584601440651906,0.0002012943329339665,0.00017850203221364053
2017-07-14,-0.4056002019745612,-0.4056002019745612,-0.5913007422220962,0.09826674519111211,-0.007598480765717591,-0.007647614138313147
2017-07-17,-0.3555531978537788,-0.3555531978537788,-0.5225756235620435,0.06872511866005271,0.003164462342195351,0.0031300997828653246
2017-07-18,-0.31101490013839583,-0.31101490013839583,-0.4056002019745612,0.11697542158748225,-0.0007060035219499199,-0.000764491232743661
2017-07-19,-0.25628321251683034,-0.25628321251683034,-0.3555531978537788,0.05004700412078239,-0.0003089427471509325,-0.0003339662492113237
2017-07-20,-0.1791639919681261,-0.1791639919681261,-0.31101490013839583,0.04453829771538298,-0.0017097774477343656,-0.0017320465965920571
2017-07-21,-0.12777430228677392,-0.12777430228677392,-0.25628321251683034,0.054731687621565495,0.0001474214774201041,0.00012005563360932136
2017-07-24,-0.09919154718865539,-0.09919154718865539,-0.1791639919681261,0.07711922054870424,0.001186522796488118,0.0011479631862137659
2017-07-25,-0.07767135544594934,-0.07767135544594934,-0.12777430228677392,0.051389689681352185,-0.000629600663621769,-0.0006552955084624451
2017-07-26,-0.05756955760831334,-0.05756955760831334,-0.09919154718865539,0.02858275509811853,-0.00022886332855740824,-0.0002431547061064675
2017-07-27,-0.04168678768669813,-0.04168678768669813,-0.07767135544594934,0.021520191742706044,-0.0004917549989801499,-0.0005025150948515029
2017-07-28,-0.026011087566769085,-0.026011087566769085,-0.05756955760831334,0.020101797837636007,-0.0005597315256211856,-0.0005697824245400036
2017-07-31,-0.01608443621483593,-0.01608443621483593,-0.04168678768669813,0.015882769921615206,-0.000188885454666627,-0.00019682683962743463
2017-08-01,0.2020452731567239,0.2020452731567239,-0.026011087566769085,0.015675700119929047,-0.0006453332657154484,-0.0006531711157754129
2017-08-02,0.4680301821044826,0.4680301821044826,-0.01608443621483593,0.009926651351933154,-0.00012831380038596504,-0.00013327712606193162
2017-08-03,0.6453534547363218,0.6453534547363218,0.2020452731567239,0.21812970937155984,0.0006834059595620144,0.0005743411048762345
2017-08-04,0.6567146561558914,0.6567146561558914,0.4680301821044826,0.2659849089477587,-0.0024369162522827705,-0.00256990870675665
2017-08-07,0.7254401777777019,0.7254401777777019,0.6453534547363218,0.17732327263183917,0.0023111093843562673,0.0022224477480403478
2017-08-08,0.760774757765825,0.760774757765825,0.6567146561558914,0.011361201419569644,-0.0003604982612568537,-0.0003661788619666385
2017-08-09,0.8405165051772168,0.8405165051772168,0.7254401777777019,0.06872552162181045,0.003586308538215637,0.0035519457774047317
2017-08-10,0.7180190271821385,0.7180190271821385,0.760774757765825,0.03533457998812317,-0.009356196695392588,-0.009373863985386649
2017-08-11,0.5905195574297645,0.5905195574297645,0.8405165051772168,0.07974174741139173,-0.00627971478384859,-0.006319585657554285
2017-08-14,0.625661156782154,0.625661156782154,0.7180190271821385,0.12249747799507826,0.00940811205394072,0.009346863314943181
2017-08-15,0.5207085801747244,0.5207085801747244,0.5905195574297645,0.12749946975237403,-0.005524831142464256,-0.005588580877340443
2017-08-16,0.4133593695794677,0.4133593695794677,0.625661156782154,0.035141599352389474,-0.0033021205202469657,-0.0033196913199231605
2017-08-17,0.29564670766069706,0.29564670766069706,0.5207085801747244,0.10495257660742952,-0.00930620334143077,-0.009358679629734485
2017-08-18,0.20661890029822413,0.20661890029822413,0.4133593695794677,0.10734921059525676,-0.0018805855681762046,-0.0019342601734738329
2017-08-21,0.14123611401504224,0.14123611401504224,0.29564670766069706,0.11771266191877061,-0.000759978395154377,-0.0008188347261137623
2017-08-22,0.08210257641969089,0.08210257641969089,0.20661890029822413,0.08902780736247293,-0.0015975951308475115,-0.001642109034528748
2017-08-23,0.044827731331741255,0.044827731331741255,0.14123611401504224,0.06538278628318189,4.0775261068847674e-05,8.083867927256727e-06
2017-08-24,0.022878065025936832,0.022878065025936832,0.08210257641969089,0.05913353759535135,0.00011846035554986673,8.889358675219105e-05
2017-08-25,0.006467682352168802,0.006467682352168802,0.044827731331741255,0.037274845087949635,-5.166920654792673e-05,-7.030662909190155e-05
2017-08-28,0.0016650600515713643,0.0016650600515713643,0.022878065025936832,0.021949666305804423,-1.3200792342195853e-05,-2.4175625495098064e-05
2017-08-29,-0.0006908799066843332,-0.0006908799066843332,0.006467682352168802,0.01641038267376803,1.493363782804842e-05,6.728446491164405e-06
2017-08-30,0.00015509228339847766,0.00015509228339847766,0.0016650600515713643,0.004802622300597437,7.670752935379151e-06,5.269441785080433e-06
2017-08-31,0.00021822173010006092,0.00021822173010006092,-0.0006908799066843332,0.0023559399582556975,-3.564433034967363e-06,-4.742403014095212e-06
2017-09-01,0.00019708141706522718,0.00019708141706522718,0.00015509228339847766,0.0008459721900828109,8.845844386092612e-08,-3.345276511804793e-07
2017-09-05,0.00018069687303972904,0.00018069687303972904,0.00021822173010006092,6.312944670158326e-05,-4.354074593607687e-07,-4.6697218271156033e-07
2017-09-06,0.03751769039866933,0.03751769039866933,0.00019708141706522718,2.1140313034833736e-05,4.164510455977318e-06,4.153940299459901e-06
2017-09-07,0.05408374885405896,0.05408374885405896,0.00018069687303972904,1.6384544025498137e-05,-1.111637247372224e-06,-1.119829519384973e-06
2017-09-08,0.05299356307764357,0.05299356307764357,0.03751769039866933,0.0373369935256296,-0.00036948690932745625,-0.00038815540609027106
2017-09-11,0.11525130676269818,0.11525130676269818,0.05408374885405896,0.01656605845538963,0.0008914099239729295,0.0008831268947452347
2017-09-12,0.2158489976210322,0.2158489976210322,0.05299356307764357,0.0010901857764153908,0.0004740818151636167,0.00047353672227540896
2017-09-13,0.35438195551738627,0.35438195551738627,0.11525130676269818,0.06225774368505461,0.0007664865101772762,0.000735357638334749
2017-09-14,0.5122344635880545,0.5122344635880545,0.2158489976210322,0.10059769085833403,0.0008911508839500035,0.0008408520385208365
2017-09-15,0.6748229757253696,0.6748229757253696,0.35438195551738627,0.13853295789635406,0.005051424723945268,0.004982158244997091
2017-09-18,0.7832153171502465,0.7832153171502465,0.5122344635880545,0.1578525080706682,0.0,-7.892625403533409e-05
2017-09-19,0.8554768781001645,0.8554768781001645,0.6748229757253696,0.16258851213731518,0.0041951260895538856,0.004113831833485228
2017-09-20,0.8270793518835513,0.8270793518835513,0.7832153171502465,0.10839234142487686,-0.003366089488528177,-0.0034202856592406156
2017-09-21,0.8670233691158417,0.8670233691158417,0.8554768781001645,0.07226156094991798,0.0029999579124765294,0.0029638271320015703
2017-09-22,0.8733458808487282,0.8733458808487282,0.8270793518835513,0.028397526216613178,-0.00044457007247922345,-0.00045876883558753
2017-09-25,0.8527999017288522,0.8527999017288522,0.8670233691158417,0.03994401723229035,-0.0004666644180672234,-0.0004866364266833686
2017-09-26,0.9018666011525682,0.9018666011525682,0.8733458808487282,0.00632251173288656,0.007285832921003817,0.007282671665137374
2017-09-27,0.9345777341017123,0.9345777341017123,0.8527999017288522,0.02054597911987599,0.0015932650952265215,0.0015829921056665834
2017-09-28,0.9563851560678083,0.9563851560678083,0.9018666011525682,0.049066699423716,0.006966840481745994,0.006942307132034136
2017-09-29,0.9709234373785389,0.9709234373785389,0.9345777341017123,0.03271113294914407,0.00617638466340041,0.006160029096925838
2017-10-02,0.9806156249190261,0.9806156249190261,0.9563851560678083,0.021807421966095974,0.024110609964944015,0.02409970625396097
2017-10-03,0.9870770832793507,0.9870770832793507,0.9709234373785389,0.01453828131073065,0.008455832276945907,0.008448563136290542
2017-10-04,0.9766381427538128,0.9766381427538128,0.9806156249190261,0.009692187540487174,-0.0009961801428896673,-0.0010010262366599108
2017-10-05,0.984425428502542,0.984425428502542,0.9870770832793507,0.0064614583603246345,0.00476719017110782,0.0047639594419276576
2017-10-06,0.989616952335028,0.989616952335028,0.9766381427538128,0.010438940525537954,0.002470598662872443,0.002465379192609674
2017-10-09,0.9930779682233521,0.9930779682233521,0.984425428502542,0.007787285748729222,0.0057133351562650815,0.005709441513390717
2017-10-10,0.9326332367831955,0.9326332367831955,0.989616952335028,0.005191523832486,-0.005213715043116315,-0.005216310805032558
2017-10-11,0.8291769260897442,0.8291769260897442,0.9930779682233521,0.003461015888324148,-0.008765984179158356,-0.008767714687102518
2017-10-12,0.7439920036163037,0.7439920036163037,0.9326332367831955,0.06044473144015661,-0.002610861716359088,-0.002641084082079166
2017-10-13,0.781956550630175,0.781956550630175,0.8291769260897442,0.10345631069345129,0.010155710042178424,0.010103981886831698
2017-10-16,0.810747855534472,0.810747855534472,0.7439920036163037,0.08518492247344056,0.0016882069065693788,0.0016456144453326587
2017-10-17,0.8381652617993695,0.8381652617993695,0.781956550630175,0.03796454701387131,0.0005900820023497482,0.0005710997288428125
2017-10-18,0.892110174532913,0.892110174532913,0.810747855534472,0.028791304904297044,0.009372686985657075,0.009358291333204927
2017-10-19,0.8669589962735006,0.8669589962735006,0.8381652617993695,0.027417406264897415,-0.0033318774573490068,-0.0033455861604814556
2017-10-20,0.9113059975156672,0.9113059975156672,0.892110174532913,0.053944912733543515,0.007565954408308015,0.007538981951941243
2017-10-23,0.9408706650104448,0.9408706650104448,0.8669589962735006,0.025151178259412377,0.00857748709988191,0.008564911510752204
2017-10-24,0.9605804433402967,0.9605804433402967,0.9113059975156672,0.04434700124216662,0.002677966459556006,0.002655792958934923
2017-10-25,0.9137168517302314,0.9137168517302314,0.9408706650104448,0.029564667494777597,-0.0039055890531753137,-0.003920371386922703
2017-10-26,0.9424779011534876,0.9424779011534876,0.9605804433402967,0.01970977832985188,0.013426213456677678,0.013416358567512752
2017-10-27,0.9616519341023251,0.9616519341023251,0.9137168517302314,0.04686359161006526,0.06739633135974323,0.06737289956393819
2017-10-30,0.971569921328212,0.971569921328212,0.9424779011534876,0.02876104942325619,-0.0006367929372941825,-0.0006511734620058107
2017-10-31,0.9810466142188081,0.9810466142188081,0.9616519341023251,0.01917403294883746,0.024274386995077734,0.024264799978603317
2017-11-01,0.9873644094792056,0.9873644094792056,0.971569921328212,0.009917987225886882,0.02605678224418888,0.026051823250575937
2017-11-02,0.991576272986137,0.991576272986137,0.9810466142188081,0.009476692890596161,0.008190830622357217,0.008186092275911919
2017-11-03,0.9427749566706851,0.9427749566706851,0.9873644094792056,0.006317795260397441,-0.015931902842737673,-0.01593506174036787
2017-11-06,0.9530783363841031,0.9530783363841031,0.991576272986137,0.004211863506931479,0.013625149674051183,0.013623043742297716
2017-11-07,0.9656688081710951,0.9656688081710951,0.9427749566706851,0.048801316315451926,0.0016148021790997839,0.001590401520942058
2017-11-08,0.9683802239914057,0.9683802239914057,0.9530783363841031,0.010303379713417993,-0.0016296586870236664,-0.0016348103768803754
2017-11-09,0.9436648377206748,0.9436648377206748,0.9656688081710951,0.012590471786992019,-0.008271015553365029,-0.008277310789258524
2017-11-10,0.8503432489337979,0.8503432489337979,0.9683802239914057,0.0027114158203105365,-0.015059368476932726,-0.015060724184842882
2017-11-13,0.8010361764175484,0.8010361764175484,0.9436648377206748,0.024715386270730888,0.00351962098382469,0.0035072632906893247
2017-11-14,0.7639910219012356,0.7639910219012356,0.8503432489337979,0.09332158878687691,0.0020445775499317257,0.001997916755538287
2017-11-15,0.6665271830111329,0.6665271830111329,0.8010361764175484,0.04930707251624944,-0.00698667491171845,-0.007011328447976575
2017-11-16,0.6117480488287699,0.6117480488287699,0.7639910219012356,0.03704515451631285,0.0031930166845490493,0.0031744941072908927
2017-11-17,0.514904135935774,0.514904135935774,0.6665271830111329,0.09746383889010268,-0.014892750893161383,-0.014941482812606434
2017-11-20,0.42212780851967924,0.42212780851967924,0.6117480488287699,0.05477913418236302,-0.00013740186582429095,-0.00016479143291547245
2017-11-21,0.38758354047173266,0.38758354047173266,0.514904135935774,0.09684391289299588,0.0036929859412480567,0.003644563984801559
2017-11-22,0.34542557665080165,0.34542557665080165,0.42212780851967924,0.09277632741609476,-0.0027240553708193773,-0.0027704435345274245
2017-11-24,0.3228517400020387,0.3228517400020387,0.38758354047173266,0.03454426804794658,0.000868092325255657,0.0008508201912316838
2017-11-27,0.2780324806770511,0.2780324806770511,0.34542557665080165,0.04215796382093101,-0.002006910302548164,-0.0020279892844586294
2017-11-28,0.2619012903547591,0.2619012903547591,0.3228517400020387,0.022573836648762946,0.0017414978846328412,0.0017302109663084597
2017-11-29,0.23096292706870736,0.23096292706870736,0.2780324806770511,0.04481925932498759,-0.0048482163025275775,-0.004870625932190072
2017-11-30,0.28528068288213776,0.28528068288213776,0.2619012903547591,0.01613119032229199,0.005303513402887819,0.005295447807726673
2017-12-01,0.3106509632185025,0.3106509632185025,0.23096292706870736,0.030938363286051762,-0.0008241080878000749,-0.0008395772694431007
2017-12-04,0.28085311355681075,0.28085311355681075,0.28528068288213776,0.0543177558134304,-0.0012131138982579962,-0.0012402727761647114
2017-12-05,0.24343424741984546,0.24343424741984546,0.3106509632185025,0.025370280336364737,-0.007331699360313397,-0.00734438450048158
2017-12-06,0.21271856392647742,0.21271856392647742,0.28085311355681075,0.029797849661691744,6.469165334630744e-05,4.9792728515461566e-05
2017-12-07,0.18029084629913672,0.18029084629913672,0.24343424741984546,0.037418866136965295,-0.0020730118303453433,-0.002091721263413826
2017-12-08,0.1626092022483205,0.1626092022483205,0.21271856392647742,0.030715683493368034,0.0013332262794187619,0.0013178684376720779
2017-12-11,0.16404951182447686,0.16404951182447686,0.18029084629913672,0.0324277176273407,0.0012892329005667878,0.0012730190417531175
2017-12-12,0.15184737719543645,0.15184737719543645,0.1626092022483205,0.01768164405081621,-0.0012290714605925589,-0.0012379122826179669
2017-12-13,0.13655880486514954,0.13655880486514954,0.16404951182447686,0.0014403095761563456,3.791747581806406e-05,3.719732102998588e-05
2017-12-14,0.10436348724612496,0.10436348724612496,0.15184737719543645,0.012202134629040406,-0.00028031425017383227,-0.0002864153174883525
2017-12-15,0.16669043168144076,0.16669043168144076,0.13655880486514954,0.01528857233028691,0.004103702265731605,0.004096057979566462
2017-12-18,0.3743194716837773,0.3743194716837773,0.10436348724612496,0.03219531761902458,0.003981551668908285,0.003965454010098773
2017-12-19,0.5828796477891849,0.5828796477891849,0.16669043168144076,0.062326944435315806,0.0028106420692334934,0.0027794785970158354
2017-12-20,0.72191976519279,0.72191976519279,0.3743194716837773,0.20762904000233656,0.00413774772136365,0.004033933201362481
2017-12-21,0.7094370301356611,0.7094370301356611,0.5828796477891849,0.20856017610540756,-0.009804367465651198,-0.009908647553703902
2017-12-22,0.6938612899933352,0.6938612899933352,0.72191976519279,0.1390401174036051,-0.0009263908981131403,-0.0009959109568149428
2017-12-26,0.6205734661468135,0.6205734661468135,0.7094370301356611,0.012482735057128935,-0.009418465781846087,-0.00942470714937465
2017-12-27,0.5708162499688878,0.5708162499688878,0.6938612899933352,0.015575740142325878,0.0004517280669637611,0.0004439401968925982
2017-12-28,0.5467760287991318,0.5467760287991318,0.6205734661468135,0.07328782384652166,0.0014802822668721297,0.0014436383549488688
2017-12-29,0.5253340592257945,0.5253340592257945,0.5708162499688878,0.04975721617792572,-0.000741047884378934,-0.0007659264924678969
2018-01-02,0.570467069231041,0.570467069231041,0.5467760287991318,0.024040221169756015,0.008173293959302086,0.008161273848717208
2018-01-03,0.45997286493015976,0.45997286493015976,0.5253340592257945,0.021441969573337327,-0.017828817055848795,-0.017839538040635462
2018-01-04,0.3448463941153606,0.3448463941153606,0.570467069231041,0.0451330100052465,-0.010461610294158631,-0.010484176799161254
2018-01-05,0.2763362661233149,0.2763362661233149,0.45997286493015976,0.1104942043008812,0.0032094794015576143,0.003154232299407174
2018-01-08,0.22823754806050212,0.22823754806050212,0.3448463941153606,0.11512647081479915,0.0,-5.7563235407399585e-05
2018-01-09,0.16071394303580724,0.16071394303580724,0.2763362661233149,0.0685101279920457,-0.0069176677907519185,-0.006951922854747941
2018-01-10,0.0794861162603375,0.0794861162603375,0.22823754806050212,0.048098718062812795,-0.005860386653536051,-0.005884436012567457
2018-01-11,0.05436928222524245,0.05436928222524245,0.16071394303580724,0.06752360502469487,0.0034412106035798602,0.0034074488010675127
2018-01-12,0.02471723727097181,0.02471723727097181,0.0794861162603375,0.08122782677546975,-0.00031128190731007544,-0.0003518958206978103
2018-01-16,0.0009598644111409871,0.0009598644111409871,0.05436928222524245,0.02511683403509505,-0.00012573906678035768,-0.0001382974837979052
2018-01-17,0.03186701986313041,0.03186701986313041,0.02471723727097181,0.029652044954270637,0.000716192476551992,0.0007013664540748567
2018-01-18,0.043951214704405175,0.043951214704405175,0.0009598644111409871,0.023757372859830823,1.945992100675843e-06,-9.932694329239568e-06
2018-01-19,0.06388635444234819,0.06388635444234819,0.03186701986313041,0.030907155451989424,0.00024359632761568686,0.00022814274988969214
2018-01-22,0.1321158367662475,0.1321158367662475,0.043951214704405175,0.012084194841274765,0.0009119639348434202,0.0009059218374227829
2018-01-23,0.19034222848622206,0.19034222848622206,0.06388635444234819,0.019935139737943017,0.0004328953917608215,0.00042292782189185
2018-01-24,0.15234532256730643,0.15234532256730643,0.1321158367662475,0.0682294823238993,-0.0015776031031177703,-0.0016117178442797198
2018-01-25,0.11489244431481886,0.11489244431481886,0.19034222848622206,0.05822639171997457,-0.0008783200564705078,-0.0009074332523304951
2018-01-26,0.40992829620987925,0.40992829620987925,0.15234532256730643,0.037996905918915636,0.016075293217864467,0.01605629476490501
2018-01-29,0.5930039494276507,0.5930039494276507,0.11489244431481886,0.03745287825248757,-0.00022939823194148752,-0.0002481246710677313
2018-01-30,0.5873363599444056,0.5873363599444056,0.40992829620987925,0.2950358518950604,-0.00976023834774053,-0.00990775627368806
2018-01-31,0.5292240726574126,0.5292240726574126,0.5930039494276507,0.18307565321777142,-0.007900086674156852,-0.007991624500765739
2018-02-01,0.4546187611514932,0.4546187611514932,0.5873363599444056,0.0056675894832450835,-0.00597835839752589,-0.005981192192267512
2018-02-02,0.30410611943794685,0.30410611943794685,0.5292240726574126,0.058112287286993025,-0.01665981763834029,-0.016688873781983787
2018-02-05,0.08695011686473489,0.08695011686473489,0.4546187611514932,0.07460531150591937,-0.01605686154606948,-0.01609416420182244
2018-02-06,-0.005337722807389665,-0.005337722807389665,0.30410611943794685,0.15051264171354634,0.004745158784970996,0.004669902464114223
2018-02-07,-0.04620564481610869,-0.04620564481610869,0.08695011686473489,0.21715600257321196,0.0005614687837240673,0.0004528907824374613
2018-02-08,-0.29328321775916416,-0.29328321775916416,-0.005337722807389665,0.09228783967212456,0.00028932216774823724,0.00024317824791217496
2018-02-09,-0.29393115589509444,-0.29393115589509444,-0.04620564481610869,0.040867922008719026,-0.0012969944798272384,-0.0013174284408315978
2018-02-12,-0.2448053520153456,-0.2448053520153456,-0.29328321775916416,0.24707757294305546,-0.005872354879162574,-0.005995893665634102
2018-02-13,-0.23209751488865465,-0.23209751488865465,-0.29393115589509444,0.0006479381359302816,0.002426024044359277,0.0024257000752913116
2018-02-14,-0.1763791958011529,-0.1763791958011529,-0.2448053520153456,0.04912580387974885,-0.005065751397544766,-0.00509031429948464
2018-02-15,-0.11283125223465003,-0.11283125223465003,-0.23209751488865465,0.012707837126690935,-0.002761861987769228,-0.0027682159063325733
2018-02-16,-0.08732279619795721,-0.08732279619795721,-0.1763791958011529,0.055718319087501744,0.0013827591394136812,0.0013548999798699303
2018-02-20,-0.038765023854979444,-0.038765023854979444,-0.11283125223465003,0.06354794356650288,-0.0018821718102365781,-0.0019139457820198295
2018-02-21,-0.021336890929287672,-0.021336890929287672,-0.08732279619795721,0.025508456036692814,0.0007163829465791896,0.0007036287185608432
2018-02-22,-0.015143279934888905,-0.015143279934888905,-0.038765023854979444,0.04855777234297777,0.0001181320907007055,9.385320452921661e-05
2018-02-23,0.03536015397040561,0.03536015397040561,-0.021336890929287672,0.017428132925691772,-0.0008991259850107947,-0.0009078400514736406
2018-02-26,0.19422397134396777,0.19422397134396777,-0.015143279934888905,0.006193610994398767,-0.00043783311716027426,-0.00044092992265747365
2018-02-27,0.46281598089597853,0.46281598089597853,0.03536015397040561,0.05050343390529451,0.0005760238064441838,0.0005507720894915366
2018-02-28,0.48848129099027215,0.48848129099027215,0.19422397134396777,0.15886381737356214,-0.002412766505174262,-0.0024921984138610432
2018-03-01,0.39331425737955034,0.39331425737955034,0.46281598089597853,0.2685920095520108,-0.013614884689997811,-0.013749180694773816
2018-03-02,0.42766795433009475,0.42766795433009475,0.48848129099027215,0.025665310094293625,0.011640206771469208,0.01162737411642206
2018-03-05,0.5791504514111359,0.5791504514111359,0.39331425737955034,0.09516703361072182,0.006183153393118962,0.006135569876313601
2018-03-06,0.7194336342740906,0.7194336342740906,0.42766795433009475,0.03435369695054441,0.008252395000985084,0.008235218152509813
2018-03-07,0.8129557561827271,0.8129557561827271,0.5791504514111359,0.1514824970810411,0.006966929929357666,0.006891188680817145
2018-03-08,0.7704006952028224,0.7704006952028224,0.7194336342740906,0.14028318286295471,-0.008130910878350604,-0.008201052469782082
2018-03-09,0.8469337968018817,0.8469337968018817,0.8129557561827271,0.09352212190863651,0.02323169160483701,0.023184930543882692
2018-03-12,0.775267800978618,0.775267800978618,0.7704006952028224,0.04255506097990469,-0.00988995282475278,-0.009911230355242733
2018-03-13,0.7657871162229917,0.7657871162229917,0.8469337968018817,0.07653310159905935,0.004274042033496475,0.0042357754826969456
2018-03-14,0.7698032745041116,0.7698032745041116,0.775267800978618,0.07166599582326372,0.001197655678457477,0.0011618226805458452
2018-03-15,0.6195546818419605,0.6195546818419605,0.7657871162229917,0.009480684755626356,-0.014470931517808488,-0.014475671860186301
2018-03-16,0.537915694746341,0.537915694746341,0.7698032745041116,0.004016158281119897,0.004387572609427217,0.004385564530286657
2018-03-19,0.4485865383455037,0.4485865383455037,0.6195546818419605,0.15024859266215107,-0.004116586486025008,-0.004191710782356083
2018-03-20,0.46792380211809803,0.46792380211809803,0.537915694746341,0.08163898709561945,0.007619524508895406,0.007578705015347596
2018-03-21,0.4774368153379199,0.4774368153379199,0.4485865383455037,0.08932915640083733,8.691684914615928e-05,4.225227094574061e-05
2018-03-22,0.39926919776484127,0.39926919776484127,0.46792380211809803,0.019337263772594315,-0.00662490095456384,-0.006634569586450137
2018-03-23,0.2809888182278864,0.2809888182278864,0.4774368153379199,0.009513013219821842,-0.01380752688374404,-0.01381228339035395
2018-03-26,0.5206592121519242,0.5206592121519242,0.39926919776484127,0.07816761757307861,0.025237479088266113,0.025198395279479573
2018-03-27,0.5252013249750291,0.5252013249750291,0.2809888182278864,0.11828037953695486,-0.006906885242453332,-0.006966025432221809
2018-03-28,0.43533329599579285,0.43533329599579285,0.5206592121519242,0.23967039392403783,-0.016172096682569696,-0.016291931879531714
2018-03-29,0.5735145957614749,0.5735145957614749,0.5252013249750291,0.004542112823104905,0.02625999934088525,0.026257728284473696
2018-04-02,0.45857011217379506,0.45857011217379506,0.43533329599579285,0.08986802897923629,-0.026414218047066212,-0.02645915206155583
2018-04-03,0.4242448060334914,0.4242448060334914,0.5735145957614749,0.13818129976568205,0.009730557346197084,0.009661466696314243
2018-04-04,0.41387764724485737,0.41387764724485737,0.45857011217379506,0.11494448358767984,0.002212162421222116,0.002154690179428276
2018-04-05,0.43046420772588273,0.43046420772588273,0.4242448060334914,0.03432530614030366,0.0033097287473913767,0.0032925660943212247
2018-04-06,0.35946474598520056,0.35946474598520056,0.41387764724485737,0.010367158788634034,-0.013062027377583326,-0.013067210956977644
2018-04-09,0.33935129820754856,0.33935129820754856,0.43046420772588273,0.01658656048102536,0.00670536543063647,0.006697072150395957
2018-04-10,0.42796875897455045,0.42796875897455045,0.35946474598520056,0.07099946174068217,0.012477909250005843,0.012442409519135502
2018-04-11,0.4701545472680264,0.4701545472680264,0.33935129820754856,0.020113447777652005,-0.0011251687397983033,-0.0011352254636871294
2018-04-12,0.6467696981786843,0.6467696981786843,0.42796875897455045,0.08861746076700189,0.01356761362237929,0.013523304891995788
2018-04-13,0.6529707366025095,0.6529707366025095,0.4701545472680264,0.04218578829347597,-0.007669513935691236,-0.0076906068298379735
2018-04-16,0.6924466354738268,0.6924466354738268,0.6467696981786843,0.17661515091065794,0.00673479032148587,0.006646482746030541
2018-04-17,0.7949644236492179,0.7949644236492179,0.6529707366025095,0.006201038423825134,0.01420565324996257,0.014202552730750658
2018-04-18,0.8633096157661453,0.8633096157661453,0.6924466354738268,0.039475898871317305,0.0009054257620502656,0.0008856878126146069
2018-04-19,0.720785213290938,0.720785213290938,0.7949644236492179,0.10251778817539114,-0.020611772720604448,-0.020663031614692143
2018-04-20,0.5593404575743006,0.5593404575743006,0.8633096157661453,0.06834519211692736,-0.011407441111978294,-0.011441613708036757
2018-04-23,0.43299167210405587,0.43299167210405587,0.720785213290938,0.14252440247520726,-0.00601441445001716,-0.006085676651254764
2018-04-24,0.35953126415959313,0.35953126415959313,0.5593404575743006,0.1614447557166374,0.003831017136002529,0.0037502947581442105
2018-04-25,0.3070096158382531,0.3070096158382531,0.43299167210405587,0.12634878547024475,-0.0005892057611388049,-0.0006523801538739272
2018-04-26,0.42313974345326744,0.42313974345326744,0.35953126415959313,0.07346040794446274,0.011685841077459043,0.011649110873486811
2018-04-27,0.4471076760030063,0.4471076760030063,0.3070096158382531,0.05252164832134004,-0.0018519016624617011,-0.0018781624866223711
2018-04-30,0.37996893102844637,0.37996893102844637,0.42313974345326744,0.11613012761501434,-0.008907229893010127,-0.008965294956817634
2018-05-01,0.5316744510574145,0.5316744510574145,0.4471076760030063,0.02396793254973889,0.01481108992967988,0.01479910596340501
2018-05-02,0.5116467791340393,0.5116467791340393,0.37996893102844637,0.06713874497455996,-0.007267390273949929,-0.007300959646437209
2018-05-03,0.4812912740472588,0.4812912740472588,0.5316744510574145,0.15170552002896814,-0.0003048783001996544,-0.00038073106021413846
2018-05-04,0.554767385093618,0.554767385093618,0.5116467791340393,0.02002767192337518,0.007874497991564307,0.007864484155602619
2018-05-07,0.7031782567290787,0.7031782567290787,0.4812912740472588,0.030355505086780532,0.00501533824441293,0.00500016049186954
2018-05-08,0.8021188378193859,0.8021188378193859,0.554767385093618,0.0734761110463592,0.0031208007074051353,0.003084062651881956
2018-05-09,0.8680792252129239,0.8680792252129239,0.7031782567290787,0.14841087163546074,0.009309230937137892,0.009235025501320162
2018-05-10,0.9120528168086159,0.9120528168086159,0.8021188378193859,0.09894058109030712,0.009447181618450134,0.00939771132790498
2018-05-11,0.8636199928677054,0.8636199928677054,0.8680792252129239,0.06596038739353804,-0.004894691090135905,-0.004927671283832674
2018-05-14,0.8799213027772375,0.8799213027772375,0.9120528168086159,0.04397359159569203,0.0038371869801458055,0.0038152001843479596
2018-05-15,0.6684795747910048,0.6684795747910048,0.8636199928677054,0.04843282394091053,-0.01541618486024348,-0.015440401272213935
2018-05-16,0.6218722974286697,0.6218722974286697,0.8799213027772375,0.016301309909532047,0.01174960286944455,0.011741452214489785
2018-05-17,0.6542932639559711,0.6542932639559711,0.6684795747910048,0.21144172798623262,0.0020799387427222612,0.001974217878729145
2018-05-18,0.47338915577917556,0.47338915577917556,0.6218722974286697,0.046607277362335164,-0.014863256102966346,-0.014886559741647513
2018-05-21,0.44271682496887704,0.44271682496887704,0.6542932639559711,0.03242096652730142,0.010028405861565694,0.010012195378302044
2018-05-22,0.44925787890401647,0.44925787890401647,0.47338915577917556,0.18090410817679553,0.0011330335947415818,0.001042581540653184
2018-05-23,0.632838585936011,0.632838585936011,0.44271682496887704,0.03067233081029852,0.006179194070170841,0.006163857904765692
2018-05-24,0.5945589185704852,0.5945589185704852,0.44925787890401647,0.006541053935139429,-0.0037431139408252378,-0.0037463844677928073
2018-05-25,0.7297059457136568,0.7297059457136568,0.632838585936011,0.18358070703199458,0.007975604863620025,0.007883814510104028
2018-05-29,0.7655131314965126,0.7655131314965126,0.5945589185704852,0.038279667365525905,-0.0012869784420018698,-0.0013061182756846327
2018-05-30,0.8436754209976751,0.8436754209976751,0.7297059457136568,0.13514702714317162,0.0047487114046219575,0.004681137891050372
2018-05-31,0.7106429589502232,0.7106429589502232,0.7655131314965126,0.0358071857828558,-0.006599344741770112,-0.006617248334661541
2018-06-01,0.8070953059668156,0.8070953059668156,0.8436754209976751,0.07816228950116255,0.02873385548961213,0.02869477434486155
2018-06-04,0.7782196463499353,0.7782196463499353,0.7106429589502232,0.1330324620474519,-0.0031125906379867213,-0.003179106869010447
2018-06-05,0.6856164035024332,0.6856164035024332,0.8070953059668156,0.09645234701659233,-0.004260503258496535,-0.004308729432004831
2018-06-06,0.7697224171989798,0.7697224171989798,0.7782196463499353,0.02887565961688021,0.006883227875542028,0.006868790045733588
2018-06-07,0.6127068863919058,0.6127068863919058,0.6856164035024332,0.0926032428475021,-0.013825193752885653,-0.013871495374309404
2018-06-08,0.4595154494507664,0.4595154494507664,0.7697224171989798,0.08410601369654658,-0.011433151455483,-0.011475204462331273
2018-06-11,0.33708376425581615,0.33708376425581615,0.6127068863919058,0.15701553080707398,-0.005898780374566283,-0.0059772881399698195
2018-06-12,0.2660530634543534,0.2660530634543534,0.4595154494507664,0.15319143694113946,0.0025285843053397417,0.002451988586869172
2018-06-13,0.2260869298184058,0.2260869298184058,0.33708376425581615,0.12243168519495023,0.001291231050212315,0.00123001520761484
2018-06-14,0.22816707441339998,0.22816707441339998,0.2660530634543534,0.07103070080146273,0.0024657644860092047,0.0024302491356084734
2018-06-15,0.1625073803075431,0.1625073803075431,0.2260869298184058,0.039966133635947615,-0.0017504309656755607,-0.0017704140324935344
2018-06-18,0.11334006368929112,0.11334006368929112,0.22816707441339998,0.002080144594994171,-0.007825005613553355,-0.007826045685850852
2018-06-19,0.07825628780723648,0.07825628780723648,0.1625073803075431,0.06565969410585687,-0.0008855187525249297,-0.0009183485995778581
2018-06-20,0.06299935176577035,0.06299935176577035,0.11334006368929112,0.049167316618251994,0.0011348946754530052,0.001110311017143879
2018-06-21,0.03603181069554742,0.03603181069554742,0.07825628780723648,0.035083775882054635,-0.0018590722562679112,-0.0018766141442089386
2018-06-22,0.022165872044883198,0.022165872044883198,0.06299935176577035,0.015256936041466135,0.00037420268772574714,0.00036657421970501405
2018-06-25,-0.04854862408172745,-0.04854862408172745,0.03603181069554742,0.026967541070222922,-0.0012285083764937033,-0.0012419921470288148
2018-06-26,-0.1815033205996817,-0.1815033205996817,0.022165872044883198,0.013865938650664225,-0.00045459452515320386,-0.00046152749447853596
2018-06-27,-0.39764815539073994,-0.39764815539073994,-0.04854862408172745,0.07071449612661065,0.0008894601154789015,0.0008541028674155962
2018-06-28,-0.45985691534135914,-0.45985691534135914,-0.1815033205996817,0.13295469651795425,-0.0018239858422661923,-0.0018904631905251694
2018-06-29,-0.45748122522425644,-0.45748122522425644,-0.39764815539073994,0.21614483479105825,-0.0037140864055992245,-0.0038221588229947535
2018-07-02,-0.4253058998011707,-0.4253058998011707,-0.45985691534135914,0.0622087599506192,-0.004532727373630555,-0.004563831753605864
2018-07-03,-0.4850050300720125,-0.4850050300720125,-0.45748122522425644,0.0023756901171027023,0.006652387902624102,0.006651200057565551
2018-07-05,-0.4208040625528147,-0.4208040625528147,-0.4253058998011707,0.032175325423085765,-0.011004402064045883,-0.011020489726757426
2018-07-06,-0.339445306537948,-0.339445306537948,-0.4850050300720125,0.05969913027084184,-0.005925177987132264,-0.0059550275522676855
2018-07-09,-0.2643139380816143,-0.2643139380816143,-0.4208040625528147,0.0642009675191978,-0.004013903446244812,-0.0040460039300044106
2018-07-10,-0.19330215400856585,-0.19330215400856585,-0.339445306537948,0.0813587560148667,-0.001963590587485955,-0.0020042699654933883
2018-07-11,-0.177258468589181,-0.177258468589181,-0.2643139380816143,0.07513136845633372,0.004864607161470498,0.004827041477242331
2018-07-12,-0.12724171977312929,-0.12724171977312929,-0.19330215400856585,0.07101178407304845,-0.004341718860761273,-0.004377224752797797
2018-07-13,-0.09751301897040353,-0.09751301897040353,-0.177258468589181,0.016043685419384834,0.0004401640328000291,0.00043214219009033664
2018-07-16,-0.08485987125956823,-0.08485987125956823,-0.12724171977312929,0.050016748816051726,0.0005117448507126196,0.0004867364763045937
2018-07-17,-0.08522060742032628,-0.08522060742032628,-0.09751301897040353,0.029728700802725758,0.0004874500389406256,0.0004725856885392627
2018-07-18,-0.08107478763406285,-0.08107478763406285,-0.08485987125956823,0.012653147710835297,4.920725011445971e-05,4.288067625904206e-05
2018-07-19,-0.06412209963951176,-0.06412209963951176,-0.08522060742032628,0.00036073616075804615,-0.00042842067910471495,-0.00042860104718509397
2018-07-20,-0.0520845318286112,-0.0520845318286112,-0.08107478763406285,0.004145819786263424,0.00010918225834193561,0.0001071093484488039
2018-07-23,-0.039749444970379556,-0.039749444970379556,-0.06412209963951176,0.01695268799455109,-0.0004941119618358939,-0.0005025883058331694
2018-07-24,-0.032875791867590196,-0.032875791867590196,-0.0520845318286112,0.012037567810900568,0.00012944737291821764,0.00012342858901276735
2018-07-25,-0.023016492130169337,-0.023016492130169337,-0.039749444970379556,0.01233508685823164,-0.00019045023729209694,-0.00019661778072121275
2018-07-26,-0.015349475710711902,-0.015349475710711902,-0.032875791867590196,0.006873653102789361,0.00016930698019066958,0.0001658701536392749
2018-07-27,-0.3435663171404746,-0.3435663171404746,-0.023016492130169337,0.009859299737420859,0.0019768773049885324,0.001971947655119822
2018-07-30,-0.5609976799179215,-0.5609976799179215,-0.015349475710711902,0.0076670164194574345,-3.220128208417317e-06,-7.053636418146034e-06
2018-07-31,-0.6547527964339264,-0.6547527964339264,-0.3435663171404746,0.3282168414297627,-0.002953717029905827,-0.0031178254506207086
2018-08-01,-0.6463460882993006,-0.6463460882993006,-0.5609976799179215,0.2174313627774469,-0.008280901816776154,-0.008389617498164878
2018-08-02,-0.5869845121395001,-0.5869845121395001,-0.6547527964339264,0.09375511651600488,-0.008987520375908322,-0.009034397934166325
2018-08-03,-0.537074762648314,-0.537074762648314,-0.6463460882993006,0.00840670813462574,-0.0019594112530738734,-0.001963614607141186
2018-08-06,-0.5057055059806368,-0.5057055059806368,-0.5869845121395001,0.05936157615980053,0.00035703398178448214,0.0003273531937045819
2018-08-07,-0.4577334031595956,-0.4577334031595956,-0.537074762648314,0.049909749491186095,-0.004357590174911991,-0.004382545049657584
2018-08-08,-0.4090927790091689,-0.4090927790091689,-0.5057055059806368,0.0313692566676772,-0.002645728372514858,-0.0026614130008486966
2018-08-09,-0.3661516166598605,-0.3661516166598605,-0.4577334031595956,0.047972102821041196,-0.001649026887068559,-0.0016730129384790796
2018-08-10,-0.29943526944462995,-0.29943526944462995,-0.4090927790091689,0.04864062415042669,0.01052503164635741,0.010500711334282195
2018-08-13,-0.29465322168436137,-0.29465322168436137,-0.3661516166598605,0.04294116234930839,0.002998193550695212,0.002976722969520558
2018-08-14,-0.33742131603583664,-0.33742131603583664,-0.29943526944462995,0.06671634721523056,0.0020395354941980404,0.0020061773205904253
2018-08-15,-0.5301102629447451,-0.5301102629447451,-0.29465322168436137,0.004782047760268582,0.004041427459920161,0.004039036436040027
2018-08-16,-0.6867401752964968,-0.6867401752964968,-0.33742131603583664,0.04276809435147527,0.0020618215025134893,0.002040437455337752
2018-08-17,-0.7911601168643312,-0.7911601168643312,-0.5301102629447451,0.19268894690890842,0.0007865953300218962,0.000690250856567442
2018-08-20,-0.8607734112428875,-0.8607734112428875,-0.6867401752964968,0.15662991235175172,0.00874831894034566,0.008670003984169785
2018-08-21,-0.6940736221481899,-0.6940736221481899,-0.7911601168643312,0.1044199415678344,-0.01905588388875247,-0.019108093859536386
2018-08-22,-0.6575543590249817,-0.6575543590249817,-0.8607734112428875,0.06961329437855635,0.010303045414034725,0.010268238766845447
2018-08-23,-0.6430977271915395,-0.6430977271915395,-0.6940736221481899,0.16669978909469763,0.0010327134105426888,0.00094936351599534
2018-08-24,-0.5288339401754196,-0.5288339401754196,-0.6575543590249817,0.03651926312320819,-0.009517595907497699,-0.009535855539059303
2018-08-27,-0.41938799175809927,-0.41938799175809927,-0.6430977271915395,0.014456631833442257,-0.009310355008183828,-0.00931758332410055
2018-08-28,-0.33418691726530214,-0.33418691726530214,-0.5288339401754196,0.11426378701611983,-0.0024064689907521896,-0.0024636008842602495
2018-08-29,-0.2599047671475495,-0.2599047671475495,-0.41938799175809927,0.10944594841732036,-0.0015542390170101533,-0.0016089619912188135
2018-08-30,-0.2267379852656203,-0.2267379852656203,-0.33418691726530214,0.08520107449279712,0.0034961140300194277,0.003453513492773029
2018-08-31,-0.19346399050679697,-0.19346399050679697,-0.2599047671475495,0.07428215011775263,-0.0010237146868166986,-0.0010608557618755749
2018-09-04,-0.19113016136847955,-0.19113016136847955,-0.2267379852656203,0.0331667818819292,0.002200471721524092,0.0021838883305831274
2018-09-05,-0.172898662185076,-0.172898662185076,-0.19346399050679697,0.03327399475882334,0.0009680730321704613,0.0009514360347910497
2018-09-06,-0.19980456706954414,-0.19980456706954414,-0.19113016136847955,0.0023338291383174226,0.0018424993111486982,0.0018413323965795396
2018-09-07,-0.4665363780463627,-0.4665363780463627,-0.172898662185076,0.018231499183403554,0.002963292170489405,0.002954176420897703
2018-09-10,-0.6443575853642418,-0.6443575853642418,-0.19980456706954414,0.026905904884468146,0.000645236733282665,0.000631783780840431
2018-09-11,-0.7629050569094946,-0.7629050569094946,-0.4665363780463627,0.2667318109768186,0.013804629789719627,0.013671263884231217
2018-09-12,-0.8419367046063297,-0.8419367046063297,-0.6443575853642418,0.1778212073178791,-0.0,-8.891060365893954e-05
2018-09-13,-0.7078158481480277,-0.7078158481480277,-0.7629050569094946,0.1185474715452528,-0.010866934860435397,-0.010926208596208024
2018-09-14,-0.6125023216502887,-0.6125023216502887,-0.8419367046063297,0.07903164769683513,0.0005541984944577772,0.0005146826706093596
2018-09-17,-0.5697731570952295,-0.5697731570952295,-0.7078158481480277,0.13412085645830207,0.001865162656602037,0.001798102228372886
2018-09-18,-0.4652886074306888,-0.4652886074306888,-0.6125023216502887,0.09531352649773894,-0.009169997286897002,-0.00921765405014587
2018-09-19,-0.397237642736139,-0.397237642736139,-0.5697731570952295,0.04272916455505926,-0.0006180420720228708,-0.0006394066543004005
2018-09-20,-0.30495185783160694,-0.30495185783160694,-0.4652886074306888,0.10448454966454068,-0.01058626260706363,-0.0106385048818959
2018-09-21,-0.2672069559307114,-0.2672069559307114,-0.397237642736139,0.0680509646945498,0.0045447529815870235,0.0045107274992397485
2018-09-24,-0.22873877116856456,-0.22873877116856456,-0.30495185783160694,0.09228578490453204,-0.0016339058561471967,-0.0016800487485994628
2018-09-25,-0.2570229127527287,-0.2570229127527287,-0.2672069559307114,0.03774490190089552,0.005696117264165913,0.005677244813215465
2018-09-26,-0.306218967983671,-0.306218967983671,-0.22873877116856456,0.03846818476214686,0.001046331145978378,0.0010270970535973046
2018-09-27,-0.3063607212168532,-0.3063607212168532,-0.2570229127527287,0.028284141584164146,-0.0010123883307239752,-0.0010265304015160573
2018-09-28,-0.2408951916472446,-0.2408951916472446,-0.306218967983671,0.04919605523094228,-0.009410825001764657,-0.009435423029380129
2018-10-01,-0.254142774045868,-0.254142774045868,-0.3063607212168532,0.000141753233182218,0.005441792558939097,0.005441721682322506
2018-10-02,-0.1818244062486832,-0.1818244062486832,-0.2408951916472446,0.0654655295696086,-0.008557047117273614,-0.008589779882058418
2018-10-03,-0.10520379098039206,-0.10520379098039206,-0.254142774045868,0.013247582398623392,-0.0034871698469279484,-0.00349379363812726
2018-10-04,-0.08119991247524908,-0.08119991247524908,-0.1818244062486832,0.07231836779718478,0.002349193794769826,0.0023130346108712336
2018-10-05,-0.12516854773572705,-0.12516854773572705,-0.10520379098039206,0.07662061526829114,0.002404443532021496,0.00236613322438735
2018-10-08,-0.15422656782639454,-0.15422656782639454,-0.08119991247524908,0.02400387850514299,-0.0,-1.2001939252571494e-05
2018-10-09,-0.2020251506432205,-0.2020251506432205,-0.12516854773572705,0.04396863526047798,0.0012775022675173228,0.0012555179498870838
2018-10-10,-0.46801676709548035,-0.46801676709548035,-0.15422656782639454,0.02905802009066749,0.0057979836049484685,0.005783454594903135
2018-10-11,-0.6453445113969869,-0.6453445113969869,-0.2020251506432205,0.047798582816825946,0.002570377706332744,0.002546478414924331
2018-10-12,-0.6476047089072576,-0.6476047089072576,-0.46801676709548035,0.2659916164522599,-0.006877966546921987,-0.007010962355148117
2018-10-15,-0.7035981647559894,-0.7035981647559894,-0.6453445113969869,0.17732774430150655,0.005033053857768288,0.004944389985617534
2018-10-16,-0.5673049650188151,-0.5673049650188151,-0.6476047089072576,0.002260197510270734,-0.02050598551310629,-0.020507115611861425
2018-10-17,-0.47412006191330747,-0.47412006191330747,-0.7035981647559894,0.05599345584873172,0.0007657939550303501,0.0007377972271059843
2018-10-18,-0.5040945366362979,-0.5040945366362979,-0.5673049650188151,0.13629319973717424,0.01137318103360769,0.011305034433739104
2018-10-19,-0.6693963577575319,-0.6693963577575319,-0.47412006191330747,0.09318490310550764,0.010226836820400818,0.010180244368848065
2018-10-22,-0.6093869682449221,-0.6093869682449221,-0.5040945366362979,0.02997447472299042,-0.011571173699138184,-0.01158616093649968
2018-10-23,-0.6413805780027668,-0.6413805780027668,-0.6693963577575319,0.16530182112123404,0.007584553594038174,0.007501902683477556
2018-10-24,-0.7609203853351779,-0.7609203853351779,-0.6093869682449221,0.06000938951260981,0.028483811804016653,0.02845380710926035
2018-10-25,-0.6255862617939699,-0.6255862617939699,-0.6413805780027668,0.03199360975784471,-0.028576566041796654,-0.028592562846675575
2018-10-26,-0.44293915623454905,-0.44293915623454905,-0.7609203853351779,0.1195398073324111,-0.023698093768986243,-0.023757863672652448
2018-10-29,-0.3391267855011809,-0.3391267855011809,-0.6255862617939699,0.135334123541208,0.003970624937147654,0.00390295787537705
2018-10-30,-0.12199724623857877,-0.12199724623857877,-0.44293915623454905,0.18264710555942087,-0.023024897371755608,-0.02311622092453532
2018-10-31,-0.03432687764659764,-0.03432687764659764,-0.3391267855011809,0.10381237073336813,0.006248559597651607,0.006196653412284923
2018-11-01,0.11475363768473625,0.11475363768473625,-0.12199724623857877,0.21712953926260214,-0.0034871425794267717,-0.003595707349058073
2018-11-02,0.19948290728355533,0.19948290728355533,-0.03432687764659764,0.08767036859198113,0.0007901832129239977,0.0007463480286280072
2018-11-05,0.3527136759031676,0.3527136759031676,0.11475363768473625,0.14908051533133387,0.002094807802278618,0.0020202675446129507
2018-11-06,0.4066164766061848,0.4066164766061848,0.19948290728355533,0.08472926959881909,-0.0017575253979307595,-0.001799890032730169
2018-11-07,0.6044109844041232,0.6044109844041232,0.3527136759031676,0.15323076861961227,0.01097335303744927,0.010896737653139463
2018-11-08,0.7362739896027488,0.7362739896027488,0.4066164766061848,0.05390280070301717,0.0022533863885470977,0.002226434988195589
2018-11-09,0.6842687896334283,0.6842687896334283,0.6044109844041232,0.19779450779793845,-0.010857058873314205,-0.010955956127213173
2018-11-12,0.5279647956930014,0.5279647956930014,0.7362739896027488,0.1318630051986256,-0.022343612079279093,-0.022409543581878404
2018-11-13,0.45811608670528936,0.45811608670528936,0.6842687896334283,0.052005199969320515,0.010854231752563956,0.010828229152579296
2018-11-14,0.3866044653793089,0.3866044653793089,0.5279647956930014,0.15630399394042693,-0.0033421559850964015,-0.0034203079820666147
2018-11-15,0.42751944690624644,0.42751944690624644,0.45811608670528936,0.069848708987712,0.009923013515606887,0.00988808916111303
2018-11-16,0.5757184423799764,0.5757184423799764,0.3866044653793089,0.07151162132598043,0.005785922208884877,0.005750166398221887
2018-11-19,0.5323103563162214,0.5323103563162214,0.42751944690624644,0.04091498152693751,-0.007266961616948827,-0.0072874191077122955
2018-11-20,0.44706747296140664,0.44706747296140664,0.5757184423799764,0.14819899547372994,-0.007316471491568568,-0.007390570989305433
2018-11-21,0.34810075270402924,0.34810075270402924,0.5323103563162214,0.043408086063755014,-0.004043597431808037,-0.004065301474839914
2018-11-23,0.2609808764212975,0.2609808764212975,0.44706747296140664,0.08524288335481472,-0.00465793117237917,-0.004700552614056577
2018-11-26,0.253587795488464,0.253587795488464,0.34810075270402924,0.0989667202573774,0.006806469118118298,0.0067569857579896095
2018-11-27,0.27832141557810386,0.27832141557810386,0.2609808764212975,0.08711987628273171,0.003410048304301259,0.003366488366159893
2018-11-28,0.4679452189013841,0.4679452189013841,0.253587795488464,0.007393080932833529,0.004167571341728409,0.004163874801261992
2018-11-29,0.40293063636126997,0.40293063636126997,0.27832141557810386,0.024733620089639863,-0.006607718065050413,-0.006620084875095233
2018-11-30,0.60195375757418,0.60195375757418,0.4679452189013841,0.18962380332328022,0.015794342586184944,0.015699530684523302
2018-12-03,0.7346358383827867,0.7346358383827867,0.40293063636126997,0.06501458254011411,0.0067005120814347405,0.006668004790164684
2018-12-04,0.5654736157327476,0.5654736157327476,0.60195375757418,0.19902312121291005,-0.028578752555285507,-0.02867826411589196
2018-12-06,0.4931810849065836,0.4931810849065836,0.7346358383827867,0.13268208080860666,0.009538786512880825,0.009472445472476521
2018-12-07,0.34087046427573436,0.34087046427573436,0.5654736157327476,0.1691622226500391,-0.024900883500013547,-0.024985464611338565
2018-12-10,0.28648665553443164,0.28648665553443164,0.4931810849065836,0.07229253082616399,0.010345639418440654,0.010309493153027573
2018-12-11,0.2576781124425159,0.2576781124425159,0.34087046427573436,0.1523106206308492,0.001227415062824562,0.0011512597525091374
2018-12-12,0.26374201597436553,0.26374201597436553,0.28648665553443164,0.05438380874130272,0.0027210655306876726,0.002693873626317021
2018-12-13,0.29740871093810695,0.29740871093810695,0.2576781124425159,0.028808543091915717,0.002478142104312012,0.002463737832766054
2018-12-14,0.2874836816858071,0.2874836816858071,0.26374201597436553,0.0060639035318496015,-0.0023485272452085544,-0.0023515591969744793
2018-12-17,0.23424175407235617,0.23424175407235617,0.29740871093810695,0.03366669496374142,-0.004846995696814187,-0.004863829044296057
2018-12-18,0.22930785755503508,0.22930785755503508,0.2874836816858071,0.009925029252299822,0.004030133813923299,0.00402517129929715
2018-12-19,0.1396046528451077,0.1396046528451077,0.23424175407235617,0.05324192761345095,-0.010647298086505552,-0.010673919050312277
2018-12-20,0.07939577059641756,0.07939577059641756,0.22930785755503508,0.004933896517321096,-0.00015099984890888917,-0.00015346679716754971
2018-12-21,0.026966535310926746,0.026966535310926746,0.1396046528451077,0.08970320470992738,-0.002145895229193291,-0.0021907468315482547
2018-12-24,-0.060717596506322705,-0.060717596506322705,0.07939577059641756,0.06020888224869014,-0.002213304979581221,-0.002243409420705566
2018-12-26,-0.03179909952679587,-0.03179909952679587,0.026966535310926746,0.052429235285490816,0.001608466819054615,0.0015822522014118695
2018-12-27,-0.005851085725978035,-0.005851085725978035,-0.060717596506322705,0.08768413181724945,-0.0002234731239614917,-0.00026731518987011644
2018-12-28,0.027978766178029666,0.027978766178029666,-0.03179909952679587,0.028918496979526837,-0.00026750869074103085,-0.00028196793923079426
2018-12-31,0.058518198048565374,0.058518198048565374,-0.005851085725978035,0.025948013800817835,-2.252701905704216e-05,-3.5501025957451084e-05
2019-01-02,0.08480392432880779,0.08480392432880779,0.027978766178029666,0.0338298519040077,8.942976538547913e-05,7.251483943347528e-05
2019-01-03,-0.01910909587502789,-0.01910909587502789,0.058518198048565374,0.03053943187053571,-0.003219239342057072,-0.0032345090579923397
2019-01-04,0.05007890101518759,0.05007890101518759,0.08480392432880779,0.026285726280242415,0.005203727379103002,0.005190584515962881
2019-01-07,0.1085835402560209,0.1085835402560209,-0.01910909587502789,0.10391302020383568,-8.903284388706858e-05,-0.00014098935398898643
2019-01-08,0.16553695787103676,0.16553695787103676,0.05007890101518759,0.06918799689021549,0.00031668309226600354,0.0002820890938208958
2019-01-09,0.2151131214738909,0.2151131214738909,0.1085835402560209,0.058504639240833316,0.0006140906481062922,0.0005848383284858756
2019-01-10,0.2697816356114534,0.2697816356114534,0.16553695787103676,0.05695341761501585,0.0018964336929838926,0.0018679569841763847
2019-01-11,0.3391767417765818,0.3391767417765818,0.2151131214738909,0.049576163602854134,0.0016390123564656639,0.0016142242746642367
2019-01-14,0.34009800603257584,0.34009800603257584,0.2697816356114534,0.05466851413756252,-0.003197905104344738,-0.0032252393614135193
2019-01-15,0.35997429915865453,0.35997429915865453,0.3391767417765818,0.0693951061651284,0.0017537368768592073,0.0017190393237766432
2019-01-16,0.34065741611041145,0.34065741611041145,0.34009800603257584,0.0009212642559940365,-0.0032889784846836345,-0.0032894391168116315
2019-01-17,0.3000281646023112,0.3000281646023112,0.35997429915865453,0.019876293126078692,0.0025428885906335305,0.0025329504440704913
2019-01-18,0.20914209836880562,0.20914209836880562,0.34065741611041145,0.019316883048243083,0.005060349794597598,0.005050691353073477
2019-01-22,0.14560413497218072,0.14560413497218072,0.3000281646023112,0.04062925150810026,-0.005611392106410995,-0.005631706732165045
2019-01-23,0.09940319069585295,0.09940319069585295,0.20914209836880562,0.09088606623350556,-0.0014298627341408907,-0.0014753057672576436
2019-01-24,0.2593958175646046,0.2593958175646046,0.14560413497218072,0.0635379633966249,0.005527745091526948,0.005495976109828635
2019-01-25,0.18386579329217026,0.18386579329217026,0.09940319069585295,0.046200944276327774,-0.005433595906654043,-0.005456696378792206
2019-01-28,0.12128491918676737,0.12128491918676737,0.2593958175646046,0.15999262686875165,-0.0018197846518665513,-0.001899780965300927
2019-01-29,0.07290173858156643,0.07290173858156643,0.18386579329217026,0.07553002427243435,-0.0006691556290231473,-0.0007069206411593645
2019-01-30,0.08331497994130668,0.08331497994130668,0.12128491918676737,0.06258087410540289,0.0026060395007045075,0.002574749063651806
2019-01-31,0.07159289260798572,0.07159289260798572,0.07290173858156643,0.04838318060520094,-0.0006440773076230279,-0.0006682688979256283
2019-02-01,0.1702864805154103,0.1702864805154103,0.08331497994130668,0.010413241359740255,0.0028467308245378807,0.0028415242038580106
2019-02-04,0.28816181377998945,0.28816181377998945,0.07159289260798572,0.01172208733332096,0.0007199003341449359,0.0007140392904782754
2019-02-05,0.4974991287977977,0.4974991287977977,0.1702864805154103,0.09869358790742457,0.0027331589516463818,0.0026838121576926695
2019-02-06,0.6649994191985318,0.6649994191985318,0.28816181377998945,0.11787533326457916,0.0011886753482829664,0.0011297376816506769
2019-02-07,0.6394639812737275,0.6394639812737275,0.4974991287977977,0.20933731501780822,-0.006679865085622819,-0.0067845337431317225
2019-02-08,0.4969160381602099,0.4969160381602099,0.6649994191985318,0.1675002904007341,-0.005268105372427162,-0.005351855517627529
2019-02-11,0.3941927015948715,0.3941927015948715,0.6394639812737275,0.025535437924804283,-0.0009165373931871718,-0.0009293051121495739
2019-02-12,0.5961284677299143,0.5961284677299143,0.4969160381602099,0.1425479431135176,0.012634387725420988,0.012563113753864229
2019-02-13,0.7307523118199429,0.7307523118199429,0.3941927015948715,0.10272333656533839,0.0036257815049020327,0.0035744198366193638
2019-02-14,0.8205015412132953,0.8205015412132953,0.5961284677299143,0.20193576613504283,0.004015846740073247,0.003914878857005725
2019-02-15,0.8803343608088636,0.8803343608088636,0.7307523118199429,0.1346238440900286,0.012224926835540792,0.012157614913495778
2019-02-19,0.7977687781033884,0.7977687781033884,0.8205015412132953,0.08974922939335239,-0.004129679559258183,-0.004174554173954859
2019-02-20,0.7314179999537198,0.7314179999537198,0.8803343608088636,0.0598328195955683,-0.0001711681586527327,-0.00020108456845051683
2019-02-21,0.6954794797574181,0.6954794797574181,0.7977687781033884,0.0825655827054752,0.0003105628083873577,0.00026928001703462013
2019-02-22,0.7969863198382787,0.7969863198382787,0.7314179999537198,0.06635077814966861,0.015365346433161014,0.01533217104408618
2019-02-25,0.8646575465588526,0.8646575465588526,0.6954794797574181,0.035938520196301726,0.008082207609347514,0.008064238349249363
2019-02-26,0.9097716977059018,0.9097716977059018,0.7969863198382787,0.10150684008086064,0.0019511396063129967,0.0019003861862725664
2019-02-27,0.9398477984706013,0.9398477984706013,0.8646575465588526,0.06767122672057391,0.0001626979512708628,0.00012886233791057586
2019-02-28,0.7933177067290731,0.7933177067290731,0.9097716977059018,0.0451141511470492,-0.004784652596176012,-0.004807209671749536
2019-03-01,0.8622118044860487,0.8622118044860487,0.9398477984706013,0.030076100764699465,0.006033727024720237,0.006018688974337888
2019-03-04,0.9081412029906992,0.9081412029906992,0.7933177067290731,0.1465300917415282,0.009525731817426435,0.00945246677155567
2019-03-05,0.7868818359154205,0.7868818359154205,0.8622118044860487,0.06889409775697564,-0.004156109792493178,-0.004190556841371666
2019-03-06,0.5937623517007732,0.5937623517007732,0.9081412029906992,0.0459293985046505,-0.012349848413804957,-0.012372813113057282
2019-03-07,0.4509909107855317,0.4509909107855317,0.7868818359154205,0.12125936707527873,-0.005201305760786904,-0.005261935444324543
2019-03-08,0.3185123023764428,0.3185123023764428,0.5937623517007732,0.1931194842146473,-0.00135452093038195,-0.0014510806724892737
2019-03-11,0.32842955036745236,0.32842955036745236,0.4509909107855317,0.14277144091524147,0.007476412636339299,0.007405026915881678
2019-03-12,0.3908927988127148,0.3908927988127148,0.3185123023764428,0.13247860840908893,0.0013133979233774227,0.0012471586191728783
2019-03-13,0.5939285325418099,0.5939285325418099,0.32842955036745236,0.00991724799100957,0.004904695630397952,0.0048997370064024475
2019-03-14,0.5166633597736549,0.5166633597736549,0.3908927988127148,0.062463248445262465,-0.006686224565248811,-0.006717456189471442
2019-03-15,0.6647220544866028,0.6647220544866028,0.5939285325418099,0.20303573372909506,0.0098913657040204,0.009789847837155852
2019-03-18,0.6949572799979474,0.6949572799979474,0.5166633597736549,0.07726517276815503,-0.0021871762009760915,-0.002225808787360169
2019-03-19,0.7376901152388003,0.7376901152388003,0.6647220544866028,0.14805869471294797,0.0008599988999025539,0.0007859695525460799
2019-03-20,0.6766648971855609,0.6766648971855609,0.6949572799979474,0.03023522551134461,-0.004490281787656706,-0.004505399400412378
2019-03-21,0.784443264790374,0.784443264790374,0.7376901152388003,0.04273283524085292,0.01123948063702834,0.011218114219407913
2019-03-22,0.6480494626409656,0.6480494626409656,0.6766648971855609,0.06102521805323946,-0.017089908469043853,-0.017120421078070474
2019-03-25,0.5266965609398844,0.5266965609398844,0.784443264790374,0.10777836760481307,-0.0070696040212279015,-0.007123493205030308
2019-03-26,0.5030791312265053,0.5030791312265053,0.6480494626409656,0.13639380214940833,0.008103565006883298,0.008035368105808594
2019-03-27,0.45141550961934995,0.45141550961934995,0.5266965609398844,0.12135290170108126,-0.002759538468092498,-0.0028202149189430386
2019-03-28,0.399259116336363,0.399259116336363,0.5030791312265053,0.0236174297133791,-0.00047330627026699357,-0.0004851149851236831
2019-03-29,0.4097888453901932,0.4097888453901932,0.45141550961934995,0.05166362160715532,0.005014870987330312,0.004989039176526735
2019-04-01,0.5697939001569492,0.5697939001569492,0.399259116336363,0.052156393282986935,0.00602225332355864,0.005996175126917146
2019-04-02,0.6497708486576347,0.6497708486576347,0.4097888453901932,0.010529729053830206,-0.001127701757527179,-0.0011329666220540942
2019-04-03,0.7665138991050898,0.7665138991050898,0.5697939001569492,0.16000505476675597,0.011739817670990466,0.011659815143607088
2019-04-04,0.8443425994033933,0.8443425994033933,0.6497708486576347,0.07997694850068549,0.005153081888057287,0.005113093413806944
2019-04-05,0.8083877841098244,0.8083877841098244,0.7665138991050898,0.11674305044745514,-0.004386300803746907,-0.004444672328970635
2019-04-08,0.7927507969309749,0.7927507969309749,0.8443425994033933,0.07782870029830347,0.0012150863364458469,0.001176171986296695
2019-04-09,0.7053813739441404,0.7053813739441404,0.8083877841098244,0.03595481529356892,-0.005226758028929549,-0.005244735436576333
2019-04-10,0.7441152049475079,0.7441152049475079,0.7927507969309749,0.015636987178849426,0.006161967967824781,0.006154149474235356
2019-04-11,0.7853068984789657,0.7853068984789657,0.7053813739441404,0.08736942298683459,0.0006326381815180161,0.0005889534700245988
2019-04-12,0.8568712656526438,0.8568712656526438,0.7441152049475079,0.03873383100336758,0.00826813663711422,0.008248769721612537
2019-04-15,0.8521332819293663,0.8521332819293663,0.7853068984789657,0.041191693531457796,-0.0019489497609880204,-0.0019695456077537493
2019-04-16,0.901422187952911,0.901422187952911,0.8568712656526438,0.07156436717367809,0.006546962203315276,0.006511180019728437
2019-04-17,0.9342814586352741,0.9342814586352741,0.8521332819293663,0.004737983723277495,0.027798192424612015,0.027795823432750378
2019-04-18,0.9417750453041587,0.9417750453041587,0.901422187952911,0.04928890602354463,-0.001077413406691771,-0.0011020578597035432
2019-04-22,0.9611833635361058,0.9611833635361058,0.9342814586352741,0.03285927068236316,0.00527133946169221,0.005254909826351029
2019-04-23,0.9679178576193295,0.9679178576193295,0.9417750453041587,0.007493586668884555,-0.000640341820314052,-0.0006440886136484943
2019-04-24,0.9623469172605871,0.9623469172605871,0.9611833635361058,0.019408318231947108,-0.0009812622919333032,-0.0009909664510492767
2019-04-25,0.8469595717513806,0.8469595717513806,0.9679178576193295,0.0067344940832236855,-0.0182967561424672,-0.018300123389508812
2019-04-26,0.5625047216601113,0.5625047216601113,0.9623469172605871,0.005570940358742393,-0.08652934469905763,-0.086532130169237
2019-04-29,0.256137122897095,0.256137122897095,0.8469595717513806,0.11538734550920648,-0.021323520400547427,-0.02138121407330203
2019-04-30,0.029024394479466586,0.029024394479466586,0.5625047216601113,0.28445485009126925,-0.0007704244584872561,-0.0009126518835328907
2019-05-01,-0.14041517937959377,-0.14041517937959377,0.256137122897095,0.30636759876301634,-0.001405134754812488,-0.0015583185541939962
2019-05-02,-0.26155888039777103,-0.26155888039777103,0.029024394479466586,0.22711272841762842,-0.00012007548998692806,-0.00023363185419574228
2019-05-03,-0.26929849364850167,-0.26929849364850167,-0.14041517937959377,0.16943957385906036,-0.0033332480710866427,-0.003417967858016173
2019-05-06,-0.286606012058602,-0.286606012058602,-0.26155888039777103,0.12114370101817726,0.0010933064481374656,0.001032734597628377
2019-05-07,-0.34447148636845115,-0.34447148636845115,-0.26929849364850167,0.007739613250730637,0.003890591702315568,0.003886721895690203
2019-05-08,-0.5629809909123008,-0.5629809909123008,-0.286606012058602,0.01730751841010031,0.00704020046333996,0.00703154670413491
2019-05-09,-0.7086539939415339,-0.7086539939415339,-0.34447148636845115,0.057865474309849174,0.01832898794255169,0.018300055205396765
2019-05-10,-0.805769329294356,-0.805769329294356,-0.5629809909123008,0.21850950454384965,0.005071985118339221,0.004962730366067296
2019-05-13,-0.8705128861962375,-0.8705128861962375,-0.7086539939415339,0.14567300302923314,0.022087845881785813,0.022015009380271195
2019-05-14,-0.8618256944503365,-0.8618256944503365,-0.805769329294356,0.09711533535282202,-0.007381044484184438,-0.007429602151860849
2019-05-15,-0.8129409194389415,-0.8129409194389415,-0.8705128861962375,0.0647435569018815,-0.0086721772880409,-0.00870454906649184
2019-05-16,-0.7890159521322337,-0.7890159521322337,-0.8618256944503365,0.008687191745900935,0.00170010660369698,0.0016957630078240295
2019-05-17,-0.8393296277805915,-0.8393296277805915,-0.8129409194389415,0.04888477501139499,0.011427441990395956,0.011402999602890259
2019-05-20,-0.8928864185203944,-0.8928864185203944,-0.7890159521322337,0.02392496730670779,0.023376787881355995,0.02336482539770264
2019-05-21,-0.8354278138427503,-0.8354278138427503,-0.8393296277805915,0.05031367564835776,-0.01734139784376263,-0.01736655468158681
2019-05-22,-0.8395962342198063,-0.8395962342198063,-0.8928864185203944,0.053556790739802906,0.009238186089491231,0.00921140769412133
2019-05-23,-0.7643556001770482,-0.7643556001770482,-0.8354278138427503,0.057458604677644076,-0.010063075982920998,-0.01009180528525982
2019-05-24,-0.7102510073168046,-0.7102510073168046,-0.8395962342198063,0.0041684203770560035,-0.0007544254030992063,-0.0007565096132877343
2019-05-28,-0.8048585278804498,-0.8048585278804498,-0.7643556001770482,0.07524063404275816,0.017149689165390697,0.017112068848369317
2019-05-29,-0.7670305691649301,-0.7670305691649301,-0.7102510073168046,0.054104592860243605,-0.010758914693007025,-0.010785966989437146
2019-05-30,-0.6889783111053281,-0.6889783111053281,-0.8048585278804498,0.09460752056364519,-0.009098592702362473,-0.009145896462644295
2019-05-31,-0.7176359412651132,-0.7176359412651132,-0.7670305691649301,0.037827958715519694,0.01183214749674562,0.01181323351738786
2019-06-03,-0.8117572941767421,-0.8117572941767421,-0.6889783111053281,0.07805225805960192,0.009073686532216255,0.009034660403186453
2019-06-04,-0.7065463900972089,-0.7065463900972089,-0.7176359412651132,0.028657630159785064,-0.02196162480959912,-0.021975953624679013
2019-06-05,-0.6497771724238245,-0.6497771724238245,-0.8117572941767421,0.09412135291162893,0.004349788461465455,0.00430272778500964
2019-06-06,-0.5652616211630956,-0.5652616211630956,-0.7065463900972089,0.10521090407953326,-0.00872280093956959,-0.008775406391609357
2019-06-07,-0.4646423036631555,-0.4646423036631555,-0.6497771724238245,0.05676921767338439,-0.013399065093326008,-0.0134274497021627
2019-06-10,-0.3733044237381444,-0.3733044237381444,-0.5652616211630956,0.08451555126072885,-0.00945582599011877,-0.009498083765749133
2019-06-11,-0.2918677566508873,-0.2918677566508873,-0.4646423036631555,0.10061931749994013,-0.0004963102346330769,-0.0005466198933830469
2019-06-12,-0.25882906535543515,-0.25882906535543515,-0.3733044237381444,0.09133787992501113,0.004223033305567782,0.004177364365605276
2019-06-13,-0.22411828580916338,-0.22411828580916338,-0.2918677566508873,0.08143666708725705,-0.0023944435746790296,-0.002435161908222658
2019-06-14,-0.21118262692632828,-0.21118262692632828,-0.25882906535543515,0.03303869129545217,0.002826640881751175,0.002810121536103449
2019-06-17,-0.19413804882745903,-0.19413804882745903,-0.22411828580916338,0.034710779546271775,0.0002910911501528278,0.0002737357603796919
2019-06-18,-0.15055685287937953,-0.15055685287937953,-0.21118262692632828,0.0129356588828351,-0.005676672512063414,-0.005683140341504832
2019-06-19,-0.12647552014116423,-0.12647552014116423,-0.19413804882745903,0.01704457809886925,0.0012294616324586315,0.001220939343409197
2019-06-20,-0.10764350854890645,-0.10764350854890645,-0.15055685287937953,0.04358119594807949,-0.0003838391679599573,-0.00040562976593399707
2019-06-21,-0.0848393498243204,-0.0848393498243204,-0.12647552014116423,0.024081332738215305,-0.0007236086970127192,-0.0007356493633818268
2019-06-24,-0.06404501255881496,-0.06404501255881496,-0.10764350854890645,0.01883201159225778,-0.0003855889125978768,-0.00039500491839400566
2019-06-25,-0.06570696178255922,-0.06570696178255922,-0.0848393498243204,0.02280415872458605,0.0013893709049164352,0.0013779688255541422
2019-06-26,-0.060976682875917856,-0.060976682875917856,-0.06404501255881496,0.020794337265505433,-0.0018318204186187105,-0.0018422175872514633
2019-06-27,-0.07339286745945642,-0.07339286745945642,-0.06570696178255922,0.0016619492237442551,0.000995354546257427,0.0009945235716455549
2019-06-28,-0.07292259345190578,-0.07292259345190578,-0.060976682875917856,0.004730278906641364,-0.0005267679334026567,-0.0005291330728559774
2019-07-01,-0.06984827894104584,-0.06984827894104584,-0.07339286745945642,0.012416184583538561,-0.0002759714489090163,-0.0002821795412007856
2019-07-02,-0.05743458603546781,-0.05743458603546781,-0.07292259345190578,0.0004702740075506334,-0.00010624874174446021,-0.00010648387874823553
2019-07-03,-0.04594364817025789,-0.04594364817025789,-0.06984827894104584,0.0030743145108599462,-0.0005805991921959331,-0.000582136349451363
2019-07-05,-0.043287882719898495,-0.043287882719898495,-0.05743458603546781,0.012413692905578026,0.0005208260538568419,0.0005146192074040529
2019-07-08,-0.04445851397565659,-0.04445851397565659,-0.04594364817025789,0.011490937865209924,0.0002484554315238543,0.00024270996259124935
2019-07-09,-0.045838333168165726,-0.045838333168165726,-0.043287882719898495,0.002655765450359393,6.336221724733238e-05,6.203433452215269e-05
2019-07-10,-0.038493146036312806,-0.038493146036312806,-0.04445851397565659,0.0011706312557580936,-0.00042828942730388075,-0.00042887474293175977
2019-07-11,-0.026089181349065835,-0.026089181349065835,-0.045838333168165726,0.001379819192509138,-0.00037081585461797955,-0.0003715057642142341
2019-07-12,-0.017712584642477706,-0.017712584642477706,-0.038493146036312806,0.0073451871318529205,-0.001045486434263393,-0.0010491590278293194
2019-07-15,-0.012020191271864817,-0.012020191271864817,-0.026089181349065835,0.012403964687246971,-0.000104525280017579,-0.00011072726236120248
2019-07-16,-0.01234743277634004,-0.01234743277634004,-0.017712584642477706,0.008376596706588128,0.00033573059719231287,0.0003315422988390188
2019-07-17,-0.01167253755566243,-0.01167253755566243,-0.012020191271864817,0.00569239337061289,-5.3782710566884515e-05,-5.662890725219096e-05
2019-07-18,-0.009253503372227634,-0.009253503372227634,-0.01234743277634004,0.0003272415044752227,-0.00013749601685276013,-0.00013765963760499773
2019-07-19,-0.005127759105545783,-0.005127759105545783,-0.01167253755566243,0.0006748952206776099,-7.713135276345685e-05,-7.746880037379565e-05
2019-07-22,0.12216076426387458,0.12216076426387458,-0.009253503372227634,0.0024190341834347956,-0.00019880189617445428,-0.00020001141326617168
2019-07-23,0.41477384284258306,0.41477384284258306,-0.005127759105545783,0.004125744266681851,-3.994366088578636e-05,-4.200653301912728e-05
2019-07-24,0.6098492285617221,0.6098492285617221,0.12216076426387458,0.12728852336942037,0.002761898199792773,0.002698253938108063
2019-07-25,0.6113016922725917,0.6113016922725917,0.41477384284258306,0.2926130785787085,-0.005956635938411584,-0.006102942477700938
2019-07-26,0.5419676333742824,0.5419676333742824,0.6098492285617221,0.19507538571913902,-0.0066643039887408,-0.006761841681600369
2019-07-29,0.6154311803557194,0.6154311803557194,0.6113016922725917,0.0014524637108696004,0.010901185350489373,0.010900459118633937
2019-07-30,0.5561731122379509,0.5561731122379509,0.5419676333742824,0.06933405889830924,-0.008360239247163406,-0.008394906276612562
2019-07-31,0.45813113311416365,0.45813113311416365,0.6154311803557194,0.07346354698143698,-0.0136894120500647,-0.01372614382355542
2019-08-01,0.3539210199011178,0.3539210199011178,0.5561731122379509,0.05925806811776857,-0.01155262854755975,-0.011582257581618634
2019-08-02,0.25853276154425575,0.25853276154425575,0.45813113311416365,0.0980419791237872,-0.007589232978093049,-0.0076382539676549425
2019-08-05,0.13655867989731807,0.13655867989731807,0.3539210199011178,0.10421011321304585,-0.01243229908071243,-0.012484404137318954
2019-08-06,0.06702286654682112,0.06702286654682112,0.25853276154425575,0.09538825835686204,0.0016901026192403584,0.0016424084900619274
2019-08-07,0.01986732011019253,0.01986732011019253,0.13655867989731807,0.12197408164693768,-0.0006688229386426653,-0.0007298099794661342
2019-08-08,-0.0011633552515292415,-0.0011633552515292415,0.06702286654682112,0.06953581335049695,0.0006310700298178451,0.0005963021231425966
2019-08-09,-0.060236873002095015,-0.060236873002095015,0.01986732011019253,0.04715554643662859,-0.0005012114865574879,-0.0005247892597758021
2019-08-12,-0.09671581818034419,-0.09671581818034419,-0.0011633552515292415,0.02103067536172177,9.614465294296793e-06,-9.008723865640906e-07
2019-08-13,-0.09365063960247931,-0.09365063960247931,-0.060236873002095015,0.059073517750565775,-0.0016380198528526048,-0.0016675566117278877
2019-08-14,-0.13427396657803475,-0.13427396657803475,-0.09671581818034419,0.03647894517824918,0.002002856248716776,0.001984616776127651
2019-08-15,-0.16916385249194016,-0.16916385249194016,-0.09365063960247931,0.0030651785778648827,0.00034708281109753,0.00034555022180859755
2019-08-16,-0.1585670418137807,-0.1585670418137807,-0.13427396657803475,0.04062332697555544,-0.002350496441517425,-0.0023708081050052027
2019-08-19,-0.1183421616036266,-0.1183421616036266,-0.16916385249194016,0.034889885913905405,-0.0026557436651873253,-0.002673188608144278
2019-08-20,-0.11361221914431217,-0.11361221914431217,-0.1585670418137807,0.010596810678159457,0.0021151261368545977,0.0021098277315155177
2019-08-21,-0.09232328868560284,-0.09232328868560284,-0.1183421616036266,0.04022488021015411,-0.001396740117936134,-0.001416852558041211
2019-08-22,-0.09136631781688004,-0.09136631781688004,-0.11361221914431217,0.004729942459314421,0.0008915624019927823,0.0008891974307631251
2019-08-23,-0.19027199718421434,-0.19027199718421434,-0.09232328868560284,0.021288930458709332,0.003591890891572158,0.0035812464263428032
2019-08-26,-0.220269502350253,-0.220269502350253,-0.09136631781688004,0.0009569708687228035,-0.001219313438671877,-0.0012197919241062384
2019-08-27,-0.27247454490791323,-0.27247454490791323,-0.19027199718421434,0.0989056793673343,-0.0009605484207175041,-0.0010100012604011713
2019-08-28,-0.3028303934089941,-0.3028303934089941,-0.220269502350253,0.029997505166038663,-0.0,-1.4998752583019332e-05
2019-08-29,-0.28386441458784795,-0.28386441458784795,-0.27247454490791323,0.05220504255766023,-0.0064265417718962015,-0.0064526442931750316
2019-08-30,-0.24466417560688541,-0.24466417560688541,-0.3028303934089941,0.030355848501080862,-0.003489049130559338,-0.0035042270548098784
2019-09-03,-0.24268295795229014,-0.24268295795229014,-0.28386441458784795,0.018965978821146146,0.0025746797222040993,0.0025651967327935264
2019-09-04,-0.1466984020827697,-0.1466984020827697,-0.24466417560688541,0.03920023898096253,-0.010103280070955269,-0.01012288019044575
2019-09-05,-0.017786221084611517,-0.017786221084611517,-0.24268295795229014,0.001981217654595274,-0.00585375979584237,-0.005854750404669668
2019-09-06,0.12413974030359266,0.12413974030359266,-0.1466984020827697,0.09598455586952043,-0.00240102675925503,-0.00244901903718979
2019-09-09,0.21989679759387687,0.21989679759387687,-0.017786221084611517,0.1289121809981582,-0.00023402844536914543,-0.00029848453586822453
2019-09-10,0.31898864509611136,0.31898864509611136,0.12413974030359266,0.14192596138820418,0.0005534541387570115,0.0004824911580629094
2019-09-11,0.5459924300640743,0.5459924300640743,0.21989679759387687,0.0957570572902842,0.004116162858157284,0.0040682843295121425
2019-09-12,0.6973282867093828,0.6973282867093828,0.31898864509611136,0.09909184750223449,0.0013293902127211007,0.0012798442889699834
2019-09-13,0.6973436810832165,0.6973436810832165,0.5459924300640743,0.22700378496796292,-0.004840967344589129,-0.00495446923707311
2019-09-16,0.6543552018555723,0.6543552018555723,0.6973282867093828,0.15133585664530858,-0.004512442548792864,-0.004588110477115518
2019-09-17,0.5910021425058549,0.5910021425058549,0.6973436810832165,1.5394373833688135e-05,-0.003339805422818706,-0.003339813120005623
2019-09-18,0.4810209386301688,0.4810209386301688,0.6543552018555723,0.04298847922764426,-0.0026453187684566037,-0.002666813008070426
2019-09-19,0.37154920269040836,0.37154920269040836,0.5910021425058549,0.06335305934971736,-0.0019417423637321408,-0.0019734188934069996
2019-09-20,0.27248047785674473,0.27248047785674473,0.4810209386301688,0.1099812038756861,-0.007928403777942279,-0.007983394379880122
2019-09-23,0.20307084807322567,0.20307084807322567,0.37154920269040836,0.10947173593976045,0.0013185417985610464,0.0012638059305911662
2019-09-24,0.14689518341681196,0.14689518341681196,0.27248047785674473,0.09906872483366364,-0.0057815124660688735,-0.005831046828485706
2019-09-25,0.1489759403701934,0.1489759403701934,0.20307084807322567,0.06940962978351906,0.004891357493895742,0.004856652679003982
2019-09-26,0.1433628404441434,0.1433628404441434,0.14689518341681196,0.056175664656413715,-0.00028793007952668265,-0.0003160179118548895
2019-09-27,0.13337534448257846,0.13337534448257846,0.1489759403701934,0.0020807569533814463,-0.0004096250823365492,-0.00041066546081323994
2019-09-30,0.17934973590246983,0.17934973590246983,0.1433628404441434,0.005613099926049997,0.0021174228630475057,0.002114616313084481
2019-10-01,0.17191476611602413,0.17191476611602413,0.13337534448257846,0.009987495961564952,-0.001992978514109069,-0.0019979722620898513
2019-10-02,0.1302465339881934,0.1302465339881934,0.17934973590246983,0.045974391419891375,-0.004840588475823049,-0.004863575671532995
2019-10-03,0.12643611070696215,0.12643611070696215,0.17191476611602413,0.0074349697864457,0.0022276800308214935,0.002223962545928271
2019-10-04,0.1674066397851312,0.1674066397851312,0.1302465339881934,0.04166823212783072,0.002316989048369793,0.002296154932305878
2019-10-07,0.18084258215138432,0.18084258215138432,0.12643611070696215,0.0038104232812312677,-0.0007449121846763516,-0.0007468173963169672
2019-10-08,0.14952529182111896,0.14952529182111896,0.1674066397851312,0.04097052907816906,-0.0029433295013287846,-0.002963814765867869
2019-10-09,0.15168996866846482,0.15168996866846482,0.18084258215138432,0.013435942366253117,0.0027273494933835723,0.002720631522200446
2019-10-10,0.1893755951528982,0.1893755951528982,0.14952529182111896,0.03131729033026537,0.001866120428199582,0.0018504617830344494
2019-10-11,0.3075112880043147,0.3075112880043147,0.15168996866846482,0.0021646768473458644,0.002908552856870882,0.002907470518447209
2019-10-14,0.33780499128125463,0.33780499128125463,0.1893755951528982,0.03768562648443338,-0.0016359918317785254,-0.001654834645020742
2019-10-15,0.48630185239962936,0.48630185239962936,0.3075112880043147,0.11813569285141651,0.006014476282990644,0.005955408436564936
2019-10-16,0.5232076530635805,0.5232076530635805,0.33780499128125463,0.03029370327693992,-0.001283240763460823,-0.001298387615099293
2019-10-17,0.4786045230950783,0.4786045230950783,0.48630185239962936,0.14849686111837473,-0.005470357957719158,-0.005544606388278345
2019-10-18,0.40329773184717965,0.40329773184717965,0.5232076530635805,0.03690580066395116,-0.00504443673302488,-0.005062889633356855
2019-10-21,0.4303769329520788,0.4303769329520788,0.4786045230950783,0.04460312996850224,0.007175484358966907,0.007153182793982656
2019-10-22,0.41332298449116844,0.41332298449116844,0.40329773184717965,0.07530679124789863,-0.0009284557230924176,-0.0009661091187163669
2019-10-23,0.37060795614938036,0.37060795614938036,0.4303769329520788,0.027079201104899142,-0.0023996767464953056,-0.0024132163470477553
2019-10-24,0.3997414838998334,0.3997414838998334,0.41332298449116844,0.01705394846091035,0.00407564133825891,0.004067114364028455
2019-10-25,0.5998276559332223,0.5998276559332223,0.37060795614938036,0.042715028341788086,0.030014722873569738,0.029993365359398845
2019-10-28,0.7332184372888149,0.7332184372888149,0.3997414838998334,0.029133527750453025,0.0021240304825584314,0.0021094637186832048
2019-10-29,0.7832905817790647,0.7832905817790647,0.5998276559332223,0.2000861720333889,-0.0044384183218885995,-0.004538461407905294
2019-10-30,0.8400777201062728,0.8400777201062728,0.7332184372888149,0.13339078135559257,0.0033835687251634115,0.003316873334485615
2019-10-31,0.8709075025916249,0.8709075025916249,0.7832905817790647,0.05007214449024988,-0.0009687425577148795,-0.0009937786299600044
2019-11-01,0.889053095668679,0.889053095668679,0.8400777201062728,0.05678713832720805,-0.00029693130326909767,-0.0003253248724327017
2019-11-04,0.9260353971124526,0.9260353971124526,0.8709075025916249,0.030829782485352064,0.016952559808869373,0.016937144917626698
2019-11-05,0.9451221505286317,0.9451221505286317,0.889053095668679,0.0181455930770541,-0.0009258580502196815,-0.0009349308467582085
2019-11-06,0.9634147670190878,0.9634147670190878,0.9260353971124526,0.03698230144377368,0.005905401660742223,0.005886910510020336
2019-11-07,0.9756098446793919,0.9756098446793919,0.9451221505286317,0.019086753416179048,0.007383853283136642,0.007374309906428552
2019-11-08,0.983739896452928,0.983739896452928,0.9634147670190878,0.018292616490456104,0.0036509173163983078,0.0036417710081530796
2019-11-11,0.9891599309686188,0.9891599309686188,0.9756098446793919,0.012195077660304143,0.0013396650043069774,0.0013335674654768254
2019-11-12,0.9098325093909827,0.9098325093909827,0.983739896452928,0.008130051773536096,-0.002528729398095784,-0.0025327944239825523
2019-11-13,0.7679134129911882,0.7679134129911882,0.9891599309686188,0.00542003451569073,-0.0052686560659678805,-0.005271366083225726
2019-11-14,0.6551899431663363,0.6551899431663363,0.9098325093909827,0.07932742157763606,-0.0012575427360764513,-0.0012972064468652694
2019-11-15,0.6154772820077966,0.6154772820077966,0.7679134129911882,0.1419190963997945,0.00199255254404364,0.0019215929958437427
2019-11-18,0.634822580344148,0.634822580344148,0.6551899431663363,0.11272346982485193,0.003278201896949447,0.003221840162037021
2019-11-19,0.7565483868960987,0.7565483868960987,0.6154772820077966,0.039712661158539664,0.001056590100665401,0.0010367337700861311
2019-11-20,0.5864635408183096,0.5864635408183096,0.634822580344148,0.019345298336351346,-0.0048958140004263335,-0.004905486649594509
2019-11-21,0.5884876944328958,0.5884876944328958,0.7565483868960987,0.12172580655195075,0.004181369458123444,0.004120506554847468
2019-11-22,0.4384801493660436,0.4384801493660436,0.5864635408183096,0.17008484607778906,-0.006144740248260322,-0.006229782671299216
2019-11-25,0.6256534329106958,0.6256534329106958,0.5884876944328958,0.0020241536145861883,0.012258027891298949,0.012257015814491656
2019-11-26,0.7504356219404639,0.7504356219404639,0.4384801493660436,0.1500075450668522,0.0006710561428969576,0.0005960523703635314
2019-11-27,0.7040094326488808,0.7040094326488808,0.6256534329106958,0.18717328354465212,-0.0041427570967496555,-0.0042363437385219815
2019-11-29,0.5987636146292235,0.5987636146292235,0.7504356219404639,0.12478218902976812,-0.005899789956198276,-0.00596218105071316
2019-12-02,0.4907995611871365,0.4907995611871365,0.7040094326488808,0.04642618929158304,-0.004729743193496189,-0.004752956288141981
2019-12-03,0.37430027602082944,0.37430027602082944,0.5987636146292235,0.10524581801965738,-0.016511224795099137,-0.016563847704108965
2019-12-04,0.2941614076330148,0.2941614076330148,0.4907995611871365,0.10796405344208693,-0.0004376004110743561,-0.0004915824377953996
2019-12-05,0.24408098160244082,0.24408098160244082,0.37430027602082944,0.11649928516630709,0.00040088974953451787,0.00034264010695136434
2019-12-06,0.2493298373610272,0.2493298373610272,0.2941614076330148,0.08013886838781464,0.0038291422496855264,0.003789072815491619
2019-12-09,0.23639182102186382,0.23639182102186382,0.24408098160244082,0.05008042603057397,-0.001203063158288799,-0.001228103371304086
2019-12-10,0.201608741783984,0.201608741783984,0.2493298373610272,0.005248855758586385,0.00026465163136051424,0.00026202720348122104
2019-12-11,0.20835703363760866,0.20835703363760866,0.23639182102186382,0.012938016339163388,0.0020050934940953717,0.00199862448592579
2019-12-12,0.25398837499537763,0.25398837499537763,0.201608741783984,0.03478307923787982,0.001695662610624287,0.001678271071005347
2019-12-13,0.3059303333729965,0.3059303333729965,0.20835703363760866,0.0067482918536246606,0.0008689490311350106,0.0008655748852081983
2019-12-16,0.33054053506701875,0.33054053506701875,0.25398837499537763,0.04563134135776897,-0.00039556803125534993,-0.0004183837019342344
2019-12-17,0.2329384681971739,0.2329384681971739,0.3059303333729965,0.05194195837761889,-0.0021208562553161124,-0.002146827234504922
2019-12-18,0.16760133817814502,0.16760133817814502,0.33054053506701875,0.024610201694022227,-0.0007498785219350666,-0.0007621836227820777
2019-12-19,0.18999786886675202,0.18999786886675202,0.2329384681971739,0.09760206686984485,0.003218832444818094,0.0031700314113831713
2019-12-20,0.4599985792445014,0.4599985792445014,0.16760133817814502,0.06533713001902888,0.002862733989088147,0.0028300654240786326
2019-12-23,0.6399990528296676,0.6399990528296676,0.18999786886675202,0.022396530688607003,0.0009024939436294071,0.0008912956782851036
2019-12-24,0.7599993685531118,0.7599993685531118,0.4599985792445014,0.27000071037774936,0.0013978915438675162,0.0012628911886786414
2019-12-26,0.839999579035408,0.839999579035408,0.6399990528296676,0.18000047358516624,0.004416786782919825,0.004326786546127242
2019-12-27,0.8933330526902721,0.8933330526902721,0.7599993685531118,0.12000031572344416,0.003303288262335945,0.003243288104474223
2019-12-30,0.7932733262836129,0.7932733262836129,0.839999579035408,0.08000021048229622,-0.006431593555706924,-0.006471593660948073
2019-12-31,0.7834541917759519,0.7834541917759519,0.8933330526902721,0.05333347365486407,0.003446265428833874,0.0034195986920064416
2020-01-02,0.8556361278506346,0.8556361278506346,0.7932733262836129,0.10005972640665917,0.013121830452045924,0.013071800588842594
2020-01-03,0.7492167806663,0.7492167806663,0.7834541917759519,0.009819134507661031,-0.009529306828049332,-0.009534216395303162
2020-01-06,0.6436378565065441,0.6436378565065441,0.8556361278506346,0.0721819360746827,-0.002420148086643487,-0.0024562390546808283
2020-01-07,0.4964632108897998,0.4964632108897998,0.7492167806663,0.10641934718433455,-0.012501527450037698,-0.012554737123629865
2020-01-08,0.4002965015288634,0.4002965015288634,0.6436378565065441,0.1055789241597559,0.0004369111817370214,0.0003841217196571434
2020-01-09,0.3600218553099106,0.3600218553099106,0.4964632108897998,0.14717464561674437,0.0027782561484116317,0.0027046688256032597
2020-01-10,0.30941984408889683,0.30941984408889683,0.4002965015288634,0.09616670936093635,-0.002430112041734752,-0.00247819539641522
2020-01-13,0.33306571264418294,0.33306571264418294,0.3600218553099106,0.040274646218952825,0.003970358559532294,0.003950221236422817
2020-01-14,0.331834008569771,0.331834008569771,0.30941984408889683,0.050602011221013765,-0.0008308053545830723,-0.0008561063601935792
2020-01-15,0.29628429279636004,0.29628429279636004,0.33306571264418294,0.02364586855528611,-0.0027460959780633747,-0.0027579189123410177
2020-01-16,0.3131601470067227,0.3131601470067227,0.331834008569771,0.0012317040744119212,0.004053591061672717,0.004052975209635511
2020-01-17,0.30447753132968414,0.30447753132968414,0.29628429279636004,0.035549715773410984,-0.000297949074930228,-0.00031572393281693346
2020-01-21,0.45983629875914933,0.45983629875914933,0.3131601470067227,0.01687585421036264,0.004991638784592689,0.004983200857487507
2020-01-22,0.6398908658394329,0.6398908658394329,0.30447753132968414,0.008682615677038541,0.010962207554561926,0.010957866246723406
2020-01-23,0.7599272438929553,0.7599272438929553,0.45983629875914933,0.1553587674294652,0.00432488465525094,0.004247205271536207
2020-01-24,0.8399514959286369,0.8399514959286369,0.6398908658394329,0.18005456708028356,0.052044247022500253,0.05195421973896011
2020-01-27,0.7274988279856464,0.7274988279856464,0.7599272438929553,0.12003637805352241,-0.030854376581070302,-0.030914394770097064
2020-01-28,0.7416259436991134,0.7416259436991134,0.8399514959286369,0.08002425203568164,0.020714128356241764,0.020674116230223923
2020-01-29,0.6957339237272742,0.6957339237272742,0.7274988279856464,0.11245266794299058,-0.010591910132286305,-0.0106481364662578
2020-01-30,0.6719284516346463,0.6719284516346463,0.7416259436991134,0.014127115713467031,0.001565371976278217,0.0015583084184214834
2020-01-31,0.5352644929494377,0.5352644929494377,0.6957339237272742,0.045892019971839226,-0.02658588406903346,-0.02660883007901938
2020-02-03,0.4662408587608124,0.4662408587608124,0.6719284516346463,0.023805472092627844,0.005150121501584691,0.005138218765538377
2020-02-04,0.46944081130985255,0.46944081130985255,0.5352644929494377,0.13666395868520864,0.00864121281469166,0.008572880835349055
2020-02-05,0.5722811123738162,0.5722811123738162,0.4662408587608124,0.06902363418862528,0.013390483610118725,0.013355971793024411
2020-02-06,0.6457809070765828,0.6457809070765828,0.46944081130985255,0.0031999525490401526,0.0005603248293522075,0.0005587248530776874
2020-02-07,0.6080593713451325,0.6080593713451325,0.5722811123738162,0.10284030106396364,-0.009127081810696271,-0.009178501961228254
2020-02-10,0.5870478473435183,0.5870478473435183,0.6457809070765828,0.07349979470276657,0.003619134561340733,0.0035823846639893497
2020-02-11,0.6469748594719189,0.6469748594719189,0.6080593713451325,0.037721535731450206,0.009342105682729859,0.009323244914864134
2020-02-12,0.6886123031104927,0.6886123031104927,0.5870478473435183,0.021011524001614212,0.0004354423899846812,0.0004249366279838741
2020-02-13,0.7144631087536872,0.7144631087536872,0.6469748594719189,0.05992701212840057,-0.00019179024439720612,-0.0002217537504614064
2020-02-14,0.6605889689964153,0.6605889689964153,0.6886123031104927,0.0416374436385738,-0.0017358893596252254,-0.0017567080814445124
2020-02-18,0.552123137177298,0.552123137177298,0.7144631087536872,0.02585080564319453,-0.012001470948884568,-0.012014396351706166
2020-02-19,0.5540079634587758,0.5540079634587758,0.6605889689964153,0.053874139757271955,0.009688035556343042,0.009661098486464407
2020-02-20,0.436243014077188,0.436243014077188,0.552123137177298,0.10846583181911729,-0.013656956836969152,-0.01371118975287871
2020-02-21,0.3308527730331208,0.3308527730331208,0.5540079634587758,0.0018848262814777916,-0.009395850545270208,-0.009396792958410947
2020-02-24,0.2230998550483265,0.2230998550483265,0.436243014077188,0.11776494938158777,-0.01749298617541223,-0.017551868650103022
2020-02-25,0.10454579309783334,0.10454579309783334,0.3308527730331208,0.10539024104406725,-0.010874880593278555,-0.010927575713800588
2020-02-26,0.03117461483122763,0.03117461483122763,0.2230998550483265,0.10775291798479428,-0.0002987965297130741,-0.0003526729887054713
2020-02-27,-0.30013096346183454,-0.30013096346183454,0.10454579309783334,0.11855406195049316,-0.006695135910745291,-0.006754412941720538
2020-02-28,-0.5334206423078897,-0.5334206423078897,0.03117461483122763,0.0733711782666057,-0.00017310428960568767,-0.00020978987873899053
2020-03-02,-0.4862532999916815,-0.4862532999916815,-0.30013096346183454,0.3313055782930622,-0.014379464418324387,-0.014545117207470919
2020-03-03,-0.6105264867540399,-0.6105264867540399,-0.5334206423078897,0.23328967884605512,0.020262237611884084,0.020145592772461057
2020-03-04,-0.5209225668914189,-0.5209225668914189,-0.4862532999916815,0.04716734231620817,-0.0235437949362048,-0.023567378607362906
2020-03-05,-0.5589285474720109,-0.5589285474720109,-0.6105264867540399,0.12427318676235838,0.01789554863666214,0.017833412043280962
2020-03-06,-0.6809858948568002,-0.6809858948568002,-0.5209225668914189,0.08960391986262095,0.0108828874678704,0.01083808550793909
2020-03-09,-0.7873239299045335,-0.7873239299045335,-0.5589285474720109,0.038005980580592014,0.04930853430427497,0.04928953131398467
2020-03-10,-0.6882317095351737,-0.6882317095351737,-0.6809858948568002,0.12205734738478924,-0.041917298160618066,-0.04197832683431046
2020-03-11,-0.739016609503867,-0.739016609503867,-0.7873239299045335,0.10633803504773331,0.033838341916606555,0.033785172899082686
2020-03-12,-0.826011073002578,-0.826011073002578,-0.6882317095351737,0.09909222036935983,0.08153273651904651,0.08148319040886183
2020-03-13,-0.5819173243577082,-0.5819173243577082,-0.739016609503867,0.0507848999686934,-0.14426583719507075,-0.14429122964505509
2020-03-16,-0.7212782162384721,-0.7212782162384721,-0.826011073002578,0.08699446349871098,0.14902506426877465,0.1489815670370253
2020-03-17,-0.6109753053569333,-0.6109753053569333,-0.5819173243577082,0.24409374864486988,-0.07135374372574074,-0.07147579060006318
2020-03-18,-0.6157105183756305,-0.6157105183756305,-0.7212782162384721,0.13936089188076395,0.03557419793150017,0.035504517485559786
2020-03-19,-0.6832841790940094,-0.6832841790940094,-0.6109753053569333,0.11030291088153876,0.021431010932824728,0.02137585947738396
2020-03-20,-0.7330373742087254,-0.7330373742087254,-0.6157105183756305,0.004735213018697171,0.001474267037199499,0.0014718994306901502
2020-03-23,-0.6321663077817812,-0.6321663077817812,-0.6832841790940094,0.06757366071837889,-0.055909072781499466,-0.05594285961185866
2020-03-24,-0.48716058096593406,-0.48716058096593406,-0.7330373742087254,0.04975319511471599,-0.041693518983632376,-0.041718395581189734
2020-03-25,-0.4198873539206599,-0.4198873539206599,-0.6321663077817812,0.10087106642694421,0.013753175573064628,0.013702740039851157
2020-03-26,-0.2708688628785981,-0.2708688628785981,-0.48716058096593406,0.1450057268158471,-0.040675785311363136,-0.04074828817477106
2020-03-27,-0.23950805914697765,-0.23950805914697765,-0.4198873539206599,0.06727322704527416,0.023965484231903988,0.023931847618381352
2020-03-30,-0.15479354770094061,-0.15479354770094061,-0.2708688628785981,0.14901849104206177,-0.016137347308850875,-0.016211856554371906
2020-03-31,-0.11424337106817055,-0.11424337106817055,-0.23950805914697765,0.03136080373162048,0.0059132435574911135,0.005897563155625303
2020-04-01,-0.11364364268993037,-0.11364364268993037,-0.15479354770094061,0.08471451144603703,0.0064068111470022395,0.006364453891279221
2020-04-02,-0.08340118292622029,-0.08340118292622029,-0.11424337106817055,0.040550176632770066,-0.005439088790401547,-0.005459363878717932
2020-04-03,-0.065469235120965,-0.065469235120965,-0.11364364268993037,0.000599728378240183,0.00045999090973227233,0.00045969104554315223
2020-04-06,-0.011468272625250638,-0.011468272625250638,-0.08340118292622029,0.03024245976371008,-0.006625238413590688,-0.006640359643472543
2020-04-07,0.022053624936108858,0.022053624936108858,-0.065469235120965,0.017931947805255283,3.36131548139533e-05,2.464718091132566e-05
2020-04-08,0.04863184479213215,0.04863184479213215,-0.011468272625250638,0.054000962495714365,-0.00011389738469886864,-0.00014089786594672583
2020-04-09,0.04523130552908619,0.04523130552908619,0.022053624936108858,0.033521897561359495,-0.0006880059501371482,-0.000704766898917828
2020-04-13,0.04678442054491676,0.04678442054491676,0.04863184479213215,0.026578219856023294,0.0013277150730063956,0.001314425963078384
2020-04-14,0.056508066176644195,0.056508066176644195,0.04523130552908619,0.003400539263045961,0.0015102862698880544,0.0015085860002565315
2020-04-15,0.05198328645483616,0.05198328645483616,0.04678442054491676,0.0015531150158305668,-0.0013805583702278404,-0.0013813349277357557
2020-04-16,0.05246707311676397,0.05246707311676397,0.056508066176644195,0.009723645631727437,0.0018429725345104617,0.001838110711694598
2020-04-17,0.0481216098461542,0.0481216098461542,0.05198328645483616,0.0045247797218080366,-0.0003677100200254867,-0.0003699724098863907
2020-04-20,0.04195082190311019,0.04195082190311019,0.05246707311676397,0.0004837866619278111,-0.0010256978295360149,-0.0010259397228669787
2020-04-21,0.029162849219921665,0.029162849219921665,0.0481216098461542,0.0043454632706097715,-0.00229305340966948,-0.0022952261413047848
2020-04-22,0.040903552375926425,0.040903552375926425,0.04195082190311019,0.006170787943044008,0.002783816033861129,0.002780730639889607
2020-04-23,0.0427965850153481,0.0427965850153481,0.029162849219921665,0.012787972683188525,-0.0005143484057799881,-0.0005207423921215824
2020-04-24,0.042232409758671,0.042232409758671,0.040903552375926425,0.01174070315600476,0.00015241168806349675,0.00014654133648549437
2020-04-27,0.041213909031351956,0.041213909031351956,0.0427965850153481,0.0018930326394216782,0.00015166005581827743,0.00015071353949856658
2020-04-28,0.03520421280869542,0.03520421280869542,0.042232409758671,0.0005641752566771033,-0.0005112958235701566,-0.0005115779111984951
2020-04-29,0.05726226260524589,0.05726226260524589,0.041213909031351956,0.0010185007273190438,0.002139608727319646,0.002139099476955986
2020-04-30,0.055671641449028246,0.055671641449028246,0.03520421280869542,0.006009696222656534,-0.0010367549887244833,-0.0010397598368358117
2020-05-01,0.045761874901582074,0.045761874901582074,0.05726226260524589,0.022058049796550468,-0.0023962726086781904,-0.0024073016335764657
2020-05-04,0.04113189760344299,0.04113189760344299,0.055671641449028246,0.0015906211562176434,0.0005037264240286992,0.0005029311134505904
2020-05-05,0.03626499950010412,0.03626499950010412,0.045761874901582074,0.009909766547446172,0.0005997481535645002,0.0005947932702907771
2020-05-06,0.02691114609980524,0.02691114609980524,0.04113189760344299,0.004629977298139083,0.0005350836125478094,0.0005327686238987398
2020-05-07,0.020167837008557538,0.020167837008557538,0.03626499950010412,0.004866898103338874,-6.128270562977476e-06,-8.561719614646912e-06
2020-05-08,0.016441165427711974,0.016441165427711974,0.02691114609980524,0.009353853400298876,0.00022740879956917922,0.0002227318728690298
2020-05-11,0.015098744015104545,0.015098744015104545,0.020167837008557538,0.006743309091247703,0.00015547697475930126,0.00015210532021367741
2020-05-12,0.012804522394525057,0.012804522394525057,0.016441165427711974,0.0037266715808455635,-0.00047576359310143193,-0.0004776269288918547
2020-05-13,0.008653268951614047,0.008653268951614047,0.015098744015104545,0.001342421412607429,-0.00016807853586408813,-0.00016874974657039185
2020-05-14,0.006419481455865993,0.006419481455865993,0.012804522394525057,0.002294221620579488,0.0002971579703470033,0.0002960108595367136
2020-05-15,0.004289121391458076,0.004289121391458076,0.008653268951614047,0.0041512534429110105,-0.00011717285783420698,-0.00011924848455566249
2020-05-18,0.018049241643140645,0.018049241643140645,0.006419481455865993,0.002233787495748054,0.00018064344901534587,0.00017952655526747184
2020-05-19,0.04142301412317043,0.04142301412317043,0.004289121391458076,0.002130360064407917,2.6485207604305794e-05,2.5420027572101836e-05
2020-05-20,0.3609486760821136,0.3609486760821136,0.018049241643140645,0.01376012025168257,0.0008412376949477183,0.000834357634821877
2020-05-21,0.3364963323498089,0.3364963323498089,0.04142301412317043,0.023373772480029788,-0.0007352314462197543,-0.0007469183324597692
2020-05-22,0.35655068221683495,0.35655068221683495,0.3609486760821136,0.31952566195894316,0.0016305616196461328,0.0014707987886666612
2020-05-26,0.3816639163156951,0.3816639163156951,0.3364963323498089,0.024452343732304704,0.0004324007097522842,0.00042017453788613184
2020-05-27,0.5877759442104634,0.5877759442104634,0.35655068221683495,0.020054349867026033,0.006977769444025633,0.00696774226909212
2020-05-28,0.4404632745394091,0.4404632745394091,0.3816639163156951,0.025113234098860127,-0.01116889724558287,-0.0111814538626323
2020-05-29,0.46190306886765276,0.46190306886765276,0.5877759442104634,0.20611202789476835,0.011717398225454308,0.011614342211506925
2020-06-01,0.3671064106723231,0.3671064106723231,0.4404632745394091,0.14731266967105433,-0.007489219590395852,-0.0075628759252313795
2020-06-02,0.3096230965343325,0.3096230965343325,0.46190306886765276,0.021439794328243666,0.001941413218067165,0.001930693320903043
2020-06-03,0.26464890714796396,0.26464890714796396,0.3671064106723231,0.09479665819532967,-0.0011228446915175275,-0.0011702430206151923
2020-06-04,0.2950836107456197,0.2950836107456197,0.3096230965343325,0.05748331413799057,0.0051995497605392006,0.005170808103470205
2020-06-05,0.5300557404970798,0.5300557404970798,0.26464890714796396,0.044974189386368546,0.0057577610422181276,0.005735273947524943
2020-06-08,0.4840313184832175,0.4840313184832175,0.2950836107456197,0.03043470359765571,-0.003072775035930863,-0.003087992387729691
2020-06-09,0.40680429218546754,0.40680429218546754,0.5300557404970798,0.23497212975146015,-0.0052447980937196294,-0.005362284158595359
2020-06-10,0.4963609547616325,0.4963609547616325,0.4840313184832175,0.04602442201386231,0.006372881859228754,0.006349869648221823
2020-06-11,0.39295556089472383,0.39295556089472383,0.40680429218546754,0.07722702629774997,-0.02655983015861999,-0.026598443671768866
2020-06-12,0.3128766234466392,0.3128766234466392,0.4963609547616325,0.08955666257616496,-0.0030762032612813624,-0.003120981592569445
2020-06-15,0.2793556703846345,0.2793556703846345,0.39295556089472383,0.10340539386690867,0.005099776549906806,0.005048073852973352
2020-06-16,0.2394367269413552,0.2394367269413552,0.3128766234466392,0.08007893744808464,0.0015618708910118567,0.0015218314222878143
2020-06-17,0.20849551392950488,0.20849551392950488,0.2793556703846345,0.0335209530620047,0.00041618355469520495,0.0003994230781642026
2020-06-18,0.17750577121100233,0.17750577121100233,0.2394367269413552,0.03991894344327929,-0.0016228391178017517,-0.0016427985895233913
2020-06-19,0.13934236750337417,0.13934236750337417,0.20849551392950488,0.03094121301185032,-0.0015963552306329503,-0.0016118258371388755
2020-06-22,0.1280809184155954,0.1280809184155954,0.17750577121100233,0.03098974271850255,0.0013993161303692391,0.0013838212590099879
2020-06-23,0.12050580413447609,0.12050580413447609,0.13934236750337417,0.03816340370762816,-0.0003942249851091199,-0.000413306686962934
2020-06-24,0.10073373887962427,0.10073373887962427,0.1280809184155954,0.011261449087778763,-0.0017741356715781492,-0.0017797663961220387
2020-06-25,0.06715999577857779,0.06715999577857779,0.12050580413447609,0.007575114281119316,-0.001182836452401043,-0.0011866240095416028
2020-06-26,0.04464190298817396,0.04464190298817396,0.10073373887962427,0.019772065254851826,-0.0017388715291855189,-0.0017487575618129448
2020-06-29,0.02970287339037309,0.02970287339037309,0.06715999577857779,0.03357374310104648,0.0008993621687330907,0.0008825752971825674
2020-06-30,0.019294509178917753,0.019294509178917753,0.04464190298817396,0.022518092790403822,0.0011951435595578897,0.0011838845131626878
2020-07-01,0.004143487101278331,0.004143487101278331,0.02970287339037309,0.014939029597800874,-0.0005063769309831042,-0.0005138464457820046
2020-07-02,-0.003292332277032911,-0.003292332277032911,0.019294509178917753,0.010408364211455336,0.00010498533787172888,9.978115576600121e-05
2020-07-06,-0.005313063800425888,-0.005313063800425888,0.004143487101278331,0.015151022077639423,2.8730585744534095e-05,2.1155074705714383e-05
2020-07-07,-0.026213357254408744,-0.026213357254408744,-0.003292332277032911,0.0074358193783112415,6.801417163156115e-05,6.429626194240553e-05
2020-07-08,-0.03551639711001879,-0.03551639711001879,-0.005313063800425888,0.0020207315233929765,-2.733489544443187e-05,-2.834526120612836e-05
2020-07-09,-0.044445803303098746,-0.044445803303098746,-0.026213357254408744,0.020900293453982855,8.49748833860862e-05,7.452473665909477e-05
2020-07-10,-0.0358049677161376,-0.0358049677161376,-0.03551639711001879,0.009303039855610047,-0.0006748211292356848,-0.0006794726491634899
2020-07-13,-0.04602302182986728,-0.04602302182986728,-0.044445803303098746,0.008929406193079956,0.0007092840108456617,0.0007048193077491217
2020-07-14,-0.043707049745587714,-0.043707049745587714,-0.0358049677161376,0.008640835586961146,-0.0002444870551408093,-0.00024880747293428985
2020-07-15,-0.03431414452355691,-0.03431414452355691,-0.04602302182986728,0.010218054113729683,-3.901804833521749e-05,-4.4127075392082334e-05
2020-07-16,-0.03203835762096444,-0.03203835762096444,-0.043707049745587714,0.002315972084279569,-8.144468711254998e-05,-8.260267315468977e-05
2020-07-17,-0.026629145416863023,-0.026629145416863023,-0.03431414452355691,0.009392905222030803,-0.0004989873621303646,-0.00050368381474138
2020-07-20,-0.011704371306847509,-0.011704371306847509,-0.03203835762096444,0.002275786902592468,-0.0006140721370748123,-0.0006152100305261086
2020-07-21,-0.007499942228837509,-0.007499942228837509,-0.026629145416863023,0.00540921220410142,0.00019596093652441516,0.00019325633042236446
2020-07-22,-0.002938366043309903,-0.002938366043309903,-0.011704371306847509,0.014924774110015514,-6.748543797841828e-05,-7.494782503342604e-05
2020-07-23,-0.0036177981210757685,-0.0036177981210757685,-0.007499942228837509,0.00420442907801,7.985029078598439e-05,7.77480762469794e-05
2020-07-24,-0.33574519874738384,-0.33574519874738384,-0.002938366043309903,0.004561576185527606,0.0004772417670168078,0.000474960978924044
2020-07-27,-0.5571634658315893,-0.5571634658315893,-0.0036177981210757685,0.0006794320777658656,7.29423101424906e-05,7.260259410360767e-05
2020-07-28,-0.7047756438877262,-0.7047756438877262,-0.33574519874738384,0.3321274006263081,0.002235067297321751,0.002069003597008597
2020-07-29,-0.8031837625918175,-0.8031837625918175,-0.5571634658315893,0.22141826708420542,0.013238894500795585,0.013128185367253482
2020-07-30,-0.8687891750612118,-0.8687891750612118,-0.7047756438877262,0.1476121780561369,0.001172920700612902,0.0010991146115848336
2020-07-31,-0.9125261167074745,-0.9125261167074745,-0.8031837625918175,0.09840811870409127,0.004351665478530237,0.004302461419178192
2020-08-03,-0.9026517244018599,-0.9026517244018599,-0.8687891750612118,0.06560541246939433,-0.010375289659681191,-0.010408092365915889
2020-08-04,-0.8470387084484925,-0.8470387084484925,-0.9125261167074745,0.04373694164626274,-0.015681192137603505,-0.015703060608426637
2020-08-05,-0.8215660587124067,-0.8215660587124067,-0.9026517244018599,0.009874392305614599,0.0038581801533568855,0.0038532429572040784
2020-08-06,-0.8062649008387482,-0.8062649008387482,-0.8470387084484925,0.05561301595336743,0.0003486864972960692,0.00032087998931938546
2020-08-07,-0.6671647267448354,-0.6671647267448354,-0.8215660587124067,0.025472649736085762,0.00913424182882988,0.009121505503961836
2020-08-10,-0.48724276052284304,-0.48724276052284304,-0.8062649008387482,0.015301157873658489,-0.01997634326146001,-0.01998399384039684
2020-08-11,-0.47306138784906077,-0.47306138784906077,-0.6671647267448354,0.13910017409391284,0.013961575685159407,0.01389202559811245
2020-08-12,-0.3659306128611961,-0.3659306128611961,-0.48724276052284304,0.17992196622199236,-0.010110932195233143,-0.010200893178344139
2020-08-13,-0.3483270826012795,-0.3483270826012795,-0.47306138784906077,0.014181372673782278,0.006058670158933642,0.0060515794725967504
2020-08-14,-0.3121464117612139,-0.3121464117612139,-0.3659306128611961,0.10713077498786466,-0.0024866876928142045,-0.002540253080308137
2020-08-17,-0.2818765838914856,-0.2818765838914856,-0.3483270826012795,0.017603530259916622,-0.0002850507517808166,-0.0002938525169107749
2020-08-18,-0.27212908367041594,-0.27212908367041594,-0.3121464117612139,0.0361806708400656,0.0017862021535534783,0.0017681118181334455
2020-08-19,-0.3003136670681942,-0.3003136670681942,-0.2818765838914856,0.03026982786972826,0.0018541548815591434,0.0018390199676242792
2020-08-20,-0.26385050785889497,-0.26385050785889497,-0.27212908367041594,0.009747500221069683,-0.0047297235522924625,-0.004734597302402998
2020-08-21,-0.22830808085155557,-0.22830808085155557,-0.3003136670681942,0.02818458339777824,-0.0006718663505116111,-0.0006859586422105002
2020-08-24,-0.1883613887274936,-0.1883613887274936,-0.26385050785889497,0.03646315920929921,0.0007495685827715159,0.0007313370031668663
2020-08-25,-0.13466443872318176,-0.13466443872318176,-0.22830808085155557,0.035542427007339394,-0.001347374756018971,-0.0013651459695226409
2020-08-26,-0.09088425719677246,-0.09088425719677246,-0.1883613887274936,0.03994669212406196,-0.00045723453999658856,-0.00047720788605861954
2020-08-27,-0.060796667034878994,-0.060796667034878994,-0.13466443872318176,0.05369695000431185,0.00040762733092084274,0.0003807788559186868
2020-08-28,-0.04112651179578289,-0.04112651179578289,-0.09088425719677246,0.043780181526409306,-0.0018949726008953525,-0.0019168626916585571
2020-08-31,-0.027757149973757892,-0.027757149973757892,-0.060796667034878994,0.03008759016189346,-0.0006268823877935171,-0.0006419261828744639
2020-09-01,-0.018805828470808344,-0.018805828470808344,-0.04112651179578289,0.019670155239096106,0.00012915518940323845,0.0001193201117836904
2020-09-02,-0.012966722932499522,-0.012966722932499522,-0.027757149973757892,0.013369361822024996,-0.0007979057251926524,-0.0008045904061036649
2020-09-03,-0.03288779768335895,-0.03288779768335895,-0.018805828470808344,0.008951321502949548,0.0006694517477755691,0.0006649760870240943
2020-09-04,-0.05939311637769662,-0.05939311637769662,-0.012966722932499522,0.005839105538308822,7.97727712061839e-05,7.685321843702948e-05
2020-09-08,-0.14586755692730122,-0.14586755692730122,-0.03288779768335895,0.019921074750859427,0.0007683477805596164,0.0007583872431841867
2020-09-09,-0.16684000321216647,-0.16684000321216647,-0.05939311637769662,0.02650531869433767,-0.0008621766886165715,-0.0008754293479637403
2020-09-10,-0.22228972414883302,-0.22228972414883302,-0.14586755692730122,0.0864744405496046,0.001940215713218368,0.0018969784929435656
2020-09-11,-0.23950227462587542,-0.23950227462587542,-0.16684000321216647,0.020972446284865248,-0.00109049351044181,-0.0011009797335842426
2020-09-14,-0.23289897555518235,-0.23289897555518235,-0.22228972414883302,0.05544972093666656,-0.0005863866676578438,-0.0006141115281261771
2020-09-15,-0.20532086795606683,-0.20532086795606683,-0.23950227462587542,0.0172125504770424,-0.002859865490316881,-0.002868471765555402
2020-09-16,-0.1776508339690881,-0.1776508339690881,-0.23289897555518235,0.006603299070693069,-0.0017234682101096616,-0.0017267698596450081
2020-09-17,-0.1426755477556131,-0.1426755477556131,-0.20532086795606683,0.027578107599115526,0.00020378360290602228,0.0001899945491064645
2020-09-18,-0.10265488009752415,-0.10265488009752415,-0.1776508339690881,0.02767003398697873,0.0015180869318304204,0.001504251914836931
2020-09-21,-0.0773007623069421,-0.0773007623069421,-0.1426755477556131,0.03497528621347498,0.0004861845943446109,0.0004686969512378734
2020-09-22,-0.051952384651324346,-0.051952384651324346,-0.10265488009752415,0.04002066765808897,-0.0004748812752481182,-0.0004948916090771627
2020-09-23,-0.05331618760575607,-0.05331618760575607,-0.0773007623069421,0.02535411779058204,0.001748745214282652,0.001736068155387361
2020-09-24,-0.043229956265961766,-0.043229956265961766,-0.051952384651324346,0.02534837765561776,-0.00036180596389657154,-0.0003744801527243804
2020-09-25,-0.03322160406948961,-0.03322160406948961,-0.05331618760575607,0.0013638029544317254,-0.0008459612559768042,-0.0008466431574540201
2020-09-28,-0.02712675540287585,-0.02712675540287585,-0.043229956265961766,0.010086231339794305,-0.001289794399057262,-0.0012948375147271592
2020-09-29,-0.02406968447225113,-0.02406968447225113,-0.03322160406948961,0.010008352196472156,0.00015503079724983002,0.00015002662115159394
2020-09-30,-0.02010420953577432,-0.02010420953577432,-0.02712675540287585,0.006094848666613761,-0.00031265139550875357,-0.00031569881984206045
2020-10-01,-0.016147079494137996,-0.016147079494137996,-0.02406968447225113,0.003057070930624718,-0.00021383112276871516,-0.00021535965823402751
2020-10-02,-0.025804194517749526,-0.025804194517749526,-0.02010420953577432,0.003965474936476813,0.0004733596721696393,0.0004713769347014009
2020-10-05,-0.02694669900075452,-0.02694669900075452,-0.016147079494137996,0.0039571300416363225,-0.0002152535455760268,-0.00021723211059684495
2020-10-06,-0.031436008825481934,-0.031436008825481934,-0.025804194517749526,0.00965711502361153,0.00015974413472644928,0.00015491557721464353
2020-10-07,-0.02374387762441156,-0.02374387762441156,-0.02694669900075452,0.0011425044830049927,-0.0006819278981542373,-0.0006824991503957398
2020-10-08,-0.01660911901938643,-0.01660911901938643,-0.031436008825481934,0.004489309824727415,-0.0004177977670091994,-0.0004200424219215631
2020-10-09,-0.014121839440152585,-0.014121839440152585,-0.02374387762441156,0.0076921312010703735,0.000244695298592085,0.0002408492329915498
2020-10-12,-0.008950084014895186,-0.008950084014895186,-0.01660911901938643,0.007134758605025132,-0.0003333144654143324,-0.000336881844716845
2020-10-13,-0.005536803835064061,-0.005536803835064061,-0.014121839440152585,0.0024872795792338434,1.3103031402979837e-05,1.1859391613362916e-05
2020-10-14,-0.0038330609844504323,-0.0038330609844504323,-0.008950084014895186,0.005171755425257399,4.655539385246602e-05,4.3969516139837317e-05
2020-10-15,-0.0014192836529337803,-0.0014192836529337803,-0.005536803835064061,0.003413280179831125,-3.101892126520307e-05,-3.272556135511863e-05
2020-10-16,0.33238714423137744,0.33238714423137744,-0.0038330609844504323,0.0017037428506136289,-2.2065660766996233e-05,-2.291753219230305e-05
2020-10-19,0.5549247628209183,0.5549247628209183,-0.0014192836529337803,0.002413777331516652,-1.1006274255284445e-05,-1.221316292104277e-05
2020-10-20,0.5069993673325585,0.5069993673325585,0.33238714423137744,0.3338064278843112,-0.007003404477527687,-0.007170307691469842
2020-10-21,0.45725484347028894,0.45725484347028894,0.5549247628209183,0.22253761858954085,0.0007269262262078154,0.000615657416913045
2020-10-22,0.47492474570204707,0.47492474570204707,0.5069993673325585,0.047925395488359834,0.00379071399736131,0.00376675129961713
2020-10-23,0.09025882516708447,0.09025882516708447,0.45725484347028894,0.04974452386226952,-0.04835529654897224,-0.04838016881090337
2020-10-26,-0.27316078322194365,-0.27316078322194365,0.47492474570204707,0.017669902231758128,-0.0145827577836853,-0.01459159273480118
2020-10-27,-0.5154405221479624,-0.5154405221479624,0.09025882516708447,0.3846659205349626,-0.002086459052948639,-0.0022787920132161204
2020-10-28,-0.6769603480986417,-0.6769603480986417,-0.27316078322194365,0.3634196083890281,0.008319282407689138,0.008137572603494625
2020-10-29,-0.7846402320657612,-0.7846402320657612,-0.5154405221479624,0.24227973892601878,0.001630856367579537,0.0015097164981165278
2020-10-30,-0.8367011351222806,-0.8367011351222806,-0.6769603480986417,0.16151982595067926,-0.002608973331693293,-0.0026897332446686327
2020-11-02,-0.8514964131624316,-0.8514964131624316,-0.7846402320657612,0.10767988396711947,-0.0031896519982108087,-0.0032434919401943684
2020-11-03,-0.8243652958123167,-0.8243652958123167,-0.8367011351222806,0.05206090305651945,-0.007339428912419131,-0.007365459363947391
2020-11-04,-0.7385481496641367,-0.7385481496641367,-0.8514964131624316,0.014795278040151016,-0.016137733909274605,-0.01614513154829468
2020-11-05,-0.659625035541716,-0.659625035541716,-0.8243652958123167,0.027131117350114975,-0.005632471769095709,-0.005646037327770767
2020-11-06,-0.5428483465511893,-0.5428483465511893,-0.7385481496641367,0.08581714614817992,0.004688641234872388,0.004645732661798298
2020-11-09,-0.4290656649006389,-0.4290656649006389,-0.659625035541716,0.0789231141224207,-0.003051813016193044,-0.003091274573254254
2020-11-10,-0.3402466404715245,-0.3402466404715245,-0.5428483465511893,0.11677668899052673,0.0019047527202386558,0.0018463643757433924
2020-11-11,-0.2289900588252049,-0.2289900588252049,-0.4290656649006389,0.11378268165055039,-0.008592637812605886,-0.008649529153431161
2020-11-12,-0.25309617978234533,-0.25309617978234533,-0.3402466404715245,0.08881902442911443,0.010277084099610017,0.01023267458739546
2020-11-13,-0.23497278984493558,-0.23497278984493558,-0.2289900588252049,0.11125658164631957,-0.0025980803227640074,-0.002653708613587167
2020-11-16,-0.19596928605328034,-0.19596928605328034,-0.25309617978234533,0.02410612095714043,-0.004064239197203196,-0.004076292257681766
2020-11-17,-0.20732939396668373,-0.20732939396668373,-0.23497278984493558,0.01812338993740975,0.0033574815280198347,0.00334841983305113
2020-11-18,-0.24115836134418941,-0.24115836134418941,-0.19596928605328034,0.039003503791655236,0.00202296690192386,0.0020034651500280324
2020-11-19,-0.2288380460493091,-0.2288380460493091,-0.20732939396668373,0.011360107913403389,-0.0025766541199436716,-0.002582334173900373
2020-11-20,-0.23365824659015944,-0.23365824659015944,-0.24115836134418941,0.03382896737750568,0.0012158244890021343,0.0011989100053133813
2020-11-23,-0.20920703499185336,-0.20920703499185336,-0.2288380460493091,0.012320315294880313,-0.003377852036366351,-0.003384012194013791
2020-11-24,-0.16936459579575858,-0.16936459579575858,-0.23365824659015944,0.0048202005408503334,-0.004819295964082752,-0.0048217060643531776
2020-11-25,-0.13749660543594902,-0.13749660543594902,-0.20920703499185336,0.024451211598306072,-0.00017800329573839374,-0.0001902289015375468
2020-11-27,-0.09637456974326214,-0.09637456974326214,-0.16936459579575858,0.03984243919609479,-0.0014398550447386942,-0.0014597762643367416
2020-11-30,-0.0659110563656688,-0.0659110563656688,-0.13749660543594902,0.031867990359809556,-0.0026079280801447956,-0.0026238620753247003
2020-12-01,-0.038333085073839465,-0.038333085073839465,-0.09637456974326214,0.04112203569268688,-0.0024118847979810727,-0.002432445815827416
2020-12-02,-0.02216073254118588,-0.02216073254118588,-0.0659110563656688,0.030463513377593343,-0.0004521639858491782,-0.0004673957425379749
2020-12-03,-0.011442219436648525,-0.011442219436648525,-0.038333085073839465,0.02757797129182933,-0.0008373410460332261,-0.0008511300316791407
2020-12-04,0.005364345729844103,0.005364345729844103,-0.02216073254118588,0.016172352532653585,-0.00043461338191534525,-0.00044269955818167206
2020-12-07,0.02817482245706652,0.02817482245706652,-0.011442219436648525,0.010718513104537355,0.0003939550352474201,0.0003885957786951514
2020-12-08,0.05378320658316363,0.05378320658316363,0.005364345729844103,0.016806565166492628,5.23617963238199e-05,4.395851374057359e-05
2020-12-09,0.06021787405340236,0.06021787405340236,0.02817482245706652,0.022810476727222417,-0.00034461075714540537,-0.0003560159955090166
2020-12-10,0.06837579529258535,0.06837579529258535,0.05378320658316363,0.02560838412609711,0.0002040808499975201,0.00019127665793447154
2020-12-11,0.0648630200577141,0.0648630200577141,0.06021787405340236,0.006434667470238728,-0.0006350026563146572,-0.0006382199900497765
2020-12-14,0.07801320627617853,0.07801320627617853,0.06837579529258535,0.008157921239182991,0.0010174515925934675,0.001013372631973876
2020-12-15,0.08495893085755765,0.08495893085755765,0.0648630200577141,0.003512775234871243,0.00025704157924679176,0.00025528519162935616
2020-12-16,0.10176954174389292,0.10176954174389292,0.07801320627617853,0.013150186218464421,0.0006928337614424941,0.0006862586683332619
2020-12-17,0.09585347345086496,0.09585347345086496,0.08495893085755765,0.006945724581379126,-0.0007811248875444013,-0.0007845977498350909
2020-12-18,0.02777447283126755,0.02777447283126755,0.10176954174389292,0.016810610886335273,-0.006409576524635905,-0.006417981830079073
2020-12-21,-0.05461991465088923,-0.05461991465088923,0.09585347345086496,0.0059160682930279596,-0.002221641755474541,-0.002224599789621055
2020-12-22,-0.11640359901525368,-0.11640359901525368,0.02777447283126755,0.06807900061959742,-0.00011383459336235499,-0.00014787409367215368
2020-12-23,-0.1426299128316893,-0.1426299128316893,-0.05461991465088923,0.08239438748215677,-0.00047322747747012794,-0.0005144246712112063
2020-12-24,-0.14285981529868147,-0.14285981529868147,-0.11640359901525368,0.061783684364364454,-0.0012497764582938477,-0.00128066830047603
2020-12-28,-0.14326659044467693,-0.14326659044467693,-0.1426299128316893,0.026226313816435615,-0.0,-1.3113156908217808e-05
2020-12-29,-0.07273416845270603,-0.07273416845270603,-0.14285981529868147,0.0002299024669921712,-0.007041319038444848,-0.007041433989678344
2020-12-30,-0.04721847474527473,-0.04721847474527473,-0.14326659044467693,0.00040677514599546383,0.001856469820863512,0.0018562664332905142
2020-12-31,0.007548655637413727,0.007548655637413727,-0.07273416845270603,0.0705324219919709,-0.0015964232724827898,-0.0016316894834787752
2021-01-04,0.038880640774675186,0.038880640774675186,-0.04721847474527473,0.0255156937074313,0.00014217632951194962,0.00012941848265823398
2021-01-05,0.06367919941410634,0.06367919941410634,0.007548655637413727,0.054767130382688455,0.00014285842436439724,0.00011547485917305301
2021-01-06,0.07760574516506735,0.07760574516506735,0.038880640774675186,0.03133198513726146,0.0003764391829310505,0.0003607731903624198
2021-01-07,0.1229713832394725,0.1229713832394725,0.06367919941410634,0.024798558639431152,0.0013583263377586374,0.001345927058438922
2021-01-08,0.14120266476018045,0.14120266476018045,0.07760574516506735,0.013926545750961014,-0.0008029668263594913,-0.0008099300992349717
2021-01-11,0.1521950985522029,0.1521950985522029,0.1229713832394725,0.04536563807440515,-0.00026189118409644327,-0.00028457400313364585
2021-01-12,0.2815461398993005,0.2815461398993005,0.14120266476018045,0.01823128152070795,0.004657403957033844,0.00464828831627349
2021-01-13,0.521030759932867,0.521030759932867,0.1521950985522029,0.010992433792022444,0.010605636758651284,0.010600140541755274
2021-01-14,0.680687173288578,0.680687173288578,0.2815461398993005,0.1293510413470976,0.01137066998461442,0.01130599446394087
2021-01-15,0.6546010375640081,0.6546010375640081,0.521030759932867,0.23948462003356646,-0.01468560425697121,-0.014805346566987993
2021-01-19,0.6616786895123401,0.6616786895123401,0.680687173288578,0.159656413355711,0.00484676306933991,0.004766934862662054
2021-01-20,0.7192220425474023,0.7192220425474023,0.6546010375640081,0.02608613572456986,0.007675924416752653,0.007662881348890368
2021-01-21,0.8128146950316015,0.8128146950316015,0.6616786895123401,0.007077651948331987,0.04274354814710003,0.042740009321125864
2021-01-22,0.6620752301356352,0.6620752301356352,0.7192220425474023,0.057543353035062195,-0.06678650635602762,-0.06681527803254515
2021-01-25,0.5271744855663882,0.5271744855663882,0.8128146950316015,0.09359265248419923,-0.017501452046554337,-0.01754824837279644
2021-01-26,0.43141698342394075,0.43141698342394075,0.6620752301356352,0.15073946489596635,-0.002746830024439215,-0.002822199756887198
2021-01-27,0.32033450940613284,0.32033450940613284,0.5271744855663882,0.13490074456924694,-0.015468568346951875,-0.015536018719236499
2021-01-28,0.30964979746594673,0.30964979746594673,0.43141698342394075,0.09575750214244749,0.019964831835555873,0.01991695308448465
2021-01-29,0.27973891937401957,0.27973891937401957,0.32033450940613284,0.11108247401780791,-0.00319935795038621,-0.003254899187395114
2021-02-01,0.28846453259625426,0.28846453259625426,0.30964979746594673,0.010684711940186109,0.006582333811490846,0.006576991455520753
2021-02-02,0.3362283843162397,0.3362283843162397,0.27973891937401957,0.029910878091927162,0.006464262999173767,0.006449307560127804
2021-02-03,0.3572769204808898,0.3572769204808898,0.28846453259625426,0.008725613222234696,-0.0015915045453520269,-0.0015958673519631441
2021-02-04,0.41302421641018694,0.41302421641018694,0.3362283843162397,0.04776385171998543,0.008550560412223135,0.008526678486363142
2021-02-05,0.3679399667390994,0.3679399667390994,0.3572769204808898,0.021048536164650133,-0.003707120195765075,-0.0037176444638474
2021-02-08,0.362690398068209,0.362690398068209,0.41302421641018694,0.055747295929297114,0.006957189121753383,0.006929315473788735
2021-02-09,0.3458880288876917,0.3458880288876917,0.3679399667390994,0.04508424967108754,-0.0023634554893972814,-0.002385997614232825
2021-02-10,0.3094056364921977,0.3094056364921977,0.362690398068209,0.005249568670890381,0.0004936795575980913,0.0004910547732626461
2021-02-11,0.3481410451176763,0.3481410451176763,0.3458880288876917,0.016802369180517307,0.010577567323260659,0.010569166138670401
2021-02-12,0.5073302423750979,0.5073302423750979,0.3094056364921977,0.036482392395494,0.005865777771437367,0.00584753657523962
2021-02-16,0.671553494916732,0.671553494916732,0.3481410451176763,0.038735408625478585,0.003717353505352389,0.0036979858010396495
2021-02-17,0.6670443420358402,0.6670443420358402,0.5073302423750979,0.15918919725742164,-0.005035118538853978,-0.005114713137482688
2021-02-18,0.6301345746176121,0.6301345746176121,0.671553494916732,0.16422325254163406,-0.0026058853836312835,-0.0026879970099021005
2021-02-19,0.7534230497450748,0.7534230497450748,0.6670443420358402,0.00450915288089182,0.015157612465819531,0.015155357889379086
2021-02-22,0.621179837238838,0.621179837238838,0.6301345746176121,0.036909767418228046,-0.023001242097179044,-0.023019696980888158
2021-02-23,0.5523651261321767,0.5523651261321767,0.7534230497450748,0.12328847512746266,0.005088308964627525,0.005026664727063794
2021-02-24,0.7015767507547845,0.7015767507547845,0.621179837238838,0.13224321250623683,0.021037900179725146,0.020971778573472027
2021-02-25,0.6102481660114774,0.6102481660114774,0.5523651261321767,0.06881471110666126,-0.024388188902573226,-0.024422596258126556
2021-02-26,0.5571558184991875,0.5571558184991875,0.7015767507547845,0.14921162462260784,0.004413802626903657,0.004339196814592353
2021-03-01,0.674092667523768,0.674092667523768,0.6102481660114774,0.09132858474330718,0.02108454727972922,0.02103888298735757
2021-03-02,0.6369070098496904,0.6369070098496904,0.5571558184991875,0.05309234751228986,-0.01453144801289828,-0.014557994186654426
2021-03-03,0.5537795930090781,0.5537795930090781,0.674092667523768,0.11693684902458046,-0.01474989653608712,-0.01480836496059941
2021-03-04,0.4526095587134828,0.4526095587134828,0.6369070098496904,0.037185657674077555,-0.01669353205925457,-0.01671212488809161
2021-03-05,0.47984432701987434,0.47984432701987434,0.5537795930090781,0.08312741684061231,0.022880430932816564,0.022838867224396257
2021-03-08,0.4525566888951147,0.4525566888951147,0.4526095587134828,0.10117003429559529,-0.006632016013373537,-0.006682601030521334
2021-03-09,0.5950582941894893,0.5950582941894893,0.47984432701987434,0.027234768306391544,0.022609218656788173,0.022595601272634977
2021-03-10,0.6572967074420062,0.6572967074420062,0.4525566888951147,0.02728763812475965,-0.003032877528216358,-0.003046521347278738
2021-03-11,0.7715311382946708,0.7715311382946708,0.5950582941894893,0.1425016052943746,0.010132610983450276,0.01006136018080309
2021-03-12,0.8090444336799767,0.8090444336799767,0.6572967074420062,0.06223841325251689,-0.004256632547296364,-0.0042877517539226225
2021-03-15,0.8726962891199845,0.8726962891199845,0.7715311382946708,0.1142344308526646,0.010916750242315535,0.010859633026889203
2021-03-16,0.9151308594133232,0.9151308594133232,0.8090444336799767,0.0375132953853059,0.012556049300011174,0.01253729265231852
2021-03-17,0.9434205729422156,0.9434205729422156,0.8726962891199845,0.06365185544000784,0.013471734006675463,0.013439908078955459
2021-03-18,0.8075983383139573,0.8075983383139573,0.9151308594133232,0.042434570293338636,-0.028519657687321932,-0.028540874972468603
2021-03-19,0.7011277295469875,0.7011277295469875,0.9434205729422156,0.028289713528892424,0.0004441827818967243,0.00043003792513227805
2021-03-22,0.7824610093501104,0.7824610093501104,0.8075983383139573,0.13582223462825826,0.023685859569896,0.02361794845258187
2021-03-23,0.6555001195745834,0.6555001195745834,0.7011277295469875,0.10647060876696979,-0.022968525924195706,-0.023021761228579192
2021-03-24,0.5232242973567719,0.5232242973567719,0.7824610093501104,0.08133327980312288,-0.01774961137319534,-0.0177902780130969
2021-03-25,0.4171923358096241,0.4171923358096241,0.6555001195745834,0.126960889775527,-0.00021133899090658683,-0.0002748194357943503
2021-03-26,0.5240413448444164,0.5240413448444164,0.5232242973567719,0.13227582221781153,0.02404367085113006,0.023977532940021154
2021-03-29,0.5606291584551762,0.5606291584551762,0.4171923358096241,0.10603196154714778,-0.0023795297102930327,-0.0024325456910666067
2021-03-30,0.5360673499173072,0.5360673499173072,0.5240413448444164,0.10684900903479233,-0.005931010590689799,-0.005984435095207195
2021-03-31,0.5223393862316065,0.5223393862316065,0.5606291584551762,0.0365878136107598,0.0020220514477997825,0.0020037575409944026
2021-04-01,0.5366702153610519,0.5366702153610519,0.5360673499173072,0.024561808537869045,0.004606835347971048,0.004594554443702113
2021-04-05,0.6911134769073679,0.6911134769073679,0.5223393862316065,0.013727963685700728,0.01610309179841828,0.01609622781657543
2021-04-06,0.6774528609984491,0.6774528609984491,0.5366702153610519,0.014330829129445388,-0.007904008048426305,-0.007911173462991028
2021-04-07,0.7363026451563963,0.7363026451563963,0.6911134769073679,0.15444326154631605,0.007273809186280983,0.007196587555507825
2021-04-08,0.8242017634375975,0.8242017634375975,0.6774528609984491,0.01366061590891876,0.00818040550434528,0.008173575196390821
2021-04-09,0.8828011756250651,0.8828011756250651,0.7363026451563963,0.05884978415794717,0.013287436046183166,0.013258011154104193
2021-04-12,0.6658994895680628,0.6658994895680628,0.8242017634375975,0.08789911828120123,-0.03441215910529673,-0.03445610866443733
2021-04-13,0.5163254330005709,0.5163254330005709,0.8828011756250651,0.05859941218746756,-0.002564183749957482,-0.0025934834560512156
2021-04-14,0.39159820404864965,0.39159820404864965,0.6658994895680628,0.21690168605700233,-0.010516394564262514,-0.010624845407291014
2021-04-15,0.33284446382847305,0.33284446382847305,0.5163254330005709,0.1495740565674919,0.0066762641036755815,0.006601477075391836
2021-04-16,0.28496377571033665,0.28496377571033665,0.39159820404864965,0.12472722895192123,-0.001626131093953007,-0.0016884947084289674
2021-04-19,0.2204116704394744,0.2204116704394744,0.33284446382847305,0.0587537402201766,-0.005757307826550894,-0.005786684696660983
2021-04-20,0.1750301423362517,0.1750301423362517,0.28496377571033665,0.047880688118136394,-0.004165002475856526,-0.004188942819915594
2021-04-21,0.1659064831927596,0.1659064831927596,0.2204116704394744,0.06455210527086225,0.0035153781399437406,0.0034831020873083095
2021-04-22,0.13723786418214123,0.13723786418214123,0.1750301423362517,0.04538152810322271,-0.003104926562808121,-0.003127617326859732
2021-04-23,0.05146158608904557,0.05146158608904557,0.1659064831927596,0.009123659143492086,-0.008829612763602898,-0.008834174593174645
2021-04-26,-0.009616150630147459,-0.009616150630147459,0.13723786418214123,0.028668619010618374,-0.0011119863311580252,-0.0011263206406633343
2021-04-27,-0.1229787697076405,-0.1229787697076405,0.05146158608904557,0.08577627809309565,-0.0006918821844602313,-0.0007347703235067791
2021-04-28,-0.35168871538337404,-0.35168871538337404,-0.009616150630147459,0.06107773671919303,5.805842475869495e-05,2.7519556399098438e-05
2021-04-29,-0.4037156743306439,-0.4037156743306439,-0.1229787697076405,0.11336261907749304,-0.001408648350725005,-0.0014653296602637515
2021-04-30,-0.6024771162204293,-0.6024771162204293,-0.35168871538337404,0.22870994567573355,0.0045257876338898155,0.004411432661051949
2021-05-03,-0.7349847441469529,-0.7349847441469529,-0.4037156743306439,0.052026958947269886,0.001894740487987316,0.001868727008513681
2021-05-04,-0.8233231627646354,-0.8233231627646354,-0.6024771162204293,0.1987614418897854,0.0037879116636519434,0.0036885309427070506
2021-05-05,-0.8822154418430903,-0.8822154418430903,-0.7349847441469529,0.1325076279265236,0.0006459018161361116,0.0005796480021728499
2021-05-06,-0.7903379812949537,-0.7903379812949537,-0.8233231627646354,0.08833841861768243,-0.010025334133726096,-0.010069503343034938
2021-05-07,-0.5564801462369384,-0.5564801462369384,-0.8822154418430903,0.05889227907845496,-0.0074044979847784345,-0.007433944124317662
2021-05-10,-0.7043200974912923,-0.7043200974912923,-0.7903379812949537,0.09187746054813661,0.023297634386279867,0.023251695656005798
2021-05-11,-0.802880064994195,-0.802880064994195,-0.5564801462369384,0.23385783505801527,0.009246484675531456,0.009129555758002448
2021-05-12,-0.86858670999613,-0.86858670999613,-0.7043200974912923,0.1478399512543539,0.018171192366403095,0.018097272390775916
2021-05-13,-0.813716628804525,-0.813716628804525,-0.802880064994195,0.09855996750290263,-0.005839686555146329,-0.00588896653889778
2021-05-14,-0.6517386855128143,-0.6517386855128143,-0.86858670999613,0.06570664500193502,-0.021549833695091506,-0.021582687017592472
2021-05-17,-0.5469294986017913,-0.5469294986017913,-0.813716628804525,0.05487008119160497,0.0002938521748871897,0.0002664171342913872
2021-05-18,-0.5198232988886231,-0.5198232988886231,-0.6517386855128143,0.16197794329171067,0.00577177003320486,0.005690781061559004
2021-05-19,-0.4655467615833702,-0.4655467615833702,-0.5469294986017913,0.10480918691102303,-0.0051860680074767756,-0.005238472600932287
2021-05-20,-0.3987225213292885,-0.3987225213292885,-0.5198232988886231,0.02710619971316819,-0.005539979273846288,-0.005553532373702872
2021-05-21,-0.3511614921990437,-0.3511614921990437,-0.4655467615833702,0.05427653730525289,-0.0010817365095176347,-0.0011088747781702612
2021-05-24,-0.2734515308976719,-0.2734515308976719,-0.3987225213292885,0.06682424025408173,-0.006256649133958267,-0.006290061254085308
2021-05-25,-0.2162478823815633,-0.2162478823815633,-0.3511614921990437,0.04756102913024479,0.0005548482715223642,0.0005310677569572418
2021-05-26,-0.1500588790079231,-0.1500588790079231,-0.2734515308976719,0.07770996130137181,-0.00024040630698758499,-0.0002792612876382709
2021-05-27,-0.10381456455613286,-0.10381456455613286,-0.2162478823815633,0.05720364851610857,-0.0030773103264492693,-0.0031059121507073235
2021-05-28,-0.07300016769061701,-0.07300016769061701,-0.1500588790079231,0.0661890033736402,0.0015855653954261887,0.0015524708937393686
2021-06-01,-0.05588750986483369,-0.05588750986483369,-0.10381456455613286,0.04624431445179025,0.0004180351687913746,0.0003949130115654795
2021-06-02,-0.03962524073614775,-0.03962524073614775,-0.07300016769061701,0.030814396865515847,-0.0007570814729608979,-0.0007724886713936558
2021-06-03,-0.0689727207868152,-0.0689727207868152,-0.05588750986483369,0.01711265782578332,0.0012056465685457356,0.001197090239632844
2021-06-04,-0.0728182432377735,-0.0728182432377735,-0.03962524073614775,0.01626226912868594,-0.0007961695478070522,-0.0008043006823713952
2021-06-07,-0.08281999457052228,-0.08281999457052228,-0.0689727207868152,0.029347480050667445,0.00033662476921347216,0.00032195102918813846
2021-06-08,-0.0839344768244265,-0.0839344768244265,-0.0728182432377735,0.0038455224509583025,0.00011478822398086575,0.0001128654627553866
2021-06-09,-0.08518837219163497,-0.08518837219163497,-0.08281999457052228,0.010001751332748776,-0.0,-5.000875666374388e-06
2021-06-10,-0.08150496149895178,-0.08150496149895178,-0.0839344768244265,0.001114482253904217,-0.0005595577771001679,-0.00056011501822712
2021-06-11,-0.06990410193761451,-0.06990410193761451,-0.08518837219163497,0.0012538953672084768,-0.0006977715630641521,-0.0006983985107477563
2021-06-14,-0.0577480913790019,-0.0577480913790019,-0.08150496149895178,0.0036834106926831867,-0.0004790195397677511,-0.00048086124511409267
2021-06-15,-0.05112054751266064,-0.05112054751266064,-0.06990410193761451,0.011600859561337273,0.00024025982698006732,0.00023445939719939868
2021-06-16,-0.06109211373815736,-0.06109211373815736,-0.0577480913790019,0.01215601055861261,0.0007667852449367287,0.0007607072396574225
2021-06-17,-0.050920328232490986,-0.050920328232490986,-0.05112054751266064,0.006627543866341262,3.5733644091188735e-05,3.2419872158018104e-05
2021-06-18,-0.09216313518077074,-0.09216313518077074,-0.06109211373815736,0.00997156622549672,0.0016133124048795246,0.0016083266217667763
2021-06-21,-0.11390191830235294,-0.11390191830235294,-0.050920328232490986,0.010171785505666373,-0.00018293118158422335,-0.00018801707433705654
2021-06-22,-0.13964727735192092,-0.13964727735192092,-0.09216313518077074,0.04124280694827975,-0.0,-2.0621403474139876e-05
2021-06-23,-0.19429313070991894,-0.19429313070991894,-0.11390191830235294,0.0217387831215822,0.0012435961401460218,0.0012327267485852307
2021-06-24,-0.20191275409800705,-0.20191275409800705,-0.13964727735192092,0.025745359049567984,-0.002046975336673782,-0.002059848016198566
2021-06-25,-0.20631226073752237,-0.20631226073752237,-0.19429313070991894,0.054645853357998014,0.0005544635985488773,0.0005271406718698783
2021-06-28,-0.18954631791611987,-0.18954631791611987,-0.20191275409800705,0.007619623388088109,-0.005669879768697655,-0.005673689580391699
2021-06-29,-0.20787265308115696,-0.20787265308115696,-0.20631226073752237,0.004399506639515327,0.002620180365260987,0.0026179806119412292
2021-06-30,-0.24401674820783223,-0.24401674820783223,-0.18954631791611987,0.016765942821402507,0.00203742851362809,0.0020290455422173888
2021-07-01,-0.2751251985700574,-0.2751251985700574,-0.20787265308115696,0.018326335165037094,0.00048134383491898894,0.00047218066733647037
2021-07-02,-0.24535135196207652,-0.24535135196207652,-0.24401674820783223,0.03614409512667527,-0.003267537674464518,-0.0032856097220278556
2021-07-06,-0.2371924955194148,-0.2371924955194148,-0.2751251985700574,0.031108450362225176,0.0032476322085676313,0.003232077983386519
2021-07-07,-0.24423254030598227,-0.24423254030598227,-0.24535135196207652,0.02977384660798088,0.0005686894929952878,0.0005538025696912973
2021-07-08,-0.2784479645759988,-0.2784479645759988,-0.2371924955194148,0.008158856442661733,0.002415930784412545,0.002411851356191214
2021-07-09,-0.2638155245663144,-0.2638155245663144,-0.24423254030598227,0.007040044786567473,-0.0026455570385142476,-0.0026490770609075313
2021-07-12,-0.22705269493036676,-0.22705269493036676,-0.2784479645759988,0.03421542427001653,-0.003680191516941514,-0.0036972992290765223
2021-07-13,-0.16886158051940778,-0.16886158051940778,-0.2638155245663144,0.014632440009684389,-0.0006509965893303959,-0.0006583128093352381
2021-07-14,-0.13268013189293257,-0.13268013189293257,-0.22705269493036676,0.03676282963594765,0.001397351665780374,0.0013789702509624001
2021-07-15,-0.12901158036060018,-0.12901158036060018,-0.16886158051940778,0.05819111441095898,0.002121224530347615,0.0020921289731421354
2021-07-16,-0.17578272466774503,-0.17578272466774503,-0.13268013189293257,0.03618144862647521,0.0019969864402917797,0.001978895715978542
2021-07-19,-0.17058146757805073,-0.17058146757805073,-0.12901158036060018,0.0036685515323323925,0.0007744794045648691,0.0007726451287987029
2021-07-20,-0.14171142603097675,-0.14171142603097675,-0.17578272466774503,0.04677114430714485,-0.0019302364261217417,-0.001953621998275314
2021-07-21,-0.07569977543541545,-0.07569977543541545,-0.17058146757805073,0.0052012570896942945,-0.003057128447655005,-0.003059729076199852
2021-07-22,-0.04575129627825275,-0.04575129627825275,-0.14171142603097675,0.028870041547073982,0.0006804696859518128,0.0006660346651782758
2021-07-23,-0.36383419751883517,-0.36383419751883517,-0.07569977543541545,0.0660116505955613,0.0040041367051969114,0.003971130879899131
2021-07-26,-0.35569880125454245,-0.35569880125454245,-0.04575129627825275,0.0299484791571627,-0.001130844185100493,-0.0011458184246790745
2021-07-27,-0.5281082661923702,-0.5281082661923702,-0.36383419751883517,0.3180829012405824,0.007570089896675401,0.0074110484460551095
2021-07-28,-0.6683103356951956,-0.6683103356951956,-0.35569880125454245,0.008135396264292716,0.0007358250075864487,0.0007317573094543023
2021-07-29,-0.6417976431232626,-0.6417976431232626,-0.5281082661923702,0.17240946493782772,-0.006269366449233853,-0.006355571181702767
2021-07-30,-0.6198731267052394,-0.6198731267052394,-0.6683103356951956,0.14020206950282543,-0.0002488099165439808,-0.00031891095129539353
2021-08-02,-0.6118996162816783,-0.6118996162816783,-0.6417976431232626,0.026512692571933005,0.0004779000040281699,0.0004646436577422034
2021-08-03,-0.5520885950746669,-0.5520885950746669,-0.6198731267052394,0.021924516418023177,-0.004388080095842696,-0.004399042354051707
2021-08-04,-0.5320263380586009,-0.5320263380586009,-0.6118996162816783,0.007973510423561092,0.0018109443842523629,0.0018069576290405823
2021-08-05,-0.4772484420813392,-0.4772484420813392,-0.5520885950746669,0.05981102120701143,-0.003484560581780871,-0.003514466092384377
2021-08-06,-0.3772291512464084,-0.3772291512464084,-0.5320263380586009,0.02006225701606601,-0.0002960704532426118,-0.0003061015817506448
2021-08-09,-0.2729985876352139,-0.2729985876352139,-0.4772484420813392,0.05477789597726168,-0.001150651404621412,-0.001178040352610043
2021-08-10,-0.1825578199198264,-0.1825578199198264,-0.3772291512464084,0.10001929083493083,0.0007677024193922267,0.0007176927739747613
2021-08-11,-0.12185992079565058,-0.12185992079565058,-0.2729985876352139,0.10423056361119448,-0.0010122068990913481,-0.0010643221808969454
2021-08-12,-0.08642180830085316,-0.08642180830085316,-0.1825578199198264,0.0904407677153875,0.0020231557253389703,0.0019779353414812765
2021-08-13,-0.06427821529899426,-0.06427821529899426,-0.12185992079565058,0.06069789912417581,0.00011377881575623956,8.342986619415166e-05
2021-08-16,-0.05031300558631867,-0.05031300558631867,-0.08642180830085316,0.03543811249479742,3.231985557581537e-05,1.4600799328416657e-05
2021-08-17,-0.3289342993497848,-0.3289342993497848,-0.06427821529899426,0.022143593001858905,0.0009376734359474086,0.0009266016394464792
2021-08-18,-0.5526228662331899,-0.5526228662331899,-0.05031300558631867,0.013965209712675591,0.00047744625073063555,0.00047046364587429774
2021-08-19,-0.5222737696430715,-0.5222737696430715,-0.3289342993497848,0.2786212937634661,-0.0015756665527090331,-0.0017149771995907661
2021-08-20,-0.6815158464287143,-0.6815158464287143,-0.5526228662331899,0.2236885668834051,0.004531432852137933,0.004419588568696231
2021-08-23,-0.5208229387704705,-0.5208229387704705,-0.5222737696430715,0.03034909659011842,-0.012250999082307742,-0.012266173630602801
2021-08-24,-0.3839511470924837,-0.3839511470924837,-0.6815158464287143,0.15924207678564284,-0.007425852524382921,-0.007505473562775742
2021-08-25,-0.2921274854035867,-0.2921274854035867,-0.5208229387704705,0.16069290765824384,-0.0,-8.034645382912193e-05
2021-08-26,-0.27960542901076224,-0.27960542901076224,-0.3839511470924837,0.1368717916779868,0.00485199938183578,0.0047835634859967864
2021-08-27,-0.2269765147582481,-0.2269765147582481,-0.2921274854035867,0.091823661688897,-0.0041787824504124155,-0.004224694281256864
2021-08-30,-0.1908152432408664,-0.1908152432408664,-0.27960542901076224,0.012522056392824443,-0.000259389408040782,-0.00026565043623719424
2021-08-31,-0.15356931620829392,-0.15356931620829392,-0.2269765147582481,0.05262891425251415,-0.0005049345294946934,-0.0005312489866209504
2021-09-01,-0.14484965450625892,-0.14484965450625892,-0.1908152432408664,0.03616127151738169,0.001376598898449828,0.001358518262691137
2021-09-02,-0.13578383065597327,-0.13578383065597327,-0.15356931620829392,0.037245927032572484,-0.00017172871203864965,-0.0001903516755549359
2021-09-03,-0.13853091248034058,-0.13853091248034058,-0.14484965450625892,0.008719661702035003,0.0005931143525357182,0.0005887545216847007
2021-09-07,-0.10730007725706156,-0.10730007725706156,-0.13578383065597327,0.009065823850285648,-0.0003552548221012604,-0.0003597877340264032
2021-09-08,-0.0807004379787346,-0.0807004379787346,-0.13853091248034058,0.002747081824367309,0.00020655861580965115,0.0002051850748974675
2021-09-09,-0.06400359468468513,-0.06400359468468513,-0.10730007725706156,0.03123083522327902,0.00034051950094815585,0.00032490408333651634
2021-09-10,-0.04431457443627321,-0.04431457443627321,-0.0807004379787346,0.026599639278326967,-0.0006649519345943667,-0.0006782517542335302
2021-09-13,-0.024916336213029636,-0.024916336213029636,-0.06400359468468513,0.016696843294049468,-0.0013670938584136704,-0.0013754422800606953
2021-09-14,-0.016308736049077604,-0.016308736049077604,-0.04431457443627321,0.019689020248411918,0.00037875433644569956,0.0003689098263214936
2021-09-15,0.0021643602015213367,0.0021643602015213367,-0.024916336213029636,0.01939823822324357,-0.0002742049984191913,-0.00028390411753081307
2021-09-16,0.0073030980277782155,0.0073030980277782155,-0.016308736049077604,0.008607600163952032,8.580468855794785e-05,8.150088847597183e-05
2021-09-17,-0.001016224155773419,-0.001016224155773419,0.0021643602015213367,0.01847309625059894,-2.2500209533157038e-05,-3.1736757658456504e-05
2021-09-20,-0.10306756138315207,-0.10306756138315207,0.0073030980277782155,0.005138737826256879,-0.00017228051054544226,-0.0001748498794585707
2021-09-21,-0.18467335206243352,-0.18467335206243352,-0.001016224155773419,0.008319322183551634,2.109974626232221e-06,-2.0496864655435965e-06
2021-09-22,-0.17012429886793132,-0.17012429886793132,-0.10306756138315207,0.10205133722737865,-0.001228147810682443,-0.0012791734792961323
2021-09-23,-0.12476831889504998,-0.12476831889504998,-0.18467335206243352,0.08160579067928145,-0.001829476661669922,-0.0018702795570095627
2021-09-24,-0.08255558718223452,-0.08255558718223452,-0.17012429886793132,0.014549053194502198,-0.0005982711121855912,-0.0006055456387828422
2021-09-27,-0.0332409247196516,-0.0332409247196516,-0.12476831889504998,0.045355979972881336,-0.0010124934084449339,-0.0010351713984313746
2021-09-28,-0.03271508509281629,-0.03271508509281629,-0.08255558718223452,0.04221273171281546,0.0009968203645767848,0.000975713998720377
2021-09-29,-0.05882403619107496,-0.05882403619107496,-0.0332409247196516,0.04931466246258292,0.0003139373757608693,0.00028928004452957783
2021-09-30,-0.09106593598501855,-0.09106593598501855,-0.03271508509281629,0.000525839626835313,0.0001284468526836769,0.00012818393287025923
2021-10-01,-0.07818528020605861,-0.07818528020605861,-0.05882403619107496,0.02610895109825867,-0.0006403637706852686,-0.0006534182462343979
2021-10-04,-0.07258118932213965,-0.07258118932213965,-0.09106593598501855,0.032241899793943596,0.0006594096280547416,0.0006432886781577697
2021-10-05,-0.05512252974352665,-0.05512252974352665,-0.07818528020605861,0.012880655778959943,-0.0007018669982731155,-0.0007083073261625956
2021-10-06,-0.03804904234274665,-0.03804904234274665,-0.07258118932213965,0.005604090883918958,-4.036292642690848e-05,-4.316497186886796e-05
2021-10-07,-0.02042992364882478,-0.02042992364882478,-0.05512252974352665,0.017458659578613,-0.00020422412110810141,-0.00021295345089740792
2021-10-08,-0.015472968775361829,-0.015472968775361829,-0.03804904234274665,0.017073487400780005,0.00025984102609259333,0.0002513042823922033
2021-10-11,-0.01893263730957913,-0.01893263730957913,-0.02042992364882478,0.017619118693921867,0.00014047434971068762,0.0001316647903637267
2021-10-12,-0.24966990136505904,-0.24966990136505904,-0.015472968775361829,0.0049569548734629525,0.0003677154124988092,0.00036523693506207775
2021-10-13,-0.3626428730689563,-0.3626428730689563,-0.01893263730957913,0.0034596685342172997,-3.266040799308398e-05,-3.4390242260192634e-05
2021-10-14,-0.2311725236169632,-0.2311725236169632,-0.24966990136505904,0.2307372640554799,-0.00783504789565939,-0.00795041652768713
2021-10-15,-0.03920763004499342,-0.03920763004499342,-0.3626428730689563,0.11297297170389728,-0.0037676798742639333,-0.003824166360115882
2021-10-18,0.10851336155833571,0.10851336155833571,-0.2311725236169632,0.13147034945199312,-4.2456808646903644e-05,-0.00010819198337290021
2021-10-19,0.4056755743722238,0.4056755743722238,-0.03920763004499342,0.19196489357196977,-0.0005326552286014312,-0.0006286376753874162
2021-10-20,0.6037837162481492,0.6037837162481492,0.10851336155833571,0.14772099160332913,0.0003144736516998295,0.0002406131558981649
2021-10-21,0.7358558108320995,0.7358558108320995,0.4056755743722238,0.2971622128138881,0.004615780281178995,0.004467199174772051
2021-10-22,0.15723720722139972,0.15723720722139972,0.6037837162481492,0.1981081418759254,-0.07051329823884758,-0.07061235230978555
2021-10-25,-0.22850852851906683,-0.22850852851906683,0.7358558108320995,0.1320720945839503,-0.0007439185744757777,-0.0008099546217677528
2021-10-26,-0.48567235234604456,-0.48567235234604456,0.15723720722139972,0.5786186036106997,-0.0035959904014935978,-0.0038852997032989478
2021-10-27,-0.6571149015640297,-0.6571149015640297,-0.22850852851906683,0.38574573574046656,0.0018458689868497626,0.0016529961189795292
2021-10-28,-0.7477439432719637,-0.7477439432719637,-0.48567235234604456,0.2571638238269777,-0.0019268845542280704,-0.002055466466141559
2021-10-29,-0.709928366550046,-0.709928366550046,-0.6571149015640297,0.17144254921798519,-0.012573711377122564,-0.012659432651731556
2021-11-01,-0.6358810152207177,-0.6358810152207177,-0.7477439432719637,0.09062904170793395,-0.008393116362693964,-0.008438430883547931
2021-11-02,-0.5606150150269313,-0.5606150150269313,-0.709928366550046,0.03781557672191771,-0.004441487533009028,-0.004460395321369987
2021-11-03,-0.470096778126644,-0.470096778126644,-0.6358810152207177,0.07404735132932827,-0.006759272584133076,-0.00679629625979774
2021-11-04,-0.3899843911160066,-0.3899843911160066,-0.5606150150269313,0.07526600019378638,-0.0030023388553563194,-0.0030399718554532124
2021-11-05,-0.2630742198792674,-0.2630742198792674,-0.470096778126644,0.09051823690028732,-0.005699836342689742,-0.005745095461139885
2021-11-08,-0.17464301234983357,-0.17464301234983357,-0.3899843911160066,0.08011238701063744,-0.0048250313570933345,-0.004865087550598653
2021-11-09,-0.11652462225494103,-0.11652462225494103,-0.2630742198792674,0.1269101712367392,0.0017861193615305367,0.001722664275912167
2021-11-10,-0.07805575813119754,-0.07805575813119754,-0.17464301234983357,0.08843120752943381,0.0015008510578006374,0.0014566354540359206
2021-11-11,-0.05316459313568752,-0.05316459313568752,-0.11652462225494103,0.05811839009489253,0.0005279893388973413,0.000498930143849895
2021-11-12,-0.03614860012753831,-0.03614860012753831,-0.07805575813119754,0.03846886412374349,0.0003398458982498061,0.00032061146618793434
2021-11-15,-0.02451324525691459,-0.02451324525691459,-0.05316459313568752,0.024891164995510022,-1.0570454715586001e-05,-2.3016037213341015e-05
2021-11-16,-0.016614594474141896,-0.016614594474141896,-0.03614860012753831,0.01701599300814921,-0.00020832967880621872,-0.00021683767531029333
2021-11-17,-0.011577960365850485,-0.011577960365850485,-0.02451324525691459,0.01163535487062372,0.00018405656991223466,0.0001782388924769228
2021-11-18,-0.010052393449584664,-0.010052393449584664,-0.016614594474141896,0.007898650782772694,0.00018192320217273543,0.00017797387678134907
2021-11-19,-0.007286000630879536,-0.007286000630879536,-0.011577960365850485,0.0050366341082914105,3.7290264198662355e-05,3.477194714451665e-05
2021-11-22,-0.004872901179138592,-0.004872901179138592,-0.010052393449584664,0.001525566916265821,-6.293128800374116e-05,-6.369407146187407e-05
2021-11-23,-0.004339374804469486,-0.004339374804469486,-0.007286000630879536,0.0027663928187051283,0.00010673868516192875,0.00010535548875257618
2021-11-24,-0.004954343280835698,-0.004954343280835698,-0.004872901179138592,0.0024130994517409443,-6.550105859932604e-05,-6.670760832519651e-05
2021-11-26,-0.03501492109931887,-0.03501492109931887,-0.004339374804469486,0.000533526374669106,8.546191054031224e-05,8.519514735297769e-05
2021-11-29,-0.04225804482770937,-0.04225804482770937,-0.004954343280835698,0.0006149684763662126,-0.00012390924345580213,-0.00012421672769398525
2021-11-30,-0.08014662064772893,-0.08014662064772893,-0.03501492109931887,0.03006057781848317,0.0005602393367016243,0.0005452090477923827
2021-12-01,-0.1506934163216262,-0.1506934163216262,-0.04225804482770937,0.007243123728390498,0.0005153461028511259,0.0005117245409869307
2021-12-02,-0.1494209320273419,-0.1494209320273419,-0.08014662064772893,0.03788857582001956,-0.0014842187856620168,-0.0015031630735720266
2021-12-03,-0.15881911725660142,-0.15881911725660142,-0.1506934163216262,0.07054679567389727,0.0007611098591989464,0.0007258364613619978
2021-12-06,-0.11767384067231403,-0.11767384067231403,-0.1494209320273419,0.0012724842942842818,-0.005279049878356263,-0.005279686120503405
2021-12-07,-0.04005384202122059,-0.04005384202122059,-0.15881911725660142,0.009398185229259504,-0.004921243401408779,-0.004925942494023409
2021-12-08,-0.01651401864101329,-0.01651401864101329,-0.11767384067231403,0.04114527658428739,0.0018355023369222296,0.001814929698630086
2021-12-09,-0.04707296330157627,-0.04707296330157627,-0.04005384202122059,0.07761999865109344,0.0009829645107185094,0.0009441545113929627
2021-12-10,-0.060063636399265305,-0.060063636399265305,-0.01651401864101329,0.023539823380207298,-3.5986359581649515e-05,-4.775627127175316e-05
2021-12-13,-0.089605067610529,-0.089605067610529,-0.04707296330157627,0.030558944660562984,0.0005489884653605482,0.0005337089930302667
2021-12-14,-0.12150944768448248,-0.12150944768448248,-0.060063636399265305,0.012990673097689032,0.0003603822037835456,0.0003538868672347011
2021-12-15,-0.10379818060090322,-0.10379818060090322,-0.089605067610529,0.029541431211263694,-0.0017488324393627457,-0.0017636031549683776
2021-12-16,-0.08587204580858793,-0.08587204580858793,-0.12150944768448248,0.03190438007395348,-0.00038369118329081473,-0.00039964337332779146
2021-12-17,-0.08029640310880304,-0.08029640310880304,-0.10379818060090322,0.017711267083579257,0.0004288316467001985,0.0004199760131584089
2021-12-20,-0.1022094459747451,-0.1022094459747451,-0.08587204580858793,0.017926134792315293,0.0017303381603240929,0.0017213750929279351
2021-12-21,-0.07785244677748836,-0.07785244677748836,-0.08029640310880304,0.0055756426997848885,-0.0018941032340726962,-0.0018968910554225886
2021-12-22,-0.057846730276346243,-0.057846730276346243,-0.1022094459747451,0.021913042865942062,-0.0004026209729414268,-0.00041357749437439785
2021-12-23,-0.03931725580766877,-0.03931725580766877,-0.07785244677748836,0.024356999197256743,-0.0005193273700871924,-0.0005315058696858208
2021-12-27,-0.022361283224505153,-0.022361283224505153,-0.057846730276346243,0.020005716501142114,-0.0007102518797154715,-0.0007202547379660426
2021-12-28,-0.013046328165788348,-0.013046328165788348,-0.03931725580766877,0.018529474468677476,0.00013625431879384388,0.00012698958155950513
2021-12-29,-0.006777622338491142,-0.006777622338491142,-0.022361283224505153,0.016955972583163614,-3.0244711943985428e-05,-3.872269823556724e-05
2021-12-30,-0.0036866046023410655,-0.0036866046023410655,-0.013046328165788348,0.009314955058716805,2.2655612611467782e-05,1.7998135082109377e-05
2021-12-31,-0.002249533021101517,-0.002249533021101517,-0.006777622338491142,0.006268705827297206,3.143899051702764e-05,2.8304637603379036e-05
2022-01-03,0.02552663528524465,0.02552663528524465,-0.0036866046023410655,0.0030910177361500764,-0.00012241022710571047,-0.00012395573597378552
2022-01-04,0.02851767826356675,0.02851767826356675,-0.002249533021101517,0.0014370715812395485,2.9598626788484917e-06,2.2413268882287177e-06
2022-01-05,0.03745905908482207,0.03745905908482207,0.02552663528524465,0.027776168306346168,0.00035067154994559106,0.000336783465792418
2022-01-06,0.04898038100558339,0.04898038100558339,0.02851767826356675,0.0029910429783220997,7.411278060800219e-05,7.261725911884113e-05
2022-01-07,0.04988460806755283,0.04988460806755283,0.03745905908482207,0.00894138082125532,-0.00039532808548545874,-0.0003997987758960864
2022-01-10,0.24618615831628285,0.24618615831628285,0.04898038100558339,0.011521321920761322,0.0016222930821775405,0.0016165324212171598
2022-01-11,0.4974574388775219,0.4974574388775219,0.04988460806755283,0.000904227061969437,0.0006324769981732226,0.0006320248846422378
2022-01-12,0.6087228587543274,0.6087228587543274,0.24618615831628285,0.19630155024873003,-0.0007485347364107549,-0.0008466855115351198
2022-01-13,0.5421565114238818,0.5421565114238818,0.4974574388775219,0.25127128056123904,-0.007139727032418801,-0.0072653626726994205
2022-01-14,0.6323421308108699,0.6323421308108699,0.6087228587543274,0.1112654198768055,0.008420692917639172,0.008365060207700769
2022-01-18,0.5240521891240262,0.5240521891240262,0.5421565114238818,0.06656634733044564,-0.009149580319340938,-0.009182863493006161
2022-01-19,0.4419647443596767,0.4419647443596767,0.6323421308108699,0.0901856193869881,-0.013164129098868955,-0.01320922190856245
2022-01-20,0.3148130228709254,0.3148130228709254,0.5240521891240262,0.1082899416868437,-0.01544200494183883,-0.015496149912682252
2022-01-21,0.23050573430600982,0.23050573430600982,0.4419647443596767,0.08208744476434948,0.0,-4.104372238217474e-05
2022-01-24,0.16566379914065515,0.16566379914065515,0.3148130228709254,0.1271517214887513,-0.0006049946639764788,-0.0006685705247208545
2022-01-25,0.07057029896318072,0.07057029896318072,0.23050573430600982,0.08430728856491557,-0.0041716124012936475,-0.004213766045576105
2022-01-26,0.032526685242947294,0.032526685242947294,0.16566379914065515,0.06484193516535466,0.0022413132095067657,0.0022088922419240885
2022-01-27,-0.3116488765047018,-0.3116488765047018,0.07057029896318072,0.09509350017747444,-0.004969551367789285,-0.005017098117878023
2022-01-28,-0.5410992510031345,-0.5410992510031345,0.032526685242947294,0.038043613720233425,-0.00021661471909466742,-0.00023563652595478412
2022-01-31,-0.551448006581668,-0.551448006581668,-0.3116488765047018,0.3441755617476491,-0.007117021676910817,-0.007289109457784641
2022-02-01,-0.5469194065635626,-0.5469194065635626,-0.5410992510031345,0.2294503744984327,-0.0014409142020039556,-0.001555639389253172
2022-02-02,-0.49745608704396094,-0.49745608704396094,-0.551448006581668,0.010348755578533542,-0.006308808945931374,-0.006313983323720641
2022-02-03,-0.5848303020237944,-0.5848303020237944,-0.5469194065635626,0.0045286000181054,0.013587435268362888,0.013585170968353835
2022-02-04,-0.631341775748735,-0.631341775748735,-0.49745608704396094,0.0494633195196017,-0.0009862410337512547,-0.0010109726935110556
2022-02-07,-0.6427881781198336,-0.6427881781198336,-0.5848303020237944,0.08737421497983344,-0.002070847097152471,-0.002114534204642388
2022-02-08,-0.5879693297704602,-0.5879693297704602,-0.631341775748735,0.04651147372494058,-0.008255373869504546,-0.008278629606367017
2022-02-09,-0.4704155321043486,-0.4704155321043486,-0.6427881781198336,0.011446402371098618,-0.014486163737048642,-0.014491886938234192
2022-02-10,-0.40404506072710433,-0.40404506072710433,-0.5879693297704602,0.05481884834937334,0.01236957706755879,0.012342167643384102
2022-02-11,-0.5394390251012784,-0.5394390251012784,-0.4704155321043486,0.11755379766611163,0.01184223775742686,0.011783460858593803
2022-02-14,-0.6340842047249937,-0.6340842047249937,-0.40404506072710433,0.06637047137724428,0.00042414657505635586,0.00039096133936773373
2022-02-15,-0.5620752627008976,-0.5620752627008976,-0.5394390251012784,0.13539396437417406,-0.00975015371054497,-0.009817850692732057
2022-02-16,-0.5351461338620581,-0.5351461338620581,-0.6340842047249937,0.09464517962371533,0.0027488571094935977,0.00270153451968174
2022-02-17,-0.6297409014793411,-0.6297409014793411,-0.5620752627008976,0.07200894202409613,0.0076915838176819015,0.0076555793466698534
2022-02-18,-0.7531606009862275,-0.7531606009862275,-0.5351461338620581,0.026929128838839467,0.028461670828407334,0.028448206263987915
2022-02-22,-0.8354404006574851,-0.8354404006574851,-0.6297409014793411,0.09459476761728303,0.004893655242182275,0.004846357858373634
2022-02-23,-0.8902936004383235,-0.8902936004383235,-0.7531606009862275,0.12341969950688636,0.00067403243960018,0.0006123225898467369
2022-02-24,-0.7244001091364012,-0.7244001091364012,-0.8354404006574851,0.08227979967125765,-0.03873139286935041,-0.03877253276918604
2022-02-25,-0.5630269775080842,-0.5630269775080842,-0.8902936004383235,0.05485319978083836,-0.018865381623087193,-0.018892808222977613
2022-02-28,-0.45242920241823703,-0.45242920241823703,-0.7244001091364012,0.16589349130192232,0.00015178330503599915,6.8836559385038e-05
2022-03-01,-0.42699987554822677,-0.42699987554822677,-0.5630269775080842,0.161373131628317,0.01038707937618986,0.0103063928103757
2022-03-02,-0.31886877420496146,-0.31886877420496146,-0.45242920241823703,0.11059777508984714,-0.019809409913266778,-0.019864708800811703
2022-03-03,-0.28895599678622164,-0.28895599678622164,-0.42699987554822677,0.02542932687001026,0.008213219903982386,0.008200505240547381
2022-03-04,-0.2629920661015015,-0.2629920661015015,-0.31886877420496146,0.10813110134326531,-0.0009314342171699135,-0.0009854997678415461
2022-03-07,-0.24415048394481692,-0.24415048394481692,-0.28895599678622164,0.029912777418739822,0.0023443261265805215,0.0023293697378711517
2022-03-08,-0.23949004439790533,-0.23949004439790533,-0.2629920661015015,0.025963930684720138,0.0009928676689389768,0.0009798857035966167
2022-03-09,-0.23036061590280604,-0.23036061590280604,-0.24415048394481692,0.018841582156684578,-0.0006682089174625619,-0.0006776297085409041
2022-03-10,-0.253901378795944,-0.253901378795944,-0.23949004439790533,0.004660439546911588,0.00487730307065635,0.0048749728508828945
2022-03-11,-0.3246503281650157,-0.3246503281650157,-0.23036061590280604,0.00912942849509929,0.004097715186461784,0.004093150472214235
2022-03-14,-0.5497668854433438,-0.5497668854433438,-0.253901378795944,0.023540762893137945,0.007922276379000946,0.007910505997554378
2022-03-15,-0.6288568549294362,-0.6288568549294362,-0.3246503281650157,0.07074894936907172,-0.0029978805435988626,-0.0030332550182833986
2022-03-16,-0.506174176656182,-0.506174176656182,-0.5497668854433438,0.22511655727832813,-0.022329248496222844,-0.022441806774862006
2022-03-17,-0.40114927957061275,-0.40114927957061275,-0.6288568549294362,0.07908996948609237,-0.0068779262534149925,-0.006917471238158039
2022-03-18,-0.32154524827750336,-0.32154524827750336,-0.506174176656182,0.12268267827325419,-0.0033287521114604307,-0.0033900934505970578
2022-03-21,-0.26988975140580396,-0.26988975140580396,-0.40114927957061275,0.10502489708556928,0.0005072863967033629,0.00045477394816057827
2022-03-22,-0.20904027337182318,-0.20904027337182318,-0.32154524827750336,0.07960403129310939,-0.0067850357510026785,-0.006824837766649233
2022-03-23,-0.17198192413328628,-0.17198192413328628,-0.26988975140580396,0.0516554968716994,0.0006692678658574452,0.0006434401174215955
2022-03-24,-0.049155944849819055,-0.049155944849819055,-0.20904027337182318,0.060849478033980775,-0.014507697665964473,-0.014538122404981464
2022-03-25,0.03570175505515842,0.03570175505515842,-0.17198192413328628,0.0370583492385369,-0.0006996390932851162,-0.0007181682679043847
2022-03-28,0.06858290251095694,0.06858290251095694,-0.049155944849819055,0.12282597928346722,0.0003034895894151534,0.0002420765997734198
2022-03-29,0.11377213152255174,0.11377213152255174,0.03570175505515842,0.08485769990497748,0.0005128977643328196,0.0004704689143803308
2022-03-30,0.11943401648341895,0.11943401648341895,0.06858290251095694,0.03288114745579852,-0.0010763297639497756,-0.001092770337677675
2022-03-31,0.07743762474414548,0.07743762474414548,0.11377213152255174,0.04518922901159479,-0.004136757145665399,-0.004159351760171196
2022-04-01,-0.00021099665324711414,-0.00021099665324711414,0.11943401648341895,0.005661884960867211,-0.003494349740581525,-0.0034971806830619585
2022-04-04,-0.01437754696183838,-0.01437754696183838,0.07743762474414548,0.04199639173927347,0.0017544576065763337,0.001733459410706697
2022-04-05,-0.061955844012169824,-0.061955844012169824,-0.00021099665324711414,0.07764862139739259,4.588721472103059e-06,-3.423558922659324e-05
2022-04-06,-0.11993067484380596,-0.11993067484380596,-0.01437754696183838,0.014166550308591265,0.00017624511175073232,0.0001691618365964367
2022-04-07,-0.11434507620688014,-0.11434507620688014,-0.061955844012169824,0.047578297050331446,-2.6061331354324543e-05,-4.985047987949026e-05
2022-04-08,-0.12296995577698223,-0.12296995577698223,-0.11993067484380596,0.05797483083163613,0.0013617105835803983,0.0013327231681645802
2022-04-11,-0.14582946560447455,-0.14582946560447455,-0.11434507620688014,0.005585598636925815,0.0010943194033709615,0.0010915266040524986
2022-04-12,-0.14410704259622426,-0.14410704259622426,-0.12296995577698223,0.008624879570102092,0.00018486228062720305,0.00018054984084215202
2022-04-13,-0.12596895623053136,-0.12596895623053136,-0.14582946560447455,0.02285950982749231,-0.001599436314652321,-0.0016108660695660672
2022-04-14,-0.15667671335494648,-0.15667671335494648,-0.14410704259622426,0.00172242300825029,0.004107714077607489,0.004106852866103364
2022-04-18,-0.13313375646148992,-0.13313375646148992,-0.12596895623053136,0.01813808636569289,-0.0026755027542946447,-0.0026845717974774913
2022-04-19,-0.09250315607377921,-0.09250315607377921,-0.15667671335494648,0.03070775712441512,-0.004333446701382095,-0.0043488005799443025
2022-04-20,-0.06233776892135919,-0.06233776892135919,-0.13313375646148992,0.023542956893456563,-0.0004999838407704526,-0.0005117553192171808
2022-04-21,-0.050271812950523166,-0.050271812950523166,-0.09250315607377921,0.040630600387710714,0.0011728659996948446,0.0011525506995009893
2022-04-22,-0.06836926602711109,-0.06836926602711109,-0.06233776892135919,0.030165387152420016,0.001259881485366607,0.001244798791790397
2022-04-25,-0.07155744719856227,-0.07155744719856227,-0.050271812950523166,0.012065955970836026,-0.0005616982293293515,-0.0005677312073147695
2022-04-26,-0.17810699193203078,-0.17810699193203078,-0.06836926602711109,0.018097453076587923,0.0022373281740348037,0.0022282794474965096
2022-04-27,-0.28658439939976493,-0.28658439939976493,-0.07155744719856227,0.003188181171451185,0.00047160935406202563,0.00047001526347630003
2022-04-28,-0.24420934649116777,-0.24420934649116777,-0.17810699193203078,0.1065495447334685,-0.006380681241162071,-0.006433956013528806
2022-04-29,-0.4961395643274452,-0.4961395643274452,-0.28658439939976493,0.10847740746773415,0.019884675126495,0.01983043642276113
2022-05-02,-0.4929472379959642,-0.4929472379959642,-0.24420934649116777,0.042375052908597166,-0.007675262031609227,-0.007696449558063525
2022-05-03,-0.4767922636412687,-0.4767922636412687,-0.4961395643274452,0.25193021783627745,-0.001103595219960863,-0.0012295603288790017
2022-05-04,-0.3743266458634356,-0.3743266458634356,-0.4929472379959642,0.0031923263314810324,-0.016190848491239685,-0.016192444654405426
2022-05-05,-0.4150288525972399,-0.4150288525972399,-0.4767922636412687,0.016154974354695484,0.016263108280163065,0.016255030792985715
2022-05-06,-0.47045278240885324,-0.47045278240885324,-0.3743266458634356,0.10246561777783308,0.002517807411942755,0.0024665746030538387
2022-05-09,-0.6469685216059022,-0.6469685216059022,-0.4150288525972399,0.04070220673380426,0.011523427547287182,0.01150307644392028
2022-05-10,-0.6388303214200306,-0.6388303214200306,-0.47045278240885324,0.05542392981161337,-0.010267547008540693,-0.010295258973446499
2022-05-11,-0.7592202142800204,-0.7592202142800204,-0.6469685216059022,0.176515739197049,0.017346540690001508,0.017258282820402985
2022-05-12,-0.8377390803610194,-0.8377390803610194,-0.6388303214200306,0.008138200185871636,-0.00014920420816570673,-0.00015327330825864256
2022-05-13,-0.750965805688417,-0.750965805688417,-0.7592202142800204,0.1203898928599898,-0.013468753163971354,-0.013528948110401348
2022-05-16,-0.7718115319102974,-0.7718115319102974,-0.8377390803610194,0.078518866080999,0.009991265446788534,0.009952006013748035
2022-05-17,-0.6311995224527424,-0.6311995224527424,-0.750965805688417,0.08677327467260243,-0.023010150370316257,-0.023053537007652558
2022-05-18,-0.7541330149684949,-0.7541330149684949,-0.7718115319102974,0.020845726221880412,0.03563539803436667,0.03562497517125573
2022-05-19,-0.8360886766456634,-0.8360886766456634,-0.6311995224527424,0.14061200945755503,0.005067526917965352,0.004997220913236575
2022-05-20,-0.8907257844304424,-0.8907257844304424,-0.7541330149684949,0.12293349251575258,0.0064624144610017096,0.006400947714743833
2022-05-23,-0.857031545928566,-0.857031545928566,-0.8360886766456634,0.0819556616771685,-0.007025757826076256,-0.00706673565691484
2022-05-24,-0.8996910489514596,-0.8996910489514596,-0.8907257844304424,0.05463710778477893,0.006998556115170322,0.006971237561277932
2022-05-25,-0.8179949089050881,-0.8179949089050881,-0.857031545928566,0.03369423850187636,-0.010900593825441224,-0.010917440944692162
2022-05-26,-0.6500334170651104,-0.6500334170651104,-0.8996910489514596,0.04265950302289356,-0.02728925496759936,-0.027310584719110808
2022-05-27,-0.48802563196079657,-0.48802563196079657,-0.8179949089050881,0.08169614004637149,-0.020130078962997434,-0.02017092703302062
2022-05-31,-0.383294303960386,-0.383294303960386,-0.6500334170651104,0.16796149183997766,0.0018968200480475627,0.001812839302127574
2022-06-01,-0.31682936010749896,-0.31682936010749896,-0.48802563196079657,0.16200778510431385,0.0034059103898793582,0.0033249064973272014
2022-06-02,-0.22078195499012918,-0.22078195499012918,-0.383294303960386,0.10473132800041057,-0.006343399887038043,-0.006395765551038248
2022-06-03,-0.2214430409966372,-0.2214430409966372,-0.31682936010749896,0.06646494385288704,0.010245413719946838,0.010212181248020395
2022-06-06,-0.22249877891551412,-0.22249877891551412,-0.22078195499012918,0.09604740511736978,0.0002544174408848657,0.00020639373832618082
2022-06-07,-0.21274919913058774,-0.21274919913058774,-0.2214430409966372,0.0006610860065080215,-0.0009708039542676003,-0.0009711344972708543
2022-06-08,-0.47516613275372516,-0.47516613275372516,-0.22249877891551412,0.00105573791887692,0.011756212837243126,0.011755684968283686
2022-06-09,-0.6501107551691501,-0.6501107551691501,-0.21274919913058774,0.009749579784926382,0.006295284772045992,0.006290409982153529
2022-06-10,-0.7667405034461001,-0.7667405034461001,-0.47516613275372516,0.26241693362313745,0.009857127843288993,0.009725919376477423
2022-06-13,-0.8444936689640667,-0.8444936689640667,-0.6501107551691501,0.1749446224154249,0.0233960981698417,0.023308625858633986
2022-06-14,-0.8672477088981412,-0.8672477088981412,-0.7667405034461001,0.11662974827695005,-0.003248128110304235,-0.00330644298444271
2022-06-15,-0.7954146974167482,-0.7954146974167482,-0.8444936689640667,0.07775316551796663,-0.016030443384976653,-0.016069319967735637
2022-06-16,-0.8636097982778321,-0.8636097982778321,-0.8672477088981412,0.022754039934074433,0.02939460323641019,0.02938322621644315
2022-06-17,-0.9090731988518881,-0.9090731988518881,-0.7954146974167482,0.07183301148139298,0.007881481572352843,0.007845565066612147
2022-06-21,-0.8471600919339467,-0.8471600919339467,-0.8636097982778321,0.06819510086108393,-0.017753410667651057,-0.0177875082180816
2022-06-22,-0.8423744370135415,-0.8423744370135415,-0.9090731988518881,0.04546340057405596,0.008433016788033102,0.008410285087746074
2022-06-23,-0.8221951266475875,-0.8221951266475875,-0.8471600919339467,0.061913106917941385,-0.0006797614469187301,-0.0007107180003777007
2022-06-24,-0.6958957902390388,-0.6958957902390388,-0.8423744370135415,0.004785654920405169,-0.027020925661181323,-0.027023318488641524
2022-06-27,-0.590743523870919,-0.590743523870919,-0.8221951266475875,0.020179310365953995,-0.00042586587251956543,-0.00043595552770254244
2022-06-28,-0.5831578141010944,-0.5831578141010944,-0.6958957902390388,0.12629933640854873,0.015312187189158971,0.015249037520954696
2022-06-29,-0.655909713233687,-0.655909713233687,-0.590743523870919,0.1051522663681198,0.0076618410585906705,0.007609264925406611
2022-06-30,-0.6717997975407647,-0.6717997975407647,-0.5831578141010944,0.0075857097698246445,-0.0018765379710316086,-0.0018803308259165209
2022-07-01,-0.7811998650271765,-0.7811998650271765,-0.655909713233687,0.07275189913259261,0.018760202172002645,0.01872382622243635
2022-07-05,-0.7708360647260134,-0.7708360647260134,-0.6717997975407647,0.015890084307077723,-0.006470172115372338,-0.006478117157525877
2022-07-06,-0.7005870071039317,-0.7005870071039317,-0.7811998650271765,0.10940006748641184,-0.006387614015331188,-0.006442314049074394
2022-07-07,-0.5605652000432215,-0.5605652000432215,-0.7708360647260134,0.010363800301163129,-0.023964972983702554,-0.023970154883853137
2022-07-08,-0.4776787142375715,-0.4776787142375715,-0.7005870071039317,0.07024905762208167,0.00275534220873379,0.002720217679922749
2022-07-11,-0.4778066528082172,-0.4778066528082172,-0.5605652000432215,0.1400218070607102,0.011657013078383082,0.011587002174852727
2022-07-12,-0.47705833068349524,-0.47705833068349524,-0.4776787142375715,0.08288648580565,-0.00012850274506150998,-0.00016994598796433498
2022-07-13,-0.46586738755175344,-0.46586738755175344,-0.4778066528082172,0.00012793857064569147,-0.0,-6.396928532284573e-08
2022-07-14,-0.40870705839332266,-0.40870705839332266,-0.47705833068349524,0.0007483221247219785,-0.006410341900880851,-0.006410716061943212
2022-07-15,-0.3323533367589804,-0.3323533367589804,-0.46586738755175344,0.011190943131741793,-0.01124200787823663,-0.0112476033498025
2022-07-18,-0.24707251274219705,-0.24707251274219705,-0.40870705839332266,0.05716032915843078,-0.0009524655249221993,-0.0009810456895014148
2022-07-19,-0.17562387306669408,-0.17562387306669408,-0.3323533367589804,0.07635372163434229,-0.012964488417066497,-0.01300266527788367
2022-07-20,-0.12395048240835521,-0.12395048240835521,-0.24707251274219705,0.08528082401678333,-0.0020885980823409198,-0.0021312384943493116
2022-07-21,-0.08635792658018668,-0.08635792658018668,-0.17562387306669408,0.07144863967550297,-0.00021650033164042986,-0.00025222465147818135
2022-07-22,-0.0989290715290925,-0.0989290715290925,-0.12395048240835521,0.05167339065833887,0.004303601588765861,0.004277764893436692
2022-07-25,-0.10060841262836023,-0.10060841262836023,-0.08635792658018668,0.037592555828168533,8.8131622319936e-05,6.933534440585172e-05
2022-07-26,-0.10867046441332347,-0.10867046441332347,-0.0989290715290925,0.012571144948905821,0.0005052693660904273,0.0004989837936159744
2022-07-27,-0.09073864197128201,-0.09073864197128201,-0.10060841262836023,0.0016793410992677338,-0.0031504967283470875,-0.0031513363988967215
2022-07-28,-0.09460444322440577,-0.09460444322440577,-0.10867046441332347,0.008062051784963234,0.0012711727240670445,0.001267141698174563
2022-07-29,-0.39640296214960385,-0.39640296214960385,-0.09073864197128201,0.01793182244204146,0.007769098293818392,0.007760132382597371
2022-08-01,-0.5068243207061442,-0.5068243207061442,-0.09460444322440577,0.00386580125312376,-0.0016935424911315822,-0.001695475391758144
2022-08-02,-0.6712162138040962,-0.6712162138040962,-0.39640296214960385,0.3017985189251981,0.010188997278715627,0.010038098019253028
2022-08-03,-0.70544438566934,-0.70544438566934,-0.5068243207061442,0.1104213585565404,-0.007178112322935367,-0.007233323002213637
2022-08-04,-0.8019527213764508,-0.8019527213764508,-0.6712162138040962,0.164391893097952,0.009189768752596746,0.00910757280604777
2022-08-05,-0.867968480917634,-0.867968480917634,-0.70544438566934,0.03422817186524374,0.005341200316322721,0.0053240862303901
2022-08-08,-0.9119789872784227,-0.9119789872784227,-0.8019527213764508,0.09650833570711081,0.0002265034098286766,0.0001782492419751212
2022-08-09,-0.941319324852282,-0.941319324852282,-0.867968480917634,0.06601575954118322,0.021098203778595153,0.021065195898824562
2022-08-10,-0.8503811216158983,-0.8503811216158983,-0.9119789872784227,0.04401050636078874,-0.02245598389578857,-0.022477989148968966
2022-08-11,-0.7690096328533726,-0.7690096328533726,-0.941319324852282,0.029340337573859232,-0.005854922180793974,-0.005869592349580903
2022-08-12,-0.5909085081681772,-0.5909085081681772,-0.8503811216158983,0.09093820323638369,-0.01242481070178826,-0.012470279803406453
2022-08-15,-0.4557969321684038,-0.4557969321684038,-0.7690096328533726,0.08137148876252565,-0.004898189141947012,-0.004938874886328275
2022-08-16,-0.3517339732235952,-0.3517339732235952,-0.5909085081681772,0.17810112468519546,0.002439170137171357,0.002350119574828759
2022-08-17,-0.3052356167786161,-0.3052356167786161,-0.4557969321684038,0.13511157599977341,0.005163740553283143,0.005096184765283256
2022-08-18,-0.2461093237654049,-0.2461093237654049,-0.3517339732235952,0.1040629589448086,-0.0041288478157897315,-0.004180879295262136
2022-08-19,-0.29379268077991116,-0.29379268077991116,-0.3052356167786161,0.04649835644497907,0.0069141733684620135,0.006890924190239524
2022-08-22,-0.5291951205199408,-0.5291951205199408,-0.2461093237654049,0.059126293013211206,0.010712555886213957,0.010682992739707351
2022-08-23,-0.6586490830550966,-0.6586490830550966,-0.29379268077991116,0.04768335701450627,-0.000955061958320078,-0.0009789036368273313
2022-08-24,-0.7663917683509612,-0.7663917683509612,-0.5291951205199408,0.2354024397400296,0.001402936196619819,0.0012852349767498042
2022-08-25,-0.6686461871017639,-0.6686461871017639,-0.6586490830550966,0.12945396253515584,-0.020035660957877628,-0.020100387939145207
2022-08-26,-0.7790974580678427,-0.7790974580678427,-0.7663917683509612,0.10774268529586462,0.0336078999758857,0.03355402863323777
2022-08-29,-0.8527316387118953,-0.8527316387118953,-0.6686461871017639,0.0977455812491973,0.008418155502691297,0.008369282712066698
2022-08-30,-0.9018210924745969,-0.9018210924745969,-0.7790974580678427,0.11045127096607876,0.016083416038377006,0.016028190402893966
2022-08-31,-0.9345473949830647,-0.9345473949830647,-0.8527316387118953,0.07363418064405258,0.00898717141983075,0.008950354329508725
2022-09-01,-0.9563649299887098,-0.9563649299887098,-0.9018210924745969,0.049089453762701574,0.0045203753912719195,0.004495830664390569
2022-09-02,-0.9709099533258065,-0.9709099533258065,-0.9345473949830647,0.032726302508467864,0.01588977849756082,0.015873415346306586
2022-09-06,-0.9806066355505378,-0.9806066355505378,-0.9563649299887098,0.021817535005645095,0.02634432860262082,0.026333419835118
2022-09-07,-0.9190657525869192,-0.9190657525869192,-0.9709099533258065,0.01454502333709673,-0.009274208833836563,-0.009281481345505112
2022-09-08,-0.8617969345418371,-0.8617969345418371,-0.9806066355505378,0.009696682224731301,-0.0031992266142124707,-0.0032040749553248365
2022-09-09,-0.7125294111331774,-0.7125294111331774,-0.9190657525869192,0.06154088296361859,-0.02122072172483549,-0.0212514921663173
2022-09-12,-0.5649765650852174,-0.5649765650852174,-0.8617969345418371,0.057268818045082104,-0.0027393299784594584,-0.0027679643874819995
2022-09-13,-0.7099843767234784,-0.7099843767234784,-0.7125294111331774,0.14926752340865979,0.051249726493900125,0.051175092732195795
2022-09-14,-0.8066562511489856,-0.8066562511489856,-0.5649765650852174,0.14755284604795993,0.0021218183485146114,0.0020480419254906316
2022-09-15,-0.8711041674326572,-0.8711041674326572,-0.7099843767234784,0.14500781163826093,0.008272581833141172,0.00820007792732204
2022-09-16,-0.8533061368583279,-0.8533061368583279,-0.8066562511489856,0.09667187442550729,-0.011188083898314721,-0.011236419835527475
2022-09-19,-0.8162055376482193,-0.8162055376482193,-0.8711041674326572,0.06444791628367152,-0.005958218888912462,-0.005990442847054298
2022-09-20,-0.8576367358414783,-0.8576367358414783,-0.8533061368583279,0.01779803057432927,0.013912563425399205,0.01390366441011204
2022-09-21,-0.9050911572276523,-0.9050911572276523,-0.8162055376482193,0.037100599210108554,0.01381011527352008,0.013791564973915026
2022-09-22,-0.9367274381517683,-0.9367274381517683,-0.8576367358414783,0.04143119819325891,0.012049759218709644,0.012029043619613015
2022-09-23,-0.9578182921011789,-0.9578182921011789,-0.9050911572276523,0.04745442138617406,0.01773410057375681,0.017710373363063723
2022-09-26,-0.971878861400786,-0.971878861400786,-0.9367274381517683,0.03163628092411597,0.018721123843114466,0.018705305702652407
2022-09-27,-0.9812525742671907,-0.9812525742671907,-0.9578182921011789,0.02109085394941057,0.0028410822727429185,0.002830536845768213
2022-09-28,-0.8955962138807316,-0.8955962138807316,-0.971878861400786,0.014060569299607195,-0.008674240302224703,-0.008681270586874507
2022-09-29,-0.9303974759204878,-0.9303974759204878,-0.9812525742671907,0.009373712866404649,0.027126364776065497,0.027121677919632294
2022-09-30,-0.9535983172803253,-0.9535983172803253,-0.8955962138807316,0.08565636038645907,0.020709355014013477,0.020666526833820247
2022-10-03,-0.8071159540897894,-0.8071159540897894,-0.9303974759204878,0.0348012620397562,-0.04332456372577677,-0.043341964356796644
2022-10-04,-0.6699805743484033,-0.6699805743484033,-0.9535983172803253,0.023200841359837465,-0.025811284489191403,-0.02582288490987132
2022-10-05,-0.5798468813647666,-0.5798468813647666,-0.8071159540897894,0.14648236319053587,0.0017483047434271642,0.0016750635618318964
2022-10-06,-0.5524045268157336,-0.5524045268157336,-0.6699805743484033,0.13713537974138612,0.011150174218574194,0.0110816065287035
2022-10-07,-0.7016030178771557,-0.7016030178771557,-0.5798468813647666,0.09013369298363672,0.031147021892509102,0.031101955046017284
2022-10-10,-0.8010686785847705,-0.8010686785847705,-0.5524045268157336,0.027442354549032988,0.011168342672634307,0.011154621495359791
2022-10-11,-0.8673791190565137,-0.8673791190565137,-0.7016030178771557,0.14919849106142213,0.004454703310697972,0.004380104065167261
2022-10-12,-0.8755451693757496,-0.8755451693757496,-0.8010686785847705,0.09946566070761476,-0.00927752589900808,-0.009327258729361887
2022-10-13,-0.7856666611382395,-0.7856666611382395,-0.8673791190565137,0.06631044047174317,-0.03732516964996809,-0.03735832487020396
2022-10-14,-0.763588279051596,-0.763588279051596,-0.8755451693757496,0.008166050319235896,0.016901249031166653,0.016897166006007033
2022-10-17,-0.6959280797073043,-0.6959280797073043,-0.7856666611382395,0.08987850823751009,-0.015464789979592226,-0.015509729233710981
2022-10-18,-0.6928043835845104,-0.6928043835845104,-0.763588279051596,0.022078382086643478,0.01589609309216386,0.01588505390112054
2022-10-19,-0.6788028187523759,-0.6788028187523759,-0.6959280797073043,0.06766019934429168,-0.0034971864616568796,-0.0035310165613290255
2022-10-20,-0.6611103043927764,-0.6611103043927764,-0.6928043835845104,0.003123696122793951,-0.0021317177942566344,-0.0021332796423180313
2022-10-21,-0.5338337746676468,-0.5338337746676468,-0.6788028187523759,0.014001564832134439,-0.023164522793631164,-0.02317152357604723
2022-10-24,-0.4403812880957774,-0.4403812880957774,-0.6611103043927764,0.01769251435959951,-0.005147755485548754,-0.005156601742728554
2022-10-25,-0.36213668499680973,-0.36213668499680973,-0.5338337746676468,0.1272765297251296,-0.004517392846372532,-0.004581031111235097
2022-10-26,-0.3243054134876908,-0.3243054134876908,-0.4403812880957774,0.09345248657186939,0.003213339587260017,0.0031666133439740823
2022-10-27,-0.3615638964875374,-0.3615638964875374,-0.36213668499680973,0.07824460309896769,0.012510370432723836,0.012471248131174352
2022-10-28,-0.2819870573723463,-0.2819870573723463,-0.3243054134876908,0.03783127150911891,-0.03456621305838679,-0.03458512869414135
2022-10-31,-0.25750078305866136,-0.25750078305866136,-0.3615638964875374,0.037258482999846576,0.007960097686891179,0.007941468445391255
2022-11-01,-0.24543491550656377,-0.24543491550656377,-0.2819870573723463,0.07957683911519109,0.001289426038714791,0.0012496376191571954
2022-11-02,-0.28649106433142085,-0.28649106433142085,-0.25750078305866136,0.02448627431368494,0.008007100098589999,0.007994856961433157
2022-11-03,-0.31649709115702007,-0.31649709115702007,-0.24543491550656377,0.012065867552097598,0.0002685523056699512,0.0002625193718939024
2022-11-04,-0.2754911137651276,-0.2754911137651276,-0.28649106433142085,0.041056148824857086,-0.012456173346005116,-0.012476701420417544
2022-11-07,-0.23887147186497312,-0.23887147186497312,-0.31649709115702007,0.03000602682559922,-0.002356861018733838,-0.0023718640321466374
2022-11-08,-0.20958062711379288,-0.20958062711379288,-0.2754911137651276,0.04100597739189249,-0.0006788047484538193,-0.0006993077371497655
2022-11-09,-0.23814549445021657,-0.23814549445021657,-0.23887147186497312,0.03661964190015446,0.008051832453675078,0.008033522632725
2022-11-10,-0.1565599532451249,-0.1565599532451249,-0.20958062711379288,0.02929084475118024,-0.017058875642009187,-0.017073521064384777
2022-11-11,-0.06949821954744767,-0.06949821954744767,-0.23814549445021657,0.028564867336423688,-0.005361479036952932,-0.005375761470621143
2022-11-14,-0.006882865004944921,-0.006882865004944921,-0.1565599532451249,0.08158554120509168,0.00041159631755209564,0.0003708035469495498
2022-11-15,0.04865359634785208,0.04865359634785208,-0.06949821954744767,0.08706173369767722,-0.000824364082283713,-0.0008678949491325517
2022-11-16,0.04479283045211134,0.04479283045211134,-0.006882865004944921,0.06261535454250275,0.0002644678717813231,0.0002331601945100717
2022-11-17,0.054260023878647645,0.054260023878647645,0.04865359634785208,0.055536461352797,0.0005931410825213106,0.0005653728518449121
2022-11-18,0.08914957586992406,0.08914957586992406,0.04479283045211134,0.0038607658957407406,-2.9971233108685236e-05,-3.190161605655561e-05
2022-11-21,0.08564072373513608,0.08564072373513608,0.054260023878647645,0.009467193426536305,-0.0016893808901194587,-0.001694114486832727
2022-11-22,0.15510366413250107,0.15510366413250107,0.08914957586992406,0.03488955199127641,0.0027108360428700143,0.002693391266874376
2022-11-23,0.20060627982074655,0.20060627982074655,0.08564072373513608,0.003508852134787979,-0.0004307889545554691,-0.0004325433806228631
2022-11-25,0.1721992479745827,0.1721992479745827,0.15510366413250107,0.06946294039736499,-0.0017251107538722521,-0.0017598422240709347
2022-11-28,0.13358654528380765,0.13358654528380765,0.20060627982074655,0.045502615688245485,-0.004170762021348157,-0.0041935133291922805
2022-11-29,0.11368983526458991,0.11368983526458991,0.1721992479745827,0.02840703184616386,0.0010189295494188104,0.0010047260334957284
2022-11-30,0.1947438792975521,0.1947438792975521,0.13358654528380765,0.03861270269077505,0.0054081809612677185,0.005388874609922331
2022-12-01,0.20282477057657852,0.20282477057657852,0.11368983526458991,0.019896710019217737,-0.0009074071646773664,-0.0009173555196869753
2022-12-02,0.18164043727343632,0.18164043727343632,0.1947438792975521,0.0810540440329622,-0.0027419534193267483,-0.0027824804413432293
2022-12-05,0.15759649426678457,0.15759649426678457,0.20282477057657852,0.00808089127902642,-0.0016551327436280464,-0.0016591731892675596
2022-12-06,0.12538285413568112,0.12538285413568112,0.18164043727343632,0.021184333303142205,-0.003549382190345485,-0.003559974356997056
2022-12-07,0.0925134757257502,0.0925134757257502,0.15759649426678457,0.024043943006651747,-0.0014877881531472948,-0.0014998101246506206
2022-12-08,0.07295515801853697,0.07295515801853697,0.12538285413568112,0.03221364013110345,0.00048681567950493624,0.00047070885943938453
2022-12-09,0.05651326592421132,0.05651326592421132,0.0925134757257502,0.03286937840993093,-0.0006505751753242742,-0.0006670098645292397
2022-12-12,0.052981308977535974,0.052981308977535974,0.07295515801853697,0.019558317707213224,0.001162530737179919,0.0011527515783263124
2022-12-13,0.05112260740978648,0.05112260740978648,0.05651326592421132,0.01644189209432565,7.879013952084073e-05,7.056919347367791e-05
2022-12-14,0.03424038775101111,0.03424038775101111,0.052981308977535974,0.003531956946675345,-0.0008667399761356598,-0.0008685059546089974
2022-12-15,0.021164719028647184,0.021164719028647184,0.05112260740978648,0.0018587015677494906,-0.002007990798059972,-0.002008920148843847
2022-12-16,0.011307792699230185,0.011307792699230185,0.03424038775101111,0.01688221965877537,-0.0002900668003527492,-0.0002985079101821369
2022-12-19,0.0037232639330131096,0.0037232639330131096,0.021164719028647184,0.013075668722363928,-0.00010220593848960958,-0.00010874377285079154
2022-12-20,-0.0037885017146100097,-0.0037885017146100097,0.011307792699230185,0.009856926329416999,-0.00014773172159270658,-0.0001526601847574151
2022-12-21,-0.008025043740100926,-0.008025043740100926,0.0037232639330131096,0.007584528766217075,5.49192368453084e-05,5.112697246219986e-05
2022-12-22,-0.038560114946313735,-0.038560114946313735,-0.0037885017146100097,0.007511765647623119,0.00012143539822273153,0.00011767951539891996
2022-12-23,-0.056994508620563156,-0.056994508620563156,-0.008025043740100926,0.004236542025490916,-3.70819929133286e-05,-3.920026392607406e-05
2022-12-27,-0.06540355658329965,-0.06540355658329965,-0.038560114946313735,0.030535071206212808,0.00022169802923703382,0.00020643049363392742
2022-12-28,-0.09887784657340787,-0.09887784657340787,-0.056994508620563156,0.01843439367424942,0.000878863702302102,0.0008696465054649773
2022-12-29,-0.10200702516580858,-0.10200702516580858,-0.06540355658329965,0.00840904796273649,-0.0017157513748562215,-0.0017199558988375899
2022-12-30,-0.08194840721357423,-0.08194840721357423,-0.09887784657340787,0.03347428999010822,-0.0008299624146332914,-0.0008466995596283455
2023-01-03,-0.06420089609383084,-0.06420089609383084,-0.10200702516580858,0.003129178592400708,-0.0011578413569832107,-0.001159405946279411
2023-01-04,-0.039917613512987574,-0.039917613512987574,-0.08194840721357423,0.020058617952234348,-0.00291250537878639,-0.002922534687762507
2023-01-05,-0.026318656592511737,-0.026318656592511737,-0.06420089609383084,0.01774751111974339,0.0002783224726884796,0.00026944871712860795
2023-01-06,0.019009850432209055,0.019009850432209055,-0.039917613512987574,0.024283282580843266,-0.001694611627379087,-0.0017067532686695086
2023-01-09,0.047347656739293184,0.047347656739293184,-0.026318656592511737,0.013598956920475837,-0.0005313192146437995,-0.0005381186931040375
2023-01-10,0.07616203977566255,0.07616203977566255,0.019009850432209055,0.04532850702472079,8.431436633411303e-05,6.165011282175264e-05
2023-01-11,0.12328747121099015,0.12328747121099015,0.047347656739293184,0.02833780630708413,0.0006593955822249625,0.0006452266790714205
2023-01-12,0.19196191367637871,0.19196191367637871,0.07616203977566255,0.028814383036369365,0.0011226662443394185,0.0011082590528212338
2023-01-13,0.216613085344972,0.216613085344972,0.12328747121099015,0.0471254314353276,-0.0007326532524696381,-0.0007562159681873019
2023-01-17,0.1991364160699156,0.1991364160699156,0.19196191367637871,0.06867444246538856,-0.0032514528885790183,-0.0032857901098117125
2023-01-18,0.1607435013489294,0.1607435013489294,0.216613085344972,0.02465117166859329,-0.005781216236062223,-0.00579354182189652
2023-01-19,0.11825217493190782,0.11825217493190782,0.1991364160699156,0.017476669275056395,-0.0026957014885020166,-0.0027044398231395447
2023-01-20,0.12786226349711638,0.12786226349711638,0.1607435013489294,0.038392914720986215,0.004524817338946069,0.0045056208815855755
2023-01-23,0.25995332259896214,0.25995332259896214,0.11825217493190782,0.04249132641702158,0.004249289929903894,0.004228044266695383
2023-01-24,0.2797234878800171,0.2797234878800171,0.12786226349711638,0.009610088565208563,-0.0014784145079568684,-0.0014832195522394727
2023-01-25,0.26929767185253295,0.26929767185253295,0.25995332259896214,0.13209105910184576,-0.0019114208578790612,-0.001977466387429984
2023-01-26,0.34121038910663715,0.34121038910663715,0.2797234878800171,0.019770165281054963,0.003673134639594881,0.0036632495569543537
2023-01-27,0.23739140399443104,0.23739140399443104,0.26929767185253295,0.010425816027484158,-0.017273009167770404,-0.017278222075784146
2023-01-30,0.15465596131065715,0.15465596131065715,0.34121038910663715,0.0719127172541042,-0.0025445032159407853,-0.0025804595745678375
2023-01-31,0.12003808686087519,0.12003808686087519,0.23739140399443104,0.10381898511220611,0.002632923740165772,0.002581014247609669
2023-02-01,0.15803692190309382,0.15803692190309382,0.15465596131065715,0.08273544268377389,0.0044328363445353975,0.004391468623193511
2023-02-02,0.3286475722806833,0.3286475722806833,0.12003808686087519,0.034617874449781955,0.0046247954500094664,0.004607486512784575
2023-02-03,0.46385059430804765,0.46385059430804765,0.15803692190309382,0.037998835042218626,0.0006804990386381869,0.0006614996211170777
2023-02-06,0.387425114314928,0.387425114314928,0.3286475722806833,0.1706106503775895,-0.013878788695203486,-0.013964094020392281
2023-02-07,0.37412180711685844,0.37412180711685844,0.46385059430804765,0.13520302202736434,0.0058203629268440875,0.005752761415830405
2023-02-08,0.29710826886990305,0.29710826886990305,0.387425114314928,0.07642547999311966,-0.010802565540076981,-0.010840778280073541
2023-02-09,0.20309121824140747,0.20309121824140747,0.37412180711685844,0.013303307198069547,-0.00675642538650757,-0.006763077040106605
2023-02-10,0.1431674491371973,0.1431674491371973,0.29710826886990305,0.0770135382469554,0.0007499952389590597,0.000711488469835582
2023-02-13,0.17646100447086716,0.17646100447086716,0.20309121824140747,0.09401705062849558,0.005479071129819081,0.005432062604504833
2023-02-14,0.2096561641792424,0.2096561641792424,0.1431674491371973,0.059923769104210156,0.0004513184059246995,0.0004213565213725944
2023-02-15,0.24854916795460408,0.24854916795460408,0.17646100447086716,0.033293555333669844,0.0012938940908058638,0.0012772473131390288
2023-02-16,0.20372773938179592,0.20372773938179592,0.2096561641792424,0.03319515970837525,-0.00472361301457796,-0.0047402105944321475
2023-02-17,0.14188530268991623,0.14188530268991623,0.24854916795460408,0.03889300377536167,-0.005200150656215702,-0.005219597158103383
2023-02-21,-0.02960123526138532,-0.02960123526138532,0.20372773938179592,0.04482142857280816,-0.011437099363134756,-0.01145951007742116
2023-02-22,-0.26478436555083495,-0.26478436555083495,0.14188530268991623,0.06184243669187969,-0.003212286872965304,-0.003243208091311244
2023-02-23,-0.3820103741636415,-0.3820103741636415,-0.02960123526138532,0.17148653795130153,-0.00016270862845007308,-0.00024845189742572386
2023-02-24,-0.5880069161090944,-0.5880069161090944,-0.26478436555083495,0.23518313028944965,0.0048593740797424935,0.004741782514597769
2023-02-27,-0.7253379440727297,-0.7253379440727297,-0.3820103741636415,0.11722600861280652,0.003646856953173089,0.003588243948866686
2023-02-28,-0.8021430370519328,-0.8021430370519328,-0.5880069161090944,0.20599654194545292,-0.0007084150461120106,-0.000811413317084737
2023-03-01,-0.7236737536650487,-0.7236737536650487,-0.7253379440727297,0.13733102796363528,-0.011637948124251703,-0.011706613638233521
2023-03-02,-0.5617013614666243,-0.5617013614666243,-0.8021430370519328,0.07680509297920313,-0.027550971771971067,-0.027589374318460667
2023-03-03,-0.43600429408374003,-0.43600429408374003,-0.7236737536650487,0.07846928338688408,-0.005524178506618758,-0.0055634131483122
2023-03-06,-0.39114205015040393,-0.39114205015040393,-0.5617013614666243,0.1619723921984244,0.008723393080585647,0.008642406884486436
2023-03-07,-0.37826964446037015,-0.37826964446037015,-0.43600429408374003,0.12569706738288428,0.007716924394653065,0.007654075860961622
2023-03-08,-0.30642393584376393,-0.30642393584376393,-0.39114205015040393,0.0448622439333361,-0.0068944034184676255,-0.006916834540434294
2023-03-09,-0.23329335197196577,-0.23329335197196577,-0.37826964446037015,0.012872405690033784,-0.006697673522960012,-0.006704109725805029
2023-03-10,-0.1578732758106347,-0.1578732758106347,-0.30642393584376393,0.07184570861660622,-0.009039710210884611,-0.009075633065192915
2023-03-13,-0.11494425525834487,-0.11494425525834487,-0.23329335197196577,0.07313058387179816,0.0023140905103628774,0.002277525218426978
2023-03-14,-0.050516839173766356,-0.050516839173766356,-0.1578732758106347,0.07542007616133106,-0.006209491379388286,-0.006247201417468951
2023-03-15,0.015656625895205036,0.015656625895205036,-0.11494425525834487,0.04292902055228984,-0.00164147628922991,-0.001662940799506055
2023-03-16,0.34377108393013667,0.34377108393013667,-0.050516839173766356,0.06442741608457851,-0.0031473058097904456,-0.003179519517832735
2023-03-17,0.4651469685966825,0.4651469685966825,0.015656625895205036,0.0661734650689714,-0.00019194850932670839,-0.00022503524186119408
2023-03-20,0.44217241553872644,0.44217241553872644,0.34377108393013667,0.3281144580349316,-0.00749583260858458,-0.007659889837602046
2023-03-21,0.36156686344469585,0.36156686344469585,0.4651469685966825,0.12137588466654581,-0.011166122039800655,-0.011226809982133927
2023-03-22,0.28676951146096047,0.28676951146096047,0.44217241553872644,0.022974553057956038,-0.005127074525160143,-0.005138561801689121
2023-03-23,0.317714044003198,0.317714044003198,0.36156686344469585,0.08060555209403059,0.011568120736969471,0.011527817960922455
2023-03-24,0.37723536803038626,0.37723536803038626,0.28676951146096047,0.07479735198373538,0.003259858613433763,0.0032224599374418954
2023-03-27,0.3921034989772566,0.3921034989772566,0.317714044003198,0.030944532542237557,-0.001947848573872103,-0.0019633208401432217
2023-03-28,0.40757252373602004,0.40757252373602004,0.37723536803038626,0.05952132402718824,0.0014220373271273269,0.0013922766651137328
2023-03-29,0.6050483491573467,0.6050483491573467,0.3921034989772566,0.01486813094687034,0.029852922133927946,0.02984548806845451
2023-03-30,0.7366988994382312,0.7366988994382312,0.40757252373602004,0.015469024758763439,0.0073704143298342056,0.007362679817454824
2023-03-31,0.8244659329588209,0.8244659329588209,0.6050483491573467,0.1974758254213267,0.010935660601807916,0.010836922689097252
2023-04-03,0.882977288639214,0.882977288639214,0.7366988994382312,0.13165055028088446,0.004961188176004388,0.004895362900863946
2023-04-04,0.9219848590928095,0.9219848590928095,0.8244659329588209,0.08776703352058968,0.005263898452425903,0.005220014935665608
2023-04-05,0.8908812261472465,0.8908812261472465,0.882977288639214,0.05851135568039312,-0.007202312906005961,-0.007231568583846158
2023-04-06,0.8655606968944525,0.8655606968944525,0.9219848590928095,0.039007570453595486,-0.0005617604960878788,-0.0005812642813146766
2023-04-10,0.8038054912871386,0.8038054912871386,0.8908812261472465,0.031103632945562953,-0.00787436480957829,-0.00788991662605107
2023-04-11,0.7385892285201925,0.7385892285201925,0.8655606968944525,0.025320529252794044,-0.004524852015071392,-0.004537512279697789
2023-04-12,0.660442721248236,0.660442721248236,0.8038054912871386,0.061755205607313846,-0.008199445086015578,-0.008230322688819234
2023-04-13,0.47090523162180353,0.47090523162180353,0.7385892285201925,0.06521626276694614,0.0025373534069927242,0.002504745275609251
2023-04-14,0.3224999751797028,0.3224999751797028,0.660442721248236,0.07814650727195649,-0.0049333321473569785,-0.004972405400992957
2023-04-17,0.21834844475112394,0.21834844475112394,0.47090523162180353,0.18953748962643246,0.003691612294664444,0.0035968435498512277
2023-04-18,0.14622417104974136,0.14622417104974136,0.3224999751797028,0.14840525644210073,-0.0031105503999994677,-0.003184753028220518
2023-04-19,0.0979774776988573,0.0979774776988573,0.21834844475112394,0.10415153042857886,-0.004664708828451052,-0.004716784593665341
2023-04-20,0.06556996638704263,0.06556996638704263,0.14622417104974136,0.07212427370138258,-0.0013613106333432202,-0.0013973727701939115
2023-04-21,0.04387715295167559,0.04387715295167559,0.0979774776988573,0.048246693350884065,-0.0017779457389521037,-0.0018020690856275457
2023-04-24,0.029440053978450287,0.029440053978450287,0.06556996638704263,0.03240751131181467,-0.0013849784626814938,-0.0014011822183374013
2023-04-25,0.01979614885239775,0.01979614885239775,0.04387715295167559,0.02169281343536704,-0.0011538828181113978,-0.0011647292248290813
2023-04-26,0.014018878020820327,0.014018878020820327,0.029440053978450287,0.014437098973225301,0.00017329610272555812,0.00016607755323894548
2023-04-27,0.024479598069250038,0.024479598069250038,0.01979614885239775,0.009643905126052538,0.0005519755625478473,0.000547153609984821
2023-04-28,0.10083522043093057,0.10083522043093057,0.014018878020820327,0.0057772708315774225,0.000563383927158564,0.0005604952917427753
2023-05-01,0.11926189959805882,0.11926189959805882,0.024479598069250038,0.010460720048429711,-0.000598984457833963,-0.0006042148178581778
2023-05-02,0.11226180861832176,0.11226180861832176,0.10083522043093057,0.07635562236168053,-0.0017637888052004483,-0.0018019666163812886
2023-05-03,0.1534332287093942,0.1534332287093942,0.11926189959805882,0.018426679167128243,0.0035253760427870224,0.0035161627032034583
2023-05-04,0.22987205987280235,0.22987205987280235,0.11226180861832176,0.007000090979737056,0.002629558160251945,0.0026260581147620767
2023-05-05,0.26160047982198786,0.26160047982198786,0.1534332287093942,0.04117142009107243,-0.0012278516977929572,-0.0012484374078384935
2023-05-08,0.2643179814664109,0.2643179814664109,0.22987205987280235,0.07643883116340816,-0.0016318722703043246,-0.0016700916858860288
2023-05-09,0.22906752123126584,0.22906752123126584,0.26160047982198786,0.031728419949185516,-0.005696207413760493,-0.005712071623735085
2023-05-10,0.20148271603748533,0.20148271603748533,0.2643179814664109,0.002717501644423026,-0.0011415906593064205,-0.001142949410128632
2023-05-11,0.1437680713617913,0.1437680713617913,0.22906752123126584,0.035250460235145054,-0.008483973452744679,-0.008501598682862252
2023-05-12,0.10429473010922836,0.10429473010922836,0.20148271603748533,0.02758480519378051,0.0006283333481989326,0.0006145409456020423
2023-05-15,0.10557985836667835,0.10557985836667835,0.1437680713617913,0.05771464467569404,0.00422117211269924,0.0041923147903613935
2023-05-16,0.08842572197582671,0.08842572197582671,0.10429473010922836,0.039473341252562924,-0.002029906286536008,-0.0020496429571622895
2023-05-17,0.06573676658110382,0.06573676658110382,0.10557985836667835,0.0012851282574499884,-0.0012646371244074126,-0.0012652796885361376
2023-05-18,0.07444463766279678,0.07444463766279678,0.08842572197582671,0.017154136390851643,0.0024809365130225203,0.0024723594448270944
2023-05-19,0.09002385009371267,0.09002385009371267,0.06573676658110382,0.02268895539472289,0.0005537094671329476,0.0005423649894355861
2023-05-22,0.1168170708789023,0.1168170708789023,0.07444463766279678,0.008707871081692964,0.0008705606427165669,0.0008662067071757203
2023-05-23,0.1056895090254321,0.1056895090254321,0.09002385009371267,0.015579212430915881,-0.0022892484909600363,-0.002297038097175494
2023-05-24,0.07573223275119383,0.07573223275119383,0.1168170708789023,0.026793220785189628,-0.002018867782973252,-0.0020322643933658466
2023-05-25,-0.0227005996463066,-0.0227005996463066,0.1056895090254321,0.011127561853470191,-0.005831152809830299,-0.005836716590757034
2023-05-26,-0.01262588144333986,-0.01262588144333986,0.07573223275119383,0.029957276274238276,0.004422326168161468,0.004407347530024349
2023-05-30,0.04613549086142091,0.04613549086142091,-0.0227005996463066,0.09843283239750042,-0.0007749533091601298,-0.00082416972535888
2023-05-31,0.18736411732342695,0.18736411732342695,-0.01262588144333986,0.01007471820296674,-0.0006104538007675447,-0.0006154911598690281
2023-06-01,0.24686882210794733,0.24686882210794733,0.04613549086142091,0.058761372304760764,-0.00045489930422300343,-0.0004842799903753838
2023-06-02,0.2892216154246037,0.2892216154246037,0.18736411732342695,0.14122862646200604,0.0010833693499602125,0.0010127550367292095
2023-06-05,0.20075586031335105,0.20075586031335105,0.24686882210794733,0.059504704784520385,-0.011432736760167407,-0.011462489112559668
2023-06-06,0.22458537414131186,0.22458537414131186,0.2892216154246037,0.04235279331665634,0.010654485283242235,0.010633308886583906
2023-06-07,0.24993094496800541,0.24993094496800541,0.20075586031335105,0.08846575511125263,0.0020750112988878215,0.0020307784213321953
2023-06-08,0.3221980280609127,0.3221980280609127,0.22458537414131186,0.023829513827960808,0.003877111887342425,0.003865197130428445
2023-06-09,0.30483947249682886,0.30483947249682886,0.24993094496800541,0.02534557082669356,-0.003770183687101505,-0.0037828564725148517
2023-06-12,0.5365596483312193,0.5365596483312193,0.3221980280609127,0.07226708309290727,0.017785722373508162,0.017749588831961708
2023-06-13,0.6910397655541463,0.6910397655541463,0.30483947249682886,0.017358555564083833,0.0077430778641223025,0.00773439858634026
2023-06-14,0.7940265103694308,0.7940265103694308,0.5365596483312193,0.23172017583439042,0.026424463275192774,0.026308603187275577
2023-06-15,0.8626843402462874,0.8626843402462874,0.6910397655541463,0.15448011722292698,0.004661329317682886,0.004584089259071422
2023-06-16,0.9084562268308582,0.9084562268308582,0.7940265103694308,0.10298674481528458,0.012191910251567314,0.012140416879159672
2023-06-20,0.7671326038629827,0.7671326038629827,0.8626843402462874,0.06865782987685654,-0.03249583070582276,-0.03253015962076119
2023-06-21,0.5688868925249437,0.5688868925249437,0.9084562268308582,0.045771886584570876,-0.05450749686894944,-0.05453038281224173
2023-06-22,0.42826418701284596,0.42826418701284596,0.7671326038629827,0.1413236229678756,-0.004430210899878119,-0.0045008727113620564
2023-06-23,0.34748893432332095,0.34748893432332095,0.5688868925249437,0.19824571133803892,0.005043552532377577,0.004944429676708557
2023-06-26,0.3136179697457945,0.3136179697457945,0.42826418701284596,0.14062270551209777,0.0044124929240610695,0.00434218157130502
2023-06-27,0.32386095329596576,0.32386095329596576,0.34748893432332095,0.08077525268952501,0.007921094548134649,0.007880706921789887
2023-06-28,0.29965198184877484,0.29965198184877484,0.3136179697457945,0.033870964577526474,-0.004874344463382374,-0.004891279945671138
2023-06-29,0.2408823157269232,0.2408823157269232,0.32386095329596576,0.01024298355017128,-0.006367241186462629,-0.006372362678237715
2023-06-30,0.22423620598553143,0.22423620598553143,0.29965198184877484,0.02420897144719092,0.00482571892650767,0.004813614440784074
2023-07-03,0.21838729044522062,0.21838729044522062,0.2408823157269232,0.05876966612185164,0.0012966336819168033,0.0012672488488558776
2023-07-05,0.17149797558568408,0.17149797558568408,0.22423620598553143,0.016646109741391774,-0.007403401121699789,-0.0074117241765704845
2023-07-06,0.11803138638027726,0.11803138638027726,0.21838729044522062,0.005848915540310806,-0.0036274715141877216,-0.0036303959719578773
2023-07-07,0.0812524637289672,0.0812524637289672,0.17149797558568408,0.04688931485953654,-0.0006437230063839525,-0.0006671676638137208
2023-07-10,0.07154174383235642,0.07154174383235642,0.11803138638027726,0.053466589205406825,0.003298220336694111,0.0032714870420914076
2023-07-11,0.0785462592562574,0.0785462592562574,0.0812524637289672,0.03677892265131005,0.0013897677986672143,0.0013713783373415593
2023-07-12,0.10273952607306588,0.10273952607306588,0.07154174383235642,0.009710719896610778,0.0014609117784871273,0.001456056418538822
2023-07-13,0.11098813147142286,0.11098813147142286,0.0785462592562574,0.007004515423900973,-0.00025426242277785217,-0.00025776468048980264
2023-07-14,0.09781157948882882,0.09781157948882882,0.10273952607306588,0.024193266816808487,-0.0021840182737028198,-0.002196114907111224
2023-07-17,0.14538721546761543,0.14538721546761543,0.11098813147142286,0.008248605398356978,0.00408462942774542,0.0040805051250462415
2023-07-18,0.18479315838327529,0.18479315838327529,0.09781157948882882,0.013176551982594042,0.0003699708086885863,0.0003633825326972893
2023-07-19,0.18207502459548297,0.18207502459548297,0.14538721546761543,0.04757563597878661,-0.00016859276829637605,-0.00019238058628576936
2023-07-20,0.15491123725066802,0.15491123725066802,0.18479315838327529,0.03940594291565985,-0.0058451251060335566,-0.0058648280774913865
2023-07-21,0.16102942389298458,0.16102942389298458,0.18207502459548297,0.002718133787792315,0.0035465641165220285,0.0035452050496281324
2023-07-24,0.14690183383768268,0.14690183383768268,0.15491123725066802,0.02716378734481495,-0.0017759149866198988,-0.0017894968802923063
2023-07-25,0.15401722362176118,0.15401722362176118,0.16102942389298458,0.006118186642316559,0.002250476089531526,0.0022474169962103676
2023-07-26,0.16729598470251694,0.16729598470251694,0.14690183383768268,0.014127590055301897,0.0011200904641145261,0.0011130266690868751
2023-07-27,0.18761674772968234,0.18761674772968234,0.15401722362176118,0.007115389784078496,0.0008516943838322914,0.0008481366889402522
2023-07-28,0.4584111651531215,0.4584111651531215,0.16729598470251694,0.013278761080755763,0.011040079374854832,0.011033439994314454
2023-07-31,0.4918822205863965,0.4918822205863965,0.18761674772968234,0.0203207630271654,-0.005399796446041977,-0.005409956827555559
2023-08-01,0.5179982939049779,0.5179982939049779,0.4584111651531215,0.2707944174234392,0.0003844544000248957,0.00024905719131317614
2023-08-02,0.44463257283629076,0.44463257283629076,0.4918822205863965,0.033471055433275,-0.019373038615863314,-0.019389774143579952
2023-08-03,0.41535569170525394,0.41535569170525394,0.5179982939049779,0.026116073318581345,0.007230067749431648,0.0072170097127723576
2023-08-04,0.4228235143175743,0.4228235143175743,0.44463257283629076,0.0733657210686871,0.005054796842433485,0.005018113981899142
2023-08-07,0.43255482982840937,0.43255482982840937,0.41535569170525394,0.029276881131036825,0.001063762936825335,0.0010491244962598165
2023-08-08,0.42538720494912885,0.42538720494912885,0.4228235143175743,0.007467822612320374,-0.0025203476798377673,-0.0025240815911439273
2023-08-09,0.37825049413095585,0.37825049413095585,0.43255482982840937,0.009731315510835059,-0.009140246065566,-0.009145111723321418
2023-08-10,0.37164727535475256,0.37164727535475256,0.42538720494912885,0.007167624879280521,0.004963692661810622,0.004960108849370982
2023-08-11,0.31702527332228936,0.31702527332228936,0.37825049413095585,0.047136710818173,0.0022904159548790388,0.002266847599469952
2023-08-14,0.3421186163772888,0.3421186163772888,0.37164727535475256,0.00660321877620329,0.0084150958661095,0.008411794256721398
2023-08-15,0.301551940912559,0.301551940912559,0.31702527332228936,0.0546220020324632,-0.008085535210308586,-0.008112846211324817
2023-08-16,0.22520713736881826,0.22520713736881826,0.3421186163772888,0.02509334305499944,-0.012201012291037955,-0.012213558962565454
2023-08-17,0.16088002066451845,0.16088002066451845,0.301551940912559,0.04056667546472981,-0.008543781788845116,-0.00856406512657748
2023-08-18,0.11950621716595015,0.11950621716595015,0.22520713736881826,0.07634480354374074,0.001175076427824198,0.0011369040260523278
2023-08-21,0.10010163561606542,0.10010163561606542,0.16088002066451845,0.0643271167042998,0.0019158350961756068,0.001883671537823457
2023-08-22,0.07209824148242008,0.07209824148242008,0.11950621716595015,0.0413738034985683,-0.0009015263712238806,-0.0009222132729731648
2023-08-23,0.07597070376478714,0.07597070376478714,0.10010163561606542,0.01940458154988474,0.0033174502438574607,0.0033077479530825185
2023-08-24,0.03443171212661893,0.03443171212661893,0.07209824148242008,0.028003394133645332,-0.002949287719183958,-0.002963289416250781
2023-08-25,0.031095013564572834,0.031095013564572834,0.07597070376478714,0.0038724622823670535,0.0015385296752093635,0.00153659344406818
2023-08-28,0.04221872650008986,0.04221872650008986,0.03443171212661893,0.04153899163816821,0.0003831509241564229,0.0003623814283373388
2023-08-29,0.0798790110877105,0.0798790110877105,0.031095013564572834,0.0033366985620460927,0.0006381823972010793,0.0006365140479200562
2023-08-30,0.08799098977505515,0.08799098977505515,0.04221872650008986,0.01112371293551703,0.00027071179235945895,0.0002651499358917004
2023-08-31,0.10993525616646321,0.10993525616646321,0.0798790110877105,0.03766028458762064,0.0014111230590062732,0.001392292916712463
2023-09-01,0.37515237985660266,0.37515237985660266,0.08799098977505515,0.008111978687344645,0.00368089132353508,0.003676835334191408
2023-09-05,0.5834349199044018,0.5834349199044018,0.10993525616646321,0.021944266391408063,0.00030029712677488317,0.00028932499357917915
2023-09-06,0.7222899466029346,0.7222899466029346,0.37515237985660266,0.26521712369013944,0.0027591623436141527,0.002626553781769083
2023-09-07,0.8148599644019564,0.8148599644019564,0.5834349199044018,0.20828254004779911,0.0189325658511949,0.018828424581171
2023-09-08,0.7816688963490328,0.7816688963490328,0.7222899466029346,0.13885502669853278,-0.0032161804707820786,-0.003285607984131345
2023-09-11,0.8544459308993553,0.8544459308993553,0.8148599644019564,0.09257001779902185,0.012434113855062563,0.012387828846163051
2023-09-12,0.9029639539329035,0.9029639539329035,0.7816688963490328,0.0331910680529236,0.005469082741600719,0.005452487207574258
2023-09-13,0.8687324218175438,0.8687324218175438,0.8544459308993553,0.07277703455032247,-0.003298275557762503,-0.0033346640750376642
2023-09-14,0.8372537918794707,0.8372537918794707,0.9029639539329035,0.04851802303354824,-0.0009331211184568272,-0.0009573801299736013
2023-09-15,0.6941528845340472,0.6941528845340472,0.8687324218175438,0.034231532115359675,-0.017747480938519328,-0.01776459670457701
2023-09-18,0.5633814790757337,0.5633814790757337,0.8372537918794707,0.031478629938073155,0.0024313508873227627,0.0024156115723537263
2023-09-19,0.41626997568159624,0.41626997568159624,0.6941528845340472,0.14310090734542347,-0.03014875592435707,-0.03022030637802978
2023-09-20,0.2601059392319163,0.2601059392319163,0.5633814790757337,0.13077140545831356,-0.025580097922243028,-0.025645483624972185
2023-09-21,0.15942198177463154,0.15942198177463154,0.41626997568159624,0.14711150339413742,-0.00047997589709469475,-0.0005535316487917635
2023-09-22,0.07632349576611576,0.07632349576611576,0.2601059392319163,0.1561640364496799,-0.003528105705156181,-0.0036061877233810207
2023-09-25,0.028355636162854053,0.028355636162854053,0.15942198177463154,0.10068395745728478,0.0005130518405969496,0.00046270986186830725
2023-09-26,-0.015037178522375006,-0.015037178522375006,0.07632349576611576,0.08309848600851578,-0.0010238736599136042,-0.0010654229029178621
2023-09-27,-0.026466466013619003,-0.026466466013619003,0.028355636162854053,0.047967859603261706,0.0006537812526132741,0.0006297973228116433
2023-09-28,-0.01532269921836834,-0.01532269921836834,-0.015037178522375006,0.043392814685229056,-0.0002476488489438616,-0.00026934525628647614
2023-09-29,0.006680661372011568,0.006680661372011568,-0.026466466013619003,0.011429287491243997,-0.0002783546235438098,-0.0002840692672894318
2023-10-02,-0.0008529397328118108,-0.0008529397328118108,-0.01532269921836834,0.011143766795250663,3.879188482400117e-05,3.322000142637584e-05
2023-10-03,0.002724956079122577,0.002724956079122577,0.006680661372011568,0.022003360590379908,4.333176596724146e-05,3.233008567205151e-05
2023-10-04,0.003051154703360216,0.003051154703360216,-0.0008529397328118108,0.007533601104823379,-5.7357838844982356e-06,-9.502584436909925e-06
2023-10-05,0.003164516382765301,0.003164516382765301,0.002724956079122577,0.003577895811934388,-3.0341365004838148e-06,-4.823084406451009e-06
2023-10-06,0.002892949039097722,0.002892949039097722,0.003051154703360216,0.0003261986242376388,2.5504709254106694e-05,2.5341609941987874e-05
2023-10-09,0.002802169619109343,0.002802169619109343,0.003164516382765301,0.0001133616794050849,-1.1367043181558748e-05,-1.142372402126129e-05
2023-10-10,0.0021153005275444123,0.0021153005275444123,0.002892949039097722,0.00027156734366757867,2.968337856986931e-05,2.954759489803552e-05
2023-10-11,0.0014452245210050797,0.0014452245210050797,0.002802169619109343,9.077941998837918e-05,3.461329369002798e-05,3.456790398003379e-05
2023-10-12,0.0009681314490724728,0.0009681314490724728,0.0021153005275444123,0.0006868690915649307,-2.2941923626562507e-06,-2.637626908438716e-06
2023-10-13,0.001468640525915273,0.001468640525915273,0.0014452245210050797,0.0006700760065393326,-3.4129802732468846e-05,-3.4464840735738515e-05
2023-10-16,0.005923466752662802,0.005923466752662802,0.0009681314490724728,0.00047709307193260695,1.5879964337202948e-05,1.5641417801236643e-05
2023-10-17,0.0072084334214527375,0.0072084334214527375,0.001468640525915273,0.0005005090768428001,-2.0085363236688424e-05,-2.0335617775109823e-05
2023-10-18,0.005254977378705748,0.005254977378705748,0.005923466752662802,0.004454826226747529,-6.899317790007059e-05,-7.122059101344436e-05
2023-10-19,0.00419047571662093,0.00419047571662093,0.0072084334214527375,0.0012849666687899351,6.067742538099746e-06,5.425259203704779e-06
2023-10-20,-0.005345201380393416,-0.005345201380393416,0.005254977378705748,0.0019534560427469892,-0.00011049164786820099,-0.00011146837588957448
2023-10-23,-0.07485945478340383,-0.07485945478340383,0.00419047571662093,0.0010645016620848182,-0.0001284018775649145,-0.0001289341283959569
2023-10-24,-0.08714033622070155,-0.08714033622070155,-0.005345201380393416,0.009535677097014347,-0.00011685256637686334,-0.00012162040492537051
2023-10-25,-0.32159231639373265,-0.32159231639373265,-0.07485945478340383,0.06951425340301041,0.0038089897156325376,0.0037742325889310326
2023-10-26,-0.5477282109291551,-0.5477282109291551,-0.08714033622070155,0.01228088143729772,0.0008228212187194357,0.0008166807780007869
2023-10-27,-0.3658058712518852,-0.3658058712518852,-0.32159231639373265,0.2344519801730311,-0.029864933422372186,-0.0299821594124587
2023-10-30,-0.23364641906262693,-0.23364641906262693,-0.5477282109291551,0.2261358945354225,-0.002311694298091555,-0.0024247622453592663
2023-10-31,-0.08509413443463594,-0.08509413443463594,-0.3658058712518852,0.18192233967726995,-0.008302134877835278,-0.008393096047673913
2023-11-01,0.08097189843047783,0.08097189843047783,-0.23364641906262693,0.13215945218925826,-0.00505702793581928,-0.005123107661913909
2023-11-02,0.2331156452605636,0.2331156452605636,-0.08509413443463594,0.14855228462799097,-0.0009356017481449193,-0.0010098778904589147
2023-11-03,0.3831962163745881,0.3831962163745881,0.08097189843047783,0.1660660328651138,0.0009450220315620787,0.0008619890151295218
2023-11-06,0.4703183100761348,0.4703183100761348,0.2331156452605636,0.15214374683008577,-0.00039856539721926397,-0.0004746372706343068
2023-11-07,0.6468788733840899,0.6468788733840899,0.3831962163745881,0.1500805711140245,0.008279856462544116,0.008204816176987104
2023-11-08,0.6242647805551966,0.6242647805551966,0.4703183100761348,0.08712209370154667,-0.01031135581960168,-0.010354916866452452
2023-11-09,0.5950341104003493,0.5950341104003493,0.6468788733840899,0.1765605633079551,-0.002047049147356988,-0.0021353294290109657
2023-11-10,0.7300227402668995,0.7300227402668995,0.6242647805551966,0.022614092828893262,0.017505817122330194,0.017494510075915747
2023-11-13,0.6425473719225818,0.6425473719225818,0.5950341104003493,0.02923067015484737,-0.00964671212667567,-0.009661327461753093
2023-11-14,0.7616982479483879,0.7616982479483879,0.7300227402668995,0.13498862986655025,0.022532754913108674,0.0224652605981754
2023-11-15,0.8411321652989254,0.8411321652989254,0.6425473719225818,0.08747536834431768,0.019564976113767698,0.01952123842959554
2023-11-16,0.8940881101992837,0.8940881101992837,0.7616982479483879,0.1191508760258061,0.051392597905731065,0.05133302246771816
2023-11-17,0.9293920734661891,0.9293920734661891,0.8411321652989254,0.07943391735053751,0.008925614488700448,0.00888589753002518
2023-11-20,0.9529280489774594,0.9529280489774594,0.8940881101992837,0.052955944900358265,0.018979650376073798,0.018953172403623618
2023-11-21,0.8671427205657654,0.8671427205657654,0.9293920734661891,0.035303963266905436,-0.02285045758496362,-0.022868109566597072
2023-11-22,0.805120084537706,0.805120084537706,0.9529280489774594,0.02353597551127029,0.0006549663782871772,0.000643198390531542
2023-11-24,0.7869699211999657,0.7869699211999657,0.8671427205657654,0.08578532841169406,0.005758442342601684,0.005715549678395837
2023-11-27,0.7859278950358594,0.7859278950358594,0.805120084537706,0.06202263602805935,0.002197883172350094,0.0021668718543360645
2023-11-28,0.7968384424235335,0.7968384424235335,0.7869699211999657,0.018150163337740333,0.0026779184836854173,0.002668843402016547
2023-11-29,0.864558961615689,0.864558961615689,0.7859278950358594,0.0010420261641063133,0.012616038205309611,0.012615517192227558
2023-11-30,0.8788266083889493,0.8788266083889493,0.7968384424235335,0.010910547387674163,-0.0042554045048668,-0.0042608597785606375
2023-12-01,0.7195495848644631,0.7195495848644631,0.864558961615689,0.06772051919215549,-0.01856768154287852,-0.018601541802474596
2023-12-04,0.5540185999457035,0.5540185999457035,0.8788266083889493,0.014267646773260312,-0.02792799220597417,-0.0279351260293608
2023-12-05,0.41060551163800485,0.41060551163800485,0.7195495848644631,0.15927702352448625,-0.007305986471957817,-0.00738562498372006
2023-12-06,0.29477702330946143,0.29477702330946143,0.5540185999457035,0.16553098491875962,-0.008590424597829095,-0.008673190090288474
2023-12-07,0.2541220188015892,0.2541220188015892,0.41060551163800485,0.1434130883076986,0.008755377566517966,0.008683671022364116
2023-12-08,0.25436512698072167,0.25436512698072167,0.29477702330946143,0.11582848832854342,0.0038464443765445144,0.0037885301323802426
2023-12-11,0.4483483911452617,0.4483483911452617,0.2541220188015892,0.04065500450787224,0.010950401240107599,0.010930073737853662
2023-12-12,0.5237331249573617,0.5237331249573617,0.25436512698072167,0.0002431081791324785,-0.0028554515982920623,-0.0028555731523816287
2023-12-13,0.6335845762923884,0.6335845762923884,0.4483483911452617,0.19398326416454004,0.005395688205707483,0.005298696573625214
2023-12-14,0.7557230508615923,0.7557230508615923,0.5237331249573617,0.07538473381209998,0.007167963419919432,0.007130271053013382
2023-12-15,0.8371487005743949,0.8371487005743949,0.6335845762923884,0.10985145133502672,0.013743039830696167,0.013688114105028654
2023-12-18,0.8253777259735087,0.8253777259735087,0.7557230508615923,0.1221384745692039,-0.0076947298417499406,-0.007755799079034543
2023-12-19,0.8835851506490058,0.8835851506490058,0.8371487005743949,0.08142564971280264,0.017772680113138085,0.017731967288281685
2023-12-20,0.8102912741926918,0.8102912741926918,0.8253777259735087,0.011770974600886275,-0.01592023369715462,-0.015926119184455065
2023-12-21,0.8735275161284612,0.8735275161284612,0.8835851506490058,0.05820742467549711,0.025488033191798154,0.025458929479460407
2023-12-22,0.9156850107523076,0.9156850107523076,0.8102912741926918,0.07329387645631402,0.015834056982318784,0.01579741004409063
2023-12-26,0.943790007168205,0.943790007168205,0.8735275161284612,0.06323624193576949,0.045496235057948906,0.04546461693698102
2023-12-27,0.9625266714454701,0.9625266714454701,0.9156850107523076,0.042157494623846326,0.004714370100883065,0.004693291353571142
2023-12-28,0.9386290491303673,0.9386290491303673,0.943790007168205,0.028104996415897476,-0.0068793754534603145,-0.006893427951668263
2023-12-29,0.9115349644182075,0.9115349644182075,0.9625266714454701,0.018736664277265058,-0.002674279425343367,-0.002683647757482
2024-01-02,0.7786213297652546,0.7786213297652546,0.9386290491303673,0.02389762231510284,-0.045764012156196465,-0.045775960967354014
2024-01-03,0.6631811668862233,0.6631811668862233,0.9115349644182075,0.027094084712159794,-0.014302278575065374,-0.014315825617421453
2024-01-04,0.5771797167631055,0.5771797167631055,0.7786213297652546,0.13291363465295292,-0.0029787646585852845,-0.003045221475911761
2024-01-05,0.5164263134489657,0.5164263134489657,0.6631811668862233,0.11544016287903125,0.00028295514494005626,0.00022523506350054064
2024-01-08,0.5379744859435669,0.5379744859435669,0.5771797167631055,0.08600145012311777,0.019202439286147725,0.019159438561086168
2024-01-09,0.5323472839045476,0.5323472839045476,0.5164263134489657,0.06075340331413981,-0.0042636298843658745,-0.004294006586022944
2024-01-10,0.464471651343334,0.464471651343334,0.5379744859435669,0.02154817249460117,-0.006493754885458226,-0.006504528971705527
2024-01-11,0.42511962867503617,0.42511962867503617,0.5323472839045476,0.005627202039019341,0.001906467677068983,0.0019036540760494732
2024-01-12,0.38123549444814164,0.38123549444814164,0.464471651343334,0.06787563256121354,-0.005069861208229484,-0.005103799024510091
2024-01-16,0.3508694469933322,0.3508694469933322,0.42511962867503617,0.03935202266829785,-0.000541262030019741,-0.0005609380413538899
2024-01-17,0.26218759018921367,0.26218759018921367,0.38123549444814164,0.04388413422689452,-0.008101034255532184,-0.008122976322645631
2024-01-18,0.21829625710009654,0.21829625710009654,0.3508694469933322,0.03036604745480942,0.00517997658501441,0.005164793561287006
2024-01-19,0.26296852429505746,0.26296852429505746,0.26218759018921367,0.08868185680411855,0.007909378252643902,0.007865037324241844
2024-01-22,0.2964466183053992,0.2964466183053992,0.21829625710009654,0.043891333089117135,0.00031736453877659625,0.00029541887223203766
2024-01-23,0.33344804226116315,0.33344804226116315,0.26296852429505746,0.044672267194960924,0.0036538280765212156,0.0036314919429237353
2024-01-24,0.3424437526848656,0.3424437526848656,0.2964466183053992,0.03347809401034174,0.0012127108288889608,0.00119597178188379
2024-01-25,0.39739836538884893,0.39739836538884893,0.33344804226116315,0.037001423955763946,0.0031246267370113813,0.0031061260250334994
2024-01-26,0.28657058084528547,0.28657058084528547,0.3424437526848656,0.008995710423702452,-0.04077535743783369,-0.04077985529304554
2024-01-29,0.20481907133567145,0.20481907133567145,0.39739836538884893,0.05495461270398333,0.0017298293738932482,0.0017023520675412565
2024-01-30,0.1096398799893214,0.1096398799893214,0.28657058084528547,0.11082778454356346,-0.00601381897510855,-0.0060692328673803315
2024-01-31,0.046851639057279175,0.046851639057279175,0.20481907133567145,0.08175150950961402,0.0007635430480876232,0.0007226672933328161
2024-02-01,0.015337759794697623,0.015337759794697623,0.1096398799893214,0.09517919134635006,0.0007126056244709724,0.0006650160287977973
2024-02-02,-0.0321747130013595,-0.0321747130013595,0.046851639057279175,0.06278824093204222,-0.0008212026006461042,-0.0008525967211121253
2024-02-05,-0.0578447866139983,-0.0578447866139983,0.015337759794697623,0.03151387926258155,6.12062986351255e-05,4.544935900383472e-05
2024-02-06,-0.07128279137336026,-0.07128279137336026,-0.0321747130013595,0.04751247279605712,-7.167951746961821e-05,-9.543575386764677e-05
2024-02-07,-0.08909187679776125,-0.08909187679776125,-0.0578447866139983,0.025670073612638795,-5.4133772282105296e-05,-6.696880908842469e-05
2024-02-08,-0.11135054956370441,-0.11135054956370441,-0.07128279137336026,0.013438004759361959,0.00046655032900500356,0.00045983132662532256
2024-02-09,-0.07495529027580147,-0.07495529027580147,-0.08909187679776125,0.01780908542440099,-0.0016979895213836552,-0.0017068940640958558
2024-02-12,-0.05181892251907745,-0.05181892251907745,-0.11135054956370441,0.022258672765943163,-0.0018511169388439692,-0.0018622462752269408
2024-02-13,-0.04388868286230835,-0.04388868286230835,-0.07495529027580147,0.03639525928790294,0.0014810550573994203,0.0014628574277554688
2024-02-14,-0.03708546047586732,-0.03708546047586732,-0.05181892251907745,0.02313636775672402,-0.0012366382246800538,-0.0012482064085584158
2024-02-15,-0.03405148702175374,-0.03405148702175374,-0.04388868286230835,0.007930239656769103,0.00013904428477528563,0.00013507916494690108
2024-02-16,-0.03603279577419819,-0.03603279577419819,-0.03708546047586732,0.00680322238644103,0.0004546218314069428,0.00045122022021372226
2024-02-20,-0.031292548103816535,-0.031292548103816535,-0.03405148702175374,0.0030339734541135754,-0.0007904385335547985,-0.0007919555202818553
2024-02-21,-0.055672874485238485,-0.055672874485238485,-0.03603279577419819,0.001981308752444448,0.0008498311190960238,0.0008488404647198016
2024-02-22,-0.09418749660184947,-0.09418749660184947,-0.031292548103816535,0.004740247670381656,0.00035273262466567435,0.00035036250083048353
2024-02-23,-0.11813814517861057,-0.11813814517861057,-0.055672874485238485,0.02438032638142195,-1.2951318329704715e-05,-2.5141481520415692e-05
2024-02-26,-0.12563774534350944,-0.12563774534350944,-0.09418749660184947,0.03851462211661098,-0.0,-1.9257311058305492e-05
2024-02-27,-0.13459017879831603,-0.13459017879831603,-0.11813814517861057,0.023950648576761102,0.0007144917162900854,0.0007025163920017049
2024-02-28,-0.20081690844586195,-0.20081690844586195,-0.12563774534350944,0.0074996001648988675,0.0021757891611992675,0.002172039361116818
2024-02-29,-0.1695872194237307,-0.1695872194237307,-0.13459017879831603,0.008952433454806591,-0.0033975955794344,-0.003402071796161803
2024-03-01,-0.13611586946306753,-0.13611586946306753,-0.20081690844586195,0.06622672964754592,-0.00359184565189519,-0.003624959016718963
2024-03-04,-0.09117087312827232,-0.09117087312827232,-0.1695872194237307,0.031229689022131246,-0.00692746191203443,-0.006943076756545496
2024-03-05,-0.20801711031861286,-0.20801711031861286,-0.13611586946306753,0.03347134996066317,0.007311633193617954,0.007294897518637622
2024-03-06,-0.19713424723480782,-0.19713424723480782,-0.09117087312827232,0.044944996334795206,-0.002851722003891651,-0.0028741945020590485
2024-03-07,-0.12971654072765082,-0.12971654072765082,-0.20801711031861286,0.11684623719034054,-0.007664545333652567,-0.007722968452247738
2024-03-08,-0.19115811685863504,-0.19115811685863504,-0.19713424723480782,0.010882863083805039,0.009183948058164446,0.009178506626622543
2024-03-11,-0.18330981415171083,-0.18330981415171083,-0.12971654072765082,0.067417706507157,-0.0025353746079180024,-0.0025690834611715807
2024-03-12,-0.15956843032862858,-0.15956843032862858,-0.19115811685863504,0.06144157613098422,-0.0016192559211746992,-0.0016499767092401914
2024-03-13,-0.27934795324308204,-0.27934795324308204,-0.18330981415171083,0.007848302706924215,0.008144402644609805,0.008140478493256343
2024-03-14,-0.40867734033945113,-0.40867734033945113,-0.15956843032862858,0.023741383823082246,0.0017717502998150353,0.0017598796079034943
2024-03-15,-0.5071266651264585,-0.5071266651264585,-0.27934795324308204,0.11977952291445346,0.000718811324136759,0.0006589215626795322
2024-03-18,-0.5563037432848503,-0.5563037432848503,-0.40867734033945113,0.1293293870963691,-0.0006709187639225668,-0.0007355834574707513
2024-03-19,-0.6903254449800518,-0.6903254449800518,-0.5071266651264585,0.09844932478700741,0.007836659893824966,0.007787435231431463
2024-03-20,-0.7434573155069146,-0.7434573155069146,-0.5563037432848503,0.049177078158391785,-0.0019845047506385723,-0.0020090932897177684
2024-03-21,-0.7172366714899427,-0.7172366714899427,-0.6903254449800518,0.13402170169520145,-0.003598833158436535,-0.0036658440092841357
2024-03-22,-0.6386298056483308,-0.6386298056483308,-0.7434573155069146,0.05313187052686286,-0.002628937949390871,-0.0026555038846543025
2024-03-25,-0.7590865370988873,-0.7590865370988873,-0.7172366714899427,0.026220644016971884,0.012467822911138023,0.012454712589129537
2024-03-26,-0.7625158183556897,-0.7625158183556897,-0.6386298056483308,0.07860686584161192,-0.002442760037907409,-0.002482063470828215
2024-03-27,-0.5284312597409364,-0.5284312597409364,-0.7590865370988873,0.12045673145055646,-0.032178452789191854,-0.03223868115491713
2024-03-28,-0.3644806013991917,-0.3644806013991917,-0.7625158183556897,0.003429281256802419,-0.006968312751465756,-0.006970027392094157
2024-04-01,-0.25052389987013557,-0.25052389987013557,-0.5284312597409364,0.2340845586147533,-0.004187288555886639,-0.004304330835194016
2024-04-02,-0.18700769986200028,-0.18700769986200028,-0.3644806013991917,0.16395065834174471,0.004748402319181618,0.004666426990010746
2024-04-03,-0.4580051332413335,-0.4580051332413335,-0.25052389987013557,0.11395670152905613,0.020582405785327346,0.02052542743456282
2024-04-04,-0.6386700888275557,-0.6386700888275557,-0.18700769986200028,0.06351620000813529,0.0027821685014228553,0.0027504104014187875
2024-04-05,-0.7591133925517038,-0.7591133925517038,-0.4580051332413335,0.27099743337933324,0.011758521412519695,0.011623022695830027
2024-04-08,-0.8394089283678026,-0.8394089283678026,-0.6386700888275557,0.1806649555862222,0.012044116766714295,0.011953784288921184
2024-04-09,-0.8419233603583554,-0.8419233603583554,-0.7591133925517038,0.12044330372414813,-0.0069955755074610155,-0.007055797159323089
2024-04-10,-0.894615573572237,-0.894615573572237,-0.8394089283678026,0.08029553581609872,0.02474657547299188,0.02470642770508383
2024-04-11,-0.8621706828693563,-0.8621706828693563,-0.8419233603583554,0.00251443199055279,-0.00973197605846582,-0.009733233274461097
2024-04-12,-0.9081137885795709,-0.9081137885795709,-0.894615573572237,0.05269221321388162,0.04612162077554431,0.04609527466893737
2024-04-15,-0.8572181498756875,-0.8572181498756875,-0.8621706828693563,0.0324448907028807,-0.014977521998979787,-0.014993744444331226
2024-04-16,-0.8311708780968342,-0.8311708780968342,-0.9081137885795709,0.04594310571021465,0.0012506080218843837,0.0012276364690292764
2024-04-17,-0.8874472520645562,-0.8874472520645562,-0.8572181498756875,0.05089563870388347,0.013711626032730868,0.013686178213378926
2024-04-18,-0.9249648347097041,-0.9249648347097041,-0.8311708780968342,0.026047271778853243,0.014908878568394273,0.014895854932504846
2024-04-19,-0.9499765564731362,-0.9499765564731362,-0.8874472520645562,0.056276373967722004,0.02127434821308286,0.021246210026099
2024-04-22,-0.9139307707713933,-0.9139307707713933,-0.9249648347097041,0.03751758264514793,-0.005679510696353833,-0.005698269487676407
2024-04-23,-0.9253123397778567,-0.9253123397778567,-0.9499765564731362,0.025011721763432027,0.0035889938070732476,0.0035764879461915315
2024-04-24,-0.8887225437716754,-0.8887225437716754,-0.9139307707713933,0.03604578570174288,-0.005865334717322852,-0.005883357610173724
2024-04-25,-0.7799860916641161,-0.7799860916641161,-0.9253123397778567,0.011381569006463366,-0.016360591007804112,-0.016366281792307345
2024-04-26,-0.8533240611094108,-0.8533240611094108,-0.8887225437716754,0.036589796006181285,0.08175938896400776,0.08174109406600467
2024-04-29,-0.9022160407396074,-0.9022160407396074,-0.7799860916641161,0.10873645210755922,0.01272251661044901,0.012668148384395232
2024-04-30,-0.9348106938264049,-0.9348106938264049,-0.8533240611094108,0.07333796944529469,0.024217411737537126,0.02418074275281448
2024-05-01,-0.9565404625509366,-0.9565404625509366,-0.9022160407396074,0.048891979630196536,0.002960966166510131,0.0029365201766950325
2024-05-02,-0.9543550004553698,-0.9543550004553698,-0.9348106938264049,0.03259465308679754,-0.004309267470161384,-0.0043255647967047825
2024-05-03,-0.9123930735987484,-0.9123930735987484,-0.9565404625509366,0.021729768724531695,-0.012227196601147579,-0.012238061485509844
2024-05-06,-0.8660547023386326,-0.8660547023386326,-0.9543550004553698,0.0021854620955668036,-0.006047049014767312,-0.006048141745815095
2024-05-07,-0.863111374342222,-0.863111374342222,-0.9123930735987484,0.04196192685662137,0.00854355272586219,0.008522571762433878
2024-05-08,-0.9087409162281481,-0.9087409162281481,-0.8660547023386326,0.04633837126011586,0.01919544888641059,0.019172279700780535
2024-05-09,-0.9281289658020412,-0.9281289658020412,-0.863111374342222,0.0029433279964106163,-0.0025893076710906803,-0.0025907793350888855
2024-05-10,-0.9520859772013608,-0.9520859772013608,-0.9087409162281481,0.04562954188592616,0.007248128280410335,0.007225313509467372
2024-05-13,-0.8055859780416443,-0.8055859780416443,-0.9281289658020412,0.019388049573893062,-0.020521393365764026,-0.020531087390550973
2024-05-14,-0.611902465331596,-0.611902465331596,-0.9520859772013608,0.023957011399319605,-0.016851087193527473,-0.01686306569922713
2024-05-15,-0.4668878530433307,-0.4668878530433307,-0.8055859780416443,0.14649999915971645,-0.0057078914071593085,-0.005781141406739167
2024-05-16,-0.3510845167964508,-0.3510845167964508,-0.611902465331596,0.19368351271004836,-0.01487190606638769,-0.014968747822742713
2024-05-17,-0.2828330065562326,-0.2828330065562326,-0.4668878530433307,0.1450146122882653,0.0029152987468935884,0.002842791440749456
2024-05-20,-0.22789178368794813,-0.22789178368794813,-0.3510845167964508,0.11580333624687988,-0.002978087510620772,-0.003035989178744212
2024-05-21,-0.20687563011617227,-0.20687563011617227,-0.2828330065562326,0.0682515102402182,0.003171960469393419,0.0031378347142733097
2024-05-22,-0.18676602744329365,-0.18676602744329365,-0.22789178368794813,0.054941222868284484,0.002297577644715755,0.0022701070332816126
2024-05-23,-0.40872374076797624,-0.40872374076797624,-0.20687563011617227,0.02101615357177586,0.008822838984970072,0.008812330908184184
2024-05-24,-0.4654486512256125,-0.4654486512256125,-0.18676602744329365,0.020109602672878618,-0.003973743236187657,-0.003983798037524097
2024-05-28,-0.4618953663251083,-0.4618953663251083,-0.40872374076797624,0.2219577133246826,-0.004523654438157459,-0.0046346332948198005
2024-05-29,-0.5896800595329511,-0.5896800595329511,-0.4654486512256125,0.05672491045763628,0.01393650639122303,0.01390814393599421
2024-05-30,-0.6666598605941436,-0.6666598605941436,-0.4618953663251083,0.0035532849005042166,-0.0009198347956722453,-0.0009216114381224974
2024-05-31,-0.633213443777339,-0.633213443777339,-0.5896800595329511,0.1277846932078428,-0.012891321907161087,-0.012955214253765009
2024-06-03,-0.6810928260668975,-0.6810928260668975,-0.6666598605941436,0.07697980106119251,0.012101462145791195,0.0120629722452606
2024-06-04,-0.7542730451223767,-0.7542730451223767,-0.633213443777339,0.0334464168168046,0.005435284247944519,0.005418561039536117
2024-06-05,-0.7127823440232955,-0.7127823440232955,-0.6810928260668975,0.04787938228955846,-0.01701029564158116,-0.017034235332725942
2024-06-06,-0.7228590888590131,-0.7228590888590131,-0.7542730451223767,0.07318021905547922,0.008821910811448992,0.008785320701921253
2024-06-07,-0.6643949825404232,-0.6643949825404232,-0.7127823440232955,0.04149070109908115,-0.007498012450131912,-0.007518757800681453
2024-06-10,-0.5956957426097764,-0.5956957426097764,-0.7228590888590131,0.010076744835717522,-0.003997588571414528,-0.004002626943832387
2024-06-11,-0.5448576351657259,-0.5448576351657259,-0.6643949825404232,0.05846410631858989,-0.00021495197678856936,-0.00024418402994786433
2024-06-12,-0.48788565898637437,-0.48788565898637437,-0.5956957426097764,0.06869923993064675,0.003082502685751356,0.0030481530657860325
2024-06-13,-0.5019409404004618,-0.5019409404004618,-0.5448576351657259,0.050838107444050484,0.005313958561401566,0.005288539507679541
2024-06-14,-0.4844133487179017,-0.4844133487179017,-0.48788565898637437,0.05697197617935157,0.00016014702730737096,0.00013166103921769518
2024-06-17,-0.39540910513076255,-0.39540910513076255,-0.5019409404004618,0.014055281414087406,-0.00873654132640067,-0.008743568967107715
2024-06-18,-0.3816873562146893,-0.3816873562146893,-0.4844133487179017,0.017527591682560073,0.005472711349862559,0.005463947554021279
2024-06-20,-0.31950292731468943,-0.31950292731468943,-0.39540910513076255,0.08900424358713915,0.00012907151279746418,8.456939100389461e-05
2024-06-21,-0.24274816317311426,-0.24274816317311426,-0.3816873562146893,0.013721748916073251,-0.005858663542021318,-0.005865524416479354
2024-06-24,-0.2689520543375941,-0.2689520543375941,-0.31950292731468943,0.062184428899999866,0.005343885433564993,0.005312793219114993
2024-06-25,-0.2632185905765517,-0.2632185905765517,-0.24274816317311426,0.07675476414157517,-0.0013499224571694017,-0.0013882998392401892
2024-06-26,-0.2875298152674499,-0.2875298152674499,-0.2689520543375941,0.026203891164479853,0.001749840353228399,0.001736738407646159
2024-06-27,-0.2666262614489963,-0.2666262614489963,-0.2632185905765517,0.00573346376104239,-0.0004309381504017907,-0.0004338048822823119
2024-06-28,-0.23052172588209635,-0.23052172588209635,-0.2875298152674499,0.024311224690898192,-0.0035717885257630366,-0.0035839441381084855
2024-07-01,-0.2110849039451564,-0.2110849039451564,-0.2666262614489963,0.020903553818453602,0.0011191799915013989,0.0011087282145921722
2024-07-02,-0.16579298580987334,-0.16579298580987334,-0.23052172588209635,0.036104535566899965,-0.0017191941085111582,-0.0017372463762946081
2024-07-03,-0.12321634610349451,-0.12321634610349451,-0.2110849039451564,0.019436821936939963,-0.001087012054353436,-0.001096730465321906
2024-07-05,-0.09155817679970996,-0.09155817679970996,-0.16579298580987334,0.04529191813528305,-0.004193934428547796,-0.004216580387615437
2024-07-08,-0.04474673059684696,-0.04474673059684696,-0.12321634610349451,0.04257663970637883,-0.007580770428248663,-0.007602058748101852
2024-07-09,0.03964794514769994,0.03964794514769994,-0.09155817679970996,0.03165816930378455,-0.0016162085715365918,-0.001632037656188484
2024-07-10,0.12434866574088582,0.12434866574088582,-0.04474673059684696,0.046811446202863,-0.0003622137977116261,-0.0003856195208130576
2024-07-11,0.11739203314959941,0.11739203314959941,0.03964794514769994,0.0843946757445469,-0.0015577178800634049,-0.0015999152179356783
2024-07-12,0.22241991739218683,0.22241991739218683,0.12434866574088582,0.08470072059318588,0.0036747866418242073,0.0036324362815276143
2024-07-15,0.36213284658149403,0.36213284658149403,0.11739203314959941,0.006956632591286413,-0.00010212599938707475,-0.00010560431568271796
2024-07-16,0.4342821289016372,0.4342821289016372,0.22241991739218683,0.10502788424258742,-0.0007745081430998204,-0.0008270220852211142
2024-07-17,0.5051508163316156,0.5051508163316156,0.36213284658149403,0.1397129291893072,0.0012654213751212406,0.001195564910526587
2024-07-18,0.6430997247068899,0.6430997247068899,0.4342821289016372,0.07214928232014317,0.005167047689315457,0.0051309730481553855
2024-07-19,0.48410560418545706,0.48410560418545706,0.5051508163316156,0.07086868742997843,-0.02737984004272965,-0.027415274386444637
2024-07-22,0.39594461496519545,0.39594461496519545,0.6430997247068899,0.1379489083752743,0.007604900893785615,0.007535926439597978
2024-07-23,0.30764574163286,0.30764574163286,0.48410560418545706,0.15899412052143286,-0.006093003181154593,-0.006172500241415309
2024-07-24,0.15887861157850924,0.15887861157850924,0.39594461496519545,0.08816098922026161,-0.015020685858881288,-0.015064766353491419
2024-07-25,0.007080689961421582,0.007080689961421582,0.30764574163286,0.08829887333233544,-0.005822950494286098,-0.0058670999309522655
2024-07-26,-0.061237576487524426,-0.061237576487524426,0.15887861157850924,0.14876713005435077,0.0012771614956768272,0.0012027779306496519
2024-07-29,-0.1605427771499154,-0.1605427771499154,0.007080689961421582,0.15179792161708766,-0.00011744676045769679,-0.00019334572126624062
2024-07-30,-0.35466978536763005,-0.35466978536763005,-0.061237576487524426,0.06831826644894601,0.0013904119698137283,0.0013562528365892552
2024-07-31,-0.3760389736807067,-0.3760389736807067,-0.1605427771499154,0.09930520066239099,-0.0032502885592635747,-0.0032999411595947704
2024-08-01,-0.5840259824538045,-0.5840259824538045,-0.35466978536763005,0.19412700821771464,0.01949877481041887,0.019401711306310014
2024-08-02,-0.7226839883025364,-0.7226839883025364,-0.3760389736807067,0.02136918831307666,0.09799017070732373,0.09797948611316719
2024-08-05,-0.8151226588683577,-0.8151226588683577,-0.5840259824538045,0.20798700877309784,0.03724933736582343,0.03714534386143688
2024-08-06,-0.8767484392455718,-0.8767484392455718,-0.7226839883025364,0.1386580058487319,0.010062215200924776,0.00999288619800041
2024-08-07,-0.9178322928303813,-0.9178322928303813,-0.8151226588683577,0.09243867056582122,0.02957690067116268,0.02953068133587977
2024-08-08,-0.8387890804984021,-0.8387890804984021,-0.8767484392455718,0.06162578037721411,-0.06925343205472409,-0.0692842449449127
2024-08-09,-0.8368604781674801,-0.8368604781674801,-0.9178322928303813,0.04108385358480948,0.03493947421328111,0.03491893228648871
2024-08-12,-0.8615181555442508,-0.8615181555442508,-0.8387890804984021,0.0790432123319792,0.014894719021836544,0.014855197415670554
2024-08-13,-0.8033571716442964,-0.8033571716442964,-0.8368604781674801,0.001928602330921958,-0.04798109587164138,-0.04798206017280684
2024-08-14,-0.7991782866253294,-0.7991782866253294,-0.8615181555442508,0.024657677376770715,0.023147745195771553,0.023135416357083168
2024-08-15,-0.748726839440994,-0.748726839440994,-0.8033571716442964,0.05816098389995439,-0.031053483310474105,-0.031082563802424083
2024-08-16,-0.6296879287293778,-0.6296879287293778,-0.7991782866253294,0.004178885018967016,-0.006952746823066627,-0.00695483626557611
2024-08-19,-0.4997760857266803,-0.4997760857266803,-0.748726839440994,0.05045144718433536,-0.023319220912781744,-0.023344446636373913
2024-08-20,-0.44184437951472655,-0.44184437951472655,-0.6296879287293778,0.11903891071161621,0.01550813324813649,0.015448613792780683
2024-08-21,-0.372352026970316,-0.372352026970316,-0.4997760857266803,0.12991184300269754,-0.010000285680037102,-0.010065241601538452
2024-08-22,-0.40680293218036767,-0.40680293218036767,-0.44184437951472655,0.05793170621195376,0.02703483910878677,0.027005873255680792
2024-08-23,-0.38429915611457427,-0.38429915611457427,-0.372352026970316,0.06949235254441055,-0.008150999383831611,-0.008185745560103817
2024-08-26,-0.40424362490239035,-0.40424362490239035,-0.40680293218036767,0.034450905210051674,0.008120248714773909,0.008103023262168883
2024-08-27,-0.39773299354296077,-0.39773299354296077,-0.38429915611457427,0.0225037760657934,0.0011454418822789676,0.001134189994246071
2024-08-28,-0.4520634384027795,-0.4520634384027795,-0.40424362490239035,0.019944468787816083,0.009265156959965559,0.009255184725571651
2024-08-29,-0.41131977506556855,-0.41131977506556855,-0.39773299354296077,0.006510631359429586,-0.01054668912072342,-0.010549944436403136
2024-08-30,-0.33495656823585174,-0.33495656823585174,-0.4520634384027795,0.05433044485981875,-0.042893293423247304,-0.042920458645677215
2024-09-03,-0.41645747997648913,-0.41645747997648913,-0.41131977506556855,0.04074366333721097,0.036205106631075165,0.03618473479940656
2024-09-04,-0.5448138493888113,-0.5448138493888113,-0.33495656823585174,0.07636320682971681,0.011165220000695806,0.011127038397280948
2024-09-05,-0.6331975605787659,-0.6331975605787659,-0.41645747997648913,0.0815009117406374,0.0006430267710610467,0.000602276315190728
2024-09-06,-0.7554650403858439,-0.7554650403858439,-0.5448138493888113,0.12835636941232215,0.014322432646900142,0.01425825446219398
2024-09-09,-0.804140877876738,-0.804140877876738,-0.6331975605787659,0.08838371118995458,-0.006033655787368393,-0.006077847642963371
2024-09-10,-0.8523889464776742,-0.8523889464776742,-0.7554650403858439,0.12226747980707808,0.0035653890926907665,0.0035042553527872273
2024-09-11,-0.7908040666889855,-0.7908040666889855,-0.804140877876738,0.0486758374908941,-0.02796274338760886,-0.027987081306354307
2024-09-12,-0.7844993550483826,-0.7844993550483826,-0.8523889464776742,0.04824806860093611,0.01215213197133254,0.012128007937032073
2024-09-13,-0.7409456500816283,-0.7409456500816283,-0.7908040666889855,0.06158487978868865,-0.012254163697919708,-0.012284956137814053
2024-09-16,-0.5878416539688931,-0.5878416539688931,-0.7844993550483826,0.006304711640602867,-0.04987915571828255,-0.049882308074102856
2024-09-17,-0.4154768590281236,-0.4154768590281236,-0.7409456500816283,0.04355370496675437,-0.019843575866376542,-0.01986535271885992
2024-09-18,-0.31950187617864745,-0.31950187617864745,-0.5878416539688931,0.15310399611273517,0.019165742813549637,0.01908919081549327
2024-09-19,-0.24344292013176078,-0.24344292013176078,-0.4154768590281236,0.1723647949407695,-0.007401347649262149,-0.007487530046732534
2024-09-20,-0.17389205559637952,-0.17389205559637952,-0.31950187617864745,0.09597498284947614,-0.010579544160022764,-0.010627531651447503
2024-09-23,-0.12283999621216417,-0.12283999621216417,-0.24344292013176078,0.07605895604688667,-0.008025583063703016,-0.00806361254172646
2024-09-24,-0.08645190435624334,-0.08645190435624334,-0.17389205559637952,0.06955086453538126,-0.0019269953425629911,-0.0019617707748306817
2024-09-25,-0.05999682098694558,-0.05999682098694558,-0.12283999621216417,0.05105205938421535,-0.00393131860593781,-0.003956844635629918
2024-09-26,-0.040740061332449444,-0.040740061332449444,-0.08645190435624334,0.03638809185592083,-0.0013955671123350494,-0.0014137611582630098
2024-09-27,-0.028210438295477643,-0.028210438295477643,-0.05999682098694558,0.026455083369297756,2.50828570291956e-05,1.185531534454672e-05
2024-09-30,-0.019498525826512444,-0.019498525826512444,-0.040740061332449444,0.019256759654496136,0.0007667527728481621,0.0007571243930209141
2024-10-01,-0.01749541069652508,-0.01749541069652508,-0.028210438295477643,0.0125296230369718,0.0009259163444924312,0.0009196515329739452
2024-10-02,-0.014350767143038783,-0.014350767143038783,-0.019498525826512444,0.008711912468965199,0.00025780431575862925,0.00025344835952414665
2024-10-03,-0.01268812219685432,-0.01268812219685432,-0.01749541069652508,0.0020031151299873644,0.00010158056140308813,0.00010057900383809445
2024-10-04,-0.009637000275595047,-0.009637000275595047,-0.014350767143038783,0.0031446435534862975,-0.000212747170423729,-0.00021431949220047214
2024-10-07,-0.0069003861047270115,-0.0069003861047270115,-0.01268812219685432,0.001662644946184462,0.00011795122743210299,0.00011711990495901075
2024-10-08,-0.00573335086973517,-0.00573335086973517,-0.009637000275595047,0.003051121921259274,-0.0004047714810308539,-0.0004062970419914835
2024-10-09,-0.004173518929806854,-0.004173518929806854,-0.0069003861047270115,0.002736614170868035,-4.142580856099866e-05,-4.279411564643268e-05
2024-10-10,-0.0030976464431639456,-0.0030976464431639456,-0.00573335086973517,0.0011670352349918414,5.865315218137849e-05,5.806963456388257e-05
2024-10-11,-0.0022901852339664254,-0.0022901852339664254,-0.004173518929806854,0.001559831939928316,-6.111098686151467e-05,-6.189090283147883e-05
2024-10-14,-0.0017008788726619011,-0.0017008788726619011,-0.0030976464431639456,0.0010758724866429085,1.577734605103247e-05,1.5239409807711015e-05
2024-10-15,-0.0015186855948553458,-0.0015186855948553458,-0.0022901852339664254,0.0008074612091975202,7.620930095303149e-05,7.580557034843273e-05
2024-10-16,-0.0014697751241483264,-0.0014697751241483264,-0.0017008788726619011,0.0005893063613045242,2.627132649047443e-05,2.5976673309822166e-05
2024-10-17,-0.0013375756138383878,-0.0013375756138383878,-0.0015186855948553458,0.0001821932778065553,-8.849428695137694e-06,-8.940525334040972e-06
2024-10-18,-0.0011250293822018117,-0.0011250293822018117,-0.0014697751241483264,4.891047070701947e-05,-2.1614334549496697e-05,-2.1638789784850206e-05
2024-10-21,-0.0008974871724621129,-0.0008974871724621129,-0.0013375756138383878,0.00013219951030993857,-4.111984316674949e-06,-4.178084071829918e-06
2024-10-22,-0.0006040412261965523,-0.0006040412261965523,-0.0011250293822018117,0.0002125462316365761,2.1673096571464832e-05,2.1566823455646545e-05
2024-10-23,-0.0004188514475016515,-0.0004188514475016515,-0.0008974871724621129,0.00022754220973969876,1.6827887827064914e-05,1.6714116722195063e-05
2024-10-24,-0.0002961546584137682,-0.0002961546584137682,-0.0006040412261965523,0.0002934459462655606,-9.893321867018639e-06,-1.0040044840151419e-05
2024-10-25,0.0002829089155118755,0.0002829089155118755,-0.0004188514475016515,0.00018518977869490082,-6.374644363900068e-06,-6.467239253247519e-06
2024-10-28,0.030192984348854514,0.030192984348854514,-0.0002961546584137682,0.0001226967890878833,-3.1339086983461245e-06,-3.1952570928900664e-06
2024-10-29,0.0309911625455498,0.0309911625455498,0.0002829089155118755,0.0005790635739256437,-2.4687206792437173e-07,-5.364038548871936e-07
2024-10-30,0.02567041877175972,0.02567041877175972,0.030192984348854514,0.029910075433342637,-0.0007910830754932947,-0.0008060381132099661
2024-10-31,0.019522549617413443,0.019522549617413443,0.0309911625455498,0.0007981781966952851,-0.0010839941606072534,-0.0010843932497056012
2024-11-01,0.16951313299131426,0.16951313299131426,0.02567041877175972,0.00532074377379008,0.002004010708791035,0.00200135033690414
2024-11-04,0.19455008404201296,0.19455008404201296,0.019522549617413443,0.006147869154346276,-0.0005722128991847713,-0.0005752868337619445
2024-11-05,0.31776931954741194,0.31776931954741194,0.16951313299131426,0.1499905833739008,0.00602177505809255,0.0059467797664056
2024-11-06,0.5451795463649414,0.5451795463649414,0.19455008404201296,0.025036951050698697,0.014432742741820135,0.014420224266294785
2024-11-07,0.6967863642432943,0.6967863642432943,0.31776931954741194,0.12321923550539898,0.014968778661146457,0.014907169043393759
2024-11-08,0.7926974516690347,0.7926974516690347,0.5451795463649414,0.22741022681752943,-0.0006235120539074806,-0.0007372171673162454
2024-11-11,0.7142316454372024,0.7142316454372024,0.6967863642432943,0.15160681787835295,-0.03058417399837906,-0.030659977407318236
2024-11-12,0.5915592433985926,0.5915592433985926,0.7926974516690347,0.0959110874257404,-0.02816368341910168,-0.028211638962814548
2024-11-13,0.5700683002693139,0.5700683002693139,0.7142316454372024,0.0784658062318323,0.02246755866867557,0.022428325765559653
2024-11-14,0.5602213076949011,0.5602213076949011,0.5915592433985926,0.12267240203860985,0.00261123104469233,0.002549894843673025
2024-11-15,0.4891899111405584,0.4891899111405584,0.5700683002693139,0.021490943129278683,-0.015487279565317648,-0.015498025036882287
2024-11-18,0.4766198238998577,0.4766198238998577,0.5602213076949011,0.009846992574412794,0.01127344181706548,0.011268518320778274
2024-11-19,0.41905407884897905,0.41905407884897905,0.4891899111405584,0.07103139655434271,-0.0126039147596186,-0.012639430457895772
2024-11-20,0.3422768774879509,0.3422768774879509,0.4766198238998577,0.01257008724070069,-0.003742066868944196,-0.0037483519125645465
2024-11-21,0.29599171374985533,0.29599171374985533,0.41905407884897905,0.057565745050878636,0.007504930448666142,0.007476147576140703
2024-11-22,0.2700231821269911,0.2700231821269911,0.3422768774879509,0.07677720136102817,0.0008402794355542127,0.0008018908348736986
2024-11-25,0.27051795402884704,0.27051795402884704,0.29599171374985533,0.04628516373809555,0.004470089081370526,0.004446946499501478
2024-11-26,0.2297562137711641,0.2297562137711641,0.2700231821269911,0.02596853162286422,-0.008903073361326421,-0.008916057627137854
2024-11-27,0.17831635364566112,0.17831635364566112,0.27051795402884704,0.0004947719018559282,-0.004499254962569137,-0.004499502348520064
2024-11-29,0.16172759933585446,0.16172759933585446,0.2297562137711641,0.04076174025768295,0.0038859365473908184,0.003865555677261977
2024-12-02,0.13781876836125634,0.13781876836125634,0.17831635364566112,0.05143986012550297,-0.0008897202766681058,-0.0009154402067308574
2024-12-03,0.09624134217118707,0.09624134217118707,0.16172759933585446,0.016588754309806664,-0.009867214894441645,-0.009875509271596548
2024-12-04,0.04711547473827978,0.04711547473827978,0.13781876836125634,0.023908830974598116,-0.0031280643327247404,-0.0031400187482120393
2024-12-05,-0.05447435397405082,-0.05447435397405082,0.09624134217118707,0.04157742619006927,-0.005083786288144765,-0.005104575001239799
2024-12-06,-0.1277672283633861,-0.1277672283633861,0.04711547473827978,0.04912586743290729,0.00027182195754121505,0.0002472590238247614
2024-12-09,-0.40131649959604543,-0.40131649959604543,-0.05447435397405082,0.1015898287123306,0.0002864346158603942,0.00023563970150422892
2024-12-10,-0.6008776663973636,-0.6008776663973636,-0.1277672283633861,0.0732928743893353,0.003990804989341236,0.003954158552146568
2024-12-11,-0.7339184442649092,-0.7339184442649092,-0.40131649959604543,0.2735492712326593,0.0007962431582882255,0.0006594685226718959
2024-12-12,-0.664308768729231,-0.664308768729231,-0.6008776663973636,0.1995611668013182,-0.01971069341917153,-0.019810474002572187
2024-12-13,-0.7055705663997784,-0.7055705663997784,-0.7339184442649092,0.13304077786754553,0.015540158650660017,0.015473638261726244
2024-12-16,-0.6413757613485495,-0.6413757613485495,-0.664308768729231,0.0696096755356782,-0.016003497649320162,-0.016038302487088003
2024-12-17,-0.6560905639709247,-0.6560905639709247,-0.7055705663997784,0.041261797670547495,0.013210374040215451,0.013189743141380177
2024-12-18,-0.7707270426472832,-0.7707270426472832,-0.6413757613485495,0.06419480505122899,0.035771486335410725,0.03573938893288511
2024-12-19,-0.8471513617648556,-0.8471513617648556,-0.6560905639709247,0.014714802622375234,0.008158631679292823,0.008151274277981636
2024-12-20,-0.7787596898764568,-0.7787596898764568,-0.7707270426472832,0.11463647867635851,-0.01860100807844955,-0.01865832631778773
2024-12-23,-0.6462799257091119,-0.6462799257091119,-0.8471513617648556,0.07642431911757241,-0.02951143294164545,-0.029549645101204235
2024-12-24,-0.5321270415082074,-0.5321270415082074,-0.7787596898764568,0.06839167188839879,-0.007710447567967794,-0.007744643403911993
2024-12-26,-0.4537545718674772,-0.4537545718674772,-0.6462799257091119,0.13247976416734497,-0.0012672445685648257,-0.0013334844506484981
2024-12-27,-0.404666307832248,-0.404666307832248,-0.5321270415082074,0.11415288420090441,0.0036447394340441497,0.0035876629919436975
2024-12-30,-0.428810663504901,-0.428810663504901,-0.4537545718674772,0.07837246964073025,0.010729162313779883,0.010689976078959518
2024-12-31,-0.4088639077162141,-0.4088639077162141,-0.404666307832248,0.0490882640352292,-0.004695916599039489,-0.004720460731057103
2025-01-02,-0.3754358824949092,-0.3754358824949092,-0.428810663504901,0.024144355672652995,-0.003635802907001881,-0.0036478750848382077
2025-01-03,-0.277186497486362,-0.277186497486362,-0.4088639077162141,0.019946755788686876,-0.006875064081697631,-0.006885037459591974
2025-01-06,-0.2931322943891077,-0.2931322943891077,-0.3754358824949092,0.03342802522130489,0.012599720334034033,0.01258300632142338
2025-01-07,-0.2769301846903733,-0.2769301846903733,-0.277186497486362,0.09824938500854724,-0.0019529913853982557,-0.0020021160779025294
2025-01-08,-0.24918622014157232,-0.24918622014157232,-0.2931322943891077,0.015945796902745724,0.0019044233350207624,0.0018964504365693894
2025-01-10,-0.45138187251873896,-0.45138187251873896,-0.2769301846903733,0.016202109698734424,0.010168959586998223,0.010160858532148855
2025-01-13,-0.5640776251008556,-0.5640776251008556,-0.24918622014157232,0.02774396454880096,-0.0006506316671682892,-0.0006645036494426896
2025-01-14,-0.6398763673132903,-0.6398763673132903,-0.45138187251873896,0.20219565237716663,-0.0,-0.00010109782618858331
2025-01-15,-0.5549865962477888,-0.5549865962477888,-0.5640776251008556,0.11269575258211662,-0.015277059152006844,-0.015333407028297903
2025-01-16,-0.5039801442075471,-0.5039801442075471,-0.6398763673132903,0.07579874221243477,0.0016223798829989363,0.0015844805118927188
2025-01-17,-0.37666013943205184,-0.37666013943205184,-0.5549865962477888,0.08488977106550155,-0.05135106415275711,-0.05139350903828986
2025-01-21,-0.27775345112811506,-0.27775345112811506,-0.5039801442075471,0.05100645204024168,-0.006566532709947686,-0.006592035935967806
2025-01-22,-0.2047734051418149,-0.2047734051418149,-0.37666013943205184,0.12732000477549527,-0.001557164414783992,-0.0016208244171717397
2025-01-23,-0.16998489070196834,-0.16998489070196834,-0.27775345112811506,0.09890668830393679,0.0036847553919961873,0.003635302047844219
2025-01-24,-0.19443720673102544,-0.19443720673102544,-0.2047734051418149,0.07298004598630015,0.007025140244781312,0.0069886502217881615
2025-01-27,-0.2510688128315494,-0.2510688128315494,-0.16998489070196834,0.03478851443984657,0.004406705363448599,0.004389311106228676
2025-01-28,-0.35174420603121015,-0.35174420603121015,-0.19443720673102544,0.024452316029057092,0.004695640875091697,0.004683414717077169
2025-01-29,-0.42692996301543845,-0.42692996301543845,-0.2510688128315494,0.05663160610052398,0.0006340025037868751,0.0006056867007366131
2025-01-30,-0.4402140841331955,-0.4402140841331955,-0.35174420603121015,0.10067539319966073,-0.004630560712707596,-0.004680898409307426
2025-01-31,-0.5467378663106408,-0.5467378663106408,-0.42692996301543845,0.0751857569842283,0.012374779767337368,0.012337186888845254
2025-02-03,-0.5423011779266124,-0.5423011779266124,-0.4402140841331955,0.013284121117757064,0.0011328465077705303,0.0011262044472116518
2025-02-04,-0.5572645505447379,-0.5572645505447379,-0.5467378663106408,0.10652378217744529,0.002538980944510372,0.0024857190534216494
2025-02-05,-0.4983162211050149,-0.4983162211050149,-0.5423011779266124,0.004436688384028442,-0.010120669332544895,-0.010122887676736908
2025-02-06,-0.5307305273951507,-0.5307305273951507,-0.5572645505447379,0.014963372618125526,0.007657083290762946,0.0076496016044538834
2025-02-07,-0.6571013199331585,-0.6571013199331585,-0.4983162211050149,0.058948329439723,0.007199584089544243,0.007170109924824381
2025-02-10,-0.5475609328188988,-0.5475609328188988,-0.5307305273951507,0.03241430629013581,-0.018617250614887962,-0.01863345776803303
2025-02-11,-0.4030383492138011,-0.4030383492138011,-0.6571013199331585,0.12637079253800776,-0.039884714904867676,-0.03994790030113668
2025-02-12,-0.23395493073376356,-0.23395493073376356,-0.5475609328188988,0.10954038711425962,-0.03942857229169012,-0.03948334248524725
2025-02-13,0.04431230730562549,0.04431230730562549,-0.4030383492138011,0.14452258360509773,-0.029582434875338348,-0.029654696167140896
2025-02-14,0.1629103345415322,0.1629103345415322,-0.23395493073376356,0.16908341848003755,0.005138658599747764,0.005054116890507746
2025-02-18,0.4419402230276881,0.4419402230276881,0.04431230730562549,0.278267238039389,0.00711625415355065,0.006977120534530956
2025-02-19,0.47293293182179097,0.47293293182179097,0.1629103345415322,0.1185980272359067,-0.009932832317486335,-0.009992131331104288
2025-02-20,0.5228972533482553,0.5228972533482553,0.4419402230276881,0.2790298884861559,0.00635763055119279,0.006218115606949712
2025-02-21,0.47004581573822823,0.47004581573822823,0.47293293182179097,0.030992708794102874,-0.02211490412843407,-0.02213040048283112
2025-02-24,0.39725964700561517,0.39725964700561517,0.5228972533482553,0.04996432152646435,-0.012615140365556013,-0.012640122526319245
2025-02-25,0.27336961867446086,0.27336961867446086,0.47004581573822823,0.052851437610027086,-0.02479023302644053,-0.02481665874524554
2025-02-26,0.22208181010572958,0.22208181010572958,0.39725964700561517,0.07278616873261307,0.009158237833218045,0.009121844748851738
2025-02-27,0.16206046087803005,0.16206046087803005,0.27336961867446086,0.12389002833115431,-0.0049978323625841535,-0.005059777376749731
2025-02-28,0.1571128067452726,0.1571128067452726,0.22208181010572958,0.051287808568731275,0.006155574793435289,0.0061299308891509235
2025-03-03,0.09863785499453365,0.09863785499453365,0.16206046087803005,0.06002134922769953,-0.006761054457291149,-0.006791065131904999
2025-03-04,0.017995574827619237,0.017995574827619237,0.1571128067452726,0.0049476541327574675,-0.009741822153344267,-0.009744295980410645
2025-03-05,-0.05297220463944523,-0.05297220463944523,0.09863785499453365,0.05847495175073894,-0.002404675571188297,-0.0024339130470636666
2025-03-06,-0.09931304684275787,-0.09931304684275787,0.017995574827619237,0.08064228016691441,-5.1884906616667936e-05,-9.220604670012514e-05
2025-03-07,-0.13285296532609625,-0.13285296532609625,-0.05297220463944523,0.07096777946706447,0.0002808180646750285,0.0002453341749414963
2025-03-10,-0.2208706158509941,-0.2208706158509941,-0.09931304684275787,0.04634084220331264,0.003416287520333555,0.0033931170992318985
2025-03-11,-0.28792659965108613,-0.28792659965108613,-0.13285296532609625,0.033539918483338385,0.0009998943208422745,0.0009831243616006053
2025-03-12,-0.26231330120434604,-0.26231330120434604,-0.2208706158509941,0.08801765052489785,-0.010049720076331974,-0.010093728901594422
2025-03-13,-0.13431554662256884,-0.13431554662256884,-0.28792659965108613,0.06705598380009203,-0.042047313825763814,-0.04208084181766386
2025-03-14,-0.03190045590151453,-0.03190045590151453,-0.26231330120434604,0.025613298446740096,-0.0038738081100298098,-0.00388661475925318
2025-03-17,0.1367702725916941,0.1367702725916941,-0.13431554662256884,0.1279977545817772,-0.00915915499608166,-0.00922315387337255
2025-03-18,0.2549302490752103,0.2549302490752103,-0.03190045590151453,0.10241509072105431,-0.00028560101603546865,-0.00033680856139599584
2025-03-19,0.23065805726036362,0.23065805726036362,0.1367702725916941,0.16867072849320863,-0.009497931542938959,-0.009582266907185564
2025-03-20,0.20566673422618686,0.20566673422618686,0.2549302490752103,0.11815997648351617,-0.0016910980835157887,-0.0017501780717575468
2025-03-21,0.20399894664610177,0.20399894664610177,0.23065805726036362,0.02427219181484666,0.00288805024162757,0.0028759141457201467
2025-03-24,0.1983042169840724,0.1983042169840724,0.20566673422618686,0.024991323034176754,-0.0003391120191652906,-0.000351607680682379
2025-03-25,0.19311867548409653,0.19311867548409653,0.20399894664610177,0.001667787580085095,-0.00016844274710062625,-0.0001692766408906688
2025-03-26,0.15375230814637061,0.15375230814637061,0.1983042169840724,0.0056947296620293575,-0.006391628947762409,-0.006394476312593424
2025-03-27,0.1173638349478104,0.1173638349478104,0.19311867548409653,0.005185541499975882,0.0016491837023421322,0.0016465909315921442
2025-03-28,0.0747408380731225,0.0747408380731225,0.15375230814637061,0.039366367337725916,-0.0059235760050994485,-0.005943259188768311
2025-03-31,0.048668465252140365,0.048668465252140365,0.1173638349478104,0.036388473198560214,0.0,-1.8194236599280104e-05
2025-04-01,0.02670874861504512,0.02670874861504512,0.0747408380731225,0.0426229968746879,-0.0021721243378403027,-0.0021934358362776466
2025-04-02,0.017444092746976544,0.017444092746976544,0.048668465252140365,0.026072372820982133,-0.00015450239605845322,-0.0001675385824689443
2025-04-03,0.011139604896988394,0.011139604896988394,0.02670874861504512,0.021959716637095245,0.0005468133532411128,0.0005358334949225653
2025-04-04,-0.15600452828411623,-0.15600452828411623,0.017444092746976544,0.009264655868068575,-0.002006498321176377,-0.002011130649110411
2025-04-07,-0.3137133763940282,-0.3137133763940282,0.011139604896988394,0.00630448784998815,-0.00015713334811963758,-0.00016028559204463166
2025-04-08,-0.5424755842626855,-0.5424755842626855,-0.15600452828411623,0.16714413318110463,0.011479131709130657,0.011395559642540104
2025-04-09,-0.39764426981535667,-0.39764426981535667,-0.3137133763940282,0.15770884810991195,-0.05883210191959094,-0.0589109563436459
2025-04-10,-0.40162639741736217,-0.40162639741736217,-0.5424755842626855,0.2287622078686573,0.04157387427956195,0.04145949317562762
2025-04-11,-0.41501775569358984,-0.41501775569358984,-0.39764426981535667,0.14483131444732883,0.0028002996690871963,0.0027278840118635317
2025-04-14,-0.38335357044535273,-0.38335357044535273,-0.40162639741736217,0.003982127602005503,-0.011597108744458713,-0.011599099808259716
2025-04-15,-0.39684620780074326,-0.39684620780074326,-0.41501775569358984,0.013391358276227672,0.009399694371192821,0.009392998692054708
2025-04-16,-0.45964010873907624,-0.45964010873907624,-0.38335357044535273,0.03166418524823711,0.011973779890760886,0.011957947798136767
2025-04-17,-0.5318508786802464,-0.5318508786802464,-0.39684620780074326,0.013492637355390524,0.006191032886355893,0.006184286567678198
2025-04-21,-0.5811890012948181,-0.5811890012948181,-0.45964010873907624,0.06279390093833298,0.0021852973721675356,0.002153900421698369
2025-04-22,-0.546117098766219,-0.546117098766219,-0.5318508786802464,0.07221076994117015,-0.018914019448339547,-0.01895012483331013
2025-04-23,-0.4416940627634885,-0.4416940627634885,-0.5811890012948181,0.04933812261457171,-0.032172427969939445,-0.03219709703124673
2025-04-24,-0.30674050745079356,-0.30674050745079356,-0.546117098766219,0.03507190252859915,-0.02387106250218656,-0.02388859845345086
2025-04-25,-0.24790125105155864,-0.24790125105155864,-0.4416940627634885,0.10442303600273045,0.029597007586957644,0.02954479606895628
2025-04-28,-0.19452298571765334,-0.19452298571765334,-0.30674050745079356,0.13495355531269493,-0.007037453517620052,-0.0071049302952763994
2025-04-29,-0.16198486710391116,-0.16198486710391116,-0.24790125105155864,0.05883925639923493,0.002054765047383282,0.0020253454191836644
2025-04-30,-0.14662347236322354,-0.14662347236322354,-0.19452298571765334,0.0533782653339053,0.0022952542624990586,0.0022685651298321057
2025-05-01,-0.1356843309648959,-0.1356843309648959,-0.16198486710391116,0.03253811861374217,0.0009670805784411947,0.0009508115191343236
2025-05-02,-0.110903687264957,-0.110903687264957,-0.14662347236322354,0.015361394740687623,-0.004696657389020831,-0.004704338086391175
2025-05-05,-0.10468635050577238,-0.10468635050577238,-0.1356843309648959,0.010939141398327634,0.002303082718930861,0.0022976131482316973
2025-05-06,-0.10983332065465236,-0.10983332065465236,-0.110903687264957,0.024780643699938903,0.0018055356442845303,0.001793145322434561
2025-05-07,-0.09090817786404706,-0.09090817786404706,-0.10468635050577238,0.006217336759184622,-0.001942519399831121,-0.0019456280682107134
2025-05-08,-0.06748985763094044,-0.06748985763094044,-0.10983332065465236,0.0051469701488799785,-0.003731415652477718,-0.003733989137552158
2025-05-09,-0.04512933195317115,-0.04512933195317115,-0.09090817786404706,0.018925142790605295,-0.0018181638875544416,-0.0018276264589497443
2025-05-12,-0.030118525041861646,-0.030118525041861646,-0.06748985763094044,0.023418320233106624,-0.002394598835855453,-0.002406307995972006
2025-05-13,-0.020016465648638432,-0.020016465648638432,-0.04512933195317115,0.02236052567776929,-0.0007731789013619,-0.0007843591642007846
2025-05-14,-0.0143334054093713,-0.0143334054093713,-0.030118525041861646,0.015010806911309502,0.0013884413525199243,0.0013809359490642695
2025-05-15,-0.010427615406063085,-0.010427615406063085,-0.020016465648638432,0.010102059393223214,-2.7902858853350375e-05,-3.295388854996198e-05
2025-05-16,-0.007009556614825885,-0.007009556614825885,-0.0143334054093713,0.005683060239267132,-7.31639628430123e-05,-7.600549296264587e-05
2025-05-19,-0.005620922103987138,-0.005620922103987138,-0.010427615406063085,0.003905790003308214,0.00013479868394928834,0.00013284578894763423
2025-05-20,-0.004814732976597394,-0.004814732976597394,-0.007009556614825885,0.0034180587912372006,3.6063712185328686e-05,3.435468278971008e-05
2025-05-21,-0.00838167323849849,-0.00838167323849849,-0.005620922103987138,0.0013886345108387469,0.0001532738279881067,0.00015257951073268733
2025-05-22,-0.009168724429451132,-0.009168724429451132,-0.004814732976597394,0.0008061891273897443,3.2579451136727816e-05,3.2176356573032946e-05
2025-05-23,-0.012893951519235447,-0.012893951519235447,-0.00838167323849849,0.0035669402619010956,0.0002039336630091618,0.00020215019287821124
2025-05-27,-0.010300538525502213,-0.010300538525502213,-0.009168724429451132,0.000787051190952643,-0.00022864650320044935,-0.00022904002879592568
2025-05-28,-0.008015472945225394,-0.008015472945225394,-0.012893951519235447,0.0037252270897843148,0.00011293872025735876,0.0001110761067124666
2025-05-29,-0.0054036147004894695,-0.0054036147004894695,-0.010300538525502213,0.0025934129937332344,6.068106120228991e-05,5.938435470542329e-05
2025-05-30,-0.005721680537373989,-0.005721680537373989,-0.008015472945225394,0.002285065580276819,0.00027707837911004066,0.00027593584631990223
2025-06-02,-0.005489386595078697,-0.005489386595078697,-0.0054036147004894695,0.002611858244735924,-5.251609815862838e-05,-5.382202728099634e-05
2025-06-03,-0.00610365216165556,-0.00610365216165556,-0.005721680537373989,0.00031806583688451934,-0.00015941899088082705,-0.00015957802379926931
2025-06-04,-0.006814750673814627,-0.006814750673814627,-0.005489386595078697,0.00023229394229529188,1.0822103478499003e-05,1.0705956507351356e-05
2025-06-05,-0.007179405161033905,-0.007179405161033905,-0.00610365216165556,0.0006142655665768628,7.836794859484268e-05,7.806081581155425e-05
2025-06-06,-0.007338230409704558,-0.007338230409704558,-0.006814750673814627,0.0007110985121590672,-2.386345537429038e-05,-2.4219004630369916e-05
2025-06-09,-0.006958496793721406,-0.006958496793721406,-0.007179405161033905,0.0003646544872192778,-0.0001503165900128173,-0.00015049891725642695
2025-06-10,0.00025689370184296505,0.00025689370184296505,-0.007338230409704558,0.0001588252486706531,-0.0005732994002576015,-0.0005733788128819368
2025-06-11,-0.02788568839034674,-0.02788568839034674,-0.006958496793721406,0.0003797336159831518,0.00044120891713839047,0.0004410190503303989
2025-06-12,-0.025097299094301827,-0.025097299094301827,0.00025689370184296505,0.007215390495564371,1.118011219707178e-06,-2.4896840280750075e-06
2025-06-13,-0.046968624237709256,-0.046968624237709256,-0.02788568839034674,0.028142582092189707,0.0008458359693718848,0.00083176467832579
2025-06-16,-0.0392902232153347,-0.0392902232153347,-0.025097299094301827,0.002788389296044913,-0.0007476856746172798,-0.0007490798692653023
2025-06-17,-0.03125616639077361,-0.03125616639077361,-0.046968624237709256,0.02187132514340743,-0.0001358771649667753,-0.00014681282753847903
2025-06-18,-0.0016361503493012922,-0.0016361503493012922,-0.0392902232153347,0.007678401022374555,-0.001303378653664566,-0.0013072178541757534
2025-06-20,0.014132086267182499,0.014132086267182499,-0.03125616639077361,0.00803405682456109,0.0005963249691667133,0.0005923079407544327
2025-06-23,0.02940048059774788,0.02940048059774788,-0.0016361503493012922,0.029620016041472318,-8.537833856804926e-06,-2.3347841877541088e-05
2025-06-24,0.2971803620635885,0.2971803620635885,0.014132086267182499,0.015768236616483793,0.0009070136153702791,0.0008991294970620372
2025-06-25,0.3625084055865383,0.3625084055865383,0.02940048059774788,0.01526839433056538,-0.00045632477586637384,-0.00046395897303165654
2025-06-26,0.5333387210598639,0.5333387210598639,0.2971803620635885,0.26777988146584064,0.004015940487591652,0.0038820505468587316
2025-06-27,0.6888924807065759,0.6888924807065759,0.3625084055865383,0.0653280435229498,0.003061190696080808,0.003028526674319333
2025-06-30,0.6239348125329207,0.6239348125329207,0.5333387210598639,0.1708303154733256,-0.0068166026334545975,-0.00690201779119126
2025-07-01,0.7492898750219472,0.7492898750219472,0.6888924807065759,0.15555375964671203,0.013839381570558772,0.013761604690735415
2025-07-02,0.5744363496457717,0.5744363496457717,0.6239348125329207,0.06495766817365523,-0.02648654353139139,-0.026519022365478217
2025-07-03,0.5671368383434335,0.5671368383434335,0.7492898750219472,0.1253550624890265,0.020889730284506098,0.020827052753261584
2025-07-07,0.4516452726327241,0.4516452726327241,0.5744363496457717,0.1748535253761755,-0.01251550390008683,-0.012602930662774918
2025-07-08,0.6344301817551494,0.6344301817551494,0.5671368383434335,0.007299511302338191,0.040988529977466985,0.04098488022181582
2025-07-09,0.7079968006250388,0.7079968006250388,0.4516452726327241,0.11549156571070945,-0.0028718362936711443,-0.002929582076526499
2025-07-10,0.8053312004166926,0.8053312004166926,0.6344301817551494,0.18278490912242534,0.010285107983750824,0.010193715529189611
2025-07-11,0.7645667784217877,0.7645667784217877,0.7079968006250388,0.07356661886988936,-0.011591869171048265,-0.01162865248048321
2025-07-14,0.7113995375808853,0.7113995375808853,0.8053312004166926,0.09733439979165381,-0.0044683702465666214,-0.004517037446462448
2025-07-15,0.6156702027292466,0.6156702027292466,0.7645667784217877,0.04076442199490493,-0.012469302303159922,-0.012489684514157376
2025-07-16,0.5216118177006613,0.5216118177006613,0.7113995375808853,0.05316724084090241,-0.007138811843197679,-0.007165395463618131
2025-07-17,0.43555313997629586,0.43555313997629586,0.6156702027292466,0.0957293348516387,0.002984703489808978,0.0029368388223831587
2025-07-18,0.41489461269559014,0.41489461269559014,0.5216118177006613,0.09405838502858521,0.006863339801923841,0.006816310609409549
2025-07-21,0.4266081708239266,0.4266081708239266,0.43555313997629586,0.08605867772436548,0.0030168153586687687,0.002973786019806586
2025-07-22,0.30472999051090394,0.30472999051090394,0.41489461269559014,0.02065852728070572,-0.0003567533145287644,-0.00036708257816911726
2025-07-23,0.28586993004505623,0.28586993004505623,0.4266081708239266,0.011713558128336465,0.004589158509309623,0.004583301730245455
2025-07-24,0.20778351365571604,0.20778351365571604,0.30472999051090394,0.12187818031302267,-0.011156576431900416,-0.011217515522056928
2025-07-25,0.07021998691664835,0.07021998691664835,0.28586993004505623,0.018860060465847706,-0.024380403333396652,-0.024389833363629577
2025-07-28,-0.024216301509684686,-0.024216301509684686,0.20778351365571604,0.07808641638934019,-0.00020076160558886452,-0.00023980481378353463
2025-07-29,-0.12006163090939993,-0.12006163090939993,0.07021998691664835,0.1375635267390677,-0.0009168002094714178,-0.0009855819728409516
2025-07-30,-0.19602860516169104,-0.19602860516169104,-0.024216301509684686,0.09443628842633303,8.305407781098728e-05,3.583593359782076e-05
2025-07-31,-0.3666101849952807,-0.3666101849952807,-0.12006163090939993,0.09584532939971524,0.0031874823070015173,0.0031395596423016594
2025-08-01,-0.5777401233301871,-0.5777401233301871,-0.19602860516169104,0.07596697425229111,0.0048512108769202845,0.004813227389794139
2025-08-04,-0.6412214738977462,-0.6412214738977462,-0.3666101849952807,0.17058157983358965,-0.003607257010178561,-0.003692547800095356
2025-08-05,-0.5457940503274699,-0.5457940503274699,-0.5777401233301871,0.2111299383349064,-0.0204431278791971,-0.020548692848364553
2025-08-06,-0.45397830606899553,-0.45397830606899553,-0.6412214738977462,0.0634813505675591,-0.006987037158701306,-0.007018777833985085
2025-08-07,-0.49614832014641197,-0.49614832014641197,-0.5457940503274699,0.09542742357027634,0.01711454491400303,0.01706683120221789
2025-08-08,-0.417132073259494,-0.417132073259494,-0.45397830606899553,0.09181574425847433,-0.0041333450553115,-0.0041792529274407375
2025-08-11,-0.3146043595532063,-0.3146043595532063,-0.49614832014641197,0.04217001407741644,-0.017408683860853362,-0.01742976886789207
2025-08-12,-0.18967174669601142,-0.18967174669601142,-0.417132073259494,0.079016246886918,-0.023432113814544842,-0.0234716219379883
2025-08-13,-0.08050259692731562,-0.08050259692731562,-0.3146043595532063,0.10252771370628766,-0.005914156009651508,-0.005965419866504652
2025-08-14,0.27966493538178955,0.27966493538178955,-0.18967174669601142,0.1249326128571949,-0.013999186327526423,-0.01406165263395502
2025-08-15,0.5197766235878597,0.5197766235878597,-0.08050259692731562,0.1091691497686958,-0.0023617654769364084,-0.0024163500518207563
2025-08-18,0.49601775791576547,0.49601775791576547,0.27966493538178955,0.36016753230910514,-0.010248303771705585,-0.010428387537860137
2025-08-19,0.6640118386105103,0.6640118386105103,0.5197766235878597,0.24011168820607015,0.036248150303125594,0.036128094459022556
2025-08-20,0.5485783864473885,0.5485783864473885,0.49601775791576547,0.02375886567209423,-0.034687899289465036,-0.03469977872230108
2025-08-21,0.46443600611856267,0.46443600611856267,0.6640118386105103,0.1679940806947448,-0.0011283381662018223,-0.0012123352065491946
2025-08-22,0.5546292034745168,0.5546292034745168,0.5485783864473885,0.11543345216312173,0.030346871653170737,0.030289154927089175
2025-08-25,0.58080355850858,0.58080355850858,0.46443600611856267,0.08414238032882587,-0.004681814721837995,-0.004723885912002408
2025-08-26,0.5714129926470104,0.5714129926470104,0.5546292034745168,0.09019319735595416,-0.004518338469220809,-0.004563435067898786
2025-08-27,0.6333035394116817,0.6333035394116817,0.58080355850858,0.02617435503406318,0.011926150911902413,0.011913063734385382
2025-08-28,0.6799829879851211,0.6799829879851211,0.5714129926470104,0.00939056586156961,0.0018395571474717927,0.001834861864541008
2025-08-29,0.6250314795392261,0.6250314795392261,0.6333035394116817,0.06189054676467132,-0.014733894907545994,-0.01476484018092833
2025-09-02,0.566405273657831,0.566405273657831,0.6799829879851211,0.04667944857343942,-0.003909589271559345,-0.003932928995846065
2025-09-03,0.47790513049145567,0.47790513049145567,0.6250314795392261,0.054951508445895025,-0.0054215631323179135,-0.005449038886540861
2025-09-04,0.43450454900566465,0.43450454900566465,0.566405273657831,0.05862620588139511,0.014396148443234153,0.014366835340293456
2025-09-05,0.39590403085565656,0.39590403085565656,0.47790513049145567,0.08850014316637533,-0.0023303135030723642,-0.002374563574655552
2025-09-08,0.2985990911136201,0.2985990911136201,0.43450454900566465,0.04340058148579101,-0.00017742527484138103,-0.00019912556558427654
2025-09-09,0.22753945249039959,0.22753945249039959,0.39590403085565656,0.03860051815000809,-0.0006468859830188271,-0.0006661862420938311
2025-09-10,0.22654697641848356,0.22654697641848356,0.2985990911136201,0.09730493974203647,0.004031819768124725,0.003983167298253707
2025-09-11,0.1857126020663215,0.1857126020663215,0.22753945249039959,0.07105963862322051,-0.0014697729917598028,-0.001505302811071413
2025-09-12,0.1379437166302648,0.1379437166302648,0.22654697641848356,0.0009924760719160208,-0.00487891304678617,-0.004879409284822128
2025-09-15,0.18375120682684148,0.18375120682684148,0.1857126020663215,0.040834374352162056,0.005321503115157406,0.005301085927981325
2025-09-16,0.42646160766994723,0.42646160766994723,0.1379437166302648,0.0477688854360567,0.002784491604380024,0.0027606071616619954
2025-09-17,0.42514368436153094,0.42514368436153094,0.18375120682684148,0.04580749019657668,-0.0026904669372569442,-0.0027133706823552328
2025-09-18,0.6167624562410207,0.6167624562410207,0.42646160766994723,0.24271040084310574,0.097109935143355,0.09698857994293344
2025-09-19,0.6718071377732415,0.6718071377732415,0.42514368436153094,0.0013179233084162911,-0.013768143749164312,-0.01376880271081852
2025-09-22,0.6578340953123226,0.6578340953123226,0.6167624562410207,0.19161877187948972,-0.017097533035872595,-0.01719334242181234
2025-09-23,0.6839020215790005,0.6839020215790005,0.6718071377732415,0.05504468153222086,0.013548264448981617,0.013520742108215507
2025-09-24,0.7892680143860004,0.7892680143860004,0.6578340953123226,0.013973042460918905,0.04215158625354474,0.042144599732314277
2025-09-25,0.859512009590667,0.859512009590667,0.6839020215790005,0.026067926266677865,0.06067938049148438,0.06066634652835104
2025-09-26,0.9063413397271114,0.9063413397271114,0.7892680143860004,0.10536599280699988,0.03506305731422563,0.035010374317822134
2025-09-29,0.888002297465073,0.888002297465073,0.859512009590667,0.07024399520466662,-0.024695849105235316,-0.02473097110283765
2025-09-30,0.8365171381372088,0.8365171381372088,0.9063413397271114,0.046829330136444414,-0.024445989957370216,-0.024469404622438438
2025-10-01,0.891011425424806,0.891011425424806,0.888002297465073,0.01833904226203842,0.06325856921640513,0.06324939969527411
2025-10-02,0.9273409502832042,0.9273409502832042,0.8365171381372088,0.05148515932786413,0.03165453149435254,0.03162878891468861
2025-10-03,0.9169795080373644,0.9169795080373644,0.891011425424806,0.0544942872875972,-0.011227159979541157,-0.011254407123184956
2025-10-06,0.8905913644745829,0.8905913644745829,0.9273409502832042,0.03632952485839813,-0.0060429914068399725,-0.006061156169269171
2025-10-07,0.9164628351877281,0.9164628351877281,0.9169795080373644,0.010361442245839791,0.014535290885055013,0.014530110163932092
2025-10-08,0.9443085567918188,0.9443085567918188,0.8905913644745829,0.02638814356278152,0.006229638651563353,0.006216444579781962
2025-10-09,0.9628723711945459,0.9628723711945459,0.9164628351877281,0.025871470713145217,0.009059317856448349,0.009046382121091776
2025-10-10,0.8480488151474241,0.8480488151474241,0.9443085567918188,0.027845721604090712,-0.0357238505726862,-0.035737773433488246
2025-10-13,0.8353960429250388,0.8353960429250388,0.9628723711945459,0.01856381440272714,0.022503264871911045,0.022493982964709683
2025-10-14,0.7206240058440223,0.7206240058440223,0.8480488151474241,0.1148235560471218,-0.036227772736782085,-0.03628518451480565
2025-10-15,0.7332613095220042,0.7332613095220042,0.8353960429250388,0.012652772222385367,0.03563857225916139,0.035632245873050195
2025-10-16,0.6970957458945504,0.6970957458945504,0.7206240058440223,0.11477203708101646,-0.0060133088092204105,-0.006070694827760919
2025-10-17,0.6907483453885959,0.6907483453885959,0.7332613095220042,0.012637303677981881,0.003383634078742674,0.0033773154269036826
2025-10-20,0.7938322302590639,0.7938322302590639,0.6970957458945504,0.03616556362745382,0.020530518882821563,0.020512436101007836
2025-10-21,0.8625548201727093,0.8625548201727093,0.6907483453885959,0.0063474005059545036,0.0003626058703560482,0.0003594321701030709
2025-10-22,0.7869458510297966,0.7869458510297966,0.7938322302590639,0.10308388487046805,-0.024989488684377198,-0.02504103062681243
2025-10-23,0.8579639006865312,0.8579639006865312,0.8625548201727093,0.06872258991364544,0.02896992085128097,0.028935559556324146
2025-10-24,0.9053092671243541,0.9053092671243541,0.7869458510297966,0.07560896914291271,0.0024746504704487087,0.002436845985877252
2025-10-27,0.9368728447495696,0.9368728447495696,0.8579639006865312,0.07101804965673453,0.02824023986798852,0.028204730843160154
2025-10-28,0.9579152298330464,0.9579152298330464,0.9053092671243541,0.047345366437822944,0.04556306185923095,0.04553938917601204
2025-10-29,0.9459562550218343,0.9459562550218343,0.9368728447495696,0.031563577625215444,-0.004286168050457442,-0.0043019498392700495
2025-10-30,0.8330923429121173,0.8330923429121173,0.9579152298330464,0.02104238508347689,-0.027342531673037886,-0.027353052865579625
2025-10-31,0.7478287152727883,0.7478287152727883,0.9459562550218343,0.011958974811212109,-0.004004253781550752,-0.004010233268956358
2025-11-03,0.6515085158968738,0.6515085158968738,0.8330923429121173,0.11286391210971702,-0.010207967722206536,-0.010264399678261394
2025-11-04,0.5239064670700675,0.5239064670700675,0.7478287152727883,0.08526362763932904,-0.04676298328102882,-0.046805615094848485
2025-11-05,0.4809500884253701,0.4809500884253701,0.6515085158968738,0.09632019937591452,0.023752039336743688,0.02370387923705573
2025-11-06,0.4028884913985252,0.4028884913985252,0.5239064670700675,0.12760204882680626,-0.015561569465117152,-0.015625370489530555
2025-11-07,0.3857116207485482,0.3857116207485482,0.4809500884253701,0.04295637864469737,0.011494233777047533,0.011472755587725186
2025-11-10,0.37860259607744784,0.37860259607744784,0.4028884913985252,0.07806159702684495,0.0033811746835623836,0.0033421438850489613
2025-11-11,0.32694950600918493,0.32694950600918493,0.3857116207485482,0.017176870649976972,-0.00571795843314359,-0.005726546868468578
2025-11-12,0.29657901224695604,0.29657901224695604,0.37860259607744784,0.007109024671100361,9.993110829325707e-05,9.637659595770689e-05
2025-11-13,0.2470403307178851,0.2470403307178851,0.32694950600918493,0.05165309006826291,-0.0170852436701131,-0.017111070215147232
2025-11-14,0.20402477897484417,0.20402477897484417,0.29657901224695604,0.03037049376222889,-0.0032209867516104947,-0.003236171998491609
2025-11-17,0.16565517791660403,0.16565517791660403,0.2470403307178851,0.049538681529070955,-0.005633530533809909,-0.005658299874574444
2025-11-18,0.1232560103743364,0.1232560103743364,0.20402477897484417,0.04301555174304092,-0.0022336173346178792,-0.0022551251104893995
2025-11-19,0.09482948304495498,0.09482948304495498,0.16565517791660403,0.03836960105824014,0.0037637876395996803,0.00374460283907056
2025-11-20,0.07069592948566426,0.07069592948566426,0.1232560103743364,0.042399167542267635,-0.0052307507589372014,-0.005251950342708335
2025-11-21,0.059695515607566974,0.059695515607566974,0.09482948304495498,0.028426527329381418,0.0024821549381202758,0.002467941674455585
2025-11-24,0.07491081908966787,0.07491081908966787,0.07069592948566426,0.024133553559290713,0.002643414891610537,0.0026313481148308917
2025-11-25,0.0855639779456251,0.0855639779456251,0.059695515607566974,0.01100041387809729,6.671906164001997e-05,6.121885470097133e-05
2025-11-26,0.11626730884596563,0.11626730884596563,0.07491081908966787,0.0152153034821009,0.0020489133314192227,0.002041305679678172
2025-11-28,0.3299937944627935,0.3299937944627935,0.0855639779456251,0.010653158855957232,0.008716786344075245,0.008711459764647267
2025-12-01,0.4362499791446244,0.4362499791446244,0.11626730884596563,0.030703330900340525,-0.0015766117485158393,-0.0015919634139660095
2025-12-02,0.6241666527630829,0.6241666527630829,0.3299937944627935,0.21372648561682783,0.0285373539977093,0.028430490754900884
2025-12-03,0.7494444351753886,0.7494444351753886,0.4362499791446244,0.1062561846818309,0.0029103111487577167,0.0028571830564168015
2025-12-04,0.6796404893259442,0.6796404893259442,0.6241666527630829,0.18791667361845854,-0.04649868186497127,-0.0465926402017805
2025-12-05,0.6594051365923637,0.6594051365923637,0.7494444351753886,0.1252777824123057,0.016839365966752045,0.01677672707554589
2025-12-08,0.6027138268859882,0.6027138268859882,0.6796404893259442,0.06980394584944438,-0.018217854642628775,-0.0182527566155535
2025-12-09,0.5700918714773037,0.5700918714773037,0.6594051365923637,0.02023535273358057,0.0032724946129375045,0.003262376936570714
2025-12-10,0.5586894555603867,0.5586894555603867,0.6027138268859882,0.05669130970637548,0.004166892241812989,0.004138546586959801
2025-12-11,0.4724925047405925,0.4724925047405925,0.5700918714773037,0.03262195540868451,-0.017754216758610917,-0.01777052773631526
2025-12-12,0.3679715723688067,0.3679715723688067,0.5586894555603867,0.01140241591691693,-0.02403873474603809,-0.02404443595399655
2025-12-15,0.29134241915928527,0.29134241915928527,0.4724925047405925,0.08619695081979423,-0.0037489867285485606,-0.003792085203958458
2025-12-16,0.21093662610925792,0.21093662610925792,0.3679715723688067,0.10452093237178584,-0.0019619620049781002,-0.002014222471163993
2025-12-17,0.1295979739489039,0.1295979739489039,0.29134241915928527,0.0766291532095214,-0.009838972313146059,-0.00987728688975082
2025-12-18,0.07075041765374827,0.07075041765374827,0.21093662610925792,0.08040579305002735,0.0013457788758045241,0.0013055759792795104
2025-12-19,0.038167687322617085,0.038167687322617085,0.1295979739489039,0.08133865216035402,0.0019289698714883181,0.001888300545408141
2025-12-22,0.012839467547307649,0.012839467547307649,0.07075041765374827,0.05884755629515563,-0.0008646860995750425,-0.0008941098777226203
2025-12-23,-0.0035364078739899586,-0.0035364078739899586,0.038167687322617085,0.03258273033113119,-2.0989036036616665e-05,-3.728040120218226e-05
2025-12-24,-0.015212291444949398,-0.015212291444949398,0.012839467547307649,0.025328219775309434,-6.711090245023748e-05,-7.97750123378922e-05
2025-12-26,-0.021567894878919837,-0.021567894878919837,-0.0035364078739899586,0.016375875421297606,-3.912045166886905e-06,-1.2099982877535708e-05
2025-12-29,-0.015767159849922188,-0.015767159849922188,-0.015212291444949398,0.01167588357095944,-0.00020170974519472535,-0.00020754768698020507
2025-12-30,-0.011725661902818743,-0.011725661902818743,-0.021567894878919837,0.006355603433970439,-0.00036456029652885127,-0.0003677380982458365
2025-12-31,-0.010115010086920997,-0.010115010086920997,-0.015767159849922188,0.005800735028997649,0.000169083860075193,0.00016618349256069417
2026-01-02,0.0017961034792946381,0.0017961034792946381,-0.011725661902818743,0.004041497947103444,-0.0007880659877754788,-0.0007900867367490306
2026-01-05,0.00993131522228585,0.00993131522228585,-0.010115010086920997,0.0016106518158977463,2.5691139186858443e-06,1.763788010736971e-06
2026-01-06,0.023315844162672253,0.023315844162672253,0.0017961034792946381,0.011911113566215634,3.056624146819931e-05,2.461068468509149e-05
2026-01-07,0.17095831546939538,0.17095831546939538,0.00993131522228585,0.008135211742991214,0.0006424102735508141,0.0006383426676793185
2026-01-08,0.19113885374674827,0.19113885374674827,0.023315844162672253,0.013384528940386402,-0.000831341611832973,-0.0008380338763031663
2026-01-09,0.4607592358311655,0.4607592358311655,0.17095831546939538,0.14764247130672314,0.018463991112602073,0.01839016987694871
2026-01-12,0.5116244396011635,0.5116244396011635,0.19113885374674827,0.02018053827735289,-0.006252392723078141,-0.006262482992216817
2026-01-13,0.6744162930674424,0.6744162930674424,0.4607592358311655,0.26962038208441724,0.033777850077825806,0.0336430398867836
2026-01-14,0.782944195378295,0.782944195378295,0.5116244396011635,0.050865203769998035,0.015470989439647663,0.015445556837762664
2026-01-15,0.8244802136777083,0.8244802136777083,0.6744162930674424,0.1627918534662789,-0.005537100565382119,-0.005618496492115259
2026-01-16,0.7669166399483712,0.7669166399483712,0.782944195378295,0.10852790231085252,-0.022036518839211653,-0.02209078279036708
2026-01-20,0.8320808406932287,0.8320808406932287,0.8244802136777083,0.041536018299413335,0.028091359767636114,0.028070591758486408
2026-01-21,0.8880538937954858,0.8880538937954858,0.7669166399483712,0.05756357372933707,0.08986314877879421,0.08983436699192955
2026-01-22,0.925369262530324,0.925369262530324,0.8320808406932287,0.06516420074485751,0.0010736480169143885,0.0010410659165419598
2026-01-23,0.6730955954762821,0.6730955954762821,0.8880538937954858,0.055973053102257087,-0.1512242003637373,-0.1512521868902884
2026-01-26,0.4429680245463569,0.4429680245463569,0.925369262530324,0.037315368734838206,-0.05297206296632257,-0.05299072065068999
2026-01-27,0.3231341958902466,0.3231341958902466,0.6730955954762821,0.252273667054042,0.022811407268569547,0.022685270435042527
2026-01-28,0.36277753073059893,0.36277753073059893,0.4429680245463569,0.23012757092992514,0.04890494487160626,0.048789881086141296
2026-01-29,0.3855609532623129,0.3855609532623129,0.3231341958902466,0.11983382865611031,-0.0007949110154289286,-0.0008548279297569837
2026-01-30,0.3451438880501506,0.3451438880501506,0.36277753073059893,0.03964333484035232,-0.016327215301936343,-0.01634703696935652
2026-02-02,0.37967783563574414,0.37967783563574414,0.3855609532623129,0.02278342253171395,0.01941494869304619,0.019403556981780333
2026-02-03,0.41469233131192096,0.41469233131192096,0.3451438880501506,0.04041706521216226,0.0031113057260056753,0.003091097193399594
2026-02-04,0.41285666928251136,0.41285666928251136,0.37967783563574414,0.03453394758559353,-0.005010988274226086,-0.005028255248018883
2026-02-05,0.40215268778059976,0.40215268778059976,0.41469233131192096,0.035014495676176816,-0.003071767801272586,-0.0030892750491106746
2026-02-06,0.41164684014539343,0.41164684014539343,0.41285666928251136,0.0018356620294096015,0.020112199607938624,0.02011128177692392
2026-02-09,0.3876526393250621,0.3876526393250621,0.40215268778059976,0.010703981501911597,-0.0027822262633400187,-0.0027875782540909746
2026-02-10,0.31830400767462824,0.31830400767462824,0.41164684014539343,0.009494152364793673,-0.02548212343412755,-0.025486870510309945
2026-02-11,0.2579943125890739,0.2579943125890739,0.3876526393250621,0.023994200820331324,0.009541205013258381,0.009529207912848215
2026-02-12,0.2001982889108076,0.2001982889108076,0.31830400767462824,0.06934863165043387,-0.011930641542602668,-0.011965315858427885
2026-02-13,0.15863346892758062,0.15863346892758062,0.2579943125890739,0.06030969508555434,0.001720709810489722,0.0016905549629469448
2026-02-17,0.11796646405573799,0.11796646405573799,0.2001982889108076,0.057796023678266306,-0.0026099823901992005,-0.0026388804020383337
2026-02-18,0.08711699352134199,0.08711699352134199,0.15863346892758062,0.041564819983226975,-0.002473284766510238,-0.0024940671765018517
2026-02-19,0.06217778860943466,0.06217778860943466,0.11796646405573799,0.04066700487184263,-0.0021797591245645126,-0.002200092627000434
2026-02-20,0.04150949544080415,0.04150949544080415,0.08711699352134199,0.030849470534396004,-0.000995731096738211,-0.0010111558320054091
2026-02-23,0.02737067354286853,0.02737067354286853,0.06217778860943466,0.024939204911907327,-0.0006766109647886046,-0.0006890805672445583
2026-02-24,0.026343113079326207,0.026343113079326207,0.04150949544080415,0.02066829316863051,0.002368978969594566,0.0023586448230102507
2026-02-25,0.022258267032122872,0.022258267032122872,0.02737067354286853,0.014138821897935621,0.00045103579454477304,0.00044396638359580525
2026-02-26,0.016975129888216527,0.016975129888216527,0.026343113079326207,0.0010275604635423229,-0.0007979366889009301,-0.0007984504691327012
2026-02-27,0.01261885307727502,0.01261885307727502,0.022258267032122872,0.004084846047203335,7.344421657454462e-05,7.140179355094295e-05
2026-03-02,0.009763762230347212,0.009763762230347212,0.016975129888216527,0.005283137143906345,-4.0940026825543615e-05,-4.358159539749679e-05
2026-03-03,0.002926573728637435,0.002926573728637435,0.01261885307727502,0.004356276810941506,-0.0006656102558308089,-0.0006677883942362796
2026-03-04,0.01097096813231617,0.01097096813231617,0.009763762230347212,0.0028550908469278085,0.0005618135490677951,0.0005603860036443312
2026-03-05,0.01846107785891968,0.01846107785891968,0.002926573728637435,0.006837188501709777,2.3756672009172837e-05,2.033807775831795e-05
2026-03-06,0.0045206856909091615,0.0045206856909091615,0.01097096813231617,0.008044394403678734,-0.000604060443362904,-0.0006080826405647434
2026-03-09,0.01745620612221333,0.01745620612221333,0.01846107785891968,0.007490109726603512,0.0009183785689395265,0.0009146335140762248
2026-03-10,0.03550709062478839,0.03550709062478839,0.0045206856909091615,0.01394039216801052,0.00011901730616774733,0.00011204711008374207
2026-03-11,0.06421136423028945,0.06421136423028945,0.01745620612221333,0.01293552043130417,0.00044778668685974723,0.0004413189266440951
2026-03-12,0.053955393664936555,0.053955393664936555,0.03550709062478839,0.01805088450257506,-0.0020203072546194126,-0.0020293326968707
2026-03-13,0.05329296288760623,0.05329296288760623,0.06421136423028945,0.028704273605501054,0.0007378991998537076,0.000723547063050957
2026-03-16,0.05273233591932504,0.05273233591932504,0.053955393664936555,0.010255970565352893,-1.1790893432549011e-05,-1.6918878715225457e-05
2026-03-17,0.032555629088593566,0.032555629088593566,0.05329296288760623,0.0006624307773303237,-0.0019798487236631366,-0.001980179939051802
2026-03-18,0.02706805792854043,0.02706805792854043,0.05273233591932504,0.0005606269682811929,0.0011609220939648407,0.0011606417804807
2026-03-19,0.03368057520884857,0.03368057520884857,0.032555629088593566,0.020176706830731472,0.0008314240315956534,0.0008213356781802876
2026-03-20,0.019162874513702563,0.019162874513702563,0.02706805792854043,0.005487571160053134,-0.0013539898348645363,-0.0013567336204445629
2026-03-23,0.011265051798519856,0.011265051798519856,0.03368057520884857,0.006612517280308136,0.00010748256409963305,0.00010417630545947899
2026-03-24,0.006377357903539294,0.006377357903539294,0.019162874513702563,0.014517700695146005,2.1772375430158652e-05,1.4513525082585649e-05
2026-03-25,0.026778663640158382,0.026778663640158382,0.011265051798519856,0.007897822715182707,0.0007977065021226813,0.00079375759076509
2026-03-26,0.011928632903094243,0.011928632903094243,0.006377357903539294,0.004887693894980562,-0.0004163262800580632,-0.0004187701270055535
2026-03-27,-0.007448506060903724,-0.007448506060903724,0.026778663640158382,0.020401305736619087,-0.0005890076001363123,-0.0005992082530046219
2026-03-30,-0.12817259514519902,-0.12817259514519902,0.011928632903094243,0.014850030737064139,-0.0005365540547540037,-0.0005439790701225358
2026-03-31,-0.1214220067780841,-0.1214220067780841,-0.007448506060903724,0.019377138963997967,-0.000531649107404592,-0.000541337676886591
2026-04-01,-0.052998160583986806,-0.052998160583986806,-0.12817259514519902,0.1207240890842953,-0.011327278848938319,-0.011387640893480466
2026-04-02,0.04391599925560282,0.04391599925560282,-0.1214220067780841,0.006750588367114924,-0.005940911952810859,-0.005944287246994417
2026-04-06,0.11496397625433052,0.11496397625433052,-0.052998160583986806,0.06842384619409729,-0.00042078488449752286,-0.0004549968075945715
2026-04-07,0.27247257646451056,0.27247257646451056,0.04391599925560282,0.09691415983958962,0.001842086009657781,0.0017936289297379863
2026-04-08,0.514981717643007,0.514981717643007,0.11496397625433052,0.0710479769987277,0.013123842824255516,0.013088318835756153
2026-04-09,0.6766544784286714,0.6766544784286714,0.27247257646451056,0.15750860021018004,0.012803208681368436,0.012724454381263345
2026-04-10,0.7844363189524477,0.7844363189524477,0.514981717643007,0.24250914117849648,0.0055069320859054355,0.0053856775153161875
2026-04-13,0.856290879301632,0.856290879301632,0.6766544784286714,0.1616727607856644,0.030372426914277488,0.030291590533884655
2026-04-14,0.793975233500775,0.793975233500775,0.7844363189524477,0.10778184052377626,-0.016487832372887156,-0.016541723293149044
2026-04-15,0.8395859703518888,0.8395859703518888,0.856290879301632,0.07185456034918425,0.01516391768380677,0.015127990403632179
2026-04-16,0.8930573135679258,0.8930573135679258,0.793975233500775,0.06231564580085691,0.04352555877091292,0.0434944009480125
2026-04-17,0.9287048757119507,0.9287048757119507,0.8395859703518888,0.04561073685111372,0.0,-2.280536842555686e-05
2026-04-20,0.8070297628248593,0.8070297628248593,0.8930573135679258,0.05347134321603708,-0.03650457231218722,-0.03653130798379524
2026-04-21,0.7668409361718498,0.7668409361718498,0.9287048757119507,0.03564756214402487,0.007915975230842365,0.007898151449770352
2026-04-22,0.6607733125790254,0.6607733125790254,0.8070297628248593,0.12167511288709143,-0.01205801196173874,-0.012118849518182285
2026-04-23,0.6466691866300583,0.6466691866300583,0.7668409361718498,0.04018882665300949,0.017740639058106484,0.01772054464477998
2026-04-24,0.7644461244200389,0.7644461244200389,0.6607733125790254,0.1060676235928244,0.1559417341744247,0.15588870036262828
2026-04-27,0.8429640829466927,0.8429640829466927,0.6466691866300583,0.014104125948967039,0.019194784543161543,0.01918773248018706
2026-04-28,0.8857710344220718,0.8857710344220718,0.7644461244200389,0.11777693778998055,-0.004227445825038083,-0.004286334293933073
2026-04-29,0.9238473562813814,0.9238473562813814,0.8429640829466927,0.07851795852665377,0.10202941009021611,0.10199015111095279
2026-04-30,0.945097759588606,0.945097759588606,0.8857710344220718,0.04280695147537916,-0.0025240654967748836,-0.002545468972512573
2026-05-01,0.963398506392404,0.963398506392404,0.9238473562813814,0.038076321859309536,0.050260104558581556,0.0502410663976519
2026-05-04,0.924455620905334,0.924455620905334,0.945097759588606,0.021250403307224608,-0.03643022531855006,-0.03644085052020367
2026-05-05,0.9496370806035561,0.9496370806035561,0.963398506392404,0.018300746803798007,0.12442307707256946,0.12441392669916757
2026-05-06,0.9664247204023708,0.9664247204023708,0.924455620905334,0.038942885487070034,0.041542809232117874,0.04152333778937434
2026-05-07,0.943128190367247,0.943128190367247,0.9496370806035561,0.025181459698222164,-0.02848658581346487,-0.02849917654331398
2026-05-08,0.9620854602448314,0.9620854602448314,0.9664247204023708,0.016787639798814702,0.13488682200088722,0.13487842818098783
2026-05-11,0.9747236401632211,0.9747236401632211,0.943128190367247,0.023296530035123775,0.034125388347932765,0.034113740082915206
2026-05-12,0.9068112436051383,0.9068112436051383,0.9620854602448314,0.018957269877584393,-0.06563053318419464,-0.06564001181913343
2026-05-13,0.8539897610636152,0.8539897610636152,0.9747236401632211,0.01263817991838967,-0.002586114466559517,-0.002592433556518712
2026-05-14,0.7876756189599299,0.7876756189599299,0.9068112436051383,0.06791239655808279,-0.032868048428800936,-0.03290200462707998
2026-05-15,0.6991554869153488,0.6991554869153488,0.8539897610636152,0.05282148254152308,-0.05274363668181935,-0.05277004742309011
2026-05-18,0.6340678859512375,0.6340678859512375,0.7876756189599299,0.06631414210368536,-0.004344986522609003,-0.004378143593660846
2026-05-19,0.588437151781432,0.588437151781432,0.6991554869153488,0.08852013204458109,0.016999005043529802,0.016954744977507513
2026-05-20,0.6236608929868832,0.6236608929868832,0.6340678859512375,0.06508760096411126,0.04669667230439573,0.046664128503913674
2026-05-21,0.6414175271890978,0.6414175271890978,0.588437151781432,0.045630734169805565,-0.0022753913346699956,-0.0022982067017548982
2026-05-22,0.625112930451464,0.625112930451464,0.6236608929868832,0.03522374120545124,0.007052348630278682,0.007034736759675956
2026-05-26,0.6569761321314882,0.6569761321314882,0.6414175271890978,0.017756634202214627,0.019696401601563367,0.01968752328446226
2026-05-27,0.6318577208520568,0.6318577208520568,0.625112930451464,0.016304596737633847,-0.008856441531902091,-0.008864593830270908
2026-05-28,0.6060823403524688,0.6060823403524688,0.6569761321314882,0.03186320168002421,-0.004747780305287456,-0.004763711906127468
2026-05-29,0.5328762348634322,0.5328762348634322,0.6318577208520568,0.025118411279431374,-0.0324579029516005,-0.03247046215724021
2026-06-01,0.4325090776980554,0.4325090776980554,0.6060823403524688,0.025775380499588052,-0.02827467376568458,-0.028287561455934373
2026-06-02,0.3611590902286556,0.3611590902286556,0.5328762348634322,0.07320610548903661,-0.00682363056269068,-0.006860233615435199
2026-06-03,0.35217286151194477,0.35217286151194477,0.4325090776980554,0.10036715716537675,0.01915494169911886,0.01910475812053617
2026-06-04,0.2939931724535291,0.2939931724535291,0.3611590902286556,0.0713499874693998,-0.0029800201123054474,-0.0030156951060401472
2026-06-05,0.2588636720001017,0.2588636720001017,0.35217286151194477,0.008986228716710842,-0.03972893225185285,-0.03973342536621121
2026-06-08,0.32987432433139174,0.32987432433139174,0.2939931724535291,0.058179689058415696,0.032906361055657314,0.03287727121112811
2026-06-09,0.35849365566026303,0.35849365566026303,0.2588636720001017,0.03512950045342739,-0.005516724881879934,-0.005534289632106648
2026-06-10,0.37220769059471215,0.37220769059471215,0.32987432433139174,0.07101065233129006,-0.0026898490021311614,-0.0027253543282968066
2026-06-11,0.4651209748349454,0.4651209748349454,0.35849365566026303,0.02861933132887129,0.033223620864267465,0.03320931119860303
2026-06-12,0.5932846552781031,0.5932846552781031,0.37220769059471215,0.013714034934449115,0.02421768788282543,0.024210830865358204
2026-06-15,0.7109913747030787,0.7109913747030787,0.4651209748349454,0.09291328424023326,0.012284245298119929,0.012237788655999813
2026-06-16,0.6969284914741729,0.6969284914741729,0.5932846552781031,0.12816368044315773,-0.05015959365315533,-0.05022367549337691
2026-06-17,0.7194978729735146,0.7194978729735146,0.7109913747030787,0.11770671942497557,0.0246006983153513,0.024541844955638815
2026-06-18,0.8129985819823431,0.8129985819823431,0.6969284914741729,0.01406288322890581,0.07418177753976488,0.07417474609815042
2026-06-22,0.8753323879882289,0.8753323879882289,0.7194978729735146,0.022569381499341734,0.037320007585847734,0.03730872289509806
2026-06-23,0.8344559584993206,0.8344559584993206,0.8129985819823431,0.09350070900882845,-0.04995438183126064,-0.05000113218576506
2026-06-24,0.8007736550671624,0.8007736550671624,0.8753323879882289,0.06233380600588578,-0.004168912032094894,-0.004200078935097837
2026-06-25,0.7846608278213032,0.7846608278213032,0.8344559584993206,0.04087642948890824,0.007732907977136961,0.007712469762392507
2026-06-26,0.7229712199555242,0.7229712199555242,0.8007736550671624,0.03368230343215828,-0.027421618795673813,-0.027438459947389894
2026-06-29,0.7040118151573616,0.7040118151573616,0.7846608278213032,0.016112827245859163,0.020790538288094972,0.020782481874472042
2026-06-30,0.7848880730100602,0.7848880730100602,0.7229712199555242,0.06168960786577904,0.04341561603743022,0.043384771233497335
2026-07-01,0.7014220912154105,0.7014220912154105,0.7040118151573616,0.018959404798162605,-0.06357942046527643,-0.0635889001676755
2026-07-02,0.5873313491772073,0.5873313491772073,0.7848880730100602,0.0808762578526987,-0.041215573517257596,-0.04125601164618395
2026-07-06,0.4918464491663372,0.4918464491663372,0.7014220912154105,0.0834659817946497,0.010782133900420137,0.010740400909522812
2026-07-07,0.37319950818794906,0.37319950818794906,0.5873313491772073,0.11409074203820324,-0.05676253660469642,-0.05681958197571552
2026-07-08,0.28835305621636165,0.28835305621636165,0.4918464491663372,0.09548490001087012,-0.000668336971473801,-0.0007160794214792361
2026-07-09,0.2427965828094042,0.2427965828094042,0.37319950818794906,0.11864694097838813,0.0077862846914014275,0.007726961220912233
2026-07-10,0.19934593690145253,0.19934593690145253,0.28835305621636165,0.08484645197158741,-0.006918025283686443,-0.006960448509672237
2026-07-13,0.15131705798797276,0.15131705798797276,0.2427965828094042,0.045556473406957454,-0.014854256508273265,-0.014877034744976744
2026-07-14,0.13546585149013118,0.13546585149013118,0.19934593690145253,0.04345064590795167,0.008969792483663357,0.00894806716070938
2026-07-15,0.1041531022673508,0.1041531022673508,0.15131705798797276,0.04802887891347976,-0.006698060493599187,-0.006722074933055927
2026-07-16,0.07095966867477241,0.07095966867477241,0.13546585149013118,0.01585120649784158,-0.00790512710172556,-0.00791305270497448
2026-07-17,0.046154125094211206,0.046154125094211206,0.1041531022673508,0.03131274922278038,-0.002083494181115115,-0.0020991505557265053
2026-07-20,0.030832386050943197,0.030832386050943197,0.07095966867477241,0.0331934335925784,0.0015081890902289197,0.0014915923734326304
2026-07-21,0.015677735363544353,0.015677735363544353,0.046154125094211206,0.024805543580561203,0.003989625912945468,0.003977223141155187
2026-07-22,-0.010645934211538373,-0.010645934211538373,0.030832386050943197,0.015321739043268008,-0.0008274582861329464,-0.0008351191556545804
2026-07-23,-0.03716287957805228,-0.03716287957805228,0.015677735363544353,0.015154650687398845,-0.00036513132865988656,-0.000372708654003586
2026-07-24,-0.3581085863853682,-0.3581085863853682,-0.010645934211538373,0.026323669575082725,0.0008401613866055871,0.0008269995518180458
2026-07-27,-0.5720723909235788,-0.5720723909235788,-0.03716287957805228,0.02651694536651391,0.0002616543382976444,0.00024839586561438746
2026-07-28,-0.7147149272823858,-0.7147149272823858,-0.3581085863853682,0.32094570680731593,0.020977870608966668,0.02081739775556301
2026-07-29,-0.8098099515215906,-0.8098099515215906,-0.5720723909235788,0.21396380453821057,0.02929968940367093,0.029192707501401825
2026-07-30,-0.6532928236490717,-0.6532928236490717,-0.7147149272823858,0.14264253635880708,-0.08074149119595997,-0.08081281246413938
2026-07-31,-0.5661674267450689,-0.5661674267450689,-0.8098099515215906,0.0950950242392048,0.008264276580138029,0.008216729068018427
2026-08-03,-0.49701598397306257,-0.49701598397306257,-0.6532928236490717,0.15651712787251892,-0.005794193683960266,-0.005872452247896525
2026-08-04,-0.36759477112776484,-0.36759477112776484,-0.5661674267450689,0.08712539690400278,-0.06134517772821488,-0.06138874042666688
2026-08-05,-0.2822230637067968,-0.2822230637067968,-0.49701598397306257,0.06915144277200636,-0.00098554114039931,-0.0010201168617853132
2026-08-06,-0.23357517365613734,-0.23357517365613734,-0.36759477112776484,0.12942121284529773,0.004546739313379596,0.004482028706956947
2026-08-07,-0.18401710973460603,-0.18401710973460603,-0.2822230637067968,0.08537170742096806,-0.005202801017754039,-0.005245486871464523
2026-08-10,-0.17906786440490513,-0.17906786440490513,-0.23357517365613734,0.04864789005065945,0.009490079618523495,0.009465755673498165
2026-08-11,-0.16748292199953868,-0.16748292199953868,-0.18401710973460603,0.04955806392153131,-0.0003585285204435327,-0.00038330755240429835
2026-08-12,-0.136055309164035,-0.136055309164035,-0.17906786440490513,0.0049492453297008965,-0.0059377699680468465,-0.005940244590711697
2026-08-13,-0.09570056685682629,-0.09570056685682629,-0.16748292199953868,0.01158494240536645,-0.0059892369382813105,-0.005995029409483993
2026-08-14,-0.07351996943885784,-0.07351996943885784,-0.136055309164035,0.03142761283550369,0.0026805050808706124,0.0026647912744528607
2026-08-17,-0.057015463791044496,-0.057015463791044496,-0.09570056685682629,0.0403547423072087,-0.000924325431705275,-0.0009445028028588794
2026-08-18,-0.05113720756595789,-0.05113720756595789,-0.07351996943885784,0.022180597417968448,0.004830761097266792,0.004819670798557808
2026-08-19,-0.06635473362950448,-0.06635473362950448,-0.057015463791044496,0.016504505647813347,0.002293826804711163,0.0022855745518872562
2026-08-20,-0.08093965828154226,-0.08093965828154226,-0.05113720756595789,0.0058782562250866074,0.00036920500488551105,0.00036626587677296776
2026-08-21,-0.10292753636044424,-0.10292753636044424,-0.06635473362950448,0.015217526063546587,0.0014836708276667943,0.001476062064635021
2026-08-24,-0.15176256874417168,-0.15176256874417168,-0.08093965828154226,0.014584924652037784,0.0025251498049867985,0.0025178573426607796
2026-08-25,-0.18160428473351897,-0.18160428473351897,-0.10292753636044424,0.021987878078901985,-0.0002595024419998399,-0.0002704963810392909
2026-08-26,-0.17460347414549626,-0.17460347414549626,-0.15176256874417168,0.04883503238372744,-0.0013184580951406514,-0.001342875611332515
2026-08-27,-0.14253043796862636,-0.14253043796862636,-0.18160428473351897,0.02984171598934729,-0.007923574751184059,-0.007938495609178732
2026-08-28,-0.14296782522011514,-0.14296782522011514,-0.17460347414549626,0.00700081058802271,0.004967534671482558,0.004964034266188547
2026-08-31,-0.1399102886889151,-0.1399102886889151,-0.14253043796862636,0.03207303617686991,-6.372357138112872e-05,-7.976008946956367e-05
2026-09-01,-0.11823827301253448,-0.11823827301253448,-0.14296782522011514,0.00043738725148878554,0.0008625042416189029,0.0008622855479931585
2026-09-02,-0.09225137966804414,-0.09225137966804414,-0.1399102886889151,0.003057536531200028,-0.0016983631099721278,-0.0016998918782377278
2026-09-03,-0.07182502752523869,-0.07182502752523869,-0.11823827301253448,0.021672015676380635,-0.002127100704648433,-0.0021379367124866235
2026-09-04,-0.05456946454462477,-0.05456946454462477,-0.09225137966804414,0.025986893344490336,-0.0041561978410105515,-0.004169191287682797
2026-09-08,-0.039998625291776314,-0.039998625291776314,-0.07182502752523869,0.020426352142805457,-0.006500238385084677,-0.0065104515611560795
2026-09-09,-0.028077428918976008,-0.028077428918976008,-0.05456946454462477,0.01725556298061392,-0.0009245502817011227,-0.0009331780631914296
2026-09-10,-0.04017454393022068,-0.04017454393022068,-0.039998625291776314,0.014570839252848453,0.002228838415370465,0.0022215529957440405
2026-09-11,-0.039315400569528924,-0.039315400569528924,-0.028077428918976008,0.011921196372800306,-0.0007332829057860749,-0.000739243503972475
2026-09-14,-0.0691737160794482,-0.0691737160794482,-0.04017454393022068,0.01209711501124467,0.0022440608327191063,0.002238012275213484
2026-09-15,-0.09336254126544491,-0.09336254126544491,-0.039315400569528924,0.000859143360691754,2.022728634812384e-05,1.9797714667777963e-05
2026-09-16,-0.08769109597720412,-0.08769109597720412,-0.0691737160794482,0.02985831550991927,-0.002784326589373845,-0.0027992557471288046
2026-09-17,-0.049725653843347706,-0.049725653843347706,-0.09336254126544491,0.024188825185996715,-0.007160412399360252,-0.007172506811953251
2026-09-18,-0.025213183791644722,-0.025213183791644722,-0.08769109597720412,0.0056714452882407895,0.00016120055258710307,0.00015836482994298267
