Date,signal,pos,held,turnover,gross,net
2001-08-27,,0.0,0.0,0.0,0.0,0.0
2001-08-28,,0.0,0.0,0.0,-0.0,-0.0
2001-08-29,,0.0,0.0,0.0,-0.0,-0.0
2001-08-30,,0.0,0.0,0.0,-0.0,-0.0
2001-08-31,,0.0,0.0,0.0,0.0,0.0
2001-09-04,,0.0,0.0,0.0,-0.0,-0.0
2001-09-05,,0.0,0.0,0.0,-0.0,-0.0
2001-09-06,,0.0,0.0,0.0,-0.0,-0.0
2001-09-07,,0.0,0.0,0.0,-0.0,-0.0
2001-09-10,,0.0,0.0,0.0,-0.0,-0.0
2001-09-17,,0.0,0.0,0.0,-0.0,-0.0
2001-09-18,,0.0,0.0,0.0,-0.0,-0.0
2001-09-19,,0.0,0.0,0.0,-0.0,-0.0
2001-09-20,,0.0,0.0,0.0,-0.0,-0.0
2001-09-21,,0.0,0.0,0.0,-0.0,-0.0
2001-09-24,,0.0,0.0,0.0,0.0,0.0
2001-09-25,,0.0,0.0,0.0,0.0,0.0
2001-09-26,,0.0,0.0,0.0,0.0,0.0
2001-09-27,,0.0,0.0,0.0,0.0,0.0
2001-09-28,,0.0,0.0,0.0,0.0,0.0
2001-10-01,,0.0,0.0,0.0,-0.0,-0.0
2001-10-02,,0.0,0.0,0.0,0.0,0.0
2001-10-03,,0.0,0.0,0.0,0.0,0.0
2001-10-04,,0.0,0.0,0.0,0.0,0.0
2001-10-05,,0.0,0.0,0.0,0.0,0.0
2001-10-08,,0.0,0.0,0.0,-0.0,-0.0
2001-10-09,,0.0,0.0,0.0,-0.0,-0.0
2001-10-10,,0.0,0.0,0.0,0.0,0.0
2001-10-11,,0.0,0.0,0.0,0.0,0.0
2001-10-12,,0.0,0.0,0.0,-0.0,-0.0
2001-10-15,,0.0,0.0,0.0,-0.0,-0.0
2001-10-16,,0.0,0.0,0.0,0.0,0.0
2001-10-17,,0.0,0.0,0.0,0.0,0.0
2001-10-18,,0.0,0.0,0.0,-0.0,-0.0
2001-10-19,,0.0,0.0,0.0,-0.0,-0.0
2001-10-22,,0.0,0.0,0.0,0.0,0.0
2001-10-23,,0.0,0.0,0.0,0.0,0.0
2001-10-24,,0.0,0.0,0.0,0.0,0.0
2001-10-25,,0.0,0.0,0.0,-0.0,-0.0
2001-10-26,,0.0,0.0,0.0,0.0,0.0
2001-10-29,,0.0,0.0,0.0,-0.0,-0.0
2001-10-30,,0.0,0.0,0.0,-0.0,-0.0
2001-10-31,,0.0,0.0,0.0,0.0,0.0
2001-11-01,,0.0,0.0,0.0,0.0,0.0
2001-11-02,,0.0,0.0,0.0,-0.0,-0.0
2001-11-05,,0.0,0.0,0.0,0.0,0.0
2001-11-06,,0.0,0.0,0.0,0.0,0.0
2001-11-07,,0.0,0.0,0.0,-0.0,-0.0
2001-11-08,,0.0,0.0,0.0,0.0,0.0
2001-11-09,,0.0,0.0,0.0,-0.0,-0.0
2001-11-12,,0.0,0.0,0.0,-0.0,-0.0
2001-11-13,,0.0,0.0,0.0,0.0,0.0
2001-11-14,,0.0,0.0,0.0,0.0,0.0
2001-11-15,,0.0,0.0,0.0,0.0,0.0
2001-11-16,,0.0,0.0,0.0,0.0,0.0
2001-11-19,,0.0,0.0,0.0,0.0,0.0
2001-11-20,,0.0,0.0,0.0,-0.0,-0.0
2001-11-21,,0.0,0.0,0.0,-0.0,-0.0
2001-11-23,,0.0,0.0,0.0,0.0,0.0
2001-11-26,,0.0,0.0,0.0,0.0,0.0
2001-11-27,,0.0,0.0,0.0,-0.0,-0.0
2001-11-28,,0.0,0.0,0.0,-0.0,-0.0
2001-11-29,,0.0,0.0,0.0,0.0,0.0
2001-11-30,,0.0,0.0,0.0,0.0,0.0
2001-12-03,,0.0,0.0,0.0,-0.0,-0.0
2001-12-04,,0.0,0.0,0.0,0.0,0.0
2001-12-05,,0.0,0.0,0.0,0.0,0.0
2001-12-06,,0.0,0.0,0.0,0.0,0.0
2001-12-07,,0.0,0.0,0.0,-0.0,-0.0
2001-12-10,,0.0,0.0,0.0,-0.0,-0.0
2001-12-11,,0.0,0.0,0.0,0.0,0.0
2001-12-12,,0.0,0.0,0.0,0.0,0.0
2001-12-13,,0.0,0.0,0.0,-0.0,-0.0
2001-12-14,,0.0,0.0,0.0,0.0,0.0
2001-12-17,,0.0,0.0,0.0,0.0,0.0
2001-12-18,,0.0,0.0,0.0,0.0,0.0
2001-12-19,,0.0,0.0,0.0,-0.0,-0.0
2001-12-20,,0.0,0.0,0.0,-0.0,-0.0
2001-12-21,,0.0,0.0,0.0,0.0,0.0
2001-12-24,,0.0,0.0,0.0,-0.0,-0.0
2001-12-26,,0.0,0.0,0.0,-0.0,-0.0
2001-12-27,,0.0,0.0,0.0,0.0,0.0
2001-12-28,,0.0,0.0,0.0,0.0,0.0
2001-12-31,,0.0,0.0,0.0,-0.0,-0.0
2002-01-02,,0.0,0.0,0.0,0.0,0.0
2002-01-03,,0.0,0.0,0.0,0.0,0.0
2002-01-04,0.19070567010425815,0.19070567010425815,0.0,0.0,0.0,0.0
2002-01-07,0.16392615455130286,0.16392615455130286,0.0,0.0,-0.0,-0.0
2002-01-08,0.11941085693571264,0.11941085693571264,0.19070567010425815,0.19070567010425815,-0.002173213495165893,-0.002268566330218022
2002-01-09,0.05893156946068614,0.05893156946068614,0.16392615455130286,0.026779515552955296,-0.0017240839899495045,-0.001737473747725982
2002-01-10,0.025728934983318713,0.025728934983318713,0.11941085693571264,0.04451529761559021,0.0002843081285189189,0.0002620504797111238
2002-01-11,-0.011124082150225229,-0.011124082150225229,0.05893156946068614,0.060479287475026504,-0.00033495663577861814,-0.0003651962795161314
2002-01-14,-0.08348851523936322,-0.08348851523936322,0.025728934983318713,0.033202634477367425,-0.000256824334693132,-0.0002734256519318157
2002-01-15,-0.13843021532480476,-0.13843021532480476,-0.011124082150225229,0.03685301713354394,8.62755865790189e-06,-9.79894990887008e-06
2002-01-16,-0.4256201435498698,-0.4256201435498698,-0.08348851523936322,0.072364433089138,0.0014689064730891853,0.0014327242565446163
2002-01-17,-0.3869484350051179,-0.3869484350051179,-0.13843021532480476,0.05494170008544154,-0.001993039000961513,-0.0020205098510042334
2002-01-18,-0.35604730217709646,-0.35604730217709646,-0.4256201435498698,0.28718992822506506,0.00018423546090799896,4.0640496795466436e-05
2002-01-22,-0.510354202815179,-0.510354202815179,-0.3869484350051179,0.03867170854475194,0.004522735405919696,0.004503399551647321
2002-01-23,-0.5544402086627126,-0.5544402086627126,-0.35604730217709646,0.030901132828021427,-0.0009358513868479585,-0.0009513019532619692
2002-01-24,-0.5033596081413211,-0.5033596081413211,-0.510354202815179,0.1543069006380825,-0.0027645602212120683,-0.0028417136715311094
2002-01-25,-0.6689064054275474,-0.6689064054275474,-0.5544402086627126,0.04408600584753364,0.007901772091145549,0.007879729088221783
2002-01-28,-0.6189776880811064,-0.6189776880811064,-0.5033596081413211,0.05108060052139152,-0.004703875887328957,-0.004729416187589653
2002-01-29,-0.7459851253874044,-0.7459851253874044,-0.6689064054275474,0.16554679728622634,0.018579222597285592,0.01849644919864248
2002-01-30,-0.7031327817313661,-0.7031327817313661,-0.6189776880811064,0.049928717346441,-0.006839665506316021,-0.006864629864989241
2002-01-31,-0.6797052981906491,-0.6797052981906491,-0.7459851253874044,0.12700743730629793,0.0009278106452140918,0.0008643069265609429
2002-02-01,-0.6795306912373986,-0.6795306912373986,-0.7031327817313661,0.042852343656038294,0.0015640309563832182,0.001542604784555199
2002-02-04,-0.7863537941582658,-0.7863537941582658,-0.6797052981906491,0.023427483540716998,0.005575526724592762,0.005563812982822403
2002-02-05,-0.8575691961055105,-0.8575691961055105,-0.6795306912373986,0.00017460695325044462,0.013562846097862638,0.013562758794386013
2002-02-06,-0.905046130737007,-0.905046130737007,-0.7863537941582658,0.10682310292086716,0.0011541727120059017,0.0011007611605454682
2002-02-07,-0.8222198125029585,-0.8222198125029585,-0.8575691961055105,0.07121540194724474,-0.009532888819655402,-0.009568496520629025
2002-02-08,-0.6815403843148247,-0.6815403843148247,-0.905046130737007,0.04747693463149649,-0.012170254187313842,-0.012193992654629589
2002-02-11,-0.5326455015531395,-0.5326455015531395,-0.8222198125029585,0.08282631823404851,-0.010025461436083545,-0.01006687459520057
2002-02-12,-0.41051645677670345,-0.41051645677670345,-0.6815403843148247,0.14067942818813384,0.00030173594918234597,0.00023139623508827906
2002-02-13,-0.32051674950912684,-0.32051674950912684,-0.5326455015531395,0.14889488276168517,-0.000707920530041323,-0.0007823679714221656
2002-02-14,-0.24199423655488164,-0.24199423655488164,-0.41051645677670345,0.12212904477643605,-0.0032695173223524342,-0.0033305818447406524
2002-02-15,-0.2068647760173856,-0.2068647760173856,-0.32051674950912684,0.08999970726757661,0.0019697427431875866,0.0019247428895537984
2002-02-19,-0.29513548508711973,-0.29513548508711973,-0.24199423655488164,0.0785225129542452,0.005130585539104269,0.005091324282627147
2002-02-20,-0.3021524501035012,-0.3021524501035012,-0.2068647760173856,0.03512946053749605,-0.0009334954459119947,-0.0009510601761807427
2002-02-21,-0.3549309750065285,-0.3549309750065285,-0.29513548508711973,0.08827070906973414,0.0020152593372971916,0.0019711239827623246
2002-02-22,-0.34078615419295055,-0.34078615419295055,-0.3021524501035012,0.007016965016381493,-0.002186671346895426,-0.0021901798294036165
2002-02-25,-0.2791211610245789,-0.2791211610245789,-0.3549309750065285,0.05277852490302726,-0.004462989919925994,-0.004489379182377508
2002-02-26,-0.2521138548422274,-0.2521138548422274,-0.34078615419295055,0.01414482081357793,0.0019344955937882246,0.0019274231833814356
2002-02-27,-0.2067172424237244,-0.2067172424237244,-0.2791211610245789,0.06166499316837165,-0.0031124068357988467,-0.0031432393323830325
2002-02-28,-0.16821465042636777,-0.16821465042636777,-0.2521138548422274,0.027007306182351476,-0.0008896184255331986,-0.0009031220786243744
2002-03-01,-0.10352667189819312,-0.10352667189819312,-0.2067172424237244,0.04539661241850301,-0.003907117516579926,-0.003929815822789178
2002-03-04,0.0761766423282746,0.0761766423282746,-0.16821465042636777,0.038502591997356644,-0.005747537745867137,-0.005766789041865815
2002-03-05,0.1313338026028154,0.1313338026028154,-0.10352667189819312,0.06468797852817465,0.0011401523244894231,0.0011078083352253358
2002-03-06,0.24353056894215824,0.24353056894215824,0.0761766423282746,0.17970331422646774,0.0007904290022745585,0.0007005773451613246
2002-03-07,0.4689178498952902,0.4689178498952902,0.1313338026028154,0.055157160274540804,0.002039592788678756,0.0020120142085414856
2002-03-08,0.6421796712246728,0.6421796712246728,0.24353056894215824,0.11219676633934283,0.00036039125242998723,0.0003042928692603158
2002-03-11,0.7614531141497819,0.7614531141497819,0.4689178498952902,0.22538728095313193,0.0007313306371121658,0.0006186369966355999
2002-03-12,0.7132926798160775,0.7132926798160775,0.6421796712246728,0.17326182132938261,-0.007369069637106816,-0.007455700547771507
2002-03-13,0.6166095054871538,0.6166095054871538,0.7614531141497819,0.11927344292510911,-0.008208273244568085,-0.00826790996603064
2002-03-14,0.6188776886261309,0.6188776886261309,0.7132926798160775,0.04816043433370443,0.007055178338150974,0.0070310981209841215
2002-03-15,0.7272007502446665,0.7272007502446665,0.6166095054871538,0.0966831743289237,0.006858192554144028,0.006809850966979567
2002-03-18,0.7696519789350571,0.7696519789350571,0.6188776886261309,0.0022681831389771423,-0.0007112567002479659,-0.0007123907918174545
2002-03-19,0.8464346526233715,0.8464346526233715,0.7272007502446665,0.10832306161853555,0.003645361909897932,0.0035912003790886642
2002-03-20,0.7220437560272694,0.7220437560272694,0.7696519789350571,0.04245122869039064,-0.009881107157884657,-0.009902332772229853
2002-03-21,0.6402382791169572,0.6402382791169572,0.8464346526233715,0.07678267368831437,0.002173710032223119,0.0021353186953789616
2002-03-22,0.5208144358609175,0.5208144358609175,0.7220437560272694,0.12439089659610203,-0.006383583164849014,-0.0064457786131470645
2002-03-25,0.3963837418606686,0.3963837418606686,0.6402382791169572,0.08180547691031226,-0.007898727769822943,-0.007939630508278098
2002-03-26,0.33493987853957585,0.33493987853957585,0.5208144358609175,0.11942384325603972,0.0032969146518308907,0.0032372027302028706
2002-03-27,0.29110495647443463,0.29110495647443463,0.3963837418606686,0.12443069400024886,0.000598288662988018,0.0005360733159878936
2002-03-28,0.282915397492389,0.282915397492389,0.33493987853957585,0.06144386332109275,0.0019354657916810548,0.0019047438600205086
2002-04-01,0.3035125635674054,0.3035125635674054,0.29110495647443463,0.043834922065141224,0.0016240050698524675,0.001602087608819897
2002-04-02,0.2891563376470677,0.2891563376470677,0.282915397492389,0.008189558982045653,-0.001101036298358661,-0.0011051310778496838
2002-04-03,0.27472297750242086,0.27472297750242086,0.3035125635674054,0.020597166075016438,5.050505862825859e-05,4.0206475590750376e-05
2002-04-04,0.23170258843076397,0.23170258843076397,0.2891563376470677,0.014356225920337695,-0.00040858314052057474,-0.00041576125348074356
2002-04-05,0.2023820103599756,0.2023820103599756,0.27472297750242086,0.014433360144646856,0.0,-7.216680072323428e-06
2002-04-08,0.15688368870710678,0.15688368870710678,0.23170258843076397,0.043020389071656895,-0.0026805419201170405,-0.002702052114652869
2002-04-09,0.11085887956166263,0.11085887956166263,0.2023820103599756,0.02932057807078836,-0.00030669681720263636,-0.00032135710623803056
2002-04-10,0.12636488584494895,0.12636488584494895,0.15688368870710678,0.04549832165286882,0.0020505939752549457,0.002027844814428511
2002-04-11,0.11465953006919888,0.11465953006919888,0.11085887956166263,0.04602480914544416,-0.002463910424708113,-0.002486922829280835
2002-04-12,0.1384683980587864,0.1384683980587864,0.12636488584494895,0.015506006283286328,0.0012910142041011503,0.0012832612009595072
2002-04-15,0.18813892228179147,0.18813892228179147,0.11465953006919888,0.011705355775750076,0.0008117030335232337,0.0008058503556353586
2002-04-16,0.3948448222106339,0.3948448222106339,0.1384683980587864,0.023808867989587534,0.0025955002265727065,0.0025835957925779128
2002-04-17,0.5497523679205221,0.5497523679205221,0.18813892228179147,0.04967052422300505,0.000247300630955423,0.00022246536884392047
2002-04-18,0.6998349119470147,0.6998349119470147,0.3948448222106339,0.20670589992884242,0.0012631034132905999,0.0011597504633261786
2002-04-19,0.7998899412980098,0.7998899412980098,0.5497523679205221,0.15490754570988818,0.002202898057333346,0.002125444284478402
2002-04-22,0.7716073498352687,0.7716073498352687,0.6998349119470147,0.15008254402649268,-0.004901777030947594,-0.0049768183029608405
2002-04-23,0.7274890344047568,0.7274890344047568,0.7998899412980098,0.10005502935099508,-0.002099370628161374,-0.0021493981428368715
2002-04-24,0.6504511338715275,0.6504511338715275,0.7716073498352687,0.028282591462741147,-0.0038073886042363516,-0.003821529899967722
2002-04-25,0.6536863806206801,0.6536863806206801,0.7274890344047568,0.04411831543051192,0.006613614960179847,0.006591555802464591
2002-04-26,0.5668715892299355,0.5668715892299355,0.6504511338715275,0.07703790053322923,-0.005753527063993233,-0.005792046014259848
2002-04-29,0.48746740413411493,0.48746740413411493,0.6536863806206801,0.0032352467491525427,-0.0017285286166549342,-0.0017301462400295105
2002-04-30,0.4922895744278266,0.4922895744278266,0.5668715892299355,0.08681479139074455,0.005776642869867715,0.0057332354741723435
2002-05-01,0.6108594140600623,0.6108594140600623,0.48746740413411493,0.07940418509582059,0.002558759081643968,0.0025190569890960576
2002-05-02,0.6321084510838068,0.6321084510838068,0.4922895744278266,0.004822170293711681,-0.0013253320377770962,-0.001327743122923952
2002-05-03,0.7547389673892045,0.7547389673892045,0.6108594140600623,0.11856983963223566,0.004147731137691357,0.004088446217875239
2002-05-06,0.6430793507557082,0.6430793507557082,0.6321084510838068,0.021249037023744477,-0.006523191196014256,-0.0065338157145261285
2002-05-07,0.4982903469816392,0.4982903469816392,0.7547389673892045,0.12263051630539779,-0.00991431298717685,-0.009975628245329549
2002-05-08,0.6360071910168759,0.6360071910168759,0.6430793507557082,0.11165961663349633,0.014177666881374432,0.014121837073057683
2002-05-09,0.6587115105210026,0.6587115105210026,0.4982903469816392,0.144789003774069,-0.0024337726306746343,-0.002506167132561669
2002-05-10,0.5910424486412215,0.5910424486412215,0.6360071910168759,0.13771684403523665,-0.0052545036620861504,-0.005323362084103769
2002-05-13,0.723341285773238,0.723341285773238,0.6587115105210026,0.02270431950412677,0.009779797277380394,0.009768445117628331
2002-05-14,0.8155608571821586,0.8155608571821586,0.5910424486412215,0.06766906187978117,0.0006724775992540008,0.0006386430683141102
2002-05-15,0.8770405714547724,0.8770405714547724,0.723341285773238,0.1322988371320165,0.0030536357818620494,0.002987486363296041
2002-05-16,0.9180270476365151,0.9180270476365151,0.8155608571821586,0.09221957140892068,0.004153887952911797,0.004107778167207337
2002-05-17,0.9453513650910101,0.9453513650910101,0.8770405714547724,0.061479714272613784,0.007829809547503192,0.007799069690366886
2002-05-20,0.8902477463957843,0.8902477463957843,0.9180270476365151,0.04098647618174267,-0.004683883748322942,-0.004704376986413813
2002-05-21,0.8223685733384899,0.8223685733384899,0.9453513650910101,0.02732431745449504,-0.001439313477696452,-0.0014529756364236996
2002-05-22,0.7584073376408998,0.7584073376408998,0.8902477463957843,0.05510361869522584,0.0017148219144590556,0.0016872701051114426
2002-05-23,0.7263418030899218,0.7263418030899218,0.8223685733384899,0.0678791730572944,0.0007904022420081819,0.0007564626554795346
2002-05-24,0.563812576050333,0.563812576050333,0.7584073376408998,0.06396123569759005,-0.004976446418430986,-0.005008427036279781
2002-05-28,0.39117772231850717,0.39117772231850717,0.7263418030899218,0.03206553455097805,-0.0014626143530647856,-0.0014786471203402747
2002-05-29,0.28251073634798984,0.28251073634798984,0.563812576050333,0.16252922703958883,-0.0005461025591642813,-0.0006273671726840757
2002-05-30,0.19976861921736802,0.19976861921736802,0.39117772231850717,0.1726348537318258,-0.001738008148936857,-0.00182432557580277
2002-05-31,0.1371841657220055,0.1371841657220055,0.28251073634798984,0.10866698597051733,-0.001490289349555503,-0.0015446228425407616
2002-06-03,0.09147439082881288,0.09147439082881288,0.19976861921736802,0.08274211713062182,-0.0003747790280256297,-0.00041615008659094064
2002-06-04,0.060987440303358655,0.060987440303358655,0.1371841657220055,0.06258445349536251,-0.0007848423131038259,-0.0008161345398515071
2002-06-05,0.04065852410261848,0.04065852410261848,0.09147439082881288,0.045709774893192626,-0.0001880016542605463,-0.00021085654170714262
2002-06-06,0.02690350441395938,0.02690350441395938,0.060987440303358655,0.030486950525454228,-0.000602848422882926,-0.0006180918981456531
2002-06-07,0.017246441473103894,0.017246441473103894,0.04065852410261848,0.020328916200740177,-0.0003213463749406089,-0.000331510833040979
2002-06-10,0.008201947746022693,0.008201947746022693,0.02690350441395938,0.013755019688659099,8.799165617799178e-05,8.111414633366222e-05
2002-06-11,-0.004002831646726316,-0.004002831646726316,0.017246441473103894,0.009657062940855485,-8.50587441383067e-05,-8.988727560873444e-05
2002-06-12,-0.03276748001217278,-0.03276748001217278,0.008201947746022693,0.009044493727081201,-4.5470325810140874e-05,-4.999257267368147e-05
2002-06-13,-0.35517832000811517,-0.35517832000811517,-0.004002831646726316,0.01220477939274901,6.72822069328583e-05,6.11798172364838e-05
2002-06-14,-0.5701188800054101,-0.5701188800054101,-0.03276748001217278,0.02876464836544646,0.0003772158799164411,0.0003628335557337179
2002-06-17,-0.5028616558533825,-0.5028616558533825,-0.35517832000811517,0.3224108399959424,-0.005618136181500949,-0.0057793416014989205
2002-06-18,-0.4449540315813907,-0.4449540315813907,-0.5701188800054101,0.21494055999729494,-0.0013656623844103975,-0.001473132664409045
2002-06-19,-0.6299693543875938,-0.6299693543875938,-0.5028616558533825,0.06725722415202762,0.013562835231066406,0.013529206618990392
2002-06-20,-0.7533129029250626,-0.7533129029250626,-0.4449540315813907,0.05790762427199181,0.0020685787893278784,0.0020396249771918824
2002-06-21,-0.8195229610316104,-0.8195229610316104,-0.6299693543875938,0.18501532280620314,-0.0007214953296452548,-0.0008140029910483564
2002-06-24,-0.8622363494612816,-0.8622363494612816,-0.7533129029250626,0.12334354853746876,-6.648422157180307e-05,-0.00012815599584053744
2002-06-25,-0.8804869083173283,-0.8804869083173283,-0.8195229610316104,0.06621005810654779,-0.0006491963055584888,-0.0006823013346117626
2002-06-26,-0.8906057741254295,-0.8906057741254295,-0.8622363494612816,0.042713388429671206,-0.0001514668162599896,-0.00017282351047482518
2002-06-27,-0.7023083428289966,-0.7023083428289966,-0.8804869083173283,0.01825055885604676,-0.02175687088675426,-0.021765996166182286
2002-06-28,-0.49463215227316265,-0.49463215227316265,-0.8906057741254295,0.010118865808101174,-0.015438351926901826,-0.015443411359805877
2002-07-01,-0.3898227025501302,-0.3898227025501302,-0.7023083428289966,0.18829743129643295,0.005627978909291578,0.005533830193643362
2002-07-02,-0.42936097220237696,-0.42936097220237696,-0.49463215227316265,0.20767619055583392,0.00904291555765284,0.008939077462374921
2002-07-03,-0.5204848667133759,-0.5204848667133759,-0.3898227025501302,0.10480944972303247,0.0037142106442586854,0.0036618059193971693
2002-07-05,-0.3658470996784949,-0.3658470996784949,-0.42936097220237696,0.03953826965224677,-0.01667107936942094,-0.016690848504247062
2002-07-08,-0.2667914923365668,-0.2667914923365668,-0.5204848667133759,0.09112389451099895,0.000394231949923962,0.00034867000266846255
2002-07-09,-0.2617986309463903,-0.2617986309463903,-0.3658470996784949,0.15463776703488102,0.004469069123065475,0.004391750239548035
2002-07-10,-0.464309700014333,-0.464309700014333,-0.2667914923365668,0.09905560734192809,0.007486095275096607,0.007436567471425643
2002-07-11,-0.6401100587113082,-0.6401100587113082,-0.2617986309463903,0.004992861390176517,0.0010566816521087221,0.001054185221413634
2002-07-12,-0.7600733724742055,-0.7600733724742055,-0.464309700014333,0.20251106906794275,0.006340982085667079,0.006239726551133107
2002-07-15,-0.8400489149828037,-0.8400489149828037,-0.6401100587113082,0.1758003586969752,0.007490199721474229,0.007402299542125741
2002-07-16,-0.8933659433218692,-0.8933659433218692,-0.7600733724742055,0.11996331376289726,0.014701460515962637,0.014641478859081188
2002-07-17,-0.7747764764100641,-0.7747764764100641,-0.8400489149828037,0.07997554250859817,-0.021291862586019852,-0.02133185035727415
2002-07-18,-0.6769329590510447,-0.6769329590510447,-0.8933659433218692,0.0533170283390656,-0.0035328327373864293,-0.003559491251555962
2002-07-19,-0.7846219727006964,-0.7846219727006964,-0.7747764764100641,0.11858946691180516,0.027400300460322217,0.027341005726866315
2002-07-22,-0.8564146484671311,-0.8564146484671311,-0.6769329590510447,0.09784351735901942,0.024441021073995147,0.02439209931531564
2002-07-23,-0.9042764323114207,-0.9042764323114207,-0.7846219727006964,0.10768901364965178,0.022288137881477724,0.022234293374652898
2002-07-24,-0.7880708990164806,-0.7880708990164806,-0.8564146484671311,0.07179267576643467,-0.030640908749712637,-0.030676805087595856
2002-07-25,-0.7488635939218617,-0.7488635939218617,-0.9042764323114207,0.04786178384428963,0.009604552512883934,0.009580621620961788
2002-07-26,-0.7231618953424264,-0.7231618953424264,-0.7880708990164806,0.1162055332949401,-0.0,-5.810276664747005e-05
2002-07-29,-0.5716000581212629,-0.5716000581212629,-0.7488635939218617,0.039207305094618894,-0.03584975677412051,-0.035869360426667815
2002-07-30,-0.4861978284177352,-0.4861978284177352,-0.7231618953424264,0.025701698579435384,0.004605309968860287,0.00459245911957057
2002-07-31,-0.43661468896880884,-0.43661468896880884,-0.5716000581212629,0.15156183722116345,0.002176801053065145,0.0021010201344545633
2002-08-01,-0.5155978052910417,-0.5155978052910417,-0.4861978284177352,0.08540222970352773,0.016999750254739935,0.016957049139888172
2002-08-02,-0.5804776882377461,-0.5804776882377461,-0.43661468896880884,0.04958313944892634,0.001687466851949973,0.0016626752822255096
2002-08-05,-0.7203184588251641,-0.7203184588251641,-0.5155978052910417,0.07898311632223287,0.017503417302549486,0.01746392574438837
2002-08-06,-0.7170120826346845,-0.7170120826346845,-0.5804776882377461,0.06487988294670444,-0.012705153928027929,-0.012737593869501282
2002-08-07,-0.6428386028817463,-0.6428386028817463,-0.7203184588251641,0.13984077058741795,-0.013942203970599362,-0.014012124355893071
2002-08-08,-0.533880415213569,-0.533880415213569,-0.7170120826346845,0.0033063761904795763,-0.016240913994823476,-0.016242567182918714
2002-08-09,-0.43971676684691013,-0.43971676684691013,-0.6428386028817463,0.0741734797529382,-0.006058600296004756,-0.006095687035881226
2002-08-12,-0.3854911583301223,-0.3854911583301223,-0.533880415213569,0.10895818766817733,0.005981703398715873,0.005927224304881785
2002-08-13,-0.3706718171749095,-0.3706718171749095,-0.43971676684691013,0.09416364836665886,0.004193727978882761,0.004146646154699432
2002-08-14,-0.3136461932259569,-0.3136461932259569,-0.3854911583301223,0.054225608516787815,-0.009040996478475935,-0.009068109282734329
2002-08-15,-0.2494982131706212,-0.2494982131706212,-0.3706718171749095,0.014819341155212828,-0.0029349272079847943,-0.0029423368785624006
2002-08-16,-0.2062447518889362,-0.2062447518889362,-0.3136461932259569,0.05702562394895261,-0.0,-2.8512811974476304e-05
2002-08-19,-0.14206077812104398,-0.14206077812104398,-0.2494982131706212,0.06414798005533567,-0.004496440290300575,-0.004528514280328243
2002-08-20,-0.13342988047851875,-0.13342988047851875,-0.2062447518889362,0.043253461281685,0.0055235090959351125,0.00550188236529427
2002-08-21,-0.09935478136359993,-0.09935478136359993,-0.14206077812104398,0.06418397376789223,-0.0035779773090897824,-0.0036100692959737286
2002-08-22,-0.07081011958422612,-0.07081011958422612,-0.13342988047851875,0.008630897642525226,-0.00038858012451757954,-0.00039289557333884215
2002-08-23,-0.0624364763885292,-0.0624364763885292,-0.09935478136359993,0.03407509911491882,0.0012349744316609858,0.0012179368821035265
2002-08-26,-0.05037893053879938,-0.05037893053879938,-0.07081011958422612,0.028544661779373814,-0.00032528316133947335,-0.0003395554922291603
2002-08-27,-0.03176293645797009,-0.03176293645797009,-0.0624364763885292,0.008373643195696917,-0.0005481315843019224,-0.0005523184058997708
2002-08-28,-0.048877696922513175,-0.048877696922513175,-0.05037893053879938,0.012057545849729817,0.0013746843719195966,0.0013686555989947317
2002-08-29,-0.06896629730343581,-0.06896629730343581,-0.03176293645797009,0.01861599408082929,0.0003108130733974037,0.00030150507635698907
2002-08-30,-0.08069061248687148,-0.08069061248687148,-0.048877696922513175,0.017114760464543084,2.30092628831318e-05,1.445188265086026e-05
2002-09-03,-0.20969672569475017,-0.20969672569475017,-0.06896629730343581,0.02008860038092264,0.0026950030812306278,0.0026849587810401664
2002-09-04,-0.2829309821324947,-0.2829309821324947,-0.08069061248687148,0.011724315183435668,-1.5810585905195992e-05,-2.1672743496913828e-05
2002-09-05,-0.34178583517956906,-0.34178583517956906,-0.20969672569475017,0.1290061132078787,0.0015818942709148773,0.0015173912143109378
2002-09-06,-0.32249394754858196,-0.32249394754858196,-0.2829309821324947,0.0732342564377445,-0.004133546294859667,-0.004170163423078539
2002-09-09,-0.32705228003890185,-0.32705228003890185,-0.34178583517956906,0.058854853047074385,0.0015296634079290682,0.001500235981405531
2002-09-10,-0.3040746673375828,-0.3040746673375828,-0.32249394754858196,0.019291887630987103,-0.0024584612927044387,-0.0024681072365199323
2002-09-11,-0.2643092072356549,-0.2643092072356549,-0.32705228003890185,0.004558332490319894,-0.003045220431732648,-0.003047499597977808
2002-09-12,-0.27731872941400215,-0.27731872941400215,-0.3040746673375828,0.02297761270131904,0.0050258794763223666,0.005014390669971707
2002-09-13,-0.4888608811734665,-0.4888608811734665,-0.2643092072356549,0.03976546010192794,0.006508391190655026,0.006488508460604062
2002-09-16,-0.6592405874489777,-0.6592405874489777,-0.27731872941400215,0.013009522178347277,0.002278129178870881,0.0022716244177817075
2002-09-17,-0.7728270582993185,-0.7728270582993185,-0.4888608811734665,0.21154215175946434,0.00246896895485384,0.0023631978789741075
2002-09-18,-0.8485513721995457,-0.8485513721995457,-0.6592405874489777,0.17037970627551124,0.00033468136646705893,0.00024949151332930334
2002-09-19,-0.8990342481330305,-0.8990342481330305,-0.7728270582993185,0.11358647085034079,0.013344979730711398,0.013288186495286227
2002-09-20,-0.9326894987553538,-0.9326894987553538,-0.8485513721995457,0.07572431390022716,0.004648147601231463,0.004610285444281349
2002-09-23,-0.9551263325035693,-0.9551263325035693,-0.8990342481330305,0.05048287593348477,0.03195499479678273,0.03192975335881599
2002-09-24,-0.9700842216690462,-0.9700842216690462,-0.9326894987553538,0.03365525062232333,0.015075475792289812,0.01505864816697865
2002-09-25,-0.8088917436660842,-0.8088917436660842,-0.9551263325035693,0.02243683374821548,-0.024060812179354258,-0.024072030596228366
2002-09-26,-0.635908259473381,-0.635908259473381,-0.9700842216690462,0.014957889165476912,-0.03420181237946961,-0.03420929132405234
2002-09-27,-0.5147398866070264,-0.5147398866070264,-0.8088917436660842,0.161192478002962,0.0002503311400723913,0.00016973490107091032
2002-09-30,-0.4830176859194241,-0.4830176859194241,-0.635908259473381,0.17298348419270315,0.010962867884596423,0.010876376142500071
2002-10-01,-0.40711667520057915,-0.40711667520057915,-0.5147398866070264,0.12116837286635462,-0.012598174570498069,-0.012658758756931246
2002-10-02,-0.3729150515749113,-0.3729150515749113,-0.4830176859194241,0.03172220068760229,0.006636279053177247,0.006620417952833446
2002-10-03,-0.37767004544658,-0.37767004544658,-0.40711667520057915,0.07590101071884497,0.004486410748861387,0.004448460243501964
2002-10-04,-0.43953874822766925,-0.43953874822766925,-0.3729150515749113,0.034201623625667865,0.006389743076333899,0.006372642264521065
2002-10-07,-0.6263591654851128,-0.6263591654851128,-0.37767004544658,0.004754993871668722,0.009290255337225693,0.009287877840289858
2002-10-08,-0.7272779954064046,-0.7272779954064046,-0.43953874822766925,0.061868702781089246,-0.0011567055388603572,-0.0011876398902509017
2002-10-09,-0.8181853302709364,-0.8181853302709364,-0.6263591654851128,0.18682041725744358,0.009863788374030997,0.009770378165402275
2002-10-10,-0.701420092752558,-0.701420092752558,-0.7272779954064046,0.10091882992129175,-0.016969746952881875,-0.01702020636784252
2002-10-11,-0.5337193665402467,-0.5337193665402467,-0.8181853302709364,0.09090733486453184,-0.029760073882480944,-0.02980552754991321
2002-10-14,-0.4999952980754043,-0.4999952980754043,-0.701420092752558,0.11676523751837842,0.018003942700776585,0.017945560082017396
2002-10-15,-0.33609082990259104,-0.33609082990259104,-0.5337193665402467,0.16770072621231136,-0.03730305986806122,-0.03738691023116737
2002-10-16,-0.2632612423973111,-0.2632612423973111,-0.4999952980754043,0.03372406846484233,0.008793962876843765,0.008777100842611343
2002-10-17,-0.1855720384769609,-0.1855720384769609,-0.33609082990259104,0.1639044681728133,-0.00481351926641087,-0.004895471500497277
2002-10-18,-0.15007950688794336,-0.15007950688794336,-0.2632612423973111,0.07282958750527996,0.002124081812052976,0.002087667018300336
2002-10-21,-0.0979641223184759,-0.0979641223184759,-0.1855720384769609,0.07768920392035017,-0.002641562921171264,-0.002680407523131439
2002-10-22,-0.08626934186874295,-0.08626934186874295,-0.15007950688794336,0.03549253158901755,0.00171516790889465,0.0016974216431001412
2002-10-23,-0.09700483603644414,-0.09700483603644414,-0.0979641223184759,0.05211538456946746,0.0009040537398700937,0.0008779960475853599
2002-10-24,-0.1251162875725722,-0.1251162875725722,-0.08626934186874295,0.011694780449732947,0.0008388673797917062,0.0008330199895668398
2002-10-25,-0.10713971172828554,-0.10713971172828554,-0.09700483603644414,0.010735494167701184,-0.0016543493979486645,-0.001659717145032515
2002-10-28,-0.08509904129393937,-0.08509904129393937,-0.1251162875725722,0.028111451536128068,-0.0005721637649469786,-0.0005862194907150426
2002-10-29,-0.07393177229599264,-0.07393177229599264,-0.10713971172828554,0.017976575844286663,0.0023844640010598074,0.002375475713137664
2002-10-30,-0.05676163776598042,-0.05676163776598042,-0.08509904129393937,0.02204067043434617,-0.0013647461355548367,-0.0013757664707720098
2002-10-31,-0.04128058061169703,-0.04128058061169703,-0.07393177229599264,0.011167268997946733,-0.0004893499415828708,-0.0004949335760818443
2002-11-01,-0.023674073765400563,-0.023674073765400563,-0.05676163776598042,0.017170134530012218,-0.0008843108020917894,-0.0008928958693567955
2002-11-04,-0.004962639433983231,-0.004962639433983231,-0.04128058061169703,0.015481057154283391,-0.0005386688536849583,-0.0005464093822621
2002-11-05,0.01687155274745398,0.01687155274745398,-0.023674073765400563,0.017606506846296468,-0.0003608200091891328,-0.000369623262612281
2002-11-06,0.028044654520808135,0.028044654520808135,-0.004962639433983231,0.01871143433141733,-2.403512910919613e-06,-1.1759230076628278e-05
2002-11-07,0.028936008223870224,0.028936008223870224,0.01687155274745398,0.021834192181437208,-0.0002858262564245586,-0.0002967433525152772
2002-11-08,0.02456902143918894,0.02456902143918894,0.028044654520808135,0.011173101773354156,-0.0002347393254834204,-0.00024032587637009748
2002-11-11,0.009991510771855115,0.009991510771855115,0.028936008223870224,0.0008913537030620887,-0.0005660808496029186,-0.0005665265264544496
2002-11-12,0.01148105581556591,0.01148105581556591,0.02456902143918894,0.004366986784681285,0.00045292096329095297,0.0004507374698986123
2002-11-13,0.0063151036836294,0.0063151036836294,0.009991510771855115,0.014577510667333824,-0.00011427577789078849,-0.0001215645332244554
2002-11-14,0.01998580659574891,0.01998580659574891,0.01148105581556591,0.0014895450437107955,0.0002564179335238631,0.00025567316100200767
2002-11-15,0.043771625502432875,0.043771625502432875,0.0063151036836294,0.00516595213193651,9.508185358912559e-05,9.249887752315734e-05
2002-11-18,0.047300447645489324,0.047300447645489324,0.01998580659574891,0.01367070291211951,-0.00025188205100687807,-0.0002587174024629378
2002-11-19,0.04023054523082293,0.04023054523082293,0.043771625502432875,0.023785818906683964,-0.0004082749653937995,-0.0004201678748471415
2002-11-20,0.0759212386486541,0.0759212386486541,0.047300447645489324,0.0035288221430564495,0.0006562863765508443,0.0006545219654793161
2002-11-21,0.23725127835563994,0.23725127835563994,0.04023054523082293,0.007069902414666394,0.0009831586904208668,0.0009796237392135335
2002-11-22,0.3125447963538083,0.3125447963538083,0.0759212386486541,0.035690693417831175,-0.00036222398157982106,-0.00038006932828873666
2002-11-25,0.37806386421816907,0.37806386421816907,0.23725127835563994,0.16133003970698584,-0.0018424609468748268,-0.0019231259667283197
2002-11-26,0.3210788635687706,0.3210788635687706,0.3125447963538083,0.07529351799816833,-0.007308657273405295,-0.007346304032404378
2002-11-27,0.44329882320221575,0.44329882320221575,0.37806386421816907,0.06551906786436079,0.010473722427796187,0.010440962893864007
2002-11-29,0.5748179934835607,0.5748179934835607,0.3210788635687706,0.05698500064939849,0.0016384010003853999,0.0016099085000607007
2002-12-02,0.7165453289890404,0.7165453289890404,0.44329882320221575,0.12221995963344517,0.0022079617887955567,0.002146851808978834
2002-12-03,0.6286571276134784,0.6286571276134784,0.5748179934835607,0.1315191702813449,-0.010190242546120283,-0.010256002131260955
2002-12-04,0.5411729386606134,0.5411729386606134,0.7165453289890404,0.14172733550547978,-0.00326766094273586,-0.0033385246104885996
2002-12-05,0.4351959690678572,0.4351959690678572,0.6286571276134784,0.08788820137556208,-0.007047225529097494,-0.007091169629785275
2002-12-06,0.3696503938126057,0.3696503938126057,0.5411729386606134,0.08748418895286492,0.003788027067169884,0.0037442849726934515
2002-12-09,0.2763207899413635,0.2763207899413635,0.4351959690678572,0.10597696959275626,-0.011162355918904911,-0.01121534440370129
2002-12-10,0.24714020103997567,0.24714020103997567,0.3696503938126057,0.06554557525525145,0.00501388610817619,0.004981113320548564
2002-12-11,0.21258927877930464,0.21258927877930464,0.2763207899413635,0.09332960387124223,-0.00035602345728073944,-0.00040268825921636057
2002-12-12,0.16161825819634032,0.16161825819634032,0.24714020103997567,0.029180588901387833,-0.0004905793047014373,-0.0005051695991521312
2002-12-13,0.11832395183399214,0.11832395183399214,0.21258927877930464,0.034550922260671024,-0.0020086104085811404,-0.002025885869711476
2002-12-16,0.14100530585620374,0.14100530585620374,0.16161825819634032,0.05097102058296432,0.003488780792798751,0.003463295282507269
2002-12-17,0.13784956666603207,0.13784956666603207,0.11832395183399214,0.043294306362348184,-0.0005930713382902153,-0.0006147184914713894
2002-12-18,0.11052455596385558,0.11052455596385558,0.14100530585620374,0.02268135402221161,-0.0029805777118991597,-0.0029919183889102656
2002-12-19,0.1000817122576078,0.1000817122576078,0.13784956666603207,0.0031557391901716747,0.0007650440357398745,0.0007634661661447887
2002-12-20,0.10487960551651146,0.10487960551651146,0.11052455596385558,0.027325010702176494,0.0006654722006009078,0.0006518096952498196
2002-12-23,0.092250064476621,0.092250064476621,0.1000817122576078,0.010442843706247776,0.00018521170163015796,0.00017999027977703408
2002-12-24,0.07699070681417042,0.07699070681417042,0.10487960551651146,0.00479789325890366,-0.00019155883181141566,-0.00019395777844086748
2002-12-26,0.07188595302907536,0.07188595302907536,0.092250064476621,0.01262954103989046,0.00030946961381192646,0.00030315484329198125
2002-12-27,0.059359706537701486,0.059359706537701486,0.07699070681417042,0.015259357662450582,-0.0012090987554323846,-0.00121672843426361
2002-12-30,0.07121781362530763,0.07121781362530763,0.07188595302907536,0.005104753785095062,0.001072947589784574,0.0010703952128920263
2002-12-31,0.06974755926030513,0.06974755926030513,0.059359706537701486,0.01252624649137387,0.00024682185057963465,0.00024055872733394772
2003-01-02,0.1625206507811557,0.1625206507811557,0.07121781362530763,0.011858107087606144,0.0015033305242121199,0.0014974014706683168
2003-01-03,0.18160388537860112,0.18160388537860112,0.06974755926030513,0.0014702543650025046,6.9004776994482e-05,6.826964981198075e-05
2003-01-06,0.3235168613824583,0.3235168613824583,0.1625206507811557,0.09277309152085059,0.002007393214478606,0.0019610066687181806
2003-01-07,0.28351469676756635,0.28351469676756635,0.18160388537860112,0.019083234597445403,-0.002836233921754751,-0.0028457755390534738
2003-01-08,0.22649472651078228,0.22649472651078228,0.3235168613824583,0.14191297600385716,-0.004394653771984711,-0.004465610259986639
2003-01-09,0.1986054692013264,0.1986054692013264,0.28351469676756635,0.04000216461489192,0.003476893428557266,0.00345689234624982
2003-01-10,0.19248696967031592,0.19248696967031592,0.22649472651078228,0.05701997025678407,-0.0002924398671665666,-0.00032094985229495863
2003-01-13,0.18665617220866348,0.18665617220866348,0.1986054692013264,0.027889257309455878,0.0004147394022813088,0.00040079477362658087
2003-01-14,0.22495463060748677,0.22495463060748677,0.19248696967031592,0.006118499531010485,0.0014706649142790117,0.0014676056645135064
2003-01-15,0.20092784080375475,0.20092784080375475,0.18665617220866348,0.005830797461652437,-0.0017829014744734605,-0.0017858168732042866
2003-01-16,0.18290394507292834,0.18290394507292834,0.22495463060748677,0.03829845839882329,0.000939334619770138,0.0009201853905707264
2003-01-17,0.1423967839718033,0.1423967839718033,0.20092784080375475,0.024026789803732018,-0.002108759046143472,-0.0021207724410453378
2003-01-21,0.08475020875049631,0.08475020875049631,0.18290394507292834,0.01802389573082641,-0.0032210702874502966,-0.0032300822353157096
2003-01-22,0.011394030502810994,0.011394030502810994,0.1423967839718033,0.04050716110112504,-0.0020014607503464074,-0.00202171433089697
2003-01-23,-0.01597098789276074,-0.01597098789276074,0.08475020875049631,0.05764657522130699,0.0005953473515502956,0.0005665240639396421
2003-01-24,-0.05885599962757353,-0.05885599962757353,0.011394030502810994,0.07335617824768531,-0.00012039096889984258,-0.00015706905802368522
2003-01-27,-0.3725706664183823,-0.3725706664183823,-0.01597098789276074,0.027365018395571733,0.0004255646899049071,0.0004118821807071212
2003-01-28,-0.4881621546557307,-0.4881621546557307,-0.05885599962757353,0.04288501173481279,-0.00025077463883363746,-0.00027221714470104384
2003-01-29,-0.6094694474685022,-0.6094694474685022,-0.3725706664183823,0.3137146667908088,0.0009088100053278259,0.0007519526719324214
2003-01-30,-0.7080746532237394,-0.7080746532237394,-0.4881621546557307,0.11559148823734838,0.0003113858019912195,0.0002535900578725453
2003-01-31,-0.6368960656713815,-0.6368960656713815,-0.6094694474685022,0.12130729281277147,-0.004927873595624965,-0.004988527242031351
2003-02-03,-0.4943906275309248,-0.4943906275309248,-0.7080746532237394,0.09860520575523724,-0.011134949367329611,-0.01118425197020723
2003-02-04,-0.49870365234682074,-0.49870365234682074,-0.6368960656713815,0.07117858755235795,0.009198766415387177,0.009163177121610997
2003-02-05,-0.4802708466523349,-0.4802708466523349,-0.4943906275309248,0.14250543814045669,-0.0008339404060185801,-0.0009051931250888084
2003-02-06,-0.6039909393530289,-0.6039909393530289,-0.49870365234682074,0.0043130248158959605,0.004828959853286706,0.004826803340878758
2003-02-07,-0.735993959568686,-0.735993959568686,-0.4802708466523349,0.018432805694485854,0.006941778863627809,0.006932562460780566
2003-02-10,-0.7391522006463054,-0.7391522006463054,-0.6039909393530289,0.12372009270069406,-0.002084069873202968,-0.002145929919553315
2003-02-11,-0.6616413613263334,-0.6616413613263334,-0.735993959568686,0.13200302021565702,-0.0035593961856303187,-0.003625397695738147
2003-02-12,-0.7744275742175557,-0.7744275742175557,-0.7391522006463054,0.003158241077619417,0.007826319869349297,0.007824740748810488
2003-02-13,-0.6534523284907982,-0.6534523284907982,-0.6616413613263334,0.07751083931997194,-0.009726934385571337,-0.009765689805231322
2003-02-14,-0.5162667600969345,-0.5162667600969345,-0.7744275742175557,0.11278621289122226,-0.007342310123759121,-0.007398703230204732
2003-02-18,-0.373939515961612,-0.373939515961612,-0.6534523284907982,0.12097524572675755,-0.009585371510797734,-0.009645859133661113
2003-02-19,-0.39882240574694566,-0.39882240574694566,-0.5162667600969345,0.13718556839386364,0.012081171692572452,0.01201257890837552
2003-02-20,-0.4118350034401269,-0.4118350034401269,-0.373939515961612,0.1423272441353225,-0.0003981059227763754,-0.00046926954484403666
2003-02-21,-0.3774308324645651,-0.3774308324645651,-0.39882240574694566,0.02488288978533365,-0.0025457571952793873,-0.002558198640172054
2003-02-24,-0.44270355889006313,-0.44270355889006313,-0.4118350034401269,0.01301259769318125,0.005006281040800533,0.004999774741953942
2003-02-25,-0.628469039260042,-0.628469039260042,-0.3774308324645651,0.03440417097556181,0.0046447434019577126,0.004627541316469932
2003-02-26,-0.7523126928400281,-0.7523126928400281,-0.44270355889006313,0.06527272642549803,0.00527603562526668,0.005243399262053931
2003-02-27,-0.8150325606570619,-0.8150325606570619,-0.628469039260042,0.18576548036997892,-0.0008957503408733961,-0.0009886330810583855
2003-02-28,-0.7010797201189847,-0.7010797201189847,-0.7523126928400281,0.12384365357998606,-0.011697119830173582,-0.011759041656963575
2003-03-03,-0.5958162385764194,-0.5958162385764194,-0.8150325606570619,0.06271986781703376,-0.0035147236273898874,-0.0035460835612984042
2003-03-04,-0.6372756482135256,-0.6372756482135256,-0.7010797201189847,0.1139528405380772,0.010160510383693503,0.010103533963424465
2003-03-05,-0.6244198653745705,-0.6244198653745705,-0.5958162385764194,0.10526348154256526,-0.0009736762858526878,-0.0010263080266239705
2003-03-06,-0.749613243583047,-0.749613243583047,-0.6372756482135256,0.04145940963710615,0.007277156555722387,0.007256426850903834
2003-03-07,-0.8330754957220314,-0.8330754957220314,-0.6244198653745705,0.012855782838955054,0.004533742592443584,0.004527314701024107
2003-03-10,-0.8887169971480211,-0.8887169971480211,-0.749613243583047,0.12519337820847654,0.020767355036677947,0.02070475834757371
2003-03-11,-0.9258113314320142,-0.9258113314320142,-0.8330754957220314,0.0834622521389844,0.002753671085072413,0.002711939959002921
2003-03-12,-0.9505408876213428,-0.9505408876213428,-0.8887169971480211,0.05564150142598967,0.010263917635036405,0.01023609688432341
2003-03-13,-0.7931216176704732,-0.7931216176704732,-0.9258113314320142,0.03709433428399311,-0.0264547493314073,-0.026473296498549296
2003-03-14,-0.6638749837669844,-0.6638749837669844,-0.9505408876213428,0.024729556189328594,-0.004703807611143131,-0.004716172389237795
2003-03-17,-0.5020988762152219,-0.5020988762152219,-0.7931216176704732,0.15741926995086963,-0.022369309853311602,-0.02244801948828704
2003-03-18,-0.3826166544990834,-0.3826166544990834,-0.6638749837669844,0.12924663390348878,-0.0028182174919904584,-0.002882840808942203
2003-03-19,-0.28983738910737783,-0.28983738910737783,-0.5020988762152219,0.16177610755176253,-0.002666650400239463,-0.0027475384540153443
2003-03-20,-0.212016628320706,-0.212016628320706,-0.3826166544990834,0.11948222171613848,-0.0024338291883874135,-0.0024935702992454826
2003-03-21,-0.10398880631905975,-0.10398880631905975,-0.28983738910737783,0.09277926539170556,-0.0070177735583496995,-0.007064163191045553
2003-03-24,-0.11055574553528426,-0.11055574553528426,-0.212016628320706,0.07782076078667183,0.00687506066176089,0.006836150281367553
2003-03-25,-0.08789874948586329,-0.08789874948586329,-0.10398880631905975,0.10802782200164625,-0.0011579280738351556,-0.0012119419848359786
2003-03-26,-0.07096548441094523,-0.07096548441094523,-0.11055574553528426,0.006566939216224504,-5.910257092486915e-05,-6.23860405329814e-05
2003-03-27,-0.07330338457134028,-0.07330338457134028,-0.08789874948586329,0.022656996049420966,0.0005917360412213679,0.0005804075431966575
2003-03-28,-0.09019705070627981,-0.09019705070627981,-0.07096548441094523,0.01693326507491806,0.0004580859589285953,0.00044961932639113624
2003-03-31,-0.14637994273985427,-0.14637994273985427,-0.07330338457134028,0.0023379001603950483,0.0013890660221716135,0.001387897072091416
2003-04-01,-0.1465156341940539,-0.1465156341940539,-0.09019705070627981,0.016893666134939533,-0.0014036953501546387,-0.0014121421832221084
2003-04-02,-0.10162491157026077,-0.10162491157026077,-0.14637994273985427,0.05618289203357446,-0.0024181938487898348,-0.002446285294806622
2003-04-03,-0.08474105633180384,-0.08474105633180384,-0.1465156341940539,0.0001356914541996157,0.0008145858502563608,0.000814518004529261
2003-04-04,-0.04380118902438595,-0.04380118902438595,-0.10162491157026077,0.04489072262379312,-0.001365762214517915,-0.0013882075758298114
2003-04-07,-0.0037937250653601456,-0.0037937250653601456,-0.08474105633180384,0.016883855238456924,-0.0010968261613994938,-0.0011052680890187223
2003-04-08,0.021769896863197483,0.021769896863197483,-0.04380118902438595,0.040939867307417895,-9.172048160508652e-06,-2.96419818142176e-05
2003-04-09,0.034060999761369434,0.034060999761369434,-0.0037937250653601456,0.0400074639590258,1.4301236013122392e-05,-5.702495966390508e-06
2003-04-10,0.0392644961157063,0.0392644961157063,0.021769896863197483,0.02556362192855763,-0.00011212515683417365,-0.00012490696779845245
2003-04-11,0.0351272114171942,0.0351272114171942,0.034060999761369434,0.012291102898171952,-0.00019430403877419004,-0.00020044959022327602
2003-04-14,0.0501600986362099,0.0501600986362099,0.0392644961157063,0.005203496354336867,0.0005966249214801451,0.0005940231733029767
2003-04-15,0.15979968408648865,0.15979968408648865,0.0351272114171942,0.0041372846985121,0.00048163093179077744,0.00047956228944152137
2003-04-16,0.22848143926652306,0.22848143926652306,0.0501600986362099,0.015032887219015696,-0.000331463527169914,-0.00033897997077942185
2003-04-17,0.4856542928443487,0.4856542928443487,0.15979968408648865,0.10963958545027874,0.0023087256232419743,0.002253905830516835
2003-04-21,0.575860976495307,0.575860976495307,0.22848143926652306,0.06868175518003442,-0.0007959451337060542,-0.0008302860112960715
2003-04-22,0.7172406509968714,0.7172406509968714,0.4856542928443487,0.2571728535778256,0.007040581542219214,0.006911995115430301
2003-04-23,0.8114937673312477,0.8114937673312477,0.575860976495307,0.0902066836509583,0.005077616997653014,0.005032513655827535
2003-04-24,0.7515425951821122,0.7515425951821122,0.7172406509968714,0.1413796745015644,-0.005620375329321242,-0.005691065166572024
2003-04-25,0.6044716790613178,0.6044716790613178,0.8114937673312477,0.09425311633437627,-0.014379461935968051,-0.014426588494135239
2003-04-28,0.632792904644009,0.632792904644009,0.7515425951821122,0.05995117214913548,0.013324994685203382,0.013295019099128814
2003-04-29,0.718107426374504,0.718107426374504,0.6044716790613178,0.14707091612079437,0.0034898163163153313,0.003416280858254934
2003-04-30,0.8120716175830027,0.8120716175830027,0.632792904644009,0.028321225582691123,0.0032499120287985592,0.0032357514160072137
2003-05-01,0.8747144117220018,0.8747144117220018,0.718107426374504,0.08531452173049503,0.0029499804446287956,0.002907323183763548
2003-05-02,0.9164762744813346,0.9164762744813346,0.8120716175830027,0.09396419120849875,0.007049378287571939,0.007002396191967689
2003-05-05,0.9443175163208899,0.9443175163208899,0.8747144117220018,0.06264279413899909,0.006662807107528413,0.006631485710458913
2003-05-06,0.9628783442139266,0.9628783442139266,0.9164762744813346,0.0417618627593328,0.019344300601413768,0.019323419670034103
2003-05-07,0.8798727990014821,0.8798727990014821,0.9443175163208899,0.027841241839555275,-0.008715679628506433,-0.008729600249426211
2003-05-08,0.7366960239784808,0.7366960239784808,0.9628783442139266,0.018560827893036702,-0.014483080731819675,-0.014492361145766193
2003-05-09,0.6945225383389433,0.6945225383389433,0.8798727990014821,0.08300554521244452,0.01109576046399018,0.011054257691383957
2003-05-12,0.7402152558491155,0.7402152558491155,0.7366960239784808,0.1431767750230013,0.005877782668600501,0.005806194281089001
2003-05-13,0.7704814402200472,0.7704814402200472,0.6945225383389433,0.04217348563953749,-6.698087307301911e-05,-8.806761589278786e-05
2003-05-14,0.7953728511390404,0.7953728511390404,0.7402152558491155,0.04569271751017223,0.00021402640253202028,0.00019118004377693417
2003-05-15,0.8359671020354078,0.8359671020354078,0.7704814402200472,0.030266184370931648,0.0013385650804986502,0.0013234319883131842
2003-05-16,0.8906447346902719,0.8906447346902719,0.7953728511390404,0.024891410918993273,0.009808082035190466,0.00979563632973097
2003-05-19,0.7522829513132441,0.7522829513132441,0.8359671020354078,0.04059425089636737,-0.022593821137245153,-0.022614118262693335
2003-05-20,0.6967044872548279,0.6967044872548279,0.8906447346902719,0.05467763265486414,0.008885509490255709,0.008858170673928276
2003-05-21,0.6090852567679352,0.6090852567679352,0.7522829513132441,0.13836178337702787,-0.007795280377552383,-0.007864461269240897
2003-05-22,0.6170099740401659,0.6170099740401659,0.6967044872548279,0.055578464058416155,0.009340607235843361,0.009312818003814153
2003-05-23,0.659321942234385,0.659321942234385,0.6090852567679352,0.08761923048689269,0.003469972788980451,0.0034261631737370047
2003-05-27,0.7697172150020661,0.7697172150020661,0.6170099740401659,0.007924717272230652,0.005331565986800021,0.005327603628163906
2003-05-28,0.8464781433347108,0.8464781433347108,0.659321942234385,0.04231196819421912,0.003138315390018075,0.0031171594059209657
2003-05-29,0.897652095556474,0.897652095556474,0.7697172150020661,0.11039527276768113,0.0036462705060855416,0.003591072869701701
2003-05-30,0.931768063704316,0.931768063704316,0.8464781433347108,0.0767609283326447,0.001596309578928639,0.0015579291147623166
2003-06-02,0.9545120424695441,0.9545120424695441,0.897652095556474,0.05117395222176313,0.008364008184268877,0.008338421208157995
2003-06-03,0.9696746949796962,0.9696746949796962,0.931768063704316,0.03411596814784201,0.002259187586464243,0.002242129602390322
2003-06-04,0.9797831299864641,0.9797831299864641,0.9545120424695441,0.022743978765228157,0.005771156017475694,0.0057597840280930795
2003-06-05,0.9865220866576427,0.9865220866576427,0.9696746949796962,0.01516265251015203,0.009773171778850615,0.009765590452595539
2003-06-06,0.9910147244384286,0.9910147244384286,0.9797831299864641,0.010108435006767946,0.005919402525757811,0.005914348308254427
2003-06-09,0.809758776829526,0.809758776829526,0.9865220866576427,0.006738956671178631,-0.007091349989929975,-0.0070947194682655645
2003-06-10,0.8731725178863508,0.8731725178863508,0.9910147244384286,0.004492637780785902,0.007992756316489488,0.007990509997599095
2003-06-11,0.9154483452575672,0.9154483452575672,0.809758776829526,0.18125594760890262,0.013325461005291117,0.013234833031486665
2003-06-12,0.9436322301717115,0.9436322301717115,0.8731725178863508,0.06341374105682474,0.0023432424437323913,0.002311535573203979
2003-06-13,0.8700362213472621,0.8700362213472621,0.9154483452575672,0.04227582737121649,-0.005308291347344466,-0.005329429261030074
2003-06-16,0.9133574808981748,0.9133574808981748,0.9436322301717115,0.028183884914144253,0.013800956308437308,0.013786864365980237
2003-06-17,0.9422383205987832,0.9422383205987832,0.8700362213472621,0.07359600882444939,0.0017694387393662836,0.001732640734954059
2003-06-18,0.9287426240853418,0.9287426240853418,0.9133574808981748,0.043321259550912705,-0.0025790513484569588,-0.002600711978232415
2003-06-19,0.8334408842007439,0.8334408842007439,0.9422383205987832,0.028880839700608396,-0.011174749330823512,-0.011189189750673817
2003-06-20,0.7772275330084244,0.7772275330084244,0.9287426240853418,0.013495696513441402,0.0012478594599987165,0.0012411116117419959
2003-06-23,0.6847791963509398,0.6847791963509398,0.8334408842007439,0.09530173988459789,-0.00924407982649159,-0.009291730696433888
2003-06-24,0.5918992960035756,0.5918992960035756,0.7772275330084244,0.056213351192319516,-0.006115525381958902,-0.006143632057555062
2003-06-25,0.46887906158194204,0.46887906158194204,0.6847791963509398,0.09244833665748464,-0.006804792572667492,-0.0068510167409962346
2003-06-26,0.3983065183625122,0.3983065183625122,0.5918992960035756,0.09287990034736415,0.002725051565399568,0.002678611615225886
2003-06-27,0.3341829484480291,0.3341829484480291,0.46887906158194204,0.12302023442163357,-0.0035241803353619496,-0.0035856904525727665
2003-06-30,0.24797433551183912,0.24797433551183912,0.3983065183625122,0.07057254321942985,0.00011038033174223981,7.509406013252488e-05
2003-07-01,0.21104590869221637,0.21104590869221637,0.3341829484480291,0.06412356991448309,0.001974627603713792,0.0019425658187565507
2003-07-02,0.3213173686651173,0.3213173686651173,0.24797433551183912,0.08620861293618998,0.004893448717907458,0.004850344411439363
2003-07-03,0.3585554128499557,0.3585554128499557,0.21104590869221637,0.036928426819622745,-0.001139735938952227,-0.0011582001523620384
2003-07-07,0.5136556072882321,0.5136556072882321,0.3213173686651173,0.11027145997290091,0.0059028430014011375,0.005847707271414687
2003-07-08,0.5783230525382305,0.5783230525382305,0.3585554128499557,0.03723804418483839,-0.0016885787714429061,-0.0017071977935353253
2003-07-09,0.5770542867674207,0.5770542867674207,0.5136556072882321,0.15510019443827644,-0.002660018095660129,-0.002737568192879267
2003-07-10,0.5364456718560129,0.5364456718560129,0.5783230525382305,0.06466744524999835,-0.0029586353399799294,-0.0029909690626049286
2003-07-11,0.5001423754087635,0.5001423754087635,0.5770542867674207,0.00126876577080981,-0.0012493789326598857,-0.0012500133155452905
2003-07-14,0.5330805317309324,0.5330805317309324,0.5364456718560129,0.04060861491140777,0.005771377032372237,0.005751072724916533
2003-07-15,0.506740107834444,0.506740107834444,0.5001423754087635,0.03630329644724939,-0.0046972867875992325,-0.004715438435822858
2003-07-16,0.4578112744858414,0.4578112744858414,0.5330805317309324,0.0329381563221689,-0.003995076698069226,-0.00401154577623031
2003-07-17,0.3616379273283711,0.3616379273283711,0.506740107834444,0.026340423896488385,-0.007929215535665547,-0.00794238574761379
2003-07-18,0.36206914840293214,0.36206914840293214,0.4578112744858414,0.048928833348602596,0.007192833064908852,0.007168368648234551
2003-07-21,0.31143916981989844,0.31143916981989844,0.3616379273283711,0.09617334715747033,-0.0027639979118352595,-0.0028120845854139945
2003-07-22,0.2614631344138408,0.2614631344138408,0.36206914840293214,0.0004312210745610612,-0.0008631949542320795,-0.00086341056476936
2003-07-23,0.2942952435448246,0.2942952435448246,0.31143916981989844,0.0506299785830337,0.0046085870348680485,0.0045832720455765315
2003-07-24,0.31855328243373937,0.31855328243373937,0.2614631344138408,0.04997603540605766,0.00042641138085908593,0.00040142336315605713
2003-07-25,0.4194859325530657,0.4194859325530657,0.2942952435448246,0.03283210913098383,0.0036988195334176615,0.0036824034788521696
2003-07-28,0.4987406149861699,0.4987406149861699,0.31855328243373937,0.024258038888914757,0.0008248840267746965,0.0008127550073302391
2003-07-29,0.5053033327866729,0.5053033327866729,0.4194859325530657,0.10093265011932634,-0.0017560269312363976,-0.0018064932562960607
2003-07-30,0.45225282880856155,0.45225282880856155,0.4987406149861699,0.07925468243310418,-0.004148675861487157,-0.004188303202703709
2003-07-31,0.3678658016866292,0.3678658016866292,0.5053033327866729,0.006562717800503048,-0.004193037125053979,-0.00419631848395423
2003-08-01,0.2950541678234845,0.2950541678234845,0.45225282880856155,0.053050503978111396,-8.228436217388149e-05,-0.00010880961416293719
2003-08-04,0.24671792325050018,0.24671792325050018,0.3678658016866292,0.08438702712193236,0.0010707188199891595,0.0010285253064281933
2003-08-05,0.19510501412294207,0.19510501412294207,0.2950541678234845,0.07281163386314471,-0.0027563948880804374,-0.00279280070501201
2003-08-06,0.1442853194429885,0.1442853194429885,0.24671792325050018,0.0483362445729843,-0.00038415347196281213,-0.0004083215942493043
2003-08-07,0.12357695160562916,0.12357695160562916,0.19510501412294207,0.051612909127558115,0.001163090709529812,0.0011372842549660328
2003-08-08,0.09672494747171634,0.09672494747171634,0.1442853194429885,0.050819694679953564,0.0004471666037841007,0.00042175675644412394
2003-08-11,0.12121441085872797,0.12121441085872797,0.12357695160562916,0.02070836783735934,0.0011903564436462448,0.001180002259727565
2003-08-12,0.16557588874022064,0.16557588874022064,0.09672494747171634,0.026852004133912824,0.00040920649033533566,0.00039578048826837927
2003-08-13,0.19732719315218022,0.19732719315218022,0.12121441085872797,0.024489463387011634,8.689990058765397e-05,7.465516889414815e-05
2003-08-14,0.4469396365614108,0.4469396365614108,0.16557588874022064,0.04436147788149267,0.0023580003756124646,0.002335819636671718
2003-08-15,0.5501745887288779,0.5501745887288779,0.19732719315218022,0.031751304411959586,-0.0004531322468834136,-0.0004690078990893934
2003-08-18,0.7001163924859186,0.7001163924859186,0.4469396365614108,0.24961244340923056,0.006210894872859597,0.006086088651154981
2003-08-19,0.7305364249637725,0.7305364249637725,0.5501745887288779,0.10323495216746714,-0.0012007465668171767,-0.0012523640429009102
2003-08-20,0.7010237909301318,0.7010237909301318,0.7001163924859186,0.1499418037570407,-0.0012861995748339418,-0.0013611704767124621
2003-08-21,0.7254211069942095,0.7254211069942095,0.7305364249637725,0.030420032477853853,0.0013445550131069598,0.0013293449968680329
2003-08-22,0.6352101892348024,0.6352101892348024,0.7010237909301318,0.029512634033640683,-0.004047773068716981,-0.004062529385733801
2003-08-25,0.511069035540438,0.511069035540438,0.7254211069942095,0.02439731606407769,-0.0029366043607645382,-0.002948803018796577
2003-08-26,0.3926547384058451,0.3926547384058451,0.6352101892348024,0.09021091775940704,-0.0033111577550563377,-0.003356263213936041
2003-08-27,0.31465931160387717,0.31465931160387717,0.511069035540438,0.1241411536943644,0.0009078032982568141,0.0008457327214096319
2003-08-28,0.2808884442278131,0.2808884442278131,0.3926547384058451,0.11841429713459295,0.0022976139629192266,0.00223840681435193
2003-08-29,0.2703858668377129,0.2703858668377129,0.31465931160387717,0.07799542680196792,0.00033278188591152023,0.0002937841725105363
2003-09-02,0.5135905778918086,0.5135905778918086,0.2808884442278131,0.03377086737606405,0.004254027032289927,0.004237141598601895
2003-09-03,0.6757270519278724,0.6757270519278724,0.2703858668377129,0.010502577390100243,0.0035413816531614634,0.0035361303644664134
2003-09-04,0.7460980120141582,0.7460980120141582,0.5135905778918086,0.24320471105409575,-0.0006155556010223723,-0.0007371579565494202
2003-09-05,0.8307320080094388,0.8307320080094388,0.6757270519278724,0.1621364740360638,0.001332025546189934,0.001250957309171902
2003-09-08,0.8871546720062926,0.8871546720062926,0.7460980120141582,0.07037096008628574,0.0033190454587799442,0.0032838599787368013
2003-09-09,0.9247697813375284,0.9247697813375284,0.8307320080094388,0.08463399599528065,0.0016275071475580145,0.001585190149560374
2003-09-10,0.7578386652888214,0.7578386652888214,0.8871546720062926,0.056422663996853806,-0.008974049084872038,-0.009002260416870465
2003-09-11,0.7287165655848893,0.7287165655848893,0.9247697813375284,0.037615109331235796,0.005161858498970919,0.005143050944305301
2003-09-12,0.8091530495477891,0.8091530495477891,0.7578386652888214,0.16693111604870703,0.003235976434271539,0.0031525108762471858
2003-09-15,0.8727686996985262,0.8727686996985262,0.7287165655848893,0.02912209970393209,0.002106916557800484,0.002092355507948518
2003-09-16,0.9151791331323509,0.9151791331323509,0.8091530495477891,0.08043648396289982,0.008026800999453763,0.007986582757472313
2003-09-17,0.9434527554215673,0.9434527554215673,0.8727686996985262,0.06361565015073711,0.005715431871824464,0.005683624046749096
2003-09-18,0.9623018369477117,0.9623018369477117,0.9151791331323509,0.04241043343382467,0.009618010513813247,0.009596805297096335
2003-09-19,0.8939112962276715,0.8939112962276715,0.9434527554215673,0.02827362228921637,-0.003504327430040629,-0.0035184642411852374
2003-09-22,0.7417834123185858,0.7417834123185858,0.9623018369477117,0.018849081526144396,-0.010842829955416316,-0.010852254496179388
2003-09-23,0.6606670588561339,0.6606670588561339,0.8939112962276715,0.06839054072004014,0.00202240234942883,0.0019882070790688097
2003-09-24,0.5520901336360632,0.5520901336360632,0.7417834123185858,0.15212788390908571,-0.003596863038962359,-0.003672926980916902
2003-09-25,0.43733006966801385,0.43733006966801385,0.6606670588561339,0.08111635346245194,-0.008492180807292424,-0.00853273898402365
2003-09-26,0.3494846947859442,0.3494846947859442,0.5520901336360632,0.10857692522007067,-0.00234924881050037,-0.0024035372731104052
2003-09-29,0.35877335888226153,0.35877335888226153,0.43733006966801385,0.11476006396804933,0.005606707897481959,0.005549327865497934
2003-09-30,0.30922255095702134,0.30922255095702134,0.3494846947859442,0.08784537488206967,-0.0044237884446515245,-0.004467711132092559
2003-10-01,0.5136098166379041,0.5136098166379041,0.35877335888226153,0.009288664096317345,0.011775043440422553,0.011770399108374395
2003-10-02,0.6340683632121084,0.6340683632121084,0.30922255095702134,0.04955080792524019,-0.0004861438920301983,-0.0005109192959928184
2003-10-03,0.7560455754747389,0.7560455754747389,0.5136098166379041,0.20438726568088272,0.007492191540688808,0.0073899979078483665
2003-10-06,0.8373637169831594,0.8373637169831594,0.6340683632121084,0.1204585465742043,0.006630592849872731,0.006570363576585628
2003-10-07,0.8780227753162897,0.8780227753162897,0.7560455754747389,0.12197721226263059,-0.0011616309414087787,-0.001222619547540094
2003-10-08,0.8713658799638533,0.8713658799638533,0.8373637169831594,0.08131814150842043,-0.003457778442948466,-0.0034984375137026764
2003-10-09,0.9142439199759023,0.9142439199759023,0.8780227753162897,0.04065905833313033,0.0060681344751517055,0.00604780494598514
2003-10-10,0.9428292799839348,0.9428292799839348,0.8713658799638533,0.006656895352436409,0.0036588394029722013,0.003655510955295983
2003-10-13,0.9618861866559567,0.9618861866559567,0.9142439199759023,0.04287804001204898,0.009042305902836383,0.009020866882830358
2003-10-14,0.9745907911039713,0.9745907911039713,0.9428292799839348,0.02858536000803258,0.0049550015968971165,0.0049407089168931
2003-10-15,0.8626948839892703,0.8626948839892703,0.9618861866559567,0.019056906672021867,-0.00914280382745604,-0.00915233228079205
2003-10-16,0.8557675528002668,0.8557675528002668,0.9745907911039713,0.012704604448014578,0.005845200642239361,0.005838848340015353
2003-10-17,0.7811466545603725,0.7811466545603725,0.8626948839892703,0.11189590711470099,-0.004457621473406121,-0.004513569426963472
2003-10-20,0.854097769706915,0.854097769706915,0.8557675528002668,0.0069273311890034606,0.009163094112054175,0.009159630446459673
2003-10-21,0.8498173343137813,0.8498173343137813,0.7811466545603725,0.07462089823989437,-0.002655838713353144,-0.002693149162473091
2003-10-22,0.7536912813308672,0.7536912813308672,0.854097769706915,0.07295111514654251,-0.00833314379428693,-0.008369619351860202
2003-10-23,0.6265892446343797,0.6265892446343797,0.8498173343137813,0.004280435393133719,-0.010756582530900128,-0.010758722748596695
2003-10-24,0.5512686664948175,0.5512686664948175,0.7536912813308672,0.0961260529829141,0.0014677078545570082,0.001419644828065551
2003-10-27,0.5149243983780706,0.5149243983780706,0.6265892446343797,0.12710203669648745,0.002790797859610304,0.0027272468412620605
2003-10-28,0.5901243285974385,0.5901243285974385,0.5512686664948175,0.07532057813956217,0.006488503483908474,0.006450843194838692
2003-10-29,0.6238705893486866,0.6238705893486866,0.5149243983780706,0.03634426811674696,-0.0006153207414069262,-0.0006334928754652997
2003-10-30,0.6507887396817804,0.6507887396817804,0.5901243285974385,0.07519993021936788,0.0006591439697701578,0.0006215440046604739
2003-10-31,0.6062364738544948,0.6062364738544948,0.6238705893486866,0.03374626075124809,-0.004424825865169695,-0.004441698995545319
2003-11-03,0.5994274053427073,0.5994274053427073,0.6507887396817804,0.02691815033309386,0.003290641560227008,0.003277182485060461
2003-11-04,0.6612760324965798,0.6612760324965798,0.6062364738544948,0.044552265827285664,0.003340154061156148,0.0033178779282425053
2003-11-05,0.6239747340312466,0.6239747340312466,0.5994274053427073,0.0068090685117874195,-0.003427543341686026,-0.00343094787594192
2003-11-06,0.5012267239210166,0.5012267239210166,0.6612760324965798,0.061848627153872515,-0.005809897203171734,-0.00584082151674867
2003-11-07,0.5099625648632683,0.5099625648632683,0.6239747340312466,0.037301298465333255,0.0057822786818803725,0.0057636280326477055
2003-11-10,0.4559475147113557,0.4559475147113557,0.5012267239210166,0.12274801011022995,-0.004162062153232054,-0.004223436158287169
2003-11-11,0.3755010667202573,0.3755010667202573,0.5099625648632683,0.00873584094225166,-0.0019294742186405497,-0.0019338421391116756
2003-11-12,0.5634050692591168,0.5634050692591168,0.4559475147113557,0.0540150501519126,0.009506493823950376,0.00947948629887442
2003-11-13,0.7089367128394113,0.7089367128394113,0.3755010667202573,0.0804464479910984,0.0021402293832952623,0.002100006159299713
2003-11-14,0.7192102079867944,0.7192102079867944,0.5634050692591168,0.18790400253885953,-0.003813899475481965,-0.003907851476751395
2003-11-17,0.6088923954383196,0.6088923954383196,0.7089367128394113,0.14553164358029447,-0.01219193267822328,-0.012264698500013427
2003-11-18,0.5570914191070024,0.5570914191070024,0.7192102079867944,0.010273495147383072,0.0028417097675149106,0.002836573019941219
2003-11-19,0.5357532520451332,0.5357532520451332,0.6088923954383196,0.11031781254847473,0.001467230776505924,0.0014120718702316866
2003-11-20,0.47420042502973814,0.47420042502973814,0.5570914191070024,0.051800976331317194,-0.0035709027958614327,-0.0035968032840270913
2003-11-21,0.5033663810342701,0.5033663810342701,0.5357532520451332,0.021338167061869195,0.005789374887412725,0.00577870580388179
2003-11-24,0.5812212135567455,0.5812212135567455,0.47420042502973814,0.061552827015395106,0.0035565208417643276,0.00352574442825663
2003-11-25,0.6469793113161093,0.6469793113161093,0.5033663810342701,0.02916595600453198,0.0007970582204521017,0.0007824752424498357
2003-11-26,0.7646528742107396,0.7646528742107396,0.5812212135567455,0.07785483252247538,0.00491697188521293,0.004878044468951692
2003-11-28,0.8431019161404931,0.8431019161404931,0.6469793113161093,0.06575809775936381,0.0010147084160789276,0.0009818293671992457
2003-12-01,0.8954012774269955,0.8954012774269955,0.7646528742107396,0.11767356289463027,0.015143201394726712,0.015084364613279397
2003-12-02,0.9302675182846638,0.9302675182846638,0.8431019161404931,0.07844904192975355,0.0020064076836315797,0.001967183162666703
2003-12-03,0.9535116788564426,0.9535116788564426,0.8954012774269955,0.052299361286502366,0.0017826001400199317,0.0017564504593766805
2003-12-04,0.9690077859042951,0.9690077859042951,0.9302675182846638,0.03486624085766832,0.0021326984938879255,0.002115265373459091
2003-12-05,0.8429932756857982,0.8429932756857982,0.9535116788564426,0.023244160571778805,-0.006834164285564287,-0.006845786365850176
2003-12-08,0.8953288504571988,0.8953288504571988,0.9690077859042951,0.015496107047852536,0.008111585059204068,0.008103837005680141
2003-12-09,0.8449709088327721,0.8449709088327721,0.8429932756857982,0.12601451021849697,-0.0035311759664082513,-0.0035941832215174996
2003-12-10,0.7315830206979065,0.7315830206979065,0.8953288504571988,0.052335574771400606,-0.0064368540957929305,-0.006463021883178631
2003-12-11,0.8134946837862888,0.8134946837862888,0.8449709088327721,0.05035794162442664,0.009373420618257189,0.009348241647444976
2003-12-12,0.8756631225241926,0.8756631225241926,0.7315830206979065,0.11338788813486567,0.002396813727340906,0.0023401197832734733
2003-12-15,0.7747773153327131,0.7747773153327131,0.8134946837862888,0.08191166308838227,-0.005436660279310302,-0.0054776161108544925
2003-12-16,0.8498515435551421,0.8498515435551421,0.8756631225241926,0.0621684387379039,0.011220715073930156,0.011189630854561204
2003-12-17,0.8543717593625235,0.8543717593625235,0.7747773153327131,0.10088580719147955,-0.0018196018602556724,-0.0018700447638514122
2003-12-18,0.9029145062416823,0.9029145062416823,0.8498515435551421,0.07507422822242904,0.012648704297413707,0.012611167183302492
2003-12-19,0.8576106306384469,0.8576106306384469,0.8543717593625235,0.004520215807381378,-0.0047944260606553124,-0.004796686168559003
2003-12-22,0.9050737537589646,0.9050737537589646,0.9029145062416823,0.04854274687915883,0.005967640623033622,0.005943369249594042
2003-12-23,0.9367158358393097,0.9367158358393097,0.8576106306384469,0.045303875603235455,0.001816380297495435,0.0017937283596938173
2003-12-24,0.9578105572262066,0.9578105572262066,0.9050737537589646,0.0474631231205177,0.0021860552024099765,0.0021623236408497178
2003-12-26,0.9365413033074393,0.9365413033074393,0.9367158358393097,0.031642082080345135,-0.001692505536879889,-0.0017083265779200617
2003-12-29,0.9576942022049597,0.9576942022049597,0.9578105572262066,0.02109472138689683,0.016112538893174284,0.016101991532480837
2003-12-30,0.9717961348033066,0.9717961348033066,0.9365413033074393,0.021269253918767217,0.0018063225129917085,0.001795687886032325
2003-12-31,0.9811974232022045,0.9811974232022045,0.9576942022049597,0.021152898897520367,0.01226840318061881,0.012257826731170051
2004-01-02,0.9874649488014697,0.9874649488014697,0.9717961348033066,0.014101932598346911,0.002628360790903743,0.0026213098246045696
2004-01-05,0.9916432992009798,0.9916432992009798,0.9811974232022045,0.009401288398897867,0.018887062522123445,0.018882361877923994
2004-01-06,0.9944288661339866,0.9944288661339866,0.9874649488014697,0.0062675255992652446,0.0014838283738614132,0.0014806946110617804
2004-01-07,0.8886588009882544,0.8886588009882544,0.9916432992009798,0.004178350399510089,-0.00991635947907048,-0.009918448654270235
2004-01-08,0.9257725339921696,0.9257725339921696,0.9944288661339866,0.0027855669330068,0.014277633225279519,0.014276240441813016
2004-01-09,0.8868961238114157,0.8868961238114157,0.8886588009882544,0.10577006514573217,-0.005625507507550899,-0.005678392540123765
2004-01-12,0.8587267461700461,0.8587267461700461,0.9257725339921696,0.037113733003915184,-0.0002653652111985326,-0.0002839220777004902
2004-01-13,0.7892295178163895,0.7892295178163895,0.8868961238114157,0.03887641018075394,-0.005143833874381572,-0.005163272079471949
2004-01-14,0.8183754800981066,0.8183754800981066,0.8587267461700461,0.02816937764136962,0.0074217972976597605,0.007407712608839076
2004-01-15,0.7822015786641618,0.7822015786641618,0.7892295178163895,0.06949722835365657,-0.004789993499460752,-0.00482474211363758
2004-01-16,0.7322628010001129,0.7322628010001129,0.8183754800981066,0.029145962281717064,-0.00293954965580058,-0.002954122636941439
2004-01-20,0.7851797613115443,0.7851797613115443,0.7822015786641618,0.03617390143394472,0.008459231297601883,0.00844114434688491
2004-01-21,0.8567865075410297,0.8567865075410297,0.7322628010001129,0.04993877766404897,0.008878935531951435,0.00885396614311941
2004-01-22,0.9045243383606865,0.9045243383606865,0.7851797613115443,0.05291696031143145,0.0004980077783398624,0.0004715492981841466
2004-01-23,0.8163157601557912,0.8163157601557912,0.8567865075410297,0.07160674622948537,-0.009171832010524999,-0.009207635383639742
2004-01-26,0.7847920023058722,0.7847920023058722,0.9045243383606865,0.04773783081965677,0.00289771770170114,0.0028738487862913116
2004-01-27,0.725698927222852,0.725698927222852,0.8163157601557912,0.08820857820489525,-0.0035915054260643978,-0.0036356097151668456
2004-01-28,0.6166214210944061,0.6166214210944061,0.7847920023058722,0.03152375784991901,-0.010068584929423892,-0.010084346808348852
2004-01-29,0.5427415794639313,0.5427415794639313,0.725698927222852,0.0590930750830202,0.0009431614914143083,0.0009136149538727982
2004-01-30,0.4778148507854567,0.4778148507854567,0.6166214210944061,0.10907750612844591,-0.0016007634373575684,-0.0016553021904217914
2004-02-02,0.42364683270236286,0.42364683270236286,0.5427415794639313,0.07387984163047479,-0.0012555122783350957,-0.001292452199150333
2004-02-03,0.3772009057921103,0.3772009057921103,0.4778148507854567,0.0649267286784746,0.0008654704472463739,0.0008330070829071365
2004-02-04,0.28659704997707297,0.28659704997707297,0.42364683270236286,0.05416801808309385,-0.004596437513438601,-0.004623521522480148
2004-02-05,0.24403692802648946,0.24403692802648946,0.3772009057921103,0.046445926910252566,0.0015722698267372128,0.0015490468632820865
2004-02-06,0.3541092003314315,0.3541092003314315,0.28659704997707297,0.09060385581503733,0.005405517005687378,0.00536021507777986
2004-02-09,0.47885805250787417,0.47885805250787417,0.24403692802648946,0.04256012195058351,0.0015348629396034603,0.0015135828786281686
2004-02-10,0.6061263151213044,0.6061263151213044,0.3541092003314315,0.11007227230494204,0.0015342713419941323,0.0014792352058416612
2004-02-11,0.737417543414203,0.737417543414203,0.47885805250787417,0.12474885217644266,0.005418455004828037,0.005356080578739816
2004-02-12,0.7368584573794023,0.7368584573794023,0.6061263151213044,0.12726826261343027,-0.0052982539964882835,-0.005361888127794999
2004-02-13,0.7297497309047644,0.7297497309047644,0.737417543414203,0.13129122829289852,-0.0009364180845842689,-0.0010020636987307181
2004-02-17,0.8198331539365096,0.8198331539365096,0.7368584573794023,0.0005590860348007043,0.01420927981987273,0.01420900027685533
2004-02-18,0.7813979245168288,0.7813979245168288,0.7297497309047644,0.007108726474637894,-0.010114175509172338,-0.010117729872409657
2004-02-19,0.7901646266808299,0.7901646266808299,0.8198331539365096,0.09008342303174521,0.005473384870135553,0.005428343158619681
2004-02-20,0.7191124025240047,0.7191124025240047,0.7813979245168288,0.038435229419680805,-0.009546081522038528,-0.009565299136748369
2004-02-23,0.6754759803288999,0.6754759803288999,0.7901646266808299,0.008766702164001106,0.0022336560498918247,0.0022292726988098243
2004-02-24,0.6159249594678627,0.6159249594678627,0.7191124025240047,0.07105222415682522,-0.0027872469687921096,-0.0028227730808705223
2004-02-25,0.5378810731977401,0.5378810731977401,0.6754759803288999,0.043636422195104774,-0.005017609868113936,-0.005039428079211488
2004-02-26,0.4622165940298979,0.4622165940298979,0.6159249594678627,0.05955102086103714,0.00021969614725868446,0.00018992063682816588
2004-02-27,0.4608842886039458,0.4608842886039458,0.5378810731977401,0.0780438862701226,0.004407068800179212,0.0043680468570441505
2004-03-01,0.5714873802329141,0.5714873802329141,0.4622165940298979,0.07566447916784225,0.0062065758445324914,0.00616874360494857
2004-03-02,0.5125084671399152,0.5125084671399152,0.4608842886039458,0.001332305425952085,-0.007392262248767388,-0.007392928401480364
2004-03-03,0.4503928947061646,0.4503928947061646,0.5714873802329141,0.11060309162896831,-0.0012149567556358936,-0.0012702583014503777
2004-03-04,0.4232060706690267,0.4232060706690267,0.5125084671399152,0.058978913092998964,0.0016378569589718891,0.0016083675024253896
2004-03-05,0.49090216307130446,0.49090216307130446,0.4503928947061646,0.06211557243375054,0.005261379437052644,0.0052303216508357685
2004-03-08,0.48529655428208734,0.48529655428208734,0.4232060706690267,0.027186824037137902,-0.0027246081342892072,-0.0027382015463077764
2004-03-09,0.43373389708832427,0.43373389708832427,0.49090216307130446,0.06769609240227775,-0.0033884462086735062,-0.003422294254874645
2004-03-10,0.34096238012359303,0.34096238012359303,0.48529655428208734,0.00560560878921712,-0.007778671023048734,-0.007781473827443343
2004-03-11,0.23092621750195946,0.23092621750195946,0.43373389708832427,0.05156265719376307,-0.007033972986724866,-0.0070597543153217476
2004-03-12,0.1699163833211798,0.1699163833211798,0.34096238012359303,0.09277151696473124,0.002997765579041688,0.0029513798205593224
2004-03-15,0.07487648147711354,0.07487648147711354,0.23092621750195946,0.11003616262163357,-0.003924528306303401,-0.003979546387614218
2004-03-16,0.023431376425546834,0.023431376425546834,0.1699163833211798,0.061009834180779654,0.0015692424626164907,0.001538737545526101
2004-03-17,0.07150923579910655,0.07150923579910655,0.07487648147711354,0.09503990184406627,0.0015622053580350837,0.0015146854071130505
2004-03-18,0.08997081734770607,0.08997081734770607,0.023431376425546834,0.0514451050515667,-8.405118684794103e-06,-3.412767121057745e-05
2004-03-19,0.03881428407063792,0.03881428407063792,0.07150923579910655,0.04807785937355971,-0.0009233486042489087,-0.0009473875339356885
2004-03-22,-0.06393855968027354,-0.06393855968027354,0.08997081734770607,0.018461581548599518,-0.0011704164852616055,-0.0011796472760359053
2004-03-23,-0.0929294174351511,-0.0929294174351511,0.03881428407063792,0.05115653327706815,0.00029723195682670984,0.00027165369018817577
2004-03-24,-0.2225799644373521,-0.2225799644373521,-0.06393855968027354,0.10275284375091145,0.00025230585497670557,0.00020092943310124985
2004-03-25,-0.1771131160777373,-0.1771131160777373,-0.0929294174351511,0.028990857754877558,-0.0017657324509392706,-0.0017802278798167094
2004-03-26,-0.1823660887980471,-0.1823660887980471,-0.2225799644373521,0.129650547002201,0.0009614664709566489,0.0008966411974555484
2004-03-29,-0.10090102771360182,-0.10090102771360182,-0.1771131160777373,0.04546684835961479,-0.0025613016898159017,-0.002584035113995709
2004-03-30,-0.0353545563062701,-0.0353545563062701,-0.1823660887980471,0.0052529727203098064,-0.00038996908353890127,-0.00039259556989905615
2004-03-31,0.04244198118760198,0.04244198118760198,-0.10090102771360182,0.08146506108444529,-0.0007176494992870954,-0.000758382029829318
2004-04-01,0.23904203620089867,0.23904203620089867,-0.0353545563062701,0.06554647140733172,-0.0004693905019034794,-0.0005021637376071453
2004-04-02,0.4134247126862365,0.4134247126862365,0.04244198118760198,0.07779653749387208,0.0001212848234490839,8.238655470214787e-05
2004-04-05,0.5079678298477011,0.5079678298477011,0.23904203620089867,0.1966000550132967,0.0,-9.830002750664834e-05
2004-04-06,0.5082793656584296,0.5082793656584296,0.4134247126862365,0.1743826764853378,-0.001264258805892109,-0.0013514501441347778
2004-04-07,0.5312441995528709,0.5312441995528709,0.5079678298477011,0.09454311716146457,0.0007789349343115503,0.000731663375730818
2004-04-08,0.4697693865917839,0.4697693865917839,0.5082793656584296,0.0003115358107285138,-0.0010611733744276756,-0.0010613291423330398
2004-04-12,0.6465129243945227,0.6465129243945227,0.5312441995528709,0.022964833894441372,0.0034458421914580445,0.0034343597745108236
2004-04-13,0.4854304260550078,0.4854304260550078,0.4697693865917839,0.06147481296108703,-0.006022464247786238,-0.006053201654266781
2004-04-14,0.3444521770048996,0.3444521770048996,0.6465129243945227,0.17674353780273877,-0.006671883139222842,-0.006760254908124211
2004-04-15,0.23330277444070363,0.23330277444070363,0.4854304260550078,0.16108249833951488,-0.003374297159573422,-0.003454838408743179
2004-04-16,0.1828901986971272,0.1828901986971272,0.3444521770048996,0.1409782490501082,0.003690510781074977,0.0036200216565499227
2004-04-19,0.15189527374073408,0.15189527374073408,0.23330277444070363,0.11114940256419598,0.00024735700897120016,0.00019178230768910218
2004-04-20,0.10036832112757292,0.10036832112757292,0.1828901986971272,0.05041257574357644,-0.002517737664289091,-0.0025429439521608794
2004-04-21,0.08576371723319505,0.08576371723319505,0.15189527374073408,0.03099492495639311,0.0010329006411888835,0.001017403178710687
2004-04-22,0.10930917619153348,0.10930917619153348,0.10036832112757292,0.05152695261316116,0.0007136302592047817,0.0006878667828982011
2004-04-23,0.11892183044409427,0.11892183044409427,0.08576371723319505,0.014604603894377871,-0.00012109433905403974,-0.00012839664100122868
2004-04-26,0.11986878691672456,0.11986878691672456,0.10930917619153348,0.023545458958338428,-3.091988425523032e-05,-4.269261373439953e-05
2004-04-27,0.11537902758020094,0.11537902758020094,0.11892183044409427,0.00961265425256079,0.0001177651985419727,0.00011295887141569232
2004-04-28,0.05775432361473182,0.05775432361473182,0.11986878691672456,0.0009469564726302948,-0.0022102607444270104,-0.0022107342226633255
2004-04-29,-0.036969719592637444,-0.036969719592637444,0.11537902758020094,0.004489759336523624,-0.0012373056222168845,-0.0012395505018851464
2004-04-30,-0.12650728036099446,-0.12650728036099446,0.05775432361473182,0.05762470396546912,-0.0002731149448792257,-0.00030192729686196026
2004-05-03,-0.1265302439910126,-0.1265302439910126,-0.036969719592637444,0.09472404320736927,-0.00037834220890650716,-0.0004257042305101918
2004-05-04,-0.07913230753117205,-0.07913230753117205,-0.12650728036099446,0.089537560768357,-0.0016110570978611024,-0.0016558258782452808
2004-05-05,0.0019434386228499231,0.0019434386228499231,-0.1265302439910126,2.2963630018135728e-05,-0.001392233070147013,-0.001392244551962022
2004-05-06,-0.04451917941552434,-0.04451917941552434,-0.07913230753117205,0.04739793645984054,0.0016777071537880303,0.00165400818555811
2004-05-07,-0.3630127862770162,-0.3630127862770162,0.0019434386228499231,0.08107574615402197,-5.2620402214289965e-05,-9.315827529130095e-05
2004-05-10,-0.5753418575180108,-0.5753418575180108,-0.04451917941552434,0.046462618038374266,0.0011398019636599866,0.0011165706546407996
2004-05-11,-0.6286088843327143,-0.6286088843327143,-0.3630127862770162,0.31849360686149186,-0.0026262620841267046,-0.0027855088875574506
2004-05-12,-0.6056695360986477,-0.6056695360986477,-0.5753418575180108,0.2123290712409946,-0.0036979559504651607,-0.003804120486085658
2004-05-13,-0.6974515808895858,-0.6974515808895858,-0.6286088843327143,0.05326702681470352,0.006611661017773389,0.006585027504366037
2004-05-14,-0.7692301318009429,-0.7692301318009429,-0.6056695360986477,0.022939348234066625,0.0005059815710079542,0.0004945118968909209
2004-05-17,-0.8461534212006288,-0.8461534212006288,-0.6974515808895858,0.0917820447909381,0.007632216227786423,0.007586325205390954
2004-05-18,-0.7812927375815273,-0.7812927375815273,-0.7692301318009429,0.0717785509113571,-0.008156197638313602,-0.00819208691376928
2004-05-19,-0.6620286052326947,-0.6620286052326947,-0.8461534212006288,0.07692328939968585,-0.008362889738961703,-0.008401351383661545
2004-05-20,-0.5687858202736579,-0.5687858202736579,-0.7812927375815273,0.06486068361910147,-0.0010000024084168423,-0.001032432750226393
2004-05-21,-0.44939464561069936,-0.44939464561069936,-0.6620286052326947,0.1192641323488326,-0.004878128623669294,-0.00493776068984371
2004-05-24,-0.31640968448435547,-0.31640968448435547,-0.5687858202736579,0.09324278495903682,-0.003650835241432628,-0.0036974566339121463
2004-05-25,-0.21263680524279474,-0.21263680524279474,-0.44939464561069936,0.11939117466295851,-0.0066990332961423685,-0.006758728883473848
2004-05-26,-0.14601435640327434,-0.14601435640327434,-0.31640968448435547,0.1329849611263439,0.000577981901883533,0.000511489421320361
2004-05-27,-0.07515267231673585,-0.07515267231673585,-0.21263680524279474,0.10377287924156073,-0.004047238794104593,-0.004099125233725373
2004-05-28,-0.035283524028668974,-0.035283524028668974,-0.14601435640327434,0.0666224488395204,0.0008810895786893286,0.0008477783542695684
2004-06-01,-0.013888724130671305,-0.013888724130671305,-0.07515267231673585,0.07086168408653849,-0.00017920111131242773,-0.00021463195335569697
2004-06-02,0.00300710448778131,0.00300710448778131,-0.035283524028668974,0.039869148288066876,-0.00010176390686018395,-0.00012169848100421739
2004-06-03,0.008357180266903751,0.008357180266903751,-0.013888724130671305,0.02139479989799767,0.00013379816751946916,0.00012310076757047033
2004-06-04,0.03370266151233581,0.03370266151233581,0.00300710448778131,0.016895828618452617,3.6018907073275554e-05,2.7570992764049247e-05
2004-06-07,0.17526546993064382,0.17526546993064382,0.008357180266903751,0.005350075779122441,0.00018464900077829334,0.00018197396288873211
2004-06-08,0.23512780294046198,0.23512780294046198,0.03370266151233581,0.025345481245432056,-0.00018924515623890758,-0.0002019178968616236
2004-06-09,0.20631450476989444,0.20631450476989444,0.17526546993064382,0.141562808418308,-0.003005950265571244,-0.003076731669780398
2004-06-10,0.24063276923313842,0.24063276923313842,0.23512780294046198,0.059862333009818164,0.0027860269251074737,0.0027560957586025645
2004-06-14,0.17185858169485507,0.17185858169485507,0.20631450476989444,0.028813298170567547,-0.004963831773300451,-0.004978238422385734
2004-06-15,0.19722628674632142,0.19722628674632142,0.24063276923313842,0.034318264463243986,0.004269856972889042,0.00425269784065742
2004-06-16,0.21332756709701917,0.21332756709701917,0.17185858169485507,0.06877418753828335,-6.1387680423017e-05,-9.577477419215867e-05
2004-06-17,0.25836747711276387,0.25836747711276387,0.19722628674632142,0.02536770505146635,0.0012687788738976022,0.001256095021371869
2004-06-18,0.2957347904467517,0.2957347904467517,0.21332756709701917,0.016101280350697744,0.0003787344339866192,0.0003706837938112703
2004-06-21,0.2989321533283794,0.2989321533283794,0.25836747711276387,0.0450399100157447,-0.0009158666781678476,-0.00093838663317572
2004-06-22,0.29027605988676164,0.29027605988676164,0.2957347904467517,0.03736731333398785,0.00012631775267492386,0.00010763409600792994
2004-06-23,0.32091621809210347,0.32091621809210347,0.2989321533283794,0.0031973628816276967,0.0018920248218115953,0.0018904261403707814
2004-06-24,0.35295574888901093,0.35295574888901093,0.29027605988676164,0.008656093441617774,0.0011283881467453085,0.0011240601000244996
2004-06-25,0.3432063327305203,0.3432063327305203,0.32091621809210347,0.030640158205341828,-0.001174912857371767,-0.001190232936474438
2004-06-28,0.2893360252459095,0.2893360252459095,0.35295574888901093,0.03203953079690747,0.0021696912588346886,0.002153671493436235
2004-06-29,0.19823182424763247,0.19823182424763247,0.3432063327305203,0.00974941615849062,-0.0007230845782175479,-0.0007279592862967932
2004-06-30,0.16344785799137643,0.16344785799137643,0.2893360252459095,0.0538703074846108,0.00183253662996285,0.0018056014762205445
2004-07-01,0.12922127547154402,0.12922127547154402,0.19823182424763247,0.09110420099827704,-0.00249517564379861,-0.0025407277442977484
2004-07-02,0.12921211761680795,0.12921211761680795,0.16344785799137643,0.034783966256256044,0.0009144388554669105,0.0008970468723387825
2004-07-06,0.11018402059322771,0.11018402059322771,0.12922127547154402,0.034226582519832405,-0.002129575359759967,-0.0021466886510198833
2004-07-07,0.1455779946714285,0.1455779946714285,0.12921211761680795,9.157854736069337e-06,0.0015266681227041185,0.0015266635437767503
2004-07-08,0.17357019514904307,0.17357019514904307,0.11018402059322771,0.019028097023580243,-0.0007017865497364416,-0.0007113005982482318
2004-07-09,0.2695982696199023,0.2695982696199023,0.1455779946714285,0.0353939740782008,0.0012339518776908452,0.0012162548906517448
2004-07-12,0.3716996695745616,0.3716996695745616,0.17357019514904307,0.027992200477614554,0.0005025327593330064,0.0004885366590941992
2004-07-13,0.37893427072234426,0.37893427072234426,0.2695982696199023,0.09602807447085923,-0.0013290675501645198,-0.0013770815873999495
2004-07-14,0.3420396268928053,0.3420396268928053,0.3716996695745616,0.10210139995465928,-0.00210440506265504,-0.0021554557626323697
2004-07-15,0.2648658686223514,0.2648658686223514,0.37893427072234426,0.007234601147782682,-0.004719809218125725,-0.004723426518699616
2004-07-16,0.24331675794387336,0.24331675794387336,0.3420396268928053,0.03689464382953894,0.0027609855397346646,0.002742538217819895
2004-07-19,0.22971740434839372,0.22971740434839372,0.2648658686223514,0.07717375827045392,0.00020832607711957133,0.00016973919798434438
2004-07-20,0.19749076192206869,0.19749076192206869,0.24331675794387336,0.021549110678478034,0.00012165887695777717,0.00011088432161853815
2004-07-21,0.13846051231882758,0.13846051231882758,0.22971740434839372,0.013599353595479646,-0.004986411563122697,-0.004993211239920437
2004-07-22,0.10972056860122059,0.10972056860122059,0.19749076192206869,0.03222664242632503,0.0010667398984941302,0.0010506265772809676
2004-07-23,0.05560677875100839,0.05560677875100839,0.13846051231882758,0.0590302496032411,-0.0025530974868739217,-0.002582612611675542
2004-07-26,0.01949969100704695,0.01949969100704695,0.10972056860122059,0.02873994371760699,0.0,-1.4369971858803495e-05
2004-07-27,0.006963539539534269,0.006963539539534269,0.05560677875100839,0.0541137898502122,0.00034543903345173326,0.00031838213852662716
2004-07-28,0.001451702584782318,0.001451702584782318,0.01949969100704695,0.036107087743961444,2.580243870096006e-05,7.748894828979338e-06
2004-07-29,0.0006110935717753162,0.0006110935717753162,0.006963539539534269,0.01253615146751268,8.68820725724956e-06,2.4201315234932197e-06
2004-07-30,0.0070877274670552905,0.0070877274670552905,0.001451702584782318,0.005511836954751951,5.321690251922699e-06,2.5657717745467233e-06
2004-08-02,0.022179902710753218,0.022179902710753218,0.0006110935717753162,0.0008406090130070019,2.9014644899466787e-06,2.4811599834431777e-06
2004-08-03,0.018479945081776375,0.018479945081776375,0.0070877274670552905,0.006476633895279974,-4.6375152629164545e-05,-4.961346957680453e-05
2004-08-04,0.013905691463769552,0.013905691463769552,0.022179902710753218,0.015092175243697927,-3.241022163165375e-06,-1.0787109785014338e-05
2004-08-05,-0.01768056275515547,-0.01768056275515547,0.018479945081776375,0.003699957628976843,-0.00027456979243763207,-0.0002764197712521205
2004-08-06,-0.022620892962080166,-0.022620892962080166,0.013905691463769552,0.004574253618006823,-2.0665918504663298e-05,-2.295304531366671e-05
2004-08-09,-0.02735236065098994,-0.02735236065098994,-0.01768056275515547,0.031586254218925025,1.973166142232438e-05,3.9385343128618675e-06
2004-08-10,-0.024277379301793866,-0.024277379301793866,-0.022620892962080166,0.004940330206924696,-0.0001853510242240602,-0.00018782118932752253
2004-08-11,-0.02543990315498607,-0.02543990315498607,-0.02735236065098994,0.004731467688909776,9.093582250600337e-05,8.857008866154848e-05
2004-08-12,-0.09435820972933481,-0.09435820972933481,-0.024277379301793866,0.0030749813491960758,0.0002699567090324419,0.00026841921835784384
2004-08-13,-0.16832426137699652,-0.16832426137699652,-0.02543990315498607,0.001162523853192203,-0.00015256762240172596,-0.00015314888432832206
2004-08-16,-0.16422159469561273,-0.16422159469561273,-0.09435820972933481,0.06891830657434875,-0.000949206736121533,-0.0009836658894087074
2004-08-17,-0.16678918703202245,-0.16678918703202245,-0.16832426137699652,0.0739660516476617,-0.00012415382595576353,-0.00016113685177959438
2004-08-18,-0.14032019145851127,-0.14032019145851127,-0.16422159469561273,0.0041026666813837875,-0.0012469397302231585,-0.0012489910635638504
2004-08-19,-0.1123446898550397,-0.1123446898550397,-0.16678918703202245,0.002567592336409713,0.0003904593132041549,0.00038917551703595004
2004-08-20,-0.08563537434769852,-0.08563537434769852,-0.14032019145851127,0.026468995573511178,-0.0006585750827957259,-0.0006718095805824815
2004-08-23,-0.09737232044307043,-0.09737232044307043,-0.1123446898550397,0.027975501603471564,0.0009102523638855044,0.0008962646130837686
2004-08-24,-0.10349039606036381,-0.10349039606036381,-0.08563537434769852,0.02670931550734118,1.888530944175195e-05,5.530651688081359e-06
2004-08-25,-0.08120423800573252,-0.08120423800573252,-0.09737232044307043,0.011736946095371903,-0.0010320718886977108,-0.0010379403617453967
2004-08-26,-0.05846673082414747,-0.05846673082414747,-0.10349039606036381,0.006118075617293384,-7.531136411016015e-05,-7.837040191880684e-05
2004-08-27,-0.04093169417622957,-0.04093169417622957,-0.08120423800573252,0.022286158054631286,-0.0002069066023132079,-0.00021804968134052355
2004-08-30,-0.031048194646851403,-0.031048194646851403,-0.05846673082414747,0.022737507181585057,0.0002122375022384656,0.00020086874864767309
2004-08-31,-0.017887475788245868,-0.017887475788245868,-0.04093169417622957,0.017535036647917897,-0.0003817208414618279,-0.00039048835978578686
2004-09-01,-0.008284916270696586,-0.008284916270696586,-0.031048194646851403,0.009883499529378167,-2.6900415634817833e-05,-3.1842165399506914e-05
2004-09-02,0.019505313660187887,0.019505313660187887,-0.017887475788245868,0.013160718858605536,-0.00018706718857347318,-0.00019364754800277594
2004-09-03,0.015570857593463485,0.015570857593463485,-0.008284916270696586,0.009602559517549281,0.00010999165561196184,0.0001051903758531872
2004-09-07,0.06584598859927432,0.06584598859927432,0.019505313660187887,0.027790229930884473,0.00027232241071634193,0.00025842729575089967
2004-09-08,0.10401955341519557,0.10401955341519557,0.015570857593463485,0.003934456066724401,-7.780911448620408e-06,-9.748139481982608e-06
2004-09-09,0.11359364718422682,0.11359364718422682,0.06584598859927432,0.05027513100581083,-0.00021150011339145198,-0.0002366376788943574
2004-09-10,0.1665013842467663,0.1665013842467663,0.10401955341519557,0.038173564815921254,0.0007821224305725729,0.0007630356481646123
2004-09-13,0.2326396456247551,0.2326396456247551,0.11359364718422682,0.009574093769031247,0.00040367958943401554,0.00039889254254949993
2004-09-14,0.29790394769569184,0.29790394769569184,0.1665013842467663,0.052907737062539484,0.0004127351218951932,0.00038628125336392347
2004-09-15,0.24688031364441324,0.24688031364441324,0.2326396456247551,0.06613826137798878,-0.0033364243647684543,-0.003369493495457449
2004-09-16,0.2550836379888311,0.2550836379888311,0.29790394769569184,0.06526430207093675,0.00196444400324787,0.0019318118522124016
2004-09-17,0.2803890449990487,0.2803890449990487,0.24688031364441324,0.051023634051278605,0.0008086114951695717,0.0007830996781439324
2004-09-20,0.24099689705104294,0.24099689705104294,0.2550836379888311,0.008203324344417867,-0.0015931274043225973,-0.0015972290664948061
2004-09-21,0.3676630814514019,0.3676630814514019,0.2803890449990487,0.025305407010217607,0.004385507045756531,0.004372854342251422
2004-09-22,0.3101888941753643,0.3101888941753643,0.24099689705104294,0.03939214794800577,-0.003914641225738562,-0.003934337299712565
2004-09-23,0.25602961049315504,0.25602961049315504,0.3676630814514019,0.12666618440035898,-0.000998785211054651,-0.0010621183032548305
2004-09-24,0.24923154850090926,0.24923154850090926,0.3101888941753643,0.05747418727603759,0.00040024081913407877,0.00037150372549605995
2004-09-27,0.21323718082034393,0.21323718082034393,0.25602961049315504,0.05415928368220929,-0.0012828975573853652,-0.0013099771992264699
2004-09-28,0.26760731590380693,0.26760731590380693,0.24923154850090926,0.00679806199224578,0.0024384854666747234,0.0024350864356786003
2004-09-29,0.3360641860909438,0.3360641860909438,0.21323718082034393,0.035994367680565326,0.0008203898086516093,0.0008023926248113266
2004-09-30,0.43336398355581374,0.43336398355581374,0.26760731590380693,0.054370135083463,0.0009496301633651759,0.0009224450958234444
2004-10-01,0.6222426557038758,0.6222426557038758,0.3360641860909438,0.06845687018713686,0.005228804576693245,0.005194576141599677
2004-10-04,0.7481617704692506,0.7481617704692506,0.43336398355581374,0.09729979746486994,0.0006637427493752322,0.0006150928506427972
2004-10-05,0.8321078469795005,0.8321078469795005,0.6222426557038758,0.1888786721480621,0.0003463156824699736,0.00025187634639594253
2004-10-06,0.8880718979863338,0.8880718979863338,0.7481617704692506,0.12591911476537476,0.00280748820944888,0.0027445286520661927
2004-10-07,0.7574911399725028,0.7574911399725028,0.8321078469795005,0.08394607651024988,-0.00570328058911122,-0.005745253627366344
2004-10-08,0.8383274266483354,0.8383274266483354,0.8880718979863338,0.055964051006833326,0.0061910432546694715,0.006163061229166055
2004-10-11,0.8922182844322237,0.8922182844322237,0.7574911399725028,0.13058075801383096,0.0018354172807127803,0.0017701269017058648
2004-10-12,0.7260385837606809,0.7260385837606809,0.8383274266483354,0.08083628667583254,-0.009553100307551627,-0.009593518450889543
2004-10-13,0.5678242254234007,0.5678242254234007,0.8922182844322237,0.05389085778388836,-0.0062327154073019775,-0.006259660836193922
2004-10-14,0.4427620472736631,0.4427620472736631,0.7260385837606809,0.16617970067154286,-0.0038306700246103663,-0.003913759874946137
2004-10-15,0.4195136950023945,0.4195136950023945,0.5678242254234007,0.15821435833728015,0.006465254501105926,0.006386147321937286
2004-10-18,0.4586936654158783,0.4586936654158783,0.4427620472736631,0.12506217814973764,0.0017649948845572844,0.0017024637954824156
2004-10-19,0.4616929096318641,0.4616929096318641,0.4195136950023945,0.02324835227126859,-0.0008181514353276254,-0.0008297756114632597
2004-10-20,0.5133022352031625,0.5133022352031625,0.4586936654158783,0.03917997041348381,0.00176047117163115,0.0017408811864244081
2004-10-21,0.6564346855077312,0.6564346855077312,0.4616929096318641,0.002999244215985797,0.002696093833390481,0.002694594211282488
2004-10-22,0.6330838381220733,0.6330838381220733,0.5133022352031625,0.05160932557129844,-0.0031575661918952784,-0.0031833708546809276
2004-10-25,0.6014586297997184,0.6014586297997184,0.6564346855077312,0.14313245030456867,-0.0006848467190503587,-0.000756412944202643
2004-10-26,0.6650502439581485,0.6650502439581485,0.6330838381220733,0.023350847385657958,0.0035259965928823972,0.003514321169189568
2004-10-27,0.7767001626387657,0.7767001626387657,0.6014586297997184,0.031625208322354825,0.006245458447580983,0.006229645843419806
2004-10-28,0.8511334417591772,0.8511334417591772,0.6650502439581485,0.06359161415843007,0.0018228564829737479,0.0017910606758945328
2004-10-29,0.9007556278394515,0.9007556278394515,0.7767001626387657,0.11164991868061724,0.0,-5.582495934030862e-05
2004-11-01,0.9338370852263012,0.9338370852263012,0.8511334417591772,0.07443327912041142,0.0014538318386058359,0.0014166151990456302
2004-11-02,0.9558913901508674,0.9558913901508674,0.9007556278394515,0.049622186080274355,0.007004223688342784,0.006979412595302647
2004-11-03,0.9705942601005784,0.9705942601005784,0.9338370852263012,0.033081457386849644,0.011061807871388047,0.011045267142694623
2004-11-04,0.9803961734003857,0.9803961734003857,0.9558913901508674,0.02205430492456628,0.0133639865732797,0.013352959420817417
2004-11-05,0.9869307822669238,0.9869307822669238,0.9705942601005784,0.014702869949710928,0.004546331211346025,0.004538979776371169
2004-11-08,0.8718284556926488,0.8718284556926488,0.9803961734003857,0.009801913299807286,-0.006823922760759585,-0.006828823717409489
2004-11-09,0.7752500648012892,0.7752500648012892,0.9869307822669238,0.006534608866538116,-0.0024797876274500977,-0.0024830549318833666
2004-11-10,0.6873026955503904,0.6873026955503904,0.8718284556926488,0.115102326574275,-0.0016760637742466084,-0.001733614937533746
2004-11-11,0.780638013598171,0.780638013598171,0.7752500648012892,0.09657839089135956,0.008444673881576228,0.008396384686130548
2004-11-12,0.8537586757321141,0.8537586757321141,0.6873026955503904,0.08794736925089885,0.008128297928963255,0.008084324244337806
2004-11-15,0.9025057838214094,0.9025057838214094,0.780638013598171,0.09333531804778061,0.0007603736582923531,0.0007137059992684628
2004-11-16,0.838054428338407,0.838054428338407,0.8537586757321141,0.07312066213394308,-0.007200153840415004,-0.007236714171481975
2004-11-17,0.8920362855589381,0.8920362855589381,0.9025057838214094,0.04874710808929539,0.011513739830526143,0.011489366276481495
2004-11-18,0.8939912821668671,0.8939912821668671,0.838054428338407,0.0644513554830024,-0.0018948560754690389,-0.0019270817532105401
2004-11-19,0.8207070534635406,0.8207070534635406,0.8920362855589381,0.05398185722053106,-0.005775221853361851,-0.005802212781972117
2004-11-22,0.798065757121579,0.798065757121579,0.8939912821668671,0.0019549966079289716,0.0026214012130689373,0.0026204237147649727
2004-11-23,0.8033317621279772,0.8033317621279772,0.8207070534635406,0.07328422870332651,0.001600074824209269,0.0015634327098576057
2004-11-24,0.8688878414186516,0.8688878414186516,0.798065757121579,0.022641296341961548,0.0036226991797112295,0.0036113785315402486
2004-11-26,0.9125918942791011,0.9125918942791011,0.8033317621279772,0.005266005006398178,0.004667367661451757,0.004664734658948557
2004-11-29,0.9417279295194008,0.9417279295194008,0.8688878414186516,0.06555607929067442,0.002788697271589269,0.002755919231943932
2004-11-30,0.8557349158980805,0.8557349158980805,0.9125918942791011,0.04370405286044954,-0.006130562611325231,-0.006152414637755455
2004-12-01,0.9038232772653871,0.9038232772653871,0.9417279295194008,0.029136035240299618,0.01637747672353818,0.016362908705918028
2004-12-02,0.9102452330779617,0.9102452330779617,0.8557349158980805,0.08599301362132028,-0.00135446125606477,-0.00139745776287543
2004-12-03,0.9401634887186412,0.9401634887186412,0.9038232772653871,0.04808836136730665,0.005387430173172305,0.005363385992488652
2004-12-06,0.8727631447413169,0.8727631447413169,0.9102452330779617,0.006421955812574542,-0.0055652628022524785,-0.005568473780158766
2004-12-07,0.7789628509618926,0.7789628509618926,0.9401634887186412,0.029918255640679514,-0.005128071420897366,-0.005143030548717706
2004-12-08,0.7111159364220156,0.7111159364220156,0.8727631447413169,0.0674003439773243,-0.0006125414125081894,-0.0006462415844968515
2004-12-09,0.6414729612542224,0.6414729612542224,0.7789628509618926,0.09380029377942434,-0.003230962448621382,-0.0032778625955110943
2004-12-10,0.5442244723418719,0.5442244723418719,0.7111159364220156,0.0678469145398769,-0.006972330058082916,-0.007006253515352855
2004-12-13,0.5881458300617901,0.5881458300617901,0.6414729612542224,0.06964297516779328,0.009672805252547453,0.009637983764963557
2004-12-14,0.6174387752335835,0.6174387752335835,0.5442244723418719,0.0972484889123505,0.00017337585155274645,0.0001247516070965712
2004-12-15,0.6787184186804347,0.6787184186804347,0.5881458300617901,0.04392135771991823,0.0035613314473943655,0.0035393707685344063
2004-12-16,0.6646567583958007,0.6646567583958007,0.6174387752335835,0.029292945171793372,-0.003911657218586082,-0.003926303691171979
2004-12-17,0.6269626473449682,0.6269626473449682,0.6787184186804347,0.06127964344685122,-0.0019475430976714989,-0.0019781829193949245
2004-12-20,0.6901089827724349,0.6901089827724349,0.6646567583958007,0.014061660284633959,0.006077295237070697,0.0060702644069283804
2004-12-21,0.7934059885149567,0.7934059885149567,0.6269626473449682,0.037694111050832535,0.004409339728651411,0.004390492673125994
2004-12-22,0.8622706590099711,0.8622706590099711,0.6901089827724349,0.06314633542746673,0.0010423185296723459,0.0010107453619586126
2004-12-23,0.9081804393399808,0.9081804393399808,0.7934059885149567,0.10329700574252176,0.005207334358792949,0.005155685855921688
2004-12-27,0.9387869595599874,0.9387869595599874,0.8622706590099711,0.06886467049501444,0.006775784690073328,0.0067413523548258214
2004-12-28,0.9591913063733251,0.9591913063733251,0.9081804393399808,0.0459097803300097,0.006053252152487893,0.006030297262322889
2004-12-29,0.8966101540384727,0.8966101540384727,0.9387869595599874,0.03060652022000654,-0.004515257142788405,-0.0045305604028984085
2004-12-30,0.8559806837193231,0.8559806837193231,0.9591913063733251,0.020404346813337693,0.00012044170219200851,0.00011023952878533967
2004-12-31,0.9039871224795488,0.9039871224795488,0.8966101540384727,0.0625811523348524,0.005064130206019987,0.005032839629852561
2005-01-03,0.8269940808866392,0.8269940808866392,0.8559806837193231,0.04062947031914954,-0.0061427692189785195,-0.006163083954138095
2005-01-04,0.6851287669471349,0.6851287669471349,0.9039871224795488,0.0480064387602257,-0.017329630679654633,-0.017353633899034746
2005-01-05,0.5830483813239208,0.5830483813239208,0.8269940808866392,0.07699304159290965,-0.0005301807285291717,-0.0005686772493256265
2005-01-06,0.5178934228988571,0.5178934228988571,0.6851287669471349,0.1418653139395043,0.0,-7.093265696975215e-05
2005-01-07,0.45114667016965776,0.45114667016965776,0.5830483813239208,0.10208038562321409,-0.00261688554644389,-0.002667925739255497
2005-01-10,0.4105357148245138,0.4105357148245138,0.5178934228988571,0.06515495842506369,0.002334931551512394,0.0023023540722998622
2005-01-11,0.3643140699982833,0.3643140699982833,0.45114667016965776,0.06674675272919933,-0.000867961325544272,-0.0009013347019088717
2005-01-12,0.38474881675220407,0.38474881675220407,0.4105357148245138,0.04061095534514397,0.0032970066679190485,0.0032767011902464765
2005-01-13,0.3552095962559022,0.3552095962559022,0.3643140699982833,0.04622164482623048,-0.003134563150388012,-0.003157673972801127
2005-01-14,0.35658739977103704,0.35658739977103704,0.38474881675220407,0.020434746753920763,0.0018551597683725313,0.001844942394995571
2005-01-18,0.3598140933691638,0.3598140933691638,0.3552095962559022,0.029539220496301866,0.0002727284614661483,0.0002579588512179974
2005-01-19,0.28408425776361196,0.28408425776361196,0.35658739977103704,0.0013778035151348345,-0.0036931705881566514,-0.003693859489914219
2005-01-20,0.21818887101719026,0.21818887101719026,0.3598140933691638,0.003226693598126773,-0.0023939759044615807,-0.0023955892512606443
2005-01-21,0.17791908540601029,0.17791908540601029,0.28408425776361196,0.07572983560555185,0.0011268504476122266,0.0010889855298094506
2005-01-24,0.1532148156282448,0.1532148156282448,0.21818887101719026,0.0658953867464217,0.00038165190992219217,0.0003487042165489813
2005-01-25,0.1346429435649047,0.1346429435649047,0.17791908540601029,0.04026978561117997,5.747419424413549e-05,3.733930143854551e-05
2005-01-26,0.18183516643665693,0.18183516643665693,0.1532148156282448,0.024704269777765492,0.0018520555884729826,0.0018397034535840998
2005-01-27,0.20337274454741794,0.20337274454741794,0.1346429435649047,0.0185718720633401,0.00019779320999347252,0.00018850727396180247
2005-01-28,0.18283285236532612,0.18283285236532612,0.18183516643665693,0.04719222287175223,-0.0004058701339931779,-0.000429466245429054
2005-01-31,0.18417551696468207,0.18417551696468207,0.20337274454741794,0.021537578110761013,0.000974900655698755,0.0009641318666433745
2005-02-01,0.2379494248877122,0.2379494248877122,0.18283285236532612,0.020539892182091818,0.001139903014108943,0.0011296330680178972
2005-02-02,0.24617470994955226,0.24617470994955226,0.18417551696468207,0.0013426645993559472,0.0002560883036648731,0.00025541697136519516
2005-02-03,0.2081418401414578,0.2081418401414578,0.2379494248877122,0.053773907923030134,-0.0012918791523686072,-0.0013187661063301223
2005-02-04,0.2177218079499173,0.2177218079499173,0.24617470994955226,0.00822528506184006,0.001265717680188284,0.0012616050376573638
2005-02-07,0.18879181485740987,0.18879181485740987,0.2081418401414578,0.03803286980809445,-0.0013144428296870568,-0.001333459264591104
2005-02-08,0.16582551183945834,0.16582551183945834,0.2177218079499173,0.009579967808459489,0.0,-4.789983904229744e-06
2005-02-09,0.1242549219230006,0.1242549219230006,0.18879181485740987,0.028929993092507433,-0.0004799287726255305,-0.0004943937691717842
2005-02-10,0.1740782185434515,0.1740782185434515,0.16582551183945834,0.022966303017951523,0.0017221149110198065,0.0017106317595108307
2005-02-11,0.3246371029006567,0.3246371029006567,0.1242549219230006,0.04157058991645775,0.000861911387286002,0.0008411260923277731
2005-02-14,0.5497580686004379,0.5497580686004379,0.1740782185434515,0.049823296620450916,0.0013518601510011104,0.001326948502690885
2005-02-15,0.6998387124002919,0.6998387124002919,0.3246371029006567,0.1505588843572052,0.002178697107114982,0.0021034176649363796
2005-02-16,0.622669266733633,0.622669266733633,0.5497580686004379,0.22512096569978113,-0.004852930977209554,-0.004965491460059444
2005-02-17,0.5884406509319877,0.5884406509319877,0.6998387124002919,0.15008064379985409,0.001438592369327446,0.001363552047427519
2005-02-18,0.668138366217442,0.668138366217442,0.622669266733633,0.07716944566665895,0.003095893381520516,0.0030573086586871863
2005-02-22,0.6536201388207517,0.6536201388207517,0.5884406509319877,0.03422861580164527,-0.001382870589663656,-0.0013999848975644786
2005-02-23,0.6556367902064434,0.6556367902064434,0.668138366217442,0.07969771528545433,0.00033122134542040287,0.0002913724877776757
2005-02-24,0.6939499163453482,0.6939499163453482,0.6536201388207517,0.014518227396690397,0.0010124239698806948,0.0010051648561823496
2005-02-25,0.7959666108968988,0.7959666108968988,0.6556367902064434,0.0020166513856917367,0.007625211140736449,0.007624202815043603
2005-02-28,0.7988845572475991,0.7988845572475991,0.6939499163453482,0.03831312613890481,-0.001612528605208779,-0.0016316851682782313
2005-03-01,0.8659230381650662,0.8659230381650662,0.7959666108968988,0.1020166945515506,0.004390923236444425,0.0043399148891686504
2005-03-02,0.754240815741693,0.754240815741693,0.7988845572475991,0.0029179463507003067,-0.005989937901367663,-0.005991396874543013
2005-03-03,0.6624202779767722,0.6624202779767722,0.8659230381650662,0.06703848091746711,0.0004254292191618983,0.0003919099787031647
2005-03-04,0.7749468519845149,0.7749468519845149,0.754240815741693,0.11168222242337322,0.01319580567246882,0.013139964561257133
2005-03-07,0.7742300048455779,0.7742300048455779,0.6624202779767722,0.09182053776492083,-0.002797426920462582,-0.0028433371893450423
2005-03-08,0.8194438920387929,0.8194438920387929,0.7749468519845149,0.11252657400774269,0.0021126529613241557,0.0020563896743202846
2005-03-09,0.7702758970792655,0.7702758970792655,0.7742300048455779,0.000716847138936938,-0.0035086986449358883,-0.0035090570685053567
2005-03-10,0.7930919392564639,0.7930919392564639,0.8194438920387929,0.04521388719321495,0.0026862175392234305,0.002663610595626823
2005-03-11,0.7977405648473868,0.7977405648473868,0.7702758970792655,0.049167994959527395,-0.0001866144788822179,-0.0002111984763619816
2005-03-14,0.7477424664420963,0.7477424664420963,0.7930919392564639,0.02281604217719846,-0.0025437788480895704,-0.0025551868691781696
2005-03-15,0.6417585682316429,0.6417585682316429,0.7977405648473868,0.004648625590922828,-0.004939546114226779,-0.00494187042702224
2005-03-16,0.5743079688508614,0.5743079688508614,0.7477424664420963,0.04999809840529046,0.0008675932322061621,0.0008425941830035169
2005-03-17,0.5198418543207936,0.5198418543207936,0.6417585682316429,0.1059838982104534,-0.0007437588946511088,-0.0007967508437563355
2005-03-18,0.3651555851871675,0.3651555851871675,0.5743079688508614,0.06745059938078146,-0.0011578654888394512,-0.0011915907885298419
2005-03-21,0.25391682819316047,0.25391682819316047,0.5198418543207936,0.05446611453006789,-0.0035319730250709313,-0.0035592060823359654
2005-03-22,0.17389480979073524,0.17389480979073524,0.3651555851871675,0.15468626913362604,-0.0041857845454431565,-0.00426312768000997
2005-03-23,0.11374770420009743,0.11374770420009743,0.25391682819316047,0.11123875699400704,-0.001693896455246225,-0.0017495158337432284
2005-03-24,0.07432655067253535,0.07432655067253535,0.17389480979073524,0.08002201840242523,-3.2735451677689544e-05,-7.274646087890215e-05
2005-03-28,0.047962048551830984,0.047962048551830984,0.11374770420009743,0.06014710559063781,0.0,-3.0073552795318904e-05
2005-03-29,0.013899717445765118,0.013899717445765118,0.07432655067253535,0.03942115352756208,-0.000769861569105853,-0.0007895721458696341
2005-03-30,-0.0026724978353534455,-0.0026724978353534455,0.047962048551830984,0.026364502120704368,0.0003924561061407256,0.00037927385508037344
2005-03-31,-0.014722937966133613,-0.014722937966133613,0.013899717445765118,0.034062331106065866,-6.1157305299624715e-06,-2.3146896082995408e-05
2005-04-01,-0.03297673515878504,-0.03297673515878504,-0.0026724978353534455,0.016572215281118564,6.224758562369813e-06,-2.061349078189469e-06
2005-04-04,-0.04483542627808785,-0.04483542627808785,-0.014722937966133613,0.012050440130780167,-4.64743168320561e-06,-1.0672651748595694e-05
2005-04-05,-0.03541531126810124,-0.03541531126810124,-0.03297673515878504,0.018253797192651428,-0.00017678235895010852,-0.00018590925754643424
2005-04-06,-0.02034339648762835,-0.02034339648762835,-0.04483542627808785,0.011858691119302808,-0.00012657742012223838,-0.00013250676568188978
2005-04-07,-0.0017062354957788264,-0.0017062354957788264,-0.03541531126810124,0.009420115009986609,-0.00014400749605386512,-0.00014871755355885843
2005-04-08,0.010739576399745992,0.010739576399745992,-0.02034339648762835,0.01507191478047289,-0.0,-7.535957390236444e-06
2005-04-11,0.029961104112633793,0.029961104112633793,-0.0017062354957788264,0.018637160991849526,-6.378457221725494e-06,-1.5697037717650257e-05
2005-04-12,0.02438998663850227,0.02438998663850227,0.010739576399745992,0.012445811895524819,2.6664933298238972e-05,2.0442027350476564e-05
2005-04-13,0.017820349551269984,0.017820349551269984,0.029961104112633793,0.0192215277128878,-0.0003153744709345707,-0.00032498523479101456
2005-04-14,-0.03439723368678448,-0.03439723368678448,0.02438998663850227,0.005571117474131523,-0.000320526022999093,-0.00032331158173615876
2005-04-15,-0.16687065649625576,-0.16687065649625576,0.017820349551269984,0.006569637087232287,-0.00021809139409155256,-0.0002213762126351687
2005-04-18,-0.34345373635737486,-0.34345373635737486,-0.03439723368678448,0.05221758323805446,0.00012585992144631403,9.97511298272868e-05
2005-04-19,-0.3425791461682077,-0.3425791461682077,-0.16687065649625576,0.13247342280947128,-0.0022148608033499676,-0.0022810975147547034
2005-04-20,-0.4978150897005705,-0.4978150897005705,-0.34345373635737486,0.1765830798611191,0.00438969730530138,0.004301405765370821
2005-04-21,-0.4393586493976742,-0.4393586493976742,-0.3425791461682077,0.0008745901891671348,-0.006200674773567656,-0.006201112068662239
2005-04-22,-0.43405473969291897,-0.43405473969291897,-0.4978150897005705,0.15523594353236275,0.0017640679861716485,0.0016864500144054672
2005-04-25,-0.38430199494578476,-0.38430199494578476,-0.4393586493976742,0.05845644030289626,-0.0023155435641216875,-0.0023447717842731354
2005-04-26,-0.4787753617687109,-0.4787753617687109,-0.43405473969291897,0.00530390970475525,0.005428158038905206,0.005425506084052828
2005-04-27,-0.5767025427749553,-0.5767025427749553,-0.38430199494578476,0.0497527447471342,0.0010324122317908473,0.0010075358594172801
2005-04-28,-0.7178016951833035,-0.7178016951833035,-0.4787753617687109,0.09447336682292612,0.006447987137643516,0.006400750454232053
2005-04-29,-0.6257699824069323,-0.6257699824069323,-0.5767025427749553,0.09792718100624437,-0.009260207628692797,-0.00930917121919592
2005-05-02,-0.5670216357737154,-0.5670216357737154,-0.7178016951833035,0.14109915240834825,0.00022972106168582808,0.00015917148548165395
2005-05-03,-0.504444575536449,-0.504444575536449,-0.6257699824069323,0.09203171277637123,-0.0013615148341391877,-0.0014075306905273733
2005-05-04,-0.3796571453561767,-0.3796571453561767,-0.5670216357737154,0.05874834663321682,-0.0067352092761664185,-0.0067645834494830265
2005-05-05,-0.28267776501665365,-0.28267776501665365,-0.504444575536449,0.0625770602372665,-0.0007323148193743329,-0.0007636033494929661
2005-05-06,-0.2404953483277114,-0.2404953483277114,-0.3796571453561767,0.12478743018027227,0.0016508981155608237,0.0015885044004706876
2005-05-09,-0.2004743324946367,-0.2004743324946367,-0.28267776501665365,0.09697938033952302,-0.0006441707141888126,-0.0006926604043585741
2005-05-10,-0.26527410719395006,-0.26527410719395006,-0.2404953483277114,0.04218241668894224,0.003341270785002903,0.003320179576658432
2005-05-11,-0.2748131838268041,-0.2748131838268041,-0.2004743324946367,0.04002101583307471,-0.0008986736349164477,-0.000918684142832985
2005-05-12,-0.3994656315563192,-0.3994656315563192,-0.26527410719395006,0.06479977469931336,0.003297960062140231,0.003265560174790574
2005-05-13,-0.5723181461563409,-0.5723181461563409,-0.2748131838268041,0.009539076632854027,0.001596702352610274,0.001591932814293847
2005-05-16,-0.6093866588168193,-0.6093866588168193,-0.3994656315563192,0.12465244772951511,-0.0016081459104925527,-0.0016704721343573103
2005-05-17,-0.6358298752683061,-0.6358298752683061,-0.5723181461563409,0.1728525146000217,7.393449615617634e-05,-1.2491761143834524e-05
2005-05-18,-0.5204512373400185,-0.5204512373400185,-0.6093866588168193,0.03706851266047839,-0.006897938332749415,-0.006916472589079654
2005-05-19,-0.43799239336777107,-0.43799239336777107,-0.6358298752683061,0.02644321645148684,-0.00044732976337548956,-0.000460551371601233
2005-05-20,-0.4174764926940571,-0.4174764926940571,-0.5204512373400185,0.11537863792828762,0.0021954661158084168,0.002137776796844273
2005-05-23,-0.35157683398084494,-0.35157683398084494,-0.43799239336777107,0.08245884397224745,-0.003626669408824536,-0.00366789883081066
2005-05-24,-0.30362241900824016,-0.30362241900824016,-0.4174764926940571,0.02051590067371395,0.0010896524282089323,0.0010793944778720753
2005-05-25,-0.2884100076819657,-0.2884100076819657,-0.35157683398084494,0.06589965871321218,0.0009649184263900557,0.0009319685970334496
2005-05-26,-0.24215295565937017,-0.24215295565937017,-0.30362241900824016,0.047954414972604775,-0.00019429785699312725,-0.00021827506447942964
2005-05-27,-0.18465561560233018,-0.18465561560233018,-0.2884100076819657,0.015212411326274489,-0.0011990981291271307,-0.0012067043347902678
2005-05-31,-0.2971378115969302,-0.2971378115969302,-0.24215295565937017,0.0462570520225955,0.0031619380653213425,0.0031388095393100448
2005-06-01,-0.3061623450209058,-0.3061623450209058,-0.18465561560233018,0.05749734005703999,-0.0011202501517429658,-0.0011489988217714857
2005-06-02,-0.247576483863859,-0.247576483863859,-0.2971378115969302,0.11248219599460002,-0.002534986732538494,-0.0025912278305357944
2005-06-03,-0.2824242404980928,-0.2824242404980928,-0.3061623450209058,0.009024533423975578,0.002862516437423745,0.002858004170711757
2005-06-06,-0.2574836492186197,-0.2574836492186197,-0.247576483863859,0.05858586115704678,-0.0016372377999476317,-0.001666530730526155
2005-06-07,-0.20632648585331612,-0.20632648585331612,-0.2824242404980928,0.034847756634233784,-0.001441182788937666,-0.0014586066672547828
2005-06-08,-0.1818494165729571,-0.1818494165729571,-0.2574836492186197,0.024940591279473068,0.0009477200800069514,0.0009352497843672148
2005-06-09,-0.1478803746939423,-0.1478803746939423,-0.20632648585331612,0.0511571633653036,-0.0008147735653893991,-0.0008403521470720509
2005-06-10,-0.14214347810252426,-0.14214347810252426,-0.1818494165729571,0.024477069280359004,0.0006922697459802724,0.0006800312113400929
2005-06-13,-0.15399502608238597,-0.15399502608238597,-0.1478803746939423,0.03396904187901481,0.0005085107554659475,0.0004915262345264401
2005-06-14,-0.1347666703103224,-0.1347666703103224,-0.14214347810252426,0.005736896591418045,0.00016353193252486445,0.00016066348422915543
2005-06-15,-0.09602227962814158,-0.09602227962814158,-0.15399502608238597,0.01185154797986171,-0.0009162797012146675,-0.0009222054752045984
2005-06-16,-0.06260881768132007,-0.06260881768132007,-0.1347666703103224,0.019228355772063555,-0.0004370987631710889,-0.00044671294105712067
2005-06-17,0.03637470498820853,0.03637470498820853,-0.09602227962814158,0.03874439068218083,-0.0014427398194257403,-0.0014621120147668308
2005-06-20,0.04919507206970218,0.04919507206970218,-0.06260881768132007,0.033413461946821515,0.0005865757420229066,0.0005698690110494959
2005-06-21,0.11269813259744203,0.11269813259744203,0.03637470498820853,0.09898352266952859,0.0002752112003975021,0.0002257194390627378
2005-06-22,0.1291286533172421,0.1291286533172421,0.04919507206970218,0.012820367081493651,-0.00014777196575535927,-0.0001541821492961061
2005-06-23,0.08319991058735274,0.08319991058735274,0.11269813259744203,0.06350306052773985,-0.00127317189094653,-0.0013049234212103998
2005-06-24,0.05169901573651548,0.05169901573651548,0.1291286533172421,0.01643052071980007,-2.4629677895663676e-05,-3.284493825556371e-05
2005-06-27,0.01920220052502494,0.01920220052502494,0.08319991058735274,0.045928742729889366,-0.0001901309848377931,-0.00021309535620273778
2005-06-28,0.02654554292905995,0.02654554292905995,0.05169901573651548,0.031500894850837256,0.0002960965003100869,0.00028034605288466827
2005-06-29,0.010020642536603076,0.010020642536603076,0.01920220052502494,0.032496815211490546,-8.019770629816128e-05,-9.644611390390655e-05
2005-06-30,-0.007689744530913058,-0.007689744530913058,0.02654554292905995,0.0073433424040350095,-3.5411750542647804e-05,-3.9083421744665306e-05
2005-07-01,-0.014480754575889897,-0.014480754575889897,0.010020642536603076,0.016524900392456875,-1.3392180261179367e-05,-2.1654630457407803e-05
2005-07-05,-0.01399024586966378,-0.01399024586966378,-0.007689744530913058,0.017710387067516133,-8.821342077864122e-06,-1.7676535611622188e-05
2005-07-06,-0.012564098745398815,-0.012564098745398815,-0.014480754575889897,0.006791010044976838,3.870443366318935e-05,3.530892864070093e-05
2005-07-07,-0.01550644114296606,-0.01550644114296606,-0.01399024586966378,0.0004905087062261164,7.766566693599681e-05,7.742041258288375e-05
2005-07-08,0.005991794853096253,0.005991794853096253,-0.012564098745398815,0.0014261471242649655,-0.0001692916221050134,-0.0001700046956671459
2005-07-11,0.09217583962030597,0.09217583962030597,-0.01550644114296606,0.0029423423975672453,-0.00011191873167018147,-0.00011338990286896509
2005-07-12,0.39478389308020395,0.39478389308020395,0.005991794853096253,0.021498235996062313,6.214470349517002e-05,5.1395585497138855e-05
2005-07-13,0.3640205771292677,0.3640205771292677,0.09217583962030597,0.08618404476720971,-0.0007397422695802319,-0.0007828342919638367
2005-07-14,0.3925426914152039,0.3925426914152039,0.39478389308020395,0.302608053459898,0.001114213462838508,0.000962909436108559
2005-07-15,0.36917659675094605,0.36917659675094605,0.3640205771292677,0.030763315950936232,-0.0009561669809728038,-0.0009715486389482719
2005-07-18,0.3256035844166044,0.3256035844166044,0.3925426914152039,0.028522114285936206,-0.001107731939512808,-0.0011219929966557762
2005-07-19,0.3250896480052459,0.3250896480052459,0.36917659675094605,0.023366094664257875,0.0008357098993006055,0.0008240268519684765
2005-07-20,0.48105054731570807,0.48105054731570807,0.3256035844166044,0.04357301233434163,0.0022062685416546265,0.0021844820354874556
2005-07-21,0.6540336982104721,0.6540336982104721,0.3250896480052459,0.0005139364113584954,0.0006685213670400455,0.0006682643988343663
2005-07-22,0.715538020224698,0.715538020224698,0.48105054731570807,0.15596089931046214,-0.00044880539284583413,-0.0005267858425010652
2005-07-25,0.6418691138290972,0.6418691138290972,0.6540336982104721,0.17298315089476402,-0.0018316826946079582,-0.0019181742700553402
2005-07-26,0.49230707720638994,0.49230707720638994,0.715538020224698,0.061504322014225954,-0.002144192517019102,-0.002174944678026215
2005-07-27,0.6615380514709266,0.6615380514709266,0.6418691138290972,0.07366890639560086,0.00735435865644797,0.007317524203250169
2005-07-28,0.7743587009806178,0.7743587009806178,0.49230707720638994,0.14956203662270723,0.0033826728264766586,0.003307891808165305
2005-07-29,0.6864006884723186,0.6864006884723186,0.6615380514709266,0.16923097426453665,-0.0031724089548129508,-0.003257024441945219
2005-08-01,0.7909337923148791,0.7909337923148791,0.7743587009806178,0.11282064950969117,0.007605737318305582,0.007549326993550737
2005-08-02,0.8606225282099196,0.8606225282099196,0.6864006884723186,0.08795801250829915,0.004912702538465775,0.004868723532211626
2005-08-03,0.9070816854732797,0.9070816854732797,0.7909337923148791,0.10453310384256054,0.0059092275432702426,0.005856960991348963
2005-08-04,0.787967224677433,0.787967224677433,0.8606225282099196,0.06968873589504043,-0.007004695861505534,-0.007039540229453054
2005-08-05,0.6695809998793327,0.6695809998793327,0.9070816854732797,0.04645915726336014,-0.003308047233767793,-0.003331276812399473
2005-08-08,0.617795558516642,0.617795558516642,0.787967224677433,0.11911446079584675,0.0018744952055062475,0.0018149379751083241
2005-08-09,0.7451970390110947,0.7451970390110947,0.6695809998793327,0.11838622479810024,0.008557955004022514,0.008498761891623463
2005-08-10,0.8301313593407298,0.8301313593407298,0.617795558516642,0.0517854413626907,0.004232172233872164,0.004206279513190818
2005-08-11,0.8867542395604866,0.8867542395604866,0.7451970390110947,0.12740148049445266,0.012008701773253092,0.011945001033005866
2005-08-12,0.8361765284204096,0.8361765284204096,0.8301313593407298,0.0849343203296351,-0.005119757359614274,-0.005162224519779091
2005-08-15,0.8233407977809359,0.8233407977809359,0.8867542395604866,0.05662288021975681,0.0015719816680662359,0.0015436702279563574
2005-08-16,0.7134861158690248,0.7134861158690248,0.8361765284204096,0.05057771114007703,-0.009027935951647638,-0.009053224807217677
2005-08-17,0.6204140709114143,0.6204140709114143,0.8233407977809359,0.01283573063947363,-0.002061966893560321,-0.0020683847588800577
2005-08-18,0.49432990695171275,0.49432990695171275,0.7134861158690248,0.10985468191191117,-0.007678735763448335,-0.007733663104404291
2005-08-19,0.43670327091466504,0.43670327091466504,0.6204140709114143,0.09307204495761046,0.003037339927033841,0.002990803904555036
2005-08-22,0.4799915927384465,0.4799915927384465,0.49432990695171275,0.12608416395970157,0.005440941102789604,0.005377899020809753
2005-08-23,0.4680320537871775,0.4680320537871775,0.43670327091466504,0.05762663603704771,-0.0018706295987110746,-0.0018994429167295984
2005-08-24,0.39031903070820334,0.39031903070820334,0.4799915927384465,0.04328832182378145,-0.005076083344401687,-0.005097727505313578
2005-08-25,0.3390493468523538,0.3390493468523538,0.4680320537871775,0.011959538951269,0.001780570824027347,0.0017745910545517126
2005-08-26,0.2882841986251433,0.2882841986251433,0.39031903070820334,0.07771302307897415,-0.001267912131506429,-0.001306768643045916
2005-08-29,0.25159539512229545,0.25159539512229545,0.3390493468523538,0.05126968385584957,-0.00018421397889614022,-0.000209848820824065
2005-08-30,0.20852157417916042,0.20852157417916042,0.2882841986251433,0.050765148227210455,-0.0008354664705409006,-0.0008608490446545058
2005-08-31,0.31376173666315454,0.31376173666315454,0.25159539512229545,0.036688803502847867,0.004525325097648089,0.004506980695896665
2005-09-01,0.527185556860303,0.527185556860303,0.20852157417916042,0.04307382094313503,0.00249347591219808,0.0024719390017265124
2005-09-02,0.684790371240202,0.684790371240202,0.31376173666315454,0.10524016248399412,0.0011068034364311965,0.0010541833551891994
2005-09-06,0.7898602474934681,0.7898602474934681,0.527185556860303,0.21342382019714845,0.0064854609467640085,0.006378749036665434
2005-09-07,0.8196471954163893,0.8196471954163893,0.684790371240202,0.15760481437989904,-0.0019022566577570244,-0.001981059064946974
2005-09-08,0.7449497660041391,0.7449497660041391,0.7898602474934681,0.10506987625326603,-0.006050546845209309,-0.006103081783335942
2005-09-09,0.8299665106694261,0.8299665106694261,0.8196471954163893,0.029786947922921247,0.01078489665619466,0.0107700031822332
2005-09-12,0.790305805539337,0.790305805539337,0.7449497660041391,0.07469742941225022,-0.0058044900312836266,-0.005841838745989752
2005-09-13,0.71015537166936,0.71015537166936,0.8299665106694261,0.08501674466528697,-0.005649124930106283,-0.005691633302438926
2005-09-14,0.6620801757239507,0.6620801757239507,0.790305805539337,0.03966070513008901,0.0005553598881354847,0.0005355295355704402
2005-09-15,0.6190949263239832,0.6190949263239832,0.71015537166936,0.080150433869977,0.0004989078112026673,0.00045883259426767874
2005-09-16,0.7134283011471405,0.7134283011471405,0.6620801757239507,0.04807519594540932,0.007435095267848889,0.0074110576698761844
2005-09-19,0.6993230453955299,0.6993230453955299,0.6190949263239832,0.04298524939996751,-0.004082040263116585,-0.004103532887816569
2005-09-20,0.6400056732426707,0.6400056732426707,0.7134283011471405,0.09433337482315729,-0.0026170506581331106,-0.002664217345544689
2005-09-21,0.6103704031367408,0.6103704031367408,0.6993230453955299,0.01410525575161059,0.0007355444313895346,0.0007284918035137294
2005-09-22,0.5735210847608901,0.5735210847608901,0.6400056732426707,0.05931737215285926,-0.0006724474434743847,-0.0007021061295508143
2005-09-23,0.4757874600179488,0.4757874600179488,0.6103704031367408,0.029635270105929812,-0.0025682418001945024,-0.0025830594352474674
2005-09-26,0.5430033904858427,0.5430033904858427,0.5735210847608901,0.036849318375850704,0.006260372744304929,0.0062419480851170035
2005-09-27,0.5293582686437751,0.5293582686437751,0.4757874600179488,0.09773362474294134,-0.0018229362908370379,-0.0018718031032085086
2005-09-28,0.6862388457625168,0.6862388457625168,0.5430033904858427,0.06721593046789387,0.005600833449567447,0.0055672254843335
2005-09-29,0.7908258971750113,0.7908258971750113,0.5293582686437751,0.013645121842067565,0.0063204160612067555,0.006313593500285722
2005-09-30,0.7552435659516581,0.7552435659516581,0.6862388457625168,0.1568805771187417,-0.004459199140720771,-0.004537639429280141
2005-10-03,0.6804988200147,0.6804988200147,0.7908258971750113,0.10458705141249447,-0.00272205386080365,-0.0027743473865098974
2005-10-04,0.5768557477945166,0.5768557477945166,0.7552435659516581,0.03558233122335319,-0.004956660742429407,-0.004974451908041084
2005-10-05,0.46600746528042747,0.46600746528042747,0.6804988200147,0.07474474593695812,-0.0059155802881398056,-0.0059529526611082845
2005-10-06,0.3733025065432041,0.3733025065432041,0.5768557477945166,0.10364307222018332,-0.0027313327237659087,-0.0027831542598760004
2005-10-07,0.32664986180782896,0.32664986180782896,0.46600746528042747,0.11084828251408918,0.0016422019204927884,0.0015867777792357438
2005-10-10,0.2651135716196569,0.2651135716196569,0.3733025065432041,0.09270495873722334,-0.001835243804779995,-0.0018815962841486067
2005-10-11,0.2258716655433437,0.2258716655433437,0.32664986180782896,0.04665264473537517,0.00040339930565640294,0.0003800729832887154
2005-10-12,0.16856455104624748,0.16856455104624748,0.2651135716196569,0.06153629018817208,-0.0017754946581502043,-0.0018062628032442904
2005-10-13,0.1136654425831852,0.1136654425831852,0.2258716655433437,0.03924190607631317,-0.0004809166865829032,-0.0005005376396210598
2005-10-14,0.09965977615704558,0.09965977615704558,0.16856455104624748,0.05730711449709622,0.0015885173609346537,0.0015598638036861056
2005-10-17,0.07677742411667908,0.07677742411667908,0.1136654425831852,0.054899108463062285,-0.001141266348779103,-0.0011687159030106342
2005-10-18,0.043569824037220185,0.043569824037220185,0.09965977615704558,0.014005666426139624,-0.0011526310130365591,-0.001159633846249629
2005-10-19,0.024004646168867185,0.024004646168867185,0.07677742411667908,0.022882352040366497,0.0006219598876012186,0.0006105187115810353
2005-10-20,-0.1275907738752021,-0.1275907738752021,0.043569824037220185,0.033207600079458895,-0.0009958748441728056,-0.001012478644212535
2005-10-21,-0.19513308539576762,-0.19513308539576762,0.024004646168867185,0.019565177868353,0.00010527676179982408,9.549417286564758e-05
2005-10-24,-0.19488176453488043,-0.19488176453488043,-0.1275907738752021,0.15159542004406928,-0.0019965212889652617,-0.002072318998987296
2005-10-25,-0.20032726241363982,-0.20032726241363982,-0.19513308539576762,0.06754231152056553,-0.00020973808963815817,-0.00024350924539844095
2005-10-26,-0.21604690405836613,-0.21604690405836613,-0.19488176453488043,0.0002513208608871942,0.0003487260460548813,0.0003486003856244377
2005-10-27,-0.24178396217788622,-0.24178396217788622,-0.20032726241363982,0.005445497878759392,0.00039509562862583697,0.0003923728796864573
2005-10-28,-0.20015888624564787,-0.20015888624564787,-0.21604690405836613,0.015719641644726307,-0.0018628263190985004,-0.0018706861399208636
2005-10-31,-0.16553494128764382,-0.16553494128764382,-0.24178396217788622,0.025737058119520095,-0.0004305582329220972,-0.00044342676198185724
2005-11-01,-0.09552538426318424,-0.09552538426318424,-0.20015888624564787,0.04162507593223835,-0.0017080648490200218,-0.001728877386986141
2005-11-02,0.0412853648320724,0.0412853648320724,-0.16553494128764382,0.034623944958004055,-0.0022759794861389633,-0.0022932914586179655
2005-11-03,0.06875003290956791,0.06875003290956791,-0.09552538426318424,0.07000955702445957,4.982599962765119e-05,1.4821221115421402e-05
2005-11-04,0.06859521891616435,0.06859521891616435,0.0412853648320724,0.13681074909525665,-0.0003806817513378252,-0.0004490871258854535
2005-11-07,0.0788573057275473,0.0788573057275473,0.06875003290956791,0.027464668077495508,0.0003983901162020624,0.00038465778216331464
2005-11-08,0.079058407145859,0.079058407145859,0.06859521891616435,0.0001548139934035575,-0.00016766286625920698,-0.00016774027325590875
2005-11-09,0.077309893754966,0.077309893754966,0.0788573057275473,0.01026208681138295,-5.521076725793327e-05,-6.034181066362475e-05
2005-11-10,0.07194968273753895,0.07194968273753895,0.079058407145859,0.00020110141831169992,-9.691344984470618e-05,-9.701400055386203e-05
2005-11-11,0.08449274805334248,0.08449274805334248,0.077309893754966,0.0017485133908930056,0.00040667093828123806,0.00040579668158579154
2005-11-14,0.07696063015869978,0.07696063015869978,0.07194968273753895,0.0053602110174270495,-0.00042668851183571286,-0.0004293686173444264
2005-11-15,0.056165779907602215,0.056165779907602215,0.08449274805334248,0.012543065315803528,-0.0004596104025627017,-0.00046588193522060345
2005-11-16,0.037554430981549675,0.037554430981549675,0.07696063015869978,0.007532117894642698,-0.00013576661403475444,-0.0001395326729820758
2005-11-17,0.09904578524099984,0.09904578524099984,0.056165779907602215,0.020794850251097563,0.0009629023178248357,0.000952504892699287
2005-11-18,0.1942631856087028,0.1942631856087028,0.037554430981549675,0.01861134892605254,0.00026102608177823493,0.00025172040731520867
2005-11-21,0.2737629854883542,0.2737629854883542,0.09904578524099984,0.06149135425945017,0.00013669159246453084,0.00010594591533480576
2005-11-22,0.3837550619381688,0.3837550619381688,0.1942631856087028,0.09521740036770295,0.0006360819930095871,0.0005884732928257356
2005-11-23,0.5891700412921126,0.5891700412921126,0.2737629854883542,0.07949979987965142,0.0013165414495885227,0.001276791549648697
2005-11-25,0.5337095833906836,0.5337095833906836,0.3837550619381688,0.10999207644981457,-0.0036734035261635372,-0.0037283995643884447
2005-11-28,0.5331627292476413,0.5331627292476413,0.5891700412921126,0.20541497935394382,0.0015252586761703591,0.0014225511864933871
2005-11-29,0.5035824686522781,0.5035824686522781,0.5337095833906836,0.05546045790142895,-0.0008270050591928407,-0.0008547352881435553
2005-11-30,0.4146129422508669,0.4146129422508669,0.5331627292476413,0.0005468541430423413,-0.004136448812464443,-0.004136722239535964
2005-12-01,0.6097419615005779,0.6097419615005779,0.5035824686522781,0.029580260595363228,0.009450295357059947,0.009435505226762265
2005-12-02,0.7398279743337186,0.7398279743337186,0.4146129422508669,0.08896952640141115,0.0015556418671713293,0.0015111571039706237
2005-12-05,0.8265519828891458,0.8265519828891458,0.6097419615005779,0.195129019249711,0.002693865359166223,0.0025963008495413675
2005-12-06,0.884367988592764,0.884367988592764,0.7398279743337186,0.1300860128331407,0.002253091324782913,0.0021880483183663426
2005-12-07,0.8017269066144641,0.8017269066144641,0.8265519828891458,0.08672400855542717,-0.005437058812229824,-0.0054804208165075375
2005-12-08,0.7428380690681967,0.7428380690681967,0.884367988592764,0.05781600570361822,-0.00015016885404900264,-0.00017907685690081175
2005-12-09,0.8285587127121312,0.8285587127121312,0.8017269066144641,0.08264108197829989,0.008032331136556038,0.007991010595566887
2005-12-12,0.8857058084747542,0.8857058084747542,0.7428380690681967,0.05888883754626739,0.009366796449330953,0.009337352030557819
2005-12-13,0.923803872316503,0.923803872316503,0.8285587127121312,0.0857206436439345,0.003989391664876701,0.003946531343054734
2005-12-14,0.938294576972913,0.938294576972913,0.8857058084747542,0.057147095762623,-0.0004392144261681642,-0.0004677879740494757
2005-12-15,0.7894093903383816,0.7894093903383816,0.923803872316503,0.03809806384174874,-0.008552247992834624,-0.008571297024755498
2005-12-16,0.8151576920395792,0.8151576920395792,0.938294576972913,0.014490704656410003,0.007358610946636367,0.007351365594308162
2005-12-19,0.7989100735676589,0.7989100735676589,0.7894093903383816,0.14888518663453132,-0.0014377787861462876,-0.0015122213794635533
2005-12-20,0.7923657608240731,0.7923657608240731,0.8151576920395792,0.025748301701197573,0.00013522546007737693,0.00012235130922677814
2005-12-21,0.8615771738827154,0.8615771738827154,0.7989100735676589,0.016247618471920355,0.003842078967768126,0.003833955158532166
2005-12-22,0.9077181159218104,0.9077181159218104,0.7923657608240731,0.006544312743585801,0.004577316331070896,0.0045740441746991035
2005-12-23,0.9257448801282535,0.9257448801282535,0.8615771738827154,0.06921141305864231,-0.0004322327581757031,-0.00046683846470502426
2005-12-27,0.7733905847503004,0.7733905847503004,0.9077181159218104,0.04614094203909502,-0.008348532350251908,-0.008371602821271456
2005-12-28,0.7910324369821642,0.7910324369821642,0.9257448801282535,0.018026764206443113,0.006718680610627947,0.006709667228524725
2005-12-29,0.8102767728287454,0.8102767728287454,0.7733905847503004,0.1523542953779531,0.0002591004919779433,0.00018292334428896679
2005-12-30,0.7258164994567682,0.7258164994567682,0.7910324369821642,0.017641852231863764,-0.003577694834343604,-0.003586515760459536
2006-01-03,0.8172109996378455,0.8172109996378455,0.8102767728287454,0.01924433584658125,0.027132210928153246,0.027122588760229955
2006-01-04,0.8781406664252305,0.8781406664252305,0.7258164994567682,0.08446027337197726,0.0060268295732423625,0.005984599436556374
2006-01-05,0.8729887947604247,0.8729887947604247,0.8172109996378455,0.09139450018107731,-0.004090581287721636,-0.004136278537812174
2006-01-06,0.9153258631736165,0.9153258631736165,0.8781406664252305,0.060929666787384984,0.011828084348752549,0.011797619515358857
2006-01-09,0.9435505754490778,0.9435505754490778,0.8729887947604247,0.005151871664805796,0.0004192915583640251,0.00041671562253162224
2006-01-10,0.8930195599466622,0.8930195599466622,0.9153258631736165,0.04233706841319185,-0.00820370211346866,-0.008224870647675256
2006-01-11,0.9243274386333905,0.9243274386333905,0.9435505754490778,0.028224712275461306,0.00807608733598735,0.00806197497984962
2006-01-12,0.8824878156310629,0.8824878156310629,0.8930195599466622,0.05053101550241568,-0.007292902918950369,-0.007318168426701577
2006-01-13,0.8832677008208938,0.8832677008208938,0.9243274386333905,0.03130787868672835,0.0035816688572482343,0.0035660149179048703
2006-01-17,0.80485493531875,0.80485493531875,0.8824878156310629,0.041839623002327575,-0.01107042545897853,-0.011091345270479695
2006-01-18,0.6525093442596328,0.6525093442596328,0.8832677008208938,0.0007798851898308534,-0.011939875832281451,-0.011940265774876366
2006-01-19,0.599204733713802,0.599204733713802,0.80485493531875,0.07841276550214382,0.009168771946352678,0.009129565563601606
2006-01-20,0.4984108990960731,0.4984108990960731,0.6525093442596328,0.15234559105911716,-0.009905723946951231,-0.00998189674248079
2006-01-23,0.49546931354516005,0.49546931354516005,0.599204733713802,0.0533046105458308,0.008342869294606998,0.008316216989334083
2006-01-24,0.5262934711093331,0.5262934711093331,0.4984108990960731,0.1007938346177289,0.00252581186141744,0.0024754149441085756
2006-01-25,0.5623016096406306,0.5623016096406306,0.49546931354516005,0.0029415855509130617,0.0016924169981722245,0.001690946205396768
2006-01-26,0.6970399532776431,0.6970399532776431,0.5262934711093331,0.03082415756417306,0.0062279820981916215,0.006212570019409535
2006-01-27,0.7980266355184288,0.7980266355184288,0.5623016096406306,0.03600813853129747,0.0029724512676543796,0.002954447198388731
2006-01-30,0.8653510903456192,0.8653510903456192,0.6970399532776431,0.13473834363701254,0.0005555129007575465,0.0004881437289390403
2006-01-31,0.9102340602304129,0.9102340602304129,0.7980266355184288,0.10098668224078566,0.000762745938582411,0.0007122525974620181
2006-02-01,0.9401560401536087,0.9401560401536087,0.8653510903456192,0.0673244548271904,0.002615622664461911,0.002581960437048316
2006-02-02,0.8304337982514913,0.8304337982514913,0.9102340602304129,0.04488296988479368,-0.010250416644193822,-0.010272858129136218
2006-02-03,0.6989366459320767,0.6989366459320767,0.9401560401536087,0.029921979923195785,-0.002412665262043083,-0.002427626252004681
2006-02-06,0.5722344741546792,0.5722344741546792,0.8304337982514913,0.10972224190211732,-0.0012022188318669635,-0.001257079952818022
2006-02-07,0.45578495474390146,0.45578495474390146,0.6989366459320767,0.1314971523194146,-0.0051780621737004965,-0.005243810749860204
2006-02-08,0.3966238170109604,0.3966238170109604,0.5722344741546792,0.1267021717773975,0.0020426622470152097,0.001979311161126511
2006-02-09,0.3292297306760887,0.3292297306760887,0.45578495474390146,0.11644951941077775,0.0008842410177695086,0.0008260162580641198
2006-02-10,0.260465983333782,0.260465983333782,0.3966238170109604,0.05916113773294107,-0.0008959424315302372,-0.0009255230003967077
2006-02-13,0.1995029722678489,0.1995029722678489,0.3292297306760887,0.0673940863348717,-0.0022897114090494916,-0.0023234084522169274
2006-02-14,0.23193444931289064,0.23193444931289064,0.260465983333782,0.06876374734230667,0.0028846811743258884,0.002850299300654735
2006-02-15,0.21324618440873258,0.21324618440873258,0.1995029722678489,0.060963011065933104,-0.0017996988293965688,-0.0018301803349295353
2006-02-16,0.2571616219639537,0.2571616219639537,0.23193444931289064,0.032431477045041734,0.0022243870764112636,0.0022081713378887427
2006-02-17,0.2662799538524039,0.2662799538524039,0.21324618440873258,0.018688264904158064,-0.000617961459322872,-0.0006273055917749511
2006-02-21,0.27321324741153186,0.27321324741153186,0.2571616219639537,0.04391543755522112,4.1497489679477494e-05,1.9539770901866933e-05
2006-02-22,0.33821329796051075,0.33821329796051075,0.2662799538524039,0.009118331888450182,0.002020560208513711,0.0020160010425694856
2006-02-23,0.414541721872855,0.414541721872855,0.27321324741153186,0.006933293559127973,0.0007003744565814466,0.0006969078098018826
2006-02-24,0.5181368817814468,0.5181368817814468,0.33821329796051075,0.0650000505489789,0.0011351012049425323,0.0011026011796680427
2006-02-27,0.6588549469808902,0.6588549469808902,0.414541721872855,0.07632842391234423,0.0014526524576872783,0.0014144882457311062
2006-02-28,0.5845173730193058,0.5845173730193058,0.5181368817814468,0.1035951599085918,-0.004769906362183265,-0.004821703942137561
2006-03-01,0.7230115820128706,0.7230115820128706,0.6588549469808902,0.1407180651994434,0.006755329670550819,0.0066849706379510975
2006-03-02,0.7520608832695526,0.7520608832695526,0.5845173730193058,0.07433757396158436,-0.0011124214659186781,-0.0011495902528994703
2006-03-03,0.6663314845067877,0.6663314845067877,0.7230115820128706,0.1384942089935648,-0.0029865158459641806,-0.003055762950460963
2006-03-06,0.5549198021978572,0.5549198021978572,0.7520608832695526,0.029049301256681925,-0.00287974919106599,-0.0028942738416943307
2006-03-07,0.4251791658012196,0.4251791658012196,0.6663314845067877,0.08572939876276486,-0.00811044322661802,-0.008153307925999402
2006-03-08,0.33572437354013923,0.33572437354013923,0.5549198021978572,0.1114116823089305,0.0018892779561652348,0.0018335721150107697
2006-03-09,0.26135528678633624,0.26135528678633624,0.4251791658012196,0.12974063639663758,-0.00048082010064860205,-0.0005456904188469208
2006-03-10,0.3940993213713797,0.3940993213713797,0.33572437354013923,0.08945479226108038,0.005104723605506674,0.005059996209376133
2006-03-13,0.5960662142475865,0.5960662142475865,0.26135528678633624,0.074369086753803,0.002165449421474401,0.002128264878097499
2006-03-14,0.7307108094983911,0.7307108094983911,0.3940993213713797,0.13274403458504347,0.004172771869931261,0.004106399852638739
2006-03-15,0.8204738729989274,0.8204738729989274,0.5960662142475865,0.20196689287620684,0.0021437543637766853,0.002042770917338582
2006-03-16,0.8803159153326183,0.8803159153326183,0.7307108094983911,0.13464459525080452,0.002390869433358611,0.002323547135733209
2006-03-17,0.9202106102217456,0.9202106102217456,0.8204738729989274,0.08976306350053631,0.003950277680288761,0.0039053961485384934
2006-03-20,0.9468070734811638,0.9468070734811638,0.8803159153326183,0.05984204233369095,0.0017687801287021787,0.0017388591075353332
2006-03-21,0.7651208371691968,0.7651208371691968,0.9202106102217456,0.039894694889127225,-0.009510053177831155,-0.009530000525275719
2006-03-22,0.8128280788323712,0.8128280788323712,0.9468070734811638,0.026596463259418224,0.008854063851665723,0.008840765620036014
2006-03-23,0.6820954225880772,0.6820954225880772,0.7651208371691968,0.181686236311967,-0.00921564394085524,-0.009306487059011223
2006-03-24,0.6757056998758925,0.6757056998758925,0.8128280788323712,0.047707241663174416,0.006479364329814111,0.006455510708982524
2006-03-27,0.6422751251349774,0.6422751251349774,0.6820954225880772,0.13073265624429398,-0.0011634226085191917,-0.0012287889366413387
2006-03-28,0.5208623969940763,0.5208623969940763,0.6757056998758925,0.006389722712184742,-0.006507335696534893,-0.006510530557890985
2006-03-29,0.5948518987782254,0.5948518987782254,0.6422751251349774,0.03343057474091504,0.008461552747269218,0.00844483745989876
2006-03-30,0.7299012658521503,0.7299012658521503,0.5208623969940763,0.1214127281409011,0.0062892225062279004,0.00622851614215745
2006-03-31,0.707512833246654,0.707512833246654,0.5948518987782254,0.07398950178414909,-0.004185124276534756,-0.004222119027426831
2006-04-03,0.8050085554977694,0.8050085554977694,0.7299012658521503,0.1350493670739249,0.00798224370206742,0.007914719018530457
2006-04-04,0.8700057036651796,0.8700057036651796,0.707512833246654,0.022388432605496278,0.00560587254671083,0.005594678330408082
2006-04-05,0.9133371357767865,0.9133371357767865,0.8050085554977694,0.09749572225111536,0.002677227951076174,0.0026284800899506163
2006-04-06,0.9422247571845244,0.9422247571845244,0.8700057036651796,0.0649971481674102,0.0007863578056129335,0.0007538592315292284
2006-04-07,0.8110685233912063,0.8110685233912063,0.9133371357767865,0.04333143211160695,-0.010449035351375938,-0.010470701067431741
2006-04-10,0.7419709483774892,0.7419709483774892,0.9422247571845244,0.028887621407737818,0.0017219222880793283,0.0017074784773754594
2006-04-11,0.6301451432715546,0.6301451432715546,0.8110685233912063,0.1311562337933181,-0.0054244546870081825,-0.005490032803904842
2006-04-12,0.5166354667770485,0.5166354667770485,0.7419709483774892,0.06909757501371705,-0.003633221834422709,-0.0036677706219295676
2006-04-13,0.44317950285904045,0.44317950285904045,0.6301451432715546,0.11182580510593465,0.00164725070070765,0.0015913377981546827
2006-04-17,0.4231984016548115,0.4231984016548115,0.5166354667770485,0.11350967649450605,0.002377098616315175,0.002320343778067922
2006-04-18,0.6154656011032077,0.6154656011032077,0.44317950285904045,0.07345596391800807,0.009066558637833915,0.00902983065587491
2006-04-19,0.7436437340688051,0.7436437340688051,0.4231984016548115,0.019981101204228968,0.0029127165198713856,0.0029027259692692713
2006-04-20,0.7588504995285726,0.7588504995285726,0.6154656011032077,0.1922671994483962,-0.0027437181147723843,-0.0028398517144965826
2006-04-21,0.8392336663523818,0.8392336663523818,0.7436437340688051,0.12817813296559744,0.004994614994496189,0.00493052592801339
2006-04-24,0.8928224442349213,0.8928224442349213,0.7588504995285726,0.015206765459767513,0.0007876533176062641,0.0007800499348763804
2006-04-25,0.9172244661417064,0.9172244661417064,0.8392336663523818,0.0803831668238092,-0.0004972852846933312,-0.0005374768681052358
2006-04-26,0.9448163107611376,0.9448163107611376,0.8928224442349213,0.05358877788253946,0.005556959768300415,0.005530165379359145
2006-04-27,0.9632108738407585,0.9632108738407585,0.9172244661417064,0.024402021906785087,0.0016210882949121922,0.0016088872839587997
2006-04-28,0.975473915893839,0.975473915893839,0.9448163107611376,0.027591844619431205,0.00013881216819534536,0.00012501624588562977
2006-05-01,0.9745500311622168,0.9745500311622168,0.9632108738407585,0.01839456307962095,-0.0004242843716354711,-0.00043348165317528154
2006-05-02,0.9830333541081446,0.9830333541081446,0.975473915893839,0.012263042053080486,0.01491857825132831,0.01491244673030177
2006-05-03,0.8792967120980146,0.8792967120980146,0.9745500311622168,0.0009238847316221932,-0.005787414922863543,-0.005787876865229354
2006-05-04,0.9195311413986764,0.9195311413986764,0.9830333541081446,0.008483322945927796,0.007591486402291062,0.007587244740818099
2006-05-05,0.9463540942657844,0.9463540942657844,0.8792967120980146,0.10373664201013,0.013476861335928951,0.013424993014923886
2006-05-08,0.9504434927643519,0.9504434927643519,0.9195311413986764,0.04023442930066179,-0.0007860093050593244,-0.0008061265197096553
2006-05-09,0.9669623285095681,0.9669623285095681,0.9463540942657844,0.026822952867108008,0.005665620194398531,0.005652208717964977
2006-05-10,0.9337782536460809,0.9337782536460809,0.9504434927643519,0.004089398498567487,-0.0029627878331889485,-0.002964832532438232
2006-05-11,0.8251631823589592,0.8251631823589592,0.9669623285095681,0.016518835745216176,-0.009757731340955473,-0.00976599075882808
2006-05-12,0.68722217226456,0.68722217226456,0.9337782536460809,0.03318407486348718,-0.012066035767392128,-0.012082627804823871
2006-05-15,0.561208801929344,0.561208801929344,0.8251631823589592,0.10861507128712167,-0.007080967751906008,-0.007135275287549568
2006-05-16,0.45700719813012924,0.45700719813012924,0.68722217226456,0.1379410100943993,-0.0010085043344321082,-0.0010774748394793078
2006-05-17,0.3004005260859644,0.3004005260859644,0.561208801929344,0.12601337033521598,-0.01789343408545653,-0.017956440770624138
2006-05-18,0.18708034716505292,0.18708034716505292,0.45700719813012924,0.10420160379921473,-0.0013870515719170255,-0.0014391523738166328
2006-05-19,0.12627351333113535,0.12627351333113535,0.3004005260859644,0.15660667204416484,0.001508999160009302,0.0014306958239872197
2006-05-22,0.023041936137050564,0.023041936137050564,0.18708034716505292,0.11332017892091148,-0.004108841583966698,-0.004165501673427154
2006-05-23,-0.04108780390161949,-0.04108780390161949,0.12627351333113535,0.06080683383391758,3.9154780620415284e-05,8.751363703456493e-06
2006-05-24,-0.08742474714992747,-0.08742474714992747,0.023041936137050564,0.10323157719408478,-1.4272786703295291e-05,-6.588857530033769e-05
2006-05-25,-0.08425747386394691,-0.08425747386394691,-0.04108780390161949,0.06412974003867006,-0.0005537809937974877,-0.0005858458638168227
2006-05-26,-0.05759193984432241,-0.05759193984432241,-0.08742474714992747,0.046336943248307984,-0.0007082566143809062,-0.0007314250860050601
2006-05-30,-0.08888315138228225,-0.08888315138228225,-0.08425747386394691,0.003167273285980557,0.0012776003584582263,0.0012760167218152359
2006-05-31,-0.08639193158981769,-0.08639193158981769,-0.05759193984432241,0.0266655340196245,-0.0004256223685388869,-0.00043895513554869915
2006-06-01,-0.0650493580434631,-0.0650493580434631,-0.08888315138228225,0.03129121153795984,-0.0005705353475247982,-0.0005861809532937781
2006-06-02,-0.02696559835484994,-0.02696559835484994,-0.08639193158981769,0.002491219792464569,-0.0008396770346893388,-0.000840922644585571
2006-06-05,-0.09870054005588667,-0.09870054005588667,-0.0650493580434631,0.02134257354635459,0.0014088081067553666,0.0013981368199821893
2006-06-06,-0.2368263363537843,-0.2368263363537843,-0.02696559835484994,0.038083759688613154,0.00032747833633311763,0.00030843645648881104
2006-06-07,-0.4912175575691895,-0.4912175575691895,-0.09870054005588667,0.07173494170103673,0.0013516484020542744,0.0013157809312037561
2006-06-08,-0.6608117050461264,-0.6608117050461264,-0.2368263363537843,0.13812579629789762,0.005231254200168868,0.0051621913020199195
2006-06-09,-0.7738744700307509,-0.7738744700307509,-0.4912175575691895,0.2543912212154052,0.0005549147822097854,0.0004277191716020828
2006-06-12,-0.8492496466871673,-0.8492496466871673,-0.6608117050461264,0.1695941474769369,0.005656746427905708,0.0055719493541672395
2006-06-13,-0.8994997644581115,-0.8994997644581115,-0.7738744700307509,0.11306276498462453,0.02420750640752362,0.02415097502503131
2006-06-14,-0.8337053855368618,-0.8337053855368618,-0.8492496466871673,0.07537517665641635,-0.012282982477068083,-0.012320670065396291
2006-06-15,-0.6636061253380016,-0.6636061253380016,-0.8994997644581115,0.050250117770944236,-0.031017179504424907,-0.03104230456331038
2006-06-16,-0.5753335329888735,-0.5753335329888735,-0.8337053855368618,0.06579437892124973,0.006680168224947893,0.006647271035487268
2006-06-19,-0.5325354630429437,-0.5325354630429437,-0.6636061253380016,0.17009926019886024,0.003323391176043278,0.003238341545943848
2006-06-20,-0.48289625994402313,-0.48289625994402313,-0.5753335329888735,0.0882725923491281,-0.0034563236694267526,-0.003500459965601317
2006-06-21,-0.4083836397792613,-0.4083836397792613,-0.5325354630429437,0.04279806994592972,-0.006875751435641587,-0.006897150470614552
2006-06-22,-0.3697458782583437,-0.3697458782583437,-0.48289625994402313,0.049639203098920615,0.0025389761195939533,0.002514156518044493
2006-06-23,-0.35408811326372663,-0.35408811326372663,-0.4083836397792613,0.07451262016476184,0.0011775164800184245,0.0011402601699360437
2006-06-26,-0.3191006279187649,-0.3191006279187649,-0.3697458782583437,0.03863776152091758,-0.002910456285969291,-0.0029297751667297497
2006-06-27,-0.34031566763497384,-0.34031566763497384,-0.35408811326372663,0.015657764994617074,0.006546794442519751,0.006538965560022442
2006-06-28,-0.3157433873971445,-0.3157433873971445,-0.3191006279187649,0.03498748534496171,-0.003627376653563123,-0.003644870396235604
2006-06-29,-0.21631919190897597,-0.21631919190897597,-0.34031566763497384,0.021215039716208917,-0.01256792571094904,-0.012578533230807144
2006-06-30,-0.1274206085148222,-0.1274206085148222,-0.3157433873971445,0.024572280237829314,-0.003960210511786729,-0.003972496651905644
2006-07-03,-0.059824414033378986,-0.059824414033378986,-0.21631919190897597,0.09942419548816855,-0.0011247254192212224,-0.0011744375169653067
2006-07-05,-0.049426995821386495,-0.049426995821386495,-0.1274206085148222,0.08889858339415377,0.0024231562110705067,0.0023787069193734298
2006-07-06,-0.021240752487878822,-0.021240752487878822,-0.059824414033378986,0.06759619448144322,-0.0006309050640797884,-0.00066470316132051
2006-07-07,-0.01174549905454291,-0.01174549905454291,-0.049426995821386495,0.010397418211992492,0.00022756406267299026,0.00022236535356699402
2006-07-10,0.011089054500045959,0.011089054500045959,-0.021240752487878822,0.028186243333507673,-0.00017684132214086589,-0.00019093444380761972
2006-07-11,0.031878057634715205,0.031878057634715205,-0.01174549905454291,0.009495253433335913,-3.232726026450648e-05,-3.707488698117443e-05
2006-07-12,0.008239887721630083,0.008239887721630083,0.011089054500045959,0.02283455355458887,-0.000207986616299712,-0.00021940389307700646
2006-07-13,-0.04931386492319993,-0.04931386492319993,0.031878057634715205,0.02078900313466925,-0.0005597832888983799,-0.0005701777904657145
2006-07-14,-0.08106717409654574,-0.08106717409654574,0.008239887721630083,0.023638169913085122,-7.037864624075601e-05,-8.219773119729858e-05
2006-07-17,-0.12592187928126225,-0.12592187928126225,-0.04931386492319993,0.057553752644830015,0.0006923597599365862,0.0006635828836141712
2006-07-18,-0.154600321478474,-0.154600321478474,-0.08106717409654574,0.0317533091733458,0.00013117341760032566,0.00011529676301365275
2006-07-19,-0.14032614290257375,-0.14032614290257375,-0.12592187928126225,0.044854705184716515,-0.0031021103358467752,-0.0031245376884391335
2006-07-20,-0.13643100458502036,-0.13643100458502036,-0.154600321478474,0.028678442197211745,0.0008314508758971266,0.0008171116547985208
2006-07-21,-0.13429585493003962,-0.13429585493003962,-0.14032614290257375,0.014274178575900243,-0.0,-7.1370892879501215e-06
2006-07-24,-0.10739745380597264,-0.10739745380597264,-0.13643100458502036,0.0038951383175533927,-0.002473468597311673,-0.0024754161664704497
2006-07-25,-0.08975462886180366,-0.08975462886180366,-0.13429585493003962,0.002135149654980739,4.195623466211001e-05,4.088865983461964e-05
2006-07-26,-0.06627871892399574,-0.06627871892399574,-0.10739745380597264,0.02689840112406698,-0.0007551256110309759,-0.0007685748115930093
2006-07-27,-0.043197943764683736,-0.043197943764683736,-0.08975462886180366,0.01764282494416898,-0.0005570457370891273,-0.0005658671495612118
2006-07-28,-0.0063005619539878155,-0.0063005619539878155,-0.06627871892399574,0.023475909937807918,-0.0013286578470188743,-0.0013403958019877784
2006-07-31,0.008152536877588538,0.008152536877588538,-0.043197943764683736,0.023080775159312006,0.00015019458691491004,0.00013865419933525405
2006-08-01,0.014073356638029843,0.014073356638029843,-0.0063005619539878155,0.03689738181069592,4.396627720694981e-05,2.5517586301601852e-05
2006-08-02,0.019517727793300976,0.019517727793300976,0.008152536877588538,0.014453098831576354,8.966838620422836e-05,8.244183678844018e-05
2006-08-03,0.021753748353505444,0.021753748353505444,0.014073356638029843,0.0059208197604413045,-2.338840940492934e-05,-2.6348819285149992e-05
2006-08-04,0.027724471074015277,0.027724471074015277,0.019517727793300976,0.005444371155271133,1.4764979347188345e-05,1.2042793769552779e-05
2006-08-07,0.029758610859545426,0.029758610859545426,0.021753748353505444,0.002236020560204468,-0.000134888592021586,-0.00013600660230168822
2006-08-08,0.03495770427365419,0.03495770427365419,0.027724471074015277,0.005970722720509834,-9.704047093801628e-05,-0.00010002583229827119
2006-08-09,0.04500063231637062,0.04500063231637062,0.029758610859545426,0.0020341397855301487,0.00014543019869595226,0.0001444131288031872
2006-08-10,0.16345065396734867,0.16345065396734867,0.03495770427365419,0.005199093414108763,7.969069986481786e-05,7.709115315776349e-05
2006-08-11,0.1273310586083971,0.1273310586083971,0.04500063231637062,0.010042928042716434,-0.0003889302054321005,-0.0003939516694534587
2006-08-14,0.11776887886694636,0.11776887886694636,0.16345065396734867,0.11845002165097805,0.0005499746145663728,0.0004907496037408837
2006-08-15,0.4118459192446309,0.4118459192446309,0.1273310586083971,0.03611959535895157,0.0027562810357761123,0.0027382212380966365
2006-08-16,0.6078972794964206,0.6078972794964206,0.11776887886694636,0.009562179741450752,0.0010718787130026362,0.0010670976231319108
2006-08-17,0.6463325993171914,0.6463325993171914,0.4118459192446309,0.2940770403776845,-0.0015224917381252913,-0.0016695302583141336
2006-08-18,0.7642217328781277,0.7642217328781277,0.6078972794964206,0.1960513602517897,0.002526190190536122,0.002428164510410227
2006-08-21,0.7605454236115514,0.7605454236115514,0.6463325993171914,0.038435319820770864,-0.0020060147890201573,-0.002025232448930543
2006-08-22,0.7019993312827277,0.7019993312827277,0.7642217328781277,0.11788913356093622,-0.0021525184129701355,-0.0022114629797506035
2006-08-23,0.6175853007662895,0.6175853007662895,0.7605454236115514,0.00367630926657625,-0.002713853280200837,-0.002715691434834125
2006-08-24,0.5342904710176506,0.5342904710176506,0.7019993312827277,0.058546092328823685,-0.001990093497396728,-0.00201936654356114
2006-08-25,0.45650418026862255,0.45650418026862255,0.6175853007662895,0.08441403051643825,-0.0004620776064799499,-0.000504284621738169
2006-08-28,0.45011148966516407,0.45011148966516407,0.5342904710176506,0.08329482974863889,0.0022402561539015386,0.002198608739027219
2006-08-29,0.5756288071757094,0.5756288071757094,0.45650418026862255,0.07778629074902804,0.0036757327887234556,0.0036368396433489416
2006-08-30,0.6375571271955287,0.6375571271955287,0.45011148966516407,0.006392690603458484,0.0,-3.196345301729242e-06
2006-08-31,0.6734978091523748,0.6734978091523748,0.5756288071757094,0.12551731751054535,0.0,-6.275865875527267e-05
2006-09-01,0.7823318727682499,0.7823318727682499,0.6375571271955287,0.061928320019819294,0.004715938367765849,0.00468497420775594
2006-09-05,0.8548879151788333,0.8548879151788333,0.6734978091523748,0.03594068195684608,0.0035601558151327844,0.0035421854741543614
2006-09-06,0.6445173653852188,0.6445173653852188,0.7823318727682499,0.10883406361587511,-0.013141588622210794,-0.013196005654018732
2006-09-07,0.4723571329212437,0.4723571329212437,0.8548879151788333,0.07255604241058344,-0.01028745539630174,-0.010323733417507032
2006-09-08,0.34594498519080596,0.34594498519080596,0.6445173653852188,0.21037054979361458,0.00019364585400848813,8.846057911168084e-05
2006-09-11,0.25675353464924816,0.25675353464924816,0.4723571329212437,0.17216023246397505,-0.0028404701292008413,-0.002926550245432829
2006-09-12,0.24212838713300738,0.24212838713300738,0.34594498519080596,0.12641214773043774,0.0039764130876163446,0.003913207013751125
2006-09-13,0.21755285111654205,0.21755285111654205,0.25675353464924816,0.0891914505415578,-0.0004990413707556797,-0.0005436370960264586
2006-09-14,0.20716798794881242,0.20716798794881242,0.24212838713300738,0.014625147516240777,0.0003264040939932477,0.0003190915202351273
2006-09-15,0.19324113985954455,0.19324113985954455,0.21755285111654205,0.024575536016465338,-0.0004556741658449086,-0.0004679619338531413
2006-09-18,0.19668406751238113,0.19668406751238113,0.20716798794881242,0.01038486316772963,0.0008696884132370825,0.0008644959816532178
2006-09-19,0.16544536536140453,0.16544536536140453,0.19324113985954455,0.013926848089267863,-0.0017886353626588034,-0.0017955987867034372
2006-09-20,0.16538356203514806,0.16538356203514806,0.19668406751238113,0.003442927652836575,0.001926473103083961,0.0019247516392575427
2006-09-21,0.15433220902554015,0.15433220902554015,0.16544536536140453,0.0312387021509766,0.0003950177851296114,0.0003793984340541231
2006-09-22,0.13586768088538803,0.13586768088538803,0.16538356203514806,6.180332625646545e-05,-0.0008125507360744107,-0.0008125816377375389
2006-09-25,0.1462223802094024,0.1462223802094024,0.15433220902554015,0.011051353009607912,0.0006465596867405194,0.0006410340102357154
2006-09-26,0.14107900900082967,0.14107900900082967,0.13586768088538803,0.01846452814015212,0.00032383818303876466,0.0003146059189686886
2006-09-27,0.18784225380024966,0.18784225380024966,0.1462223802094024,0.010354699324014366,0.0009345486255173743,0.0009293712758553671
2006-09-28,0.261227144297093,0.261227144297093,0.14107900900082967,0.005143371208572722,0.0003958975461995657,0.0003933258605952793
2006-09-29,0.28482024161601227,0.28482024161601227,0.18784225380024966,0.046763244799419984,-0.00041490974012932044,-0.00043829136252903045
2006-10-02,0.33517966825529577,0.33517966825529577,0.261227144297093,0.07338489049684332,0.0007324911567370068,0.0006957987114885851
2006-10-03,0.3216601356567279,0.3216601356567279,0.28482024161601227,0.023593097318919287,0.00025169134948091834,0.0002398948008214587
2006-10-04,0.547773423771152,0.547773423771152,0.33517966825529577,0.0503594266392835,0.003203791326951594,0.003178611613631952
2006-10-05,0.6985156158474347,0.6985156158474347,0.3216601356567279,0.013519532598567863,0.0003748575102426854,0.00036809774394340147
2006-10-06,0.590287895977047,0.590287895977047,0.547773423771152,0.2261132881144241,-0.0048616547069401835,-0.004974711350997396
2006-10-09,0.5283461917643826,0.5283461917643826,0.6985156158474347,0.1507421920762827,0.0005125182852544676,0.00043714718921632624
2006-10-10,0.5111286530722214,0.5111286530722214,0.590287895977047,0.1082277198703877,0.000692876526968373,0.0006387626670331791
2006-10-11,0.45398264285802414,0.45398264285802414,0.5283461917643826,0.06194170421266443,-0.00038724604436387433,-0.00041821689647020656
2006-10-12,0.6359884285720161,0.6359884285720161,0.5111286530722214,0.01721753869216114,0.005471220602925923,0.005462611833579842
2006-10-13,0.7573256190480108,0.7573256190480108,0.45398264285802414,0.057146010214197296,0.0007902805026431678,0.0007617074975360692
2006-10-16,0.8382170793653405,0.8382170793653405,0.6359884285720161,0.18200578571399195,0.0023947864226384957,0.0023037835297814997
2006-10-17,0.7521989571691812,0.7521989571691812,0.7573256190480108,0.12133719047599467,-0.004698743763180718,-0.004759412358418716
2006-10-18,0.717133794763751,0.717133794763751,0.8382170793653405,0.08089146031732974,0.0020690337599097376,0.0020285880297510727
2006-10-19,0.8114225298425007,0.8114225298425007,0.7521989571691812,0.08601812219615934,0.005664668185110843,0.005621659124012763
2006-10-20,0.8742816865616672,0.8742816865616672,0.717133794763751,0.03506516240543012,0.002267450694714017,0.002249918113511302
2006-10-23,0.9161877910411116,0.9161877910411116,0.8114225298425007,0.09428873507874969,0.0006980346415407999,0.0006508902740014251
2006-10-24,0.9441251940274078,0.9441251940274078,0.8742816865616672,0.06285915671916642,0.00012525844262615253,9.382886426656932e-05
2006-10-25,0.9627501293516052,0.9627501293516052,0.9161877910411116,0.04190610447944443,0.006426180516207553,0.0064052274639678315
2006-10-26,0.9751667529010701,0.9751667529010701,0.9441251940274078,0.02793740298629621,0.0072465926954109776,0.00723262399391783
2006-10-27,0.8236263355394232,0.8236263355394232,0.9627501293516052,0.0186249353241974,-0.00665465888290948,-0.006663971350571578
2006-10-30,0.6953577084206277,0.6953577084206277,0.9751667529010701,0.012416623549464934,-0.002077381403006437,-0.0020835897147811694
2006-10-31,0.5950852047908529,0.5950852047908529,0.8236263355394232,0.15154041736164692,0.0004688263491844685,0.00039305614050364504
2006-11-01,0.5130690249258089,0.5130690249258089,0.6953577084206277,0.1282686271187955,-0.0011871771369704482,-0.001251311450529846
2006-11-02,0.4950139442014367,0.4950139442014367,0.5950852047908529,0.1002725036297748,0.0022051791902599938,0.0021550429384451066
2006-11-03,0.43749570539654237,0.43749570539654237,0.5130690249258089,0.08201617986504406,-0.001967189189391006,-0.002008197279323528
2006-11-06,0.6249971369310283,0.6249971369310283,0.4950139442014367,0.018055080724372174,0.00733790579976824,0.0073288782594060535
2006-11-07,0.7499980912873523,0.7499980912873523,0.43749570539654237,0.05751823880489432,0.0004915046497255435,0.0004627455303230963
2006-11-08,0.8333320608582349,0.8333320608582349,0.6249971369310283,0.18750143153448595,0.0001753718592642056,8.162114349696261e-05
2006-11-09,0.7849006978845057,0.7849006978845057,0.7499980912873523,0.12500095435632397,-0.0037868306491833184,-0.0038493311263614804
2006-11-10,0.8271592632883453,0.8271592632883453,0.8333320608582349,0.08333396957088257,0.003288980383779759,0.003247313398994318
2006-11-13,0.7428293789064051,0.7428293789064051,0.7849006978845057,0.048431362973729186,-0.004959042775422441,-0.0049832584569093055
2006-11-14,0.8285529192709368,0.8285529192709368,0.8271592632883453,0.042258565403839654,0.009116555178595115,0.009095425895893195
2006-11-15,0.8797628762138925,0.8797628762138925,0.7428293789064051,0.08432988438194022,-0.00020764858288292465,-0.0002498135250738948
2006-11-16,0.8735132899923708,0.8735132899923708,0.8285529192709368,0.08572354036453167,-0.0017376528194187875,-0.0017805145896010533
2006-11-17,0.8202679252698968,0.8202679252698968,0.8797628762138925,0.051209956942955714,-0.0025879504093382195,-0.002613555387809697
2006-11-20,0.661782608706697,0.661782608706697,0.8735132899923708,0.006249586221521719,-0.006627879106126071,-0.0066310038992368325
2006-11-21,0.6188860157473979,0.6188860157473979,0.8202679252698968,0.05324536472247399,0.004064858765323457,0.004038236082962219
2006-11-22,0.7459240104982653,0.7459240104982653,0.661782608706697,0.15848531656319975,0.006433314353449546,0.006354071695167947
2006-11-24,0.7313695233528137,0.7313695233528137,0.6188860157473979,0.04289659295929915,-0.003281589481784038,-0.003303037778263688
2006-11-27,0.6291006538429473,0.6291006538429473,0.7459240104982653,0.1270379947508674,-0.0061733679923880016,-0.006236886989763435
2006-11-28,0.6691230062369296,0.6691230062369296,0.7313695233528137,0.0145544871454516,0.006517304204839577,0.006510026961266851
2006-11-29,0.7794153374912864,0.7794153374912864,0.6291006538429473,0.10226886950986636,0.007143812221757203,0.00709267778700227
2006-11-30,0.8529435583275244,0.8529435583275244,0.6691230062369296,0.04002235239398222,0.002875290830060165,0.002855279653863174
2006-12-01,0.8827019150195813,0.8827019150195813,0.7794153374912864,0.11029233125435689,-0.0009681115460947519,-0.0010232577117219304
2006-12-04,0.921801276679721,0.921801276679721,0.8529435583275244,0.073528220836238,0.0055401281148029224,0.0055033640043848035
2006-12-05,0.9478675177864808,0.9478675177864808,0.8827019150195813,0.029758356692056842,0.004969183122789477,0.004954303944443448
2006-12-06,0.9323994188891338,0.9323994188891338,0.921801276679721,0.03909936166013972,-0.0020136809706917925,-0.0020332306515218625
2006-12-07,0.9549329459260893,0.9549329459260893,0.9478675177864808,0.026066241106759813,0.0032425329979266734,0.0032294998773732936
2006-12-08,0.9285987536171807,0.9285987536171807,0.9323994188891338,0.015468098897347016,-0.0022888236703349565,-0.00229655771978363
2006-12-11,0.9523991690781206,0.9523991690781206,0.9549329459260893,0.022533527036955547,0.003916329234231072,0.003905062470712594
2006-12-12,0.9682661127187471,0.9682661127187471,0.9285987536171807,0.026334192308908655,0.003792861943950988,0.0037796948477965336
2006-12-13,0.9788440751458314,0.9788440751458314,0.9523991690781206,0.023800415460939917,0.003615871018231898,0.003603970810501428
2006-12-14,0.9858960500972209,0.9858960500972209,0.9682661127187471,0.015866943640626463,0.00392380668727044,0.003915873215450127
2006-12-15,0.8854367648222217,0.8854367648222217,0.9788440751458314,0.010577962427084309,-0.003950663189553398,-0.00395595217076694
2006-12-18,0.780513160161753,0.780513160161753,0.9858960500972209,0.007051974951389539,-0.0014650859932891836,-0.0014686119807648785
2006-12-19,0.8153168204312126,0.8153168204312126,0.8854367648222217,0.10045928527499925,0.0039531881579119455,0.0039029585152744457
2006-12-20,0.7787622044846798,0.7787622044846798,0.780513160161753,0.10492360466046868,-0.0013668359810003242,-0.0014192977833305585
2006-12-21,0.7393517676059156,0.7393517676059156,0.8153168204312126,0.03480366026945958,-0.0004153341970653692,-0.00043273602720009897
2006-12-22,0.657903219852539,0.657903219852539,0.7787622044846798,0.036554615946532754,-0.0018250907922005325,-0.001843368100173799
2006-12-26,0.5832969861044273,0.5832969861044273,0.7393517676059156,0.03941043687876422,-0.0003064653489927038,-0.0003261705674320859
2006-12-27,0.7221979907362849,0.7221979907362849,0.657903219852539,0.08144854775337662,0.00818403047033285,0.008143306196456162
2006-12-28,0.8147986604908566,0.8147986604908566,0.5832969861044273,0.0746062337481117,0.00039830703591437654,0.00036100391904032067
2006-12-29,0.8499874476485778,0.8499874476485778,0.7221979907362849,0.13890100463185762,-0.0007882829006388412,-0.0008577334029547701
2007-01-03,0.8999916317657186,0.8999916317657186,0.8147986604908566,0.09260066975457171,0.0032271476651820896,0.0031808473303048036
2007-01-04,0.8705539225541818,0.8705539225541818,0.8499874476485778,0.035188787157721224,-0.002428122277855148,-0.0024457166714340088
2007-01-05,0.7165052407019114,0.7165052407019114,0.8999916317657186,0.050004184117140804,-0.013505890222470448,-0.013530892314529018
2007-01-08,0.6241388217766042,0.6241388217766042,0.8705539225541818,0.029437709211536767,0.0012055551515991886,0.0011908362969934201
2007-01-09,0.5567962966439433,0.5567962966439433,0.7165052407019114,0.1540486818522705,0.0006935979754925155,0.0006165736345663803
2007-01-10,0.4652930152577781,0.4652930152577781,0.6241388217766042,0.09236641892530717,-0.00474339769317479,-0.004789580902637444
2007-01-11,0.4517264821156827,0.4517264821156827,0.5567962966439433,0.06734252513266092,0.0035663814039333178,0.0035327101413669872
2007-01-12,0.5500158173940665,0.5500158173940665,0.4652930152577781,0.09150328138616515,0.005278522521773596,0.005232770881080513
2007-01-16,0.5986896907541865,0.5986896907541865,0.4517264821156827,0.013566533142095383,-0.0005560278411754491,-0.0005628111077464968
2007-01-17,0.6302799462097799,0.6302799462097799,0.5500158173940665,0.09828933527838374,0.0003012877592004011,0.0002521430915612092
2007-01-18,0.6035713004470399,0.6035713004470399,0.5986896907541865,0.04867387336012008,-0.0020490149411101894,-0.0020733518777902495
2007-01-19,0.7357142002980266,0.7357142002980266,0.6302799462097799,0.03159025545559335,0.007705382011799193,0.007689586884071396
2007-01-22,0.7254751467366127,0.7254751467366127,0.6035713004470399,0.026708645762740013,-0.0030303903815465834,-0.0030437447044279536
2007-01-23,0.8169834311577419,0.8169834311577419,0.7357142002980266,0.1321428998509867,0.006522176208380737,0.006456104758455244
2007-01-24,0.8779889541051613,0.8779889541051613,0.7254751467366127,0.010239053561413858,0.004707522966047326,0.004702403439266619
2007-01-25,0.7262681328247672,0.7262681328247672,0.8169834311577419,0.09150828442112913,-0.013277884061742035,-0.0133236382039526
2007-01-26,0.6408996354282415,0.6408996354282415,0.8779889541051613,0.061005522947419455,0.0016783485993619037,0.001647845837888194
2007-01-29,0.5853496440852242,0.5853496440852242,0.7262681328247672,0.1517208212803941,0.0007916586657849031,0.0007157982551447061
2007-01-30,0.623309274530535,0.623309274530535,0.6408996354282415,0.08536849739652574,0.004362472848608181,0.004319788599909918
2007-01-31,0.7017639453292448,0.7017639453292448,0.5853496440852242,0.0555499913430173,0.0022157781808748228,0.002188003185203314
2007-02-01,0.8011759635528299,0.8011759635528299,0.623309274530535,0.03795963044531081,0.005205387428069085,0.0051864076128464295
2007-02-02,0.8300021986704211,0.8300021986704211,0.7017639453292448,0.07845467079870982,-0.0014058583628859642,-0.0014450856982853191
2007-02-05,0.799293293624016,0.799293293624016,0.8011759635528299,0.09941201822358514,-0.002573731179503907,-0.0026234371886156996
2007-02-06,0.8661955290826775,0.8661955290826775,0.8300021986704211,0.028826235117591192,0.006464140275543328,0.006449727157984532
2007-02-07,0.9107970193884518,0.9107970193884518,0.799293293624016,0.03070890504640511,0.002236526928510365,0.0022211724759871624
2007-02-08,0.8208900112182183,0.8208900112182183,0.8661955290826775,0.06690223545866147,-0.0034525604576256122,-0.003486011575354943
2007-02-09,0.7003680785599425,0.7003680785599425,0.9107970193884518,0.044601490305774316,-0.0038882486624509187,-0.003910549407603806
2007-02-12,0.5868913782417169,0.5868913782417169,0.8208900112182183,0.08990700817023356,-0.0031894191870003516,-0.0032343726910854685
2007-02-13,0.7245942521611446,0.7245942521611446,0.7003680785599425,0.12052193265827571,0.008948960196711275,0.008888699230382137
2007-02-14,0.8163961681074298,0.8163961681074298,0.5868913782417169,0.11347670031822565,0.007949894060680977,0.007893155710521864
2007-02-15,0.8775974454049533,0.8775974454049533,0.7245942521611446,0.1377028739194277,0.0008544636565257644,0.0007856122195660505
2007-02-16,0.9113199399116435,0.9113199399116435,0.8163961681074298,0.09180191594628517,-0.0003205527553249123,-0.0003664537132980549
2007-02-20,0.9408799599410957,0.9408799599410957,0.8775974454049533,0.06120127729752356,0.001263915183633207,0.0012333145449844453
2007-02-21,0.8797870598786072,0.8797870598786072,0.9113199399116435,0.03372249450669018,-0.004646358528807975,-0.00466321977606132
2007-02-22,0.9084111777867008,0.9084111777867008,0.9408799599410957,0.02956002002945224,0.004203568308600278,0.004188788298585552
2007-02-23,0.938940785191134,0.938940785191134,0.8797870598786072,0.061092900062488575,0.002762064622064692,0.002731518172033448
2007-02-26,0.9592938567940894,0.9592938567940894,0.9084111777867008,0.028624117908093605,0.00047387436663791653,0.0004595623076838697
2007-02-27,0.6402398371809497,0.6402398371809497,0.938940785191134,0.030529607404433223,-0.03781706594012881,-0.03783233074383103
2007-02-28,0.46217843494360605,0.46217843494360605,0.9592938567940894,0.020353071602955408,0.006775080413236278,0.0067649038774348
2007-03-01,0.2800988347481396,0.2800988347481396,0.6402398371809497,0.3190540196131397,-0.006562293921661224,-0.006721820931467794
2007-03-02,0.030285215512722036,0.030285215512722036,0.46217843494360605,0.17806140223734362,-0.0062344280985709676,-0.00632345879968964
2007-03-05,-0.3131431896581853,-0.3131431896581853,0.2800988347481396,0.18207960019546643,-0.005803201959855757,-0.0058942417599534905
2007-03-06,-0.2677994665363916,-0.2677994665363916,0.030285215512722036,0.2498136192354176,0.0009397301434892315,0.0008148233338715228
2007-03-07,-0.23580776896848643,-0.23580776896848643,-0.3131431896581853,0.34342840517090734,-8.571971708812424e-05,-0.0002574339196735779
2007-03-08,-0.13680517594894379,-0.13680517594894379,-0.2677994665363916,0.04534372312179369,-0.0031498032708835557,-0.0031724751324444527
2007-03-09,-0.060031914356740705,-0.060031914356740705,-0.23580776896848643,0.03199169756790515,-0.0003824097202339203,-0.00039840556901787286
2007-03-12,0.03550152620523539,0.03550152620523539,-0.13680517594894379,0.09900259301954265,-0.0008861680101388034,-0.0009356693066485748
2007-03-13,-0.054694985342536175,-0.054694985342536175,-0.060031914356740705,0.07677326159220307,0.0014327769107697612,0.0013943902799736596
2007-03-14,-0.11146769301357015,-0.11146769301357015,0.03550152620523539,0.0955334405619761,1.464066377151121e-05,-3.312605650947684e-05
2007-03-15,-0.12085345184368483,-0.12085345184368483,-0.054694985342536175,0.09019651154777156,-0.0002478287303785524,-0.0002929269861524382
2007-03-16,-0.11851840240152801,-0.11851840240152801,-0.11146769301357015,0.05677270767103398,-0.00013709244919152955,-0.00016547880302704654
2007-03-19,-0.03700178787328717,-0.03700178787328717,-0.12085345184368483,0.00938575883011468,-0.0018643587188964133,-0.0018690515983114707
2007-03-20,0.04129011261520052,0.04129011261520052,-0.11851840240152801,0.002335049442156817,-0.0010038516209849636,-0.001005019145706042
2007-03-21,0.33126348188019783,0.33126348188019783,-0.03700178787328717,0.08151661452824084,-0.0007892613994682835,-0.0008300197067324039
2007-03-22,0.458872122706763,0.458872122706763,0.04129011261520052,0.07829190048848769,-0.00015628529377235693,-0.00019543124401660077
2007-03-23,0.5826999748863964,0.5826999748863964,0.33126348188019783,0.2899733692649973,0.0007813016385813838,0.0006363149539488852
2007-03-26,0.6721912681880013,0.6721912681880013,0.458872122706763,0.12760864082656515,0.00017983842178195055,0.00011603410136866798
2007-03-27,0.6083780265338251,0.6083780265338251,0.5826999748863964,0.12382785217963338,-0.0025887536245551186,-0.0026506675506449352
2007-03-28,0.48945753395280217,0.48945753395280217,0.6721912681880013,0.08949129330160499,-0.005910992375331547,-0.00595573802198235
2007-03-29,0.503564770949128,0.503564770949128,0.6083780265338251,0.06381324165417623,0.005316704735440364,0.005284798114613276
2007-03-30,0.5388979372139403,0.5388979372139403,0.48945753395280217,0.11892049258102294,0.0007709629250468277,0.0007115026787563163
2007-04-02,0.6054280262898657,0.6054280262898657,0.503564770949128,0.014107236996325823,0.0013201491649611464,0.0013130955464629834
2007-04-03,0.7369520175265771,0.7369520175265771,0.5388979372139403,0.03533316626481231,0.004508455945283597,0.00449078936215119
2007-04-04,0.8246346783510514,0.8246346783510514,0.6054280262898657,0.06653008907592539,0.0025112997954036312,0.0024780347508656687
2007-04-05,0.8830897855673676,0.8830897855673676,0.7369520175265771,0.13152399123671143,0.002663928963997715,0.002598166968379359
2007-04-09,0.877126081566433,0.877126081566433,0.8246346783510514,0.08768266082447429,-0.0006364963035942564,-0.0006803376340064935
2007-04-10,0.9180840543776221,0.9180840543776221,0.8830897855673676,0.05845510721631619,0.0065936210373705,0.006564393483762342
2007-04-11,0.7718695763832262,0.7718695763832262,0.877126081566433,0.0059637040009346,-0.004258589449970653,-0.0042615713019711204
2007-04-12,0.8479130509221509,0.8479130509221509,0.9180840543776221,0.04095797281118907,0.006130029258306436,0.006109550271900841
2007-04-13,0.8986087006147674,0.8986087006147674,0.7718695763832262,0.1462144779943959,0.0025595522026760687,0.0024864449636788706
2007-04-16,0.932405800409845,0.932405800409845,0.8479130509221509,0.07604347453892468,0.008946962130666987,0.008908940393397525
2007-04-17,0.9549372002732301,0.9549372002732301,0.8986087006147674,0.05069564969261653,0.00011318250767141169,8.783468282510343e-05
2007-04-18,0.9456691009223768,0.9456691009223768,0.932405800409845,0.03379709979507761,-0.00035187347652930207,-0.00036877202642684087
2007-04-19,0.7987096082678389,0.7987096082678389,0.9549372002732301,0.02253139986338515,-0.0036049607798111514,-0.003616226479742844
2007-04-20,0.8658064055118926,0.8658064055118926,0.9456691009223768,0.009268099350853376,0.01086960517188633,0.010864971122210904
2007-04-23,0.7245831114384763,0.7245831114384763,0.7987096082678389,0.1469594926545379,-0.007779587989044689,-0.007853067735371958
2007-04-24,0.6169043009398978,0.6169043009398978,0.8658064055118926,0.06709679724405371,-0.0005459651109081051,-0.000579513509530132
2007-04-25,0.7120346347694415,0.7120346347694415,0.7245831114384763,0.14122329407341627,0.006765836602820609,0.006695224955783901
2007-04-26,0.6786329132162853,0.6786329132162853,0.6169043009398978,0.10767881049857853,-0.002853228802607402,-0.0029070682078566916
2007-04-27,0.625039785625818,0.625039785625818,0.7120346347694415,0.09513033382954372,-0.001520472030119053,-0.0015680371970338248
2007-04-30,0.5255405830293629,0.5255405830293629,0.6786329132162853,0.03340172155315624,-0.002477250093342033,-0.0024939509541186114
2007-05-01,0.44977862149064474,0.44977862149064474,0.625039785625818,0.053593127590467304,-0.0006317842604367735,-0.0006585808242320072
2007-05-02,0.51322120566952,0.51322120566952,0.5255405830293629,0.09949920259645506,0.003987527135795634,0.003937777534497406
2007-05-03,0.5805509932104466,0.5805509932104466,0.44977862149064474,0.07576196153871817,0.000620904470235893,0.0005830234894665339
2007-05-04,0.7203673288069644,0.7203673288069644,0.51322120566952,0.06344258417887527,0.004824110843014397,0.0047923895509249595
2007-05-07,0.813578219204643,0.813578219204643,0.5805509932104466,0.06732978754092656,0.0008651410872051935,0.0008314761934347302
2007-05-08,0.6871686573276079,0.6871686573276079,0.7203673288069644,0.13981633559651785,-0.0058945911846305385,-0.005964499352428798
2007-05-09,0.6980999500792557,0.6980999500792557,0.813578219204643,0.0932108903976786,0.004474779005847569,0.004428173560648729
2007-05-10,0.5526626564414795,0.5526626564414795,0.6871686573276079,0.12640956187703511,-0.013582932279934358,-0.013646137060872875
2007-05-11,0.6169013913866102,0.6169013913866102,0.6980999500792557,0.010931292751647836,0.01177512266036967,0.011769657013993845
2007-05-14,0.6186707031912781,0.6186707031912781,0.5526626564414795,0.14543729363777624,-0.002067587601087315,-0.002140306247906203
2007-05-15,0.6377474968578134,0.6377474968578134,0.6169013913866102,0.06423873494513066,0.0010811797160689557,0.0010490603485963903
2007-05-16,0.6648128663443797,0.6648128663443797,0.6186707031912781,0.0017693118046679945,0.0009277272406168035,0.0009268425847144695
2007-05-17,0.6313653481451642,0.6313653481451642,0.6377474968578134,0.019076793666535252,-0.0032626448935680515,-0.003272183290401319
2007-05-18,0.6923623117503388,0.6923623117503388,0.6648128663443797,0.02706536948656635,0.005086097714763088,0.005072565030019805
2007-05-21,0.67735533234984,0.67735533234984,0.6313653481451642,0.03344751819921554,-0.0029077129620890033,-0.002924436721188611
2007-05-22,0.6727183832212472,0.6727183832212472,0.6923623117503388,0.06099696360517459,0.0006062403717779323,0.000575741889975345
2007-05-23,0.7454052637500199,0.7454052637500199,0.67735533234984,0.015006979400498777,0.003469661216156595,0.0034621577264563456
2007-05-24,0.6559080845885228,0.6559080845885228,0.6727183832212472,0.004636949128592804,-0.006438724150825849,-0.006441042625390145
2007-05-25,0.6265327149045832,0.6265327149045832,0.7454052637500199,0.0726868805287727,0.004770834362177227,0.004734490921912841
2007-05-29,0.6299483068942217,0.6299483068942217,0.6559080845885228,0.08949717916149713,0.0008181434248639708,0.0007733948352832223
2007-05-30,0.7398269760927659,0.7398269760927659,0.6265327149045832,0.02937536968393961,0.0026533499769114486,0.002638662292069479
2007-05-31,0.8265513173951773,0.8265513173951773,0.6299483068942217,0.003415591989638478,0.0031248837652953264,0.003123175969300507
2007-06-01,0.8843675449301183,0.8843675449301183,0.7398269760927659,0.10987866919854428,0.004839067046486924,0.004784127711887652
2007-06-04,0.922911696620079,0.922911696620079,0.8265513173951773,0.08672434130241136,0.0022295892253849404,0.0021862270547337347
2007-06-05,0.8271608769892724,0.8271608769892724,0.8843675449301183,0.05781622753494098,-0.004542013018402119,-0.00457092113216959
2007-06-06,0.6664714104353073,0.6664714104353073,0.922911696620079,0.038544151689960726,-0.013272106253614949,-0.01329137832945993
2007-06-07,0.5088959700921345,0.5088959700921345,0.8271608769892724,0.09575081963080656,-0.014131153075450929,-0.014179028485266332
2007-06-08,0.44831403248558754,0.44831403248558754,0.6664714104353073,0.1606894665539651,0.007271670783561299,0.007191326050284316
2007-06-11,0.42259721963870855,0.42259721963870855,0.5088959700921345,0.15757544034317283,0.0017244437078211545,0.001645655987649568
2007-06-12,0.30922492656908707,0.30922492656908707,0.44831403248558754,0.060581937606546954,-0.00796254475442363,-0.007992835723226904
2007-06-13,0.2850679284762585,0.2850679284762585,0.42259721963870855,0.02571681284687899,0.005489064965657111,0.0054762065592336715
2007-06-14,0.3050146069102172,0.3050146069102172,0.30922492656908707,0.11337229306962149,0.0022933757607669944,0.002236689614232184
2007-06-15,0.3900438919713265,0.3900438919713265,0.2850679284762585,0.024156998092828563,0.0023121880406661776,0.002300109541619763
2007-06-18,0.5056206514201129,0.5056206514201129,0.3050146069102172,0.019946678433958698,0.0016989086043647404,0.001688935265147761
2007-06-19,0.5938284443316486,0.5938284443316486,0.3900438919713265,0.0850292850611093,0.00038399460886607287,0.0003414799663355182
2007-06-20,0.5324541442352346,0.5324541442352346,0.5056206514201129,0.11557675944878643,-0.005968829313548752,-0.006026617693273145
2007-06-21,0.5630792884223066,0.5630792884223066,0.5938284443316486,0.08820779291153569,0.005394178841354363,0.005350074944898596
2007-06-22,0.45259938825811963,0.45259938825811963,0.5324541442352346,0.06137430009641398,-0.007354161860411915,-0.007384849010460122
2007-06-25,0.3740630997695926,0.3740630997695926,0.5630792884223066,0.030625144187071962,-0.00014070343488042385,-0.00015601600697395983
2007-06-26,0.276528764488011,0.276528764488011,0.45259938825811963,0.11047990016418696,-0.002264310934753658,-0.0023195508848357516
2007-06-27,0.22802513825495516,0.22802513825495516,0.3740630997695926,0.078536288488527,0.0026800922934015945,0.002640824149157331
2007-06-28,0.18923545924252483,0.18923545924252483,0.276528764488011,0.09753433528158162,0.00020707556031450953,0.00015830839267371873
2007-06-29,0.20963173820607447,0.20963173820607447,0.22802513825495516,0.048503626233055847,0.001677926303530948,0.00165367449041442
2007-07-02,0.4730878254707163,0.4730878254707163,0.18923545924252483,0.03878967901243033,0.0027412310270057603,0.002721836187499545
2007-07-03,0.6487252169804776,0.6487252169804776,0.20963173820607447,0.020396278963549647,0.0009978047926532455,0.0009876066531714707
2007-07-05,0.6321137062163542,0.6321137062163542,0.4730878254707163,0.26345608726464187,-0.002355962725638689,-0.00248769076927101
2007-07-06,0.7547424708109028,0.7547424708109028,0.6487252169804776,0.17563739150976126,0.004672095875368997,0.004584277179614116
2007-07-09,0.8364949805406019,0.8364949805406019,0.6321137062163542,0.01661151076412337,0.0015322209947865003,0.0015239152394044386
2007-07-10,0.6347753795635255,0.6347753795635255,0.7547424708109028,0.12262876459454863,-0.009216585663612373,-0.009277900045909646
2007-07-11,0.6540658855377419,0.6540658855377419,0.8364949805406019,0.08175250972969905,0.007883979339881629,0.007843103085016779
2007-07-12,0.7693772570251614,0.7693772570251614,0.6347753795635255,0.20171960097707642,0.008851462073020988,0.00875060227253245
2007-07-13,0.8238487022463489,0.8238487022463489,0.6540658855377419,0.019290505974216443,-0.00046918262699133765,-0.0004788278799784459
2007-07-16,0.8011054191639756,0.8011054191639756,0.7693772570251614,0.11531137148741943,-0.0017494485738312692,-0.0018071042595749788
2007-07-17,0.7073146942439541,0.7073146942439541,0.8238487022463489,0.05447144522118752,-0.0027672691299403373,-0.002794504852550931
2007-07-18,0.5968228356435287,0.5968228356435287,0.8011054191639756,0.022743283082373278,-0.0027959480792632166,-0.002807319720804403
2007-07-19,0.613113634498064,0.613113634498064,0.7073146942439541,0.0937907249200215,0.004015167172861235,0.003968271810401224
2007-07-20,0.49444263268870875,0.49444263268870875,0.5968228356435287,0.11049185860042543,-0.006163764804148108,-0.006219010733448321
2007-07-23,0.4827986999655575,0.4827986999655575,0.613113634498064,0.016290798854535327,0.0037196421979557416,0.003711496798528474
2007-07-24,0.3561166065471403,0.3561166065471403,0.49444263268870875,0.11867100180935525,-0.007454384965921758,-0.007513720466826436
2007-07-25,0.25615235357621163,0.25615235357621163,0.4827986999655575,0.011643932723151229,-0.001300856302169918,-0.0013066782685314936
2007-07-26,-0.10473992826510661,-0.10473992826510661,0.3561166065471403,0.12668209341841724,-0.011850055240304972,-0.011913396287014181
2007-07-27,-0.4031599521767377,-0.4031599521767377,0.25615235357621163,0.09996425297092865,-0.003546347377911275,-0.0035963295043967393
2007-07-30,-0.39045402883052094,-0.39045402883052094,-0.10473992826510661,0.3608922818413183,-0.0018616353607934604,-0.0020420815017141193
2007-07-31,-0.3933300363942378,-0.3933300363942378,-0.4031599521767377,0.29842002391163114,0.0005100466569552622,0.00036083664499944666
2007-08-01,-0.38281179704700874,-0.38281179704700874,-0.39045402883052094,0.012705923346216785,-0.0006431662744325243,-0.0006495192361056326
2007-08-02,-0.3523015409739591,-0.3523015409739591,-0.3933300363942378,0.0028760075637168647,-0.0011942125019329141,-0.0011956505057147725
2007-08-03,-0.522032973082797,-0.522032973082797,-0.38281179704700874,0.010518239347229064,0.006904151842894304,0.006898892723220689
2007-08-06,-0.5108402478090212,-0.5108402478090212,-0.3523015409739591,0.030510256073049635,-0.0038462588298045215,-0.0038615139578410465
2007-08-07,-0.474061484358795,-0.474061484358795,-0.522032973082797,0.16973143210883784,-0.00179066868932624,-0.001875534405380659
2007-08-08,-0.3403324353724465,-0.3403324353724465,-0.5108402478090212,0.011192725273775794,-0.008278876526647543,-0.00828447288928443
2007-08-09,-0.4926534664097423,-0.4926534664097423,-0.474061484358795,0.036778763450226126,0.013526047614013395,0.013507658232288281
2007-08-10,-0.6617689776064949,-0.6617689776064949,-0.3403324353724465,0.13372904898634852,0.005848979649480508,0.005782115124987334
2007-08-13,-0.7436847809608633,-0.7436847809608633,-0.4926534664097423,0.15232103103729577,-0.000964321767754676,-0.001040482283273324
2007-08-14,-0.8291231873072422,-0.8291231873072422,-0.6617689776064949,0.1691155111967526,0.006377916582992026,0.00629335882739365
2007-08-15,-0.886082124871495,-0.886082124871495,-0.7436847809608633,0.08191580335436843,0.01740879391301789,0.017367836011340704
2007-08-16,-0.9240547499143301,-0.9240547499143301,-0.8291231873072422,0.08543840634637889,0.0035730957510156703,0.003530376547842481
2007-08-17,-0.8605902046199272,-0.8605902046199272,-0.886082124871495,0.05695893756425274,-0.008149038098795934,-0.00817751756757806
2007-08-20,-0.7892696595964652,-0.7892696595964652,-0.9240547499143301,0.03797262504283516,-0.0029718841802016016,-0.002990870492723019
2007-08-21,-0.7459603815411101,-0.7459603815411101,-0.8605902046199272,0.06346454529440293,0.0005743917616434955,0.000542659488996294
2007-08-22,-0.5894712789245375,-0.5894712789245375,-0.7892696595964652,0.07132054502346197,-0.018674027580559506,-0.018709687853071238
2007-08-23,-0.4551564133238483,-0.4551564133238483,-0.7459603815411101,0.043309278055355116,-0.0033117709355687365,-0.003333425574596414
2007-08-24,-0.3151567182515905,-0.3151567182515905,-0.5894712789245375,0.15648910261657256,-0.010268937108596391,-0.010347181659904678
2007-08-27,-0.2523777179921131,-0.2523777179921131,-0.4551564133238483,0.13431486560068923,0.004827123620026876,0.004759966187226531
2007-08-28,-0.29530255456113935,-0.29530255456113935,-0.3151567182515905,0.13999969507225785,0.006349519969999533,0.006279520122463403
2007-08-29,-0.23094341648293276,-0.23094341648293276,-0.2523777179921131,0.06277900025947736,-0.005788024785009742,-0.005819414285139481
2007-08-30,-0.21042486929668325,-0.21042486929668325,-0.29530255456113935,0.04292483656902624,0.0020547276857142403,0.002033265267429727
2007-08-31,-0.14765284288242106,-0.14765284288242106,-0.23094341648293276,0.06435913807820659,-0.00404532100859601,-0.004077500577635114
2007-09-04,-0.08053940421386224,-0.08053940421386224,-0.21042486929668325,0.020518547186249514,-0.0019319931317590892,-0.001942252405352214
2007-09-05,-0.07854712292297028,-0.07854712292297028,-0.14765284288242106,0.06277202641426219,0.002145528029819211,0.00211414201661208
2007-09-06,-0.0645888074312671,-0.0645888074312671,-0.08053940421386224,0.06711343866855882,-0.0002994657658370459,-0.0003330224851713253
2007-09-07,-0.09347288058415182,-0.09347288058415182,-0.07854712292297028,0.001992281290891962,0.000953256410069122,0.000952260269423676
2007-09-10,-0.12144658180949422,-0.12144658180949422,-0.0645888074312671,0.013958315491703177,0.0002672659020324202,0.0002602867442865686
2007-09-11,-0.09118048084787472,-0.09118048084787472,-0.09347288058415182,0.028884073152884715,-0.0016142722004479514,-0.0016287142370243937
2007-09-12,-0.06670788094137328,-0.06670788094137328,-0.12144658180949422,0.0279737012253424,-0.0001240631764043789,-0.0001380500270170501
2007-09-13,-0.0420894974024256,-0.0420894974024256,-0.09118048084787472,0.030266100961619496,-0.0003836980466273301,-0.0003988310971081399
2007-09-14,-0.03491644260269389,-0.03491644260269389,-0.06670788094137328,0.02447259990650144,0.00038965840056143924,0.00037742210060818853
2007-09-17,-0.051835369685272456,-0.051835369685272456,-0.0420894974024256,0.02461838353894768,0.0005913658541162502,0.0005790566623467764
2007-09-18,0.0005397942035687345,0.0005397942035687345,-0.03491644260269389,0.0071730547997317165,-0.0011353732924143033,-0.0011389598198141692
2007-09-19,0.05735023517562266,0.05735023517562266,-0.051835369685272456,0.01691892708257857,-0.00046828638123873876,-0.00047674584478002804
2007-09-20,0.09294917699300663,0.09294917699300663,0.0005397942035687345,0.05237516388884119,-4.698677015522932e-07,-2.665744964597289e-05
2007-09-21,0.12350917180958788,0.12350917180958788,0.05735023517562266,0.05681044097205393,0.0002498220587628959,0.00022141683827686892
2007-09-24,0.1486709550438477,0.1486709550438477,0.09294917699300663,0.03559894181738397,0.00020731111703035072,0.00018951164612165873
2007-09-25,0.16313306027565008,0.16313306027565008,0.12350917180958788,0.030559994816581254,0.00015271289433521835,0.00013743289692692772
2007-09-26,0.19224955768087043,0.19224955768087043,0.1486709550438477,0.025161783234259813,0.0007344012025421112,0.0007218203109249813
2007-09-27,0.2927801135612915,0.2927801135612915,0.16313306027565008,0.014462105231802386,0.0021649368933736404,0.0021577058407577392
2007-09-28,0.3672333535960336,0.3672333535960336,0.19224955768087043,0.02911649740522035,0.0003030358288826968,0.00028847758018008663
2007-10-01,0.5781555690640224,0.5781555690640224,0.2927801135612915,0.10053055588042109,0.0037576455325088187,0.003707380254568608
2007-10-02,0.5883703802160256,0.5883703802160256,0.3672333535960336,0.07445324003474207,-0.0009218035110276384,-0.0009590301310450094
2007-10-03,0.496877672176377,0.496877672176377,0.5781555690640224,0.21092221546798884,-0.002633012068811535,-0.0027384731765455294
2007-10-04,0.5083917391713302,0.5083917391713302,0.5883703802160256,0.010214811152003178,0.002054122710715863,0.0020490153051398617
2007-10-05,0.6722611594475535,0.6722611594475535,0.496877672176377,0.0914927080396486,0.005067121060751786,0.005021374706731962
2007-10-08,0.5773481395688546,0.5773481395688546,0.5083917391713302,0.011514066994953165,-0.004709536288940198,-0.004715293322437674
2007-10-09,0.7182320930459031,0.7182320930459031,0.6722611594475535,0.1638694202762233,0.007494620110293291,0.0074126854001551785
2007-10-10,0.7581857002407726,0.7581857002407726,0.5773481395688546,0.09491301987869893,-0.0010951080684657119,-0.0011425645784050613
2007-10-11,0.8387904668271817,0.8387904668271817,0.7182320930459031,0.14088395347704852,0.0033272176556154408,0.0032567756788769164
2007-10-12,0.892526977884788,0.892526977884788,0.7581857002407726,0.03995360719486951,0.0033168543551301767,0.003296877551532742
2007-10-15,0.7377540701692635,0.7377540701692635,0.8387904668271817,0.08060476658640914,-0.006813105170585783,-0.0068534075538789875
2007-10-16,0.5550142025840159,0.5550142025840159,0.892526977884788,0.05373651105760624,-0.013770634635010548,-0.01379750289053935
2007-10-17,0.5091941036892587,0.5091941036892587,0.7377540701692635,0.15477290771552443,0.00782573376159808,0.007748347307740317
2007-10-18,0.5009260970150602,0.5009260970150602,0.5550142025840159,0.18273986758524763,0.0013241286388385946,0.0012327587050459709
2007-10-19,0.40406606991199834,0.40406606991199834,0.5091941036892587,0.045820098894757244,-0.011209117878598383,-0.011232027928045762
2007-10-22,0.3340842234684946,0.3340842234684946,0.5009260970150602,0.00826800667419847,-0.0006095396685755883,-0.0006136736719126875
2007-10-23,0.35383930064594227,0.35383930064594227,0.40406606991199834,0.09686002710306185,0.005709827851172235,0.005661397837620704
2007-10-24,0.35497533932841835,0.35497533932841835,0.3340842234684946,0.06998184644350375,-0.0007223353250948493,-0.0007573262483166012
2007-10-25,0.3824023205791011,0.3824023205791011,0.35383930064594227,0.019755077177447677,0.001618589056149446,0.001608711517560722
2007-10-26,0.5882682137194007,0.5882682137194007,0.35497533932841835,0.0011360386824760815,0.006423297755820214,0.006422729736478976
2007-10-29,0.7255121424796005,0.7255121424796005,0.3824023205791011,0.02742698125068277,0.0027905414280966923,0.002776827937471351
2007-10-30,0.7201262742154512,0.7201262742154512,0.5882682137194007,0.20586589314029963,-0.004674233915974521,-0.0047771668625446705
2007-10-31,0.8134175161436341,0.8134175161436341,0.7255121424796005,0.13724392876019975,0.010254595799179705,0.010185973834799605
2007-11-01,0.7072133453393081,0.7072133453393081,0.7201262742154512,0.005385868264149329,-0.015138739537636278,-0.015141432471768352
2007-11-02,0.6525579274755964,0.6525579274755964,0.8134175161436341,0.09329124192818294,0.004535652704565464,0.004489007083601373
2007-11-05,0.5489461985258521,0.5489461985258521,0.7072133453393081,0.10620417080432598,-0.011263820122498646,-0.01131692220790081
2007-11-06,0.5549780734284009,0.5549780734284009,0.6525579274755964,0.05465541786371175,0.009857428900253809,0.009830101191321952
2007-11-07,0.48299373731280004,0.48299373731280004,0.5489461985258521,0.10361172894974424,-0.00953061492632956,-0.009582420790804432
2007-11-08,0.445755044865237,0.445755044865237,0.5549780734284009,0.006031874902548751,0.0010006705903936387,0.0009976546529423642
2007-11-09,0.3439657590859691,0.3439657590859691,0.48299373731280004,0.07198433611560084,-0.009387404083132097,-0.009423396251189898
2007-11-12,0.23304880131547268,0.23304880131547268,0.445755044865237,0.03723869244756306,-0.007308381161800048,-0.00732700050802383
2007-11-13,0.24158295932633192,0.24158295932633192,0.3439657590859691,0.10178928577926788,0.009242050093122409,0.009191155450232776
2007-11-14,0.2216502981017731,0.2216502981017731,0.23304880131547268,0.11091695777049643,-0.0003670998044046261,-0.0004225582832898743
2007-11-15,0.15614008847676353,0.15614008847676353,0.24158295932633192,0.008534158010859244,-0.003986270562021504,-0.0039905376410269335
2007-11-16,0.12153695910060175,0.12153695910060175,0.2216502981017731,0.019932661224558806,0.0007109200543381417,0.0007009537237258623
2007-11-19,0.015193568486728176,0.015193568486728176,0.15614008847676353,0.06551020962500959,-0.004128128279430873,-0.004160883384243378
2007-11-20,0.014658734160124583,0.014658734160124583,0.12153695910060175,0.03460312937616178,0.0027171794714886646,0.0026998779068005837
2007-11-21,-0.11023583751926148,-0.11023583751926148,0.015193568486728176,0.10634339061387357,-0.0003435152812943583,-0.0003966869766012951
2007-11-23,-0.08970554827235802,-0.08970554827235802,0.014658734160124583,0.0005348343266035928,0.00036873712518735246,0.00036846970802405064
2007-11-26,-0.1418203888215461,-0.1418203888215461,-0.11023583751926148,0.12489457167938607,0.001726234345675518,0.001663787059835825
2007-11-27,-0.11973848403573048,-0.11973848403573048,-0.08970554827235802,0.020530289246903463,-0.0012135961233842101,-0.0012238612680076618
2007-11-28,0.009279781592965164,0.009279781592965164,-0.1418203888215461,0.05211484054918808,-0.004031438079870242,-0.0040574955001448365
2007-11-29,0.060024206371186495,0.060024206371186495,-0.11973848403573048,0.02208190478581562,0.0009784912891006889,0.000967450336707781
2007-11-30,0.11504305262460635,0.11504305262460635,0.009279781592965164,0.12901826562869564,5.059872658915062e-05,-1.3910406225197198e-05
2007-12-03,0.1362926611854289,0.1362926611854289,0.060024206371186495,0.05074442477822133,-0.00022425338435561612,-0.0002496255967447268
2007-12-04,0.11744209376440415,0.11744209376440415,0.11504305262460635,0.05501884625341985,-0.0007236145622775557,-0.0007511239854042656
2007-12-05,0.14548130137466764,0.14548130137466764,0.1362926611854289,0.021249608560822558,0.0015761076982980069,0.0015654828940175956
2007-12-06,0.18937739659662883,0.18937739659662883,0.11744209376440415,0.018850567421024755,0.0011164966229294361,0.0011070713392189238
2007-12-07,0.1899945199528033,0.1899945199528033,0.14548130137466764,0.02803920761026349,-0.0005722719975961431,-0.0005862916014012749
2007-12-10,0.2180805468581097,0.2180805468581097,0.18937739659662883,0.043896095221961196,0.0019490315342622216,0.001927083486651241
2007-12-11,0.13300027928132996,0.13300027928132996,0.1899945199528033,0.000617123356174476,-0.004951230962418805,-0.004951539524096892
2007-12-12,0.1410985319380801,0.1410985319380801,0.2180805468581097,0.0280860269053064,0.004376396783069576,0.0043623537696169225
2007-12-13,0.07904466801694345,0.07904466801694345,0.13300027928132996,0.08508026757677975,-0.002711657955291444,-0.002754198089079834
2007-12-14,-0.13176458220882312,-0.13176458220882312,0.1410985319380801,0.008098252656750154,-0.003812622027372378,-0.0038166711537007533
2007-12-17,-0.42117638813921543,-0.42117638813921543,0.07904466801694345,0.06205386392113667,-0.0016809274599185523,-0.0017119543918791206
2007-12-18,-0.4678340733750797,-0.4678340733750797,-0.13176458220882312,0.21080925022576658,-0.0016504072680579972,-0.0017558118931708805
2007-12-19,-0.5836442936096311,-0.5836442936096311,-0.42117638813921543,0.2894118059303923,0.003455692570449581,0.0033109866674843847
2007-12-20,-0.5804586796177436,-0.5804586796177436,-0.4678340733750797,0.04665768523586428,-0.0033343815995013097,-0.0033577104421192417
2007-12-21,-0.4839511035047186,-0.4839511035047186,-0.5836442936096311,0.1158102202345514,-0.008334605751091741,-0.008392510861209016
2007-12-24,-0.39663123152038493,-0.39663123152038493,-0.5804586796177436,0.003185613991887548,-0.0023736573494617455,-0.0023752501564576894
2007-12-26,-0.3193635150580326,-0.3193635150580326,-0.4839511035047186,0.09650757611302496,-0.0013548291495044792,-0.0014030829375609917
2007-12-27,-0.28344162695842845,-0.28344162695842845,-0.39663123152038493,0.08731987198433366,0.0024160299485965933,0.0023723700126044266
2007-12-28,-0.22331040464803478,-0.22331040464803478,-0.3193635150580326,0.07726771646235231,-0.002732070204850888,-0.002770704063082064
2007-12-31,-0.18067144231558618,-0.18067144231558618,-0.28344162695842845,0.03592188809960417,0.001758310985949206,0.001740350041899404
2008-01-02,-0.13443467142067506,-0.13443467142067506,-0.22331040464803478,0.06013122231039367,0.0007965361210464914,0.0007664705098912945
2008-01-03,-0.09636480325302757,-0.09636480325302757,-0.18067144231558618,0.0426389623324486,-0.000300196551510779,-0.00032151603267700335
2008-01-04,-0.2939529021244165,-0.2939529021244165,-0.13443467142067506,0.04623677089491113,0.003054083648550853,0.0030309652631033976
2008-01-07,-0.3986549677362593,-0.3986549677362593,-0.09636480325302757,0.038069868167647486,-0.00010066904127737253,-0.00011970397536119627
2008-01-08,-0.5991033118241729,-0.5991033118241729,-0.2939529021244165,0.19758809887138892,0.001649063548968168,0.0015502694995324737
2008-01-09,-0.5363037172087031,-0.5363037172087031,-0.3986549677362593,0.10470206561184281,-0.0028766851568485722,-0.002929036189654494
2008-01-10,-0.5092230776775253,-0.5092230776775253,-0.5991033118241729,0.20044834408791357,0.000624180580700816,0.0005239564086568592
2008-01-11,-0.6728153851183503,-0.6728153851183503,-0.5363037172087031,0.0627995946154698,0.010699499529522575,0.01066809973221484
2008-01-14,-0.5555237070024288,-0.5555237070024288,-0.5092230776775253,0.027080639531177786,-0.008130027809929566,-0.008143568129695154
2008-01-15,-0.7036824713349525,-0.7036824713349525,-0.6728153851183503,0.16359230744082498,0.021851398842403197,0.021769602688682783
2008-01-16,-0.8024549808899684,-0.8024549808899684,-0.5555237070024288,0.11729167811592145,0.011203801624437907,0.011145155785379945
2008-01-17,-0.8683033205933124,-0.8683033205933124,-0.7036824713349525,0.14815876433252373,0.010595593581191415,0.010521514199025153
2008-01-18,-0.8490707222321803,-0.8490707222321803,-0.8024549808899684,0.09877250955501582,-0.004614688164021788,-0.004664074418799296
2008-01-22,-0.8993804814881203,-0.8993804814881203,-0.8683033205933124,0.06584833970334403,0.024217297258098302,0.02418437308824663
2008-01-23,-0.9329203209920802,-0.9329203209920802,-0.8490707222321803,0.019232598361132114,0.004993807024720889,0.004984190725540323
2008-01-24,-0.7728470482787196,-0.7728470482787196,-0.8993804814881203,0.050309759255940056,-0.03153683056980148,-0.031561985449429446
2008-01-25,-0.7275963244906445,-0.7275963244906445,-0.9329203209920802,0.03353983950395989,0.01352629426337432,0.01350952434362234
2008-01-28,-0.6501924413488911,-0.6501924413488911,-0.7728470482787196,0.16007327271336058,-0.008636980224902476,-0.008717016861259155
2008-01-29,-0.5618297628548247,-0.5618297628548247,-0.7275963244906445,0.04525072378807515,-0.004377012261505859,-0.0043996376233998965
2008-01-30,-0.5076139689695445,-0.5076139689695445,-0.6501924413488911,0.0774038831417534,0.002983739754740306,0.002945037813169429
2008-01-31,-0.4303891623239412,-0.4303891623239412,-0.5618297628548247,0.08836267849406643,-0.00596510994165858,-0.006009291280905613
2008-02-01,-0.33658178206667055,-0.33658178206667055,-0.5076139689695445,0.054215793885280195,-0.008490686892961619,-0.008517794789904259
2008-02-04,-0.29863603231999825,-0.29863603231999825,-0.4303891623239412,0.07722480664560327,0.004388761839413867,0.004350149436091065
2008-02-05,-0.5134269475206175,-0.5134269475206175,-0.33658178206667055,0.09380738025727064,0.015442041795500398,0.015395138105371763
2008-02-06,-0.6635618388169823,-0.6635618388169823,-0.29863603231999825,0.03794574974667231,0.0002579604033201002,0.00023898752844676404
2008-02-07,-0.7757078925446549,-0.7757078925446549,-0.5134269475206175,0.21479091520061921,0.0025893282057145527,0.002481932748114243
2008-02-08,-0.8504719283631033,-0.8504719283631033,-0.6635618388169823,0.15013489129636481,0.006822901071924958,0.006747833626276776
2008-02-11,-0.8530235222977265,-0.8530235222977265,-0.7757078925446549,0.11214605372767261,-0.004085977229096557,-0.004142050255960393
2008-02-12,-0.7332812985554766,-0.7332812985554766,-0.8504719283631033,0.07476403581844837,-0.018321871101638722,-0.018359253119547947
2008-02-13,-0.6276490229293183,-0.6276490229293183,-0.8530235222977265,0.002551593934623231,-0.005834306572841411,-0.0058355823698087225
2008-02-14,-0.5722902018481959,-0.5722902018481959,-0.7332812985554766,0.11974222374224985,0.0033208351495768312,0.0032609640377057065
2008-02-15,-0.5158076966346092,-0.5158076966346092,-0.6276490229293183,0.10563227562615829,-0.002319949221522626,-0.0023727653593357055
2008-02-19,-0.4494023256837972,-0.4494023256837972,-0.5722902018481959,0.055358821081122445,-0.005593132118124631,-0.005620811528665192
2008-02-20,-0.3317399557020412,-0.3317399557020412,-0.5158076966346092,0.056482505213586665,0.0026770109796841308,0.0026487697270773376
2008-02-21,-0.2604239373485539,-0.2604239373485539,-0.4494023256837972,0.06640537095081206,0.0008237809180057387,0.0007905782325303327
2008-02-22,-0.19579485196998403,-0.19579485196998403,-0.3317399557020412,0.117662369981756,-0.004217605648415035,-0.0042764368334059135
2008-02-25,-0.13713538007288956,-0.13713538007288956,-0.2604239373485539,0.07131601835348728,-0.004141204257427864,-0.004176862266604607
2008-02-26,-0.09517209402214502,-0.09517209402214502,-0.19579485196998403,0.06462908537856987,-0.0029034508874500797,-0.0029357654301393646
2008-02-27,-0.06444901968694944,-0.06444901968694944,-0.13713538007288956,0.05865947189709447,-0.00044532395675095864,-0.0004746536926995059
2008-02-28,-0.04850563986673295,-0.04850563986673295,-0.09517209402214502,0.041963286050744536,0.0009113013939533365,0.0008903197509279642
2008-02-29,-0.08911915532387985,-0.08911915532387985,-0.06444901968694944,0.030723074335195583,0.0016147227967860034,0.0015993612596184056
2008-03-03,-0.11023768317928667,-0.11023768317928667,-0.04850563986673295,0.015943379820216486,-0.00014226328488019252,-0.00015023497479030076
2008-03-04,-0.17046671394562812,-0.17046671394562812,-0.08911915532387985,0.04061351545714689,0.0013527528611227595,0.0013324461033941862
2008-03-05,-0.18149598717072218,-0.18149598717072218,-0.11023768317928667,0.021118527855406827,-0.0013249689867289906,-0.0013355282506566939
2008-03-06,-0.23884705214047236,-0.23884705214047236,-0.17046671394562812,0.06022903076634145,0.002429423257100562,0.0023993087417173917
2008-03-07,-0.3239155279960121,-0.3239155279960121,-0.18149598717072218,0.01102927322509406,0.002135281953373026,0.0021297673167604792
2008-03-10,-0.3980178847585004,-0.3980178847585004,-0.23884705214047236,0.057351064969750176,0.001198985653167965,0.00117031012068309
2008-03-11,-0.3317876011261649,-0.3317876011261649,-0.3239155279960121,0.08506847585553973,-0.010225891709190991,-0.010268425947118761
2008-03-12,-0.2769102763232667,-0.2769102763232667,-0.3980178847585004,0.07410235676248833,-0.0,-3.7051178381244165e-05
2008-03-13,-0.2376152686831575,-0.2376152686831575,-0.3317876011261649,0.06623028363233552,-0.0005563414712900812,-0.000589456613106249
2008-03-14,-0.29844211504342455,-0.29844211504342455,-0.2769102763232667,0.0548773248028982,0.006683225845735268,0.006655787183333819
2008-03-17,-0.4472613079978762,-0.4472613079978762,-0.2376152686831575,0.03929500764010921,0.003600685170749387,0.0035810376669293325
2008-03-18,-0.3918067989728662,-0.3918067989728662,-0.29844211504342455,0.060826846360267056,-0.009140736728973106,-0.009171150152153239
2008-03-19,-0.5820454597986116,-0.5820454597986116,-0.4472613079978762,0.14881919295445167,0.016189423058365356,0.01611501346188813
2008-03-20,-0.5974711368215386,-0.5974711368215386,-0.3918067989728662,0.055454509025010035,-0.0058974020238513345,-0.005925129278363839
2008-03-24,-0.5186350547233753,-0.5186350547233753,-0.5820454597986116,0.19023866082574536,-0.010642167206891259,-0.01073728653730413
2008-03-25,-0.4141897217954657,-0.4141897217954657,-0.5974711368215386,0.015425677022927076,-0.008700474105465717,-0.00870818694397718
2008-03-26,-0.3379779087630863,-0.3379779087630863,-0.5186350547233753,0.07883608209816328,-0.0,-3.941804104908164e-05
2008-03-27,-0.28350875255662167,-0.28350875255662167,-0.4141897217954657,0.10444533292790964,0.00034634642271756585,0.00029412375625361103
2008-03-28,-0.24776714669847444,-0.24776714669847444,-0.3379779087630863,0.0762118130323794,0.00028285444838212036,0.00024474854186593063
2008-03-31,-0.20753572910252124,-0.20753572910252124,-0.28350875255662167,0.05446915620646464,-0.0010289570359957156,-0.0010561916140989479
2008-04-01,-0.06519131052420354,-0.06519131052420354,-0.24776714669847444,0.03574160585814723,-0.007822418624186039,-0.007840289427115113
2008-04-02,0.030721816246314607,0.030721816246314607,-0.20753572910252124,0.040231417595953195,-0.00044773509753782606,-0.00046785080633580267
2008-04-03,0.04653526566844572,0.04653526566844572,-0.06519131052420354,0.1423444185783177,-0.000192968483505191,-0.00026414069279434983
2008-04-04,0.06326817963753763,0.06326817963753763,0.030721816246314607,0.09591312677051815,0.00010300728880307447,5.505072541781539e-05
2008-04-07,0.0887398345103819,0.0887398345103819,0.04653526566844572,0.015813449422131115,0.000286173031847101,0.00027826630713603546
2008-04-08,0.09167853318698832,0.09167853318698832,0.06326817963753763,0.016732913969091906,-0.0006641048321131864,-0.0006724712890977323
2008-04-09,0.08284352373272429,0.08284352373272429,0.0887398345103819,0.025471654872844265,-0.0007268726625506151,-0.0007396084899870373
2008-04-10,0.09732032495482332,0.09732032495482332,0.09167853318698832,0.002938698676606427,-0.00028551346033412736,-0.0002869828096724306
2008-04-11,0.08415432723782534,0.08415432723782534,0.08284352373272429,0.008835009454264034,-0.0011138596977381355,-0.0011182772024652676
2008-04-14,0.08053565683408573,0.08053565683408573,0.09732032495482332,0.014476801222099031,0.00021434429442197814,0.0002071058938109286
2008-04-15,0.05758080672511083,0.05758080672511083,0.08415432723782534,0.013165997716997974,0.000589535096421475,0.0005829520975629761
2008-04-16,0.3717205378167405,0.3717205378167405,0.08053565683408573,0.0036186704037396156,0.002537692094232361,0.002535882759030491
2008-04-17,0.39634136014413146,0.39634136014413146,0.05758080672511083,0.022954850108974897,-0.000639619409348597,-0.0006510968344030845
2008-04-18,0.5108686012434187,0.5108686012434187,0.3717205378167405,0.3141397310916297,0.002634574372158288,0.002477504506612473
2008-04-21,0.6739124008289459,0.6739124008289459,0.39634136014413146,0.024620822327390934,0.003104964307702167,0.003092653896538472
2008-04-22,0.6188081127787081,0.6188081127787081,0.5108686012434187,0.11452724109928725,-0.00531724371019536,-0.005374507330745004
2008-04-23,0.6453071648930297,0.6453071648930297,0.6739124008289459,0.16304379958552717,0.003499047727818749,0.0034175258280259857
2008-04-24,0.5848646121856893,0.5848646121856893,0.6188081127787081,0.055104288050237815,-0.004016127500467538,-0.004043679644492657
2008-04-25,0.64429567989377,0.64429567989377,0.6453071648930297,0.026499052114321686,0.005333913367459074,0.005320663841401912
2008-04-28,0.7628637865958467,0.7628637865958467,0.5848646121856893,0.06044255270734045,0.003402820432412022,0.0033725991560583516
2008-04-29,0.6932898356480092,0.6932898356480092,0.64429567989377,0.05943106770808071,-0.005675031004034582,-0.005704746537888623
2008-04-30,0.6725679585557038,0.6725679585557038,0.7628637865958467,0.11856810670207674,0.004148392708327725,0.004089108654976687
2008-05-01,0.7817119723704693,0.7817119723704693,0.6932898356480092,0.06957395094783758,0.004206710817141824,0.004171923841667905
2008-05-02,0.8544746482469796,0.8544746482469796,0.6725679585557038,0.02072187709230533,0.0018519261463281061,0.0018415652077819534
2008-05-05,0.9029830988313199,0.9029830988313199,0.7817119723704693,0.10914401381476546,0.0013284801461163158,0.001273908139208933
2008-05-06,0.9353220658875467,0.9353220658875467,0.8544746482469796,0.07276267587651031,0.0063576003041107805,0.006321218966172526
2008-05-07,0.6905198002809355,0.6905198002809355,0.9029830988313199,0.04850845058434028,-0.015794320460999118,-0.01581857468629129
2008-05-08,0.6045707262831604,0.6045707262831604,0.9353220658875467,0.03233896705622685,0.0081404729112603,0.008124303427732186
2008-05-09,0.47987984326243643,0.47987984326243643,0.6905198002809355,0.24480226560661122,-0.0055067752005431205,-0.0056291763333464265
2008-05-12,0.5030732010726116,0.5030732010726116,0.6045707262831604,0.08594907399777507,0.006055420261489304,0.006012445724490416
2008-05-13,0.46385258595525203,0.46385258595525203,0.47987984326243643,0.12469088302072401,-0.001628074672459414,-0.001690420113969776
2008-05-14,0.4356537831509911,0.4356537831509911,0.5030732010726116,0.02319335781017512,0.0,-1.1596678905087559e-05
2008-05-15,0.6237691887673275,0.6237691887673275,0.46385258595525203,0.039220615117359525,0.007894677158666437,0.007875066851107757
2008-05-16,0.7491794591782184,0.7491794591782184,0.4356537831509911,0.028198802804260903,0.004711148110745908,0.004697048709343778
2008-05-19,0.7583224960019604,0.7583224960019604,0.6237691887673275,0.18811540561633633,-0.0025422667321264194,-0.0026363244349345877
2008-05-20,0.6624419609842895,0.6624419609842895,0.7491794591782184,0.12541027041089092,-0.006897792479898259,-0.0069604976151037045
2008-05-21,0.5126740083363855,0.5126740083363855,0.7583224960019604,0.009143036823742068,-0.008612699644589517,-0.008617271163001388
2008-05-22,0.48712408871441454,0.48712408871441454,0.6624419609842895,0.09588053501767091,0.007696488942583124,0.007648548675074289
2008-05-23,0.4057887720380702,0.4057887720380702,0.5126740083363855,0.149767952647904,-0.005821980060676305,-0.005896864037000257
2008-05-27,0.3415831885426834,0.3415831885426834,0.48712408871441454,0.025549919621971007,-0.0009537617640280472,-0.0009665367238390327
2008-05-28,0.29738139719237466,0.29738139719237466,0.4057887720380702,0.08133531667634436,-5.31184519778606e-05,-9.378611031603278e-05
2008-05-29,0.26221420077827917,0.26221420077827917,0.3415831885426834,0.0642055834953868,-0.0007594912813993698,-0.0007915940731470632
2008-05-30,0.23375568401439223,0.23375568401439223,0.29738139719237466,0.04420179135030872,0.0016764415477492022,0.0016543406520740478
2008-06-02,0.17759212466102353,0.17759212466102353,0.26221420077827917,0.03516719641409549,-0.002734536622111264,-0.0027521202203183116
2008-06-03,0.1379296139836499,0.1379296139836499,0.23375568401439223,0.028458516763886943,-0.0004928444325463211,-0.0005070736909282646
2008-06-04,0.10333382408527537,0.10333382408527537,0.17759212466102353,0.0561635593533687,-0.0010315087619547007,-0.0010595905416313852
2008-06-05,0.1376179689967328,0.1376179689967328,0.1379296139836499,0.03966251067737364,0.002289354904815586,0.002269523649476899
2008-06-06,0.11438700603817714,0.11438700603817714,0.10333382408527537,0.034595789898374515,-0.002969363483759602,-0.002986661378708789
2008-06-09,0.09555524624588219,0.09555524624588219,0.1376179689967328,0.03428414491145741,-0.00018503466638114936,-0.00020217673883687805
2008-06-10,0.05661339854151769,0.05661339854151769,0.11438700603817714,0.023230962958555645,-0.001940897739051105,-0.001952513220530383
2008-06-11,0.005927278275064431,0.005927278275064431,0.09555524624588219,0.018831759792294955,-0.0012173496170110446,-0.0012267654969071921
2008-06-12,-0.03876651623488019,-0.03876651623488019,0.05661339854151769,0.0389418477043645,-0.00019639307944688278,-0.00021586400329906503
2008-06-13,-0.07845259102067653,-0.07845259102067653,0.005927278275064431,0.050686120266453256,5.44716227986868e-05,2.9128562665460173e-05
2008-06-16,-0.13576668003122688,-0.13576668003122688,-0.03876651623488019,0.04469379450994462,-0.00019788902681536224,-0.00022023592407033457
2008-06-17,-0.2140847763274376,-0.2140847763274376,-0.07845259102067653,0.03968607478579634,-0.00023694734770613547,-0.0002567903850990336
2008-06-18,-0.3331829136025958,-0.3331829136025958,-0.13576668003122688,0.05731408901055035,0.0011148441230972403,0.0010861870785919651
2008-06-19,-0.41425873639147354,-0.41425873639147354,-0.2140847763274376,0.07831809629621073,0.00041352504530985226,0.0003743659971617469
2008-06-20,-0.6095058242609823,-0.6095058242609823,-0.3331829136025958,0.11909813727515817,0.007278234345784143,0.007218685277146564
2008-06-23,-0.7396705495073216,-0.7396705495073216,-0.41425873639147354,0.08107582278887776,5.8603674337736354e-05,1.806576294329747e-05
2008-06-24,-0.8264470330048811,-0.8264470330048811,-0.6095058242609823,0.19524708786950878,0.0027571110363782065,0.002659487492443452
2008-06-25,-0.7286532724703557,-0.7286532724703557,-0.7396705495073216,0.13016472524633926,-0.007898644053838203,-0.007963726416461373
2008-06-26,-0.8191021816469038,-0.8191021816469038,-0.8264470330048811,0.08677648349755951,0.020942158484642318,0.02089877024289354
2008-06-27,-0.8434208528527407,-0.8434208528527407,-0.7286532724703557,0.09779376053452538,-0.0019262233852086017,-0.0019751202654758643
2008-06-30,-0.7931033915970331,-0.7931033915970331,-0.8191021816469038,0.09044890917654813,-0.0049200390987852284,-0.0049652635533735025
2008-07-01,-0.8620689277313556,-0.8620689277313556,-0.8434208528527407,0.02431867120583686,0.009088828291878659,0.00907666895627574
2008-07-02,-0.9080459518209039,-0.9080459518209039,-0.7931033915970331,0.050317461255707574,0.012609590362967693,0.012584431632339839
2008-07-03,-0.8724631078444907,-0.8724631078444907,-0.8620689277313556,0.06896553613432244,-0.005545063784323972,-0.005579546552391133
2008-07-07,-0.9149754052296606,-0.9149754052296606,-0.9080459518209039,0.04597702408954829,0.00782769586311934,0.007804707351074566
2008-07-08,-0.8841177264964529,-0.8841177264964529,-0.8724631078444907,0.0355828439764132,-0.004578365041913587,-0.004596156463901793
2008-07-09,-0.9227451509976354,-0.9227451509976354,-0.9149754052296606,0.04251229738516993,0.011872257566333748,0.011851001417641163
2008-07-10,-0.86138334636534,-0.86138334636534,-0.8841177264964529,0.03085767873320766,-0.007614605583031045,-0.007630034422397649
2008-07-11,-0.9075888975768933,-0.9075888975768933,-0.9227451509976354,0.038627424501182506,0.014514986963194988,0.014495673250944396
2008-07-14,-0.9383925983845955,-0.9383925983845955,-0.86138334636534,0.06136180463229546,0.001835712049101901,0.0018050311467857532
2008-07-15,-0.9589283989230637,-0.9589283989230637,-0.9075888975768933,0.04620555121155334,0.014535625441043728,0.014512522665437951
2008-07-16,-0.8418011441231179,-0.8418011441231179,-0.9383925983845955,0.030803700807702228,-0.017310301478013296,-0.017325703328417145
2008-07-17,-0.696317597455737,-0.696317597455737,-0.9589283989230637,0.020535800538468152,-0.014595508523629503,-0.014605776423898736
2008-07-18,-0.5765573083785739,-0.5765573083785739,-0.8418011441231179,0.11712725479994579,-0.00542687129023749,-0.005485434917637463
2008-07-21,-0.476580054193596,-0.476580054193596,-0.696317597455737,0.14548354666738095,-0.004045417894639626,-0.004118159667973317
2008-07-22,-0.40055864347956593,-0.40055864347956593,-0.5765573083785739,0.11976028907716307,-0.0019639899335916235,-0.002023870078130205
2008-07-23,-0.33250731761882735,-0.33250731761882735,-0.476580054193596,0.09997725418497788,-0.0017586374864341913,-0.0018086261135266803
2008-07-24,-0.353919349227758,-0.353919349227758,-0.40055864347956593,0.07602141071403007,0.0073043588756709545,0.00726634817031394
2008-07-25,-0.3487040311938808,-0.3487040311938808,-0.33250731761882735,0.06805132586073859,-0.000697264526477417,-0.0007312901894077862
2008-07-28,-0.4304836007056013,-0.4304836007056013,-0.353919349227758,0.021412031608930626,0.00592496739497616,0.0059142613791716946
2008-07-29,-0.427022555060222,-0.427022555060222,-0.3487040311938808,0.005215318033877148,-0.0034456161268195647,-0.0034482237858365033
2008-07-30,-0.3788948803090106,-0.3788948803090106,-0.4304836007056013,0.0817795695117205,-0.004017811613909213,-0.004058701398665074
2008-07-31,-0.3763736654876637,-0.3763736654876637,-0.427022555060222,0.0034610456453793015,0.004203424395354697,0.004201693872532007
2008-08-01,-0.46418543198337137,-0.46418543198337137,-0.3788948803090106,0.048127674751211436,0.005650020354078665,0.005625956516703059
2008-08-04,-0.5989116871960745,-0.5989116871960745,-0.3763736654876637,0.0025212148213468732,0.003568076181556951,0.0035668155741462775
2008-08-05,-0.5553056457365845,-0.5553056457365845,-0.46418543198337137,0.08781176649570765,-0.011751407889907452,-0.011795313773155305
2008-08-06,-0.5251048469707006,-0.5251048469707006,-0.5989116871960745,0.1347262552127031,-0.00018056157938278611,-0.00024792470698913765
2008-08-07,-0.6121124390064014,-0.6121124390064014,-0.5553056457365845,0.043606041459489986,0.011116102389917488,0.011094299369187743
2008-08-08,-0.6438265075685207,-0.6438265075685207,-0.5251048469707006,0.030200798765883885,-0.0021774459524650023,-0.002192546351847944
2008-08-11,-0.6668672666287949,-0.6668672666287949,-0.6121124390064014,0.08700759203570085,0.000561818999010091,0.0005183152029922405
2008-08-12,-0.7314800539580255,-0.7314800539580255,-0.6438265075685207,0.031714068562119224,0.004632560904424717,0.004616703870143657
2008-08-13,-0.8209867026386837,-0.8209867026386837,-0.6668672666287949,0.023040759060274252,0.01048883753592358,0.010477317156393443
2008-08-14,-0.8806578017591224,-0.8806578017591224,-0.7314800539580255,0.06461278732923059,0.0028649434298889964,0.002832637036224381
2008-08-15,-0.9204385345060817,-0.9204385345060817,-0.8209867026386837,0.08950664868065816,0.005423460963171047,0.005378707638830718
2008-08-18,-0.9469590230040545,-0.9469590230040545,-0.8806578017591224,0.059671099120438775,0.00446175858150385,0.004431923031943631
2008-08-19,-0.9646393486693698,-0.9646393486693698,-0.9204385345060817,0.03978073274695926,0.010399711723899644,0.010379821357526164
2008-08-20,-0.8924845736030809,-0.8924845736030809,-0.9469590230040545,0.02652048849797284,-0.005639418482351237,-0.005652678726600224
2008-08-21,-0.7761112194377446,-0.7761112194377446,-0.9646393486693698,0.0176803256653153,-0.003858644488615077,-0.0038674846514477343
2008-08-22,-0.6567255811009247,-0.6567255811009247,-0.8924845736030809,0.07215477506628898,-0.004124570288485477,-0.004160647676018621
2008-08-25,-0.7711503874006165,-0.7711503874006165,-0.7761112194377446,0.11637335416533623,0.012187939277017279,0.012129752599934611
2008-08-26,-0.7779016536865899,-0.7779016536865899,-0.6567255811009247,0.11938563833681992,-0.003280711548490845,-0.003340404367659255
2008-08-27,-0.6856598749125408,-0.6856598749125408,-0.7711503874006165,0.11442480629969176,-0.0072960505066620605,-0.0073532629098119065
2008-08-28,-0.5695416121977716,-0.5695416121977716,-0.7779016536865899,0.006751266285973445,-0.010009603102984599,-0.010012978736127585
2008-08-29,-0.4862341250344144,-0.4862341250344144,-0.6856598749125408,0.09224177877404915,0.002043257659183332,0.0019971367697963075
2008-09-02,-0.5608947732088937,-0.5608947732088937,-0.5695416121977716,0.11611826271476922,0.008780020125480079,0.008721960994122695
2008-09-03,-0.6423619711265103,-0.6423619711265103,-0.4862341250344144,0.08330748716335717,0.0020200144918502906,0.001978360748268612
2008-09-04,-0.7615746474176736,-0.7615746474176736,-0.5608947732088937,0.07466064817447932,0.02402675078624451,0.02398942046215727
2008-09-05,-0.8410497649451159,-0.8410497649451159,-0.6423619711265103,0.08146719791761659,0.002368837462904353,0.0023281038639455446
2008-09-08,-0.7715944608956873,-0.7715944608956873,-0.7615746474176736,0.11921267629116328,-0.01704081397900426,-0.017100420317149843
2008-09-09,-0.8477296405971249,-0.8477296405971249,-0.8410497649451159,0.0794751175274423,0.02726441516880216,0.02722467761003844
2008-09-10,-0.8449140191132836,-0.8449140191132836,-0.7715944608956873,0.06945530404942857,-0.007479555948036112,-0.007514283600060827
2008-09-11,-0.8518448707479035,-0.8518448707479035,-0.8477296405971249,0.07613517970143757,0.001856085925161104,0.0018180183353103852
2008-09-12,-0.7635249488220363,-0.7635249488220363,-0.8449140191132836,0.0028156214838412907,-0.016544514125547433,-0.016545921936289353
2008-09-15,-0.8423499658813576,-0.8423499658813576,-0.8518448707479035,0.006930851634619928,0.03624550576883585,0.03624204034301854
2008-09-16,-0.8948999772542385,-0.8948999772542385,-0.7635249488220363,0.08831992192586724,0.005677392430476971,0.005633232469514037
2008-09-17,-0.9299333181694924,-0.9299333181694924,-0.8423499658813576,0.07882501705932132,0.03213857875742693,0.03209916624889727
2008-09-18,-0.7907891916454097,-0.7907891916454097,-0.8948999772542385,0.052550011372880956,-0.04068479762073873,-0.04071107262642518
2008-09-19,-0.5181123213143286,-0.5181123213143286,-0.9299333181694924,0.0350333409152539,-0.06589408099264847,-0.0659115976631061
2008-09-22,-0.4207573318536635,-0.4207573318536635,-0.7907891916454097,0.1391441265240827,0.02699494985284755,0.02692537778958551
2008-09-23,-0.39112978948094235,-0.39112978948094235,-0.5181123213143286,0.2726768703310811,0.007290162121193435,0.007153823686027894
2008-09-24,-0.355381180218166,-0.355381180218166,-0.4207573318536635,0.09735498946066512,-0.0012155094986564072,-0.0012641869933867399
2008-09-25,-0.2728081564213373,-0.2728081564213373,-0.39112978948094235,0.02962754237272114,-0.009011198444276922,-0.009026012215463283
2008-09-26,-0.24455101912448085,-0.24455101912448085,-0.355381180218166,0.03574860926277634,0.003766173402598504,0.003748299097967116
2008-09-29,-0.49636734608298727,-0.49636734608298727,-0.2728081564213373,0.08257302379682868,0.030454138126079812,0.030412851614181398
2008-09-30,-0.4809469506789809,-0.4809469506789809,-0.24455101912448085,0.02825713729685647,-0.014835207102664805,-0.014849335671313234
2008-10-01,-0.48909246457793143,-0.48909246457793143,-0.49636734608298727,0.2518163269585064,0.003702845091156709,0.003576936927677456
2008-10-02,-0.6333827599257664,-0.6333827599257664,-0.4809469506789809,0.01542039540400636,0.02100062260746227,0.02099291240976027
2008-10-03,-0.7434376742632312,-0.7434376742632312,-0.48909246457793143,0.008145513898950518,0.0019219198352908062,0.001917847078341331
2008-10-06,-0.8289584495088208,-0.8289584495088208,-0.6333827599257664,0.144290295347835,0.035815795062552405,0.03574364991487849
2008-10-07,-0.8859722996725472,-0.8859722996725472,-0.7434376742632312,0.11005491433746473,0.034788784195730595,0.03473375673856186
2008-10-08,-0.9239815331150316,-0.9239815331150316,-0.8289584495088208,0.08552077524558965,0.018529003019925074,0.01848624263230228
2008-10-09,-0.9493210220766879,-0.9493210220766879,-0.8859722996725472,0.0570138501637264,0.05300700226928166,0.052978495344199794
2008-10-10,-0.966214014717792,-0.966214014717792,-0.9239815331150316,0.038009233442484414,0.0344391034058783,0.03442009878915706
2008-10-13,-0.7426107514170706,-0.7426107514170706,-0.9493210220766879,0.025339488961656276,-0.15082461835502123,-0.15083728809950206
2008-10-14,-0.6149969487504109,-0.6149969487504109,-0.966214014717792,0.01689299264110411,0.019879111671906053,0.0198706651755855
2008-10-15,-0.7132451508758352,-0.7132451508758352,-0.7426107514170706,0.22360326330072144,0.07923461270244811,0.07912281107079774
2008-10-16,-0.6743151913576375,-0.6743151913576375,-0.6149969487504109,0.12761380266665967,-0.03622680501696979,-0.036290611918303115
2008-10-17,-0.6842132430554452,-0.6842132430554452,-0.7132451508758352,0.09824820212542429,0.015211961915046968,0.015162837813984257
2008-10-20,-0.5962558612461215,-0.5962558612461215,-0.6743151913576375,0.038929959518197665,-0.04302535450154304,-0.043044819481302135
2008-10-21,-0.6257315816847793,-0.6257315816847793,-0.6842132430554452,0.009898051697807664,0.03858204696631604,0.03857709794046714
2008-10-22,-0.7504877211231862,-0.7504877211231862,-0.5962558612461215,0.08795738180932366,0.0435047575163861,0.04346077882548144
2008-10-23,-0.7883976340812067,-0.7883976340812067,-0.6257315816847793,0.02947572043865776,-0.013747369583715223,-0.013762107443934551
2008-10-24,-0.8589317560541379,-0.8589317560541379,-0.7504877211231862,0.12475613943840691,0.048578594996309364,0.04851621692659016
2008-10-27,-0.9059545040360919,-0.9059545040360919,-0.7883976340812067,0.037909912958020486,0.0414212233768327,0.04140226842035369
2008-10-28,-0.7463862276311695,-0.7463862276311695,-0.8589317560541379,0.07053412197293119,-0.11838648003812602,-0.11842174709911249
2008-10-29,-0.6283968217938104,-0.6283968217938104,-0.9059545040360919,0.04702274798195405,-0.002122146519241446,-0.002145657893232423
2008-10-30,-0.5085430648586143,-0.5085430648586143,-0.7463862276311695,0.15956827640492244,-0.026170996426801735,-0.026250780565004198
2008-10-31,-0.4223595177677191,-0.4223595177677191,-0.6283968217938104,0.11798940583735906,-0.004115410580742636,-0.004174405283661316
2008-11-03,-0.35712972713863794,-0.35712972713863794,-0.5085430648586143,0.11985375693519607,-0.0020538155006935457,-0.002113742379161144
2008-11-04,-0.2598745830837018,-0.2598745830837018,-0.4223595177677191,0.08618354709089526,-0.02897543147365412,-0.029018523247199567
2008-11-05,-0.22970631582390116,-0.22970631582390116,-0.35712972713863794,0.06522979062908113,0.019417353709956817,0.019384738814642276
2008-11-06,-0.2770406369639085,-0.2770406369639085,-0.2598745830837018,0.09725514405493613,0.01678096006386144,0.016732332491833972
2008-11-07,-0.2504437167550667,-0.2504437167550667,-0.22970631582390116,0.030168267259800652,-0.012978676285142354,-0.012993760418772255
2008-11-10,-0.24083350613016596,-0.24083350613016596,-0.2770406369639085,0.04733432114000735,0.004153483347033966,0.004129816186463963
2008-11-11,-0.2330801192347314,-0.2330801192347314,-0.2504437167550667,0.0265969202088418,0.008249464514390271,0.00823616605428585
2008-11-12,-0.3039911273192217,-0.3039911273192217,-0.24083350613016596,0.00961021062490075,0.0129553818705829,0.01295057676527045
2008-11-13,-0.27167158588793494,-0.27167158588793494,-0.2330801192347314,0.007753386895434561,-0.019847703603370067,-0.019851580296817783
2008-11-14,-0.3163388290254918,-0.3163388290254918,-0.3039911273192217,0.07091100808449027,0.01745634147257844,0.017420885968536193
2008-11-17,-0.37216667391447633,-0.37216667391447633,-0.27167158588793494,0.032319541431286736,0.004945523995961153,0.00492936422524551
2008-11-18,-0.3906086150540347,-0.3906086150540347,-0.3163388290254918,0.04466724313755688,-0.0005474916103586558,-0.0005698252319274342
2008-11-19,-0.5653511122273129,-0.5653511122273129,-0.37216667391447633,0.05582784488898451,0.024890708352617405,0.024862794430172912
2008-11-20,-0.7102340748182087,-0.7102340748182087,-0.3906086150540347,0.018441941139558382,0.021488145765389675,0.021478924794819897
2008-11-21,-0.6412905570084564,-0.6412905570084564,-0.5653511122273129,0.17474249717327822,-0.04019004418004815,-0.04027741542863479
2008-11-24,-0.5283532947010315,-0.5283532947010315,-0.7102340748182087,0.14488296259089573,-0.04249901178453355,-0.042571453265829
2008-11-25,-0.43479702706959955,-0.43479702706959955,-0.6412905570084564,0.06894351780975227,-0.011700147002447248,-0.011734618761352124
2008-11-26,-0.35612395988735307,-0.35612395988735307,-0.5283532947010315,0.11293726230742485,-0.005756695582909434,-0.0058131642140631466
2008-11-28,-0.28922749592790126,-0.28922749592790126,-0.43479702706959955,0.09355626763143199,0.00020823495136349808,0.00016145681754778208
2008-12-01,-0.34365057512221464,-0.34365057512221464,-0.35612395988735307,0.07867306718224648,0.02910096379247451,0.029061627258883387
2008-12-02,-0.3203000750267135,-0.3203000750267135,-0.28922749592790126,0.06689646395945181,-0.015699167360028757,-0.015732615592008482
2008-12-03,-0.2930140652475503,-0.2930140652475503,-0.34365057512221464,0.054423079194313384,-0.004593390195292086,-0.0046206017348892426
2008-12-04,-0.2944498614114106,-0.2944498614114106,-0.3203000750267135,0.02335050009550116,0.009857702027207552,0.0098460267771598
2008-12-05,-0.26807881864378047,-0.26807881864378047,-0.2930140652475503,0.02728600977916318,-0.0036921269964679698,-0.0037057700013575514
2008-12-08,-0.21223061175688282,-0.21223061175688282,-0.2944498614114106,0.0014357961638603034,-0.013997020339748012,-0.013997738237829942
2008-12-09,-0.17195651336335616,-0.17195651336335616,-0.26807881864378047,0.026371042767630137,0.002484005583964945,0.00247082006258113
2008-12-10,-0.13586411525672737,-0.13586411525672737,-0.21223061175688282,0.05584820688689765,-0.005598416198385973,-0.005626340301829421
2008-12-11,-0.11351546958619552,-0.11351546958619552,-0.17195651336335616,0.040274098393526664,0.000763322040722905,0.0007431849915261416
2008-12-12,-0.09591538205760608,-0.09591538205760608,-0.13586411525672737,0.03609239810662879,-0.001339133036424074,-0.0013571792354773885
2008-12-15,-0.06545055899099034,-0.06545055899099034,-0.11351546958619552,0.022348645670531853,-0.00029023976995347784,-0.00030141409278874377
2008-12-16,-0.04393017427699241,-0.04393017427699241,-0.09591538205760608,0.017600087528589436,-0.005513915755118699,-0.005522715798882994
2008-12-17,-0.029748485969322593,-0.029748485969322593,-0.06545055899099034,0.030464823066615743,0.00032999373174563777,0.0003147613202123299
2008-12-18,-0.0210566743394023,-0.0210566743394023,-0.04393017427699241,0.021520384713997927,0.001345307972542849,0.0013345477801858501
2008-12-19,-0.01624327686684516,-0.01624327686684516,-0.029748485969322593,0.014181688307669818,0.0004326985947687901,0.0004256077506149552
2008-12-22,-0.01129105461708011,-0.01129105461708011,-0.0210566743394023,0.008691811629920294,0.00014569124317369595,0.0001413453373587358
2008-12-23,-0.008339117901159336,-0.008339117901159336,-0.01624327686684516,0.00481339747255714,0.00012185983829697189,0.00011945313956069332
2008-12-24,-0.005901972056750059,-0.005901972056750059,-0.01129105461708011,0.00495222224976505,-0.00014983301774464886,-0.0001523091288695314
2008-12-26,-0.00398123472399249,-0.00398123472399249,-0.008339117901159336,0.002951936715920773,-3.900285378602231e-05,-4.04788221439827e-05
2008-12-29,-0.002677027146606743,-0.002677027146606743,-0.005901972056750059,0.0024371458444092777,-1.3755068456779156e-06,-2.5940797678825544e-06
2008-12-30,0.0004227968330176039,0.0004227968330176039,-0.00398123472399249,0.0019207373327575685,-0.00011952021614579229,-0.00012048058481217107
2008-12-31,0.0005007282991494164,0.0005007282991494164,-0.002677027146606743,0.0013042075773857472,-3.629049564494056e-05,-3.694259943363343e-05
2009-01-02,0.0011316101762684579,0.0011316101762684579,0.0004227968330176039,0.0030998239796243467,5.466374245438401e-06,3.916462255626227e-06
2009-01-05,0.0007741687101621334,0.0007741687101621334,0.0005007282991494164,7.793146613181245e-05,-8.04424707435785e-06,-8.083212807423756e-06
2009-01-06,0.0005297902573925823,0.0005297902573925823,0.0011316101762684579,0.0006308818771190415,1.2148694197776802e-05,1.1833253259217282e-05
2009-01-07,0.0003722711032690815,0.0003722711032690815,0.0007741687101621334,0.00035744146610632444,-1.336252001476405e-05,-1.3541240747817211e-05
2009-01-08,0.0009258731392397029,0.0009258731392397029,0.0005297902573925823,0.0002443784527695511,7.873443108147269e-06,7.751253881762494e-06
2009-01-09,0.0021559821214703506,0.0021559821214703506,0.0003722711032690815,0.0001575191541235008,-1.2885237134881968e-05,-1.2963996711943719e-05
2009-01-12,0.003073382757855848,0.003073382757855848,0.0009258731392397029,0.0005536020359706214,-2.2343691048854163e-05,-2.2620492066839474e-05
2009-01-13,0.0030526050147957886,0.0030526050147957886,0.0021559821214703506,0.0012301089822306477,-3.9605605063096825e-05,-4.022065955421215e-05
2009-01-14,0.0011328832815164275,0.0011328832815164275,0.003073382757855848,0.0009174006363854973,-0.00012609228729963822,-0.00012655098761783098
2009-01-15,0.0002898647986042272,0.0002898647986042272,0.0030526050147957886,2.0777743060059264e-05,2.7494878169758677e-05,2.7484489298228646e-05
2009-01-16,2.3608329938909576e-06,2.3608329938909576e-06,0.0011328832815164275,0.0019197217332793612,6.741666919986308e-06,5.781806053346627e-06
2009-01-20,-0.04455277442723402,-0.04455277442723402,0.0002898647986042272,0.0008430184829122003,-2.1220195875382822e-05,-2.1641705116838922e-05
2009-01-21,-0.048989064644696406,-0.048989064644696406,2.3608329938909576e-06,0.00028750396561033625,1.155306826525189e-07,-2.8221300152649222e-08
2009-01-22,-0.07272169186417532,-0.07272169186417532,-0.04455277442723402,0.04455513526022791,0.0010392609961198,0.001016983428489686
2009-01-23,-0.09332203714829626,-0.09332203714829626,-0.048989064644696406,0.004436290217462384,0.0003433698825712358,0.0003411517374625046
2009-01-26,-0.09838112324430034,-0.09838112324430034,-0.07272169186417532,0.023732627219478913,-0.0014259148055053043,-0.0014377811191150437
2009-01-27,-0.08586431486765901,-0.08586431486765901,-0.09332203714829626,0.02060034528412094,-0.0018185575920242898,-0.0018288577646663503
2009-01-28,-0.05497096328311611,-0.05497096328311611,-0.09838112324430034,0.005059086096004084,-0.002895025606277198,-0.0028975551493252002
2009-01-29,-0.07600836399096358,-0.07600836399096358,-0.08586431486765901,0.012516808376641334,0.003901970830830217,0.0038957124266418963
2009-01-30,-0.10038470355196123,-0.10038470355196123,-0.05497096328311611,0.0308933515845429,0.0005205717344982848,0.0005051250587060134
2009-02-02,-0.11564286889553774,-0.11564286889553774,-0.07600836399096358,0.021037400707847473,0.0007463532828902993,0.0007358345825363756
2009-02-03,-0.08566718822887386,-0.08566718822887386,-0.10038470355196123,0.024376339560997648,-0.0028816020424344835,-0.0028937902122149824
2009-02-04,-0.06434755637100077,-0.06434755637100077,-0.11564286889553774,0.015258165343576505,0.0005867002231854548,0.0005790711405136666
2009-02-05,-0.04485474948428918,-0.04485474948428918,-0.08566718822887386,0.02997568066666388,-0.0012231997819380398,-0.0012381876222713718
2009-02-06,-0.024472005219347767,-0.024472005219347767,-0.06434755637100077,0.021319631857873084,-0.001488159096010843,-0.0014988189119397794
2009-02-09,-0.01117793223701637,-0.01117793223701637,-0.04485474948428918,0.019492806886711594,1.1012955032177394e-05,1.2665515888215974e-06
2009-02-10,-0.031454318271210854,-0.031454318271210854,-0.024472005219347767,0.02038274426494141,0.0012148808727171269,0.001204689500584656
2009-02-11,-0.036084070773553356,-0.036084070773553356,-0.01117793223701637,0.013294072982331397,-0.00012140313711614915,-0.00012805017360731485
2009-02-12,-0.0344671779811446,-0.0344671779811446,-0.031454318271210854,0.020276386034194484,9.655821812358927e-05,8.642002510649203e-05
2009-02-13,-0.03918385114703982,-0.03918385114703982,-0.036084070773553356,0.004629752502342502,0.0003888879138951514,0.00038657303764398014
2009-02-17,-0.15836301924602597,-0.15836301924602597,-0.0344671779811446,0.0016168927924087584,0.0018328877442957336,0.0018320792978995292
2009-02-18,-0.23241316593679978,-0.23241316593679978,-0.03918385114703982,0.004716673165895219,3.2210600559518224e-05,2.9852263976570615e-05
2009-02-19,-0.4882754439578665,-0.4882754439578665,-0.15836301924602597,0.11917916809898615,0.00021709910032933057,0.00015750951627983747
2009-02-20,-0.658850295971911,-0.658850295971911,-0.23241316593679978,0.07405014669077381,0.003382171995119815,0.003345146921774428
2009-02-23,-0.772566863981274,-0.772566863981274,-0.4882754439578665,0.2558622780210667,0.01863848330008845,0.018510552161077918
2009-02-24,-0.6590751142251334,-0.6590751142251334,-0.658850295971911,0.17057485201404454,-0.02748384712168085,-0.027569134547687873
2009-02-25,-0.684247470062199,-0.684247470062199,-0.772566863981274,0.11371656800936303,0.02126920365800289,0.021212345373998208
2009-02-26,-0.7525364596309163,-0.7525364596309163,-0.6590751142251334,0.11349174975614063,0.005465579032544706,0.005408833157666635
2009-02-27,-0.8017876869315499,-0.8017876869315499,-0.684247470062199,0.025172355837065563,-0.0,-1.258617791853278e-05
2009-03-02,-0.8678584579543667,-0.8678584579543667,-0.7525364596309163,0.06828898956871732,0.04318189627195639,0.04314775177717203
2009-03-03,-0.9119056386362445,-0.9119056386362445,-0.8017876869315499,0.04925122730063358,0.0031886057905076287,0.003163980176857312
2009-03-04,-0.7853724545992327,-0.7853724545992327,-0.8678584579543667,0.06607077102281678,-0.03864856655359767,-0.03868160193910908
2009-03-05,-0.8456384776118094,-0.8456384776118094,-0.9119056386362445,0.04404718068187785,0.036733593970287255,0.036711570379946316
2009-03-06,-0.8943313885658776,-0.8943313885658776,-0.7853724545992327,0.12653318403701186,0.001443754560834631,0.0013804879688161249
2009-03-09,-0.9295542590439185,-0.9295542590439185,-0.8456384776118094,0.060266023012576775,0.022841241261697093,0.022811108250190806
2009-03-10,-0.7722041348624954,-0.7722041348624954,-0.8943313885658776,0.048692910954068136,-0.06009233869750476,-0.06011668515298179
2009-03-11,-0.6547770011566351,-0.6547770011566351,-0.9295542590439185,0.03522287047804096,-0.005220931212412458,-0.005238542647651479
2009-03-12,-0.5407471674424148,-0.5407471674424148,-0.7722041348624954,0.15735012418142313,-0.017477611878583786,-0.017556286940674497
2009-03-13,-0.4550496019430279,-0.4550496019430279,-0.6547770011566351,0.11742713370586033,-0.004328919365596537,-0.004387632932449467
2009-03-16,-0.3702823366177185,-0.3702823366177185,-0.5407471674424148,0.11402983371422026,-0.00586765869173102,-0.0059246736085881305
2009-03-17,-0.28574636542779686,-0.28574636542779686,-0.4550496019430279,0.0856975654993869,-0.01195461143765346,-0.011997460220403154
2009-03-18,-0.20271332437670864,-0.20271332437670864,-0.3702823366177185,0.08476726532530943,-0.01059987079636343,-0.010642254429026084
2009-03-19,-0.14349008281578846,-0.14349008281578846,-0.28574636542779686,0.08453597118992162,0.0001528929999462247,0.0001106250143512639
2009-03-20,-0.113493756561888,-0.113493756561888,-0.20271332437670864,0.08303304105108822,0.00282222692872894,0.0027807104082033956
2009-03-23,-0.05125407290613858,-0.05125407290613858,-0.14349008281578846,0.05922324156092018,-0.010324417498521164,-0.010354029119301625
2009-03-24,-0.029744127229285912,-0.029744127229285912,-0.113493756561888,0.02999632625390046,0.0035646505441931605,0.00354965238106621
2009-03-25,-0.006358523015914599,-0.006358523015914599,-0.05125407290613858,0.06223968365574942,-0.000790789626356816,-0.0008219094681846907
2009-03-26,0.017241791456210118,0.017241791456210118,-0.029744127229285912,0.021509945676852667,-0.00039832676952350363,-0.00040908174236192995
2009-03-27,0.01413595728963532,0.01413595728963532,-0.006358523015914599,0.02338560421337131,0.00020360147346583347,0.00019190867135914782
2009-03-30,-0.021853307618420435,-0.021853307618420435,0.017241791456210118,0.02360031447212472,-0.00065635865200102,-0.0006681588092370824
2009-03-31,-0.020526549006665406,-0.020526549006665406,0.01413595728963532,0.0031058341665747974,0.0003665196523123534,0.000364966735229066
2009-04-01,0.0025437557499075718,0.0025437557499075718,-0.021853307618420435,0.035989264908055756,-0.0005697285432133311,-0.000587723175667359
2009-04-02,0.06710668437201622,0.06710668437201622,-0.020526549006665406,0.0013267586117550294,-0.0009260177809508294,-0.0009266811602567069
2009-04-03,0.11541882754847292,0.11541882754847292,0.0025437557499075718,0.023070304756572978,1.4514119680778336e-05,2.9789673024918466e-06
2009-04-06,0.1344236973498546,0.1344236973498546,0.06710668437201622,0.06456292862210865,-0.0013905004810871304,-0.0014227819453981848
2009-04-07,0.13912526715515225,0.13912526715515225,0.11541882754847292,0.0483121431764567,-0.002413021859655954,-0.0024371779312441825
2009-04-08,0.17699905478471503,0.17699905478471503,0.1344236973498546,0.019004869801381677,0.0013487621010137975,0.0013392596661131067
2009-04-09,0.34689452835519885,0.34689452835519885,0.13912526715515225,0.004701569805297651,0.003720890445019306,0.003718539660116657
2009-04-13,0.5178308825778164,0.5178308825778164,0.17699905478471503,0.03787378762956278,0.0017563414726681772,0.0017374045788533959
2009-04-14,0.5388592035755659,0.5388592035755659,0.34689452835519885,0.16989547357048382,-0.0033233061649487255,-0.0034082539017339674
2009-04-15,0.6679405941094085,0.6679405941094085,0.5178308825778164,0.17093635422261755,0.0068068313786860245,0.006721363201574715
2009-04-16,0.7786270627396057,0.7786270627396057,0.5388592035755659,0.02102832099774954,0.003429551534783139,0.0034190373742842644
2009-04-17,0.7933311019904076,0.7933311019904076,0.6679405941094085,0.1290813905338426,-0.0022742513798197804,-0.0023387920750867017
2009-04-20,0.6028559529061646,0.6028559529061646,0.7786270627396057,0.11068646863019715,-0.03192837434367145,-0.03198371757798655
2009-04-21,0.5565701750361173,0.5565701750361173,0.7933311019904076,0.014704039250801881,0.018172428062631987,0.018165076043006587
2009-04-22,0.4807665045364412,0.4807665045364412,0.6028559529061646,0.190475149084243,-0.004799909669659271,-0.0048951472442013925
2009-04-23,0.5917210432499836,0.5917210432499836,0.5565701750361173,0.046285777870047284,0.01395951197808322,0.013936369089148196
2009-04-24,0.7278140288333225,0.7278140288333225,0.4807665045364412,0.07580367049967607,0.0074109051079086895,0.007373003272658852
2009-04-27,0.7081368728493841,0.7081368728493841,0.5917210432499836,0.11095453871354244,-0.0069865170020216106,-0.007041994271378382
2009-04-28,0.6356215067201292,0.6356215067201292,0.7278140288333225,0.13609298558333882,-0.00692139980436548,-0.0069894462971571494
2009-04-29,0.7570810044800862,0.7570810044800862,0.7081368728493841,0.019677155983938377,0.018130236001955402,0.018120397423963434
2009-04-30,0.8380540029867243,0.8380540029867243,0.6356215067201292,0.07251536612925491,0.0039670827273930835,0.0039308250443284565
2009-05-01,0.8920360019911495,0.8920360019911495,0.7570810044800862,0.12145949775995701,0.008849497160509,0.008788767411629022
2009-05-04,0.928024001327433,0.928024001327433,0.8380540029867243,0.08097299850663808,0.034779026070839485,0.034738539571586166
2009-05-05,0.858807396647421,0.858807396647421,0.8920360019911495,0.05398199900442524,-0.008886063879511425,-0.008913054879013638
2009-05-06,0.9058715977649474,0.9058715977649474,0.928024001327433,0.035987999336283494,0.022494860373473476,0.022476866373805336
2009-05-07,0.8131306026101739,0.8131306026101739,0.858807396647421,0.069216604680012,-0.01438068597095432,-0.014415294273294325
2009-05-08,0.8754204017401159,0.8754204017401159,0.9058715977649474,0.047064201117526405,0.03928735931497529,0.03926382721441653
2009-05-11,0.7877996157984053,0.7877996157984053,0.8131306026101739,0.09274099515477352,-0.020703962184110667,-0.020750332681688053
2009-05-12,0.7705830468754958,0.7705830468754958,0.8754204017401159,0.062289799129942036,0.009383294899240311,0.00935214999967534
2009-05-13,0.6646354798323412,0.6646354798323412,0.7877996157984053,0.08762078594171063,-0.02680527120410795,-0.026849081597078807
2009-05-14,0.6190239698247735,0.6190239698247735,0.7705830468754958,0.01721656892290946,0.00757908629888199,0.007570478014420535
2009-05-15,0.5665337295640205,0.5665337295640205,0.6646354798323412,0.10594756704315467,-0.006021778084119141,-0.006074751867640718
2009-05-18,0.6520801742720346,0.6520801742720346,0.6190239698247735,0.04561151000756769,0.023629087261617172,0.02360628150661339
2009-05-19,0.7537907422062816,0.7537907422062816,0.5665337295640205,0.052490240260752996,0.0051141100598390025,0.005087864939708626
2009-05-20,0.8358604948041879,0.8358604948041879,0.6520801742720346,0.08554644470801409,0.0042683595739848685,0.0042255863516308615
2009-05-21,0.84958587890965,0.84958587890965,0.7537907422062816,0.10171056793424704,-0.005719175236886797,-0.0057700305208539205
2009-05-22,0.885461303688546,0.885461303688546,0.8358604948041879,0.08206975259790628,0.004747275541742707,0.0047062406654437535
2009-05-26,0.9236408691256974,0.9236408691256974,0.84958587890965,0.01372538410546209,0.01697685011553881,0.01696998742348608
2009-05-27,0.8423774000274504,0.8423774000274504,0.885461303688546,0.03587542477889605,-0.017158792266964103,-0.01717672997935355
2009-05-28,0.8146545725073304,0.8146545725073304,0.9236408691256974,0.0381795654371514,0.009427402785588379,0.009408313002869803
2009-05-29,0.8764363816715537,0.8764363816715537,0.8423774000274504,0.081263469098247,0.016840361415698592,0.01679972968114947
2009-06-01,0.9176242544477025,0.9176242544477025,0.8146545725073304,0.027722827520120008,0.02008702841635442,0.020073167002594358
2009-06-02,0.9450828362984685,0.9450828362984685,0.8764363816715537,0.06178180916422327,0.00757120022903716,0.007540309324455048
2009-06-03,0.7935516903779956,0.7935516903779956,0.9176242544477025,0.04118787277614877,-0.02731931415139165,-0.027339908087779724
2009-06-04,0.7247278911735051,0.7247278911735051,0.9450828362984685,0.027458581850765995,0.005959008649036703,0.00594527935811132
2009-06-05,0.6292771189408248,0.6292771189408248,0.7935516903779956,0.1515311459204729,-0.009778376599999018,-0.009854142172959254
2009-06-08,0.5580426955359087,0.5580426955359087,0.7247278911735051,0.06882379920449044,-0.0015327578115393286,-0.0015671697111415738
2009-06-09,0.543714061458343,0.543714061458343,0.6292771189408248,0.09545077223268028,0.007734391864723869,0.007686666478607529
2009-06-10,0.5158737575360303,0.5158737575360303,0.5580426955359087,0.07123442340491615,0.0010514080504623574,0.0010157908387598993
2009-06-11,0.6068303179360384,0.6068303179360384,0.543714061458343,0.014328634077565683,0.009315486123559485,0.009308321806520702
2009-06-12,0.6231217128318475,0.6231217128318475,0.5158737575360303,0.027840303922312737,-0.002649264236959343,-0.0026631843889204994
2009-06-15,0.5024305834720613,0.5024305834720613,0.6068303179360384,0.0909565604000081,-0.021802354372722776,-0.02184783265292278
2009-06-16,0.39630596036791027,0.39630596036791027,0.6231217128318475,0.016291394895809108,-0.007206737611987828,-0.007214883309435732
2009-06-17,0.3224964186077578,0.3224964186077578,0.5024305834720613,0.12069112935978621,0.0014151644136851608,0.0013548188490052676
2009-06-18,0.27080899956421645,0.27080899956421645,0.39630596036791027,0.106124623104151,-0.0006849554087570448,-0.0007380177203091203
2009-06-19,0.27554337965282283,0.27554337965282283,0.3224964186077578,0.07380954176015248,0.0050956627886488285,0.005058758017768753
2009-06-22,0.24192971632908256,0.24192971632908256,0.27080899956421645,0.05168741904354135,-0.008713412537733146,-0.008739256247254917
2009-06-23,0.24297836908346918,0.24297836908346918,0.27554337965282283,0.0047343800886063825,0.00362444880685536,0.0036220816168110567
2009-06-24,0.23951193052924863,0.23951193052924863,0.24192971632908256,0.03361366332374027,0.00021468704269774692,0.00019788021103587679
2009-06-25,0.27693333723467,0.27693333723467,0.24297836908346918,0.0010486527543866198,0.005118147156934525,0.005117622830557332
2009-06-26,0.2938778686079232,0.2938778686079232,0.23951193052924863,0.0034664385542205467,-0.00046805263246766667,-0.00046978585174477694
2009-06-29,0.3019283068056032,0.3019283068056032,0.27693333723467,0.03742140670542138,0.002349951735834549,0.0023312410324818384
2009-06-30,0.27511876849449807,0.27511876849449807,0.2938778686079232,0.01694453137325319,-0.003423802141273585,-0.0034322744069602115
2009-07-01,0.31456955791183683,0.31456955791183683,0.3019283068056032,0.008050438197679977,0.005009105838568039,0.0050050806194691985
2009-07-02,0.2797455366103447,0.2797455366103447,0.27511876849449807,0.026809538311105108,-0.007916354829821712,-0.007929759598977265
2009-07-06,0.2540598701448723,0.2540598701448723,0.31456955791183683,0.03945078941733876,0.00041736683909495174,0.00039764144438628234
2009-07-07,0.1943099975437708,0.1943099975437708,0.2797455366103447,0.03482402130149215,-0.006794477364803843,-0.006811889375454589
2009-07-08,0.14824954473065194,0.14824954473065194,0.2540598701448723,0.02568566646547238,-0.0010348679754836755,-0.0010477108087164116
2009-07-09,0.13269600091762623,0.13269600091762623,0.1943099975437708,0.05974987260110151,0.0023842156233449263,0.0023543406870443757
2009-07-10,0.10420628949873294,0.10420628949873294,0.14824954473065194,0.04606045281311885,-0.0017304028813090334,-0.0017534331077155927
2009-07-13,0.1089406084503342,0.1089406084503342,0.13269600091762623,0.015553543813025705,0.0023205653245619907,0.002312788552655478
2009-07-14,0.11831311671237671,0.11831311671237671,0.10420628949873294,0.028489711418893296,0.000558287612682401,0.0005440427569729544
2009-07-15,0.22791643156769026,0.22791643156769026,0.1089406084503342,0.004734318951601257,0.003724879542363053,0.003722512382887252
2009-07-16,0.33703554343641656,0.33703554343641656,0.11831311671237671,0.009372508262042514,0.001041371214377478,0.0010366849602464567
2009-07-17,0.3566432960827993,0.3566432960827993,0.22791643156769026,0.10960331485531355,-0.0008244950225123901,-0.0008792966799400469
2009-07-20,0.506526663864993,0.506526663864993,0.33703554343641656,0.1091191118687263,0.006550533317799131,0.006495973761864768
2009-07-21,0.6710177759099953,0.6710177759099953,0.3566432960827993,0.01960775264638276,0.0022417416966461078,0.0022319378203229166
2009-07-22,0.7806785172733303,0.7806785172733303,0.506526663864993,0.1498833677821937,0.0012653154524631574,0.0011903737685720606
2009-07-23,0.8537856781822202,0.8537856781822202,0.6710177759099953,0.16449111204500233,0.01128837987565896,0.01120613431963646
2009-07-24,0.9025237854548136,0.9025237854548136,0.7806785172733303,0.10966074136333492,0.004783303608758104,0.004728473238076437
2009-07-27,0.9350158569698759,0.9350158569698759,0.8537856781822202,0.07310716090888991,0.0008669102761865308,0.0008303566957320859
2009-07-28,0.8601740343224565,0.8601740343224565,0.9025237854548136,0.04873810727259342,-0.003843625084767373,-0.0038679941384036696
2009-07-29,0.6536378767887472,0.6536378767887472,0.9350158569698759,0.03249207151506228,-0.007617154463742857,-0.0076334004995003875
2009-07-30,0.7690919178591649,0.7690919178591649,0.8601740343224565,0.07484182264741934,0.0167793850639547,0.01674196415263099
2009-07-31,0.8460612785727766,0.8460612785727766,0.6536378767887472,0.20653615753370935,0.010005446073913406,0.009902177995146552
2009-08-03,0.8973741857151845,0.8973741857151845,0.7690919178591649,0.11545404107041768,0.017850242331606966,0.017792515311071757
2009-08-04,0.9016992012152778,0.9016992012152778,0.8460612785727766,0.07696936071361171,-0.001312341759275691,-0.001350826439632497
2009-08-05,0.8477335641518098,0.8477335641518098,0.8973741857151845,0.05131290714240788,-0.0036592353536227524,-0.0036848918071939562
2009-08-06,0.7436779395572255,0.7436779395572255,0.9016992012152778,0.004325015500093343,-0.00562581601749459,-0.0056279785252446365
2009-08-07,0.674602210646803,0.674602210646803,0.8477335641518098,0.05396563706346802,-0.000831362069912988,-0.000858344888444722
2009-08-10,0.5906522939888491,0.5906522939888491,0.7436779395572255,0.10405562459458428,-0.004527572034162685,-0.004579599846459978
2009-08-11,0.4884039470596226,0.4884039470596226,0.674602210646803,0.06907572891042246,-0.003865400675825856,-0.003899938540281067
2009-08-12,0.4918993756370976,0.4918993756370976,0.5906522939888491,0.08394991665795393,0.006690644740727432,0.0066486697823984545
2009-08-13,0.6612662504247317,0.6612662504247317,0.4884039470596226,0.10224834692922652,0.007485806801211307,0.007434682627746694
2009-08-14,0.644795850533334,0.644795850533334,0.4918993756370976,0.003495428577475035,-0.004188904413198716,-0.004190652127487453
2009-08-17,0.482739431615794,0.482739431615794,0.6612662504247317,0.16936687478763413,-0.021297658926288755,-0.021382342363682572
2009-08-18,0.4505034725276347,0.4505034725276347,0.644795850533334,0.016470399891397758,0.011184420713734445,0.011176185513788746
2009-08-19,0.4834830429241982,0.4834830429241982,0.482739431615794,0.16205641891753997,0.004115201881506032,0.004034173672047262
2009-08-20,0.5633459285377205,0.5633459285377205,0.4505034725276347,0.03223595908815935,0.0031881537882970153,0.003172035808752936
2009-08-21,0.7088972856918137,0.7088972856918137,0.4834830429241982,0.03297957039656352,0.010570142567968337,0.010553652782770056
2009-08-24,0.803878187612954,0.803878187612954,0.5633459285377205,0.07986288561352228,-0.00010760772860589197,-0.0001475391714126531
2009-08-25,0.8692521250753027,0.8692521250753027,0.7088972856918137,0.14555135715409317,0.007042936114211771,0.006970160435634724
2009-08-26,0.8734026392174848,0.8734026392174848,0.803878187612954,0.09498090192114039,-0.0033456708515835006,-0.003393161302544071
2009-08-27,0.9156017594783232,0.9156017594783232,0.8692521250753027,0.06537393746234865,0.00660508284305516,0.0065723958743239864
2009-08-28,0.9437345063188822,0.9437345063188822,0.8734026392174848,0.004150514142182149,0.0004939370264529171,0.000491861769381826
2009-08-31,0.8402245501809701,0.8402245501809701,0.9156017594783232,0.042199120260838385,-0.006728601519031306,-0.006749701079161725
2009-09-01,0.658598016846279,0.658598016846279,0.9437345063188822,0.028132746840558998,-0.023468005231954987,-0.023482071605375267
2009-09-02,0.5316606475627638,0.5316606475627638,0.8402245501809701,0.10350995613791214,-0.0009812944147534453,-0.0010330493928224014
2009-09-03,0.47745416218032394,0.47745416218032394,0.658598016846279,0.18162653333469103,0.0051343737543151505,0.005043560487647805
2009-09-04,0.5229384283991185,0.5229384283991185,0.5316606475627638,0.1269373692835153,0.008122429916614816,0.008058961231973059
2009-09-08,0.681958952266079,0.681958952266079,0.47745416218032394,0.05420648538243983,0.009458129518792208,0.009431026276100988
2009-09-09,0.7879726348440528,0.7879726348440528,0.5229384283991185,0.04548426621879459,0.006446346336180841,0.006423604203071444
2009-09-10,0.8586484232293685,0.8586484232293685,0.681958952266079,0.15902052386696053,0.006039360749911881,0.005959850487978401
2009-09-11,0.8930720908696772,0.8930720908696772,0.7879726348440528,0.10601368257797372,-0.0010084813267108373,-0.001061488167999824
2009-09-14,0.9287147272464515,0.9287147272464515,0.8586484232293685,0.07067578838531574,0.0017294516607023452,0.0016941137665096872
2009-09-15,0.9524764848309677,0.9524764848309677,0.8930720908696772,0.034423667640308686,0.00016325353822215646,0.00014604170440200213
2009-09-16,0.9683176565539786,0.9683176565539786,0.9287147272464515,0.03564263637677434,0.018326344214843752,0.018308522896655365
2009-09-17,0.897150975646817,0.897150975646817,0.9524764848309677,0.023761757584516152,-0.006143590454676726,-0.006155471333468984
2009-09-18,0.8819012253821648,0.8819012253821648,0.9683176565539786,0.015841171723010916,0.0026193991985622605,0.002611478612700755
2009-09-21,0.7901165710877306,0.7901165710877306,0.897150975646817,0.0711666809071616,-0.009520257085490855,-0.009555840425944435
2009-09-22,0.8504515457151066,0.8504515457151066,0.8819012253821648,0.015249750264652251,0.012184143483513495,0.012176518608381169
2009-09-23,0.7995397840052619,0.7995397840052619,0.7901165710877306,0.09178465429443416,-0.006800481187705284,-0.006846373514852501
2009-09-24,0.6849201132190892,0.6849201132190892,0.8504515457151066,0.060334974627376026,-0.012459341971383877,-0.012489509458697565
2009-09-25,0.5921496280451005,0.5921496280451005,0.7995397840052619,0.05091176170984468,-0.0033750965671029724,-0.0034005524479578946
2009-09-28,0.6174409267478558,0.6174409267478558,0.6849201132190892,0.11461967078617274,0.009342526105548246,0.00928521627015516
2009-09-29,0.6030602052297624,0.6030602052297624,0.5921496280451005,0.09277048517398867,-0.0035535240567403413,-0.0035999092993273356
2009-09-30,0.5708201962553918,0.5708201962553918,0.6174409267478558,0.02529129870275526,0.0002258414879618545,0.00021319583861047686
2009-10-01,0.48424004520991176,0.48424004520991176,0.6030602052297624,0.014380721518093331,-0.01577116969636684,-0.01577836005712589
2009-10-02,0.39994215080949763,0.39994215080949763,0.5708201962553918,0.032240008974370626,-0.0063247350082957805,-0.006340855012782966
2009-10-05,0.3819780197049046,0.3819780197049046,0.48424004520991176,0.08658015104548006,0.006988761947014135,0.0069454718714913955
2009-10-06,0.42875660240569835,0.42875660240569835,0.39994215080949763,0.08429789440041413,0.006738031747980911,0.006695882800780704
2009-10-07,0.45679024112853794,0.45679024112853794,0.3819780197049046,0.01796413110459305,0.0014063953630153003,0.0013974132974630038
2009-10-08,0.562911670331806,0.562911670331806,0.42875660240569835,0.04677858270079377,0.006212684876229508,0.006189295584879111
2009-10-09,0.6155317983047662,0.6155317983047662,0.45679024112853794,0.028033638722839593,-0.0011561823716859298,-0.0011701991910473496
2009-10-12,0.6870169310870649,0.6870169310870649,0.562911670331806,0.10612142920326806,0.003367108389922746,0.003314047675321112
2009-10-13,0.7129712761393765,0.7129712761393765,0.6155317983047662,0.05262012797296023,-0.0013310439414925426,-0.0013573540054790227
2009-10-14,0.8086475174262511,0.8086475174262511,0.6870169310870649,0.07148513278229862,0.016499426540997626,0.01646368397460648
2009-10-15,0.8724316782841675,0.8724316782841675,0.7129712761393765,0.025954345052311645,0.0032689859594382796,0.003256008786912124
2009-10-16,0.7602992114739333,0.7602992114739333,0.8086475174262511,0.09567624128687457,-0.012207277484142721,-0.012255115604786159
2009-10-19,0.8401994743159555,0.8401994743159555,0.8724316782841675,0.06378416085791638,0.013993747080332396,0.013961854999903437
2009-10-20,0.8270729671419516,0.8270729671419516,0.7602992114739333,0.11213246681023414,-0.00400090416276534,-0.004056970396170457
2009-10-21,0.7863597045534902,0.7863597045534902,0.8401994743159555,0.07990026284202223,-0.0028149371675785756,-0.0028548872989995868
2009-10-22,0.8575731363689936,0.8575731363689936,0.8270729671419516,0.013126507174003987,0.008048351185111761,0.00804178793152476
2009-10-23,0.7481550455086692,0.7481550455086692,0.7863597045534902,0.04071326258846131,-0.012400898575107974,-0.012421255206402205
2009-10-26,0.6035756637169303,0.6035756637169303,0.8575731363689936,0.07121343181550333,-0.012977615528504804,-0.013013222244412556
2009-10-27,0.48196385638052375,0.48196385638052375,0.7481550455086692,0.10941809086032439,-0.005950586286677278,-0.00600529533210744
2009-10-28,0.33350418652470515,0.33350418652470515,0.6035756637169303,0.1445793817917389,-0.0145174110295065,-0.01458970072040237
2009-10-29,0.3297612397735265,0.3297612397735265,0.48196385638052375,0.12161180733640653,0.014217777408701698,0.014156971505033495
2009-10-30,0.22541688426971013,0.22541688426971013,0.33350418652470515,0.1484596698558186,-0.011128978824538746,-0.011203208659466656
2009-11-02,0.18198326949881072,0.18198326949881072,0.3297612397735265,0.003742946751178644,0.003217268399119619,0.0032153969257440298
2009-11-03,0.1422969006333214,0.1422969006333214,0.22541688426971013,0.10434435550381638,-0.0008795095976294585,-0.0009316817753813667
2009-11-04,0.1459914952370721,0.1459914952370721,0.18198326949881072,0.04343361477089941,0.0018330081713986222,0.0018112913640131725
2009-11-05,0.1925138673800941,0.1925138673800941,0.1422969006333214,0.03968636886548932,0.0018394997980399773,0.0018196566136072325
2009-11-06,0.23367694111997517,0.23367694111997517,0.1459914952370721,0.0036945946037507116,0.00042586615145253395,0.0004240188541506586
2009-11-09,0.41355594618306013,0.41355594618306013,0.1925138673800941,0.04652237214302199,0.0053894219971442146,0.005366160811072704
2009-11-10,0.4881891077991107,0.4881891077991107,0.23367694111997517,0.04116307373988107,-0.001239701047350824,-0.0012602825842207646
2009-11-11,0.5444911002175514,0.5444911002175514,0.41355594618306013,0.17987900506308496,0.0012498383182841851,0.0011598988157526427
2009-11-12,0.4703669445754123,0.4703669445754123,0.4881891077991107,0.07463316161605055,-0.007095135120640469,-0.007132451701448494
2009-11-13,0.46555890929062693,0.46555890929062693,0.5444911002175514,0.05630199241844075,0.0076385278391492535,0.007610376842940033
2009-11-16,0.6437059395270847,0.6437059395270847,0.4703669445754123,0.07412415564213914,0.00750836443352767,0.0074713023557066004
2009-11-17,0.654769761646,0.654769761646,0.46555890929062693,0.00480803528478535,-0.0030884999872835377,-0.0030909040049259305
2009-11-18,0.627642509395364,0.627642509395364,0.6437059395270847,0.17814703023645773,-0.0020362582709026996,-0.0021253317860209283
2009-11-19,0.4971430450645598,0.4971430450645598,0.654769761646,0.011063822118915323,-0.012351944357259234,-0.012357476268318693
2009-11-20,0.3896589857332069,0.3896589857332069,0.627642509395364,0.027127252250635947,-0.0034964303549973393,-0.0035099939811226574
2009-11-23,0.3857468372107786,0.3857468372107786,0.4971430450645598,0.13049946433080423,0.008893660500966745,0.008828410768801342
2009-11-24,0.35709719512964,0.35709719512964,0.3896589857332069,0.10748405933135291,-0.0015909767019241466,-0.001644718731589823
2009-11-25,0.4600741573206122,0.4600741573206122,0.3857468372107786,0.0039121485224282715,0.005156930776628972,0.005154974702367757
2009-11-27,0.3518849566246358,0.3518849566246358,0.35709719512964,0.028649642081138627,-0.010301370737940985,-0.010315695558981553
2009-11-30,0.2682877038311217,0.2682877038311217,0.4600741573206122,0.10297696219097219,0.001499918356421032,0.001448429875325546
2009-12-01,0.40842129895829393,0.40842129895829393,0.3518849566246358,0.10818920069597637,0.009656297233501948,0.00960220263315396
2009-12-02,0.5241083067903125,0.5241083067903125,0.2682877038311217,0.0835972527935141,0.00042431221399464317,0.0003825135875978861
2009-12-03,0.5709838102851974,0.5709838102851974,0.40842129895829393,0.14013359512717222,-0.0009315230540284228,-0.001001589851592009
2009-12-04,0.5523886266802992,0.5523886266802992,0.5241083067903125,0.11568700783201857,-0.0018430007240364736,-0.001900844227952483
2009-12-07,0.4902837532232459,0.4902837532232459,0.5709838102851974,0.046875503494884896,-0.0031234209527295858,-0.003146858704477028
2009-12-08,0.35576345935854425,0.35576345935854425,0.5523886266802992,0.018595183604898202,-0.009605340570794887,-0.009614638162597337
2009-12-09,0.2613922908680991,0.2613922908680991,0.4902837532232459,0.06210487345705329,-0.000619666748926197,-0.0006507191856547237
2009-12-10,0.20785959294978318,0.20785959294978318,0.35576345935854425,0.13452029386470166,0.00109365533125456,0.0010263951843222092
2009-12-11,0.15587432695585007,0.15587432695585007,0.2613922908680991,0.09437116849044513,-9.431536283467651e-05,-0.00014150094707989907
2009-12-14,0.1514841273347952,0.1514841273347952,0.20785959294978318,0.05353269791831594,0.0020238540512510336,0.0019970877022918755
2009-12-15,0.1033680838507814,0.1033680838507814,0.15587432695585007,0.051985265993933105,-0.0017257802034369497,-0.0017517728364339162
2009-12-16,0.09086315441002361,0.09086315441002361,0.1514841273347952,0.0043901996210548855,0.0017779825530042954,0.001775787453193768
2009-12-17,0.05445638195516406,0.05445638195516406,0.1033680838507814,0.048116043484013785,-0.002435227343979866,-0.002459285365721873
2009-12-18,0.03379231104055849,0.03379231104055849,0.09086315441002361,0.01250492944075779,0.0002159142363333341,0.0002096617716129552
2009-12-21,0.025036190689910243,0.025036190689910243,0.05445638195516406,0.03640677245485956,0.00015890668422563538,0.0001407032979982056
2009-12-22,0.027431496599012117,0.027431496599012117,0.03379231104055849,0.020664070914605565,0.00021450103471192406,0.00020416899925462128
2009-12-23,0.05055199847196569,0.05055199847196569,0.025036190689910243,0.00875612035064825,0.00022823204496723862,0.0002238539847919145
2009-12-24,0.07986960035140893,0.07986960035140893,0.027431496599012117,0.002395305909101874,0.00010902830942439384,0.0001078306564698429
2009-12-28,0.12563959902755503,0.12563959902755503,0.05055199847196569,0.023120501872953572,0.00021833833084853476,0.00020677807991205797
2009-12-29,0.14650573434753889,0.14650573434753889,0.07986960035140893,0.02931760187944324,0.00012878372965233144,0.00011412492871260982
2009-12-30,0.13274071248853983,0.13274071248853983,0.12563959902755503,0.045769998676146104,-0.0005169260484415996,-0.0005398110477796726
2009-12-31,0.10233823419601593,0.10233823419601593,0.14650573434753889,0.020866135319983853,-0.0010263617601412474,-0.0010367948278012394
2010-01-04,0.37138822782356473,0.37138822782356473,0.13274071248853983,0.013765021858999055,0.0034817427716854034,0.003474860260755904
2010-01-05,0.5809254852157099,0.5809254852157099,0.10233823419601593,0.030402478292523905,9.022221086323747e-05,7.502097171697552e-05
2010-01-06,0.7206169901438066,0.7206169901438066,0.37138822782356473,0.2690499936275488,0.0015698332089004081,0.0014353082120866338
2010-01-07,0.6777176828004745,0.6777176828004745,0.5809254852157099,0.20953725739214513,-0.0022413672853132567,-0.0023461359140093292
2010-01-08,0.785145121866983,0.785145121866983,0.7206169901438066,0.1396915049280968,0.005709396809368927,0.005639551056904879
2010-01-11,0.8567634145779888,0.8567634145779888,0.6777176828004745,0.04289930734333214,0.0055634705410738915,0.005542020887402225
2010-01-12,0.6858506398775424,0.6858506398775424,0.785145121866983,0.10742743906650853,-0.009249495758511138,-0.009303209478044392
2010-01-13,0.7004618692190046,0.7004618692190046,0.8567634145779888,0.07161829271100573,0.007209381358760272,0.00717357221240477
2010-01-14,0.8003079128126698,0.8003079128126698,0.6858506398775424,0.1709127747004464,0.0052466134495338474,0.005161157062183624
2010-01-15,0.6400393608666841,0.6400393608666841,0.7004618692190046,0.014611229341462195,-0.010997601516905004,-0.011004907131575736
2010-01-19,0.5984998570078662,0.5984998570078662,0.8003079128126698,0.09984604359366522,0.00785569045056881,0.007805767428771977
2010-01-20,0.43461437120614554,0.43461437120614554,0.6400393608666841,0.16026855194598566,-0.016331441954697427,-0.01641157623067042
2010-01-21,0.27044029911461837,0.27044029911461837,0.5984998570078662,0.04153950385881788,-0.012793092333227209,-0.012813862085156618
2010-01-22,0.0742200618741175,0.0742200618741175,0.43461437120614554,0.1638854858017207,-0.008464396586849155,-0.008546339329750016
2010-01-25,0.00043617671967216554,0.00043617671967216554,0.27044029911461837,0.16417407209152718,0.003313335764274597,0.003231248728228833
2010-01-26,-0.07124353566263876,-0.07124353566263876,0.0742200618741175,0.19622023724050086,-0.00042193758303680774,-0.0005200477016570581
2010-01-27,-0.12805149095113572,-0.12805149095113572,0.00043617671967216554,0.07378388515444534,-4.827352202394606e-07,-3.737467779746213e-05
2010-01-28,-0.3759785340959362,-0.3759785340959362,-0.07124353566263876,0.07167971238231093,0.001197040310732958,0.0011612004545418025
2010-01-29,-0.5839856893972908,-0.5839856893972908,-0.12805149095113572,0.056807955288496956,0.0018516697505768728,0.0018232657729326243
2010-02-01,-0.5304226642338655,-0.5304226642338655,-0.3759785340959362,0.24792704314480046,-0.006877786647912148,-0.007001750169484548
2010-02-02,-0.41110476663515366,-0.41110476663515366,-0.5839856893972908,0.2080071553013546,-0.009725885777731471,-0.009829889355382149
2010-02-03,-0.37409150761108023,-0.37409150761108023,-0.5304226642338655,0.05356302516342526,0.005564958239586819,0.005538176727005107
2010-02-04,-0.5827276717407202,-0.5827276717407202,-0.41110476663515366,0.11931789759871186,0.01674697310225936,0.016687314153460003
2010-02-05,-0.7218184478271468,-0.7218184478271468,-0.37409150761108023,0.03701325902407343,0.0006529697721279024,0.0006344631426158657
2010-02-08,-0.8145456318847646,-0.8145456318847646,-0.5827276717407202,0.20863616412963992,0.011545715988768955,0.011441397906704136
2010-02-09,-0.6780121598192138,-0.6780121598192138,-0.7218184478271468,0.13909077608642662,-0.022744579224452596,-0.02281412461249581
2010-02-10,-0.6178243890924235,-0.6178243890924235,-0.8145456318847646,0.09272718405761782,0.005164476569258903,0.005118112977230095
2010-02-11,-0.5348520860324085,-0.5348520860324085,-0.6780121598192138,0.13653347206555078,-0.006292635827239288,-0.006360902563272063
2010-02-12,-0.519227428826887,-0.519227428826887,-0.6178243890924235,0.06018777072679027,0.0053263363445759555,0.005296242459212561
2010-02-16,-0.41731152818530415,-0.41731152818530415,-0.5348520860324085,0.08297230306001502,-0.011885639281309717,-0.011927125432839724
2010-02-17,-0.3424987311387076,-0.3424987311387076,-0.519227428826887,0.01562465720552153,-0.000687329324599533,-0.0006951416532022937
2010-02-18,-0.2745586883866552,-0.2745586883866552,-0.41731152818530415,0.10191590064158285,-0.0023633817363119267,-0.0024143396866327183
2010-02-19,-0.22929052497285562,-0.22929052497285562,-0.3424987311387076,0.07481279704659655,0.0021216963439523737,0.0020842899454290753
2010-02-22,-0.19506055955143298,-0.19506055955143298,-0.2745586883866552,0.0679400427520524,-0.0005186336610095132,-0.0005526036823855394
2010-02-23,-0.20607387822950263,-0.20607387822950263,-0.22929052497285562,0.04526816341379958,0.003242233028200963,0.0032195989464940634
2010-02-24,-0.16685803021333157,-0.16685803021333157,-0.19506055955143298,0.03422996542142265,-0.0012309407114848908,-0.0012480556941956021
2010-02-25,-0.1563233727251878,-0.1563233727251878,-0.20607387822950263,0.01101331867806965,0.0012531713366428876,0.0012476646773038527
2010-02-26,-0.13455006993361968,-0.13455006993361968,-0.16685803021333157,0.03921584801617106,-0.0010209011770544055,-0.001040509101062491
2010-03-01,-0.10853126204541302,-0.10853126204541302,-0.1563233727251878,0.010534657488143778,-0.0012180911651145723,-0.0012233584938586442
2010-03-02,-0.07525437697561319,-0.07525437697561319,-0.13455006993361968,0.02177330279156811,-0.0010149197924190407,-0.0010258064438148247
2010-03-03,-0.050237691017832604,-0.050237691017832604,-0.10853126204541302,0.026018807888206652,-0.0012999833186262025,-0.0013129927225703057
2010-03-04,-0.034514257539543666,-0.034514257539543666,-0.07525437697561319,0.03327688506979984,0.0001948381978957716,0.00017819975536087168
2010-03-05,-0.010908556564083172,-0.010908556564083172,-0.050237691017832604,0.02501668595778058,-0.0009781098210857677,-0.000990618164064658
2010-03-08,0.005791424111586356,0.005791424111586356,-0.034514257539543666,0.015723433478288938,-0.0,-7.86171673914447e-06
2010-03-09,0.007740059047835113,0.007740059047835113,-0.010908556564083172,0.023605700975460494,2.5796284354363184e-05,1.3993433866632936e-05
2010-03-10,0.01055125955440717,0.01055125955440717,0.005791424111586356,0.01669998067566953,2.4286770495043555e-05,1.593678015720879e-05
2010-03-11,0.010164620243017643,0.010164620243017643,0.007740059047835113,0.0019486349362487568,2.950891064937449e-05,2.8534593181250113e-05
2010-03-12,0.01227816581355668,0.01227816581355668,0.01055125955440717,0.0028112005065720567,7.06092473544378e-05,6.920364710115176e-05
2010-03-15,0.01579024682509595,0.01579024682509595,0.010164620243017643,0.0003866393113895264,-7.122100505840671e-05,-7.141432471410148e-05
2010-03-16,0.03318798498051438,0.03318798498051438,0.01227816581355668,0.002113545570539036,0.00015550478088685837,0.00015444800810158885
2010-03-17,0.0521927342181855,0.0521927342181855,0.01579024682509595,0.0035120810115392715,8.463248803246572e-05,8.287644752669608e-05
2010-03-18,0.05874144548782877,0.05874144548782877,0.03318798498051438,0.01739773815541843,-0.00019463052449445335,-0.00020332939357216255
2010-03-19,0.0451996388910795,0.0451996388910795,0.0521927342181855,0.01900474923767112,-0.0005318172013241743,-0.0005413195759430098
2010-03-22,0.03784801877054845,0.03784801877054845,0.05874144548782877,0.006548711269643265,0.00016973272688003914,0.0001664583712452175
2010-03-23,0.03949348263593114,0.03949348263593114,0.0451996388910795,0.013541806596749265,0.00031744937316508106,0.0003106784698667064
2010-03-24,0.038718417627280524,0.038718417627280524,0.03784801877054845,0.007351620120531054,-0.0006226793717324923,-0.0006263551817927579
2010-03-25,0.03724784826032145,0.03724784826032145,0.03949348263593114,0.001645463865382689,-2.152889184035198e-05,-2.2351623773043326e-05
2010-03-26,0.04896556802870482,0.04896556802870482,0.038718417627280524,0.0007750650086506133,0.00038033811662059093,0.0003799505841162656
2010-03-29,0.07194890800791723,0.07194890800791723,0.03724784826032145,0.0014705693669590722,0.0003153865363210252,0.00031465125163754565
2010-03-30,0.07714449320013239,0.07714449320013239,0.04896556802870482,0.011717719768383365,0.0,-5.858859884191682e-06
2010-03-31,0.08166060568924673,0.08166060568924673,0.07194890800791723,0.02298333997921241,0.0,-1.1491669989606206e-05
2010-04-01,0.17411689407360692,0.17411689407360692,0.07714449320013239,0.005195585192215163,0.0013642867722412457,0.001361688979645138
2010-04-05,0.2251779121810462,0.2251779121810462,0.08166060568924673,0.004516112489114335,8.597875760153925e-05,8.372070135698209e-05
2010-04-06,0.24500576128747706,0.24500576128747706,0.17411689407360692,0.0924562883843602,-0.0004884455313293329,-0.0005346736755215129
2010-04-07,0.23027878165344134,0.23027878165344134,0.2251779121810462,0.05106101810743929,-0.001583817798076719,-0.0016093483071304387
2010-04-08,0.18178394082527993,0.18178394082527993,0.24500576128747706,0.019827849106430845,-0.000260299864885155,-0.0002702137894383704
2010-04-09,0.2212252449440125,0.2212252449440125,0.23027878165344134,0.014726979634035714,0.003020867249247309,0.003013503759430291
2010-04-12,0.26984356474040977,0.26984356474040977,0.18178394082527993,0.04849484082816141,0.0005725204477015045,0.0005482730272874238
2010-04-13,0.36655391210563054,0.36655391210563054,0.2212252449440125,0.03944130411873256,-0.00019287197757044886,-0.00021259262962981514
2010-04-14,0.5777026080704204,0.5777026080704204,0.26984356474040977,0.048618319796397275,0.0035802857614254885,0.00355597660152729
2010-04-15,0.6999763352787072,0.6999763352787072,0.36655391210563054,0.09671034736522077,-0.00025270609927742325,-0.00030106127296003363
2010-04-16,0.5623286075802013,0.5623286075802013,0.5777026080704204,0.21114869596478986,-0.012749204192520666,-0.012854778540503061
2010-04-19,0.4627003706085981,0.4627003706085981,0.6999763352787072,0.12227372720828678,-0.0018509448366961672,-0.0019120817003003105
2010-04-20,0.4345893638118409,0.4345893638118409,0.5623286075802013,0.13764772769850586,0.00347890474353799,0.003410080879688737
2010-04-21,0.382550165875373,0.382550165875373,0.4627003706085981,0.09962823697160322,-0.0030077299222508462,-0.0030575440407366477
2010-04-22,0.32000396702387063,0.32000396702387063,0.4345893638118409,0.02811100679675721,-0.0039193151727292125,-0.003933370676127591
2010-04-23,0.29479004314786006,0.29479004314786006,0.382550165875373,0.052039197936467885,0.002866969886447544,0.00284095028747931
2010-04-26,0.2839655585154243,0.2839655585154243,0.32000396702387063,0.06254619885150237,0.00034018188515856374,0.00030890878573281257
2010-04-27,0.1954568785098637,0.1954568785098637,0.29479004314786006,0.02521392387601057,-0.01183964704888944,-0.011852254010827444
2010-04-28,0.13638172214671523,0.13638172214671523,0.2839655585154243,0.010824484632435738,5.241054216709919e-05,4.699829985088132e-05
2010-04-29,0.14020450943627133,0.14020450943627133,0.1954568785098637,0.08850868000556061,0.00302586930319384,0.0029816149631910595
2010-04-30,0.106724693961407,0.106724693961407,0.13638172214671523,0.05907515636314847,-0.0017078715553429922,-0.0017374091335245665
2010-05-03,0.10748967394694016,0.10748967394694016,0.14020450943627133,0.0038227872895560955,0.0010049474822694195,0.0010030360886246414
2010-05-04,-0.021320421446568497,-0.021320421446568497,0.106724693961407,0.033479815474864325,-0.004226148943913909,-0.004242888851651341
2010-05-05,-0.34754694763104566,-0.34754694763104566,0.10748967394694016,0.000764979985533154,-0.0020627955142770633,-0.00206317800426983
2010-05-06,-0.5650312984206971,-0.5650312984206971,-0.021320421446568497,0.12881009539350866,0.000949960828361361,0.0008855557806646066
2010-05-07,-0.7100208656137981,-0.7100208656137981,-0.34754694763104566,0.3262265261844772,0.0007750079310809712,0.0006118946679887327
2010-05-10,-0.5377312292988278,-0.5377312292988278,-0.5650312984206971,0.21748435078965145,-0.036627534213292394,-0.03673627638868722
2010-05-11,-0.4767403384865337,-0.4767403384865337,-0.7100208656137981,0.14498956719310097,0.011517468973635332,0.011444974190038782
2010-05-12,-0.3982580227093014,-0.3982580227093014,-0.5377312292988278,0.1722896363149703,-0.006050096922882103,-0.006136241741039588
2010-05-13,-0.3907182698928461,-0.3907182698928461,-0.4767403384865337,0.060990890812294085,0.006218685421670487,0.00618818997626434
2010-05-14,-0.5072211980367979,-0.5072211980367979,-0.3982580227093014,0.0784823157772323,0.011301542327754415,0.011262301169865799
2010-05-17,-0.5776561951499488,-0.5776561951499488,-0.3907182698928461,0.007539752816455303,-0.0005472738246849729,-0.0005510437010932005
2010-05-18,-0.7184374634332993,-0.7184374634332993,-0.5072211980367979,0.1165029281439518,0.010942766765741744,0.010884515301669768
2010-05-19,-0.7886667396403988,-0.7886667396403988,-0.5776561951499488,0.07043499711315093,-0.002240595908839469,-0.0022758134073960446
2010-05-20,-0.8591111597602659,-0.8591111597602659,-0.7184374634332993,0.14078126828335047,0.02498527012815827,0.024914879494016592
2010-05-21,-0.792532276406946,-0.792532276406946,-0.7886667396403988,0.07022927620709951,-0.0192761013408558,-0.019311215978959347
2010-05-24,-0.8545240527824911,-0.8545240527824911,-0.8591111597602659,0.07044442011986707,0.019790186286746104,0.01975496407668617
2010-05-25,-0.9030160351883274,-0.9030160351883274,-0.792532276406946,0.06657888335331985,0.0030030850512534346,0.002969795609576775
2010-05-26,-0.935344023458885,-0.935344023458885,-0.8545240527824911,0.06199177637554509,0.012641049509307929,0.012610053621120157
2010-05-27,-0.7405802908169996,-0.7405802908169996,-0.9030160351883274,0.0484919824058363,-0.05132977247269581,-0.051354018463898726
2010-05-28,-0.6652762592641667,-0.6652762592641667,-0.935344023458885,0.032327988270557606,0.018034882776529843,0.018018718782394565
2010-06-01,-0.652083050601382,-0.652083050601382,-0.7405802908169996,0.1947637326418854,0.007356583179611748,0.0072592013132908055
2010-06-02,-0.5587932899295831,-0.5587932899295831,-0.6652762592641667,0.07530403155283294,-0.01779994041015437,-0.017837592425930787
2010-06-03,-0.5050293202448973,-0.5050293202448973,-0.652083050601382,0.013193208662784617,0.0019916301094941853,0.001985033505162793
2010-06-04,-0.6389181966213662,-0.6389181966213662,-0.5587932899295831,0.09328976067179895,0.023848592061598818,0.023801947181262918
2010-06-07,-0.7592787977475774,-0.7592787977475774,-0.5050293202448973,0.053763969684685775,0.006355860508216022,0.006328978523373679
2010-06-08,-0.7565151057217565,-0.7565151057217565,-0.6389181966213662,0.13388887637646885,-0.010213603404305776,-0.010280547842494011
2010-06-09,-0.7716746793361782,-0.7716746793361782,-0.7592787977475774,0.12036060112621128,0.002744181506260361,0.0026840012056972553
2010-06-10,-0.6393917803609502,-0.6393917803609502,-0.7565151057217565,0.0027636920258209408,-0.0319652555368947,-0.03196663738290761
2010-06-11,-0.5268015195308214,-0.5268015195308214,-0.7716746793361782,0.015159573614421662,-0.0011057806705274758,-0.0011133604573346867
2010-06-14,-0.43359117430488653,-0.43359117430488653,-0.6393917803609502,0.13228289897522794,-0.0040526643626798,-0.004118805812167415
2010-06-15,-0.31899939193231025,-0.31899939193231025,-0.5268015195308214,0.1125902608301288,-0.016696705785039703,-0.016753000915454768
2010-06-16,-0.24797552840861486,-0.24797552840861486,-0.43359117430488653,0.09321034522593491,0.0020492068714547053,0.0020026016988417376
2010-06-17,-0.19579290350057968,-0.19579290350057968,-0.31899939193231025,0.11459178237257628,-0.001009853863414473,-0.001067149754600761
2010-06-18,-0.14741543552249267,-0.14741543552249267,-0.24797552840861486,0.07102386352369539,0.00044021813951838543,0.00040470620775653773
2010-06-21,-0.11176646866990804,-0.11176646866990804,-0.19579290350057968,0.052182624908035186,3.869955579070061e-05,1.260824333668302e-05
2010-06-22,-0.10261493517471346,-0.10261493517471346,-0.14741543552249267,0.04837746797808701,0.0018645475258192244,0.001840358791830181
2010-06-23,-0.08902326758391554,-0.08902326758391554,-0.11176646866990804,0.03564896685258463,-0.0007489053705944194,-0.0007667298540207117
2010-06-24,-0.07696517829964812,-0.07696517829964812,-0.10261493517471346,0.009151533495194583,0.0017853463874464618,0.0017807706206988646
2010-06-25,-0.06560932183505006,-0.06560932183505006,-0.08902326758391554,0.013591667590797912,-0.000513221860705874,-0.0005200176945012729
2010-06-28,-0.06449480367986918,-0.06449480367986918,-0.07696517829964812,0.012058089284267423,0.0005671691037667959,0.0005611400591246622
2010-06-29,-0.11458034292719486,-0.11458034292719486,-0.06560932183505006,0.011355856464598066,0.0022460776569895903,0.002240399728757291
2010-06-30,-0.1766866475134306,-0.1766866475134306,-0.06449480367986918,0.001114518155180877,0.0004406994040083853,0.0004401421449307949
2010-07-01,-0.18297333838842045,-0.18297333838842045,-0.11458034292719486,0.050085539247325686,-0.0016752136360418414,-0.0017002564056655043
2010-07-02,-0.1929263828217027,-0.1929263828217027,-0.1766866475134306,0.06210630458623574,0.0003744451586200243,0.00034339200632690643
2010-07-06,-0.1769744368289903,-0.1769744368289903,-0.18297333838842045,0.006286690874989842,-0.0036524596640879477,-0.0036556030095254424
2010-07-07,-0.1420426512772657,-0.1420426512772657,-0.1929263828217027,0.009953044433282265,-0.006025206314038949,-0.00603018283625559
2010-07-08,-0.10994274660095715,-0.10994274660095715,-0.1769744368289903,0.015951945992712407,-0.0017150500225587583,-0.0017230259955551145
2010-07-09,-0.08534913669125119,-0.08534913669125119,-0.1420426512772657,0.0349317855517246,-0.00014203865966076274,-0.00015950455243662505
2010-07-12,-0.06574446552529536,-0.06574446552529536,-0.10994274660095715,0.03209990467630855,0.0004172817651524122,0.00040123181281425795
2010-07-13,-0.03843309585740401,-0.03843309585740401,-0.08534913669125119,0.024593609909705966,-0.0015745314078601414,-0.0015868282128149943
2010-07-14,-0.024212946487213956,-0.024212946487213956,-0.06574446552529536,0.019604671165955823,-0.0002329940880814484,-0.0002427964236644263
2010-07-15,-0.014684614614081194,-0.014684614614081194,-0.03843309585740401,0.027311369667891355,-0.0001885152641108124,-0.00020217094894475808
2010-07-16,-0.018755064912942432,-0.018755064912942432,-0.024212946487213956,0.014220149370190054,0.0007752707766256052,0.0007681607019405102
2010-07-19,-0.01702274623302167,-0.01702274623302167,-0.014684614614081194,0.009528331873132762,-9.477680398183432e-05,-9.95409699184007e-05
2010-07-20,-0.011663537700497094,-0.011663537700497094,-0.018755064912942432,0.004070450298861238,-0.0001277927676135251,-0.00012982799276295572
2010-07-21,-0.010241415422214482,-0.010241415422214482,-0.01702274623302167,0.001732318679920762,0.0003083374642609506,0.00030747130492099023
2010-07-22,0.019726896941420487,0.019726896941420487,-0.011663537700497094,0.0053592085325245755,-0.00039248900618025524,-0.00039516861044651755
2010-07-23,0.05868580117639789,0.05868580117639789,-0.010241415422214482,0.0014221222782826119,-0.00012051055853323087,-0.00012122161967237217
2010-07-26,0.10986458449515515,0.10986458449515515,0.019726896941420487,0.02996831236363497,0.00013765231198874603,0.00012266815580692854
2010-07-27,0.14731480861416446,0.14731480861416446,0.05868580117639789,0.0389589042349774,0.00016945718178119375,0.00014997772966370506
2010-07-28,0.3428174503336058,0.3428174503336058,0.10986458449515515,0.05117878331875726,-0.0005693446624428849,-0.0005949340541022636
2010-07-29,0.5509113098942999,0.5509113098942999,0.14731480861416446,0.03745022411900931,0.0006821253343282244,0.0006634002222687198
2010-07-30,0.6073230746820382,0.6073230746820382,0.3428174503336058,0.19550264171944132,-0.0010533347887962151,-0.0011510861096559358
2010-08-02,0.7382153831213588,0.7382153831213588,0.5509113098942999,0.20809385956069415,0.018572286892501066,0.01846823996272072
2010-08-03,0.8008046378564562,0.8008046378564562,0.6073230746820382,0.05641176478773824,-0.0009053437897867309,-0.0009335496721806
2010-08-04,0.8566295780006796,0.8566295780006796,0.7382153831213588,0.13089230843932065,0.0006889243302187068,0.0006234781759990465
2010-08-05,0.8702471844095557,0.8702471844095557,0.8008046378564562,0.06258925473509735,-0.0005972183076360103,-0.000628512935003559
2010-08-06,0.9134981229397039,0.9134981229397039,0.8566295780006796,0.055824940144223456,0.0025574096015317264,0.002529497131459615
2010-08-09,0.9423320819598027,0.9423320819598027,0.8702471844095557,0.013617606408876104,0.0009715856487622735,0.0009647768455578354
2010-08-10,0.8152760510050925,0.8152760510050925,0.9134981229397039,0.043250938530148164,-0.007299877697478137,-0.00732150316674321
2010-08-11,0.5909090728253628,0.5909090728253628,0.9423320819598027,0.028833959020098776,-0.042897493059844194,-0.04291191003935425
2010-08-12,0.4393804497037418,0.4393804497037418,0.8152760510050925,0.1270560309547102,-0.0009601362656296136,-0.0010236642811069687
2010-08-13,0.33157965520279825,0.33157965520279825,0.5909090728253628,0.22436697817972973,-0.0020900283933377602,-0.0022022118824276253
2010-08-16,0.2570848761078569,0.2570848761078569,0.4393804497037418,0.15152862312162096,0.0035524608086887994,0.003476696497127989
2010-08-17,0.2371465950085558,0.2371465950085558,0.33157965520279825,0.10780079450094354,0.0036971116146407696,0.003643211217390298
2010-08-18,0.22451322011313896,0.22451322011313896,0.2570848761078569,0.07449477909494134,-9.94460785790798e-05,-0.00013669346812655048
2010-08-19,0.18485075278297997,0.18485075278297997,0.2371465950085558,0.019938281099301097,-0.0038093313912707896,-0.00381930053182044
2010-08-20,0.14270892676353983,0.14270892676353983,0.22451322011313896,0.012633374895416855,-0.0023405378863061398,-0.002346854573753848
2010-08-23,0.11513566799145905,0.11513566799145905,0.18485075278297997,0.03966246733015899,-0.0003674413345965621,-0.00038727256826164155
2010-08-24,0.07791961966673902,0.07791961966673902,0.14270892676353983,0.04214182601944014,-0.0019611894220563394,-0.0019822603350660595
2010-08-25,0.05214115855693696,0.05214115855693696,0.11513566799145905,0.027573258772080778,0.00011630027951418061,0.00010251365012814022
2010-08-26,0.034939692901081974,0.034939692901081974,0.07791961966673902,0.03721604832472003,-3.145424536906978e-05,-5.00622695314298e-05
2010-08-27,0.03386460162552686,0.03386460162552686,0.05214115855693696,0.02577846110980206,0.0010207165449801422,0.0010078273144252413
2010-08-30,0.026627900191807052,0.026627900191807052,0.034939692901081974,0.017201465655854987,-0.0005048595594710867,-0.0005134602922990142
2010-08-31,0.019450421056054403,0.019450421056054403,0.03386460162552686,0.0010750912755551137,0.00010202726387958025,0.00010148971824180269
2010-09-01,0.09127099834657286,0.09127099834657286,0.026627900191807052,0.007236701433719808,0.0009490857405384679,0.000945467389821608
2010-09-02,0.14174671881792292,0.14174671881792292,0.019450421056054403,0.007177479135752649,0.00010906606958817627,0.00010547733002029995
2010-09-03,0.2146325524152886,0.2146325524152886,0.09127099834657286,0.07182057729051845,0.0008423048229846872,0.000806394534339428
2010-09-07,0.2171459184659963,0.2171459184659963,0.14174671881792292,0.05047572047135006,-0.001971276709201349,-0.001996514569437024
2010-09-08,0.23564298149350515,0.23564298149350515,0.2146325524152886,0.0728858335973657,0.001658653456093478,0.0016222105392947953
2010-09-09,0.294639508640291,0.294639508640291,0.2171459184659963,0.002513366050707677,0.002039928345249369,0.002038671662224015
2010-09-10,0.3504247145863123,0.3504247145863123,0.23564298149350515,0.018497063027508864,0.0007160561624898722,0.0007068076309761178
2010-09-13,0.5562566756758552,0.5562566756758552,0.294639508640291,0.05899652714678583,0.005356088107751872,0.0053265898441784785
2010-09-14,0.7041711171172369,0.7041711171172369,0.3504247145863123,0.05578520594602132,0.0023461915455357286,0.002318298942562718
2010-09-15,0.8027807447448246,0.8027807447448246,0.5562566756758552,0.20583196108954294,0.0002054729741077254,0.00010255699356295393
2010-09-16,0.7535794276972558,0.7535794276972558,0.7041711171172369,0.14791444144138166,-0.0033810660903100353,-0.003455023311030726
2010-09-17,0.6570023694001659,0.6570023694001659,0.8027807447448246,0.09860962762758774,-0.00387313539915863,-0.003922440212972424
2010-09-20,0.7713349129334439,0.7713349129334439,0.7535794276972558,0.049201317047568804,0.013067968241175567,0.013043367582651783
2010-09-21,0.8416788726205664,0.8416788726205664,0.6570023694001659,0.09657705829708996,-0.00012049822140237232,-0.0001687867505509173
2010-09-22,0.8475995265777571,0.8475995265777571,0.7713349129334439,0.11433254353327804,-0.0011311649428022228,-0.0011883312145688617
2010-09-23,0.7099350939294831,0.7099350939294831,0.8416788726205664,0.07034395968712248,-0.00911683383600127,-0.00915200581584483
2010-09-24,0.8066233959529887,0.8066233959529887,0.8475995265777571,0.005920653957190658,0.023596855204439767,0.02359389487746117
2010-09-27,0.7975612796326924,0.7975612796326924,0.7099350939294831,0.137664432648274,-0.0035893534959369564,-0.0036581857122610934
2010-09-28,0.8650408530884617,0.8650408530884617,0.8066233959529887,0.09668830202350565,0.004684341464561037,0.004635997313549284
2010-09-29,0.8753220000746875,0.8753220000746875,0.7975612796326924,0.009062116320296298,-0.0012951843182937022,-0.0012997153764538504
2010-09-30,0.774824622207612,0.774824622207612,0.8650408530884617,0.06747957345576927,-0.0064101466883241575,-0.006443886475052042
2010-10-01,0.8498830814717413,0.8498830814717413,0.8753220000746875,0.010281146986225842,0.008766399497699336,0.008761258924206223
2010-10-04,0.7062903463394025,0.7062903463394025,0.774824622207612,0.10049737786707558,-0.011174881381693987,-0.011225130070627524
2010-10-05,0.8041935642262683,0.8041935642262683,0.8498830814717413,0.07505845926412935,0.024095565021207913,0.02405803579157585
2010-10-06,0.8694623761508455,0.8694623761508455,0.7062903463394025,0.14359273513233883,0.005904732198545444,0.005832935830979275
2010-10-07,0.8682630247692087,0.8682630247692087,0.8041935642262683,0.09790321788686585,-0.002695260976055317,-0.0027442125849987497
2010-10-08,0.9121753498461391,0.9121753498461391,0.8694623761508455,0.06526881192457723,0.005693912791275126,0.005661278385312838
2010-10-11,0.9208006068154839,0.9208006068154839,0.8682630247692087,0.0011993513816368484,-0.0010687773800742888,-0.0010693770557651072
2010-10-12,0.8947181622545524,0.8947181622545524,0.9121753498461391,0.043912325076930436,-0.0019272249230606613,-0.0019491810855991264
2010-10-13,0.9298121081697017,0.9298121081697017,0.9208006068154839,0.008625256969344797,0.010397092179253513,0.010392779550768842
2010-10-14,0.9532080721131346,0.9532080721131346,0.8947181622545524,0.02608244456093156,0.006243785240837445,0.00623074401855698
2010-10-15,0.92288364545775,0.92288364545775,0.9298121081697017,0.03509394591514936,-0.0030606632849173214,-0.003078210257874896
2010-10-18,0.9288282392823614,0.9288282392823614,0.9532080721131346,0.023395963943432907,0.002153958416614575,0.0021422604346428586
2010-10-19,0.70770730430606,0.70770730430606,0.92288364545775,0.030324426655384595,-0.020327036537499794,-0.020342198750827486
2010-10-20,0.7350900505789568,0.7350900505789568,0.9288282392823614,0.005944593824611322,0.017459835536349437,0.017456863239437133
2010-10-21,0.6937584639810763,0.6937584639810763,0.70770730430606,0.22112093497630136,-0.0038188959919505544,-0.003929456459438705
2010-10-22,0.6917635307628403,0.6917635307628403,0.7350900505789568,0.02738274627289683,0.00192948546892823,0.0019157940957917816
2010-10-25,0.7384970229123071,0.7384970229123071,0.6937584639810763,0.0413315865978805,0.002664389664261392,0.0026437238709624516
2010-10-26,0.7041750090928651,0.7041750090928651,0.6917635307628403,0.0019949332182360724,-0.004450642527225286,-0.004451639993834404
2010-10-27,0.6053580559691586,0.6053580559691586,0.7384970229123071,0.04673349214946687,-0.007108338419052811,-0.007131705165127545
2010-10-28,0.5952928562251932,0.5952928562251932,0.7041750090928651,0.034322013819442,0.005475003274123806,0.005457842267214085
2010-10-29,0.5853141852689434,0.5853141852689434,0.6053580559691586,0.09881695312370653,-0.00021217440389314802,-0.0002615828804550013
2010-11-01,0.5496947324622561,0.5496947324622561,0.5952928562251932,0.010065199743965358,-0.00219284197433041,-0.0021978745742023925
2010-11-02,0.6997964883081708,0.6997964883081708,0.5853141852689434,0.009978670956249824,0.009686439158047903,0.009681449822569778
2010-11-03,0.7998643255387805,0.7998643255387805,0.5496947324622561,0.035619452806687324,0.003808137886761592,0.0037903281603582483
2010-11-04,0.8665762170258537,0.8665762170258537,0.6997964883081708,0.15010175584591468,0.015888086897358027,0.01581303601943507
2010-11-05,0.8604881552801488,0.8604881552801488,0.7998643255387805,0.10006783723060975,-0.003497644416049459,-0.003547678334664764
2010-11-08,0.8040277495227306,0.8040277495227306,0.8665762170258537,0.06671189148707324,-0.005269617434505085,-0.0053029733802486215
2010-11-09,0.7035783513261671,0.7035783513261671,0.8604881552801488,0.006088061745704976,-0.008628340781851018,-0.00863138481272387
2010-11-10,0.6435513458735214,0.6435513458735214,0.8040277495227306,0.056460405757418175,0.002346633218446409,0.0023184030155676996
2010-11-11,0.5641463769018591,0.5641463769018591,0.7035783513261671,0.10044939819656351,-0.006021869765020325,-0.0060720944641186065
2010-11-12,0.4863182857083116,0.4863182857083116,0.6435513458735214,0.06002700545264572,-0.005333148935883495,-0.005363162438609818
2010-11-15,0.43226388834042534,0.43226388834042534,0.5641463769018591,0.07940496897166227,-0.0003929390972703914,-0.00043264158175622256
2010-11-16,0.34039933850797865,0.34039933850797865,0.4863182857083116,0.0778280911935475,-0.011437783833516853,-0.011476697879113627
2010-11-17,0.2908502504922277,0.2908502504922277,0.43226388834042534,0.05405439736788625,0.0023907763926108005,0.0023637491939268573
2010-11-18,0.3350767152237746,0.3350767152237746,0.34039933850797865,0.09186454983244668,0.008516066207934294,0.00847013393301807
2010-11-19,0.36153639631613704,0.36153639631613704,0.2908502504922277,0.049549088015750975,0.0,-2.4774544007875487e-05
2010-11-22,0.343222265499532,0.343222265499532,0.3350767152237746,0.0442264647315469,-0.0035961468860012924,-0.003618260118367066
2010-11-23,0.26393755296416255,0.26393755296416255,0.36153639631613704,0.026459681092362464,-0.010880947807035479,-0.01089417764758166
2010-11-24,0.21867789898164955,0.21867789898164955,0.343222265499532,0.018314130816605045,0.005448954768038141,0.0054397977026298385
2010-11-26,0.14011863451966722,0.14011863451966722,0.26393755296416255,0.07928471253536945,-0.004405974539056616,-0.004445616895324301
2010-11-29,0.06129442214868926,0.06129442214868926,0.21867789898164955,0.045259653982513,-0.0019351998514080754,-0.001957829678399332
2010-11-30,-0.02755327803935749,-0.02755327803935749,0.14011863451966722,0.07855926446198233,-0.0015829558640287798,-0.001622235496259771
2010-12-01,-0.01190674751498703,-0.01190674751498703,0.06129442214868926,0.07882421237097796,0.0017396303988528317,0.0017002182926673427
2010-12-02,0.05243555987538138,0.05243555987538138,-0.02755327803935749,0.08884770018804675,-0.000523417881727563,-0.0005678417318215864
2010-12-03,0.1263216782909039,0.1263216782909039,-0.01190674751498703,0.015646530524370462,-0.00011517430369251609,-0.00012299756895470132
2010-12-06,0.13342085405995552,0.13342085405995552,0.05243555987538138,0.0643423073903684,-0.00023747193269076778,-0.00026964308638595196
2010-12-07,0.14031627149082365,0.14031627149082365,0.1263216782909039,0.07388611841552253,6.6286628905677e-05,2.934356969791574e-05
2010-12-08,0.1443290741324333,0.1443290741324333,0.13342085405995552,0.007099175769051613,0.0003966742254095055,0.00039312463752497965
2010-12-09,0.1532518344664365,0.1532518344664365,0.14031627149082365,0.006895417430868134,0.00036698765038686436,0.0003635399416714303
2010-12-10,0.1559445727512082,0.1559445727512082,0.1443290741324333,0.004012802641609636,0.00032629428604224325,0.00032428788472143845
2010-12-13,0.19132433444120317,0.19132433444120317,0.1532518344664365,0.008922760334003216,0.0016487587036199567,0.001644297323452955
2010-12-14,0.20397152951027847,0.20397152951027847,0.1559445727512082,0.0026927382847717063,0.0002409726231533627,0.00023962625401097686
2010-12-15,0.15500434330181595,0.15500434330181595,0.19132433444120317,0.03537976168999496,-0.002525234665490043,-0.002542924546335041
2010-12-16,0.11470551450052388,0.11470551450052388,0.20397152951027847,0.012647195069075301,0.0011337556477286146,0.001127432050194077
2010-12-17,0.08049851226051884,0.08049851226051884,0.15500434330181595,0.04896718620846252,-0.0008568138529707727,-0.0008812974460750039
2010-12-20,0.05921937635911625,0.05921937635911625,0.11470551450052388,0.04029882880129207,0.00025903152533268383,0.0002388821109320378
2010-12-21,0.05878169527338446,0.05878169527338446,0.08049851226051884,0.034207002240005044,0.0006731488969748386,0.0006560453958548361
2010-12-22,0.06306603644106605,0.06306603644106605,0.05921937635911625,0.02127913590140259,0.00011300492600060927,0.00010236535804990797
2010-12-23,0.06488140425731763,0.06488140425731763,0.05878169527338446,0.00043768108573178505,-3.052558445315995e-05,-3.074442499602584e-05
2010-12-27,0.062512696704767,0.062512696704767,0.06306603644106605,0.004284341167681588,-0.00013112316816288864,-0.00013326533874672943
2010-12-28,0.052548000081139905,0.052548000081139905,0.06488140425731763,0.0018153678162515785,5.63129899197876e-05,5.5405306011661813e-05
2010-12-29,0.08770708404274229,0.08770708404274229,0.062512696704767,0.002368707552550628,0.0005421863843118482,0.0005410020305355729
2010-12-30,0.0671781012192967,0.0671781012192967,0.052548000081139905,0.009964696623627096,-0.00025302967352850857,-0.0002580120218403221
2010-12-31,0.07222951924800947,0.07222951924800947,0.08770708404274229,0.03515908396160238,0.0005304574445142597,0.0005128779025334586
2011-01-03,0.1845207459139083,0.1845207459139083,0.0671781012192967,0.02052898282344559,0.000553850703538484,0.0005435862121267612
2011-01-04,0.2031835965698894,0.2031835965698894,0.07222951924800947,0.00505141802871277,-0.0002214872788453088,-0.00022401298785966519
2011-01-05,0.1676824705839263,0.1676824705839263,0.1845207459139083,0.11229122666589883,-0.0007882309810208376,-0.000844376594353787
2011-01-06,0.1289229991543527,0.1289229991543527,0.2031835965698894,0.01866285065598111,-0.002336287615049045,-0.0023456190403770357
2011-01-07,0.09835706592643062,0.09835706592643062,0.1676824705839263,0.03550112598596311,-0.0006695274078474741,-0.0006872779708404556
2011-01-10,0.07597106465842834,0.07597106465842834,0.1289229991543527,0.03875947142957359,-0.00022475977161540408,-0.00024413950733019087
2011-01-11,0.07776517505947914,0.07776517505947914,0.09835706592643062,0.030565933227922087,0.00066979964286854,0.000654516676254579
2011-01-12,0.38517678337298605,0.38517678337298605,0.07597106465842834,0.022386001268002276,0.0016733263418512129,0.0016621333412172117
2011-01-13,0.5901178555819907,0.5901178555819907,0.07776517505947914,0.0017941104010507913,0.00021113444126521274,0.00021023738606468735
2011-01-14,0.7267452370546605,0.7267452370546605,0.38517678337298605,0.3074116083135069,0.002346649431702902,0.0021929436275461484
2011-01-18,0.8178301580364404,0.8178301580364404,0.5901178555819907,0.20494107220900465,0.0038712086954581114,0.003768738159353609
2011-01-19,0.7557615962976523,0.7557615962976523,0.7267452370546605,0.13662738147266984,-0.004979506381464077,-0.005047820072200412
2011-01-20,0.6314804275401773,0.6314804275401773,0.8178301580364404,0.0910849209817799,-0.007017945475296508,-0.007063487935787398
2011-01-21,0.580552078620996,0.580552078620996,0.7557615962976523,0.062068561738788164,0.004104520579419639,0.004073486298550246
2011-01-24,0.7203680524139974,0.7203680524139974,0.6314804275401773,0.12428116875747497,0.0067157328580452385,0.006653592273666501
2011-01-25,0.766806290850939,0.766806290850939,0.580552078620996,0.0509283489191813,-0.0011638210394980884,-0.001189285213957679
2011-01-26,0.8445375272339595,0.8445375272339595,0.7203680524139974,0.13981597379300137,0.0045815311460637685,0.004511623159167268
2011-01-27,0.8963583514893063,0.8963583514893063,0.766806290850939,0.046438238436941615,0.0017853362066208008,0.00176211708740233
2011-01-28,0.6893265208925345,0.6893265208925345,0.8445375272339595,0.07773123638302049,-0.01877675946056286,-0.01881562507875437
2011-01-31,0.6106794763213885,0.6106794763213885,0.8963583514893063,0.05182082425534684,0.00775725489271274,0.007731344480585067
2011-02-01,0.7404529842142591,0.7404529842142591,0.6893265208925345,0.20703183059677177,0.01635182345871315,0.016248307543414765
2011-02-02,0.8153399929417127,0.8153399929417127,0.6106794763213885,0.07864704457114602,-0.0005017836244489402,-0.0005411071467345132
2011-02-03,0.8670196476313867,0.8670196476313867,0.7404529842142591,0.12977350789287057,0.0001217684320804494,5.688167813401411e-05
2011-02-04,0.896831610471222,0.896831610471222,0.8153399929417127,0.07488700872745357,-0.00026804160292099417,-0.00030548510728472096
2011-02-07,0.9312210736474813,0.9312210736474813,0.8670196476313867,0.05167965468967406,0.002709860045313131,0.002684020217968294
2011-02-08,0.9541473824316542,0.9541473824316542,0.896831610471222,0.029811962839835227,0.005882706337825144,0.005867800356405227
2011-02-09,0.9300073501587653,0.9300073501587653,0.9312210736474813,0.03438946317625935,-0.0027306662694209496,-0.0027478610010090794
2011-02-10,0.8453750787137522,0.8453750787137522,0.9541473824316542,0.0229263087841729,-0.006236451114769578,-0.0062479142691616646
2011-02-11,0.7564090314502463,0.7564090314502463,0.9300073501587653,0.024140032272888856,0.0004588226636928848,0.00044675264755644035
2011-02-14,0.7173996513131995,0.7173996513131995,0.8453750787137522,0.08463227144501317,0.0016677074282264587,0.0016253912925039522
2011-02-15,0.5108755909259534,0.5108755909259534,0.7564090314502463,0.08896604726350588,-0.0022337801542329154,-0.0022782631778646683
2011-02-16,0.6739170606173023,0.6739170606173023,0.7173996513131995,0.0390093801370468,0.008617815426669366,0.008598310736600842
2011-02-17,0.7826113737448682,0.7826113737448682,0.5108755909259534,0.20652406038724613,0.0017444177086228514,0.0016411556784292284
2011-02-18,0.8550742491632455,0.8550742491632455,0.6739170606173023,0.16304146969134892,0.0022931696292861955,0.002211648894440521
2011-02-22,0.6876183690684863,0.6876183690684863,0.7826113737448682,0.10869431312756594,-0.022370886345205752,-0.022425233501769535
2011-02-23,0.5822790772807789,0.5822790772807789,0.8550742491632455,0.07246287541837726,0.0011371006840398855,0.001100869246330697
2011-02-24,0.517441480328322,0.517441480328322,0.6876183690684863,0.1674558800947592,0.0005708189137960207,0.0004870909737486411
2011-02-25,0.525040785385464,0.525040785385464,0.5822790772807789,0.1053392917877074,0.006954886824786648,0.006902217178892794
2011-02-28,0.6049058714396089,0.6049058714396089,0.517441480328322,0.06483759695245683,0.004665543919226696,0.004633125120750468
2011-03-01,0.5355779097182413,0.5355779097182413,0.525040785385464,0.007599305057141903,-0.00733616021476729,-0.007339959867295861
2011-03-02,0.5299447661029771,0.5299447661029771,0.6049058714396089,0.079865086054145,0.0031893546876051258,0.0031494221445780533
2011-03-03,0.6575339091845069,0.6575339091845069,0.5355779097182413,0.06932796172136768,0.0068473891506269325,0.006812725169766248
2011-03-04,0.6388169262776738,0.6388169262776738,0.5299447661029771,0.0056331436152641245,-0.004802785965991934,-0.004805602537799566
2011-03-07,0.544177698438845,0.544177698438845,0.6575339091845069,0.1275891430815298,-0.006335916523228915,-0.00639971109476968
2011-03-08,0.4644055244522266,0.4644055244522266,0.6388169262776738,0.0187169829068331,0.002001489833959418,0.0019921313425060013
2011-03-09,0.41357589123629757,0.41357589123629757,0.544177698438845,0.09463922783882883,0.0001789476746903253,0.00013162806077091088
2011-03-10,0.2690825398351213,0.2690825398351213,0.4644055244522266,0.0797721739866184,-0.011524288959434555,-0.011564175046427864
2011-03-11,0.17333334002622627,0.17333334002622627,0.41357589123629757,0.05082963321592904,0.0,-2.5414816607964518e-05
2011-03-14,0.021925673445637173,0.021925673445637173,0.2690825398351213,0.14449335140117625,-0.004806645387927207,-0.004878892063627795
2011-03-15,-0.310149801726752,-0.310149801726752,0.17333334002622627,0.09574919980889504,-0.0036284731827334903,-0.003676347782637938
2011-03-16,-0.5400998678178347,-0.5400998678178347,0.021925673445637173,0.1514076665805891,-0.0006801325677374137,-0.0007558364010277082
2011-03-17,-0.46158102554091174,-0.46158102554091174,-0.310149801726752,0.33207547517238917,-0.010321560871193805,-0.01048759860878
2011-03-18,-0.3501421477339773,-0.3501421477339773,-0.5400998678178347,0.2299500660910827,-0.007468405572857197,-0.0075833806059027375
2011-03-21,-0.17081920715939397,-0.17081920715939397,-0.46158102554091174,0.07851884227692296,-0.011396274057486933,-0.011435533478625394
2011-03-22,-0.0643696690627003,-0.0643696690627003,-0.3501421477339773,0.11143887780693446,0.001003013176739777,0.0009472937378363097
2011-03-23,0.01193074799165593,0.01193074799165593,-0.17081920715939397,0.1793229405745833,-0.0002020228675033146,-0.00029168433779060626
2011-03-24,0.12277951501023933,0.12277951501023933,-0.0643696690627003,0.10644953809669368,-0.0008582578411696031,-0.00091148261021795
2011-03-25,0.14487677662077453,0.14487677662077453,0.01193074799165593,0.07630041705435622,-0.00013114988335145115,-0.00016930009187862927
2011-03-28,0.15549117720657613,0.15549117720657613,0.12277951501023933,0.1108487670185834,-6.1984493682611e-05,-0.00011740887719190269
2011-03-29,0.18064755040517771,0.18064755040517771,0.14487677662077453,0.0220972616105352,0.0007566839896350065,0.000745635358829739
2011-03-30,0.22111327228077932,0.22111327228077932,0.15549117720657613,0.010614400585801598,0.0018504508039310014,0.0018451436036381007
2011-03-31,0.20300312099074191,0.20300312099074191,0.18064755040517771,0.02515637319860159,-0.0008677332184404477,-0.0008803114050397484
2011-04-01,0.22651896580954478,0.22651896580954478,0.22111327228077932,0.0404657218756016,0.0020977617818975776,0.0020775289209597767
2011-04-04,0.20397223634337378,0.20397223634337378,0.20300312099074191,0.018110151290037402,0.00026773345534426916,0.0002586783796992505
2011-04-05,0.17861708058692002,0.17861708058692002,0.22651896580954478,0.023515844818802867,-0.0005594822332178318,-0.0005712401556272332
2011-04-06,0.2104386776683789,0.2104386776683789,0.20397223634337378,0.022546729466171006,0.0016834910868863805,0.001672217722153295
2011-04-07,0.18944778543251817,0.18944778543251817,0.17861708058692002,0.02535515575645375,-0.0008773349255859426,-0.0008900125034641695
2011-04-08,0.2055456248750576,0.2055456248750576,0.2104386776683789,0.031821597081458874,0.001731189436917281,0.0017152786383765515
2011-04-11,0.20201604126868383,0.20201604126868383,0.18944778543251817,0.02099089223586073,-0.0003710061152751912,-0.00038150156139312157
2011-04-12,0.17412130838657758,0.17412130838657758,0.2055456248750576,0.016097839442539424,-0.0019156121394686763,-0.001923661059189946
2011-04-13,0.14937341866547763,0.14937341866547763,0.20201604126868383,0.0035295836063737596,0.0006001664801119596,0.0005984016883087727
2011-04-14,0.14894313620275523,0.14894313620275523,0.17412130838657758,0.027894732882106255,0.0007735995935342857,0.0007596522270932325
2011-04-15,0.12777475893991155,0.12777475893991155,0.14937341866547763,0.024747889721099953,-0.0002202424016847823,-0.00023261634654533228
2011-04-18,0.10680643846271795,0.10680643846271795,0.14894313620275523,0.00043028246272239223,-0.003054632817082195,-0.0030548479583135564
2011-04-19,0.1135756595930865,0.1135756595930865,0.12777475893991155,0.02116837726284368,0.0009417648318862103,0.0009311806432547885
2011-04-20,0.34250054496900795,0.34250054496900795,0.10680643846271795,0.020968320477193603,0.0027171778017456337,0.0027066936415070368
2011-04-21,0.5616670299793387,0.5616670299793387,0.1135756595930865,0.006769221130368555,0.0007367015949144455,0.0007333169843492612
2011-04-25,0.7077780199862258,0.7077780199862258,0.34250054496900795,0.22892488537592143,0.0,-0.00011446244268796071
2011-04-26,0.8051853466574839,0.8051853466574839,0.5616670299793387,0.21916648501033076,0.004343445095306266,0.004233861852801101
2011-04-27,0.8701235644383227,0.8701235644383227,0.7077780199862258,0.1461109900068871,0.008826184997623792,0.008753129502620348
2011-04-28,0.9134157096255486,0.9134157096255486,0.8051853466574839,0.09740732667125807,0.005466790886810279,0.00541808722347465
2011-04-29,0.8827875668528409,0.8827875668528409,0.8701235644383227,0.06493821778083886,-0.004093748863220875,-0.004126217972111295
2011-05-02,0.9218583779018941,0.9218583779018941,0.9134157096255486,0.043292145187225906,0.005901082614343799,0.005879436541750186
2011-05-03,0.8196007196240325,0.8196007196240325,0.8827875668528409,0.030628142772707756,-0.007187363780574713,-0.007202677851961067
2011-05-04,0.6909962057177907,0.6909962057177907,0.9218583779018941,0.03907081104905319,-0.007857716299639763,-0.00787725170516429
2011-05-05,0.5122214164946706,0.5122214164946706,0.8196007196240325,0.1022576582778616,-0.016180800695731315,-0.016231929524870247
2011-05-06,0.39111149275461876,0.39111149275461876,0.6909962057177907,0.12860451390624172,0.0003367106323320836,0.00027240837537896275
2011-05-09,0.33614311164703514,0.33614311164703514,0.5122214164946706,0.17877478922312018,0.003658783392236992,0.003569395997625432
2011-05-10,0.3456217453948651,0.3456217453948651,0.39111149275461876,0.1211099237400518,0.003719460097081165,0.003658905135211139
2011-05-11,0.28227816800590644,0.28227816800590644,0.33614311164703514,0.05496838110758362,-0.006762638303178639,-0.006790122493732431
2011-05-12,0.24527452150236273,0.24527452150236273,0.3456217453948651,0.009478633747829979,0.001126372322735305,0.0011216330058613899
2011-05-13,0.19238733064735725,0.19238733064735725,0.28227816800590644,0.06334357738895868,-0.004401271063828076,-0.004432942852522555
2011-05-16,0.15086465909237345,0.15086465909237345,0.24527452150236273,0.03700364650354371,-0.0004451330005060715,-0.00046363482375784334
2011-05-17,0.12767380981434379,0.12767380981434379,0.19238733064735725,0.052887190855005484,0.0004133766853215194,0.00038693308989401666
2011-05-18,0.12969467071746896,0.12969467071746896,0.15086465909237345,0.04152267155498379,0.0009206761637220712,0.0008999148279445794
2011-05-19,0.12994032180972173,0.12994032180972173,0.12767380981434379,0.023190849278029668,0.0007325696152905442,0.0007209741906515294
2011-05-20,0.11054078479935697,0.11054078479935697,0.12969467071746896,0.002020860903125171,-0.0018391977509115431,-0.0018402081813631056
2011-05-23,0.06433017923859535,0.06433017923859535,0.12994032180972173,0.00024565109225277437,-0.003007873637903624,-0.00300799646344975
2011-05-24,0.042753190949441786,0.042753190949441786,0.11054078479935697,0.01939953701036476,0.0006361337814542831,0.0006264340129491007
2011-05-25,0.03660106767812989,0.03660106767812989,0.06433017923859535,0.04621060556076162,0.00041140469420317816,0.0003882993914227973
2011-05-26,0.0477565163130743,0.0477565163130743,0.042753190949441786,0.021576988289153567,0.0004003664191495312,0.0003895779250049544
2011-05-27,0.06340582663440494,0.06340582663440494,0.03660106767812989,0.006152123271311899,0.00026680757533629557,0.0002637315137006396
2011-05-31,0.1454826828805567,0.1454826828805567,0.0477565163130743,0.011155448634944415,0.0009896900814585815,0.0009841123571411093
2011-06-01,0.14166461319172313,0.14166461319172313,0.06340582663440494,0.015649310321330642,-0.0015018790297808185,-0.0015097036849414838
2011-06-02,0.15244502983828132,0.15244502983828132,0.1454826828805567,0.08207685624615177,0.0007443275285523036,0.0007032891004292277
2011-06-03,0.16027568823036675,0.16027568823036675,0.14166461319172313,0.0038180696888335808,6.981854165452165e-05,6.790950681010486e-05
2011-06-06,0.13355990928245054,0.13355990928245054,0.15244502983828132,0.010780416646558183,-0.0019765458249266224,-0.0019819360332499016
2011-06-07,0.12669834768927063,0.12669834768927063,0.16027568823036675,0.007830658392085438,0.0014657360179181824,0.0014618206887221396
2011-06-08,0.09999154585099211,0.09999154585099211,0.13355990928245054,0.026715778947916213,-0.0017165059030637686,-0.0017298637925377267
2011-06-09,0.10590485069465738,0.10590485069465738,0.12669834768927063,0.00686156159317991,0.001311158703909341,0.001307727923112751
2011-06-10,-0.0043071199931013215,-0.0043071199931013215,0.09999154585099211,0.02670680183827852,-0.0023127140342042484,-0.0023260674351233876
2011-06-13,-0.1247021446734253,-0.1247021446734253,0.10590485069465738,0.005913304843665271,0.00016121629062972699,0.00015825963820789436
2011-06-14,-0.18468674886126707,-0.18468674886126707,-0.0043071199931013215,0.1102119706877587,-7.636670632487923e-05,-0.00013147269166875858
2011-06-15,-0.45645783257417805,-0.45645783257417805,-0.1247021446734253,0.12039502468032398,0.004096719268435966,0.0040365217560958035
2011-06-16,-0.6376385550494521,-0.6376385550494521,-0.18468674886126707,0.05998460418784177,0.0006337118358881195,0.0006037195337941986
2011-06-17,-0.6437148095160248,-0.6437148095160248,-0.45645783257417805,0.271771083712911,-0.004478940786395832,-0.004614826328252287
2011-06-20,-0.6588438627678677,-0.6588438627678677,-0.6376385550494521,0.18118072247527406,0.0007609339657801387,0.0006703436045425017
2011-06-21,-0.5210683565434374,-0.5210683565434374,-0.6437148095160248,0.0060762544665726725,-0.01395317044473519,-0.013956208571968477
2011-06-22,-0.4854338306015755,-0.4854338306015755,-0.6588438627678677,0.015129053251842883,0.006384258247316382,0.0063766937206904606
2011-06-23,-0.5260903579085436,-0.5260903579085436,-0.5210683565434374,0.13777550622443024,0.00448044775716663,0.004411560004054415
2011-06-24,-0.6541012082197581,-0.6541012082197581,-0.4854338306015755,0.035634525941861894,0.004631081707477341,0.00461326444450641
2011-06-27,-0.6457067895545497,-0.6457067895545497,-0.5260903579085436,0.040656527306968115,-0.004330262513950444,-0.004350590777603929
2011-06-28,-0.5440885462495383,-0.5440885462495383,-0.6541012082197581,0.1280108503112145,-0.007839606288469842,-0.00790361171362545
2011-06-29,-0.38111506133334566,-0.38111506133334566,-0.6457067895545497,0.008394418665208403,-0.011304940370622645,-0.011309137579955249
2011-06-30,-0.23899941050759532,-0.23899941050759532,-0.5440885462495383,0.10161824330501146,-0.007893382237702324,-0.00794419135935483
2011-07-01,-0.1131171890064893,-0.1131171890064893,-0.38111506133334566,0.16297348491619262,-0.004182483152423888,-0.004263969894881984
2011-07-05,-0.04558313973615209,-0.04558313973615209,-0.23899941050759532,0.14211565082575034,0.0014151245488903353,0.0013440667234774601
2011-07-06,-0.019911240581838654,-0.019911240581838654,-0.1131171890064893,0.125882221501106,0.000711166797640044,0.000648225686889491
2011-07-07,0.012566572009855951,0.012566572009855951,-0.04558313973615209,0.06753404927033721,-0.00039465006753043044,-0.00042841709216559905
2011-07-08,0.010909558864731501,0.010909558864731501,-0.019911240581838654,0.02567189915431344,0.0002465082804737888,0.0002336723308966321
2011-07-11,-0.12172576551691752,-0.12172576551691752,0.012566572009855951,0.032477812591694605,-0.00038016889170616156,-0.00039640779800200886
2011-07-12,-0.2654729635551546,-0.2654729635551546,0.010909558864731501,0.0016570131451244495,-7.333378088814796e-05,-7.41622874607102e-05
2011-07-13,-0.25913379093490235,-0.25913379093490235,-0.12172576551691752,0.13263532438164902,-0.0018164759338136622,-0.0018827935960044867
2011-07-14,-0.3010986158115644,-0.3010986158115644,-0.2654729635551546,0.14374719803823707,0.0023147249274217386,0.00224285132840262
2011-07-15,-0.2975254718615402,-0.2975254718615402,-0.25913379093490235,0.0063391726202522425,-0.0008939450397234697,-0.0008971146260335958
2011-07-18,-0.42921987718841603,-0.42921987718841603,-0.3010986158115644,0.04196482487666203,0.004450847402843367,0.004429864990405036
2011-07-19,-0.3935832134104889,-0.3935832134104889,-0.2975254718615402,0.0035731439500241713,-0.004464016300605188,-0.0044658028725801996
2011-07-20,-0.3158010241993429,-0.3158010241993429,-0.42921987718841603,0.13169440532687582,-0.005090174803787234,-0.005156022006450672
2011-07-21,-0.18757089272094205,-0.18757089272094205,-0.3935832134104889,0.035636663777927124,-0.008357147816485295,-0.008374966148374258
2011-07-22,-0.09908175515698328,-0.09908175515698328,-0.3158010241993429,0.07778218921114599,-0.00031514900044549333,-0.0003540400950510663
2011-07-25,-0.06426531246665253,-0.06426531246665253,-0.18757089272094205,0.12823013147840087,0.0011843889153701102,0.0011202738496309097
2011-07-26,-0.0291851743494191,-0.0291851743494191,-0.09908175515698328,0.08848913756395876,-0.0005964971952788729,-0.0006407417640608522
2011-07-27,-0.06525893161425465,-0.06525893161425465,-0.06426531246665253,0.034816442690330754,0.0015596312621111263,0.001542223040765961
2011-07-28,-0.08544481906657106,-0.08544481906657106,-0.0291851743494191,0.03508013811723343,6.960506288969455e-05,5.206499383107783e-05
2011-07-29,-0.08447615222103214,-0.08447615222103214,-0.06525893161425465,0.036073757264835554,-0.00016715427599515097,-0.00018519115462756875
2011-08-01,-0.1475081926215492,-0.1475081926215492,-0.08544481906657106,0.020185887452316406,0.0010769784455292289,0.0010668855018030707
2011-08-02,-0.43167212841436614,-0.43167212841436614,-0.08447615222103214,0.0009686668455389236,0.002229579083331297,0.0022290947499085272
2011-08-03,-0.5167997270617837,-0.5167997270617837,-0.1475081926215492,0.06303204040051708,-0.0008624712873021215,-0.0008939873075023801
2011-08-04,-0.6778664847078558,-0.6778664847078558,-0.43167212841436614,0.28416393579281696,0.030111463261877414,0.029969381293981006
2011-08-05,-0.6619411576933953,-0.6619411576933953,-0.5167997270617837,0.08512759864741754,-0.009101076474992052,-0.00914364027431576
2011-08-08,-0.7746274384622636,-0.7746274384622636,-0.6778664847078558,0.16106675764607215,0.05058150759326075,0.050500974214437715
2011-08-09,-0.6114397262259184,-0.6114397262259184,-0.6619411576933953,0.015925327014460477,-0.044591171858304884,-0.04459913452181211
2011-08-10,-0.7234126874486142,-0.7234126874486142,-0.7746274384622636,0.11268628076886822,0.0462617825861708,0.04620543944578637
2011-08-11,-0.6233251206204592,-0.6233251206204592,-0.6114397262259184,0.1631877122363452,-0.029279409689930157,-0.02936100354604833
2011-08-12,-0.5226424182848494,-0.5226424182848494,-0.7234126874486142,0.11197296122269584,-0.008299280897001281,-0.00835526737761263
2011-08-15,-0.3919477150148936,-0.3919477150148936,-0.6233251206204592,0.100087566828155,-0.014493392787596149,-0.014543436571010227
2011-08-16,-0.3449462398823877,-0.3449462398823877,-0.5226424182848494,0.10068270233560983,0.007627867290501464,0.007577525939333659
2011-08-17,-0.2977009689200607,-0.2977009689200607,-0.3919477150148936,0.13069470326995575,-0.0022778424712717326,-0.0023431898229067105
2011-08-18,-0.4183406658649312,-0.4183406658649312,-0.3449462398823877,0.04700147513250591,0.016781092815603398,0.016757592078037144
2011-08-19,-0.569738442235658,-0.569738442235658,-0.2977009689200607,0.047245270962327,0.005074482402874827,0.005050859767393664
2011-08-22,-0.6349380749887474,-0.6349380749887474,-0.4183406658649312,0.12063969694487048,-0.00266837378607884,-0.002728693634551275
2011-08-23,-0.5470508884463622,-0.5470508884463622,-0.569738442235658,0.15139777637072677,-0.018506000510329884,-0.01858169939851525
2011-08-24,-0.4637427311731702,-0.4637427311731702,-0.6349380749887474,0.06519963275308949,-0.00024365399717286978,-0.00027625381354941453
2011-08-25,-0.4791471968981531,-0.4791471968981531,-0.5470508884463622,0.08788718654238525,0.013217366946180734,0.013173423352909542
2011-08-26,-0.42972695117926696,-0.42972695117926696,-0.4637427311731702,0.08330815727319196,-0.007290053557223173,-0.007331707635859769
2011-08-29,-0.3400181104939417,-0.3400181104939417,-0.4791471968981531,0.015404465724982885,-0.011401693371641177,-0.011409395604503669
2011-08-30,-0.290173648888877,-0.290173648888877,-0.42972695117926696,0.04942024571888615,0.0025173179480541806,0.0024926078251947376
2011-08-31,-0.22795047426080217,-0.22795047426080217,-0.3400181104939417,0.08970884068532525,-0.006204472635251788,-0.006249327055594451
2011-09-01,-0.1804002799159422,-0.1804002799159422,-0.290173648888877,0.04984446160506473,0.0035750156092239464,0.0035500933784214143
2011-09-02,-0.19208318226179721,-0.19208318226179721,-0.22795047426080217,0.06222317462807481,0.005083690076030773,0.005052578488716736
2011-09-06,-0.39936473241729553,-0.39936473241729553,-0.1804002799159422,0.047550194344859964,0.005928543332931394,0.005904768235758964
2011-09-07,-0.3665589713410329,-0.3665589713410329,-0.19208318226179721,0.011682902345855006,-0.005720700608150111,-0.005726542059323038
2011-09-08,-0.44372961751528767,-0.44372961751528767,-0.39936473241729553,0.20728155015549832,0.00790682673354782,0.007803185958470071
2011-09-09,-0.6291530783435251,-0.6291530783435251,-0.3665589713410329,0.03280576107626265,0.01270240416427102,0.012686001283732888
2011-09-12,-0.7527687188956834,-0.7527687188956834,-0.44372961751528767,0.07717064617425479,0.0019115907336329967,0.0018730054105458693
2011-09-13,-0.7371092157279848,-0.7371092157279848,-0.6291530783435251,0.1854234608282374,-0.006739963004137752,-0.00683267473455187
2011-09-14,-0.6466406394898054,-0.6466406394898054,-0.7527687188956834,0.12361564055215835,-0.01135453226706551,-0.01141634008734159
2011-09-15,-0.5181906747332172,-0.5181906747332172,-0.7371092157279848,0.015659503167698596,-0.015985463332672437,-0.015993293084256285
2011-09-16,-0.43114900568448983,-0.43114900568448983,-0.6466406394898054,0.09046857623817939,-0.0002542411347855284,-0.00029947542290461806
2011-09-19,-0.4765749826628041,-0.4765749826628041,-0.5181906747332172,0.1284499647565882,0.014252872795287226,0.014188647812908932
2011-09-20,-0.4708880290182642,-0.4708880290182642,-0.43114900568448983,0.0870416690487274,-0.0017419486655427,-0.0017854695000670637
2011-09-21,-0.6472586860121762,-0.6472586860121762,-0.4765749826628041,0.0454259769783143,0.014191571866263818,0.01416885887777466
2011-09-22,-0.7648391240081175,-0.7648391240081175,-0.4708880290182642,0.005686953644539916,0.015234068177265947,0.015231224700443677
2011-09-23,-0.7415457831237275,-0.7415457831237275,-0.6472586860121762,0.17637065699391197,-0.0073521338334236646,-0.007440319161920621
2011-09-26,-0.6298956333149295,-0.6298956333149295,-0.7648391240081175,0.11758043799594131,-0.015721355912461984,-0.015780146131459956
2011-09-27,-0.49640848649975355,-0.49640848649975355,-0.7415457831237275,0.023293340884389946,-0.018323013265650195,-0.01833465993609239
2011-09-28,-0.4486599738639996,-0.4486599738639996,-0.6298956333149295,0.11165014980879806,0.010721691266139945,0.010665866191235546
2011-09-29,-0.3689195889445605,-0.3689195889445605,-0.49640848649975355,0.13348714681517593,-0.009721557542019362,-0.00978830111542695
2011-09-30,-0.42686393403712797,-0.42686393403712797,-0.4486599738639996,0.04774851263575397,0.015239624143718494,0.015215749887400617
2011-10-03,-0.6179092893580853,-0.6179092893580853,-0.3689195889445605,0.07974038491943908,0.009728706569325481,0.009688836376865762
2011-10-04,-0.6329882036567984,-0.6329882036567984,-0.42686393403712797,0.05794434509256746,-0.007157275884700702,-0.007186248057246986
2011-10-05,-0.5688466373158968,-0.5688466373158968,-0.6179092893580853,0.19104535532095734,-0.009536293749142779,-0.009631816426803257
2011-10-06,-0.4459370951132839,-0.4459370951132839,-0.6329882036567984,0.015078914298713109,-0.01700094611735831,-0.017008485574507667
2011-10-07,-0.37873252927367235,-0.37873252927367235,-0.5688466373158968,0.06414156634090162,0.003921288871103731,0.0038892180879332803
2011-10-10,-0.28615699181190585,-0.28615699181190585,-0.4459370951132839,0.12290954220261291,-0.01702511398206482,-0.017086568753166127
2011-10-11,-0.22370845901783792,-0.22370845901783792,-0.37873252927367235,0.06720456583961154,0.0006702771264720999,0.0006366748435522941
2011-10-12,-0.16716319088302095,-0.16716319088302095,-0.28615699181190585,0.0925755374617665,-0.004171797697019649,-0.004218085465750533
2011-10-13,-0.12833783213575703,-0.12833783213575703,-0.22370845901783792,0.062448532794067924,-8.689704507199112e-05,-0.00011812131146902508
2011-10-14,-0.08972428380811015,-0.08972428380811015,-0.16716319088302095,0.05654526813481697,-0.001946758268751086,-0.0019750309028184945
2011-10-17,-0.0701037084585661,-0.0701037084585661,-0.12833783213575703,0.03882535874726392,0.002954840568373754,0.002935427889000122
2011-10-18,-0.05215167676934411,-0.05215167676934411,-0.08972428380811015,0.03861354832764688,-0.0012863233437868601,-0.0013056301179506836
2011-10-19,-0.04689977903594507,-0.04689977903594507,-0.0701037084585661,0.019620575349544048,0.0012622842281762648,0.0012524739405014927
2011-10-20,-0.03909678389688309,-0.03909678389688309,-0.05215167676934411,0.017952031689221992,-0.0001336541739586088,-0.0001426301898032198
2011-10-21,-0.02708246889854339,-0.02708246889854339,-0.04689977903594507,0.005251897733399041,-0.0011344593949334824,-0.0011370853438001818
2011-10-24,-0.01599972869696587,-0.01599972869696587,-0.03909678389688309,0.007802995139061977,-0.0005855420663723705,-0.0005894435639419015
2011-10-25,-0.008435264200272005,-0.008435264200272005,-0.02708246889854339,0.0120143149983397,0.00046622498975271235,0.0004602178322535425
2011-10-26,0.00014285085332509193,0.00014285085332509193,-0.01599972869696587,0.01108274020157752,-0.0002186677737183028,-0.00022420914381909157
2011-10-27,0.33342856723555003,0.33342856723555003,-0.008435264200272005,0.0075644644966938665,-0.00046613549316144187,-0.0004699177254097888
2011-10-28,0.48617055910089746,0.48617055910089746,0.00014285085332509193,0.008578115053597096,-8.22642510722998e-07,-5.111700037521547e-06
2011-10-31,0.37325306978792205,0.37325306978792205,0.33342856723555003,0.33328571638222493,-0.01732003702040753,-0.017486679878598643
2011-11-01,0.2451620993293343,0.2451620993293343,0.48617055910089746,0.15274199186534743,-0.015222002879343327,-0.015298373875276002
2011-11-02,0.17561451402704123,0.17561451402704123,0.37325306978792205,0.1129174893129754,0.003163075909928315,0.0031066171652718274
2011-11-03,0.1874575643770804,0.1874575643770804,0.2451620993293343,0.12809097045858775,0.0061806201732543704,0.006116574688025077
2011-11-04,0.16550851433736305,0.16550851433736305,0.17561451402704123,0.06954758530229307,-0.0022094167027964314,-0.002244190495447578
2011-11-07,0.1600947794543071,0.1600947794543071,0.1874575643770804,0.011843050350039158,0.0007962052152372847,0.0007902836900622652
2011-11-08,0.1864501310390277,0.1864501310390277,0.16550851433736305,0.021949050039717338,0.0020044230774239656,0.001993448552404107
2011-11-09,0.0827693776989151,0.0827693776989151,0.1600947794543071,0.005413734883055937,-0.008210003602045289,-0.008212710469486817
2011-11-10,0.044336476894304894,0.044336476894304894,0.1864501310390277,0.026355351584720577,0.002202318241741976,0.0021891405659496157
2011-11-11,0.06888718332798763,0.06888718332798763,0.0827693776989151,0.10368075334011259,0.0020634874696837924,0.002011647093013736
2011-11-14,0.047081275975052954,0.047081275975052954,0.044336476894304894,0.038432900804610204,-0.0007874453403114713,-0.0008066617907137764
2011-11-15,0.028519147584140404,0.028519147584140404,0.06888718332798763,0.024550706433682734,-0.00018954313377540395,-0.00020181848699224532
2011-11-16,-0.014584297847085054,-0.014584297847085054,0.047081275975052954,0.021805907352934674,-0.0009000383769468579,-0.0009109413306233252
2011-11-17,-0.0560945899058632,-0.0560945899058632,0.028519147584140404,0.01856212839091255,-0.00030943788018812147,-0.00031871894438357775
2011-11-18,-0.07860418986776901,-0.07860418986776901,-0.014584297847085054,0.04310344543122546,-5.036137648714957e-05,-7.19130992027623e-05
2011-11-21,-0.1599665649784971,-0.1599665649784971,-0.0560945899058632,0.04151029205877814,0.0014194083919317698,0.0013986532459023808
2011-11-22,-0.21989565011204043,-0.21989565011204043,-0.07860418986776901,0.022509599961905817,0.0002285469552028126,0.00021729215522185968
2011-11-23,-0.4226563638665123,-0.4226563638665123,-0.1599665649784971,0.08136237511072808,0.004398180919403242,0.004357499731847877
2011-11-25,-0.6151042425776749,-0.6151042425776749,-0.21989565011204043,0.059929085133543336,0.0011303196403151569,0.0011003550977483853
2011-11-28,-0.47740383867267366,-0.47740383867267366,-0.4226563638665123,0.20276071375447186,-0.01801644988690288,-0.018117830243780116
2011-11-29,-0.37141092331847725,-0.37141092331847725,-0.6151042425776749,0.19244787871116265,-0.0040644236050618255,-0.004160647544417407
2011-11-30,-0.23341981908731257,-0.23341981908731257,-0.47740383867267366,0.13770040390500127,-0.02438427487712516,-0.024453125079077664
2011-12-01,-0.1557970352002665,-0.1557970352002665,-0.37141092331847725,0.10599291535419642,0.003189491011024879,0.003136494553347781
2011-12-02,-0.1043584334854837,-0.1043584334854837,-0.23341981908731257,0.13799110423116467,4.589071088538776e-05,-2.3104841230194575e-05
2011-12-05,-0.051076789526586626,-0.051076789526586626,-0.1557970352002665,0.07762278388704608,-0.0017791230051144,-0.0018179343970579232
2011-12-06,-0.024841888811730498,-0.024841888811730498,-0.1043584334854837,0.0514386017147828,0.0004875278318354858,0.0004618085309780944
2011-12-07,0.0028294870523837834,0.0028294870523837834,-0.051076789526586626,0.05328164395889707,-0.00035962443146523443,-0.00038626525344468294
2011-12-08,-0.029268206232731065,-0.029268206232731065,-0.024841888811730498,0.026234900714856128,0.00081536250474642,0.0008022450543889919
2011-12-09,-0.012551363964551629,-0.012551363964551629,0.0028294870523837834,0.02767137586411428,7.045334002274165e-05,5.6617652090684506e-05
2011-12-12,-0.047812333184259925,-0.047812333184259925,-0.029268206232731065,0.032097693285114845,0.0008544285989589691,0.0008383797523164116
2011-12-13,-0.10192786952143887,-0.10192786952143887,-0.012551363964551629,0.016716842268179436,0.00016971013640322552,0.0001613517152691358
2011-12-14,-0.12616149793060216,-0.12616149793060216,-0.047812333184259925,0.035260969219708296,0.0005673447425673978,0.0005497142579575436
2011-12-15,-0.1351376451299961,-0.1351376451299961,-0.10192786952143887,0.05411553633717894,-0.0005064706032948715,-0.0005335283714634609
2011-12-16,-0.1522622191969119,-0.1522622191969119,-0.12616149793060216,0.024233628409163294,0.0005197969292486274,0.0005076801150440457
2011-12-19,-0.18335156243872183,-0.18335156243872183,-0.1351376451299961,0.008976147199393936,0.0012580348036243339,0.0012535467300246368
2011-12-20,-0.15442635389983397,-0.15442635389983397,-0.1522622191969119,0.01712457406691581,-0.005370297016236705,-0.005378859303270163
2011-12-21,-0.14339804133568407,-0.14339804133568407,-0.18335156243872183,0.031089343241809925,0.0009731492200761966,0.0009576045484552916
2011-12-22,-0.11583517638104668,-0.11583517638104668,-0.15442635389983397,0.02892520853888786,-0.0013944204685952413,-0.0014088830728646853
2011-12-23,-0.0869314956792031,-0.0869314956792031,-0.14339804133568407,0.011028312564149906,-0.0009915678125315382,-0.0009970819688136132
2011-12-27,-0.06488220872352711,-0.06488220872352711,-0.11583517638104668,0.02756286495463739,0.0005147240725551869,0.0005009426400778683
2011-12-28,-0.0654403476472743,-0.0654403476472743,-0.0869314956792031,0.028903680701843584,0.0015696828014077002,0.0015552309610567783
2011-12-29,-0.05284929528149701,-0.05284929528149701,-0.06488220872352711,0.022049286955675984,-0.001193091895745782,-0.00120411653922362
2011-12-30,-0.04183487599052055,-0.04183487599052055,-0.0654403476472743,0.0005581389237471895,-0.00031865323470319233,-0.0003189323041650659
2012-01-03,-0.018713123605526873,-0.018713123605526873,-0.05284929528149701,0.012591052365777289,-0.0014404458880478764,-0.001446741414230765
2012-01-04,-0.007813845797004846,-0.007813845797004846,-0.04183487599052055,0.011014419290976463,0.0002466582519667892,0.00024115104232130097
2012-01-05,-0.008130662740038803,-0.008130662740038803,-0.018713123605526873,0.023121752384993675,0.000277474837015462,0.00026591396082296514
2012-01-06,-0.016563261330789888,-0.016563261330789888,-0.007813845797004846,0.010899277808522028,0.00010663419611595549,0.00010118455721169447
2012-01-09,-0.019418154817896723,-0.019418154817896723,-0.008130662740038803,0.0003168169430339575,-3.14338476235118e-05,-3.159225609502878e-05
2012-01-10,-0.014108951501391081,-0.014108951501391081,-0.016563261330789888,0.008432598590751085,-0.0002517732837014068,-0.0002559895829967824
2012-01-11,-0.012245839159119136,-0.012245839159119136,-0.019418154817896723,0.0028548934871068347,6.202933882093744e-05,6.060189207738402e-05
2012-01-12,-0.00857306497029336,-0.00857306497029336,-0.014108951501391081,0.005309203316505641,-5.9339171520594e-05,-6.199377317884682e-05
2012-01-13,-0.009363897591809757,-0.009363897591809757,-0.012245839159119136,0.0018631123422719453,0.00013188637418802416,0.0001309548180168882
2012-01-17,-0.006325399001277497,-0.006325399001277497,-0.00857306497029336,0.0036727741888257764,-0.00010197926574212705,-0.00010381565283653995
2012-01-18,-0.0015589853127860424,-0.0015589853127860424,-0.009363897591809757,0.0007908326215163974,-0.00015671508836027903,-0.00015711050467103724
2012-01-19,0.006067249994485568,0.006067249994485568,-0.006325399001277497,0.00303849859053226,-7.80908576559013e-05,-7.961010695116744e-05
2012-01-20,0.008281737938389697,0.008281737938389697,-0.0015589853127860424,0.0047664136884914545,-8.148313012477724e-06,-1.053151985672345e-05
2012-01-23,0.006508412081331963,0.006508412081331963,0.006067249994485568,0.00762623530727161,2.3368647069006894e-05,1.955552941537109e-05
2012-01-24,0.0057875008509569534,0.0057875008509569534,0.008281737938389697,0.0022144879439041287,-4.60754054377466e-05,-4.718264940969867e-05
2012-01-25,0.008488118378478349,0.008488118378478349,0.006508412081331963,0.0017733258570577339,6.779924945241035e-05,6.691258652388149e-05
2012-01-26,0.33899207891898553,0.33899207891898553,0.0057875008509569534,0.0007209112303750093,2.2075508843492765e-06,1.847095269161772e-06
2012-01-27,0.5593280526126571,0.5593280526126571,0.008488118378478349,0.0027006175275213953,1.4578737990432211e-05,1.3228429226671514e-05
2012-01-30,0.44406772727069493,0.44406772727069493,0.33899207891898553,0.3305039605405072,-0.00400396673552281,-0.004169218715793063
2012-01-31,0.42273197036296883,0.42273197036296883,0.5593280526126571,0.22033597369367153,0.002911462717853935,0.002801294731007099
2012-02-01,0.615154646908646,0.615154646908646,0.44406772727069493,0.11526032534196212,0.006983696298036488,0.006926066135365507
2012-02-02,0.7434364312724306,0.7434364312724306,0.42273197036296883,0.0213357569077261,0.0008781457851173736,0.0008674779066635105
2012-02-03,0.8289576208482872,0.8289576208482872,0.615154646908646,0.19242267654567713,0.00962068436064963,0.009524473022376792
2012-02-06,0.7536684714644153,0.7536684714644153,0.7434364312724306,0.12828178436378468,-0.003585900608954968,-0.0036500415011368604
2012-02-07,0.835778980976277,0.835778980976277,0.8289576208482872,0.08552118957585653,0.005099603920644927,0.005056843325856999
2012-02-08,0.8905193206508515,0.8905193206508515,0.7536684714644153,0.07528914938387188,0.0026533176249259965,0.0026156730502340606
2012-02-09,0.9270128804339011,0.9270128804339011,0.835778980976277,0.08211050951186172,0.0021605001185887114,0.0021194448638327808
2012-02-10,0.7276151581314163,0.7276151581314163,0.8905193206508515,0.05474033967457448,-0.016891790173020917,-0.016919160342858206
2012-02-13,0.6822742519531055,0.6822742519531055,0.9270128804339011,0.03649355978304958,0.010614980809309407,0.010596734029417883
2012-02-14,0.5902895594696533,0.5902895594696533,0.7276151581314163,0.19939772230248476,-0.005401560407356066,-0.005501259268507308
2012-02-15,0.5195824179170898,0.5195824179170898,0.6822742519531055,0.04534090617831077,0.0007654233026800405,0.0007427528495908851
2012-02-16,0.6718785986420608,0.6718785986420608,0.5902895594696533,0.0919846924834522,0.008158634834292623,0.008112642488050896
2012-02-17,0.7812523990947072,0.7812523990947072,0.5195824179170898,0.07070714155256352,0.0022973655379685287,0.002262011967192247
2012-02-21,0.8541682660631382,0.8541682660631382,0.6718785986420608,0.15229618072497098,0.0001232182590626504,4.7070168700164916e-05
2012-02-22,0.8409770166048993,0.8409770166048993,0.7812523990947072,0.10937380045264644,-0.002292345601912967,-0.00234703250213929
2012-02-23,0.8939846777365996,0.8939846777365996,0.8541682660631382,0.072915866968431,0.007069303813215686,0.00703284587973147
2012-02-24,0.9293231184910664,0.9293231184910664,0.8409770166048993,0.013191249458238907,0.00506254954146589,0.00505595391673677
2012-02-27,0.8067993071888355,0.8067993071888355,0.8939846777365996,0.0530076611317003,-0.004538861700692243,-0.004565365531258093
2012-02-28,0.8711995381258903,0.8711995381258903,0.9293231184910664,0.03533844075446679,0.008637688502876134,0.0086200192824989
2012-02-29,0.7074900323285968,0.7074900323285968,0.8067993071888355,0.12252381130223089,-0.01048911380800894,-0.010550375713660055
2012-03-01,0.7649633342044082,0.7649633342044082,0.8711995381258903,0.06440023093705483,0.009881934493990361,0.009849734378521834
2012-03-02,0.6651920560571847,0.6651920560571847,0.7074900323285968,0.1637095057972936,-0.006527141239687654,-0.006608995992586301
2012-03-05,0.5561405367281193,0.5561405367281193,0.7649633342044082,0.057473301875811456,-0.004050400660737562,-0.004079137311675468
2012-03-06,0.4233237414197661,0.4233237414197661,0.6651920560571847,0.09977127814722353,-0.021245152340624213,-0.021295037979697826
2012-03-07,0.38221282695982106,0.38221282695982106,0.5561405367281193,0.10905151932906543,0.0068543313463147295,0.006799805586650197
2012-03-08,0.46879522403952456,0.46879522403952456,0.4233237414197661,0.13281679530835316,0.009118190797122868,0.00905178239946869
2012-03-09,0.5112668624425247,0.5112668624425247,0.38221282695982106,0.041110914459945025,-0.0012614616640871242,-0.0012820171213170967
2012-03-12,0.5266308802927033,0.5266308802927033,0.46879522403952456,0.0865823970797035,-0.0012072817219381021,-0.0012505729204779538
2012-03-13,0.6427914819354852,0.6427914819354852,0.5112668624425247,0.04247163840300017,0.008297975923460434,0.008276740104258934
2012-03-14,0.6566725614229516,0.6566725614229516,0.5266308802927033,0.015364017850178602,-0.004683206246068424,-0.004690888254993513
2012-03-15,0.7323885366218127,0.7323885366218127,0.6427914819354852,0.11616060164278186,0.0061204141299312665,0.006062333829109876
2012-03-16,0.8215923577478752,0.8215923577478752,0.6566725614229516,0.013881079487466419,0.004526322396183456,0.004519381856439722
2012-03-19,0.8810615718319168,0.8810615718319168,0.7323885366218127,0.07571597519886109,0.0038263805821462035,0.003788522594546773
2012-03-20,0.788670084442799,0.788670084442799,0.8215923577478752,0.08920382112606251,-0.009717811244436419,-0.00976241315499945
2012-03-21,0.68103780920888,0.68103780920888,0.8810615718319168,0.0594692140840416,-0.005752363226317901,-0.005782097833359922
2012-03-22,0.542806605713106,0.542806605713106,0.788670084442799,0.09239148738911784,-0.005470973889622872,-0.005517169633317431
2012-03-23,0.49087059923471554,0.49087059923471554,0.68103780920888,0.10763227523391894,0.004757334401715693,0.004703518264098734
2012-03-26,0.5729234715890101,0.5729234715890101,0.542806605713106,0.138231203495774,0.006936290910133624,0.006867175308385737
2012-03-27,0.5455862924467254,0.5455862924467254,0.49087059923471554,0.05193600647839047,-0.0030968441793099914,-0.0031228121825491867
2012-03-28,0.4706264271487382,0.4706264271487382,0.5729234715890101,0.08205287235429459,-0.003948994049357074,-0.003990020485534221
2012-03-29,0.3876809235314246,0.3876809235314246,0.5455862924467254,0.02733717914228473,-0.0034878158609071407,-0.003501484450478283
2012-03-30,0.38597546595046145,0.38597546595046145,0.4706264271487382,0.0749598652979872,0.004239179452173879,0.0042016995195248855
2012-04-02,0.5149144578615883,0.5149144578615883,0.3876809235314246,0.08294550361731362,0.004520156403478318,0.004478683651669661
2012-04-03,0.45777097631272673,0.45777097631272673,0.38597546595046145,0.0017054575809631323,-0.006742167950113369,-0.006743020678903851
2012-04-04,0.3424713278703647,0.3424713278703647,0.5149144578615883,0.12893899191112684,-0.011513880736755949,-0.011578350232711513
2012-04-05,0.24898615433568763,0.24898615433568763,0.45777097631272673,0.05714348154886156,-0.0027461580363397197,-0.0027747297771141505
2012-04-09,0.17446845139963224,0.17446845139963224,0.3424713278703647,0.11529964844236201,-0.0014857741709067007,-0.0015434239951278817
2012-04-10,0.0724162776997871,0.0724162776997871,0.24898615433568763,0.09348517353467709,-0.005329709656881942,-0.005376452243649281
2012-04-11,0.015611755155120123,0.015611755155120123,0.17446845139963224,0.07451770293605539,0.0024317007638168134,0.0023944419123487857
2012-04-12,0.008668407242254098,0.008668407242254098,0.0724162776997871,0.10205217369984514,0.0013271972869061896,0.0012761712000562671
2012-04-13,-0.16328368575491786,-0.16328368575491786,0.015611755155120123,0.05680452254466698,-0.00029853444165088284,-0.0003269367029232163
2012-04-16,-0.21766132886291112,-0.21766132886291112,0.008668407242254098,0.006943347912866025,6.295874433509283e-05,5.948707037865982e-05
2012-04-17,-0.15993591891541684,-0.15993591891541684,-0.16328368575491786,0.17195209299717196,-0.0026026314353474744,-0.0026886074818460604
2012-04-18,-0.14808921546110762,-0.14808921546110762,-0.21766132886291112,0.054377643107993257,0.001138346143414703,0.0011111573218607065
2012-04-19,-0.1668090306420731,-0.1668090306420731,-0.15993591891541684,0.05772540994749428,0.0009609108685890617,0.0009320481636153145
2012-04-20,-0.13164848478586527,-0.13164848478586527,-0.14808921546110762,0.011846703454309215,-0.001426609493232644,-0.0014325328449597988
2012-04-23,-0.2410697281463182,-0.2410697281463182,-0.1668090306420731,0.018719815180965466,0.0033392836999325093,0.0033299237923420264
2012-04-24,-0.24196944628830566,-0.24196944628830566,-0.13164848478586527,0.035160545856207814,-0.0010556035533063287,-0.0010731838262344326
2012-04-25,-0.17480725212285117,-0.17480725212285117,-0.2410697281463182,0.10942124336045292,-0.0032872655709781833,-0.0033419761926584096
2012-04-26,-0.10604807165476504,-0.10604807165476504,-0.24196944628830566,0.0008997181419874711,-0.0014467674103378998,-0.0014472172694088936
2012-04-27,-0.05146650715322207,-0.05146650715322207,-0.17480725212285117,0.06716219416545449,-0.000714291585072937,-0.0007478726821556642
2012-04-30,-0.031154058638771423,-0.031154058638771423,-0.10604807165476504,0.06875918046808613,0.0006081161211930116,0.0005737365309589686
2012-05-01,-0.008557472637709635,-0.008557472637709635,-0.05146650715322207,0.05458156450154297,-0.0002106472055782849,-0.00023793798782905637
2012-05-02,-0.01201403610662213,-0.01201403610662213,-0.031154058638771423,0.020312448514450646,0.0002424447524177837,0.00023228852816055838
2012-05-03,-0.04017962717928871,-0.04017962717928871,-0.008557472637709635,0.022596586001061788,7.510859064381931e-05,6.381029764328841e-05
2012-05-04,-0.15470277365421672,-0.15470277365421672,-0.01201403610662213,0.003456563468912495,0.0001833315218191149,0.00018160324008465866
2012-05-07,-0.15389696843169612,-0.15389696843169612,-0.04017962717928871,0.02816559107266658,-0.0002921179059873862,-0.00030620070152371945
2012-05-08,-0.34313793994087305,-0.34313793994087305,-0.15470277365421672,0.114523146474928,0.0023801478594727655,0.0023228862862353017
2012-05-09,-0.562091959960582,-0.562091959960582,-0.15389696843169612,0.0008058052225206058,0.0017811805775616086,0.0017807776749503483
2012-05-10,-0.5799277439366701,-0.5799277439366701,-0.34313793994087305,0.18924097150917693,-0.0016071800323528144,-0.0017018005181074027
2012-05-11,-0.7199518292911135,-0.7199518292911135,-0.562091959960582,0.21895402001970898,0.003493937906370075,0.00338446089636022
2012-05-14,-0.813301219527409,-0.813301219527409,-0.5799277439366701,0.017835783976088093,0.011108735525689977,0.011099817633701933
2012-05-15,-0.875534146351606,-0.875534146351606,-0.7199518292911135,0.14002408535444333,0.00903904792320484,0.008969035880527618
2012-05-16,-0.917022764234404,-0.917022764234404,-0.813301219527409,0.09334939023629552,0.008042745120078508,0.007996070424960361
2012-05-17,-0.944681842822936,-0.944681842822936,-0.875534146351606,0.06223292682419701,0.010707454180251865,0.010676337716839767
2012-05-18,-0.9631212285486241,-0.9631212285486241,-0.917022764234404,0.04148861788279801,0.0066233012407998235,0.0066025569318584245
2012-05-21,-0.78037097149004,-0.78037097149004,-0.944681842822936,0.027659078588532005,-0.02081417483783054,-0.020828004377124804
2012-05-22,-0.6753614004840421,-0.6753614004840421,-0.9631212285486241,0.01843938572568815,0.003525740885952977,0.003516521193090133
2012-05-23,-0.6669985396486859,-0.6669985396486859,-0.78037097149004,0.18275025705858416,0.006371738029228119,0.006280362900698827
2012-05-24,-0.7300045452393786,-0.7300045452393786,-0.6753614004840421,0.10500957100599784,0.004447865219144703,0.004395360433641704
2012-05-25,-0.8200030301595858,-0.8200030301595858,-0.6669985396486859,0.0083628608353562,0.0023489537853127727,0.0023447723548950944
2012-05-29,-0.7397909227773465,-0.7397909227773465,-0.7300045452393786,0.06300600559069269,-0.009257743732739077,-0.009289246735534423
2012-05-30,-0.8265272818515643,-0.8265272818515643,-0.8200030301595858,0.08999848492020712,0.019359466806014504,0.0193144675635544
2012-05-31,-0.8406786054908788,-0.8406786054908788,-0.7397909227773465,0.08021210738223927,-0.003110964462684441,-0.0031510705163755605
2012-06-01,-0.8937857369939193,-0.8937857369939193,-0.8265272818515643,0.08673635907421784,0.020940207399348352,0.020896839219811243
2012-06-04,-0.8674938328787629,-0.8674938328787629,-0.8406786054908788,0.014151323639314484,-0.007043537316955914,-0.0070506129787755705
2012-06-05,-0.7907771509252848,-0.7907771509252848,-0.8937857369939193,0.05310713150304047,-0.006473843523385773,-0.006500397089137294
2012-06-06,-0.6419488633718688,-0.6419488633718688,-0.8674938328787629,0.02629190411515636,-0.024219340578170778,-0.024232486530228355
2012-06-07,-0.5386764467496529,-0.5386764467496529,-0.7907771509252848,0.07671668195347814,-0.0011391109038201431,-0.0011774692447968822
2012-06-08,-0.4798954438568061,-0.4798954438568061,-0.6419488633718688,0.14882828755341593,0.002110548738297039,0.0020361345945203307
2012-06-11,-0.47801943720826134,-0.47801943720826134,-0.5386764467496529,0.10327241662221598,0.0052190252160928185,0.005167389007781711
2012-06-12,-0.42107602774963915,-0.42107602774963915,-0.4798954438568061,0.05878100289284677,-0.007991588817032571,-0.008020979318478994
2012-06-13,-0.39262412928877616,-0.39262412928877616,-0.47801943720826134,0.001876006648544759,0.0038171032554712263,0.0038161652521469538
2012-06-14,-0.3516649721419301,-0.3516649721419301,-0.42107602774963915,0.056943409458622196,-0.003128718137071561,-0.003157189841800872
2012-06-15,-0.26945447462207806,-0.26945447462207806,-0.39262412928877616,0.02845189846086299,-0.005550330313744573,-0.005564556262975005
2012-06-18,-0.22152724299832646,-0.22152724299832646,-0.3516649721419301,0.04095915714684606,0.0009945969320809952,0.0009741173535075722
2012-06-19,-0.1656068989962736,-0.1656068989962736,-0.26945447462207806,0.08221049751985204,-0.0044763790064079045,-0.004517484255167831
2012-06-20,-0.11591114596764064,-0.11591114596764064,-0.22152724299832646,0.04792723162375159,-0.0012802551760359084,-0.0013042187918477842
2012-06-21,-0.13756108921126348,-0.13756108921126348,-0.1656068989962736,0.05592034400205287,0.00433486755109773,0.004306907379096703
2012-06-22,-0.13456930225348784,-0.13456930225348784,-0.11591114596764064,0.04969575302863295,-0.0009894789463760758,-0.0010143268228903924
2012-06-25,-0.19842410453555412,-0.19842410453555412,-0.13756108921126348,0.021649943243622835,0.003067036516328043,0.0030562115447062316
2012-06-26,-0.21593733555120126,-0.21593733555120126,-0.13456930225348784,0.002991786957775633,-0.000880828778087082,-0.0008823246715659698
2012-06-27,-0.19081927199609405,-0.19081927199609405,-0.19842410453555412,0.06385480228206628,-0.0018731381202587668,-0.0019050655213998
2012-06-28,-0.16172465061834831,-0.16172465061834831,-0.21593733555120126,0.01751323101564714,-0.0004487399535646276,-0.0004574965690724512
2012-06-29,-0.058557868059806506,-0.058557868059806506,-0.19081927199609405,0.025118063555107206,-0.006885634560108411,-0.006898193591885964
2012-07-02,0.028883188870389313,0.028883188870389313,-0.16172465061834831,0.02909462137774574,-0.001068266833411845,-0.0010828141441007178
2012-07-03,0.1143591105973398,0.1143591105973398,-0.058557868059806506,0.10316678255854181,-0.0005356239808193722,-0.0005872073720986431
2012-07-05,0.12444462872703088,0.12444462872703088,0.028883188870389313,0.08744105693019583,-0.0004780662889805464,-0.0005217868174456443
2012-07-06,0.10221210660782258,0.10221210660782258,0.1143591105973398,0.08547592172695048,-0.001076928072111202,-0.0011196660329746773
2012-07-09,0.08253330036137854,0.08253330036137854,0.12444462872703088,0.010085518129691079,-0.00027684329770729955,-0.0002818860567721451
2012-07-10,0.054133854183068916,0.054133854183068916,0.10221210660782258,0.0222325221192083,-0.0006837929673712478,-0.000694909228430852
2012-07-11,0.04108807511614041,0.04108807511614041,0.08253330036137854,0.01967880624644404,0.0002526413842583343,0.0002428019811351123
2012-07-12,0.012146812176722522,0.012146812176722522,0.054133854183068916,0.028399446178309626,-0.0005396910291579929,-0.0005538907522471477
2012-07-13,0.022332951964386154,0.022332951964386154,0.04108807511614041,0.013045779066928505,0.0005826452654914166,0.0005761223759579524
2012-07-16,0.01964512225225043,0.01964512225225043,0.012146812176722522,0.02894126293941789,-2.4618152113791596e-06,-1.6932446681088103e-05
2012-07-17,0.019469189476514923,0.019469189476514923,0.022332951964386154,0.010186139787663633,6.336477773917998e-05,5.8271707845348164e-05
2012-07-18,0.025579442765351436,0.025579442765351436,0.01964512225225043,0.0026878297121357246,0.00015484806212129597,0.00015350414726522811
2012-07-19,0.03072365593970322,0.03072365593970322,0.019469189476514923,0.00017593277573550725,0.00017958060025608427,0.00017949263386821652
2012-07-20,0.023317264661454014,0.023317264661454014,0.025579442765351436,0.006110253288836513,-0.0005997220491992991,-0.0006027771758437173
2012-07-23,-0.013729897398990967,-0.013729897398990967,0.03072365593970322,0.005144213174351785,-0.000631345064240787,-0.0006339171708279629
2012-07-24,-0.060968085467007924,-0.060968085467007924,0.023317264661454014,0.007406391278249207,-0.0002518751407208072,-0.00025557833635993184
2012-07-25,-0.08136812353388986,-0.08136812353388986,-0.013729897398990967,0.03704716206044498,-7.208388849337563e-05,-9.060746952359812e-05
2012-07-26,-0.028402654669486875,-0.028402654669486875,-0.060968085467007924,0.047238188068016954,-0.0018594989447182524,-0.001883118038752261
2012-07-27,0.0952316996051855,0.0952316996051855,-0.08136812353388986,0.02040003806688194,-0.0017154181126357653,-0.0017256181316692063
2012-07-30,0.20454012703397123,0.20454012703397123,-0.028402654669486875,0.05296546886440299,3.383257461455702e-05,7.349840182355522e-06
2012-07-31,0.2480019860910286,0.2480019860910286,0.0952316996051855,0.12363435427467237,-0.0005867867962195863,-0.0006486039733569225
2012-08-01,0.3441858666468722,0.3441858666468722,0.20454012703397123,0.10930842742878573,4.091558995095852e-05,-1.3738623763434347e-05
2012-08-02,0.32515675797819144,0.32515675797819144,0.2480019860910286,0.04346185905705738,-0.0034713742805498136,-0.003493105210078342
2012-08-03,0.5501045053187943,0.5501045053187943,0.3441858666468722,0.09618388055584356,0.011726464970002688,0.011678373029724767
2012-08-06,0.7000696702125295,0.7000696702125295,0.32515675797819144,0.01902910866868074,0.0022957679137679144,0.002286253359433574
2012-08-07,0.800046446808353,0.800046446808353,0.5501045053187943,0.22494774734060285,0.0046063845536888845,0.004493910680018583
2012-08-08,0.8588888535553793,0.8588888535553793,0.7000696702125295,0.14996516489373524,-0.0004057554341970172,-0.0004807380166438848
2012-08-09,0.9059259023702528,0.9059259023702528,0.800046446808353,0.09997677659582349,0.0004639701813197308,0.00041398179302181906
2012-08-10,0.937283934913502,0.937283934913502,0.8588888535553793,0.05884240674702623,0.0014928433405266052,0.001463422137153092
2012-08-13,0.8846274321352716,0.8846274321352716,0.9059259023702528,0.04703704881487358,-0.004366330349414639,-0.0043898488738220755
2012-08-14,0.8808645246510383,0.8808645246510383,0.937283934913502,0.031358032543249204,0.0021788695547396205,0.002163190538467996
2012-08-15,0.8396084776490247,0.8396084776490247,0.8846274321352716,0.05265650277823042,-0.0025645156031331947,-0.00259084385452231
2012-08-16,0.8930723184326832,0.8930723184326832,0.8808645246510383,0.0037629074842333576,0.010927422020951707,0.01092554056720959
2012-08-17,0.9287148789551223,0.9287148789551223,0.8396084776490247,0.041256047002013574,0.001125194989949706,0.001104566966448699
2012-08-20,0.8793010060557134,0.8793010060557134,0.8930723184326832,0.05346384078365851,-0.0010243526617549794,-0.0010510845821468087
2012-08-21,0.9195340040371422,0.9195340040371422,0.9287148789551223,0.03564256052243908,0.00533311009029968,0.00531528881003846
2012-08-22,0.8690993909054385,0.8690993909054385,0.8793010060557134,0.049413872899408906,-0.0010042397514055266,-0.001028946687855231
2012-08-23,0.6790157668147334,0.6790157668147334,0.9195340040371422,0.040232997981428875,-0.005256344178793914,-0.005276460677784629
2012-08-24,0.5310686721860166,0.5310686721860166,0.8690993909054385,0.05043461313170372,-0.001332421940792806,-0.0013576392473586578
2012-08-27,0.42866464220936495,0.42866464220936495,0.6790157668147334,0.19008362409070512,0.00039106033976305855,0.000296018527717706
2012-08-28,0.34389611857055474,0.34389611857055474,0.5310686721860166,0.1479470946287168,-0.0005094049677086116,-0.00058337851502297
2012-08-29,0.25425206794742317,0.25425206794742317,0.42866464220936495,0.10240402997665166,-0.001316948267654416,-0.001368150282642742
2012-08-30,0.1733506769481968,0.1733506769481968,0.34389611857055474,0.08476852363881021,-0.005100180784625619,-0.005142565046445024
2012-08-31,0.14440742538951304,0.14440742538951304,0.25425206794742317,0.08964405062313158,0.0022368629354137413,0.0021920409101021756
2012-09-04,0.11373475832635006,0.11373475832635006,0.1733506769481968,0.08090139099922636,-0.0008734788812904541,-0.0009139295767900673
2012-09-05,0.08215789199130692,0.08215789199130692,0.14440742538951304,0.02894325155868377,-0.0003937789883053591,-0.000408250614084701
2012-09-06,0.3565522249322845,0.3565522249322845,0.11373475832635006,0.030672667063162976,0.0028211385291133225,0.002805802195581741
2012-09-07,0.571034816621523,0.571034816621523,0.08215789199130692,0.03157686633504314,0.001236981542674553,0.0012211931095070315
2012-09-10,0.5942774569232118,0.5942774569232118,0.3565522249322845,0.2743943329409776,-0.0028116560314472862,-0.002948853197917775
2012-09-11,0.7295183046154745,0.7295183046154745,0.571034816621523,0.2144825916892385,0.00648407210808364,0.006376830812239021
2012-09-12,0.8196788697436497,0.8196788697436497,0.5942774569232118,0.023242640301688766,0.0038922401527078172,0.0038806188325569728
2012-09-13,0.8797859131624333,0.8797859131624333,0.7295183046154745,0.13524084769226274,0.011121141380368188,0.011053520956522057
2012-09-14,0.9198572754416223,0.9198572754416223,0.8196788697436497,0.09016056512817516,0.008104996120966804,0.008059915838402716
2012-09-17,0.8761939941684376,0.8761939941684376,0.8797859131624333,0.06010704341878359,-0.004626006211652873,-0.004656059733362266
2012-09-18,0.8017029063786516,0.8017029063786516,0.9198572754416223,0.04007136227918906,-0.0038565282490626183,-0.003876563930202213
2012-09-19,0.794048705803263,0.794048705803263,0.8761939941684376,0.04366328127318475,0.003688934643913875,0.0036671030032772826
2012-09-20,0.7012791143132976,0.7012791143132976,0.8017029063786516,0.07449108778978597,-0.005114783372794088,-0.00515202891668898
2012-09-21,0.6278459947409298,0.6278459947409298,0.794048705803263,0.00765420057538857,0.0004368394618344118,0.0004330123615467175
2012-09-24,0.5350006230324965,0.5350006230324965,0.7012791143132976,0.09276959148996544,-0.0024429661659552057,-0.0024893509617001887
2012-09-25,0.44093156097322256,0.44093156097322256,0.6278459947409298,0.07343311957236776,-0.004389802715708051,-0.0044265192754942345
2012-09-26,0.348260075186078,0.348260075186078,0.5350006230324965,0.09284537170843332,-0.0053528273320088025,-0.005399250017863019
2012-09-27,0.31921873373511944,0.31921873373511944,0.44093156097322256,0.09406906205927396,0.00528158233219976,0.005234547801170123
2012-09-28,0.25230773893014696,0.25230773893014696,0.348260075186078,0.09267148578714457,-0.006891823239651066,-0.006938158982544638
2012-10-01,0.24055915670261613,0.24055915670261613,0.31921873373511944,0.029041341450958547,0.0025899501474869967,0.0025754294767615176
2012-10-02,0.25032131933395885,0.25032131933395885,0.25230773893014696,0.06691099480497248,0.0009916841931216069,0.0009582286957191206
2012-10-03,0.2386549294706046,0.2386549294706046,0.24055915670261613,0.011748582227530835,-0.0009866863421717415,-0.000992560633285507
2012-10-04,0.2993829122577215,0.2993829122577215,0.25032131933395885,0.009762162631342719,0.003045864393725763,0.003040983312410092
2012-10-05,0.34940574218838416,0.34940574218838416,0.2386549294706046,0.011666389863354248,0.00030887129748026417,0.000303038102548587
2012-10-08,0.35252350208284794,0.35252350208284794,0.2993829122577215,0.06072798278711691,-0.001769382598599319,-0.0017997465899928775
2012-10-09,0.30606969838104237,0.30606969838104237,0.34940574218838416,0.05002282993066265,-0.005063963198994372,-0.005088974613959703
2012-10-10,0.2633494819145356,0.2633494819145356,0.35252350208284794,0.0031177598944637785,-0.0009968717278350662,-0.000998430607782298
2012-10-11,0.2463670706817367,0.2463670706817367,0.30606969838104237,0.046453803701805574,0.001967445920439719,0.0019442190185888163
2012-10-12,0.20072169136572635,0.20072169136572635,0.2633494819145356,0.042720216466506755,-0.00029675553808532684,-0.0003181156463185802
2012-10-15,0.20642291713864208,0.20642291713864208,0.2463670706817367,0.016982411232798922,0.0024094756885472295,0.00240098448293083
2012-10-16,0.344972707113008,0.344972707113008,0.20072169136572635,0.04564537931601034,0.0033272598500030076,0.0033044371603450024
2012-10-17,0.5464502686354327,0.5464502686354327,0.20642291713864208,0.005701225772915736,0.0019288185400592956,0.0019259679271728376
2012-10-18,0.6090736808257035,0.6090736808257035,0.344972707113008,0.1385497899743659,-0.0013149348399269325,-0.0013842097349141154
2012-10-19,0.5399808963665721,0.5399808963665721,0.5464502686354327,0.2014775615224247,-0.007368586675667452,-0.007469325456428665
2012-10-22,0.5519969268578815,0.5519969268578815,0.6090736808257035,0.06262341219027079,0.004275198885413032,0.0042438871793178965
2012-10-23,0.44095157767519966,0.44095157767519966,0.5399808963665721,0.06909278445913136,-0.011588027232219909,-0.011622573624449475
2012-10-24,0.369100005179293,0.369100005179293,0.5519969268578815,0.012016030491309393,0.00031045872504279425,0.0003044507097971396
2012-10-25,0.34735398317467403,0.34735398317467403,0.44095157767519966,0.11104534918268183,0.0026433610725133216,0.002587838397921981
2012-10-26,0.2800854651670715,0.2800854651670715,0.369100005179293,0.07185157249590668,-0.0005498920813047631,-0.0005858178675527165
2012-10-31,0.22932886584390455,0.22932886584390455,0.34735398317467403,0.021746022004618948,-0.0002591332873999643,-0.00027000629840227375
2012-11-01,0.26069188579126396,0.26069188579126396,0.2800854651670715,0.06726851800760253,0.0032932845480352557,0.0032596502890314544
2012-11-02,0.22024890252415028,0.22024890252415028,0.22932886584390455,0.05075659932316695,-0.0021997406566671056,-0.0022251189563286893
2012-11-05,0.18186118901521567,0.18186118901521567,0.26069188579126396,0.031363019947359405,-0.0006312758799590076,-0.0006469573899326874
2012-11-06,0.2039973643595791,0.2039973643595791,0.22024890252415028,0.04044298326711368,0.0020972492080750063,0.0020770277164414495
2012-11-07,0.14742247403327952,0.14742247403327952,0.18186118901521567,0.03838771350893461,-0.0027244242966873392,-0.0027436181534418063
2012-11-08,0.08074406257115863,0.08074406257115863,0.2039973643595791,0.022136175344363435,-0.0018384910072384672,-0.001849559094910649
2012-11-09,0.03741636371034477,0.03741636371034477,0.14742247403327952,0.05657489032629959,5.588946860868603e-05,2.7602023445536234e-05
2012-11-12,0.008061382618985372,0.008061382618985372,0.08074406257115863,0.06667841146212089,-6.118988344444129e-05,-9.452908917550173e-05
2012-11-13,-0.027974627477897557,-0.027974627477897557,0.03741636371034477,0.043327698860813856,-0.00018438015081838495,-0.00020604400024879188
2012-11-14,-0.11048761593669,-0.11048761593669,0.008061382618985372,0.029354981091359398,-8.445402559082869e-05,-9.91315161365084e-05
2012-11-15,-0.12412880136353271,-0.12412880136353271,-0.027974627477897557,0.036036010096882926,-9.155116548511753e-05,-0.00010956917053355899
2012-11-16,-0.13262498482712343,-0.13262498482712343,-0.11048761593669,0.08251298845879244,6.362009021985813e-05,2.2363595990461907e-05
2012-11-19,-0.08070124669119938,-0.08070124669119938,-0.12412880136353271,0.013641185426842714,-0.0026927709846685465,-0.0026995915773819676
2012-11-20,-0.041471386516040834,-0.041471386516040834,-0.13262498482712343,0.008496183463590712,-0.00019936923777437524,-0.0002036173295061706
2012-11-21,-0.013613018922738071,-0.013613018922738071,-0.08070124669119938,0.05192373813592405,-0.0001362675084153835,-0.00016222937748334553
2012-11-23,0.13671695673994938,0.13671695673994938,-0.041471386516040834,0.039229860175158546,-0.0008932680449337695,-0.0009128829750213488
2012-11-26,0.2150526155612778,0.2150526155612778,-0.013613018922738071,0.027858367593302763,3.244497216483764e-05,1.851578836818626e-05
2012-11-27,0.23141195261845704,0.23141195261845704,0.13671695673994938,0.15032997566268747,-0.0006784867071498179,-0.0007536516949811616
2012-11-28,0.3001962797820602,0.3001962797820602,0.2150526155612778,0.07833565882132842,0.001549245266811071,0.0015100774374004068
2012-11-29,0.4625203996321059,0.4625203996321059,0.23141195261845704,0.016359337057179235,0.0019945172105560786,0.0019863375420274888
2012-11-30,0.6021357578898685,0.6021357578898685,0.3001962797820602,0.06878432716360317,0.0003820442120534205,0.0003476520484716189
2012-12-03,0.7281470453395297,0.7281470453395297,0.4625203996321059,0.1623241198500457,0.0005879744720253264,0.0005068124121003036
2012-12-04,0.8187646968930198,0.8187646968930198,0.6021357578898685,0.1396153582577626,0.0015287854565467275,0.0014589777774178462
2012-12-05,0.8791764645953466,0.8791764645953466,0.7281470453395297,0.12601128744966117,0.0010536493612879276,0.0009906437175630969
2012-12-06,0.9194509763968979,0.9194509763968979,0.8187646968930198,0.09061765155349011,0.0016271821100560687,0.0015818732842793235
2012-12-07,0.9463006509312653,0.9463006509312653,0.8791764645953466,0.06041176770232681,0.0003167758795017594,0.00028656999565059596
2012-12-10,0.964200433954177,0.964200433954177,0.9194509763968979,0.04027451180155128,0.0009943642440764498,0.0009742269881756741
2012-12-11,0.9761336226361181,0.9761336226361181,0.9463006509312653,0.026849674534367374,0.005451065195111803,0.00543764035784462
2012-12-12,0.9840890817574122,0.9840890817574122,0.964200433954177,0.01789978302291173,0.0031065040618956895,0.003097554170384234
2012-12-13,0.6853463956562053,0.6853463956562053,0.9761336226361181,0.011933188681941154,-0.0029607651458010975,-0.002966731740142068
2012-12-14,0.7902309304374702,0.7902309304374702,0.9840890817574122,0.007955459121294028,0.003522092107901837,0.0035181143783411897
2012-12-17,0.8601539536249803,0.8601539536249803,0.6853463956562053,0.2987426861012069,0.0028108976215049488,0.0026615262784543455
2012-12-18,0.9067693024166537,0.9067693024166537,0.7902309304374702,0.10488453478126492,0.008228618459336888,0.008176176191946256
2012-12-19,0.9378462016111024,0.9378462016111024,0.8601539536249803,0.06992302318751009,0.0030566866214679148,0.0030217251098741595
2012-12-20,0.9585641344074016,0.9585641344074016,0.9067693024166537,0.046615348791673394,0.006100887591120538,0.006077579916724701
2012-12-21,0.7731301940942684,0.7731301940942684,0.9378462016111024,0.03107689919444878,-0.005773079337140233,-0.0057886177867374575
2012-12-24,0.6232337856057122,0.6232337856057122,0.9585641344074016,0.020717932796299188,-0.0025442340839397356,-0.0025545930503378853
2012-12-26,0.5209024594408824,0.5209024594408824,0.7731301940942684,0.1854339403131332,-0.00013736076210214758,-0.0002300777322587142
2012-12-27,0.5450715630356919,0.5450715630356919,0.6232337856057122,0.14989640848855623,0.0028757380919437986,0.0028007898876995204
2012-12-28,0.46327433692105346,0.46327433692105346,0.5209024594408824,0.10233132616482976,-0.005520838475284219,-0.005572004138366634
2012-12-31,0.6421828912807024,0.6421828912807024,0.5450715630356919,0.024169103594809505,0.008271836330675622,0.008259751778878216
2013-01-02,0.7614552608538017,0.7614552608538017,0.46327433692105346,0.08179722611463847,0.007169839826901932,0.007128941213844613
2013-01-03,0.7215310796602475,0.7215310796602475,0.6421828912807024,0.17890855435964892,-0.0062282010743283725,-0.006317655351508197
2013-01-04,0.7500674595448431,0.7500674595448431,0.7614552608538017,0.11927236957309928,0.0038617996977016226,0.0038021635129150727
2013-01-07,0.7213942034899454,0.7213942034899454,0.7215310796602475,0.03992418119355412,-0.003138631096631126,-0.0031585931872279032
2013-01-08,0.655820024030775,0.655820024030775,0.7500674595448431,0.028536379884595564,-0.004194792698903324,-0.004209060888845622
2013-01-09,0.6557673048116663,0.6557673048116663,0.7213942034899454,0.028673256054897678,0.003676702276700394,0.003662365648672945
2013-01-10,0.7705115365411109,0.7705115365411109,0.655820024030775,0.06557417945917043,0.008371272938403257,0.008338485848673671
2013-01-11,0.8470076910274074,0.8470076910274074,0.6557673048116663,5.2719219108654514e-05,0.0013584490284963794,0.001358422668886825
2013-01-14,0.898005127351605,0.898005127351605,0.7705115365411109,0.11474423172944459,0.0009294700977446351,0.0008720979818799128
2013-01-15,0.9069405785281753,0.9069405785281753,0.8470076910274074,0.07649615448629643,-0.0013118430812630963,-0.0013500911585062445
2013-01-16,0.8264480960443645,0.8264480960443645,0.898005127351605,0.05099743632419762,-0.004333849594970263,-0.004359348313132362
2013-01-17,0.8842987306962431,0.8842987306962431,0.9069405785281753,0.008935451176570353,0.007382460480146438,0.007377992754558153
2013-01-18,0.8991799940624307,0.8991799940624307,0.8264480960443645,0.0804924824838108,-0.0008517867456642908,-0.0008920329869061963
2013-01-22,0.919758414971102,0.919758414971102,0.8842987306962431,0.05785063465187856,0.00045630591786686265,0.00042738060054092335
2013-01-23,0.9084216209225098,0.9084216209225098,0.8991799940624307,0.014881263366187558,-0.000927402736006054,-0.0009348433676891478
2013-01-24,0.9389477472816732,0.9389477472816732,0.919758414971102,0.020578420908671347,0.004431195703198236,0.004420906492743901
2013-01-25,0.9592984981877821,0.9592984981877821,0.9084216209225098,0.011336794048592225,0.009799640685596267,0.009793972288571972
2013-01-28,0.8745975179248511,0.8745975179248511,0.9389477472816732,0.030526126359163408,-0.0046129128596535274,-0.004628175922833109
2013-01-29,0.916398345283234,0.916398345283234,0.9592984981877821,0.02035075090610894,0.006532394999380649,0.006522219623927595
2013-01-30,0.9442655635221562,0.9442655635221562,0.8745975179248511,0.08470098026293105,0.0008874062747484625,0.000845055784616997
2013-01-31,0.890063445332877,0.890063445332877,0.916398345283234,0.041800827358382975,-0.0034054986842397554,-0.003426399097918947
2013-02-01,0.9267089635552515,0.9267089635552515,0.9442655635221562,0.02786721823892213,0.007524595358948332,0.007510661749828871
2013-02-04,0.7914177938916129,0.7914177938916129,0.890063445332877,0.054202118189279225,-0.016019469683358354,-0.016046570742452995
2013-02-05,0.73822872060707,0.73822872060707,0.9267089635552515,0.036645518222374496,0.004285847781639201,0.004267525022528014
2013-02-06,0.7033488540172178,0.7033488540172178,0.7914177938916129,0.13529116966363852,-0.00013496567999103542,-0.00020261126482285467
2013-02-07,0.6322140814266164,0.6322140814266164,0.73822872060707,0.05318907328454292,-0.006042768814202737,-0.006069363350845009
2013-02-08,0.6150941941526943,0.6150941941526943,0.7033488540172178,0.034879866589852204,0.0044745210564492875,0.004457081123154362
2013-02-11,0.5958535298471805,0.5958535298471805,0.6322140814266164,0.07113477259060141,-0.0006479733760475291,-0.0006835407623428298
2013-02-12,0.6167949966983941,0.6167949966983941,0.6150941941526943,0.017119887273922108,0.003050749319324357,0.003042189375687396
2013-02-13,0.650599757549809,0.650599757549809,0.5958535298471805,0.019240664305513744,0.001419596738406597,0.00140997640625384
2013-02-14,0.6145298997955845,0.6145298997955845,0.6167949966983941,0.020941466851213564,-0.003351130411901377,-0.003361601145326984
2013-02-15,0.5694143221360769,0.5694143221360769,0.650599757549809,0.03380476085141493,-0.001665747523738082,-0.0016826499041637894
2013-02-19,0.6189620503877107,0.6189620503877107,0.6145298997955845,0.036069857754224555,0.007256792526214339,0.007238757597337227
2013-02-20,0.5504863220507057,0.5504863220507057,0.5694143221360769,0.04511557765950758,-0.005586217251137046,-0.0056087750399668
2013-02-21,0.44572554006393617,0.44572554006393617,0.6189620503877107,0.04954772825163378,-0.009304482672006419,-0.009329256536132235
2013-02-22,0.4672826648259302,0.4672826648259302,0.5504863220507057,0.06847572833700499,0.007924081395303744,0.007889843531135242
2013-02-25,0.34849576981384595,0.34849576981384595,0.44572554006393617,0.10476078198676952,-0.010668686903191582,-0.010721067294184967
2013-02-26,0.2942960174715244,0.2942960174715244,0.4672826648259302,0.021557124761994062,0.0037650084199008426,0.0037542298575198455
2013-02-27,0.33729878701058613,0.33729878701058613,0.34849576981384595,0.11878689501208428,0.004420578766889839,0.004361185319383796
2013-02-28,0.35618727041461984,0.35618727041461984,0.2942960174715244,0.05419975234232155,-0.0003029835148176579,-0.0003300833909888187
2013-03-01,0.34937398188794555,0.34937398188794555,0.33729878701058613,0.043002769539061736,-0.0006952933159382936,-0.0007167947007078244
2013-03-04,0.3735589506311753,0.3735589506311753,0.35618727041461984,0.018888483404033707,0.0015326347225118318,0.001523190480809815
2013-03-05,0.4731449919161398,0.4731449919161398,0.34937398188794555,0.006813288526674288,0.0034729214323718856,0.0034695147881085484
2013-03-06,0.5651722506151994,0.5651722506151994,0.3735589506311753,0.02418496874322973,0.0009508243221687225,0.0009387318377971077
2013-03-07,0.6566412363420733,0.6566412363420733,0.4731449919161398,0.09958604128496451,0.0013614468847702173,0.001311653864127735
2013-03-08,0.7481861763497029,0.7481861763497029,0.5651722506151994,0.09202725869905959,0.0012399578656711006,0.0011939442363215708
2013-03-11,0.8321241175664686,0.8321241175664686,0.6566412363420733,0.0914689857268739,0.0019904425205621392,0.0019447080276987023
2013-03-12,0.7175463175942409,0.7175463175942409,0.7481861763497029,0.09154494000762958,-0.003768592927552104,-0.003814365397555919
2013-03-13,0.5589213463108141,0.5589213463108141,0.8321241175664686,0.08393794121676579,-0.001263621104119803,-0.0013055900747281858
2013-03-14,0.7059475642072095,0.7059475642072095,0.7175463175942409,0.11457779997222772,0.007033441573170306,0.006976152673184192
2013-03-15,0.8039650428048064,0.8039650428048064,0.5589213463108141,0.15862497128342679,0.0011225810194707409,0.0010432685338290274
2013-03-18,0.6257713363333404,0.6257713363333404,0.7059475642072095,0.14702621789639536,-0.007782337758269031,-0.00785585086721723
2013-03-19,0.46686311944502473,0.46686311944502473,0.8039650428048064,0.09801747859759691,-0.002443937232271099,-0.0024929459715698973
2013-03-20,0.4269669086104504,0.4269669086104504,0.6257713363333404,0.17819370647146604,0.0038164113857544245,0.0037273145325186917
2013-03-21,0.33538017633523254,0.33538017633523254,0.46686311944502473,0.15890821688831563,-0.004244997571048622,-0.00432445167949278
2013-03-22,0.36290297116108844,0.36290297116108844,0.4269669086104504,0.03989621083457434,0.003700162922103792,0.003680214816686505
2013-03-25,0.2906872673242505,0.2906872673242505,0.33538017633523254,0.09158673227521785,-0.004180937205411972,-0.004226730571549581
2013-03-26,0.28639102378310083,0.28639102378310083,0.36290297116108844,0.0275227948258559,0.0022905767206294766,0.0022768153232165488
2013-03-27,0.22276737844176492,0.22276737844176492,0.2906872673242505,0.07221570383683795,-0.0014290722844154458,-0.0014651801363338647
2013-03-28,0.2062164543075768,0.2062164543075768,0.28639102378310083,0.004296243541149658,0.001366080705231946,0.0013639325834613712
2013-04-01,0.12048129977983112,0.12048129977983112,0.22276737844176492,0.06362364534133591,-0.002983877874616151,-0.0030156896972868188
2013-04-02,0.12898419666965402,0.12898419666965402,0.2062164543075768,0.016550924134188127,0.0021972746706335365,0.0021889992085664424
2013-04-03,0.10208213914894239,0.10208213914894239,0.12048129977983112,0.08573515452774567,-0.0005941211525946727,-0.0006369887298585455
2013-04-04,0.1517404338133277,0.1517404338133277,0.12898419666965402,0.008502896889822906,0.0011461336035447605,0.001141882155099849
2013-04-05,0.135634139191807,0.135634139191807,0.10208213914894239,0.026902057520711634,-0.0004668520365794612,-0.000480303065339817
2013-04-08,0.1517147317574352,0.1517147317574352,0.1517404338133277,0.0496582946643853,0.0005938446202911102,0.0005690154729589176
2013-04-09,0.18367830344170527,0.18367830344170527,0.135634139191807,0.01610629462152069,0.0004827557415715655,0.0004747025942608052
2013-04-10,0.4557855356278035,0.4557855356278035,0.1517147317574352,0.016080592565628188,0.0022548584850662504,0.002246818188783436
2013-04-11,0.6371903570852023,0.6371903570852023,0.18367830344170527,0.03196357168427008,0.0014366797138556419,0.0014206979280135068
2013-04-12,0.6892547770784415,0.6892547770784415,0.4557855356278035,0.2721072321860982,-0.0011289776364696948,-0.001265031252562744
2013-04-15,0.5003089763735672,0.5003089763735672,0.6371903570852023,0.18140482145739883,-0.012551781966907906,-0.012642484377636605
2013-04-16,0.5053993285903249,0.5053993285903249,0.6892547770784415,0.052064419993239186,0.009776595645857351,0.009750563435860731
2013-04-17,0.33814600990356786,0.33814600990356786,0.5003089763735672,0.18894580070487432,-0.010412602736622896,-0.010507075636975333
2013-04-18,0.20643939804339623,0.20643939804339623,0.5053993285903249,0.0050903522167576876,-0.001546986009890408,-0.0015495311859987867
2013-04-19,0.17191815707132058,0.17191815707132058,0.33814600990356786,0.16725331868675702,0.002710811028266761,0.0026271843689233826
2013-04-22,0.17975669348692777,0.17975669348692777,0.20643939804339623,0.13170661186017163,0.0008731956382494722,0.0008073423323193864
2013-04-23,0.34014922687850313,0.34014922687850313,0.17191815707132058,0.03452124097207565,0.002433180946629052,0.0024159203261430143
2013-04-24,0.5600994845856688,0.5600994845856688,0.17975669348692777,0.007838536415607195,0.0015530412764050822,0.0015491220081972786
2013-04-25,0.7067329897237793,0.7067329897237793,0.34014922687850313,0.16039253339157536,0.0017928822819328234,0.0017126860152370357
2013-04-26,0.8044886598158529,0.8044886598158529,0.5600994845856688,0.2199502577071657,0.0004587006961930136,0.00034872556733943073
2013-04-29,0.8696591065439021,0.8696591065439021,0.7067329897237793,0.14663350513811046,0.009025206792432652,0.008951890039863596
2013-04-30,0.9131060710292682,0.9131060710292682,0.8044886598158529,0.09775567009207364,0.0010403072852032522,0.0009914294501572154
2013-05-01,0.7761853059449652,0.7761853059449652,0.8696591065439021,0.06517044672804917,-0.0051948309486183775,-0.005227416171982402
2013-05-02,0.7427922773196941,0.7427922773196941,0.9131060710292682,0.04344696448536611,0.0028177336902563506,0.0027960102080136673
2013-05-03,0.8285281848797961,0.8285281848797961,0.7761853059449652,0.13692076508430306,0.00992862827118548,0.009860167888643329
2013-05-06,0.8453264819671537,0.8453264819671537,0.7427922773196941,0.03339302862527105,-0.0009500657160334989,-0.0009667622303461344
2013-05-07,0.8968843213114359,0.8968843213114359,0.8285281848797961,0.08573590756010196,0.0013262402836144195,0.0012833723298343684
2013-05-08,0.931256214207624,0.931256214207624,0.8453264819671537,0.016798297087357583,0.008916953659985514,0.008908554511441836
2013-05-09,0.7821847815133565,0.7821847815133565,0.8968843213114359,0.051557839344282264,-0.008652774887818715,-0.008678553807490856
2013-05-10,0.696206178511791,0.696206178511791,0.931256214207624,0.03437189289618803,0.0010411285103986458,0.0010239425639505517
2013-05-13,0.6127503818885436,0.6127503818885436,0.7821847815133565,0.14907143269426748,-0.00037431329001838727,-0.00044884900636552104
2013-05-14,0.5839085930337551,0.5839085930337551,0.696206178511791,0.08597860300156546,0.0013332480856769575,0.0012902587841761748
2013-05-15,0.6385647886454988,0.6385647886454988,0.6127503818885436,0.08345579662324742,0.0026353491484546756,0.002593621250143052
2013-05-16,0.5739108860659412,0.5739108860659412,0.5839085930337551,0.028841788854788497,-0.003982344279191434,-0.003996765173618829
2013-05-17,0.6307723752673653,0.6307723752673653,0.6385647886454988,0.05465619561174373,0.00438501419519595,0.004357686097390078
2013-05-20,0.7538482501782435,0.7538482501782435,0.5739108860659412,0.06465390257955761,0.0031857652494193,0.0031534382981295212
2013-05-21,0.8358988334521624,0.8358988334521624,0.6307723752673653,0.05686148920142409,0.0012935231836519944,0.0012650924390512823
2013-05-22,0.6871324609514862,0.6871324609514862,0.7538482501782435,0.12307587491087824,-0.007594460904663258,-0.0076559988421186975
2013-05-23,0.5095881934512863,0.5095881934512863,0.8358988334521624,0.0820505832739189,-0.011962228866046073,-0.012003254157683033
2013-05-24,0.3661694703470611,0.3661694703470611,0.6871324609514862,0.14876637250067626,-0.005985581556552599,-0.006059964742802937
2013-05-28,0.27770535933805207,0.27770535933805207,0.5095881934512863,0.17754426750019991,0.0013267192187677267,0.0012379470850176267
2013-05-29,0.193829932080845,0.193829932080845,0.3661694703470611,0.14341872310422515,-0.0035064844585013704,-0.003578193820053483
2013-05-30,0.14808170331155926,0.14808170331155926,0.27770535933805207,0.08846411100900903,0.0010922603894646466,0.001048028333960142
2013-05-31,0.0572501893523215,0.0572501893523215,0.193829932080845,0.08387542725720706,-0.003765278968219148,-0.0038072166818477514
2013-06-03,0.012533669527577333,0.012533669527577333,0.14808170331155926,0.04574822876928575,0.0005670264911726953,0.0005441523767880524
2013-06-04,-0.005038068534986185,-0.005038068534986185,0.0572501893523215,0.09083151395923776,0.00020885450635768708,0.0001634387493780682
2013-06-05,-0.12701705341914482,-0.12701705341914482,0.012533669527577333,0.044716519824744165,-0.00027958171231897696,-0.00030193997223134907
2013-06-06,-0.17905716264983795,-0.17905716264983795,-0.005038068534986185,0.01757173806256352,-2.8098741819311827e-05,-3.6884610850593586e-05
2013-06-07,-0.15346135160059626,-0.15346135160059626,-0.12701705341914482,0.12197898488415863,-0.00170778731718913,-0.0017687768096312094
2013-06-10,-0.13200681423467348,-0.13200681423467348,-0.17905716264983795,0.05204010923069313,-0.0001781166551758712,-0.00020413670979121777
2013-06-11,-0.17851612142481785,-0.17851612142481785,-0.15346135160059626,0.02559581104924169,0.0018813662018566072,0.0018685682963319862
2013-06-12,-0.21593103312283154,-0.21593103312283154,-0.13200681423467348,0.021454537365922788,0.00015498215751025418,0.0001442548888272928
2013-06-13,-0.16901609166299342,-0.16901609166299342,-0.17851612142481785,0.04650930719014437,-0.0027279436864236476,-0.0027511983400187196
2013-06-14,-0.18414806623713886,-0.18414806623713886,-0.21593103312283154,0.0374149116980137,0.002357205847422553,0.002338498391573546
2013-06-17,-0.13260811194615493,-0.13260811194615493,-0.16901609166299342,0.04691494145983813,-0.002430693588096116,-0.002454151058826035
2013-06-18,-0.06798299401458921,-0.06798299401458921,-0.18414806623713886,0.015131974574145446,-0.001305365920453302,-0.0013129319077403749
2013-06-19,-0.10418189421619706,-0.10418189421619706,-0.13260811194615493,0.05153995429098393,0.0024745659173262607,0.002448795940180769
2013-06-20,-0.40278792947746467,-0.40278792947746467,-0.06798299401458921,0.06462511793156572,0.002494819952550852,0.002462507393585069
2013-06-21,-0.5606389265805374,-0.5606389265805374,-0.10418189421619706,0.03619890020160785,-0.00034279964362560336,-0.0003608990937264073
2013-06-24,-0.7070926177203583,-0.7070926177203583,-0.40278792947746467,0.2986060352612676,0.006326202795971526,0.006176899778340892
2013-06-25,-0.6859017683016211,-0.6859017683016211,-0.5606389265805374,0.1578509971030727,-0.007176290144582432,-0.007255215643133969
2013-06-26,-0.6438943789041218,-0.6438943789041218,-0.7070926177203583,0.14645369113982087,-0.002815914250572063,-0.0028891410961419737
2013-06-27,-0.5513915245988331,-0.5513915245988331,-0.6859017683016211,0.021190849418737168,-0.006902537098017452,-0.006913132522726821
2013-06-28,-0.49977036112242423,-0.49977036112242423,-0.6438943789041218,0.04200738939749926,0.0012338710829478683,0.0012128673882491187
2013-07-01,-0.4146943705305903,-0.4146943705305903,-0.5513915245988331,0.0925028543052887,-0.005196440656487705,-0.00524269208364035
2013-07-02,-0.38054893553877056,-0.38054893553877056,-0.49977036112242423,0.05162116347640888,0.002505784922032212,0.0024799743402940076
2013-07-03,-0.35146469521418716,-0.35146469521418716,-0.4146943705305903,0.08507599059183396,-0.000144224452575448,-0.00018676244787136498
2013-07-05,-0.2623768416208046,-0.2623768416208046,-0.38054893553877056,0.03414543499181971,-0.0017846688127182411,-0.001801741530214151
2013-07-08,-0.19269343096003227,-0.19269343096003227,-0.35146469521418716,0.0290842403245834,-0.0021876526039455012,-0.002202194724107793
2013-07-09,-0.12956331721508624,-0.12956331721508624,-0.2623768416208046,0.08908785359338256,-0.0014425445207967601,-0.0014870884475934514
2013-07-10,-0.08659757343406772,-0.08659757343406772,-0.19269343096003227,0.06968341066077233,-0.0005597414637723728,-0.000594583169102759
2013-07-11,-0.028460320880764736,-0.028460320880764736,-0.12956331721508624,0.06313011374494604,-0.0033555834459003337,-0.003387148502772807
2013-07-12,0.004541756440977103,0.004541756440977103,-0.08659757343406772,0.042965743781018514,0.0005753170773954046,0.0005538342055048953
2013-07-15,0.0381760245411254,0.0381760245411254,-0.028460320880764736,0.05813725255330299,-0.00017606327091496024,-0.00020513189719161172
2013-07-16,0.05936487052216011,0.05936487052216011,0.004541756440977103,0.03300207732174184,-3.01935921035051e-06,-1.9520397871221432e-05
2013-07-17,0.07502493120504089,0.07502493120504089,0.0381760245411254,0.033634268100148294,0.00011425493729831158,9.743780324823742e-05
2013-07-18,0.1049632858835719,0.1049632858835719,0.05936487052216011,0.02118884598103471,0.0003936756498169486,0.00038308122682643124
2013-07-19,0.12607246614994502,0.12607246614994502,0.07502493120504089,0.015660060682880783,-6.178780204169361e-05,-6.9617832383134e-05
2013-07-22,0.16454391669382862,0.16454391669382862,0.1049632858835719,0.02993835467853101,0.0005882200514322292,0.0005732508740929637
2013-07-23,0.20283392156162885,0.20283392156162885,0.12607246614994502,0.021109180266373123,0.00026866914870684987,0.0002581145585736633
2013-07-24,0.225929590632108,0.225929590632108,0.16454391669382862,0.038471450543883595,-0.00021531227005380901,-0.00023454799532575082
2013-07-25,0.15773317911191084,0.15773317911191084,0.20283392156162885,0.03829000486780024,0.00039864604444697193,0.0003795010420130718
2013-07-26,0.10709693138362039,0.10709693138362039,0.225929590632108,0.023095669070479136,-0.0014033100461574978,-0.0014148578806927373
2013-07-29,0.074570559976776,0.074570559976776,0.15773317911191084,0.06819641152019715,-0.0015046748413701625,-0.001538773047130261
2013-07-30,0.05311697814654007,0.05311697814654007,0.10709693138362039,0.05063624772829045,-1.7772756891889566e-05,-4.309088075603479e-05
2013-07-31,0.03955033116669285,0.03955033116669285,0.074570559976776,0.03252637140684439,0.00017338269421454634,0.00015711950851112416
2013-08-01,0.07544581327022118,0.07544581327022118,0.05311697814654007,0.021453581830235935,0.0007217123921848341,0.0007109856012697161
2013-08-02,0.17435449897471314,0.17435449897471314,0.03955033116669285,0.013566646979847219,0.00032327890972091517,0.00031649558623099156
2013-08-05,0.2172193088678575,0.2172193088678575,0.07544581327022118,0.03589548210352833,-0.0001590253223801419,-0.00017697306343190608
2013-08-06,0.23344090300221296,0.23344090300221296,0.17435449897471314,0.09890868570449196,-0.0002549645679212813,-0.0003044189107735273
2013-08-07,0.21886980347096852,0.21886980347096852,0.2172193088678575,0.04286480989314437,-0.0009544362091236114,-0.0009758686140701836
2013-08-08,0.3001939706963339,0.3001939706963339,0.23344090300221296,0.01622159413435545,0.002098566471287811,0.002090455674220633
2013-08-09,0.36890018171993066,0.36890018171993066,0.21886980347096852,0.014571099531244441,0.00039004096910433543,0.0003827554193387132
2013-08-12,0.3468112322693507,0.3468112322693507,0.3001939706963339,0.0813241672253654,-0.0008253050915252753,-0.000865967175137958
2013-08-13,0.4534868509192674,0.4534868509192674,0.36890018171993066,0.06870621102359675,0.002392827144552957,0.0023584740390411585
2013-08-14,0.5399805908082729,0.5399805908082729,0.3468112322693507,0.022088949450579987,0.00016760782661721905,0.00015656335189192906
2013-08-15,0.465502360705884,0.465502360705884,0.4534868509192674,0.1066756186499167,-0.003797304983184676,-0.0038506427925096343
2013-08-16,0.4213043396201878,0.4213043396201878,0.5399805908082729,0.0864937398890055,0.000964528099425106,0.0009212812294806033
2013-08-19,0.33446305520705016,0.33446305520705016,0.465502360705884,0.07447823010238885,-0.0033201262870546176,-0.003357365402105812
2013-08-20,0.26977209219603604,0.26977209219603604,0.4213043396201878,0.044198021085696204,-0.0005503419089435733,-0.0005724409194864214
2013-08-21,0.2053773367586919,0.2053773367586919,0.33446305520705016,0.08684128441313765,-0.003936778663308141,-0.00398019930551471
2013-08-22,0.19946238100531563,0.19946238100531563,0.26977209219603604,0.06469096301101412,0.002632978824126177,0.00260063334262067
2013-08-23,0.28847104596737416,0.28847104596737416,0.2053773367586919,0.06439475543734413,0.0017832502118651453,0.0017510528341464734
2013-08-26,0.28929688731632286,0.28929688731632286,0.19946238100531563,0.0059149557533762775,-0.0014577837835690068,-0.001460741261445695
2013-08-27,0.23045636851311363,0.23045636851311363,0.28847104596737416,0.08900866496205853,-0.004908501684377215,-0.004953006016858244
2013-08-28,0.18766452296720668,0.18766452296720668,0.28929688731632286,0.0008258413489486971,-0.00033714159926398273,-0.0003375545199384571
2013-08-29,0.15699484783910794,0.15699484783910794,0.23045636851311363,0.05884051880320923,-0.0003839746157722872,-0.00041339487517389183
2013-08-30,0.11240182328198484,0.11240182328198484,0.18766452296720668,0.042791845545906954,-0.0023180467043856855,-0.002339442627158639
2013-09-03,0.15392731967431794,0.15392731967431794,0.15699484783910794,0.030669675128098733,0.0030247747467064337,0.0030094399091423842
2013-09-04,0.23237036789456764,0.23237036789456764,0.11240182328198484,0.04459302455712311,0.0010064006979016767,0.0009841041856231152
2013-09-05,0.27421595484999595,0.27421595484999595,0.15392731967431794,0.041525496392333106,-0.00012646979916144623,-0.00014723254735761278
2013-09-06,0.3345138625436433,0.3345138625436433,0.23237036789456764,0.0784430482202497,0.0012612377459575795,0.0012220162218474547
2013-09-09,0.5245262555670653,0.5245262555670653,0.27421595484999595,0.04184558695542831,0.003768051737795609,0.003747128944317895
2013-09-10,0.6830175037113769,0.6830175037113769,0.3345138625436433,0.060297907693647346,0.003778566137118339,0.003748417183271515
2013-09-11,0.7886783358075846,0.7886783358075846,0.5245262555670653,0.19001239302342204,0.001841302085516632,0.0017462958890049208
2013-09-12,0.7735767440107373,0.7735767440107373,0.6830175037113769,0.1584912481443116,-0.003909742887077678,-0.003988988511149833
2013-09-13,0.8330430423411456,0.8330430423411456,0.7886783358075846,0.10566083209620769,0.003783858786579132,0.003731028370531028
2013-09-16,0.8886953615607638,0.8886953615607638,0.7735767440107373,0.015101591796847336,0.00603286840879661,0.006025317612898186
2013-09-17,0.9257969077071759,0.9257969077071759,0.8330430423411456,0.059466298330408285,0.0005263441012767179,0.0004966109521115137
2013-09-18,0.950531271804784,0.950531271804784,0.8886953615607638,0.05565231921961822,0.023704181184324657,0.023676355024714848
2013-09-19,0.9126347447321256,0.9126347447321256,0.9257969077071759,0.037101546146412145,-0.0044121133669115225,-0.004430664139984729
2013-09-20,0.8245013829138691,0.8245013829138691,0.950531271804784,0.024734364097608097,-0.006900560142032407,-0.006912927324081211
2013-09-23,0.7605405529290119,0.7605405529290119,0.9126347447321256,0.03789652707265845,-0.0002840546405214658,-0.000303002904057795
2013-09-24,0.6994980200581931,0.6994980200581931,0.8245013829138691,0.08813336181825648,-0.0012832293399551238,-0.0013272960208642521
2013-09-25,0.6679841419379458,0.6679841419379458,0.7605405529290119,0.06396082998485719,0.0008300219909893185,0.0007980415759968899
2013-09-26,0.6792920508943734,0.6792920508943734,0.6994980200581931,0.061042532870818844,0.002940760002487353,0.0029102387360519437
2013-09-27,0.653371546603799,0.653371546603799,0.6679841419379458,0.03151387812024731,-0.002382060341239085,-0.0023978172802992083
2013-09-30,0.5790518643000889,0.5790518643000889,0.6792920508943734,0.011307908956427637,-0.0048628179521003154,-0.004868471906578529
2013-10-01,0.5628418457843274,0.5628418457843274,0.653371546603799,0.025920504290574353,0.0034818390310054504,0.0034688787788601633
2013-10-02,0.41782538330612323,0.41782538330612323,0.5790518643000889,0.07431968230371011,-0.0001803912635716294,-0.00021755110472348446
2013-10-03,0.2969675360438748,0.2969675360438748,0.5628418457843274,0.016210018515761537,-0.0036868528023462697,-0.0036949578116041507
2013-10-04,0.22278043370507492,0.22278043370507492,0.41782538330612323,0.14501646247820416,0.000983913476154516,0.000911405244915414
2013-10-07,0.16824217796737945,0.16824217796737945,0.2969675360438748,0.12085784726224841,-0.003069713393863719,-0.003130142317494843
2013-10-08,0.12363113860496021,0.12363113860496021,0.22278043370507492,0.07418710233879991,-0.0017274927080471994,-0.0017645862592165994
2013-10-09,0.10353629496799654,0.10353629496799654,0.16824217796737945,0.05453825573769547,0.0007244388537506865,0.0006971697258818388
2013-10-10,0.2109586593656685,0.2109586593656685,0.12363113860496021,0.04461103936241924,0.0022185697373344774,0.0021962642176532677
2013-10-11,0.33476578828106035,0.33476578828106035,0.10353629496799654,0.020094843636963663,0.0005492024086939902,0.0005391549868755083
2013-10-14,0.4539716772022814,0.4539716772022814,0.2109586593656685,0.10742236439767194,0.0007202651934914055,0.0006665540112925695
2013-10-15,0.47708611257703865,0.47708611257703865,0.33476578828106035,0.12380712891539186,-0.0016050891711193896,-0.0016669927355770855
2013-10-16,0.5912420585814089,0.5912420585814089,0.4539716772022814,0.11920588892122103,0.0033862466715554747,0.003326643727094864
2013-10-17,0.7274947057209393,0.7274947057209393,0.47708611257703865,0.02311443537475727,0.006328787197553817,0.006317229979866439
2013-10-18,0.8183298038139596,0.8183298038139596,0.5912420585814089,0.11415594600437023,0.003510183040095254,0.0034531050670930687
2013-10-21,0.8788865358759732,0.8788865358759732,0.7274947057209393,0.13625264713953045,0.0011010180056466856,0.0010328916820769203
2013-10-22,0.9192576905839822,0.9192576905839822,0.8183298038139596,0.09083509809302026,0.00816108136517368,0.00811566381612717
2013-10-23,0.8179559109583112,0.8179559109583112,0.8788865358759732,0.06055673206201362,-0.008546829054378383,-0.00857710742040939
2013-10-24,0.8225237021796665,0.8225237021796665,0.9192576905839822,0.040371154708009005,0.0063884575978076195,0.006368272020453615
2013-10-25,0.7865715231114047,0.7865715231114047,0.8179559109583112,0.101301779625671,-0.002331963367571407,-0.0023826142573842427
2013-10-28,0.7443424535404598,0.7443424535404598,0.8225237021796665,0.004567791221355311,-0.0013612645084824656,-0.0013635484040931433
2013-10-29,0.7364381075563703,0.7364381075563703,0.7865715231114047,0.03595217906826187,0.001659537291996642,0.0016415612024625109
2013-10-30,0.6868795799292067,0.6868795799292067,0.7443424535404598,0.042229069570944855,-0.0026866415030613387,-0.002707756037846811
2013-10-31,0.5782171567066633,0.5782171567066633,0.7364381075563703,0.007904345984089511,-0.004113010089027885,-0.00411696226201993
2013-11-01,0.46937342093912304,0.46937342093912304,0.6868795799292067,0.04955852762716362,-0.003336330901774123,-0.0033611101655877046
2013-11-04,0.43578693487862796,0.43578693487862796,0.5782171567066633,0.10866242322254338,0.0028222409783159345,0.0027679097667046627
2013-11-05,0.34203141366093964,0.34203141366093964,0.46937342093912304,0.10884373576754025,-0.004061024537360717,-0.0041154464052444864
2013-11-06,0.33634987065377053,0.33634987065377053,0.43578693487862796,0.03358648606049508,0.0038033403994577196,0.003786547156427472
2013-11-07,0.277781426052827,0.277781426052827,0.34203141366093964,0.09375552121768832,-0.0053993631990356125,-0.0054462409596444565
2013-11-08,0.2714035408507982,0.2714035408507982,0.33634987065377053,0.00568154300716911,0.001971205592011592,0.0019683648205080072
2013-11-11,0.279681426650622,0.279681426650622,0.277781426052827,0.058568444600943514,0.0005963230149047681,0.0005670387926042964
2013-11-12,0.26830820496561364,0.26830820496561364,0.2714035408507982,0.00637788520202881,-0.0009135492390949492,-0.0009167381816959636
2013-11-13,0.27883552825672103,0.27883552825672103,0.279681426650622,0.008277885799823803,0.0009016125745473513,0.0008974736316474394
2013-11-14,0.3165175342527562,0.3165175342527562,0.26830820496561364,0.011373221685008372,0.0012317194991239798,0.0012260328882814757
2013-11-15,0.41222478432326526,0.41222478432326526,0.27883552825672103,0.010527323291107393,0.0022510865996183812,0.0022458229379728276
2013-11-18,0.47488532155141605,0.47488532155141605,0.3165175342527562,0.03768200599603516,0.0,-1.884100299801758e-05
2013-11-19,0.48214130773128344,0.48214130773128344,0.41222478432326526,0.09570725007050906,-0.0010588097244414922,-0.0011066633494767467
2013-11-20,0.43812568833728016,0.43812568833728016,0.47488532155141605,0.06266053722815079,-0.0033094553147064404,-0.003340785583320516
2013-11-21,0.3851660322446042,0.3851660322446042,0.48214130773128344,0.007255986179867391,0.0030157450439272176,0.003012117050837284
2013-11-22,0.36961698812752786,0.36961698812752786,0.43812568833728016,0.04401561939400328,0.0012619986750606752,0.0012399908653636736
2013-11-25,0.32484500971345664,0.32484500971345664,0.3851660322446042,0.052959656092675944,-0.0011646484733142616,-0.0011911283013605995
2013-11-26,0.2864911516063504,0.2864911516063504,0.36961698812752786,0.01554904411707636,0.0,-7.774522058538181e-06
2013-11-27,0.28214997617455895,0.28214997617455895,0.32484500971345664,0.04477197841407121,0.0007882513163209099,0.0007658653271138743
2013-11-29,0.28858924593059454,0.28858924593059454,0.2864911516063504,0.03835385810710623,0.0005633362847576153,0.0005441593557040621
2013-12-02,0.2199899622784229,0.2199899622784229,0.28214997617455895,0.004341175431791466,-0.002087166579694801,-0.0020893371674106966
2013-12-03,0.15902977892652362,0.15902977892652362,0.28858924593059454,0.006439269756035593,-0.0020190457195114744,-0.0020222653543894922
2013-12-04,0.11182917777489812,0.11182917777489812,0.2199899622784229,0.06859928365217163,-0.0011792712587478495,-0.0012135709005739353
2013-12-05,0.0732276770108613,0.0732276770108613,0.15902977892652362,0.06096018335189929,-0.0009060713077533208,-0.0009365513994292705
2013-12-06,0.07657906056956308,0.07657906056956308,0.11182917777489812,0.0472006011516255,0.0013854993320418397,0.001361899031466027
2013-12-09,0.07370806530026636,0.07370806530026636,0.0732276770108613,0.03860150076403682,-7.840730400518674e-05,-9.770805438720516e-05
2013-12-10,0.06683304177928386,0.06683304177928386,0.07657906056956308,0.0033513835587017787,-0.0001289951253949405,-0.0001306708171742914
2013-12-11,0.03757203916721917,0.03757203916721917,0.07370806530026636,0.002870995269296725,-0.0006897018034767854,-0.0006911373011114337
2013-12-12,-0.014298606645903888,-0.014298606645903888,0.06683304177928386,0.006875023520982501,-0.00048641788742087046,-0.0004898553991813617
2013-12-13,-0.050071820028045694,-0.050071820028045694,0.03757203916721917,0.029261002612064685,-2.343361017950669e-05,-3.8064111485539035e-05
2013-12-16,-0.046954806467500824,-0.046954806467500824,-0.014298606645903888,0.05187064581312306,-0.00010265738033054592,-0.00012859270323710745
2013-12-17,-0.06299298284507485,-0.06299298284507485,-0.050071820028045694,0.0357732133821418,0.00021726753631323727,0.0001993809296221664
2013-12-18,0.0031909737838134444,0.0031909737838134444,-0.046954806467500824,0.0031170135605448693,-0.0007386215127604615,-0.0007401800195407339
2013-12-19,0.04542089180412406,0.04542089180412406,-0.06299298284507485,0.016038176377574022,-0.0,-8.01908818878701e-06
2013-12-20,0.10089085145900228,0.10089085145900228,0.0031909737838134444,0.06618395662888829,1.8248539532722968e-05,-1.4843438781721183e-05
2013-12-23,0.2463457489733732,0.2463457489733732,0.04542089180412406,0.04222991802031061,0.0004676878332660477,0.0004465728742558924
2013-12-24,0.3729827580824485,0.3729827580824485,0.10089085145900228,0.05546995965487823,0.0001995070467453676,0.0001717720669179285
2013-12-26,0.5653998906860557,0.5653998906860557,0.2463457489733732,0.1454548975143709,0.001346289037514154,0.0012735615887569686
2013-12-27,0.7102665937907038,0.7102665937907038,0.3729827580824485,0.12663700910907533,0.0019147874250586,0.0018514689205040623
2013-12-30,0.8068443958604692,0.8068443958604692,0.5653998906860557,0.19241713260360715,0.002378172266726681,0.0022819637004248775
2013-12-31,0.8712295972403128,0.8712295972403128,0.7102665937907038,0.1448667031046481,0.0026560699039758443,0.0025836365524235204
2014-01-02,0.6894360850217799,0.6894360850217799,0.8068443958604692,0.0965778020697654,-0.014309048147110323,-0.014357337048145206
2014-01-03,0.554355300733292,0.554355300733292,0.8712295972403128,0.0643852013798436,0.0009253287337750636,0.0008931361330851418
2014-01-06,0.42251594193063147,0.42251594193063147,0.6894360850217799,0.1817935122185329,-0.0008359820870634742,-0.0009268788431727407
2014-01-07,0.3861576727910952,0.3861576727910952,0.554355300733292,0.1350807842884879,0.0031124250484248052,0.0030448846562805615
2014-01-08,0.3497261263744229,0.3497261263744229,0.42251594193063147,0.1318393588026605,-0.00012750324608637047,-0.00019342292548770072
2014-01-09,0.3185560997465322,0.3185560997465322,0.3861576727910952,0.03635826913953627,-0.0002914648398838118,-0.00030964397445357996
2014-01-10,0.432117278126641,0.432117278126641,0.3497261263744229,0.03643154641667229,0.003222600934654777,0.003204385161446441
2014-01-13,0.3881467067834995,0.3881467067834995,0.3185560997465322,0.0311700266278907,-0.0027655343720260303,-0.0027811193853399755
2014-01-14,0.47497733366094086,0.47497733366094086,0.432117278126641,0.11356117838010882,0.0034580845617855197,0.003401303972595465
2014-01-15,0.6255434678383833,0.6255434678383833,0.3881467067834995,0.04397057134314153,0.0016279027359255272,0.0016059174502539564
2014-01-16,0.6889979092871299,0.6889979092871299,0.47497733366094086,0.08683062687744136,-0.00021259138220819474,-0.0002560066956469154
2014-01-17,0.643913101675858,0.643913101675858,0.6255434678383833,0.15056613417744247,-0.0018669688449212398,-0.0019422519120099611
2014-01-21,0.7626087344505721,0.7626087344505721,0.6889979092871299,0.06345444144874657,0.0033000010048108157,0.0032682737840864424
2014-01-22,0.8417391563003815,0.8417391563003815,0.643913101675858,0.04508480761127187,0.0,-2.2542403805635934e-05
2014-01-23,0.7130797540463223,0.7130797540463223,0.7626087344505721,0.11869563277471407,-0.0051118271443333675,-0.005171174960720725
2014-01-24,0.42160298281682884,0.42160298281682884,0.8417391563003815,0.07913042184980945,-0.023101323136677357,-0.02314088834760226
2014-01-27,0.19193443225997844,0.19193443225997844,0.7130797540463223,0.12865940225405925,-0.003298545714359326,-0.003362875415486356
2014-01-28,0.1066182139498766,0.1066182139498766,0.42160298281682884,0.29147677122949345,0.003657552280202565,0.0035118138945878182
2014-01-29,-0.04395608667468254,-0.04395608667468254,0.19193443225997844,0.2296685505568504,-0.0021519442944620327,-0.002266778569740458
2014-01-30,-0.09742099988564296,-0.09742099988564296,0.1066182139498766,0.08531621831010185,0.0005464934622427508,0.0005038353530876999
2014-01-31,-0.36576174958929286,-0.36576174958929286,-0.04395608667468254,0.15057430062455912,0.0007472061633376229,0.0006719190130253433
2014-02-03,-0.5771744997261953,-0.5771744997261953,-0.09742099988564296,0.05346491321096042,0.0019909811253252395,0.0019642486687197593
2014-02-04,-0.571333067009288,-0.571333067009288,-0.36576174958929286,0.2683407497036499,-0.004226376413754994,-0.0043605467886068195
2014-02-05,-0.5505478288158555,-0.5505478288158555,-0.5771744997261953,0.21141275013690242,-0.001190408617107134,-0.0012961149921755853
2014-02-06,-0.4078044745057458,-0.4078044745057458,-0.571333067009288,0.005841432716907291,-0.010131290697857204,-0.010134211414215657
2014-02-07,-0.23064914901888836,-0.23064914901888836,-0.5505478288158555,0.020785238193432476,-0.007194504089638689,-0.007204896708735405
2014-02-10,-0.13316999104167673,-0.13316999104167673,-0.4078044745057458,0.1427433543101097,0.0013777459866868454,0.0013063743095317905
2014-02-11,0.03975822058490283,0.03975822058490283,-0.23064914901888836,0.17715532548685745,-0.003660525242325857,-0.0037491029050692854
2014-02-12,0.1647956182555476,0.1647956182555476,-0.13316999104167673,0.09747915797721163,-0.00022219580481890543,-0.00027093538380751125
2014-02-13,0.2754313611356123,0.2754313611356123,0.03975822058490283,0.17292821162657956,0.00012040682252997553,3.394271671668574e-05
2014-02-14,0.3728782210885199,0.3728782210885199,0.1647956182555476,0.12503739767064476,0.0006219348365147285,0.000559416137679406
2014-02-18,0.545387720372158,0.545387720372158,0.2754313611356123,0.1106357428800647,0.0023612012187142323,0.0023058833472742
2014-02-19,0.5331313624351142,0.5331313624351142,0.3728782210885199,0.09744685995290764,-0.0025020724001557294,-0.0025507958301321833
2014-02-20,0.5823786545127716,0.5823786545127716,0.545387720372158,0.17250949928363807,0.0018832411579932466,0.0017969864083514275
2014-02-21,0.6433601709906824,0.6433601709906824,0.5331313624351142,0.012256357937043827,0.0010368487510120017,0.0010307205720434798
2014-02-24,0.7622401139937883,0.7622401139937883,0.5823786545127716,0.049247292077657434,0.005043677052023253,0.005019053405984424
2014-02-25,0.7580357420062567,0.7580357420062567,0.6433601709906824,0.060981516477910835,-0.0015238563068455478,-0.001554347065084503
2014-02-26,0.6276299905794878,0.6276299905794878,0.7622401139937883,0.11887994300310589,-0.002601449842886593,-0.002660889814388146
2014-02-27,0.6372771653929957,0.6372771653929957,0.7580357420062567,0.004204371987531652,0.002595960494123676,0.00259385830812991
2014-02-28,0.7246515006699993,0.7246515006699993,0.6276299905794878,0.1304057514267689,0.0011175180997529837,0.0010523152240395992
2014-03-03,0.5476360279193189,0.5476360279193189,0.6372771653929957,0.009647174813507964,-0.013498772920208782,-0.013503596507615536
2014-03-04,0.6517492834305054,0.6517492834305054,0.7246515006699993,0.08737433527700356,0.014365853335181278,0.014322166167542776
2014-03-05,0.7038846061037725,0.7038846061037725,0.5476360279193189,0.1770154727506804,-0.00048754296517253645,-0.0005760507015478767
2014-03-06,0.802589737402515,0.802589737402515,0.6517492834305054,0.10411325551118655,0.0067759923289580784,0.006723935701202485
2014-03-07,0.7810331910586474,0.7810331910586474,0.7038846061037725,0.05213532267326704,-0.0038284510212488144,-0.0038545186825854477
2014-03-10,0.6929714403569504,0.6929714403569504,0.802589737402515,0.09870513129874259,-0.004982011438406506,-0.005031364004055877
2014-03-11,0.5775435292437098,0.5775435292437098,0.7810331910586474,0.02155654634386761,-0.005691736149424955,-0.0057025144225968894
2014-03-12,0.47752021557998425,0.47752021557998425,0.6929714403569504,0.08806175070169708,-0.002595104011885345,-0.002639134887236194
2014-03-13,0.32785384779505256,0.32785384779505256,0.5775435292437098,0.11542791111324058,-0.010769327575700476,-0.010827041531257096
2014-03-14,0.21935791795888124,0.21935791795888124,0.47752021557998425,0.10002331366372552,-0.0010244467600398438,-0.0010744584168717066
2014-03-17,0.19484869567336305,0.19484869567336305,0.32785384779505256,0.1496663677849317,0.004128439776183411,0.004053606592290945
2014-03-18,0.19003020215947708,0.19003020215947708,0.21935791795888124,0.10849592983617132,0.0013638541114384512,0.0013096061465203656
2014-03-19,0.14614534607628182,0.14614534607628182,0.19484869567336305,0.02450922228551819,-0.002378723140339893,-0.002390977751482652
2014-03-20,0.10364816133231014,0.10364816133231014,0.19003020215947708,0.004818493513885969,-0.0007248454983634897,-0.0007272547451204327
2014-03-21,0.07093372494306217,0.07093372494306217,0.14614534607628182,0.043884856083195256,-0.0002909752500797471,-0.00031291767812134473
2014-03-24,0.05543082802279717,0.05543082802279717,0.10364816133231014,0.04249718474397168,0.00027042330047458873,0.0002491747081026029
2014-03-25,0.08122281533799025,0.08122281533799025,0.07093372494306217,0.03271443638924797,0.0007708898390440134,0.0007545326208493894
2014-03-26,0.09768761627810128,0.09768761627810128,0.05543082802279717,0.015502896920265005,-8.395176692057092e-06,-1.6146625152189595e-05
2014-03-27,0.10087532929022378,0.10087532929022378,0.08122281533799025,0.025791987315193082,0.00040594129796338486,0.0003930453043057883
2014-03-28,0.13585287514392475,0.13585287514392475,0.09768761627810128,0.016464800940111032,0.0007360489962128782,0.0007278165957428227
2014-03-31,0.18247979344577597,0.18247979344577597,0.10087532929022378,0.0031877130121224923,0.0005129603288101137,0.0005113664723040525
2014-04-01,0.296368817320501,0.296368817320501,0.13585287514392475,0.03497754585370097,0.00086928845717537,0.0008517996842485195
2014-04-02,0.33843438823496974,0.33843438823496974,0.18247979344577597,0.04662691830185123,0.0003507762518757815,0.00032746279272485585
2014-04-03,0.2978829615566222,0.2978829615566222,0.296368817320501,0.11388902387472505,-0.0008309919476194115,-0.000887936459556774
2014-04-04,0.2423962599433227,0.2423962599433227,0.33843438823496974,0.04206557091446872,-0.0010518010069588291,-0.0010728337924160636
2014-04-07,0.1958468034335961,0.1958468034335961,0.2978829615566222,0.040551426678347546,-0.0014151541718890684,-0.001435429885228242
2014-04-08,0.14543183545749602,0.14543183545749602,0.2423962599433227,0.055486701613299494,-0.000144636265264155,-0.00017237961607080476
2014-04-09,0.3249655639454,0.3249655639454,0.1958468034335961,0.04654945650972661,0.0025138145435130896,0.0024905398152582263
2014-04-10,0.2866063585669034,0.2866063585669034,0.14543183545749602,0.05041496797610007,-0.0025716872256905596,-0.0025968947096786095
2014-04-11,0.23289934248955754,0.23289934248955754,0.3249655639454,0.17953372848790397,-0.0019499935591407963,-0.002039760423384748
2014-04-14,0.22124258359865456,0.22124258359865456,0.2866063585669034,0.038359205378496575,0.00164364630635734,0.0016244667036680917
2014-04-15,0.19049556976734547,0.19049556976734547,0.23289934248955754,0.053707016077345876,-0.000978548137921535,-0.0010054016459602078
2014-04-16,0.26087757192573224,0.26087757192573224,0.22124258359865456,0.01165675889090298,0.0027338243984803743,0.002727996019034923
2014-04-17,0.36937321043409166,0.36937321043409166,0.19049556976734547,0.030747013831309095,0.0009924665771218887,0.0009770930702062341
2014-04-21,0.4607588425655597,0.4607588425655597,0.26087757192573224,0.07038200215838677,0.0003476864356167833,0.0003124954345375899
2014-04-22,0.5996420390775534,0.5996420390775534,0.36937321043409166,0.10849563850835942,0.0015294333334861178,0.001475185514231938
2014-04-23,0.6500326538391598,0.6500326538391598,0.4607588425655597,0.09138563213146805,-0.001085648014906499,-0.001131340830972233
2014-04-24,0.67044019584263,0.67044019584263,0.5996420390775534,0.1388831965119937,-8.858765651786878e-05,-0.00015802925477386565
2014-04-25,0.5519579672215656,0.5519579672215656,0.6500326538391598,0.050390614761606334,-0.003166917937832763,-0.003192113245213566
2014-04-28,0.49991919457123724,0.49991919457123724,0.67044019584263,0.02040754200347028,0.002088657360048543,0.002078453589046808
2014-04-29,0.6666127963808248,0.6666127963808248,0.5519579672215656,0.11848222862106439,0.003592213646061721,0.0035329725317511888
2014-04-30,0.7777418642538833,0.7777418642538833,0.49991919457123724,0.05203877265032841,0.0019834570147373217,0.0019574376284121576
2014-05-01,0.8518279095025889,0.8518279095025889,0.6666127963808248,0.1666936018095876,0.0018538567756397038,0.00177050997473491
2014-05-02,0.7537218463803163,0.7537218463803163,0.7777418642538833,0.11112906787305843,-0.0012486143993290122,-0.0013041789332655415
2014-05-05,0.6382390984453077,0.6382390984453077,0.8518279095025889,0.07408604524870566,-0.0006228037861649811,-0.000659846808789334
2014-05-06,0.49716039115931193,0.49716039115931193,0.7537218463803163,0.09810606312227266,-0.0013232411367781831,-0.0013722941683393195
2014-05-07,0.4243587075044095,0.4243587075044095,0.6382390984453077,0.11548274793500857,0.0007482262869609882,0.000690484912993484
2014-05-08,0.38842346522324533,0.38842346522324533,0.49716039115931193,0.14107870728599575,7.283474951336672e-05,2.2953958703688385e-06
2014-05-09,0.2909337159600139,0.2909337159600139,0.4243587075044095,0.07280168365490242,-0.0006210150958374286,-0.0006574159376648798
2014-05-12,0.5272891439733426,0.5272891439733426,0.38842346522324533,0.03593524228116418,0.0025620323450156,0.002544064723875018
2014-05-13,0.6848594293155618,0.6848594293155618,0.2909337159600139,0.09748974926323145,0.0004236822791819701,0.00037493740455035436
2014-05-14,0.5682194145396617,0.5682194145396617,0.5272891439733426,0.2363554280133287,-0.000996707011043539,-0.0011148847250502033
2014-05-15,0.39866997613843996,0.39866997613843996,0.6848594293155618,0.15757028534221917,-0.0029933025395362427,-0.0030720876822073525
2014-05-16,0.31866425703601226,0.31866425703601226,0.5682194145396617,0.11664001477590002,0.0012471580918990727,0.0011888380845111227
2014-05-19,0.2380756872633165,0.2380756872633165,0.39866997613843996,0.16954943840122177,-0.0008149179887120999,-0.0008996927079127108
2014-05-20,0.16909783235279865,0.16909783235279865,0.31866425703601226,0.08000571910242771,-0.0020047452467740414,-0.0020447481063252553
2014-05-21,0.23039121863642648,0.23039121863642648,0.2380756872633165,0.08058856977269577,0.0018577524671490515,0.0018174581822627035
2014-05-22,0.3103968043610519,0.3103968043610519,0.16909783235279865,0.06897785491051783,0.00022235101753939054,0.00018786209008413163
2014-05-23,0.4885276779519082,0.4885276779519082,0.23039121863642648,0.06129338628362782,0.000605080176621229,0.0005744334834794151
2014-05-27,0.6590184519679388,0.6590184519679388,0.3103968043610519,0.0800055857246254,0.002213132794694076,0.0021731300018317636
2014-05-28,0.631956545146853,0.631956545146853,0.4885276779519082,0.17813087359085633,-0.001623295625018011,-0.001712361061813439
2014-05-29,0.7546376967645687,0.7546376967645687,0.6590184519679388,0.17049077401603063,0.00401246838611834,0.003927222999110325
2014-05-30,0.8364251311763793,0.8364251311763793,0.631956545146853,0.02706190682108589,9.102744113400315e-05,7.74964877234602e-05
2014-06-02,0.8909500874509195,0.8909500874509195,0.7546376967645687,0.12268115161771576,0.0015222234908351569,0.001460882915026299
2014-06-03,0.8322065775018135,0.8322065775018135,0.8364251311763793,0.08178743441181058,-0.0020446634512964485,-0.0020855571685023536
2014-06-04,0.7572524534326281,0.7572524534326281,0.8909500874509195,0.05452495627454024,-0.0002567401100936427,-0.0002840025882309128
2014-06-05,0.8381683022884188,0.8381683022884188,0.8322065775018135,0.05874350994910604,0.005759018383916029,0.005729646628941476
2014-06-06,0.8921122015256127,0.8921122015256127,0.7572524534326281,0.07495412406918533,0.004120307496967731,0.004082830434933138
2014-06-09,0.8877514525232684,0.8877514525232684,0.8381683022884188,0.08091584885579062,-0.0008355083556917682,-0.0008759662801196635
2014-06-10,0.8059960866628513,0.8059960866628513,0.8921122015256127,0.05394389923719389,-0.0019074634145971397,-0.0019344353642157365
2014-06-11,0.6648636338895806,0.6648636338895806,0.8877514525232684,0.0043607490023442885,-0.004438716809592716,-0.004440897184093889
2014-06-12,0.555651679034386,0.555651679034386,0.8059960866628513,0.0817553658604171,0.00023135898299351553,0.000190481300063307
2014-06-13,0.5039911488832618,0.5039911488832618,0.6648636338895806,0.1411324527732707,0.00047724602069210945,0.0004066797943054741
2014-06-16,0.473463790894053,0.473463790894053,0.555651679034386,0.10921195485519464,0.00015938236862341102,0.0001047763911958137
2014-06-17,0.432174366266031,0.432174366266031,0.5039911488832618,0.05166053015112415,-0.00036128665032798005,-0.0003871169154035421
2014-06-18,0.6214495775106874,0.6214495775106874,0.473463790894053,0.030527357989208803,0.004076210903838033,0.004060947224843429
2014-06-19,0.7476330516737917,0.7476330516737917,0.432174366266031,0.04128942462802199,0.002336392738955539,0.0023157480266415282
2014-06-20,0.7635831869672833,0.7635831869672833,0.6214495775106874,0.1892752112446564,-0.0010552059617080574,-0.0011498435673303856
2014-06-23,0.700304204024095,0.700304204024095,0.7476330516737917,0.12618347416310427,-0.002013278316975942,-0.002076370054057494
2014-06-24,0.5759635645329775,0.5759635645329775,0.7635831869672833,0.015950135293491652,-0.004775204530820783,-0.004783179598467529
2014-06-25,0.4778007495148779,0.4778007495148779,0.700304204024095,0.06327898294318834,-0.0002461936321513369,-0.0002778331236229311
2014-06-26,0.42202230367307003,0.42202230367307003,0.5759635645329775,0.12434063949111751,0.0004218817055022424,0.0003597113857566836
2014-06-27,0.39163968622895035,0.39163968622895035,0.4778007495148779,0.09816281501809959,0.00027996049593056105,0.00023087908842151124
2014-06-30,0.3831438191444787,0.3831438191444787,0.42202230367307003,0.055778445841807855,0.00037086692035660394,0.0003429776974357
2014-07-01,0.5859252352007356,0.5859252352007356,0.39163968622895035,0.030382617444119686,0.003436912600454426,0.003421721291732366
2014-07-02,0.7239501568004905,0.7239501568004905,0.3831438191444787,0.008495867084471642,0.0006110722730872948,0.000606824339545059
2014-07-03,0.815966771200327,0.815966771200327,0.5859252352007356,0.20278141605625688,0.0011873730713533662,0.0010859823633252378
2014-07-07,0.7072030343842542,0.7072030343842542,0.7239501568004905,0.13802492159975488,-0.005647776534995326,-0.005716788995795204
2014-07-08,0.56466677684889,0.56466677684889,0.815966771200327,0.09201661439983655,-0.008553982261597032,-0.00859999056879695
2014-07-09,0.4913982329657445,0.4913982329657445,0.7072030343842542,0.10876373681607276,0.002289235088686542,0.0022348532202785057
2014-07-10,0.37101016912938206,0.37101016912938206,0.56466677684889,0.14253625753536425,-0.006211424588730097,-0.006282692717497779
2014-07-11,0.2584257633214699,0.2584257633214699,0.4913982329657445,0.07326854388314552,0.0002914750408144767,0.000254840768872904
2014-07-14,0.23821898703900812,0.23821898703900812,0.37101016912938206,0.12038806383636241,0.0027495407811683275,0.0026893467492501463
2014-07-15,0.20134336702056513,0.20134336702056513,0.2584257633214699,0.11258440580791218,-0.0006464199794349895,-0.0007027121823389456
2014-07-16,0.2337030162997808,0.2337030162997808,0.23821898703900812,0.020206776282461758,0.0014757600129502242,0.0014656566248089932
2014-07-17,0.13870992120841638,0.13870992120841638,0.20134336702056513,0.036875620018442995,-0.002567787650244755,-0.0025862254602539766
2014-07-18,0.14788418572823483,0.14788418572823483,0.2337030162997808,0.03235964927921567,0.0018390971505563944,0.0018229173259167867
2014-07-21,0.11853057165299705,0.11853057165299705,0.13870992120841638,0.09499309509136442,-0.000510854587082938,-0.0005583511346286202
2014-07-22,0.126264783218488,0.126264783218488,0.14788418572823483,0.009174264519818454,0.0006560058452189944,0.0006514187129590852
2014-07-23,0.13398208281624868,0.13398208281624868,0.11853057165299705,0.02935361407523779,0.0002442961176623138,0.00022961931062469488
2014-07-24,0.15602410610431483,0.15602410610431483,0.126264783218488,0.0077342115654909505,0.0002967814833700679,0.00029291437758732243
2014-07-25,0.13215815927523059,0.13215815927523059,0.13398208281624868,0.007717299597760685,-0.0005498349428306157,-0.000553693592629496
2014-07-28,0.1154571029185236,0.1154571029185236,0.15602410610431483,0.022042023288066148,2.29750821472358e-05,1.1954070503202727e-05
2014-07-29,0.08675098865294334,0.08675098865294334,0.13215815927523059,0.023865946829084245,-0.00027225230964838534,-0.0002841852830629275
2014-07-30,0.05558155956315421,0.05558155956315421,0.1154571029185236,0.01670105635670699,-0.00017024822722928296,-0.00017859875540763645
2014-07-31,-0.17248576380197453,-0.17248576380197453,0.08675098865294334,0.028706114265580257,-0.0014475474018100045,-0.0014619004589427947
2014-08-01,-0.4483238425346497,-0.4483238425346497,0.05558155956315421,0.031169429089789126,-0.00038396269014727034,-0.0003995474046921649
2014-08-04,-0.5045711374078072,-0.5045711374078072,-0.17248576380197453,0.22806732336512875,-0.0008085904581589817,-0.000922624119841546
2014-08-05,-0.6697140916052049,-0.6697140916052049,-0.4483238425346497,0.2758380787326752,0.005735707808451577,0.005597788769085239
2014-08-06,-0.77980939440347,-0.77980939440347,-0.5045711374078072,0.05624729487315755,0.0012309050267601575,0.0012027813793235786
2014-08-07,-0.8532062629356467,-0.8532062629356467,-0.6697140916052049,0.16514295419739766,0.005424828848810181,0.0053422573717114815
2014-08-08,-0.7915780689974791,-0.7915780689974791,-0.77980939440347,0.11009530279826507,-0.004565988416853654,-0.0046210360682527865
2014-08-11,-0.7026696260072304,-0.7026696260072304,-0.8532062629356467,0.07339686853217675,-0.0032675652387837866,-0.003304263673049875
2014-08-12,-0.6534940488095671,-0.6534940488095671,-0.7915780689974791,0.06162819393816765,0.0006038780738385109,0.0005730639768694271
2014-08-13,-0.5650919656381194,-0.5650919656381194,-0.7026696260072304,0.08890844299024869,-0.003970322467368832,-0.004014776688863957
2014-08-14,-0.4468072377401203,-0.4468072377401203,-0.6534940488095671,0.0491755771976633,-0.003473336107213379,-0.0034979238958122104
2014-08-15,-0.37173647419766875,-0.37173647419766875,-0.5650919656381194,0.08840208317144771,0.0005974641023798806,0.0005532630607941568
2014-08-18,-0.28328330531059565,-0.28328330531059565,-0.4468072377401203,0.11828472789799904,-0.0029052802293504784,-0.002964422593299478
2014-08-19,-0.20034820525470487,-0.20034820525470487,-0.37173647419766875,0.07507076354245157,-0.0008936077612671144,-0.0009311431430383401
2014-08-20,-0.1556035365239577,-0.1556035365239577,-0.28328330531059565,0.08845316888707311,0.0008915547563660392,0.0008473281719225025
2014-08-21,-0.10612270032868029,-0.10612270032868029,-0.20034820525470487,0.08293510005589078,-0.0008434174937734347,-0.0008848850438013801
2014-08-22,-0.08425392572632531,-0.08425392572632531,-0.1556035365239577,0.04474466873074717,0.0007455137691923877,0.0007231414348270141
2014-08-25,-0.059330886803996626,-0.059330886803996626,-0.10612270032868029,0.049480836195277406,-0.000686513211797913,-0.0007112536298955517
2014-08-26,-0.042326362995106434,-0.042326362995106434,-0.08425392572632531,0.02186877460235498,-1.2594581636997246e-05,-2.3528968938174736e-05
2014-08-27,-0.02792064994342927,-0.02792064994342927,-0.059330886803996626,0.024923038922328687,-0.00011527971051048911,-0.00012774122997165346
2014-08-28,-0.02589640378568348,-0.02589640378568348,-0.042326362995106434,0.01700452380889019,0.00018941653079241995,0.00018091426888797486
2014-08-29,-0.025594790675805917,-0.025594790675805917,-0.02792064994342927,0.014405713051677163,1.2548793016324978e-05,5.345936490486396e-06
2014-09-02,-0.020156781680973238,-0.020156781680973238,-0.02589640378568348,0.0020242461577457925,-5.046747873921002e-05,-5.1479601818082917e-05
2014-09-03,-0.00576259660598207,-0.00576259660598207,-0.025594790675805917,0.0003016131098775611,-0.00017997520934448592,-0.0001801260158994247
2014-09-04,-0.0049028320423474695,-0.0049028320423474695,-0.020156781680973238,0.005438008994832679,9.583216120993151e-05,9.311315671251517e-05
2014-09-05,-0.003946268876097896,-0.003946268876097896,-0.00576259660598207,0.014394185074991168,-8.607224082278767e-07,-8.05781494572346e-06
2014-09-08,-0.042615357590613176,-0.042615357590613176,-0.0049028320423474695,0.0008597645636346006,5.195457848618327e-05,5.152469620436597e-05
2014-09-09,-0.07218992487656226,-0.07218992487656226,-0.003946268876097896,0.0009565631662495737,1.1311607214202416e-05,1.0833325631077628e-05
2014-09-10,-0.07480416106411027,-0.07480416106411027,-0.042615357590613176,0.03866908871451528,-0.0002449976198204852,-0.00026433216417774284
2014-09-11,-0.1035689150314692,-0.1035689150314692,-0.07218992487656226,0.02957456728594908,0.00040178553204231395,0.0003869982483993394
2014-09-12,-0.13080781551169546,-0.13080781551169546,-0.07480416106411027,0.002614236187548011,0.00010184057652011916,0.00010053345842634515
2014-09-15,-0.16468166565965398,-0.16468166565965398,-0.1035689150314692,0.028764753967358933,0.00021962658759579624,0.00020524421061211677
2014-09-16,-0.1634185156878212,-0.1634185156878212,-0.13080781551169546,0.027238900480226258,-0.0005559891352063183,-0.0005696085854464314
2014-09-17,-0.20013017852045803,-0.20013017852045803,-0.16468166565965398,0.03387385014795852,0.0011699364281229268,0.0011529995030489476
2014-09-18,-0.18767877406392533,-0.18767877406392533,-0.1634185156878212,0.0012631499718327721,-0.0012687155739665387,-0.001269347148952455
2014-09-19,-0.20174982800340693,-0.20174982800340693,-0.20013017852045803,0.03671166283263683,0.0006952989578928849,0.0006769431264765665
2014-09-22,-0.2268607894916324,-0.2268607894916324,-0.18767877406392533,0.0124514044565327,0.0008250309434027961,0.0008188052411745298
2014-09-23,-0.38496220970231243,-0.38496220970231243,-0.20174982800340693,0.014071053939481604,0.001689417017750819,0.0016823814907810783
2014-09-24,-0.39652975811000407,-0.39652975811000407,-0.2268607894916324,0.025110961488225475,-0.0011494138378298358,-0.0011619693185739486
2014-09-25,-0.5976865054066693,-0.5976865054066693,-0.38496220970231243,0.15810142021068002,0.005645581290897901,0.005566530580792561
2014-09-26,-0.6472656131613648,-0.6472656131613648,-0.39652975811000407,0.011567548407691641,-0.0016598676727978818,-0.0016656514470017277
2014-09-29,-0.7648437421075766,-0.7648437421075766,-0.5976865054066693,0.20115674729666527,0.005536600098243022,0.00543602172459469
2014-09-30,-0.8432291614050511,-0.8432291614050511,-0.6472656131613648,0.04957910775469543,0.0005042502824134609,0.0004794607285361132
2014-10-01,-0.8954861076033676,-0.8954861076033676,-0.7648437421075766,0.11757812894621178,0.00906567355884756,0.009006884494374454
2014-10-02,-0.9303240717355785,-0.9303240717355785,-0.8432291614050511,0.07838541929747456,0.009049786993132842,0.009010594283484104
2014-10-03,-0.9535493811570523,-0.9535493811570523,-0.8954861076033676,0.052256946198316445,-0.0,-2.6128473099158222e-05
2014-10-06,-0.8729816398650542,-0.8729816398650542,-0.9303240717355785,0.03483796413221096,-0.005937004237700255,-0.005954423219766361
2014-10-07,-0.9153210932433695,-0.9153210932433695,-0.9535493811570523,0.023225309421473828,0.016174662325873834,0.016163049671163096
2014-10-08,-0.7880694120895246,-0.7880694120895246,-0.8729816398650542,0.08056774129199817,-0.013796380974506375,-0.013836664845152374
2014-10-09,-0.8587129413930166,-0.8587129413930166,-0.9153210932433695,0.04233945337831535,0.024557688213125428,0.02453651848643627
2014-10-10,-0.9058086275953445,-0.9058086275953445,-0.7880694120895246,0.1272516811538449,0.011827450304007866,0.011763824463430944
2014-10-13,-0.9372057517302297,-0.9372057517302297,-0.8587129413930166,0.07064352930349194,0.0011377965974471503,0.0011024748327954042
2014-10-14,-0.9360155707319808,-0.9360155707319808,-0.9058086275953445,0.04709568620232796,-0.0022532765364752143,-0.0022768243795763784
2014-10-15,-0.9573437138213206,-0.9573437138213206,-0.9372057517302297,0.03139712413488516,0.005581376328498777,0.005565677766431334
2014-10-16,-0.9715624758808805,-0.9715624758808805,-0.9360155707319808,0.0011901809982488576,0.008723120302889872,0.008722525212390747
2014-10-17,-0.8556038977327869,-0.8556038977327869,-0.9573437138213206,0.021328143089339724,-0.017850718854563567,-0.017861382926108237
2014-10-20,-0.7437389107992467,-0.7437389107992467,-0.9715624758808805,0.014218762059559964,-0.006088391026902975,-0.006095500407932755
2014-10-21,-0.6078276837344321,-0.6078276837344321,-0.8556038977327869,0.11595857814809363,-0.01023577175944931,-0.010293751048523357
2014-10-22,-0.5437827370327812,-0.5437827370327812,-0.7437389107992467,0.11186498693354019,0.005419945469478653,0.005364012976011883
2014-10-23,-0.4336380049260534,-0.4336380049260534,-0.6078276837344321,0.13591122706481462,-0.005850215189747904,-0.005918170803280311
2014-10-24,-0.33233418470324155,-0.33233418470324155,-0.5437827370327812,0.06404494670165084,-0.002987184937763951,-0.0030192074111147767
2014-10-27,-0.28515030511101547,-0.28515030511101547,-0.4336380049260534,0.11014473210672782,0.0024387186965342585,0.0023836463304808945
2014-10-28,-0.2111158513749036,-0.2111158513749036,-0.33233418470324155,0.10130382022281187,-0.005048324154814271,-0.005098976064925677
2014-10-29,-0.1859882338170485,-0.1859882338170485,-0.28515030511101547,0.047183879592226086,0.002178824314969854,0.0021552323751737406
2014-10-30,-0.14379380355247803,-0.14379380355247803,-0.2111158513749036,0.07403445373611187,-0.0015239132123839297,-0.0015609304392519856
2014-10-31,-0.07217492026536095,-0.07217492026536095,-0.1859882338170485,0.025127617557855114,-0.0034360273160151215,-0.003448591124794049
2014-11-03,-0.04397159925952529,-0.04397159925952529,-0.14379380355247803,0.042194430264570454,0.0012366896261316379,0.0012155924109993528
2014-11-04,-0.04018474259528687,-0.04018474259528687,-0.07217492026536095,0.07161888328711709,0.0004098262090023222,0.0003740167673587636
2014-11-05,-0.03216632781509653,-0.03216632781509653,-0.04397159925952529,0.028203321005835655,-8.370231640351361e-05,-9.780397690643144e-05
2014-11-06,-0.04022161820898919,-0.04022161820898919,-0.04018474259528687,0.0037868566642384194,0.00021632016601208495,0.00021442673767996573
2014-11-07,-0.04421395121709533,-0.04421395121709533,-0.03216632781509653,0.008018414780190337,-1.5364659530450978e-05,-1.9373866920546145e-05
2014-11-10,-0.03567889982236388,-0.03567889982236388,-0.04022161820898919,0.008055290393892654,-0.00017918712914735286,-0.0001832147743442992
2014-11-11,-0.01769357286518371,-0.01769357286518371,-0.04421395121709533,0.0039923330081061414,-0.00026613887225187573,-0.00026813503875592877
2014-11-12,-0.02164912924283298,-0.02164912924283298,-0.03567889982236388,0.00853505139473145,0.00030336800244092234,0.00029910047674355664
2014-11-13,-0.01529182272691724,-0.01529182272691724,-0.01769357286518371,0.017985326957180168,-8.429756958361665e-05,-9.329023306220674e-05
2014-11-14,-0.009742406350662373,-0.009742406350662373,-0.02164912924283298,0.0039555563776492685,-3.079489414725959e-05,-3.2772672336084224e-05
2014-11-17,-0.007344603208796914,-0.007344603208796914,-0.01529182272691724,0.006357306515915739,6.033848934227696e-05,5.7159836084319094e-05
2014-11-18,-0.00042974343116968915,-0.00042974343116968915,-0.009742406350662373,0.005549416376254867,-0.00010651807360865197,-0.0001092927817967794
2014-11-19,0.002712667359192515,0.002712667359192515,-0.007344603208796914,0.002397803141865459,2.1873635871564806e-05,2.0674734300632078e-05
2014-11-20,0.0011018600034943045,0.0011018600034943045,-0.00042974343116968915,0.0069148597776272245,2.567179788662656e-06,-8.902501001509565e-07
2014-11-21,0.007294442732227654,0.007294442732227654,0.002712667359192515,0.003142410790362204,2.359555012042817e-05,2.202434472524707e-05
2014-11-24,0.01750619260960048,0.01750619260960048,0.0011018600034943045,0.0016108073556982104,6.3921112291970835e-06,5.586707551347978e-06
2014-11-25,0.024929471109648223,0.024929471109648223,0.007294442732227654,0.00619258272873335,1.2509808170965749e-05,9.413516806599073e-06
2014-11-26,0.028613389444383148,0.028613389444383148,0.01750619260960048,0.010211749877372826,6.81055371665315e-05,6.299966222784508e-05
2014-11-28,0.030057347048200914,0.030057347048200914,0.024929471109648223,0.007423278500047741,-0.00020095555041348912,-0.000204667189663513
2014-12-01,0.03580057034344274,0.03580057034344274,0.028613389444383148,0.003683918334734925,-2.6832887084442632e-05,-2.8674846251810093e-05
2014-12-02,0.041882180175443436,0.041882180175443436,0.030057347048200914,0.0014439576038177658,8.46327146525962e-05,8.391073585068732e-05
2014-12-03,0.035942791986672606,0.035942791986672606,0.03580057034344274,0.00574322329524183,-4.4666892586128255e-05,-4.753850423374917e-05
2014-12-04,0.0319311140515416,0.0319311140515416,0.041882180175443436,0.006081609832000692,-0.0001373677413474111,-0.00014040854626341145
2014-12-05,0.027126403209672956,0.027126403209672956,0.035942791986672606,0.005939388188770829,7.883800160680664e-05,7.586830751242122e-05
2014-12-08,0.020695946477376537,0.020695946477376537,0.0319311140515416,0.004011677935131006,-0.0002795658389239037,-0.00028157167789146924
2014-12-09,0.014427384066962859,0.014427384066962859,0.027126403209672956,0.0048047108418686445,-0.00014547481328149912,-0.00014787716870243343
2014-12-10,0.005723276026609207,0.005723276026609207,0.020695946477376537,0.006430456732296419,-0.00026254981728502,-0.0002657650456511682
2014-12-11,0.0010997093281303362,0.0010997093281303362,0.014427384066962859,0.006268562410413679,-1.854033305943833e-05,-2.167461426464517e-05
2014-12-12,-0.050756727357282025,-0.050756727357282025,0.005723276026609207,0.008704108040353651,-0.00011045245294960223,-0.00011480450696977906
2014-12-15,-0.22260877705506218,-0.22260877705506218,0.0010997093281303362,0.004623566698478871,-1.8214223124183414e-05,-2.052600647342285e-05
2014-12-16,-0.2688899009532107,-0.2688899009532107,-0.050756727357282025,0.05185643668541236,-0.00036393671268947653,-0.00038986493103218274
2014-12-17,-0.25119153833265395,-0.25119153833265395,-0.22260877705506218,0.17185204969778017,-0.0026609789375900885,-0.0027469049624389784
2014-12-18,-0.15953210868185563,-0.15953210868185563,-0.2688899009532107,0.04628112389814851,-0.0047976207382496115,-0.004820761300198686
2014-12-19,-0.0920201800358845,-0.0920201800358845,-0.25119153833265395,0.01769836262055674,-0.00036692328206142056,-0.00037577246337169894
2014-12-22,-0.013876440004461428,-0.013876440004461428,-0.15953210868185563,0.09165942965079832,-0.0007756915582152391,-0.0008215212730406382
2014-12-23,0.022573535878622975,0.022573535878622975,-0.0920201800358845,0.06751192864597114,0.00029682668560243125,0.0002630707212794457
2014-12-24,0.06569768560732615,0.06569768560732615,-0.013876440004461428,0.07814374003142308,-6.28688867922641e-05,-0.00010194075680797564
2014-12-26,0.1083977542908475,0.1083977542908475,0.022573535878622975,0.03644997588308441,5.818181414347557e-05,3.995682620193336e-05
2014-12-29,0.09460148171612043,0.09460148171612043,0.06569768560732615,0.04312414972870318,-0.00047500457152628594,-0.0004965666463906376
2014-12-30,0.05773678416318672,0.05773678416318672,0.1083977542908475,0.042700068683521344,-0.0009999768360473911,-0.0010213268703891517
2014-12-31,0.01634698814997265,0.01634698814997265,0.09460148171612043,0.01379627257472707,-0.0005872013249723865,-0.0005940994612597501
2015-01-02,-0.02064096347340305,-0.02064096347340305,0.05773678416318672,0.03686469755293371,-0.00024673102206344946,-0.0002651633708399163
2015-01-05,-0.264667907775964,-0.264667907775964,0.01634698814997265,0.041389796013214075,-0.00038587021395795743,-0.00040656511196456447
2015-01-06,-0.509778605183976,-0.509778605183976,-0.02064096347340305,0.0369879516233757,0.00023380742432796395,0.0002153134485162761
2015-01-07,-0.5107277019631011,-0.5107277019631011,-0.264667907775964,0.24402694430256094,-0.0029417691701698855,-0.003063782642321166
2015-01-08,-0.42787184218780605,-0.42787184218780605,-0.509778605183976,0.245110697408012,-0.006897086698467768,-0.007019642047171774
2015-01-09,-0.39904085246294174,-0.39904085246294174,-0.5107277019631011,0.0009490967791251359,0.0024713824713086603,0.002470907922919098
2015-01-12,-0.3942263618970307,-0.3942263618970307,-0.42787184218780605,0.08285585977529508,0.0010043667248491436,0.000962938794961496
2015-01-13,-0.3619362317784983,-0.3619362317784983,-0.39904085246294174,0.02883098972486431,-0.0020118851046128103,-0.0020263005994752424
2015-01-14,-0.36037141757453695,-0.36037141757453695,-0.3942263618970307,0.004814490565911045,0.0011206170095674642,0.0011182097642845087
2015-01-15,-0.3230647063828908,-0.3230647063828908,-0.3619362317784983,0.03229013011853238,-0.0023064140057944215,-0.0023225590708536876
2015-01-16,-0.23947721832702698,-0.23947721832702698,-0.36037141757453695,0.0015648142039613733,-0.00468406828850732,-0.004684850695609301
2015-01-20,-0.1646787697451496,-0.1646787697451496,-0.3230647063828908,0.037306711191646136,-0.0011160730481607252,-0.0011347264037565483
2015-01-21,-0.10169517807213779,-0.10169517807213779,-0.23947721832702698,0.08358748805586383,-0.0018843686180658918,-0.0019261623620938238
2015-01-22,-0.056131616294557526,-0.056131616294557526,-0.1646787697451496,0.07479844858187737,-0.0006160647392730656,-0.0006534639635640043
2015-01-23,-0.03354101405309335,-0.03354101405309335,-0.10169517807213779,0.06298359167301182,0.0005767812200402326,0.0005452894242037267
2015-01-26,0.0065493933786109244,0.0065493933786109244,-0.056131616294557526,0.045563561777580266,-0.0007684287520752169,-0.000791210532964007
2015-01-27,0.03296642835881636,0.03296642835881636,-0.03354101405309335,0.022590602241464176,-4.8535449212834636e-05,-5.9830750333566724e-05
2015-01-28,0.03267945992005347,0.03267945992005347,0.0065493933786109244,0.04009040743170428,-9.778461195455781e-05,-0.00011782981567040994
2015-01-29,0.08383704354740788,0.08383704354740788,0.03296642835881636,0.026417034980205433,0.00045130272520940213,0.0004380942077192994
2015-01-30,0.06226332505233409,0.06226332505233409,0.03267945992005347,0.0002869684387628857,-0.0005148911515596892,-0.0005150346357790707
2015-02-02,0.0979623150515451,0.0979623150515451,0.08383704354740788,0.05115758362735441,0.001013403596004466,0.0009878248041907888
2015-02-03,0.22469841562297124,0.22469841562297124,0.06226332505233409,0.021573718495073793,0.0009948468725506727,0.0009840600133031359
2015-02-04,0.25306508667782796,0.25306508667782796,0.0979623150515451,0.035698989999211006,-0.0008092207619821401,-0.0008270702569817456
2015-02-05,0.3834726881492482,0.3834726881492482,0.22469841562297124,0.12673610057142615,0.0030952936178335754,0.0030319255675478624
2015-02-06,0.3717989142183851,0.3717989142183851,0.25306508667782796,0.028366671054856712,-0.0031588079839274517,-0.00317299131945488
2015-02-09,0.33169583864292873,0.33169583864292873,0.3834726881492482,0.13040760147142022,-0.0018406566910703556,-0.0019058604918060658
2015-02-10,0.3658442658416142,0.3658442658416142,0.3717989142183851,0.011673773930863052,0.0034070704464097506,0.003401233559444319
2015-02-11,0.3447299681325287,0.3447299681325287,0.33169583864292873,0.04010307557545639,-0.0017965710029088642,-0.0018166225406965925
2015-02-12,0.4580332303729523,0.4580332303729523,0.3658442658416142,0.034148427198685494,0.0056843014333262925,0.00566722721972695
2015-02-13,0.6192838090185067,0.6192838090185067,0.3447299681325287,0.021114297709085517,0.0022836670955315233,0.0022731099466769805
2015-02-17,0.7461892060123378,0.7461892060123378,0.4580332303729523,0.11330326224042359,0.0010766321564773527,0.0010199805253571408
2015-02-18,0.8307928040082253,0.8307928040082253,0.6192838090185067,0.16125057864555437,0.0036786066852877437,0.0035979813959649666
2015-02-19,0.8871952026721504,0.8871952026721504,0.7461892060123378,0.1269053969938312,0.0009276115299785382,0.0008641588314816227
2015-02-20,0.9247968017814336,0.9247968017814336,0.8307928040082253,0.08460359799588746,0.007736719355239278,0.007694417556241334
2015-02-23,0.8590278887235363,0.8590278887235363,0.8871952026721504,0.056402398663925046,-0.003137893046853283,-0.0031660942461852457
2015-02-24,0.9060185924823576,0.9060185924823576,0.9247968017814336,0.03760159910928329,0.005708533427650189,0.005689732628095547
2015-02-25,0.9373457283215718,0.9373457283215718,0.8590278887235363,0.06576891305789734,0.000658771194655426,0.0006258867381264773
2015-02-26,0.8662152277025206,0.8662152277025206,0.9060185924823576,0.046990703758821306,-0.002499166618705015,-0.0025226619705844256
2015-02-27,0.7874847053143581,0.7874847053143581,0.9373457283215718,0.031327135839214204,0.0004320832739394859,0.0004164197060198788
2015-03-02,0.8055626085307848,0.8055626085307848,0.8662152277025206,0.07113050061905124,0.0013304639601104725,0.0012948987098009468
2015-03-03,0.649615131809077,0.649615131809077,0.7874847053143581,0.07873052238816247,-0.004831119816244927,-0.004870485077439008
2015-03-04,0.4945334991424838,0.4945334991424838,0.8055626085307848,0.01807790321642666,-0.0032320320521125735,-0.003241071003720787
2015-03-05,0.4172142658679285,0.4172142658679285,0.649615131809077,0.15594747672170772,0.0015097052992803194,0.0014317315609194655
2015-03-06,0.30475437455309806,0.30475437455309806,0.4945334991424838,0.15508163266659325,-0.006727341123022851,-0.006804881939356148
2015-03-09,0.23599563222857844,0.23599563222857844,0.4172142658679285,0.07731923327455531,0.0006538807941244291,0.0006152211774871515
2015-03-10,0.17389120774076075,0.17389120774076075,0.30475437455309806,0.11245989131483042,-0.006628202241091102,-0.0066844321867485165
2015-03-11,0.13780208766282973,0.13780208766282973,0.23599563222857844,0.06875874232451962,0.0006039622864531371,0.0005695829152908773
2015-03-12,0.16773507320762457,0.16773507320762457,0.17389120774076075,0.062104424487817694,0.0021639244674266983,0.0021328722551827895
2015-03-13,0.16801664816626638,0.16801664816626638,0.13780208766282973,0.036089120077931025,-0.0008034447243615898,-0.0008214892844005553
2015-03-16,0.2276963036705614,0.2276963036705614,0.16773507320762457,0.029932985544794843,0.0018876292553682511,0.0018726627625958536
2015-03-17,0.25425985391699474,0.25425985391699474,0.16801664816626638,0.0002815749586418115,-0.0004213348690913728,-0.0004214756565706937
2015-03-18,0.4565997381804775,0.4565997381804775,0.2276963036705614,0.05967965550429502,0.004865913800879929,0.004836073973127781
2015-03-19,0.48802865847736987,0.48802865847736987,0.25425985391699474,0.026563550246433337,-0.002972959502036335,-0.002986241277159552
2015-03-20,0.6586857723182467,0.6586857723182467,0.4565997381804775,0.20233988426348276,0.010093149735352865,0.009991979793221124
2015-03-23,0.7724571815454978,0.7724571815454978,0.48802865847736987,0.03142892029689237,0.0024527660064351856,0.0024370515462867393
2015-03-24,0.8194937352129462,0.8194937352129462,0.6586857723182467,0.17065711384087678,-0.0013975999813233464,-0.0014829285382437847
2015-03-25,0.7987228787597201,0.7987228787597201,0.7724571815454978,0.11377140922725115,-0.0036364509444897775,-0.003693336649103403
2015-03-26,0.712790752196909,0.712790752196909,0.8194937352129462,0.04703655366744841,-0.007126932046777689,-0.007150450323611414
2015-03-27,0.6728108645664009,0.6728108645664009,0.7987228787597201,0.020770856453226072,0.002089823388204526,0.002079437959977913
2015-03-30,0.6484101963366216,0.6484101963366216,0.712790752196909,0.08593212656281113,0.0004378199758170113,0.0003948539125356057
2015-03-31,0.5451192823964977,0.5451192823964977,0.6728108645664009,0.03997988763050808,-0.01042557914769549,-0.010445569091510745
2015-04-01,0.5013647670167682,0.5013647670167682,0.6484101963366216,0.024400668229779376,0.004647936311141203,0.004635735977026313
2015-04-02,0.5191811868746496,0.5191811868746496,0.5451192823964977,0.10329091394012391,0.004723442493669566,0.004671797036699504
2015-04-06,0.632831490827495,0.632831490827495,0.5013647670167682,0.04375451537972941,0.005075793093525653,0.005053915835835788
2015-04-07,0.6817556309584148,0.6817556309584148,0.5191811868746496,0.017816419857881405,-0.0007094682483112891,-0.0007183764582402298
2015-04-08,0.78783708730561,0.78783708730561,0.632831490827495,0.11365030395284537,0.0026945162581401205,0.002637691106163698
2015-04-09,0.85855805820374,0.85855805820374,0.6817556309584148,0.048924140130919835,0.0009290586573611219,0.000904596587295662
2015-04-10,0.9057053721358268,0.9057053721358268,0.78783708730561,0.10608145634719512,0.0015488948450620601,0.0014958541168884625
2015-04-13,0.8056981389175446,0.8056981389175446,0.85855805820374,0.07072097089813001,-0.005442380980044282,-0.005477741465493347
2015-04-14,0.8704654259450297,0.8704654259450297,0.9057053721358268,0.04714731393208682,0.006740740718936515,0.006717167061970472
2015-04-15,0.9136436172966866,0.9136436172966866,0.8056981389175446,0.1000072332182822,0.0036438238803344473,0.003593820263725306
2015-04-16,0.9424290781977911,0.9424290781977911,0.8704654259450297,0.06476728702748513,0.0023517868350807058,0.002319403191566963
2015-04-17,0.7150173999472678,0.7150173999472678,0.9136436172966866,0.0431781913516569,-0.011487265972110559,-0.011508855067786388
2015-04-20,0.5508476384868367,0.5508476384868367,0.9424290781977911,0.028785460901104454,0.0010000116729857395,0.0009856189425351872
2015-04-21,0.6083522578937623,0.6083522578937623,0.7150173999472678,0.22741167825052333,0.006387789564596323,0.0062740837254710614
2015-04-22,0.7099912468620085,0.7099912468620085,0.5508476384868367,0.16416976146043105,0.0010749335151458406,0.000992848634415625
2015-04-23,0.806660831241339,0.806660831241339,0.6083522578937623,0.05750461940692564,0.0022780100664620785,0.0022492577567586156
2015-04-24,0.8711072208275594,0.8711072208275594,0.7099912468620085,0.10163898896824619,0.004132271230753661,0.004081451736269537
2015-04-27,0.9140714805517063,0.9140714805517063,0.806660831241339,0.09666958437933049,0.003949377478279683,0.0039010426860900177
2015-04-28,0.9427143203678043,0.9427143203678043,0.8711072208275594,0.0644463895862204,0.0010287221095609774,0.000996498914767867
2015-04-29,0.7706778880612873,0.7706778880612873,0.9140714805517063,0.04296425972414686,-0.007952793828895717,-0.007974275958757791
2015-04-30,0.5873583433404936,0.5873583433404936,0.9427143203678043,0.028642839816098054,-0.009957147044036945,-0.009971468463944994
2015-05-01,0.549206802819837,0.549206802819837,0.7706778880612873,0.172036432306517,0.008574520532466703,0.008488502316313444
2015-05-04,0.5147816332200328,0.5147816332200328,0.5873583433404936,0.1833195447207937,-0.0006113835387548152,-0.0007030433111152121
2015-05-05,0.4042998541106106,0.4042998541106106,0.549206802819837,0.03815154052065661,-0.008175200876618872,-0.0081942766468792
2015-05-06,0.33899727283612696,0.33899727283612696,0.5147816332200328,0.03442516959980424,0.001322361184862298,0.001305148600062396
2015-05-07,0.2788044330350407,0.2788044330350407,0.4042998541106106,0.1104817791094222,-0.0013405395507455596,-0.0013957804403002707
2015-05-08,0.4802944779164821,0.4802944779164821,0.33899727283612696,0.06530258127448363,0.007843047403528378,0.007810396112891136
2015-05-11,0.503778950091045,0.503778950091045,0.2788044330350407,0.06019283980108625,-0.0024311117047887943,-0.0024612081246893373
2015-05-12,0.5135890807305663,0.5135890807305663,0.4802944779164821,0.2014900448814414,-0.0002864084877556705,-0.00038715351019639115
2015-05-13,0.608370929255261,0.608370929255261,0.503778950091045,0.023484472174562898,0.003757661467221212,0.0037459192311339305
2015-05-14,0.7389139528368407,0.7389139528368407,0.5135890807305663,0.009810130639521297,0.006160523819478911,0.006155618754159151
2015-05-15,0.8259426352245605,0.8259426352245605,0.608370929255261,0.09478184852469473,0.000712034336168187,0.0006646434119058396
2015-05-18,0.8304109906627766,0.8304109906627766,0.7389139528368407,0.13054302358157965,-0.002483780194511129,-0.002549051706301919
2015-05-19,0.7685821804693986,0.7685821804693986,0.8259426352245605,0.08702868238771977,-0.0031493814853465864,-0.003192895826540446
2015-05-20,0.7539356014450671,0.7539356014450671,0.8304109906627766,0.0044683554382161095,0.0015892698362173073,0.0015870356584981992
2015-05-21,0.8359570676300447,0.8359570676300447,0.7685821804693986,0.06182881019337794,0.00406530176458438,0.004034387359487691
2015-05-22,0.7301895542382706,0.7301895542382706,0.7539356014450671,0.01464657902433153,-0.004848219749819906,-0.004855543039332072
2015-05-26,0.5447631344584691,0.5447631344584691,0.8359570676300447,0.08202146618497763,-0.015002498371702299,-0.015043509104794787
2015-05-27,0.4867260250671488,0.4867260250671488,0.7301895542382706,0.10576751339177415,0.007109179994315443,0.007056296237619555
2015-05-28,0.4298472724893039,0.4298472724893039,0.5447631344584691,0.18542641977980145,-0.0009696850984071031,-0.0010623983082970038
2015-05-29,0.3301387419606503,0.3301387419606503,0.4867260250671488,0.05803710939132034,-0.004701671061052095,-0.0047306896157477555
2015-06-01,0.2538162321021629,0.2538162321021629,0.4298472724893039,0.056878752577844915,-0.0011610305490402889,-0.0011894699253292113
2015-06-02,0.22542685452651312,0.22542685452651312,0.3301387419606503,0.09970853052865358,0.0015399361681466813,0.0014900819028823545
2015-06-03,0.23897840403707482,0.23897840403707482,0.2538162321021629,0.07632250985848738,0.0014064545647033417,0.0013682933097740981
2015-06-04,0.2038919638376862,0.2038919638376862,0.22542685452651312,0.0283893775756498,-0.0024174195665601383,-0.002431614255347963
2015-06-05,0.13271230907906503,0.13271230907906503,0.23897840403707482,0.0135515495105617,-0.002842404319267738,-0.0028491800940230187
2015-06-08,0.08094172847360766,0.08094172847360766,0.2038919638376862,0.03508644019938861,-0.0002796217492865869,-0.0002971649693862812
2015-06-09,0.022224945110871072,0.022224945110871072,0.13271230907906503,0.07117965475862117,-0.0007289307943479398,-0.0007645206217272504
2015-06-10,0.04957560177168738,0.04957560177168738,0.08094172847360766,0.051770580605457375,0.0017012900946881935,0.0016754048043854648
2015-06-11,0.0658899026988912,0.0658899026988912,0.022224945110871072,0.058716783362736585,6.010784024676304e-05,3.074944856539475e-05
2015-06-12,0.03966416569979604,0.03966416569979604,0.04957560177168738,0.027350656660816305,-0.0003937524156495461,-0.0004074277439799543
2015-06-15,-0.008457083415646681,-0.008457083415646681,0.0658899026988912,0.016314300927203818,-0.0003981254457506766,-0.0004062825962142785
2015-06-16,-0.04409621324119787,-0.04409621324119787,0.03966416569979604,0.026225736999095153,-1.2056112991992728e-05,-2.5168981491540304e-05
2015-06-17,-0.07915417098814276,-0.07915417098814276,-0.008457083415646681,0.04812124911544272,1.9284454781358507e-05,-4.7761697763628526e-06
2015-06-18,-0.055771628941787846,-0.055771628941787846,-0.04409621324119787,0.03563912982555119,-0.0003964237918616768,-0.0004142433567744524
2015-06-19,-0.04987856516808011,-0.04987856516808011,-0.07915417098814276,0.03505795774694489,0.00019125991012207655,0.0001737309312486041
2015-06-22,0.06380189056056002,0.06380189056056002,-0.055771628941787846,0.023382542046354912,-0.0010553286763803126,-0.00106701994740349
2015-06-23,0.1585808557453228,0.1585808557453228,-0.04987856516808011,0.005893063773707734,-0.00013337848064774016,-0.00013632501253459404
2015-06-24,0.1449402850073335,0.1449402850073335,0.06380189056056002,0.11368045572864013,-0.0005483059122946543,-0.0006051461401589744
2015-06-25,0.12257822061518245,0.12257822061518245,0.1585808557453228,0.09477896518476278,-6.989537160323311e-05,-0.0001172848541956145
2015-06-26,0.08645666663888134,0.08645666663888134,0.1449402850073335,0.0136405707379893,-6.609599277048508e-05,-7.291627813947973e-05
2015-06-29,-0.2756955555740791,-0.2756955555740791,0.12257822061518245,0.02236206439215105,-0.0037664960741776634,-0.003777677106373739
2015-06-30,-0.5171303703827194,-0.5171303703827194,0.08645666663888134,0.03612155397630111,-0.0003120705091889384,-0.00033013128617708897
2015-07-01,-0.5590810175854671,-0.5590810175854671,-0.2756955555740791,0.36215222221296045,-0.0017803798140319201,-0.0019614559251384003
2015-07-02,-0.5660464881729554,-0.5660464881729554,-0.5171303703827194,0.24143481480864026,-0.0006473925223581987,-0.0007681099297625188
2015-07-06,-0.7106976587819703,-0.7106976587819703,-0.5590810175854671,0.04195064720274777,0.01127247787621431,0.011251502552612936
2015-07-07,-0.8003042433752778,-0.8003042433752778,-0.5660464881729554,0.006965470587488309,-0.0001804936424365729,-0.00018397637773031705
2015-07-08,-0.8668694955835186,-0.8668694955835186,-0.7106976587819703,0.1446511706090149,0.016546038685703205,0.016473713100398697
2015-07-09,-0.744343182203205,-0.744343182203205,-0.8003042433752778,0.0896065845933075,-0.013196826660553478,-0.013241629952850132
2015-07-10,-0.48796505651730365,-0.48796505651730365,-0.8668694955835186,0.06656525220824072,-0.02840363845723881,-0.02843692108334293
2015-07-13,-0.29782808093686725,-0.29782808093686725,-0.744343182203205,0.12252631338031361,-0.0027781870798278914,-0.002839450236518048
2015-07-14,-0.1340485017498428,-0.1340485017498428,-0.48796505651730365,0.2563781256859013,-0.004082784082264103,-0.004210973145107054
2015-07-15,-0.043143210558836596,-0.043143210558836596,-0.29782808093686725,0.1901369755804364,0.00109838737180867,0.0010033188840184518
2015-07-16,0.062027820964827486,0.062027820964827486,-0.1340485017498428,0.16377957918702443,-0.0011577265987934662,-0.0012396163883869784
2015-07-17,0.12312392759684351,0.12312392759684351,-0.043143210558836596,0.09090529119100621,7.25610205688392e-05,2.71083749733361e-05
2015-07-20,0.1683834613284786,0.1683834613284786,0.062027820964827486,0.10517103152366408,0.00016150620591447211,0.00010892069015264007
2015-07-21,0.1845381119925779,0.1845381119925779,0.12312392759684351,0.06109610663201603,-0.0003573923982206491,-0.0003879404515366571
2015-07-22,0.15083061424474722,0.15083061424474722,0.1683834613284786,0.04525953373163508,-0.0012899072669334366,-0.001312537033799254
2015-07-23,0.11870498474619856,0.11870498474619856,0.1845381119925779,0.016154650664099324,-0.00048430752142050807,-0.0004923848467525577
2015-07-24,0.07712039894390428,0.07712039894390428,0.15083061424474722,0.03370749774783069,-0.0016577324074563981,-0.0016745861563303135
2015-07-27,0.04463455980518531,0.04463455980518531,0.11870498474619856,0.03212562949854866,-0.0008732402966199838,-0.0008893031113692581
2015-07-28,0.03005627404564478,0.03005627404564478,0.07712039894390428,0.04158458580229428,0.00097283719370631,0.0009520449008051629
2015-07-29,0.023439124796981937,0.023439124796981937,0.04463455980518531,0.03248583913871897,0.0001598420515351558,0.00014359913196579631
2015-07-30,0.017440992346109314,0.017440992346109314,0.03005627404564478,0.014578285759540531,-2.330437439809599e-05,-3.0593517277866256e-05
2015-07-31,0.01887956151419479,0.01887956151419479,0.023439124796981937,0.006617149248662843,0.00013829994901811904,0.00013499137439378761
2015-08-03,0.01727112504521842,0.01727112504521842,0.017440992346109314,0.005998132450872624,-4.577127495281135e-05,-4.8770341178247664e-05
2015-08-04,0.01787229694064669,0.01787229694064669,0.01887956151419479,0.0014385691680854767,1.4614494305895389e-05,1.389520972185265e-05
2015-08-05,0.022900822121639623,0.022900822121639623,0.01727112504521842,0.0016084364689763694,9.081496552440682e-05,9.001074728991864e-05
2015-08-06,0.022317863851174936,0.022317863851174936,0.01787229694064669,0.0006011718954282673,-7.424070733739656e-05,-7.454129328511069e-05
2015-08-07,0.01704694400189532,0.01704694400189532,0.022900822121639623,0.005028525180992935,-4.245548838025073e-05,-4.49697509707472e-05
2015-08-10,0.02189415816861135,0.02189415816861135,0.022317863851174936,0.0005829582704646868,0.00027288148611710294,0.0002725900069818706
2015-08-11,0.01768234332753375,0.01768234332753375,0.01704694400189532,0.005270919849279618,-0.00026064859547920646,-0.00026328405540384625
2015-08-12,0.0073968215670640325,0.0073968215670640325,0.02189415816861135,0.004847214166716032,-0.00015639295189072964,-0.00015881655897408766
2015-08-13,-0.00018527495074303034,-0.00018527495074303034,0.01768234332753375,0.004211814841077601,-1.1062016585708708e-05,-1.3167924006247509e-05
2015-08-14,-0.002985522702630163,-0.002985522702630163,0.0073968215670640325,0.010285521760469717,1.1574589936872671e-05,6.431829056637812e-06
2015-08-17,-0.0037067471351605015,-0.0037067471351605015,-0.00018527495074303034,0.007582096517807063,3.4736575596701874e-07,-3.4436825029365127e-06
2015-08-18,-0.009647975925713955,-0.009647975925713955,-0.002985522702630163,0.0028002477518871325,2.2433112234320074e-05,2.1032988358376507e-05
2015-08-19,-0.028841233027049537,-0.028841233027049537,-0.0037067471351605015,0.0007212244325303387,3.274182616721718e-05,3.2381213950952014e-05
2015-08-20,-0.3231627654636467,-0.3231627654636467,-0.009647975925713955,0.005941228790553453,0.00023336743652267288,0.00023039682212739617
2015-08-21,-0.5487751769757645,-0.5487751769757645,-0.028841233027049537,0.019193257101335584,0.0006584764779053287,0.0006488798493546609
2015-08-24,-0.6991834513171764,-0.6991834513171764,-0.3231627654636467,0.29432153243659714,0.011164027064392193,0.011016866298173894
2015-08-25,-0.7037953273149676,-0.7037953273149676,-0.5487751769757645,0.2256124115121178,-0.005217306573075113,-0.005330112778831172
2015-08-26,-0.5902410364712999,-0.5902410364712999,-0.6991834513171764,0.1504082743414119,-0.01652182269880253,-0.01659702683597324
2015-08-27,-0.47057091266152024,-0.47057091266152024,-0.7037953273149676,0.004611875997791226,-0.008594529344360008,-0.008596835282358902
2015-08-28,-0.39614995027873484,-0.39614995027873484,-0.5902410364712999,0.11355429084366775,0.0008778880364514934,0.0008211108910296595
2015-08-31,-0.3756799013527111,-0.3756799013527111,-0.47057091266152024,0.11967012380977965,0.0035047852677976047,0.0034449502058927148
2015-09-01,-0.5673590456483857,-0.5673590456483857,-0.39614995027873484,0.0744209623827854,0.013277723152112977,0.013240512670921583
2015-09-02,-0.5939464170517488,-0.5939464170517488,-0.3756799013527111,0.02047004892602372,-0.0055742602111277266,-0.005584495235590739
2015-09-03,-0.5969037965099888,-0.5969037965099888,-0.5673590456483857,0.19167914429567456,-0.00135036708665947,-0.0014462066588073073
2015-09-04,-0.7312691976733259,-0.7312691976733259,-0.5939464170517488,0.02658737140336309,0.013599506575265109,0.013586212889563427
2015-09-08,-0.6324889843714192,-0.6324889843714192,-0.5969037965099888,0.0029573794582400392,-0.017510382886767158,-0.017511861576496278
2015-09-09,-0.5858619904665832,-0.5858619904665832,-0.7312691976733259,0.13436540116333706,0.0029597192323797938,0.0028925365317981253
2015-09-10,-0.5167022084109092,-0.5167022084109092,-0.6324889843714192,0.09878021330190667,-0.004176596640187861,-0.004225986746838815
2015-09-11,-0.4683457165791176,-0.4683457165791176,-0.5858619904665832,0.046626993904836045,9.847070642429144e-05,7.515720947187343e-05
2015-09-14,-0.47275422225420405,-0.47275422225420405,-0.5167022084109092,0.06915978205567397,0.003911680592478459,0.0038771007014506225
2015-09-15,-0.4438974097246032,-0.4438974097246032,-0.4683457165791176,0.04835649183179158,-0.0031756896764673008,-0.0031998679223831966
2015-09-16,-0.3496085423998972,-0.3496085423998972,-0.47275422225420405,0.004408505675086438,-0.0072437648690850155,-0.0072459691219225585
2015-09-17,-0.2753918749381884,-0.2753918749381884,-0.4438974097246032,0.028856812529600873,-0.0002207898878935715,-0.00023521829415837193
2015-09-18,-0.339850826015602,-0.339850826015602,-0.3496085423998972,0.09428886732470598,0.00875036212467371,0.008703217691011357
2015-09-21,-0.3677242771956821,-0.3677242771956821,-0.2753918749381884,0.0742166674617088,0.00014039889391343445,0.00010329056018258006
2015-09-22,-0.5784828514637881,-0.5784828514637881,-0.339850826015602,0.06445895107741362,0.008093073250885261,0.008060843775346554
2015-09-23,-0.7189885676425254,-0.7189885676425254,-0.3677242771956821,0.02787345118008011,0.0017300601615222939,0.0017161234359322538
2015-09-24,-0.812659045095017,-0.812659045095017,-0.5784828514637881,0.21075857426810596,0.0016203735180043005,0.0015149942308702476
2015-09-25,-0.7673566596000221,-0.7673566596000221,-0.7189885676425254,0.1405057161787373,-0.0063113837143484565,-0.006381636572437825
2015-09-28,-0.8449044397333481,-0.8449044397333481,-0.812659045095017,0.09367047745249157,0.015981636050559012,0.015934800811832767
2015-09-29,-0.896602959822232,-0.896602959822232,-0.7673566596000221,0.04530238549499488,0.0010897478259502835,0.001067096633202786
2015-09-30,-0.7629370376567125,-0.7629370376567125,-0.8449044397333481,0.07754778013332597,-0.01607202490598299,-0.016110798796049652
2015-10-01,-0.6602230760500001,-0.6602230760500001,-0.896602959822232,0.05169852008888398,-0.0028153694579858717,-0.0028412187180303135
2015-10-02,-0.5177900943110618,-0.5177900943110618,-0.7629370376567125,0.13366592216551954,-0.01300303559701698,-0.01306986855809974
2015-10-05,-0.3826026330739325,-0.3826026330739325,-0.6602230760500001,0.10271396160671242,-0.013096118850332303,-0.013147475831135659
2015-10-06,-0.27908874830070174,-0.27908874830070174,-0.5177900943110618,0.14243298173893826,-0.0006078135694654067,-0.0006790300603348758
2015-10-07,-0.1910329826770058,-0.1910329826770058,-0.3826026330739325,0.13518746123712932,-0.004805788801045896,-0.004873382531664461
2015-10-08,-0.12197378689108482,-0.12197378689108482,-0.27908874830070174,0.10351388477323076,-0.0022157102338113323,-0.0022674671761979477
2015-10-09,-0.07343192520285319,-0.07343192520285319,-0.1910329826770058,0.08805576562369594,-0.0003448387823680653,-0.00038886666517991324
2015-10-12,-0.04736573462084156,-0.04736573462084156,-0.12197378689108482,0.06905919578592098,0.00023979795870621368,0.00020526836081325318
2015-10-13,-0.03869059974768252,-0.03869059974768252,-0.07343192520285319,0.04854186168823163,0.0009279793524387484,0.0009037084215946326
2015-10-14,-0.029719512278990598,-0.029719512278990598,-0.04736573462084156,0.02606619058201163,-9.4481080677761e-05,-0.00010751417596876681
2015-10-15,-0.011222947828431955,-0.011222947828431955,-0.03869059974768252,0.00867513487315904,-0.0006611025058720133,-0.0006654400733085928
2015-10-16,-0.0008802737303837856,-0.0008802737303837856,-0.029719512278990598,0.008971087468691921,2.4236205072514718e-05,1.9750661338168757e-05
2015-10-19,0.0017026436632458413,0.0017026436632458413,-0.011222947828431955,0.018496564450558643,3.847061452074767e-05,2.9222332295468352e-05
2015-10-20,0.0021057409472780035,0.0021057409472780035,-0.0008802737303837856,0.01034267409804817,3.6048212341229802e-06,-1.5665158149011051e-06
2015-10-21,0.0018726207411394811,0.0018726207411394811,0.0017026436632458413,0.002582917393629627,-8.40060167238198e-07,-2.1315188640530112e-06
2015-10-22,0.005610916648057282,0.005610916648057282,0.0021057409472780035,0.0004030972840321622,2.3562879066100873e-05,2.336133042408479e-05
2015-10-23,0.015261490939581355,0.015261490939581355,0.0018726207411394811,0.00023312020613852234,1.8588975445867928e-05,1.8472415342798666e-05
2015-10-26,0.019737009990784784,0.019737009990784784,0.005610916648057282,0.003738295906917801,-2.0794191144861615e-05,-2.2663339098320515e-05
2015-10-27,0.016319912381966166,0.016319912381966166,0.015261490939581355,0.009650574291524073,-0.00013329159741631188,-0.0001381168845620739
2015-10-28,0.016875231926048166,0.016875231926048166,0.019737009990784784,0.004475519051203429,0.00012881445811783283,0.00012657669859223112
2015-10-29,0.012307528401590254,0.012307528401590254,0.016319912381966166,0.003417097608818618,-0.00011904884390817776,-0.00012075739271258707
2015-10-30,0.009035336329381586,0.009035336329381586,0.016875231926048166,0.0005553195440820002,-3.582688903674841e-05,-3.6104548808789414e-05
2015-11-02,0.009402897776057436,0.009402897776057436,0.012307528401590254,0.004567703524457912,0.00011681689329561204,0.00011453304153338309
2015-11-03,0.012546992295502272,0.012546992295502272,0.009035336329381586,0.003272192072208668,-2.9308632665597805e-06,-4.566959302664115e-06
2015-11-04,0.015915902949855062,0.015915902949855062,0.009402897776057436,0.0003675614466758497,-5.1840251060186555e-05,-5.202403178352448e-05
2015-11-05,0.013705514704355297,0.013705514704355297,0.012546992295502272,0.003144094519444836,-2.250596960746075e-05,-2.407801686718317e-05
2015-11-06,0.009684520717366706,0.009684520717366706,0.015915902949855062,0.00336891065435279,-7.278979437281793e-05,-7.447424969999433e-05
2015-11-09,0.006869283093674308,0.006869283093674308,0.013705514704355297,0.0022103882454997652,-0.00014168866205560923,-0.0001427938561783591
2015-11-10,0.004981860292251395,0.004981860292251395,0.009684520717366706,0.00402099398698859,-6.423266110799067e-06,-8.433763104293362e-06
2015-11-11,0.004356997698350733,0.004356997698350733,0.006869283093674308,0.002815237623692398,3.533077677663503e-05,3.3923157964788826e-05
2015-11-12,0.004635426547096656,0.004635426547096656,0.004981860292251395,0.001887422801422913,-6.496561323472713e-05,-6.590932463543859e-05
2015-11-13,0.0037504263161083394,0.0037504263161083394,0.004356997698350733,0.0006248625939006625,-3.643567037784875e-05,-3.674810167479908e-05
2015-11-16,0.01074940228577521,0.01074940228577521,0.004635426547096656,0.0002784288487459232,5.8635806456860436e-05,5.849659203248747e-05
2015-11-17,0.023279004105401156,0.023279004105401156,0.0037504263161083394,0.0008850002309883165,9.995957267365604e-06,9.553457151871445e-06
2015-11-18,0.06294361360451098,0.06294361360451098,0.01074940228577521,0.006998975969666871,9.82042962165347e-05,9.470480823170126e-05
2015-11-19,0.12354671442183177,0.12354671442183177,0.023279004105401156,0.012529601819625945,0.00011879700570355848,0.0001125322047937455
2015-11-20,0.14991465443307928,0.14991465443307928,0.06294361360451098,0.039664609499109826,-0.00014433202635274746,-0.00016416433110230238
2015-11-23,0.1347513811875627,0.1347513811875627,0.12354671442183177,0.06060310081732079,-0.0007706373064920267,-0.0008009388569006871
2015-11-24,0.1254145376130126,0.1254145376130126,0.14991465443307928,0.02636794001124751,2.476984588046542e-05,1.1585875874841666e-05
2015-11-25,0.1349771114404927,0.1349771114404927,0.1347513811875627,0.015163273245516584,0.0003115690015849282,0.0003039873649621699
2015-11-27,0.11845137046010548,0.11845137046010548,0.1254145376130126,0.009336843574550086,2.065966820197237e-05,1.599124641469733e-05
2015-11-30,0.09217995023871794,0.09217995023871794,0.1349771114404927,0.009562573827480103,-0.00011119147019530266,-0.0001159727571090427
2015-12-01,0.10523262477982376,0.10523262477982376,0.11845137046010548,0.016525740980387227,0.001249940261970349,0.0012416773914801554
2015-12-02,0.10746732429918777,0.10746732429918777,0.09217995023871794,0.026271420221387537,-0.0009775940553595004,-0.0009907297654701943
2015-12-03,0.0895883281720267,0.0895883281720267,0.10523262477982376,0.013052674541105813,-0.0005032508310530879,-0.0005097771683236408
2015-12-04,0.10583447349586472,0.10583447349586472,0.10746732429918777,0.002234699519364017,0.0008725507027691375,0.0008714333530094556
2015-12-07,0.10041751407760705,0.10041751407760705,0.0895883281720267,0.01787899612716108,-0.0005742897295006935,-0.0005832292275642741
2015-12-08,0.07912437383441397,0.07912437383441397,0.10583447349586472,0.01624614532383803,-0.001558185031986187,-0.0015663081046481061
2015-12-09,0.05794055466035503,0.05794055466035503,0.10041751407760705,0.0054169594182576775,-0.0004552112326778405,-0.00045791971238696934
2015-12-10,0.04420949758547151,0.04420949758547151,0.07912437383441397,0.02129314024319308,1.3342015715002813e-05,2.6954455934062727e-06
2015-12-11,-0.009688138427597713,-0.009688138427597713,0.05794055466035503,0.021183819174058933,-0.0011040898646916437,-0.0011146817742786733
2015-12-14,-0.04598302518044921,-0.04598302518044921,0.04420949758547151,0.013731057074883521,6.839156089269606e-05,6.15260323552543e-05
2015-12-15,-0.05086725656006578,-0.05086725656006578,-0.009688138427597713,0.053897636013069225,-4.822399674884733e-05,-7.517281475538194e-05
2015-12-16,0.0058607760341933615,0.0058607760341933615,-0.04598302518044921,0.036294886752851495,-0.0009267358899729264,-0.0009448833333493522
2015-12-17,-0.003185783187340487,-0.003185783187340487,-0.05086725656006578,0.00488423137961657,0.0006472327981790484,0.0006447906824892402
2015-12-18,-0.04764747256747785,-0.04764747256747785,0.0058607760341933615,0.05672803259425914,-6.161964023104499e-05,-8.998365652817455e-05
2015-12-21,-0.06078586973109107,-0.06078586973109107,-0.003185783187340487,0.00904655922153385,-1.4761378262587273e-05,-1.92846578733542e-05
2015-12-22,-0.04172570149054722,-0.04172570149054722,-0.04764747256747785,0.044461689380137365,-0.00036077296401745845,-0.00038300380870752714
2015-12-23,0.006337072338023327,0.006337072338023327,-0.06078586973109107,0.013138397163613216,-0.0010174170873186003,-0.001023986285900407
2015-12-24,0.023390597674493845,0.023390597674493845,-0.04172570149054722,0.01906016824054385,7.008733466049733e-05,6.055725054022541e-05
2015-12-28,-0.007589256579359679,-0.007589256579359679,0.006337072338023327,0.04806277382857055,-1.4926792194288195e-05,-3.895817910857347e-05
2015-12-29,0.02388455107059236,0.02388455107059236,0.023390597674493845,0.017053525336470518,0.0002327590599978899,0.00022423229732965465
2015-12-30,0.011961698015314739,0.011961698015314739,-0.007589256579359679,0.030979854253853523,4.562713027762493e-05,3.013720315069817e-05
2015-12-31,-0.07566879876209755,-0.07566879876209755,0.02388455107059236,0.031473807649952036,-0.0003210289686247106,-0.00033676587244968665
2016-01-04,-0.32541193889913284,-0.32541193889913284,0.011961698015314739,0.01192285305527762,-0.00018333748337375145,-0.00018929890990139025
2016-01-05,-0.5227980910996037,-0.5227980910996037,-0.07566879876209755,0.08763049677741229,0.00011776812680167409,7.395287841296795e-05
2016-01-06,-0.6818653940664026,-0.6818653940664026,-0.32541193889913284,0.2497431401370353,0.005354984808781178,0.00523011323871266
2016-01-07,-0.7879102627109351,-0.7879102627109351,-0.5227980910996037,0.1973861522004709,0.010864833792647525,0.010766140716547289
2016-01-08,-0.8586068418072901,-0.8586068418072901,-0.6818653940664026,0.15906730296679883,0.008216701552475421,0.008137167900992021
2016-01-11,-0.846151919620816,-0.846151919620816,-0.7879102627109351,0.10604486864453255,-0.003299181484502438,-0.0033522039188247045
2016-01-12,-0.7935095632017233,-0.7935095632017233,-0.8586068418072901,0.07069657909635496,-0.00404715693596062,-0.0040825052255087976
2016-01-13,-0.8623397088011489,-0.8623397088011489,-0.846151919620816,0.012454922186474038,0.013130570749683964,0.013124343288590726
2016-01-14,-0.7800833920914221,-0.7800833920914221,-0.7935095632017233,0.05264235641909276,-0.010180526799297809,-0.010206847977507356
2016-01-15,-0.8533889280609481,-0.8533889280609481,-0.8623397088011489,0.06883014559942557,0.031210034507520017,0.031175619434720303
2016-01-19,-0.8311166307835149,-0.8311166307835149,-0.7800833920914221,0.08225631670972677,-0.007176798780194627,-0.00721792693854949
2016-01-20,-0.88741108718901,-0.88741108718901,-0.8533889280609481,0.07330553596952605,0.01937009280579918,0.019333440037814415
2016-01-21,-0.8721810278546802,-0.8721810278546802,-0.8311166307835149,0.022272297277433184,-0.006170495830201628,-0.006181631978840345
2016-01-22,-0.7171270386554041,-0.7171270386554041,-0.88741108718901,0.05629445640549502,-0.026159651028161868,-0.026187798256364615
2016-01-25,-0.6736947172853109,-0.6736947172853109,-0.8721810278546802,0.015230059334329749,0.011686705261401842,0.011679090231734676
2016-01-26,-0.5696779367349026,-0.5696779367349026,-0.7171270386554041,0.15505398919927615,-0.012808224793283673,-0.012885751787883312
2016-01-27,-0.5261320519876718,-0.5261320519876718,-0.6736947172853109,0.04343232137009312,0.004309849620745703,0.004288133460060657
2016-01-28,-0.4831672048936121,-0.4831672048936121,-0.5696779367349026,0.1040167805504083,-0.0016768112722552516,-0.0017288196625304558
2016-01-29,-0.3903963392861546,-0.3903963392861546,-0.5261320519876718,0.04354588474723087,-0.009264146989786828,-0.009285919932160443
2016-02-01,-0.3127612893908246,-0.3127612893908246,-0.4831672048936121,0.04296484709405968,0.0005224516839823775,0.0005009692604353476
2016-02-02,-0.3526657744616718,-0.3526657744616718,-0.3903963392861546,0.09277086560745751,0.00908720856815482,0.009040823135351091
2016-02-03,-0.33417868173054677,-0.33417868173054677,-0.3127612893908246,0.07763504989532999,-0.002600035945497196,-0.0026388534704448606
2016-02-04,-0.31702700235335934,-0.31702700235335934,-0.3526657744616718,0.039904485070847207,-0.00045240697192855834,-0.00047235921446398194
2016-02-05,-0.3549183978230448,-0.3549183978230448,-0.33417868173054677,0.018487092731125032,0.005136586695910164,0.005127343149544602
2016-02-08,-0.5144476362714097,-0.5144476362714097,-0.31702700235335934,0.017151679377187423,0.005891617018217196,0.005883041178528602
2016-02-09,-0.6762984241809398,-0.6762984241809398,-0.3549183978230448,0.03789139546968545,0.004099550747490313,0.004080605049755471
2016-02-10,-0.7841989494539598,-0.7841989494539598,-0.5144476362714097,0.15952923844836486,0.0005913836037827248,0.0005116189845585424
2016-02-11,-0.8561326329693066,-0.8561326329693066,-0.6762984241809398,0.1618507879095301,0.009857790114199723,0.009776864720244957
2016-02-12,-0.7570379026123388,-0.7570379026123388,-0.7841989494539598,0.10790052527302008,-0.013736597691616032,-0.013790547954252542
2016-02-16,-0.6177320386434121,-0.6177320386434121,-0.8561326329693066,0.07193368351534679,-0.01735835965003609,-0.017394326491793764
2016-02-17,-0.4713194294724281,-0.4713194294724281,-0.7570379026123388,0.09909473035696781,-0.013057162621469559,-0.013106709986648042
2016-02-18,-0.3857051010568939,-0.3857051010568939,-0.6177320386434121,0.13930586396892675,0.0031875590246870835,0.00311790609270262
2016-02-19,-0.3314246612575657,-0.3314246612575657,-0.4713194294724281,0.14641260917098398,0.000523939372640008,0.000450733068054516
2016-02-22,-0.26551047369340847,-0.26551047369340847,-0.3857051010568939,0.08561432841553424,-0.004363518421713739,-0.004406325585921506
2016-02-23,-0.25814911980608113,-0.25814911980608113,-0.3314246612575657,0.05428043979932817,0.005409306992339302,0.005382166772439638
2016-02-24,-0.25829565772873436,-0.25829565772873436,-0.26551047369340847,0.06591418756415723,0.000940489740669977,0.0009075326468878985
2016-02-25,-0.2285468540563137,-0.2285468540563137,-0.25814911980608113,0.007361353887327338,-0.00309105400421259,-0.003094734681156254
2016-02-26,-0.20410438723501556,-0.20410438723501556,-0.25829565772873436,0.00014653792265323373,0.0006685225903936069,0.0006684493214322803
2016-02-29,-0.1933309369908967,-0.1933309369908967,-0.2285468540563137,0.029748803672420665,0.0013556070999264245,0.0013407326980902142
2016-03-01,-0.1444779143975014,-0.1444779143975014,-0.20410438723501556,0.024442466821298137,-0.0053281132548036545,-0.005340334488214304
2016-03-02,-0.10146343059411729,-0.10146343059411729,-0.1933309369908967,0.010773450244118854,-0.0013349808049968608,-0.0013403675301189202
2016-03-03,-0.058108478059077436,-0.058108478059077436,-0.1444779143975014,0.0488530225933953,-0.0014080180814364724,-0.00143244459273317
2016-03-04,-0.019897556147487557,-0.019897556147487557,-0.10146343059411729,0.043014483803384115,-0.0007435295770163662,-0.0007650368189180582
2016-03-07,0.0038019164404673733,0.0038019164404673733,-0.058108478059077436,0.043354952535039855,7.217232074162093e-05,5.049484447410099e-05
2016-03-08,0.006515925116745571,0.006515925116745571,-0.019897556147487557,0.03821092191158988,0.00019441589151125054,0.0001753104305554556
2016-03-09,0.010747947307382908,0.010747947307382908,0.0038019164404673733,0.02369947258795493,1.4323469017136931e-05,2.473732723159465e-06
2016-03-10,0.012292509359317368,0.012292509359317368,0.006515925116745571,0.002714008676278198,-1.0480089635275398e-05,-1.1837093973414496e-05
2016-03-11,0.05620062431970588,0.05620062431970588,0.010747947307382908,0.004232022190637337,0.0002809153815036967,0.00027879937040837805
2016-03-14,0.07811625694689289,0.07811625694689289,0.012292509359317368,0.0015445620519344595,-2.5735056728474088e-05,-2.6507337754441317e-05
2016-03-15,0.07098204583064499,0.07098204583064499,0.05620062431970588,0.04390811496038851,-0.0005305615796604979,-0.0005525156371406922
2016-03-16,0.07889829474353677,0.07889829474353677,0.07811625694689289,0.021915632627187015,0.0006893260547620771,0.0006783682384484837
2016-03-17,0.09748561682181975,0.09748561682181975,0.07098204583064499,0.007134211116247902,0.0005464077449595606,0.0005428406394014366
2016-03-18,0.10600169701757431,0.10600169701757431,0.07889829474353677,0.007916248912891777,-0.00013696728124236795,-0.00014092540569881384
2016-03-21,0.1090420342070714,0.1090420342070714,0.09748561682181975,0.01858732207828298,-0.00015261167136603,-0.00016190533240517148
2016-03-22,0.10225068090325906,0.10225068090325906,0.10600169701757431,0.00851608019575456,-0.00018463742695062338,-0.00018889546704850066
2016-03-23,0.089874373089938,0.089874373089938,0.1090420342070714,0.0030403371894970888,-0.001103526729704647,-0.0011050468982993955
2016-03-24,0.07521383382488528,0.07521383382488528,0.10225068090325906,0.006791353303812336,-0.0006849273904051111,-0.0006883230670570173
2016-03-28,0.05350489034194696,0.05350489034194696,0.089874373089938,0.012376307813321066,0.0005422663063017742,0.0005360781523951137
2016-03-29,0.06894404596237708,0.06894404596237708,0.07521383382488528,0.014660539265052716,0.0008093382905526644,0.0008020080209201381
2016-03-30,0.3163517297786041,0.3163517297786041,0.05350489034194696,0.021708943482938316,0.00040152321581107966,0.0003906687440696105
2016-03-31,0.3165780390206281,0.3165780390206281,0.06894404596237708,0.015439155620430113,-0.0006807404208842245,-0.0006884599986944395
2016-04-01,0.24867054301145602,0.24867054301145602,0.3163517297786041,0.24740768381622702,-0.003375995973582105,-0.0034996998154902185
2016-04-04,0.19822144713487014,0.19822144713487014,0.3165780390206281,0.00022630924202399205,-0.0006717398605156097,-0.0006718530151366217
2016-04-05,0.14757067951108852,0.14757067951108852,0.24867054301145602,0.06790749600917206,-0.004891472171198504,-0.00492542591920309
2016-04-06,0.16933972997215285,0.16933972997215285,0.19822144713487014,0.05044909587658589,0.0032248566283036785,0.003199632080365386
2016-04-07,0.14359721931755037,0.14359721931755037,0.14757067951108852,0.05065076762378162,-0.0021523974394871683,-0.002177722823299059
2016-04-08,0.20593165907628966,0.20593165907628966,0.16933972997215285,0.021769050461064338,0.0032400866973835434,0.003229202172153011
2016-04-11,0.2505004025521062,0.2505004025521062,0.14359721931755037,0.02574251065460248,7.629534905128783e-05,6.34240937239866e-05
2016-04-12,0.4039190213495575,0.4039190213495575,0.20593165907628966,0.062334439758739285,0.0030621525404186103,0.0030309853205392405
2016-04-13,0.602612680899705,0.602612680899705,0.2505004025521062,0.04456874347581655,0.003976234931446261,0.003953950559708352
2016-04-14,0.7350751205998034,0.7350751205998034,0.4039190213495575,0.15341861879745128,0.0013177168476106596,0.001241007538211934
2016-04-15,0.7939875045833729,0.7939875045833729,0.602612680899705,0.1986936595501475,-0.0013408178888886023,-0.001440164718663676
2016-04-18,0.8626583363889153,0.8626583363889153,0.7350751205998034,0.1324624397000984,0.006304429111094419,0.006238197891244369
2016-04-19,0.9084388909259435,0.9084388909259435,0.7939875045833729,0.05891238398356946,0.013773129112302449,0.013743672920310665
2016-04-20,0.9389592606172958,0.9389592606172958,0.8626583363889153,0.06867083180554245,0.000721224217110583,0.0006868888012078118
2016-04-21,0.8647334654522182,0.8647334654522182,0.9084388909259435,0.04578055453702823,-0.005462587365472117,-0.005485477642740631
2016-04-22,0.8105836596450507,0.8105836596450507,0.9389592606172958,0.0305203696913523,0.00047323191901891355,0.0004579717341732374
2016-04-25,0.7224584256205676,0.7224584256205676,0.8647334654522182,0.07422579516507766,-0.004356939551027893,-0.004394052448610432
2016-04-26,0.6929902598600312,0.6929902598600312,0.8105836596450507,0.05414980580716744,0.002873252093371934,0.0028461771904683504
2016-04-27,0.65638620539593,0.65638620539593,0.7224584256205676,0.08812523402448313,0.0004861267136859204,0.0004420640966736788
2016-04-28,0.5479009761489417,0.5479009761489417,0.6929902598600312,0.029468165760536458,-0.009435565425537688,-0.009450299508417956
2016-04-29,0.45608968093317903,0.45608968093317903,0.65638620539593,0.0366040544641012,-0.0027963995919792184,-0.0028147016192112692
2016-05-02,0.45153841630799496,0.45153841630799496,0.5479009761489417,0.10848522924698822,0.005157383740154992,0.005103141125531498
2016-05-03,0.352058711619861,0.352058711619861,0.45608968093317903,0.0918112952157627,-0.007500962046704258,-0.0075468676943121395
2016-05-04,0.26722916341817327,0.26722916341817327,0.45153841630799496,0.0045512646251840705,-0.005215133330691057,-0.00521740896300365
2016-05-05,0.20840022279221707,0.20840022279221707,0.352058711619861,0.09947970468813394,-0.0007367974955891621,-0.0007865373479332291
2016-05-06,0.17593311709485016,0.17593311709485016,0.26722916341817327,0.08482954820168775,0.0007472329784898121,0.0007048182043889682
2016-05-09,0.14350034585439356,0.14350034585439356,0.20840022279221707,0.0588289406259562,-0.0004358413078069476,-0.0004652557781199257
2016-05-10,0.15952522533630364,0.15952522533630364,0.17593311709485016,0.03246710569736691,0.002519471693353732,0.0025032381405050486
2016-05-11,0.14495143350859954,0.14495143350859954,0.14350034585439356,0.0324327712404566,-0.001235364984864945,-0.0012515813704851734
2016-05-12,0.13047860421569563,0.13047860421569563,0.15952522533630364,0.016024879481910087,-5.540633122551746e-05,-6.34187709664725e-05
2016-05-13,0.10043065191258974,0.10043065191258974,0.14495143350859954,0.014573791827704102,-0.001485798968567113,-0.001493085864480965
2016-05-16,0.10950449715371849,0.10950449715371849,0.13047860421569563,0.014472829292903916,0.00155742494881094,0.001550188534164488
2016-05-17,0.09156676560304425,0.09156676560304425,0.10043065191258974,0.03004795230310589,-0.0007316877483309043,-0.0007467117244824572
2016-05-18,0.07705502044069014,0.07705502044069014,0.10950449715371849,0.009073845241128753,3.827572789477952e-05,3.373880527421514e-05
2016-05-19,0.05576831096500241,0.05576831096500241,0.09156676560304425,0.01793773155067424,-0.0006557527413583795,-0.0006647216071337166
2016-05-20,0.056804937113805465,0.056804937113805465,0.07705502044069014,0.014511745162354109,0.0006371412633373861,0.000629885390756209
2016-05-23,0.05150184257693702,0.05150184257693702,0.05576831096500241,0.021286709475687726,-0.00018486663785963187,-0.00019550999259747574
2016-05-24,0.05606808938430669,0.05606808938430669,0.056804937113805465,0.001036626148803052,0.0008254094590278179,0.0008248911459534164
2016-05-25,0.09354762892721874,0.09354762892721874,0.05150184257693702,0.005303094536868447,0.000542126467977804,0.0005394749207093697
2016-05-26,0.13262279299159727,0.13262279299159727,0.05606808938430669,0.004566246807369674,0.00015318651010070417,0.00015090338669701932
2016-05-27,0.13991409708019212,0.13991409708019212,0.09354762892721874,0.03747953954291205,-9.559724042372853e-05,-0.00011433701019518455
2016-05-31,0.1227587336632774,0.1227587336632774,0.13262279299159727,0.039075164064378526,-0.0006330149970393934,-0.0006525525790715827
2016-06-01,0.10319942031291295,0.10319942031291295,0.13991409708019212,0.007291304088594852,-0.00011984773747118813,-0.00012349338951548556
2016-06-02,0.09097993403064705,0.09097993403064705,0.1227587336632774,0.017155363416914718,0.0,-8.577681708457358e-06
2016-06-03,0.09196235179010688,0.09196235179010688,0.10319942031291295,0.019559313350364455,0.0006723113671134139,0.0006625317104382316
2016-06-06,0.11481877270029868,0.11481877270029868,0.09097993403064705,0.012219486282265893,0.0005113834746628483,0.0005052737315217154
2016-06-07,0.20960011267138132,0.20960011267138132,0.09196235179010688,0.0009824177594598277,0.0006697689248024991,0.0006692777159227691
2016-06-08,0.2654243642434285,0.2654243642434285,0.11481877270029868,0.0228564209101918,0.00023170938658734073,0.00022028117613224482
2016-06-09,0.21439521358620572,0.21439521358620572,0.20960011267138132,0.09478133997108264,-0.0025676968054268354,-0.002615087475412377
2016-06-10,0.1156207351309297,0.1156207351309297,0.2654243642434285,0.05582425157204721,-0.007711097742479937,-0.007739009868265961
2016-06-13,-0.03196903520691642,-0.03196903520691642,0.21439521358620572,0.0510291506572228,-0.0031137335208944153,-0.003139248096223027
2016-06-14,-0.3204414068323944,-0.3204414068323944,0.1156207351309297,0.09877447845527602,-0.0018476088563725932,-0.0018969960956002313
2016-06-15,-0.4187869212521003,-0.4187869212521003,-0.03196903520691642,0.14758977033784612,-0.00021343268537415952,-0.0002872275705430826
2016-06-16,-0.4611450577853362,-0.4611450577853362,-0.3204414068323944,0.288472371625478,-0.0006891698577694636,-0.0008334060435822026
2016-06-17,-0.4094527795774514,-0.4094527795774514,-0.4187869212521003,0.0983455144197059,-0.004119830635362363,-0.004169003392572216
2016-06-20,-0.24396473641775968,-0.24396473641775968,-0.4611450577853362,0.04235813653323589,-0.01143467801120377,-0.011455857079470388
2016-06-21,-0.08656676154847986,-0.08656676154847986,-0.4094527795774514,0.0516922782078848,-0.0033259757247032194,-0.0033518218638071617
2016-06-22,0.014839038181420405,0.014839038181420405,-0.24396473641775968,0.16548804315969173,0.00014933998417723134,6.659596259738548e-05
2016-06-23,0.34322602545428027,0.34322602545428027,-0.08656676154847986,0.1573979748692798,-0.0023945058977112824,-0.0024732048851459224
2016-06-24,-0.10451598303047976,-0.10451598303047976,0.014839038181420405,0.10140579972990027,-0.0012740840487300209,-0.001324786948594971
2016-06-27,-0.40301065535365316,-0.40301065535365316,0.34322602545428027,0.32838698727285986,-0.006588237408524245,-0.006752430902160675
2016-06-28,-0.4168378930783909,-0.4168378930783909,-0.10451598303047976,0.44774200848476003,-0.002740493869777485,-0.002964364874019865
2016-06-29,-0.3296693079096487,-0.3296693079096487,-0.40301065535365316,0.2984946723231734,-0.007387198205661699,-0.007536445541823285
2016-06-30,-0.1988441004385773,-0.1988441004385773,-0.4168378930783909,0.013827237724737762,-0.006214701115447594,-0.006221614734309963
2016-07-01,-0.11159097191009908,-0.11159097191009908,-0.3296693079096487,0.08716858516874221,-0.0,-4.358429258437111e-05
2016-07-05,-0.15007916596775767,-0.15007916596775767,-0.1988441004385773,0.1308252074710714,0.0038472321852487746,0.0037818195815132387
2016-07-06,-0.1849491141124992,-0.1849491141124992,-0.11159097191009908,0.08725312852847823,0.00020385063102901658,0.00016022406676477745
2016-07-07,-0.22973477601997006,-0.22973477601997006,-0.15007916596775767,0.03848819405765859,0.000604299899993666,0.0005850558029648367
2016-07-08,-0.1820053249175475,-0.1820053249175475,-0.1849491141124992,0.034869948144741536,-0.00282080150320932,-0.002838236477281691
2016-07-11,-0.10310179657017625,-0.10310179657017625,-0.22973477601997006,0.04478566190747085,-0.003368124913519734,-0.0033905177444734694
2016-07-12,-0.029805562614931808,-0.029805562614931808,-0.1820053249175475,0.04772945110242255,-0.002467352148973809,-0.00249121687452502
2016-07-13,0.0068314712031369955,0.0068314712031369955,-0.10310179657017625,0.07890352834737126,0.00010882808701660044,6.937632284291482e-05
2016-07-14,0.04608997690344336,0.04608997690344336,-0.029805562614931808,0.07329623395524444,-0.0002573004485999199,-0.00029394856557754214
2016-07-15,0.056050976005938856,0.056050976005938856,0.0068314712031369955,0.03663703381806881,-3.4604715827261e-05,-5.2923232736295406e-05
2016-07-18,0.06784564318859264,0.06784564318859264,0.04608997690344336,0.03925850570030637,0.00011328556671134617,9.365631386119299e-05
2016-07-19,0.05069819322106464,0.05069819322106464,0.056050976005938856,0.009960999102495496,-0.0004417404047635555,-0.0004467209043148032
2016-07-20,0.04640136079805236,0.04640136079805236,0.06784564318859264,0.011794667182653783,0.0006107892624546042,0.0006048919288632773
2016-07-21,0.03934537046721762,0.03934537046721762,0.05069819322106464,0.017147449967527997,-0.0002039969481621931,-0.00021257067314595709
2016-07-22,0.03179352549561112,0.03179352549561112,0.04640136079805236,0.004296832423012278,8.966910368722523e-05,8.752068747571908e-05
2016-07-25,0.022920238111472424,0.022920238111472424,0.03934537046721762,0.00705599033083474,-4.829846258934633e-05,-5.18264577547637e-05
2016-07-26,0.015687257947045938,0.015687257947045938,0.03179352549561112,0.007551844971606506,0.0001339382238134394,0.00013016230132763615
2016-07-27,0.01141065195304857,0.01141065195304857,0.022920238111472424,0.008873287384138694,8.413394735758489e-05,7.969730366551555e-05
2016-07-28,0.0078104830674843445,0.0078104830674843445,0.015687257947045938,0.007232980164426486,-1.6393898499428146e-05,-2.001038858164139e-05
2016-07-29,0.02066450077216968,0.02066450077216968,0.01141065195304857,0.004276605993997368,0.0001352758744385476,0.00013313757144154892
2016-08-01,0.020655311702761893,0.020655311702761893,0.0078104830674843445,0.003600168885564225,-5.1138730663366464e-05,-5.293881510614858e-05
2016-08-02,0.015374164563073875,0.015374164563073875,0.02066450077216968,0.012854017704685337,-0.00010392775329536337,-0.00011035476214770604
2016-08-03,0.010561316724034412,0.010561316724034412,0.020655311702761893,9.18906940778827e-06,-7.200717944836657e-05,-7.201177398307046e-05
2016-08-04,0.008310761199561912,0.008310761199561912,0.015374164563073875,0.005281147139688018,8.874362832755633e-05,8.610305475771232e-05
2016-08-05,0.009783674695598925,0.009783674695598925,0.010561316724034412,0.004812847839039463,4.775568008907372e-05,4.534925616955399e-05
2016-08-08,0.012899267537004093,0.012899267537004093,0.008310761199561912,0.0022505555244724997,1.726652244632414e-05,1.614124468408789e-05
2016-08-09,0.07124668718224479,0.07124668718224479,0.009783674695598925,0.0014729134960370129,7.775472658695488e-05,7.701826983893638e-05
2016-08-10,0.20354785525461738,0.20354785525461738,0.012899267537004093,0.003115592841405168,4.4222027323882216e-05,4.266423090317963e-05
2016-08-11,0.4690319035030782,0.4690319035030782,0.07124668718224479,0.0583474196452407,0.0005111644576507123,0.00048199074782809194
2016-08-12,0.4567898456312549,0.4567898456312549,0.20354785525461738,0.13230116807237258,-0.0005178840726959782,-0.0005840346567321645
2016-08-15,0.6378598970875033,0.6378598970875033,0.4690319035030782,0.26548404824846084,0.0018343996380644175,0.001701657613940187
2016-08-16,0.5686691882521817,0.5686691882521817,0.4567898456312549,0.012242057871823309,-0.0006962826121713186,-0.0007024036411072302
2016-08-17,0.47119829463096197,0.47119829463096197,0.6378598970875033,0.18107005145624844,-0.00021646748214738796,-0.00030700250787551217
2016-08-18,0.6474655297539746,0.6474655297539746,0.5686691882521817,0.06919070883532163,0.002895039761354778,0.0028604444069371174
2016-08-19,0.4534021754790716,0.4534021754790716,0.47119829463096197,0.09747089362121975,-0.0035004967567720258,-0.003549232203582636
2016-08-22,0.3334091635688671,0.3334091635688671,0.6474655297539746,0.17626723512301268,0.0006608632402317218,0.0005727296226702154
2016-08-23,0.34538490670331545,0.34538490670331545,0.4534021754790716,0.19406335427490307,0.0019261172797545652,0.0018290856026171136
2016-08-24,0.276831314418801,0.276831314418801,0.3334091635688671,0.1199930119102045,-0.0007897910537197338,-0.0008497875596748361
2016-08-25,0.18888650045588357,0.18888650045588357,0.34538490670331545,0.01197574313444838,-0.0014059410753098393,-0.0014119289468770635
2016-08-26,0.12675017902791716,0.12675017902791716,0.276831314418801,0.06855359228451446,-0.0016500040375265108,-0.001684280833668768
2016-08-29,0.08662564042557415,0.08662564042557415,0.18888650045588357,0.08794481396291742,0.0005824472834220045,0.0005384748764405458
2016-08-30,0.059002181773008214,0.059002181773008214,0.12675017902791716,0.06213632142796641,-0.00017317847572799437,-0.00020424663644197757
2016-08-31,0.039945517486270725,0.039945517486270725,0.08662564042557415,0.04012453860234301,-0.00017778889663766804,-0.00019785116593883955
2016-09-01,0.040275470660152586,0.040275470660152586,0.059002181773008214,0.027623458652565935,0.0004044750022506047,0.00039066327292432173
2016-09-02,0.36018364710676837,0.36018364710676837,0.039945517486270725,0.01905666428673749,0.00046234136646252196,0.0004528130343191532
2016-09-06,0.5734557647378455,0.5734557647378455,0.040275470660152586,0.0003299531738818612,0.00027108467839944594,0.00027091970181250503
2016-09-07,0.7156371764918971,0.7156371764918971,0.36018364710676837,0.3199081764466158,0.00018059228340519965,2.063819518189174e-05
2016-09-08,0.6501084934794179,0.6501084934794179,0.5734557647378455,0.21327211763107717,-0.0016286044703014162,-0.0017352405291169548
2016-09-09,0.46948500030319906,0.46948500030319906,0.7156371764918971,0.14218141175405152,-0.01390752211178811,-0.013978612817665137
2016-09-12,0.39124447537783785,0.39124447537783785,0.6501084934794179,0.06552868301247916,0.005331499061484024,0.005298734719977785
2016-09-13,0.2934952189439885,0.2934952189439885,0.46948500030319906,0.18062349317621884,-0.009467663921445699,-0.009557975668033809
2016-09-14,0.22763621018881836,0.22763621018881836,0.39124447537783785,0.07824052492536121,-0.0005413747064093011,-0.0005804949688719818
2016-09-15,0.2108175532381155,0.2108175532381155,0.2934952189439885,0.09774925643384935,0.002541583303513191,0.0024927086752962666
2016-09-16,0.1700474047509587,0.1700474047509587,0.22763621018881836,0.06585900875517015,-0.0029314590762474836,-0.0029643885806250685
2016-09-19,0.150263418757849,0.150263418757849,0.2108175532381155,0.016818656950702865,0.0011001156438611441,0.0010917063153857926
2016-09-20,0.21433872498229942,0.21433872498229942,0.1700474047509587,0.04077014848715679,0.0010298630972350072,0.0010094780229914287
2016-09-21,0.3545477427578257,0.3545477427578257,0.150263418757849,0.01978398599310971,0.002636195219977073,0.002626303226980518
2016-09-22,0.5492947036207225,0.5492947036207225,0.21433872498229942,0.06407530622445043,0.002173834064591492,0.0021417964114792665
2016-09-23,0.585344746889671,0.585344746889671,0.3545477427578257,0.14020901777552627,-0.0029664381152041805,-0.0030365426240919436
2016-09-26,0.5369898151785095,0.5369898151785095,0.5492947036207225,0.19474696086289683,-0.005098029666402788,-0.005195403146834236
2016-09-27,0.5190403726968928,0.5190403726968928,0.585344746889671,0.03605004326894845,0.002791591125442658,0.0027735661038081837
2016-09-28,0.5803482259285917,0.5803482259285917,0.5369898151785095,0.04835493171116145,0.0038233292190746645,0.0037991517532190836
2016-09-29,0.5208102206375942,0.5208102206375942,0.5190403726968928,0.017949442481616673,-0.006465130728806369,-0.0064741054500471774
2016-09-30,0.5106741946445994,0.5106741946445994,0.5803482259285917,0.06130785323169885,0.004550203282824392,0.004519549356208542
2016-10-03,0.45717978765094663,0.45717978765094663,0.5208102206375942,0.05953800529099751,-0.0014092490888804547,-0.0014390180915259535
2016-10-04,0.39776274103797626,0.39776274103797626,0.5106741946445994,0.01013602599299479,-8.653445524039815e-05,-9.160246823689554e-05
2016-10-05,0.38132642939733524,0.38132642939733524,0.45717978765094663,0.053494406993652766,0.001860860051223939,0.0018341128477271126
2016-10-06,0.31123372141133887,0.31123372141133887,0.39776274103797626,0.05941704661297037,-0.0021499468441402722,-0.0021796553674467574
2016-10-07,0.23302431723827677,0.23302431723827677,0.38132642939733524,0.01643631164064102,-0.0019429773940191745,-0.001951195549839495
2016-10-10,0.18980078677002765,0.18980078677002765,0.31123372141133887,0.07009270798599637,0.0009032392550462801,0.000868192901053282
2016-10-11,0.1009335836284583,0.1009335836284583,0.23302431723827677,0.0782094041730621,-0.0032921336659467422,-0.0033312383680332734
2016-10-12,0.015952992658907574,0.015952992658907574,0.18980078677002765,0.043223530468249116,-0.0004259710951589556,-0.00044758286039308016
2016-10-13,-0.05624167818988922,-0.05624167818988922,0.1009335836284583,0.08886720314156935,-0.0003842426735498663,-0.000428676275120651
2016-10-14,-0.07694448815758356,-0.07694448815758356,0.015952992658907574,0.08498059096955074,2.7706982349749514e-05,-1.4783313135025854e-05
2016-10-17,-0.11466218418335095,-0.11466218418335095,-0.05624167818988922,0.0721946708487968,0.0001657759665859454,0.000129678631161547
2016-10-18,-0.1097688457103176,-0.1097688457103176,-0.07694448815758356,0.020702809967694344,-0.0007627408114859474,-0.0007730922164697945
2016-10-19,-0.0916848316343079,-0.0916848316343079,-0.11466218418335095,0.03771769602576738,-0.0003159456365190624,-0.00033480448453194605
2016-10-20,-0.07274792931788793,-0.07274792931788793,-0.1097688457103176,0.004893338473033346,-0.0001696765846959511,-0.0001721232539324678
2016-10-21,-0.06827830631296075,-0.06827830631296075,-0.0916848316343079,0.018084014076009694,0.00020437356858828102,0.00019533156155027617
2016-10-24,-0.06612458958416917,-0.06612458958416917,-0.07274792931788793,0.01893690231641998,1.2498877379351764e-05,3.0304262211417746e-06
2016-10-25,-0.0481577442271259,-0.0481577442271259,-0.06827830631296075,0.004469623004927176,4.696190922511876e-05,4.472709772265517e-05
2016-10-26,-0.04693613960648881,-0.04693613960648881,-0.06612458958416917,0.0021537167287915826,0.0002956961746330476,0.00029461931626865176
2016-10-27,-0.08255206799663123,-0.08255206799663123,-0.0481577442271259,0.017966845357043272,5.8245386666649846e-05,4.926196398812821e-05
2016-10-28,-0.11192803898497275,-0.11192803898497275,-0.04693613960648881,0.0012216046206370845,1.6238444166233903e-05,1.562764185591536e-05
2016-10-31,-0.11757194858848849,-0.11757194858848849,-0.08255206799663123,0.035615928390142416,-4.285183961448316e-05,-6.065980380955436e-05
2016-11-01,-0.16529504937828063,-0.16529504937828063,-0.11192803898497275,0.02937597098834152,0.0004839466755167029,0.0004692586900225322
2016-11-02,-0.44353003291885373,-0.44353003291885373,-0.11757194858848849,0.00564390960351574,0.0007964775973362051,0.0007936556425344472
2016-11-03,-0.6290200219459026,-0.6290200219459026,-0.16529504937828063,0.04772310078979214,0.00017340665188169256,0.00014954510148679648
2016-11-04,-0.7526800146306017,-0.7526800146306017,-0.44353003291885373,0.2782349835405731,0.004270802374827892,0.004131684883057605
2016-11-07,-0.5624538742216485,-0.5624538742216485,-0.6290200219459026,0.18548998902704883,-0.008673100613622763,-0.008765845608136287
2016-11-08,-0.4204513267543412,-0.4204513267543412,-0.7526800146306017,0.12365999268469918,-0.0020999404105265236,-0.002161770406868873
2016-11-09,-0.31967091503156936,-0.31967091503156936,-0.5624538742216485,0.19022614040895325,-0.0004889414017296076,-0.0005840544719340842
2016-11-10,-0.269401387123405,-0.269401387123405,-0.4204513267543412,0.14200254746730728,0.0011686841857422089,0.0010976829120085553
2016-11-11,-0.30113399960772247,-0.30113399960772247,-0.31967091503156936,0.10078041172277186,0.0019492720316231379,0.001898881825761752
2016-11-14,-0.43283585106019995,-0.43283585106019995,-0.269401387123405,0.05026952790816436,0.0014638548401054614,0.0014387200761513794
2016-11-15,-0.43280096085874703,-0.43280096085874703,-0.30113399960772247,0.03173261248431747,-0.0013268595479342471,-0.001342725854176406
2016-11-16,-0.6218673072391647,-0.6218673072391647,-0.43283585106019995,0.13170185145247748,0.004557070958454406,0.004491220032728167
2016-11-17,-0.5785591909340595,-0.5785591909340595,-0.43280096085874703,3.4890201452919545e-05,-0.003300247801516636,-0.0033002652466173625
2016-11-18,-0.7190394606227064,-0.7190394606227064,-0.6218673072391647,0.1890663463804177,0.006785421004942151,0.006690887831751942
2016-11-21,-0.6189192389810637,-0.6189192389810637,-0.5785591909340595,0.043308116305105226,-0.004941333840184595,-0.004962987898337147
2016-11-22,-0.5218298378514195,-0.5218298378514195,-0.7190394606227064,0.1404802696886469,-0.0017759438386058092,-0.0018461839734501327
2016-11-23,-0.5022017456767167,-0.5022017456767167,-0.6189192389810637,0.10012022164164269,0.0021783537111705283,0.002128293600349707
2016-11-25,-0.45210319740862487,-0.45210319740862487,-0.5218298378514195,0.09708940112964426,-0.001566792341604006,-0.001615337042168828
2016-11-28,-0.4977655055296074,-0.4977655055296074,-0.5022017456767167,0.019628092174702738,0.0026529116227286638,0.0026430975766413125
2016-11-29,-0.4424069780307972,-0.4424069780307972,-0.45210319740862487,0.05009854826809185,-0.002881192712204919,-0.002906241986338965
2016-11-30,-0.4152199550603476,-0.4152199550603476,-0.4977655055296074,0.04566230812098254,0.0005254030703136458,0.0005025719162531545
2016-12-01,-0.4293090061179667,-0.4293090061179667,-0.4424069780307972,0.055358527498810206,0.0017138893806302026,0.0016862101168807974
2016-12-02,-0.38872407172684426,-0.38872407172684426,-0.4152199550603476,0.027187022970449615,-0.0010276142553052674,-0.0010412077667904922
2016-12-05,-0.2848819834346466,-0.2848819834346466,-0.4293090061179667,0.014089051057619095,-0.004239439094797251,-0.00424648362032606
2016-12-06,-0.19747242222753775,-0.19747242222753775,-0.38872407172684426,0.04058493439112243,-0.0026469863957642547,-0.002667278862959816
2016-12-07,-0.093909944638285,-0.093909944638285,-0.2848819834346466,0.10384208829219765,-0.0042490684932963655,-0.0043009895374424645
2016-12-08,-0.03149184773730155,-0.03149184773730155,-0.19747242222753775,0.08740956120710885,0.00016871742216540618,0.00012501264156185174
2016-12-09,0.03222048490808151,0.03222048490808151,-0.093909944638285,0.10356247758925274,-0.00040152739152327186,-0.0004533086303178982
2016-12-12,0.053121547264782104,0.053121547264782104,-0.03149184773730155,0.062418096900983454,0.00013943985651197822,0.0001082308080614865
2016-12-13,0.14494622040148655,0.14494622040148655,0.03222048490808151,0.06371233264538306,0.00034723105465390936,0.0003153748883312178
2016-12-14,0.12300985069895243,0.12300985069895243,0.053121547264782104,0.02090106235670059,-0.0007821265427209883,-0.0007925770738993386
2016-12-15,0.09611759643339689,0.09611759643339689,0.14494622040148655,0.09182467313670445,-0.0003236528988493945,-0.00036956523541774674
2016-12-16,0.10563225518264321,0.10563225518264321,0.12300985069895243,0.021936369702534125,8.46832057294277e-05,7.371502087816065e-05
2016-12-19,0.09994756976307692,0.09994756976307692,0.09611759643339689,0.02689225426555554,-0.00014879672783155447,-0.00016224285496433224
2016-12-20,0.12034318905359744,0.12034318905359744,0.10563225518264321,0.009514658749246327,0.00036399718467746323,0.0003592398553028401
2016-12-21,0.12177486850916218,0.12177486850916218,0.09994756976307692,0.005684685419566293,2.773123427503916e-05,2.4888891565256013e-05
2016-12-22,0.12396410104981267,0.12396410104981267,0.12034318905359744,0.020395619290520514,-0.00027133219942263644,-0.0002815300090678967
2016-12-23,0.1449519228856942,0.1449519228856942,0.12177486850916218,0.0014316794555647439,0.0003175333846162607,0.00031681754488847836
2016-12-27,0.14951019964366327,0.14951019964366327,0.12396410104981267,0.002189232540650496,-0.00015046916028888327,-0.00015156377655920852
2016-12-28,0.11689186719237366,0.11689186719237366,0.1449519228856942,0.02098782183588152,-0.0005535254554794385,-0.0005640193663973793
2016-12-29,0.0782779835429676,0.0782779835429676,0.14951019964366327,0.004558276757969076,0.00036470953016832684,0.0003624303917893423
2016-12-30,0.05440604889959035,0.05440604889959035,0.11689186719237366,0.03261833245128962,0.00040638038852059587,0.0003900712222949511
2017-01-03,0.07946820967074067,0.07946820967074067,0.0782779835429676,0.03861388364940606,0.0004881280698436888,0.00046882112801898573
2017-01-04,0.3863121397804938,0.3863121397804938,0.05440604889959035,0.023871934643377245,0.0006181471818916452,0.0006062112145699566
2017-01-05,0.5908747598536626,0.5908747598536626,0.07946820967074067,0.025062160771150317,0.0006763245467505594,0.0006637934663649843
2017-01-06,0.6197151010104929,0.6197151010104929,0.3863121397804938,0.3068439301097531,-0.0013040126060902483,-0.0014574345711451248
2017-01-09,0.6017533466639112,0.6017533466639112,0.5908747598536626,0.20456262007316878,-0.0009006332483035665,-0.001002914558340151
2017-01-10,0.5955186808006281,0.5955186808006281,0.6197151010104929,0.028840341156830318,0.00010523337809950663,9.081320752109147e-05
2017-01-11,0.7303457872004188,0.7303457872004188,0.6017533466639112,0.01796175434658165,0.003163316667785229,0.003154335790611938
2017-01-12,0.8202305248002792,0.8202305248002792,0.5955186808006281,0.00623466586328314,0.0009042407692316065,0.000901123436299965
2017-01-13,0.8801536832001862,0.8801536832001862,0.7303457872004188,0.13482710639979067,0.002706280813176272,0.002638867259976377
2017-01-17,0.812422848400819,0.812422848400819,0.8202305248002792,0.08988473759986049,-0.0030281261434314984,-0.0030730685122314287
2017-01-18,0.7139997599195553,0.7139997599195553,0.8801536832001862,0.05992315839990692,-0.002520537958368091,-0.0025504995375680442
2017-01-19,0.5723009007786448,0.5723009007786448,0.812422848400819,0.06773083479936715,-0.00205839090765787,-0.0020922563250575536
2017-01-20,0.5634379590686055,0.5634379590686055,0.7139997599195553,0.09842308848126369,0.0041111018116406104,0.004061890267399978
2017-01-23,0.6570975990974925,0.6570975990974925,0.5723009007786448,0.14169885914091052,0.001445514663876688,0.0013746652343062328
2017-01-24,0.7713983993983284,0.7713983993983284,0.5634379590686055,0.008862941710039318,0.0014194472722208087,0.001415015801365789
2017-01-25,0.8475989329322191,0.8475989329322191,0.6570975990974925,0.09365964002888705,0.00682528342633099,0.006778453606316547
2017-01-26,0.7832307064635915,0.7832307064635915,0.7713983993983284,0.11430080030083589,-0.0030697068289390656,-0.0031268572290894833
2017-01-27,0.7090622209556252,0.7090622209556252,0.8475989329322191,0.07620053353389067,-0.0014111316559087504,-0.0014492319226756957
2017-01-30,0.5830580744371013,0.5830580744371013,0.7832307064635915,0.06436822646862761,-0.0056158555575635425,-0.005648039670797856
2017-01-31,0.5113384701233594,0.5113384701233594,0.7090622209556252,0.07416848550796629,0.0010717635285545112,0.0010346792858005281
2017-02-01,0.5123520625140996,0.5123520625140996,0.5830580744371013,0.12600414651852387,0.002346733029995883,0.0022837309567366212
2017-02-02,0.520164825013171,0.520164825013171,0.5113384701233594,0.07171960431374191,0.0002562275843228036,0.00022036778216593265
2017-02-03,0.6037071092615502,0.6037071092615502,0.5123520625140996,0.00101359239074017,0.002052811868763456,0.002052305072568086
2017-02-06,0.5570131100540159,0.5570131100540159,0.520164825013171,0.007812762499071368,-0.0037191871211462112,-0.0037230935023957468
2017-02-07,0.5133389199854859,0.5133389199854859,0.6037071092615502,0.08354228424837928,-0.0006065442952904382,-0.0006483154374146278
2017-02-08,0.45684265341202096,0.45684265341202096,0.5570131100540159,0.046693999207534365,0.0009336876901231361,0.0009103406905193689
2017-02-09,0.4932649016743019,0.4932649016743019,0.5133389199854859,0.04367419006853002,0.0021479031383629206,0.0021260660433286556
2017-02-10,0.5736863795650606,0.5736863795650606,0.45684265341202096,0.056496266573464904,0.0010659666544731972,0.0010377185211864648
2017-02-13,0.7157909197100405,0.7157909197100405,0.4932649016743019,0.036422248262280965,0.0019684495521475795,0.001950238428016439
2017-02-14,0.749982507939859,0.749982507939859,0.5736863795650606,0.08042147789075871,-0.0008551245694078549,-0.0008953353083532343
2017-02-15,0.833321671959906,0.833321671959906,0.7157909197100405,0.14210454014497986,0.002730560822651777,0.002659508552579287
2017-02-16,0.8888811146399374,0.8888811146399374,0.749982507939859,0.03419158822981849,0.0017351127472069274,0.0017180169530920182
2017-02-17,0.8366645414251779,0.8366645414251779,0.833321671959906,0.08333916402004704,-0.0021980635653587196,-0.002239733147368743
2017-02-21,0.891109694283452,0.891109694283452,0.8888811146399374,0.05555944268003132,0.0029384619071832867,0.002910682185843271
2017-02-22,0.9274064628556347,0.9274064628556347,0.8366645414251779,0.052216573214759476,0.0,-2.6108286607379737e-05
2017-02-23,0.9516043085704231,0.9516043085704231,0.891109694283452,0.054445152858274115,0.001908446403234324,0.001881223826805187
2017-02-24,0.7771322711739599,0.7771322711739599,0.9274064628556347,0.03629676857218267,-0.006708165172602043,-0.006726313556888135
2017-02-27,0.670762976155749,0.670762976155749,0.9516043085704231,0.024197845714788446,0.0006304202756314627,0.0006183213527740684
2017-02-28,0.5659940188885536,0.5659940188885536,0.7771322711739599,0.17447203739646322,-0.0011575484015685631,-0.0012447844202667948
2017-03-01,0.7106626792590358,0.7106626792590358,0.670762976155749,0.10636929501821091,0.0070033574437490965,0.006950172796239991
2017-03-02,0.666465329107379,0.666465329107379,0.5659940188885536,0.10476895726719537,-0.0037132775276852003,-0.003765662006318798
2017-03-03,0.759433390023841,0.759433390023841,0.7106626792590358,0.1446686603704822,0.004223843053683391,0.004151508723498149
2017-03-06,0.7425629922799635,0.7425629922799635,0.666465329107379,0.04419735015165682,-0.0020782496474168475,-0.002100348322492676
2017-03-07,0.6765102537761728,0.6765102537761728,0.759433390023841,0.09296806091646204,-0.00262566698844235,-0.002672151018900581
2017-03-08,0.5861624507819851,0.5861624507819851,0.7425629922799635,0.016870397743877552,-0.0026988211012321903,-0.002707256300104129
2017-03-09,0.5787874235701721,0.5787874235701721,0.6765102537761728,0.06605273850379068,0.002579859072382529,0.0025468327031306338
2017-03-10,0.7191916157134481,0.7191916157134481,0.5861624507819851,0.09034780299418765,0.00493809997797543,0.004892926076478336
2017-03-13,0.8127944104756322,0.8127944104756322,0.5787874235701721,0.0073750272118130455,0.0030337005877547735,0.003030013074148867
2017-03-14,0.7541572856452543,0.7541572856452543,0.7191916157134481,0.14040419214327604,-0.005507893493997496,-0.005578095590069134
2017-03-15,0.8361048570968364,0.8361048570968364,0.8127944104756322,0.09360279476218403,0.011611358386419562,0.01156455698903847
2017-03-16,0.890736571397891,0.890736571397891,0.7541572856452543,0.05863712483037786,0.003662719522363929,0.00363340095994874
2017-03-17,0.9271577142652607,0.9271577142652607,0.8361048570968364,0.08194757145158205,0.0021551014354627054,0.0021141276497369144
2017-03-20,0.9174937537496051,0.9174937537496051,0.890736571397891,0.054631714301054624,-0.0018606732591514808,-0.0018879891163020082
2017-03-21,0.8492407978937386,0.8492407978937386,0.9271577142652607,0.03642114286736975,-0.004180499037921898,-0.004198709609355583
2017-03-22,0.8029077828433762,0.8029077828433762,0.9174937537496051,0.009663960515655656,0.00014851593509292578,0.00014368395483509795
2017-03-23,0.8021085772528737,0.8021085772528737,0.8492407978937386,0.06825295585586644,0.001922983554864247,0.001888857076936314
2017-03-24,0.8418824936530029,0.8418824936530029,0.8029077828433762,0.04633301505036247,0.0022025269813381433,0.002179360473812962
2017-03-27,0.894588329102002,0.894588329102002,0.8021085772528737,0.0007992055905025053,0.0020652763184111833,0.002064876715615932
2017-03-28,0.9297255527346682,0.9297255527346682,0.8418824936530029,0.03977391640012928,0.004053922700513253,0.004034035742313188
2017-03-29,0.9531503684897789,0.9531503684897789,0.894588329102002,0.052705835448999094,0.0,-2.6352917724499548e-05
2017-03-30,0.8120361573726584,0.8120361573726584,0.9297255527346682,0.03513722363266614,-0.003267246689801044,-0.0032848153016173773
2017-03-31,0.6773790613927171,0.6773790613927171,0.9531503684897789,0.023424815755110684,-0.0013751940431531056,-0.001386906451030661
2017-04-03,0.5593245737720551,0.5593245737720551,0.8120361573726584,0.1411142111171204,-0.0011734211127302002,-0.0012439782182887603
2017-04-04,0.44330110034634934,0.44330110034634934,0.6773790613927171,0.13465709597994135,-0.00021768071940608558,-0.0002850092673960563
2017-04-05,0.34582374898818363,0.34582374898818363,0.5593245737720551,0.11805448762066195,-0.0029684236297314783,-0.0030274508735418093
2017-04-06,0.2757193986633168,0.2757193986633168,0.44330110034634934,0.11602347342570579,7.1650253650228e-05,1.3638516937375108e-05
2017-04-07,0.21827539748074312,0.21827539748074312,0.34582374898818363,0.09747735135816571,-0.00022365762794988856,-0.0002723963036289714
2017-04-10,0.166589276422979,0.166589276422979,0.2757193986633168,0.07010435032486684,-0.000312146148815,-0.00034719832397743343
2017-04-11,0.15813312299273855,0.15813312299273855,0.21827539748074312,0.05744400118257367,0.0010250879039134506,0.0009963659033221637
2017-04-12,0.145721270201094,0.145721270201094,0.166589276422979,0.05168612105776413,-0.00013424310052321975,-0.00016008616105210182
2017-04-13,0.12077465306684054,0.12077465306684054,0.15813312299273855,0.008456153430240448,-0.00102040817158724,-0.0010246362483023602
2017-04-17,0.16402119581505648,0.16402119581505648,0.145721270201094,0.012411852791644556,0.0008990951856223885,0.0008928892592265662
2017-04-18,0.1562560611848583,0.1562560611848583,0.12077465306684054,0.024946617134253446,-0.0005457179376141168,-0.0005581912461812436
2017-04-19,0.13036511847831259,0.13036511847831259,0.16402119581505648,0.04324654274821593,-0.0006646852155539076,-0.0006863084869280155
2017-04-20,0.1844948526219488,0.1844948526219488,0.1562560611848583,0.007765134630198178,0.0012461769209270745,0.0012422943536119753
2017-04-21,0.2331216647446668,0.2331216647446668,0.13036511847831259,0.02589094270654571,8.421688172818522e-05,7.127141037491237e-05
2017-04-24,0.4887477764964445,0.4887477764964445,0.1844948526219488,0.05412973414363623,0.0046741201917479365,0.004647055324676118
2017-04-25,0.659165184330963,0.659165184330963,0.2331216647446668,0.048626812122717994,0.0016509869053955844,0.0016266734993342254
2017-04-26,0.7303998417179033,0.7303998417179033,0.4887477764964445,0.25562611175177774,-0.0013746804868606465,-0.0015024935427365353
2017-04-27,0.7912094319261429,0.7912094319261429,0.659165184330963,0.17041740783451853,0.0006197103611597715,0.0005345016572425122
2017-04-28,0.814083667845022,0.814083667845022,0.7303998417179033,0.07123465738694024,-0.0008005302067074804,-0.0008361475354009505
2017-05-01,0.876055778563348,0.876055778563348,0.7912094319261429,0.06080959020823962,0.00322438406510209,0.00319397926999797
2017-05-02,0.9173705190422321,0.9173705190422321,0.814083667845022,0.02287423591887905,0.004193739986295103,0.0041823028683356635
2017-05-03,0.9132349547342645,0.9132349547342645,0.876055778563348,0.06197211071832609,-0.0017687553066127763,-0.0017997413619719393
2017-05-04,0.9421566364895098,0.9421566364895098,0.9173705190422321,0.04131474047888406,0.008708443602439197,0.008687786232199755
2017-05-05,0.9614377576596733,0.9614377576596733,0.9132349547342645,0.004135564307967576,0.010135945772095886,0.010133877989941902
2017-05-08,0.845597193878415,0.845597193878415,0.9421566364895098,0.028921681755245232,-0.007038490558719062,-0.007052951399596685
2017-05-09,0.73356004914764,0.73356004914764,0.9614377576596733,0.019281121170163562,-0.002363035244632581,-0.002372675805217663
2017-05-10,0.6728247154579419,0.6728247154579419,0.845597193878415,0.11584056378125829,0.0013021591192954424,0.0012442388374048134
2017-05-11,0.6071327335974168,0.6071327335974168,0.73356004914764,0.11203714473077508,-0.0018046174700191708,-0.0018606360423845585
2017-05-12,0.6353044495869618,0.6353044495869618,0.6728247154579419,0.06073533368969808,0.0037333005561780517,0.0037029328893332025
2017-05-15,0.7498546145862408,0.7498546145862408,0.6071327335974168,0.06569198186052505,0.0030711129226282446,0.003038266931697982
2017-05-16,0.8332364097241606,0.8332364097241606,0.6353044495869618,0.028171715989544932,0.00406936062821281,0.004055274770218038
2017-05-17,0.7397390463776593,0.7397390463776593,0.7498546145862408,0.11455016499927906,-0.008522472710933707,-0.008579747793433347
2017-05-18,0.6858332708463266,0.6858332708463266,0.8332364097241606,0.08338179513791977,0.0014048364385290074,0.0013631455409600474
2017-05-19,0.7905555138975511,0.7905555138975511,0.7397390463776593,0.09349736334650127,0.008603061407028023,0.008556312725354773
2017-05-22,0.8603703425983675,0.8603703425983675,0.6858332708463266,0.05390577553133269,0.0008300278835959372,0.0008030749958302709
2017-05-23,0.906913561732245,0.906913561732245,0.7905555138975511,0.10472224305122446,0.0001192167774697435,6.685565594413127e-05
2017-05-24,0.9379423744881634,0.9379423744881634,0.8603703425983675,0.06981482870081646,0.0005200874289198272,0.00048518001456941895
2017-05-25,0.9586282496587757,0.9586282496587757,0.906913561732245,0.04654321913387749,0.0,-2.3271609566938746e-05
2017-05-26,0.9184834056048548,0.9184834056048548,0.9379423744881634,0.0310288127559184,-0.0026904830952689945,-0.002705997501646954
2017-05-30,0.8729433467906487,0.8729433467906487,0.9586282496587757,0.020685875170612267,-0.0010159209528745599,-0.001026263890459866
2017-05-31,0.8593335367117587,0.8593335367117587,0.9184834056048548,0.040144844053920936,0.001113641084320883,0.0010935686622939225
2017-06-01,0.9062223578078392,0.9062223578078392,0.8729433467906487,0.045540058814206086,0.005682017989963844,0.005659247960556741
2017-06-02,0.937481571871893,0.937481571871893,0.8593335367117587,0.01360981007888995,0.009434845919385542,0.009428041014346097
2017-06-05,0.8323722923505512,0.8323722923505512,0.9062223578078392,0.0468888210960805,-0.004987944568483672,-0.005011388979031712
2017-06-06,0.7260042971164755,0.7260042971164755,0.937481571871893,0.03125921406405374,-0.00266448059171697,-0.0026801101987489967
2017-06-07,0.6595274059914529,0.6595274059914529,0.8323722923505512,0.10510927952134175,0.000249528737944027,0.00019697409818335613
2017-06-08,0.5873982914874972,0.5873982914874972,0.7260042971164755,0.1063679952340757,-0.0013065076536634384,-0.0013596916512804763
2017-06-09,0.5136050726766784,0.5136050726766784,0.6595274059914529,0.06647689112502264,-0.002477138564709215,-0.0025103770102717264
2017-06-12,0.43743946000369477,0.43743946000369477,0.5873982914874972,0.07212911450395565,-0.002214634167211805,-0.002250698724463783
2017-06-13,0.4671641530268559,0.4671641530268559,0.5136050726766784,0.0737932188108188,0.003965132549334608,0.003928235939929198
2017-06-14,0.4795031352256984,0.4795031352256984,0.43743946000369477,0.07616561267298366,-0.00032858233697104813,-0.00036666514330753995
2017-06-15,0.4145945796602401,0.4145945796602401,0.4671641530268559,0.02972469302316111,-0.00484583534256097,-0.0048606976890725505
2017-06-16,0.4212606483982622,0.4212606483982622,0.4795031352256984,0.012338982198842496,0.004079131277117322,0.004072961786017901
2017-06-19,0.4697949360763873,0.4697949360763873,0.4145945796602401,0.06490855556545827,0.0016861580277806234,0.0016537037499978942
2017-06-20,0.4330619188176932,0.4330619188176932,0.4212606483982622,0.006666068738022113,-0.003390842158018557,-0.003394175192387568
2017-06-21,0.399438980985959,0.399438980985959,0.4697949360763873,0.048534287678125065,-0.0005776006795155388,-0.0006018678233546014
2017-06-22,0.37632878296943695,0.37632878296943695,0.4330619188176932,0.0367330172586941,-6.661595072661931e-05,-8.498245935596636e-05
2017-06-23,0.3785491400349328,0.3785491400349328,0.399438980985959,0.0336229378317342,0.0009835294247334332,0.0009667179558175661
2017-06-26,0.39205680130549764,0.39205680130549764,0.37632878296943695,0.023110198016522032,0.0006354562017424801,0.0006239011027342191
2017-06-27,0.38525838749031716,0.38525838749031716,0.3785491400349328,0.002220357065495837,-5.7969530850841495e-05,-5.9079709383589415e-05
2017-06-28,0.496838646210347,0.496838646210347,0.39205680130549764,0.013507661270564852,0.0034253605819026664,0.003418606751267384
2017-06-29,0.4548486520509643,0.4548486520509643,0.38525838749031716,0.006798413815180482,-0.0038050908392597213,-0.0038084900461673116
2017-06-30,0.41590191653089936,0.41590191653089936,0.496838646210347,0.11158025872002986,0.00030487007866705236,0.0002490799493070374
2017-07-03,0.3742756270771627,0.3742756270771627,0.4548486520509643,0.041989994159382704,-0.0005580052533885737,-0.000579000250468265
2017-07-05,0.3244389366707787,0.3244389366707787,0.41590191653089936,0.038946735520064946,0.0,-1.9473367760032474e-05
2017-07-06,0.2725042232574325,0.2725042232574325,0.3742756270771627,0.04162628945373664,-0.0016668033550429914,-0.0016876164997698597
2017-07-07,0.23901374272199827,0.23901374272199827,0.3244389366707787,0.049836690406384,5.008006945706022e-05,2.516172425386822e-05
2017-07-10,0.2296080362891123,0.2296080362891123,0.2725042232574325,0.05193471341334621,0.0006724715178881293,0.0006465041611814562
2017-07-11,0.24122880265026203,0.24122880265026203,0.23901374272199827,0.03349048053543424,0.0005515210708930427,0.0005347758306253255
2017-07-12,0.35181284213311115,0.35181284213311115,0.2296080362891123,0.009405706432885963,0.001832616520210006,0.001827913666993563
2017-07-13,0.45597120320704926,0.45597120320704926,0.24122880265026203,0.011620766361149726,0.000698009901787244,0.0006921995186066691
2017-07-14,0.6373141354713662,0.6373141354713662,0.35181284213311115,0.11058403948284912,0.0024571183552112353,0.002401826335469811
2017-07-17,0.6783448588490002,0.6783448588490002,0.45597120320704926,0.10415836107393811,-0.00089367112600856,-0.0009457503065455291
2017-07-18,0.7194160416536743,0.7194160416536743,0.6373141354713662,0.18134293226431691,0.0005777388294276712,0.0004870673632955128
2017-07-19,0.8129440277691162,0.8129440277691162,0.6783448588490002,0.041030723377634026,0.0029693190904119975,0.0029488037287231806
2017-07-20,0.8752960185127443,0.8752960185127443,0.7194160416536743,0.041071182804674145,0.0029192022288671154,0.0028986666374647783
2017-07-21,0.7635793974787888,0.7635793974787888,0.8129440277691162,0.09352798611544189,-0.0031636775344167103,-0.0032104415274744314
2017-07-24,0.6465593597023446,0.6465593597023446,0.8752960185127443,0.06235199074362807,-0.0023674809510816205,-0.0023986569464534346
2017-07-25,0.587520582661803,0.587520582661803,0.7635793974787888,0.11171662103395552,0.0010354281595494391,0.0009795698490324613
2017-07-26,0.7250137217745354,0.7250137217745354,0.6465593597023446,0.11702003777644421,0.003988719221746629,0.003930209202858407
2017-07-27,0.7164564755666772,0.7164564755666772,0.587520582661803,0.05903877704054161,-0.0013179598161260676,-0.0013474792046463385
2017-07-28,0.7267777244281098,0.7267777244281098,0.7250137217745354,0.13749313911273242,0.000760707564830168,0.0006919609952738018
2017-07-31,0.8178518162854066,0.8178518162854066,0.7164564755666772,0.008557246207858138,0.0015017752094585697,0.0014974965863546407
2017-08-01,0.8785678775236045,0.8785678775236045,0.7267777244281098,0.010321248861432597,0.00401761659047464,0.004012455966043924
2017-08-02,0.919045251682403,0.919045251682403,0.8178518162854066,0.09107409185729676,0.00036476792300523865,0.0003192308770765903
2017-08-03,0.9460301677882688,0.9460301677882688,0.8785678775236045,0.06071606123819795,0.0005217316677529655,0.0004913736371338665
2017-08-04,0.9640201118588458,0.9640201118588458,0.919045251682403,0.040477374158798485,0.0012278806893103703,0.001207642002230971
2017-08-07,0.9760134079058973,0.9760134079058973,0.9460301677882688,0.02698491610586573,0.00042079570151207284,0.00040730324345914
2017-08-08,0.7677465223107676,0.7677465223107676,0.9640201118588458,0.01798994407057708,-0.00514250032118215,-0.005151495293217438
2017-08-09,0.5741094023234955,0.5741094023234955,0.9760134079058973,0.01199329604705146,-0.001599136165882018,-0.0016051328139055439
2017-08-10,0.4034343173483736,0.4034343173483736,0.7677465223107676,0.20826688559512974,-0.010882714527686677,-0.010986847970484243
2017-08-11,0.2753388904878872,0.2753388904878872,0.5741094023234955,0.19363711998727207,-0.001042818809683678,-0.0011396373696773141
2017-08-14,0.22259387265216,0.22259387265216,0.4034343173483736,0.1706750849751219,0.0029363309793261306,0.0028509934368385697
2017-08-15,0.17948904718611358,0.17948904718611358,0.2753388904878872,0.12809542686048642,-0.00020722147735373063,-0.00027126919078397383
2017-08-16,0.21375104467898157,0.21375104467898157,0.22259387265216,0.05274501783572719,0.0012742817190507516,0.001247909210132888
2017-08-17,0.12662584856234965,0.12662584856234965,0.17948904718611358,0.04310482546604641,-0.002016423894636468,-0.0020379763073694913
2017-08-18,0.09420010928363473,0.09420010928363473,0.21375104467898157,0.034261997492867985,0.0005828786373165526,0.0005657476385701186
2017-08-21,0.06968462797991186,0.06968462797991186,0.12662584856234965,0.08712519611663191,-3.8278914817109965e-05,-8.184151287542592e-05
2017-08-22,0.10233081500386032,0.10233081500386032,0.09420010928363473,0.03242573927871492,0.00045554376776799305,0.0004393308981286356
2017-08-23,0.12579234580333626,0.12579234580333626,0.06968462797991186,0.024515481303722872,1.0477446379817964e-05,-1.7802942720434715e-06
2017-08-24,0.10673060948814779,0.10673060948814779,0.10233081500386032,0.03264618702394846,-0.00023080859694832363,-0.00024713169046029787
2017-08-25,0.14989974882849272,0.14989974882849272,0.12579234580333626,0.023461530799475938,0.0007583456760582287,0.0007466149106584907
2017-08-28,0.17424223605860278,0.17424223605860278,0.10673060948814779,0.01906173631518847,0.0,-9.530868157594234e-06
2017-08-29,0.15605400587054702,0.15605400587054702,0.14989974882849272,0.04316913934034493,-0.0006063181230867801,-0.0006279026927569526
2017-08-30,0.12978911665369341,0.12978911665369341,0.17424223605860278,0.024342487230110066,-0.00023589792941393627,-0.0002480691730289913
2017-08-31,0.14844263992146614,0.14844263992146614,0.15605400587054702,0.018188230188055765,0.0011988177193280505,0.0011897236042340226
2017-09-01,0.1766845107799757,0.1766845107799757,0.12978911665369341,0.026264889216853604,0.00017458285329614563,0.00016145040868771883
2017-09-05,0.15236551149232266,0.15236551149232266,0.14844263992146614,0.018653523267772726,-0.0009971294168175018,-0.0010064561784513882
2017-09-06,0.20054629212198935,0.20054629212198935,0.1766845107799757,0.02824187085850957,0.0010886290830744586,0.0010745081476452038
2017-09-07,0.46703086141465955,0.46703086141465955,0.15236551149232266,0.024318999287653048,0.0012517437187159316,0.001239584219072105
2017-09-08,0.6446872409431064,0.6446872409431064,0.20054629212198935,0.048180780629666686,2.9701989564978434e-05,5.611599250145092e-06
2017-09-11,0.7631248272954043,0.7631248272954043,0.46703086141465955,0.26648456929267017,0.003666491546267539,0.003533249261621204
2017-09-12,0.8420832181969362,0.8420832181969362,0.6446872409431064,0.17765637952844682,0.001989674189393036,0.0019008459996288124
2017-09-13,0.7568155070106,0.7568155070106,0.7631248272954043,0.11843758635229795,-0.004137177260001196,-0.004196396053177344
2017-09-14,0.7370485768902789,0.7370485768902789,0.8420832181969362,0.0789583909015319,0.0014888461363719648,0.001449366940921199
2017-09-15,0.7395769966289423,0.7395769966289423,0.7568155070106,0.08526771118633625,0.0006677523752663736,0.0006251185196732055
2017-09-18,0.778256723860072,0.778256723860072,0.7370485768902789,0.019766930120321047,0.0009748506592084135,0.000964967194148253
2017-09-19,0.8521711492400481,0.8521711492400481,0.7395769966289423,0.0025284197386633567,0.003472619977081353,0.0034713557672120215
2017-09-20,0.8200609566463996,0.8200609566463996,0.778256723860072,0.03867972723112978,-0.0017049202084366004,-0.0017242600720521653
2017-09-21,0.7246620279759497,0.7246620279759497,0.8521711492400481,0.07391442537997606,-0.001746495129480331,-0.001783452342170319
2017-09-22,0.7645471056433646,0.7645471056433646,0.8200609566463996,0.03211019259364856,0.002526026977108227,0.0025099718808114027
2017-09-25,0.6353505593319658,0.6353505593319658,0.7246620279759497,0.09539892867044986,-0.004132525503809773,-0.004180224968144998
2017-09-26,0.5110713396249249,0.5110713396249249,0.7645471056433646,0.03988507766741489,-0.0016864072266181552,-0.0017063497654518627
2017-09-27,0.41530425984261804,0.41530425984261804,0.6353505593319658,0.12919654631139876,0.0004681139618978734,0.000403515688742174
2017-09-28,0.39714490949993414,0.39714490949993414,0.5110713396249249,0.12427921970704092,0.001354850634441418,0.0012927110245878975
2017-09-29,0.5980966063332894,0.5980966063332894,0.41530425984261804,0.09576707978230686,0.002440122138983036,0.0023922385990918825
2017-10-02,0.6895378209759484,0.6895378209759484,0.39714490949993414,0.0181593503426839,-0.0003480100252674024,-0.0003570897004387444
2017-10-03,0.7930252139839656,0.7930252139839656,0.5980966063332894,0.2009516968333553,0.002010673633046434,0.0019101977846297563
2017-10-04,0.7587555747839506,0.7587555747839506,0.6895378209759484,0.09144121464265897,-0.0013058768881139932,-0.0013515974954353227
2017-10-05,0.7047934735460142,0.7047934735460142,0.7930252139839656,0.10348739300801724,-0.0004628694824659961,-0.0005146131789700048
2017-10-06,0.6321905573474818,0.6321905573474818,0.7587555747839506,0.03426963920001502,-0.0005541144888838773,-0.0005712493084838847
2017-10-09,0.5515364580483345,0.5515364580483345,0.7047934735460142,0.05396210123793643,0.0002059816052680094,0.00017900055464904117
2017-10-10,0.7010243053655564,0.7010243053655564,0.6321905573474818,0.07260291619853243,0.006003290440614617,0.0059669889825153515
2017-10-11,0.8006828702437043,0.8006828702437043,0.5515364580483345,0.08065409929914724,0.0013569381745019739,0.0013166111248524002
2017-10-12,0.8233900564251786,0.8233900564251786,0.7010243053655564,0.14948784731722187,-0.0006073380886921059,-0.0006820820123507168
2017-10-13,0.8822600376167857,0.8822600376167857,0.8006828702437043,0.09965856487814795,0.00416498498486295,0.004115155702423876
2017-10-16,0.886496485979313,0.886496485979313,0.8233900564251786,0.02270718618147427,-0.0005918954186203932,-0.0006032490117111303
2017-10-17,0.8000482196549565,0.8000482196549565,0.8822600376167857,0.058869981191607135,-0.0022844337463286497,-0.002313868736924453
2017-10-18,0.845636721745316,0.845636721745316,0.886496485979313,0.004236448362527234,0.00255717527745051,0.0025550570532692466
2017-10-19,0.8139661426203382,0.8139661426203382,0.8000482196549565,0.08644826632435643,-0.0012655143129285662,-0.0013087384460907445
2017-10-20,0.7534967498509888,0.7534967498509888,0.845636721745316,0.04558850209035947,-0.0010964038064309263,-0.001119198057476106
2017-10-23,0.6665327548906839,0.6665327548906839,0.8139661426203382,0.03167057912497784,-0.0017606590139603098,-0.0017764943035227987
2017-10-24,0.5727640186515334,0.5727640186515334,0.7534967498509888,0.06046939276934937,0.0011978542135710481,0.0011676195171863735
2017-10-25,0.44781398777658793,0.44781398777658793,0.6665327548906839,0.08696399496030494,-0.0025969478490582335,-0.002640429846538386
2017-10-26,0.3623770682231836,0.3623770682231836,0.5727640186515334,0.0937687362391505,-8.290789799957688e-05,-0.00012979226611915213
2017-10-27,0.3006353292375218,0.3006353292375218,0.44781398777658793,0.12495003087494544,0.0010381974461905594,0.0009757224307530867
2017-10-30,0.3323673145155883,0.3323673145155883,0.3623770682231836,0.08543691955340432,0.0008379971319520472,0.0007952786721753451
2017-10-31,0.5549115430103922,0.5549115430103922,0.3006353292375218,0.06174173898566182,0.0012573494957363119,0.001226478626243481
2017-11-01,0.7032743620069282,0.7032743620069282,0.3323673145155883,0.03173198527806653,0.0003341323917346446,0.00031826639909561137
2017-11-02,0.8021829080046188,0.8021829080046188,0.5549115430103922,0.22254422849480393,0.0016720534971166243,0.0015607813828692222
2017-11-03,0.780443619117254,0.780443619117254,0.7032743620069282,0.14836281899653592,-0.0011064998331947948,-0.0011806812426930627
2017-11-06,0.8429685254454574,0.8429685254454574,0.8021829080046188,0.09890854599769061,0.0011491568376666263,0.001099702564667781
2017-11-07,0.738541950713655,0.738541950713655,0.780443619117254,0.02173928888736476,-0.0029029357107408045,-0.0029138053551844866
2017-11-08,0.7874609665261332,0.7874609665261332,0.8429685254454574,0.0625249063282034,0.0027839329261291988,0.0027526704729650972
2017-11-09,0.672762081909269,0.672762081909269,0.738541950713655,0.10442657473180239,-0.004227980247172283,-0.0042801935345381835
2017-11-10,0.5667223102390027,0.5667223102390027,0.7874609665261332,0.04891901581247815,-0.0021537579546063424,-0.0021782174625125813
2017-11-13,0.45596682609410377,0.45596682609410377,0.672762081909269,0.11469888461686417,-0.00281598910903683,-0.002873338551345262
2017-11-14,0.35641254930422234,0.35641254930422234,0.5667223102390027,0.10603977167026635,-0.0004108142318455256,-0.0004638341176806588
2017-11-15,0.26599884226130505,0.26599884226130505,0.45596682609410377,0.11075548414489889,-0.0021825731919813936,-0.0022379509340538432
2017-11-16,0.29254341358533664,0.29254341358533664,0.35641254930422234,0.09955427678988144,0.002857097567740994,0.002807320429346053
2017-11-17,0.27310196263319314,0.27310196263319314,0.26599884226130505,0.09041370704291729,-0.0009615447216168841,-0.0010067515751383427
2017-11-20,0.28440669735175206,0.28440669735175206,0.29254341358533664,0.026544571324031596,0.0006368014867069385,0.0006235292010449227
2017-11-21,0.4131547664864607,0.4131547664864607,0.27310196263319314,0.019441450952143502,0.0020564097218872864,0.0020466889964112145
2017-11-22,0.5570328553283895,0.5570328553283895,0.28440669735175206,0.011304734718558918,0.0007765189913080848,0.0007708666239488053
2017-11-24,0.7046885702189264,0.7046885702189264,0.4131547664864607,0.12874806913470865,0.003375441308431884,0.0033110672738645296
2017-11-27,0.6852290944009917,0.6852290944009917,0.5570328553283895,0.14387808884192882,-0.0033260703543532967,-0.003398009398774261
2017-11-28,0.7831225264951658,0.7831225264951658,0.7046885702189264,0.14765571489053686,0.0040314934851647865,0.003957665627719518
2017-11-29,0.7593502991833146,0.7593502991833146,0.6852290944009917,0.019459475817934724,-0.0027285312858347562,-0.0027382610237437236
2017-11-30,0.745625339862053,0.745625339862053,0.7831225264951658,0.09789343209417412,0.0007827842347477847,0.0007338375187006976
2017-12-01,0.6540669704490126,0.6540669704490126,0.7593502991833146,0.023772227311851135,-0.003032571084226889,-0.0030444571978828143
2017-12-04,0.5191899052155076,0.5191899052155076,0.745625339862053,0.01372495932126161,-0.0026694591121618656,-0.0026763215918224966
2017-12-05,0.40398363724709313,0.40398363724709313,0.6540669704490126,0.09155836941304041,-0.0014100943106458521,-0.0014558734953523723
2017-12-06,0.29892596369729973,0.29892596369729973,0.5191899052155076,0.13487706523350507,-0.001046975634831768,-0.0011144141674485205
2017-12-07,0.25814862325026333,0.25814862325026333,0.40398363724709313,0.11520626796841443,0.0010495060027788591,0.000991902868794652
2017-12-08,0.29254411708532685,0.29254411708532685,0.29892596369729973,0.1050576735497934,0.0015920617067021754,0.0015395328699272786
2017-12-11,0.35734000588499615,0.35734000588499615,0.25814862325026333,0.0407773404470364,0.0006653056027674539,0.0006449169325439358
2017-12-12,0.41669931764559687,0.41669931764559687,0.29254411708532685,0.03439549383506352,0.00037609990619906736,0.0003589021592815356
2017-12-13,0.611132878430398,0.611132878430398,0.35734000588499615,0.0647958887996693,0.0013761078386104874,0.0013437098942106528
2017-12-14,0.545243822687737,0.545243822687737,0.41669931764559687,0.05935931176060072,-0.002309118396538661,-0.0023387980524189615
2017-12-15,0.4858124507970497,0.4858124507970497,0.611132878430398,0.19443356078480112,-0.000174583992787256,-0.0002718007731796566
2017-12-18,0.6572083005313665,0.6572083005313665,0.545243822687737,0.06588905574266102,0.006467845360310292,0.006434900832438961
2017-12-19,0.6631618648779679,0.6631618648779679,0.4858124507970497,0.05943137189068726,-0.001782138938861746,-0.0018118546248070894
2017-12-20,0.6268780156668159,0.6268780156668159,0.6572083005313665,0.17139584973431676,-0.0011299147379168805,-0.0012156126627840388
2017-12-21,0.6877287245875462,0.6877287245875462,0.6631618648779679,0.0059535643466014365,0.002379267319074198,0.0023762905369008975
2017-12-22,0.7918191497250309,0.7918191497250309,0.6268780156668159,0.03628384921115202,0.001613626174317208,0.001595484249711632
2017-12-26,0.8487870680945133,0.8487870680945133,0.6877287245875462,0.0608507089207303,-0.00019629814887401964,-0.0002267235033343848
2017-12-27,0.8991913787296757,0.8991913787296757,0.7918191497250309,0.10409042513748468,0.001468639106216298,0.0014165938936475558
2017-12-28,0.9327942524864505,0.9327942524864505,0.8487870680945133,0.05696791836948245,0.0004835403182341518,0.00045505635904941055
2017-12-29,0.9551961683243004,0.9551961683243004,0.8991913787296757,0.050404310635162375,0.0006398908068426047,0.0006146886515250236
2018-01-02,0.970130778882867,0.970130778882867,0.9327942524864505,0.03360287375677484,0.0068990017118269655,0.0068822002749485784
2018-01-03,0.9800871859219114,0.9800871859219114,0.9551961683243004,0.022401915837849895,0.0045848575715394515,0.0045736566136205265
2018-01-04,0.9867247906146077,0.9867247906146077,0.970130778882867,0.014934610558566597,0.01063242868297788,0.010624961377698597
2018-01-05,0.9911498604097386,0.9911498604097386,0.9800871859219114,0.009956407039044324,0.005448812307708715,0.005443834104189193
2018-01-08,0.9842377093306924,0.9842377093306924,0.9867247906146077,0.006637604692696364,-0.0002727860743345237,-0.0002761048766808719
2018-01-09,0.9894918062204616,0.9894918062204616,0.9911498604097386,0.004425069795130909,0.0010962730953744434,0.001094060560476878
2018-01-10,0.936652384120223,0.936652384120223,0.9842377093306924,0.0069121510790461915,-0.001903379672820481,-0.0019068357483600041
2018-01-11,0.9577682560801488,0.9577682560801488,0.9894918062204616,0.005254096889769189,0.006845943501660848,0.006843316453215963
2018-01-12,0.9718455040534326,0.9718455040534326,0.936652384120223,0.05283942210023862,0.009396309626167625,0.009369889915117505
2018-01-16,0.9601237069911123,0.9601237069911123,0.9577682560801488,0.021115871959925814,-0.0009121045582761116,-0.0009226624942560745
2018-01-17,0.9734158046607415,0.9734158046607415,0.9718455040534326,0.014077247973283802,0.005029111182149732,0.00502207255816309
2018-01-18,0.9578483632804022,0.9578483632804022,0.9601237069911123,0.01172179706232035,-0.001170625100293154,-0.0011764859988243142
2018-01-19,0.9718989088536016,0.9718989088536016,0.9734158046607415,0.013292097669629244,0.0054139717770186595,0.005407325728183845
2018-01-22,0.9812659392357346,0.9812659392357346,0.9578483632804022,0.015567441380339275,0.0049098726660265785,0.004902088945336409
2018-01-23,0.9875106261571565,0.9875106261571565,0.9718989088536016,0.014050545573199402,0.003130457687956339,0.0031234324151697395
2018-01-24,0.9916737507714377,0.9916737507714377,0.9812659392357346,0.009367030382132935,0.0017064268478457756,0.001701743332654709
2018-01-25,0.9225980791860842,0.9225980791860842,0.9875106261571565,0.0062446869214218825,-0.0038244746933912537,-0.0038275970368519645
2018-01-26,0.9483987194573895,0.9483987194573895,0.9916737507714377,0.004163124614281255,0.00877461304618877,0.00877253148388163
2018-01-29,0.8459519345606019,0.8459519345606019,0.9225980791860842,0.06907567158535355,-0.008459292639619276,-0.008493830475411954
2018-01-30,0.7192652998204841,0.7192652998204841,0.9483987194573895,0.025800640271305353,-0.007886615159540231,-0.007899515479675883
2018-01-31,0.6221257288386961,0.6221257288386961,0.8459519345606019,0.1024467848967876,-0.0011441975235535968,-0.0011954209160019906
2018-02-01,0.5783125798540323,0.5783125798540323,0.7192652998204841,0.12668663474011777,0.0020456970389548376,0.0019823537215847785
2018-02-02,0.4515690118989038,0.4515690118989038,0.6221257288386961,0.09713957098178805,-0.012602071531332897,-0.012650641316823792
2018-02-05,0.1523782568004733,0.1523782568004733,0.5783125798540323,0.04381314898466382,-0.024232500886781055,-0.024254407461273386
2018-02-06,0.058543152799761536,0.058543152799761536,0.4515690118989038,0.12674356795512848,0.008900092505412212,0.008836720721434647
2018-02-07,-0.06060972241517767,-0.06060972241517767,0.1523782568004733,0.2991907550984305,-0.001612366754555431,-0.0017619621321046462
2018-02-08,-0.3187941171041088,-0.3187941171041088,0.058543152799761536,0.09383510400071175,-0.0015276386154348361,-0.001574556167435192
2018-02-09,-0.4551334750729531,-0.4551334750729531,-0.06060972241517767,0.1191528752149392,-0.00025733717314015093,-0.00031691361074762055
2018-02-12,-0.4450957655061377,-0.4450957655061377,-0.3187941171041088,0.2581843946889312,-0.004880236661615308,-0.0050093288589597735
2018-02-13,-0.4805311997910502,-0.4805311997910502,-0.4551334750729531,0.13633935796884428,0.0013724394763737172,0.001304269797389295
2018-02-14,-0.3964225376845465,-0.3964225376845465,-0.4450957655061377,0.010037709566815378,-0.007885236833665637,-0.007890255688449045
2018-02-15,-0.31082907387686876,-0.31082907387686876,-0.4805311997910502,0.03543543428491247,-0.0029921720312581844,-0.0030098897484006405
2018-02-16,-0.22808774112014524,-0.22808774112014524,-0.3964225376845465,0.0841086621065037,-0.0017841577618720546,-0.0018262120929253064
2018-02-20,-0.21282971073644585,-0.21282971073644585,-0.31082907387686876,0.08559346380767774,0.002915902205248106,0.002873105473344267
2018-02-21,-0.22044448968188327,-0.22044448968188327,-0.22808774112014524,0.08274133275672352,0.0010961665131147922,0.0010547958467364304
2018-02-22,-0.1992643628286907,-0.1992643628286907,-0.21282971073644585,0.015258030383699384,-0.0011184662336770962,-0.0011260952488689458
2018-02-23,-0.1423489279761036,-0.1423489279761036,-0.22044448968188327,0.0076147789454374115,-0.0017440763294845176,-0.0017478837189572362
2018-02-26,-0.08603870042638519,-0.08603870042638519,-0.1992643628286907,0.021180126853192566,-0.0018714737190783325,-0.0018820637825049287
2018-02-27,-0.08524810798310223,-0.08524810798310223,-0.1423489279761036,0.0569154348525871,0.0021151627364193308,0.002086705018993037
2018-02-28,-0.12150528316608492,-0.12150528316608492,-0.08603870042638519,0.056310227549718414,0.0008126121758512484,0.0007844570620763892
2018-03-01,-0.24717729487610146,-0.24717729487610146,-0.08524810798310223,0.0007905924432829586,0.0014315365874914806,0.0014311412912698391
2018-03-02,-0.28836775572767465,-0.28836775572767465,-0.12150528316608492,0.03625717518298269,-0.000580367037215092,-0.0005984956248065834
2018-03-05,-0.28263215362084687,-0.28263215362084687,-0.24717729487610146,0.12567201171001655,-0.0013174595377324814,-0.0013802955435874896
2018-03-06,-0.25024350460976347,-0.25024350460976347,-0.28836775572767465,0.041190460851573185,-0.0016940860474681813,-0.0017146812778939678
2018-03-07,-0.22875963409342867,-0.22875963409342867,-0.28263215362084687,0.005735602106827775,8.048867133137238e-05,7.762087027795848e-05
2018-03-08,-0.20478209571371414,-0.20478209571371414,-0.25024350460976347,0.032388649011083404,-0.0005348682216335385,-0.0005510625461390802
2018-03-09,-0.16713913351054194,-0.16713913351054194,-0.22875963409342867,0.021483870516334796,-0.0014636696636319176,-0.001474411598890085
2018-03-12,-0.13489882665006908,-0.13489882665006908,-0.20478209571371414,0.02397753837971453,-0.0002314760807242831,-0.00024346484991414035
2018-03-13,-0.11939246543901136,-0.11939246543901136,-0.16713913351054194,0.0376429622031722,0.0011086185970509295,0.0010897971159493434
2018-03-14,-0.09836054043065802,-0.09836054043065802,-0.13489882665006908,0.032240306860472856,-0.0003257750309258393,-0.0003418951843560757
2018-03-15,-0.06591195482548082,-0.06591195482548082,-0.11939246543901136,0.015506361211057723,6.767987260472096e-05,5.9926691999192095e-05
2018-03-16,-0.04432367535655286,-0.04432367535655286,-0.09836054043065802,0.02103192500835334,6.973127883072371e-05,5.921531632654704e-05
2018-03-19,-0.03564317152947735,-0.03564317152947735,-0.06591195482548082,0.0324485856051772,0.0005331238922486499,0.0005168995994460613
2018-03-20,-0.02672432556754645,-0.02672432556754645,-0.04432367535655286,0.02158827946892796,6.3571690065837085e-06,-4.436970727880273e-06
2018-03-21,-0.020372255267423957,-0.020372255267423957,-0.03564317152947735,0.008680503827075504,-5.6110906774716034e-05,-6.045115868825379e-05
2018-03-22,-0.19588896427037203,-0.19588896427037203,-0.02672432556754645,0.008918845961930901,0.0004963108660048109,0.0004918514430238454
2018-03-23,-0.463925976180248,-0.463925976180248,-0.020372255267423957,0.006352070300122494,0.00022537184872613446,0.00022219581357607322
2018-03-26,-0.4178731513303578,-0.4178731513303578,-0.19588896427037203,0.17551670900294808,-0.0035176076823305643,-0.0036053660368320383
2018-03-27,-0.4495378273612888,-0.4495378273612888,-0.463925976180248,0.26803701190987594,0.003421060601201746,0.0032870420952468083
2018-03-28,-0.42274951754730594,-0.42274951754730594,-0.4178731513303578,0.046052824849890206,-0.002434787681543191,-0.0024578140939681362
2018-03-29,-0.36018575683085075,-0.36018575683085075,-0.4495378273612888,0.03166467603093098,-0.0041015101521507105,-0.004117342490166176
2018-04-02,-0.41976610552134286,-0.41976610552134286,-0.42274951754730594,0.026788309813982836,0.005824319438921947,0.005810925284014955
2018-04-03,-0.4100984079752212,-0.4100984079752212,-0.36018575683085075,0.0625637607164552,-0.002306172413211944,-0.0023374542935701713
2018-04-04,-0.3828938115060997,-0.3828938115060997,-0.41976610552134286,0.05958034869049211,-0.0014567047787314063,-0.0014864949530766524
2018-04-05,-0.3326347453836601,-0.3326347453836601,-0.4100984079752212,0.009667697546121679,-0.002718186121273668,-0.002723019970046729
2018-04-06,-0.31352334525105185,-0.31352334525105185,-0.3828938115060997,0.02720459646912149,0.0025211599030686834,0.0025075576048341226
2018-04-09,-0.255877270447726,-0.255877270447726,-0.3326347453836601,0.05025906612243958,-0.002731948788796148,-0.0027570783218573676
2018-04-10,-0.1845680005181092,-0.1845680005181092,-0.31352334525105185,0.01911140013260826,-0.003360733226360317,-0.003370288926426621
2018-04-11,-0.1406778301191457,-0.1406778301191457,-0.255877270447726,0.05764607480332584,0.0009769670099709466,0.0009481439725692837
2018-04-12,-0.10557065909523045,-0.10557065909523045,-0.1845680005181092,0.07130926992961681,-0.0007074014631234872,-0.0007430560980882956
2018-04-13,-0.07934162917163079,-0.07934162917163079,-0.1406778301191457,0.04389017039896351,-0.0001392174121679604,-0.00016116249736744217
2018-04-16,-0.05383406517918368,-0.05383406517918368,-0.10557065909523045,0.03510717102391525,-0.00016403640526938576,-0.00018158999078134337
2018-04-17,-0.03623626048987366,-0.03623626048987366,-0.07934162917163079,0.026229029923599656,-0.000358106992794192,-0.0003712215077559918
2018-04-18,-0.024043017154997546,-0.024043017154997546,-0.05383406517918368,0.025507563992447108,-0.0002796658839564409,-0.0002924196659526644
2018-04-19,-0.01637588689268465,-0.01637588689268465,-0.03623626048987366,0.01759780468931002,0.00013665766351156293,0.0001278587611669079
2018-04-20,-0.011377239725909299,-0.011377239725909299,-0.024043017154997546,0.012193243334876116,9.102157664502422e-05,8.492495497758616e-05
2018-04-23,-0.007883162431660684,-0.007883162431660684,-0.01637588689268465,0.007667130262312895,2.0746354849485388e-05,1.6912789718328942e-05
2018-04-24,-0.005270624359196941,-0.005270624359196941,-0.011377239725909299,0.004998647166775352,4.649479707602074e-05,4.399547349263306e-05
2018-04-25,-0.0035191868749684697,-0.0035191868749684697,-0.007883162431660684,0.003494077294248615,1.3384738872569456e-05,1.1637700225445148e-05
2018-04-26,-0.0023468684387436354,-0.0023468684387436354,-0.005270624359196941,0.0026125380724637427,-2.6146813034342233e-05,-2.7453082070574105e-05
2018-04-27,-0.0015635449208219318,-0.0015635449208219318,-0.0035191868749684697,0.0017514374842284713,-3.4743024643376095e-06,-4.350021206451845e-06
2018-04-30,-0.000996542752524346,-0.000996542752524346,-0.0023468684387436354,0.0011723184362248344,7.60602767861376e-06,7.019868460501343e-06
2018-05-01,-0.0006327015054870201,-0.0006327015054870201,-0.0015635449208219318,0.0007833235179217036,5.525572239814492e-06,5.133910480853641e-06
2018-05-02,-0.0004111622530443565,-0.0004111622530443565,-0.000996542752524346,0.0005670021682975858,4.2401531108878355e-07,1.405142269399907e-07
2018-05-03,-0.00010335233108526128,-0.00010335233108526128,-0.0006327015054870201,0.00036384124703732587,-1.975577933189553e-06,-2.157498556708216e-06
2018-05-04,0.000744917891500587,0.000744917891500587,-0.0004111622530443565,0.00022153925244266365,-1.4543965226298343e-06,-1.5651661488511661e-06
2018-05-07,0.0024848266723757886,0.0024848266723757886,-0.00010335233108526128,0.0003078099219590952,-1.4557808047530281e-08,-1.684627690270779e-07
2018-05-08,0.002353250875594475,0.002353250875594475,0.000744917891500587,0.0008482702225858483,1.0491146431644273e-07,-3.192236469764814e-07
2018-05-09,0.0033739872620219442,0.0033739872620219442,0.0024848266723757886,0.0017399087808752016,5.9537351019957885e-06,5.0837807115581875e-06
2018-05-10,0.03338063357062663,0.03338063357062663,0.002353250875594475,0.00013157579678131377,1.5220762689396248e-05,1.515497479100559e-05
2018-05-11,0.1198041995147132,0.1198041995147132,0.0033739872620219442,0.0010207363864274694,8.954906865298372e-06,8.444538672084637e-06
2018-05-14,0.2393652349310743,0.2393652349310743,0.03338063357062663,0.030006646308604685,6.047547297459863e-05,4.5472149820296286e-05
2018-05-15,0.19240472705038095,0.19240472705038095,0.1198041995147132,0.08642356594408657,-0.00086645111959894,-0.0009096629025709832
2018-05-16,0.17429865314177712,0.17429865314177712,0.2393652349310743,0.11956103541636111,0.00033531646173268816,0.0002755359440245076
2018-05-17,0.18170319855882205,0.18170319855882205,0.19240472705038095,0.046960507880693364,0.0002960473173144686,0.00027256706337412196
2018-05-18,0.15566580946055592,0.15566580946055592,0.17429865314177712,0.01810607390860383,-0.0006330311440259883,-0.0006420841809802902
2018-05-21,0.27079977163579133,0.27079977163579133,0.18170319855882205,0.007404545417044939,0.0011463411308385298,0.0011426388581300074
2018-05-22,0.3601469755332442,0.3601469755332442,0.15566580946055592,0.02603738909826614,-0.000195172854540981,-0.00020819154909011407
2018-05-23,0.30000658221906035,0.30000658221906035,0.27079977163579133,0.11513396217523542,-0.0029841199432993843,-0.003041686924387002
2018-05-24,0.23390723531826937,0.23390723531826937,0.3601469755332442,0.08934720389745288,-0.001117486376014236,-0.0011621599779629624
2018-05-25,0.16966618503921607,0.16966618503921607,0.30000658221906035,0.06014039331418386,-0.0019525558743337733,-0.001982626070990865
2018-05-29,0.004442815711648951,0.004442815711648951,0.23390723531826937,0.06609934690079097,-0.00476339024063841,-0.004796439914088806
2018-05-30,-0.00223059396722779,-0.00223059396722779,0.16966618503921607,0.0642410502790533,0.0025897464757566936,0.002557625950617167
2018-05-31,-0.05233255656890631,-0.05233255656890631,0.004442815711648951,0.16522336932756712,-2.7989661233457267e-05,-0.00011060134589724082
2018-06-01,-0.023582497002580305,-0.023582497002580305,-0.00223059396722779,0.006673409678876741,-1.92846278888611e-05,-2.262133272829947e-05
2018-06-04,0.018189730491207808,0.018189730491207808,-0.05233255656890631,0.050101962601678526,-0.0001569991421618316,-0.00018205012346267087
2018-06-05,0.03355974491249193,0.03355974491249193,-0.023582497002580305,0.02875005956632601,3.694700238589072e-05,2.2571972602727714e-05
2018-06-06,0.11918661050726863,0.11918661050726863,0.018189730491207808,0.04177222749378812,0.0001634717235570519,0.00014258560981015783
2018-06-07,0.12574084382144252,0.12574084382144252,0.03355974491249193,0.015370014421284123,-0.00018978482494526555,-0.0001974698321559076
2018-06-08,0.13899473173411456,0.13899473173411456,0.11918661050726863,0.0856268655947767,0.00013552639589364674,9.271296309625839e-05
2018-06-11,0.20323761350585745,0.20323761350585745,0.12574084382144252,0.006554233314173888,0.0008036738597921011,0.0008003967431350141
2018-06-12,0.17158587350900723,0.17158587350900723,0.13899473173411456,0.013253887912672041,-0.0008827441487817688,-0.0008893710927381048
2018-06-13,0.14209358415924897,0.14209358415924897,0.20323761350585745,0.0642428817717429,0.00028870043770960584,0.0002565789968237344
2018-06-14,0.11036366710473071,0.11036366710473071,0.17158587350900723,0.031651739996850226,-0.00036501769637791045,-0.00038084356637633555
2018-06-15,0.07622547863219341,0.07622547863219341,0.14209358415924897,0.029492289349758255,-0.0007270262858895726,-0.0007417724305644517
2018-06-18,0.03563739375326979,0.03563739375326979,0.11036366710473071,0.03172991705451826,-0.0007883204131340871,-0.0008041853716613462
2018-06-19,-0.18903516918997068,-0.18903516918997068,0.07622547863219341,0.0341381884725373,-0.0007002236683674291,-0.0007172927626036978
2018-06-20,-0.29395656446306684,-0.29395656446306684,0.03563739375326979,0.04058808487892362,2.6399325935869253e-05,6.105283496407444e-06
2018-06-21,-0.5293043763087112,-0.5293043763087112,-0.18903516918997068,0.22467256294324048,0.001342907341146137,0.0012305710596745166
2018-06-22,-0.4523176736486075,-0.4523176736486075,-0.29395656446306684,0.10492139527309616,-0.0031109183006662556,-0.003163378998302804
2018-06-25,-0.6348784490990717,-0.6348784490990717,-0.5293043763087112,0.23534781184564435,0.007338459812362942,0.0072207859064401195
2018-06-26,-0.7022840405299761,-0.7022840405299761,-0.4523176736486075,0.07698670266010371,-0.0008117823395025549,-0.0008502756908326068
2018-06-27,-0.8015226936866507,-0.8015226936866507,-0.6348784490990717,0.18256077545046417,0.005971551916707841,0.005880271528982609
2018-06-28,-0.7806322689010861,-0.7806322689010861,-0.7022840405299761,0.06740559143090441,-0.0026461222834801975,-0.00267982507919565
2018-06-29,-0.6861155511579011,-0.6861155511579011,-0.8015226936866507,0.09923865315667468,-0.004452827805804736,-0.004502447132383073
2018-07-02,-0.7870301169911815,-0.7870301169911815,-0.7806322689010861,0.020890424785564687,0.00711023883723642,0.007099793624843637
2018-07-03,-0.7879019122551671,-0.7879019122551671,-0.6861155511579011,0.09451671774318493,-0.0020678191075627203,-0.0021150774664343125
2018-07-05,-0.6585060084803002,-0.6585060084803002,-0.7870301169911815,0.1009145658332804,-0.007804147083417259,-0.0078546043663339
2018-07-06,-0.5214492664414393,-0.5214492664414393,-0.7879019122551671,0.0008717952639856197,-0.0042196909715108075,-0.0042201268691428005
2018-07-09,-0.36227853007594923,-0.36227853007594923,-0.6585060084803002,0.12939590377486698,-0.006333622873394706,-0.006398320825282139
2018-07-10,-0.2540396492217523,-0.2540396492217523,-0.5214492664414393,0.13705674203886087,0.00022933968260725504,0.00016081131158782462
2018-07-11,-0.32493538818037726,-0.32493538818037726,-0.36227853007594923,0.15917073636549006,0.006055677122683405,0.00597609175450066
2018-07-12,-0.29359231863243596,-0.29359231863243596,-0.2540396492217523,0.10823888085419692,-0.001969929972317689,-0.0020240494127447876
2018-07-13,-0.25037357614972805,-0.25037357614972805,-0.32493538818037726,0.07089573895862494,-0.0010096462319759906,-0.001045094101455303
2018-07-16,-0.2240839380467345,-0.2240839380467345,-0.29359231863243596,0.031343069547941305,0.0001298797235936173,0.00011420818881964665
2018-07-17,-0.1891250154145965,-0.1891250154145965,-0.25037357614972805,0.043218742482707906,-0.00044336352559343163,-0.0004649728968347856
2018-07-18,-0.1651394354525245,-0.1651394354525245,-0.2240839380467345,0.026289638102993562,-3.302632549575371e-05,-4.617114454725049e-05
2018-07-19,-0.1573328761048201,-0.1573328761048201,-0.1891250154145965,0.034958922632137984,0.0003900025017225852,0.0003725230404065162
2018-07-20,-0.126736653241516,-0.126736653241516,-0.1651394354525245,0.023985579962072012,-0.0007799841528545022,-0.0007919769428355383
2018-07-23,-0.10262295184168557,-0.10262295184168557,-0.1573328761048201,0.007806559347704384,-0.0,-3.903279673852192e-06
2018-07-24,-0.06390592101185354,-0.06390592101185354,-0.126736653241516,0.0305962228633041,-0.0007447739090078074,-0.0007600720204394595
2018-07-25,-0.040064479927803556,-0.040064479927803556,-0.10262295184168557,0.024113701399830434,-0.000764362832373505,-0.0007764196830734202
2018-07-26,-0.025231904414471314,-0.025231904414471314,-0.06390592101185354,0.038717030829832036,0.0002871933382122568,0.0002678348227973408
2018-07-27,-0.01464569380195694,-0.01464569380195694,-0.040064479927803556,0.02384144108404998,-7.585455484304192e-05,-8.777527538506692e-05
2018-07-30,-0.007691940918862777,-0.007691940918862777,-0.025231904414471314,0.014832575513332242,3.6690433209105388e-06,-3.747244435755582e-06
2018-07-31,-0.002383650421560616,-0.002383650421560616,-0.01464569380195694,0.010586210612514375,-1.9160562980422578e-05,-2.4453668286679763e-05
2018-08-01,-0.0001008989459996858,-0.0001008989459996858,-0.007691940918862777,0.006953752883094163,3.908661133541697e-05,3.560973489386989e-05
2018-08-02,-0.006363843305898695,-0.006363843305898695,-0.002383650421560616,0.0053082904973021615,1.5651990911995026e-05,1.2997845663343945e-05
2018-08-03,-0.008614889409680894,-0.008614889409680894,-0.0001008989459996858,0.0022827514755609304,-5.929435683049901e-08,-1.2006700946109642e-06
2018-08-06,-0.018442993475050035,-0.018442993475050035,-0.006363843305898695,0.006262944359899009,2.7092290722219428e-05,2.3960818542269922e-05
2018-08-07,-0.01308346845478133,-0.01308346845478133,-0.008614889409680894,0.0022510461037821986,-6.731266974639018e-05,-6.843819279828127e-05
2018-08-08,-0.00914535729327934,-0.00914535729327934,-0.018442993475050035,0.009828104065369141,1.6185524755027214e-05,1.1271472722342642e-05
2018-08-09,-0.00867417388303961,-0.00867417388303961,-0.01308346845478133,0.0053595250202687055,3.831381414571828e-05,3.563405163558393e-05
2018-08-10,-0.1905044661952724,-0.1905044661952724,-0.00914535729327934,0.00393811116150199,0.00018263716738322683,0.00018066811180247585
2018-08-13,-0.3906645012729518,-0.3906645012729518,-0.00867417388303961,0.00047118341023972936,3.119387748308204e-05,3.095828577796218e-05
2018-08-14,-0.5272896381158869,-0.5272896381158869,-0.1905044661952724,0.18183029231223277,2.8659915105008417e-05,-6.225523105110798e-05
2018-08-15,-0.6848597587439247,-0.6848597587439247,-0.3906645012729518,0.20016003507767943,0.005640443331307955,0.005540363313769115
2018-08-16,-0.6410109338806268,-0.6410109338806268,-0.5272896381158869,0.1366251368429351,-0.003701441751504793,-0.0037697543199262606
2018-08-17,-0.5433860908527952,-0.5433860908527952,-0.6848597587439247,0.15757012062803777,-0.004047386320237287,-0.004126171380551306
2018-08-20,-0.4335980052876133,-0.4335980052876133,-0.6410109338806268,0.043848824863297886,-0.0034764909765786604,-0.0034984153890103096
2018-08-21,-0.3175860115628674,-0.3175860115628674,-0.5433860908527952,0.09762484302783159,-0.003338125944138236,-0.0033869383656521517
2018-08-22,-0.21798164642129314,-0.21798164642129314,-0.4335980052876133,0.10978808556518194,-0.00167885026147793,-0.001733744304260521
2018-08-23,-0.20256317223093495,-0.20256317223093495,-0.3175860115628674,0.11601199372474585,0.0022613979239728224,0.0022033919271104495
2018-08-24,-0.1456967462347243,-0.1456967462347243,-0.21798164642129314,0.09960436514157428,-0.0012701519453888145,-0.0013199541279596016
2018-08-27,-0.03270434086366737,-0.03270434086366737,-0.20256317223093495,0.015418474190358189,-0.002708106984313927,-0.002715816221409106
2018-08-28,0.03690491402607629,0.03690491402607629,-0.1456967462347243,0.05686642599621064,0.00012815648734306058,9.972327434495528e-05
2018-08-29,0.07533461184678912,0.07533461184678912,-0.03270434086366737,0.11299240537105694,-0.00017752932142582004,-0.00023402552411134852
2018-08-30,0.07480181293844929,0.07480181293844929,0.03690491402607629,0.06960925488974366,-0.0003500372153740589,-0.0003848418428189307
2018-08-31,0.04036452732819081,0.04036452732819081,0.07533461184678912,0.03842969782071283,-0.0005993093317532268,-0.0006185241806635832
2018-09-04,-0.032561621533755664,-0.032561621533755664,0.07480181293844929,0.0005327989083398349,-0.0006331493573618479,-0.0006334157568160178
2018-09-05,-0.1575583747599986,-0.1575583747599986,0.04036452732819081,0.034437285610258474,-0.00036875955973143413,-0.00038597820253656335
2018-09-06,-0.28290587733488726,-0.28290587733488726,-0.032561621533755664,0.07292614886194648,9.84334418507137e-05,6.197036741974047e-05
2018-09-07,-0.5219372515565915,-0.5219372515565915,-0.1575583747599986,0.12499675322624293,0.0012660231452440046,0.001203524768630883
2018-09-10,-0.531726642197458,-0.531726642197458,-0.28290587733488726,0.12534750257488866,-0.0017294637754247321,-0.0017921375267121765
2018-09-11,-0.48235864776788184,-0.48235864776788184,-0.5219372515565915,0.23903137422170428,-0.0004758083269251487,-0.0005953240140360008
2018-09-12,-0.4061059855397103,-0.4061059855397103,-0.531726642197458,0.00978939064086648,-0.0022595170872365907,-0.002264411782557024
2018-09-13,-0.30653446273683405,-0.30653446273683405,-0.48235864776788184,0.04936799442957618,-0.003572039632087131,-0.0035967236293019188
2018-09-14,-0.22940328493522574,-0.22940328493522574,-0.4061059855397103,0.07625266222817156,-0.0006092229347756383,-0.0006473492658897241
2018-09-17,-0.1715854035038928,-0.1715854035038928,-0.30653446273683405,0.09957152280287623,-0.0002754611354657233,-0.0003252468968671614
2018-09-18,-0.09521351785289507,-0.09521351785289507,-0.22940328493522574,0.0771311778016083,-0.002403202718825336,-0.00244176830772614
2018-09-19,-0.039870156561153405,-0.039870156561153405,-0.1715854035038928,0.05781788143133293,-0.0006099235159140703,-0.0006388324566297368
2018-09-20,0.1230291426432803,0.1230291426432803,-0.09521351785289507,0.07637188565099774,-0.0011803292124877975,-0.0012185151553132964
2018-09-21,0.1856569399426149,0.1856569399426149,-0.039870156561153405,0.055343361291741666,-1.743517195911188e-05,-4.510685260498271e-05
2018-09-24,0.19284675149800024,0.19284675149800024,0.1230291426432803,0.1628992992044337,-0.0005557128221009803,-0.000637162471703197
2018-09-25,0.27560187752813403,0.27560187752813403,0.1856569399426149,0.0626277972993346,0.000923936095904951,0.0008926221972552836
2018-09-26,0.34956903660479277,0.34956903660479277,0.19284675149800024,0.007189811555385339,8.428514565776291e-05,8.069023988007024e-05
2018-09-27,0.3578901000844323,0.3578901000844323,0.27560187752813403,0.0827551260301338,-0.0005617496646171772,-0.0006031272276322441
2018-09-28,0.2979500554398675,0.2979500554398675,0.34956903660479277,0.07396715907665874,-0.0028557549765805632,-0.0028927385561188924
2018-10-01,0.26763963872979707,0.26763963872979707,0.3578901000844323,0.008321063479639512,0.00042111635527170905,0.00041695582353188927
2018-10-02,0.20890621217271166,0.20890621217271166,0.2979500554398675,0.05994004464456476,-0.0015319866314916486,-0.001561956653813931
2018-10-03,0.1610122924180222,0.1610122924180222,0.26763963872979707,0.030310416710070454,-0.00047425665983929794,-0.0004894118681943332
2018-10-04,0.09451615093931895,0.09451615093931895,0.20890621217271166,0.05873342655708541,-0.0024413286143654556,-0.0024706953276439985
2018-10-05,0.028304293282457677,0.028304293282457677,0.1610122924180222,0.04789391975468946,-0.0009640059079453165,-0.0009879528678226612
2018-10-08,-0.05053976071213484,-0.05053976071213484,0.09451615093931895,0.06649614147870325,-0.0004554524817541849,-0.0004887005524935365
2018-10-09,-0.09812030273844424,-0.09812030273844424,0.028304293282457677,0.06621185765686127,-7.280049866575618e-05,-0.00010590642749418682
2018-10-10,-0.3987468684922961,-0.3987468684922961,-0.05053976071213484,0.07884405399459252,0.0010733619433188496,0.0010339399163215534
2018-10-11,-0.5991645789948641,-0.5991645789948641,-0.09812030273844424,0.0475805420263094,0.0013687104644886506,0.001344920193475496
2018-10-12,-0.6585267809980705,-0.6585267809980705,-0.3987468684922961,0.3006265657538519,-0.001441645291857137,-0.001591958574734063
2018-10-15,-0.7427950638539169,-0.7427950638539169,-0.5991645789948641,0.20041771050256796,0.0014075754096412483,0.0013073665543899644
2018-10-16,-0.621465825347859,-0.621465825347859,-0.6585267809980705,0.05936220200320641,-0.011268316091174947,-0.01129799719217655
2018-10-17,-0.588681095930965,-0.588681095930965,-0.7427950638539169,0.08426828285584642,0.00424190540315736,0.0041997712617294364
2018-10-18,-0.72578739728731,-0.72578739728731,-0.621465825347859,0.12132923850605792,0.010032963528461036,0.009972298909208007
2018-10-19,-0.7393159461267448,-0.7393159461267448,-0.588681095930965,0.03278472941689403,-0.0033436683595287568,-0.003360060724237204
2018-10-22,-0.8071188405652097,-0.8071188405652097,-0.72578739728731,0.13710630135634505,0.0031881893344659815,0.003119636183787809
2018-10-23,-0.8714125603768066,-0.8714125603768066,-0.7393159461267448,0.013528548839434773,0.006990157034543152,0.006983392760123434
2018-10-24,-0.9142750402512045,-0.9142750402512045,-0.8071188405652097,0.06780289443846488,0.022854980254299776,0.022821078807080543
2018-10-25,-0.8327996086693497,-0.8327996086693497,-0.8714125603768066,0.06429371981159693,-0.010985328102339906,-0.011017474962245704
2018-10-26,-0.8330017682562393,-0.8330017682562393,-0.9142750402512045,0.04286247987439795,0.0062085852096398705,0.006187153969702671
2018-10-29,-0.8589000484436559,-0.8589000484436559,-0.8327996086693497,0.08147543158185488,0.002304702443746796,0.0022639647279558686
2018-10-30,-0.7710055808541388,-0.7710055808541388,-0.8330017682562393,0.00020215958688962754,-0.010062338539075231,-0.010062439618868676
2018-10-31,-0.6689332269742496,-0.6689332269742496,-0.8589000484436559,0.025898280187416578,-0.006372544381154956,-0.006385493521248664
2018-11-01,-0.5351183993483116,-0.5351183993483116,-0.7710055808541388,0.08789446758951702,-0.009875242522137017,-0.009919189755931776
2018-11-02,-0.4389772020421374,-0.4389772020421374,-0.6689332269742496,0.10207235387988922,-0.0009517012483614144,-0.001002737425301359
2018-11-05,-0.3771732136419195,-0.3771732136419195,-0.5351183993483116,0.133814827625938,-0.0,-6.6907413812969e-05
2018-11-06,-0.31700643401573575,-0.31700643401573575,-0.4389772020421374,0.09614119730617421,-0.0018016989260032693,-0.0018497695246563564
2018-11-07,-0.21738180871288812,-0.21738180871288812,-0.3771732136419195,0.06180398840021789,-0.0050399977330573414,-0.005070899727257451
2018-11-08,-0.172700777258085,-0.172700777258085,-0.31700643401573575,0.060166779626183775,0.0030982242969995887,0.003068140907186497
2018-11-09,-0.15868348394082202,-0.15868348394082202,-0.21738180871288812,0.09962462530284763,0.0014303878027343627,0.0013805754900829388
2018-11-12,-0.2411392908535444,-0.2411392908535444,-0.172700777258085,0.04468103145480312,0.002832521937768687,0.0028101814220412857
2018-11-13,-0.26549872181954537,-0.26549872181954537,-0.15868348394082202,0.01401729331726298,-0.000686973367290591,-0.0006939820139492224
2018-11-14,-0.275066331576118,-0.275066331576118,-0.2411392908535444,0.08245580691272239,-0.00019245328616693591,-0.00023368118962329711
2018-11-15,-0.2544348391150343,-0.2544348391150343,-0.26549872181954537,0.02435943096600096,-0.0008470252756381352,-0.0008592049911211357
2018-11-16,-0.2368370509824464,-0.2368370509824464,-0.275066331576118,0.009567609756572615,-0.00030619290195016923,-0.00031097670682845555
2018-11-19,-0.27053638772293154,-0.27053638772293154,-0.2544348391150343,0.0206314924610837,0.002222727686950945,0.0022124119407204035
2018-11-20,-0.45739945251748754,-0.45739945251748754,-0.2368370509824464,0.017597788132587888,0.004098415902082859,0.004089617008016565
2018-11-21,-0.4527145228813134,-0.4527145228813134,-0.27053638772293154,0.03369933674048514,-0.0037936032679262185,-0.003810452936296461
2018-11-23,-0.49866039044455907,-0.49866039044455907,-0.45739945251748754,0.186863064794556,0.003015473348361515,0.002922041815964237
2018-11-26,-0.44530901185492766,-0.44530901185492766,-0.4527145228813134,0.004684929636174118,-0.006814852233912208,-0.006817194698730295
2018-11-27,-0.4153903207729573,-0.4153903207729573,-0.49866039044455907,0.045945867563245646,0.0019084763578297503,0.0018855034240481275
2018-11-28,-0.341454537228658,-0.341454537228658,-0.44530901185492766,0.053351378589631404,-0.0063442818026165524,-0.006370957491911368
2018-11-29,-0.31366273083986396,-0.31366273083986396,-0.4153903207729573,0.029918691081970372,0.0020979352400321244,0.002082975894491139
2018-11-30,-0.3147548174810698,-0.3147548174810698,-0.341454537228658,0.0739357835442993,0.0014624633701093477,0.0014254954783371981
2018-12-03,-0.26720761511162894,-0.26720761511162894,-0.31366273083986396,0.027791806388794027,-0.004147513652380075,-0.0041614095555744714
2018-12-04,-0.3837431376956195,-0.3837431376956195,-0.3147548174810698,0.0010920866412058583,0.008165791318037631,0.008165245274717028
2018-12-06,-0.5369248208874822,-0.5369248208874822,-0.26720761511162894,0.04754720236944088,0.002501697743716569,0.0024779241425318486
2018-12-07,-0.6912832139249881,-0.6912832139249881,-0.3837431376956195,0.11653552258399058,0.0038767781205449148,0.0038185103592529193
2018-12-10,-0.7941888092833255,-0.7941888092833255,-0.5369248208874822,0.15318168319186265,0.004154062564399046,0.004077471722803114
2018-12-11,-0.8252040225720694,-0.8252040225720694,-0.6912832139249881,0.15435839303750598,-0.0021789675500731337,-0.0022561467465918865
2018-12-12,-0.7308078607859552,-0.7308078607859552,-0.7941888092833255,0.10290559535833732,-0.011688905705063802,-0.01174035850274297
2018-12-13,-0.6698302605024873,-0.6698302605024873,-0.8252040225720694,0.031015213288743904,0.0014794082871546065,0.0014639006805102345
2018-12-14,-0.7450309922471741,-0.7450309922471741,-0.7308078607859552,0.09439616178611421,0.009425926027846884,0.009378727946953826
2018-12-17,-0.830020661498116,-0.830020661498116,-0.6698302605024873,0.06097760028346788,0.005317855911591662,0.0052873671114499286
2018-12-18,-0.8758986074109871,-0.8758986074109871,-0.7450309922471741,0.07520073174468678,-0.0006025223194611112,-0.0006401226853334546
2018-12-19,-0.9172657382739915,-0.9172657382739915,-0.830020661498116,0.08498966925094198,0.007966103681113692,0.00792360884648822
2018-12-20,-0.9448438255159943,-0.9448438255159943,-0.8758986074109871,0.04587794591287109,0.0035737909923293613,0.0035508520193729257
2018-12-21,-0.9632292170106629,-0.9632292170106629,-0.9172657382739915,0.041367130863004364,0.015971519578321318,0.015950836012889817
2018-12-24,-0.9754861446737753,-0.9754861446737753,-0.9448438255159943,0.027578087242002836,0.010997986625167011,0.01098419758154601
2018-12-26,-0.8215637112165172,-0.8215637112165172,-0.9632292170106629,0.018385391494668557,-0.02234941398337746,-0.022358606679124794
2018-12-27,-0.6871664784980159,-0.6871664784980159,-0.9754861446737753,0.012256927663112371,-0.0028488571884130115,-0.002854985652244568
2018-12-28,-0.5771802554683081,-0.5771802554683081,-0.8215637112165172,0.1539224334572581,-0.004362508825651847,-0.004439470042380477
2018-12-31,-0.48346233743360656,-0.48346233743360656,-0.6871664784980159,0.13439723271850124,-0.0010536601971560414,-0.001120858813515292
2019-01-02,-0.4223273834793531,-0.4223273834793531,-0.5771802554683081,0.10998622302970784,0.0011782432351767971,0.0011232501236619432
2019-01-03,-0.4226859515397301,-0.4226859515397301,-0.48346233743360656,0.09371791803470153,0.004368098503721423,0.004321239544704072
2019-01-04,-0.32688259577984163,-0.32688259577984163,-0.4223273834793531,0.061134953954253446,-0.012932135614339804,-0.01296270309131693
2019-01-07,-0.23012674047428694,-0.23012674047428694,-0.4226859515397301,0.00035856806037698474,-0.0016226638852126667,-0.0016228431692428553
2019-01-08,-0.1474532813362948,-0.1474532813362948,-0.32688259577984163,0.09580335575988846,-0.0021197960045462837,-0.002167697682426228
2019-01-09,-0.06844827919300296,-0.06844827919300296,-0.23012674047428694,0.0967558553055547,-0.002585274372645312,-0.0026336523002980896
2019-01-10,-0.014838502161365456,-0.014838502161365456,-0.1474532813362948,0.08267345913799215,-0.000578162210880106,-0.0006194989404491021
2019-01-11,0.010348332083629385,0.010348332083629385,-0.06844827919300296,0.07900500214329183,0.00046783354605210036,0.0004283310449804545
2019-01-14,0.025672874621505207,0.025672874621505207,-0.014838502161365456,0.05360977703163751,6.807712493083436e-05,4.127223641501561e-05
2019-01-15,0.04846145804958446,0.04846145804958446,0.010348332083629385,0.025186834244994842,5.450998817088244e-05,4.1916571048385014e-05
2019-01-16,0.07097304108893318,0.07097304108893318,0.025672874621505207,0.015324542537875822,7.146303703902012e-05,6.38007657700822e-05
2019-01-17,0.08807009568059967,0.08807009568059967,0.04846145804958446,0.022788583428079254,0.00017409536942559228,0.00016270107771155265
2019-01-18,0.06936503355251963,0.06936503355251963,0.07097304108893318,0.02251158303934872,0.0007159620243755064,0.000704706232855832
2019-01-22,0.06132803078088504,0.06132803078088504,0.08807009568059967,0.017097054591666494,-0.0013619084159540156,-0.0013704569432498488
2019-01-23,0.06574519059287548,0.06574519059287548,0.06936503355251963,0.01870506212808004,0.00031777462789342296,0.0003084220968293829
2019-01-24,0.0643561114563928,0.0643561114563928,0.06132803078088504,0.008037002771634591,6.991738485887974e-05,6.589888347306245e-05
2019-01-25,0.10027120348989574,0.10027120348989574,0.06574519059287548,0.004417159811990437,0.0007486732838689584,0.0007464647039629632
2019-01-28,0.10505984548927377,0.10505984548927377,0.0643561114563928,0.0013890791364826738,-0.00035195420353399453,-0.0003526487431022359
2019-01-29,0.11156945721221144,0.11156945721221144,0.10027120348989574,0.03591509203350293,0.000227055109830034,0.00020909756381328254
2019-01-30,0.1704886299599226,0.1704886299599226,0.10505984548927377,0.004788641999378035,0.0011528305472111,0.001150436226211411
2019-01-31,0.21540849030763198,0.21540849030763198,0.11156945721221144,0.0065096117229376665,5.342590456616581e-05,5.017109870469698e-05
2019-02-01,0.2438443293526742,0.2438443293526742,0.1704886299599226,0.05891917274771115,-5.4417856290294446e-05,-8.387744266415002e-05
2019-02-04,0.2791735598594181,0.2791735598594181,0.21540849030763198,0.044919860347709395,0.0007906798335480418,0.0007682199033741871
2019-02-05,0.31723113780545853,0.31723113780545853,0.2438443293526742,0.02843583904504221,0.0018998690542204762,0.0018856511346979552
2019-02-06,0.3859108165375077,0.3859108165375077,0.2791735598594181,0.035329230506743914,-0.0014094872461249228,-0.0014271518613782948
2019-02-07,0.3373351852384566,0.3373351852384566,0.31723113780545853,0.03805757794604042,-0.004225762167794905,-0.004244790956767925
2019-02-08,0.27404425677092936,0.27404425677092936,0.3859108165375077,0.06867967873204917,-0.0012404408519090006,-0.0012747806912750252
2019-02-11,0.22665629543433394,0.22665629543433394,0.3373351852384566,0.04857563129905107,-0.0003263789983102674,-0.0003506668139597929
2019-02-12,0.2884371826606237,0.2884371826606237,0.27404425677092936,0.06329092846752726,0.003184551288149833,0.003152905823916069
2019-02-13,0.3104932802703516,0.3104932802703516,0.22665629543433394,0.047387961336595424,3.61556233487652e-05,1.2461642680467487e-05
2019-02-14,0.3287199971422148,0.3287199971422148,0.2884371826606237,0.061780887226289743,9.200682323034083e-05,6.111637961719597e-05
2019-02-15,0.5524799980948099,0.5524799980948099,0.3104932802703516,0.02205609760972793,0.004505630685094751,0.0044946026362898866
2019-02-19,0.7016533320632066,0.7016533320632066,0.3287199971422148,0.01822671687186317,0.0012400812189248605,0.001230967860488929
2019-02-20,0.801102221375471,0.801102221375471,0.5524799980948099,0.22376000095259507,0.0015572794583330635,0.001445399457856766
2019-02-21,0.8222381589364025,0.8222381589364025,0.7016533320632066,0.14917333396839672,-0.001424399039606282,-0.0014989857065904803
2019-02-22,0.8814921059576017,0.8814921059576017,0.801102221375471,0.09944888931226448,0.002632417306034894,0.0025826928613787614
2019-02-25,0.920994737305068,0.920994737305068,0.8222381589364025,0.02113593756093146,0.0024363436321332347,0.0024257756633527692
2019-02-26,0.9473298248700455,0.9473298248700455,0.8814921059576017,0.05925394702119924,0.004249317840883161,0.004219690867372561
2019-02-27,0.8300325875131922,0.8300325875131922,0.920994737305068,0.03950263134746623,-0.0037056513037250762,-0.003725402619398809
2019-02-28,0.724971162663812,0.724971162663812,0.9473298248700455,0.02633508756497749,-0.0013247503059959,-0.0013379178497783888
2019-03-01,0.8166474417758747,0.8166474417758747,0.8300325875131922,0.11729723735685327,0.0045201961337862934,0.004461547515107867
2019-03-04,0.688614406407306,0.688614406407306,0.724971162663812,0.10506142484938019,-0.0026927581832986744,-0.0027452888957233646
2019-03-05,0.6446959437944018,0.6446959437944018,0.8166474417758747,0.09167627911206266,0.0007612208228304734,0.0007153826832744421
2019-03-06,0.5494842521350413,0.5494842521350413,0.688614406407306,0.1280330353685687,-0.0017098917123045871,-0.0017739082299888715
2019-03-07,0.4360300110391275,0.4360300110391275,0.6446959437944018,0.04391846261290422,-0.00822405215106981,-0.008246011382376262
2019-03-08,0.3574656713379186,0.3574656713379186,0.5494842521350413,0.0952116916593605,8.657494508773081e-05,3.896909925805056e-05
2019-03-11,0.40064385978362677,0.40064385978362677,0.4360300110391275,0.11345424109591379,0.0037784017065286197,0.0037216745859806628
2019-03-12,0.41692180743654617,0.41692180743654617,0.3574656713379186,0.07856433970120885,-0.00022334062735203213,-0.00026262279720263654
2019-03-13,0.5794188061988714,0.5794188061988714,0.40064385978362677,0.04317818844570814,0.003444090182090783,0.0034225010878679287
2019-03-14,0.685422242935606,0.685422242935606,0.41692180743654617,0.0162779476529194,-6.466150751409552e-05,-7.280048134055523e-05
2019-03-15,0.790281495290404,0.790281495290404,0.5794188061988714,0.16249699876232526,0.00628639615697761,0.006205147657596447
2019-03-18,0.8601876635269361,0.8601876635269361,0.685422242935606,0.10600343673673462,0.0024171612123429767,0.0023641594939746093
2019-03-19,0.9067917756846242,0.9067917756846242,0.790281495290404,0.10485925235479798,0.0015697575725118847,0.0015173279463344858
2019-03-20,0.9378611837897495,0.9378611837897495,0.8601876635269361,0.06990616823653206,0.00039350424900464544,0.00035855116488637943
2019-03-21,0.938516422930544,0.938516422930544,0.9067917756846242,0.046604112157688116,-0.0005528897723589297,-0.0005761918284377738
2019-03-22,0.7599462066099032,0.7599462066099032,0.9378611837897495,0.031069408105125262,-0.018022098861246283,-0.018037633565298847
2019-03-25,0.6513774061629078,0.6513774061629078,0.938516422930544,0.0006552391407945724,0.0013135161207705936,0.0013131885012001964
2019-03-26,0.6159261297068451,0.6159261297068451,0.7599462066099032,0.17857021632064085,0.0037760915416021187,0.0036868064334417984
2019-03-27,0.5891889998878389,0.5891889998878389,0.6513774061629078,0.10856880044699535,0.0003019408280311959,0.00024765642780769824
2019-03-28,0.5526593819587182,0.5526593819587182,0.6159261297068451,0.03545127645606272,-0.0015220324292146356,-0.001539758067442667
2019-03-29,0.5479945279662507,0.5479945279662507,0.5891889998878389,0.026737129819006222,0.0024629724223895174,0.0024496038574800144
2019-04-01,0.6986630186441671,0.6986630186441671,0.5526593819587182,0.036529617929120684,0.007072263383287978,0.0070539985743234175
2019-04-02,0.7991086790961115,0.7991086790961115,0.5479945279662507,0.004664853992467521,0.00016681843610579053,0.00016448600910955676
2019-04-03,0.8660724527307411,0.8660724527307411,0.6986630186441671,0.15066849067791643,0.005422666555462468,0.00534733231012351
2019-04-04,0.8759653538840004,0.8759653538840004,0.7991086790961115,0.10044566045194436,-0.001689491627634372,-0.001739714457860344
2019-04-05,0.917310235922667,0.917310235922667,0.8660724527307411,0.06696377363462958,0.002228083007365873,0.0021946011205485586
2019-04-08,0.9448734906151115,0.9448734906151115,0.8759653538840004,0.00989290115325936,0.0005289980784754158,0.0005240516278987861
2019-04-09,0.8222159188563298,0.8222159188563298,0.917310235922667,0.0413448820386666,-0.005811976760320736,-0.005832649201340069
2019-04-10,0.8108481686121858,0.8108481686121858,0.9448734906151115,0.027563254692444472,0.003586228470319577,0.0035724468429733547
2019-04-11,0.7558756512608671,0.7558756512608671,0.8222159188563298,0.12265757175878167,-0.0017409743654375734,-0.0018023031513169643
2019-04-12,0.8372504341739115,0.8372504341739115,0.8108481686121858,0.011367750244144048,0.005653142474953894,0.0056474585998318215
2019-04-15,0.8915002894492745,0.8915002894492745,0.7558756512608671,0.054972517351318695,0.00034120050617698585,0.0003137142475013265
2019-04-16,0.9276668596328497,0.9276668596328497,0.8372504341739115,0.08137478291304445,0.0006297044814576487,0.0005890170900011265
2019-04-17,0.9517779064218999,0.9517779064218999,0.8915002894492745,0.05424985527536297,0.002546586815674902,0.0025194618880372208
2019-04-18,0.936824953947825,0.936824953947825,0.9276668596328497,0.036166570183575164,-0.0005564242654685699,-0.0005745075505603574
2019-04-22,0.851405641119206,0.851405641119206,0.9517779064218999,0.024111046789050183,-0.0015703327260103335,-0.0015823882494048586
2019-04-23,0.8848547142132009,0.8848547142132009,0.936824953947825,0.01495295247407491,0.0018297408455146384,0.001822264369277601
2019-04-24,0.701072540146594,0.701072540146594,0.851405641119206,0.08541931282861892,-0.005872648851957783,-0.005915358508372093
2019-04-25,0.5586313680353739,0.5586313680353739,0.8848547142132009,0.03344907309399492,-0.0006680477549038691,-0.0006847722914508665
2019-04-26,0.5543349903063761,0.5543349903063761,0.701072540146594,0.1837821740666069,0.002860164389854892,0.0027682733028215885
2019-04-29,0.7028899935375841,0.7028899935375841,0.5586313680353739,0.1424411721112201,0.0022699886299733466,0.0021987680439177365
2019-04-30,0.8019266623583894,0.8019266623583894,0.5543349903063761,0.0042963777289978244,0.00033232673014131305,0.00033017854127681415
2019-05-01,0.676932792535911,0.676932792535911,0.7028899935375841,0.14855500323120796,-0.004000947187077258,-0.004075224688692862
2019-05-02,0.5610329997616713,0.5610329997616713,0.8019266623583894,0.09903666882080531,-0.001208083311309115,-0.0012576016457195177
2019-05-03,0.7073553331744475,0.7073553331744475,0.676932792535911,0.1249938698224784,0.0072514178540494,0.007188920919138161
2019-05-06,0.6259229727311475,0.6259229727311475,0.5610329997616713,0.11589979277423967,-0.006364946654652033,-0.006422896551039153
2019-05-07,0.4665011879754005,0.4665011879754005,0.7073553331744475,0.14632233341277623,-0.012389127416182508,-0.012462288582888897
2019-05-08,0.3413079865645179,0.3413079865645179,0.6259229727311475,0.08143236044330004,0.0007696108018606751,0.0007288946216390251
2019-05-09,0.2315545615804547,0.2315545615804547,0.4665011879754005,0.15942178475574698,-0.002148191007429063,-0.0022279018998069364
2019-05-10,0.20271498684299594,0.20271498684299594,0.3413079865645179,0.12519320141088264,0.0025262954672746456,0.0024636988665692043
2019-05-13,-0.09201580189581193,-0.09201580189581193,0.2315545615804547,0.10975342498406318,-0.005387445693576697,-0.005442322406068728
2019-05-14,-0.16834378442015674,-0.16834378442015674,0.20271498684299594,0.028839574737458767,0.002033180145867624,0.0020187603584988943
2019-05-15,-0.18458525981476892,-0.18458525981476892,-0.09201580189581193,0.29473078873880787,-0.0003283663360125216,-0.00047573173038192553
2019-05-16,-0.12321097928805194,-0.12321097928805194,-0.16834378442015674,0.0763279825243448,-0.0013533916281902253,-0.0013915556194523976
2019-05-17,-0.13985218743708322,-0.13985218743708322,-0.18458525981476892,0.01624147539461218,0.0012173432326422276,0.0012092224949449215
2019-05-20,-0.18730080886625552,-0.18730080886625552,-0.12321097928805194,0.06137428052671698,0.0004945952595087983,0.00046390811924543977
2019-05-21,-0.15559121963061986,-0.15559121963061986,-0.13985218743708322,0.016641208149031278,-0.0009322033403127777,-0.0009405239443872933
2019-05-22,-0.16751668155218216,-0.16751668155218216,-0.18730080886625552,0.047448621429172305,0.0007498835239419587,0.0007261592132273726
2019-05-23,-0.27216780141963126,-0.27216780141963126,-0.15559121963061986,0.03170958923563566,0.00141927845209351,0.0014034236574756922
2019-05-24,-0.233634459760761,-0.233634459760761,-0.16751668155218216,0.011925461921562297,-0.0018034920889996523,-0.0018094548199604336
2019-05-28,-0.2745604871852959,-0.2745604871852959,-0.27216780141963126,0.1046511198674491,0.002646891748940027,0.0025945661890063023
2019-05-29,-0.39442822228050833,-0.39442822228050833,-0.233634459760761,0.03853334165887026,0.0014932315013948601,0.001473964830565425
2019-05-30,-0.4075035772337638,-0.4075035772337638,-0.2745604871852959,0.04092602742453491,-0.0010338376249772506,-0.0010543006386895181
2019-05-31,-0.6050023848225092,-0.6050023848225092,-0.39442822228050833,0.11986773509521242,0.0035757249796217103,0.0035157911120741042
2019-06-03,-0.5889309885051945,-0.5889309885051945,-0.4075035772337638,0.013075354953255458,-0.0023782931521752803,-0.002384830829651908
2019-06-04,-0.4579094713283348,-0.4579094713283348,-0.6050023848225092,0.19749880758874544,-0.006925693431940233,-0.007024442835734605
2019-06-05,-0.3705047416165984,-0.3705047416165984,-0.5889309885051945,0.01607139631731469,0.0001826752419067116,0.00017463954374805427
2019-06-06,-0.2848208731514498,-0.2848208731514498,-0.4579094713283348,0.13102151717685973,-0.0018464138207556439,-0.0019119245793440738
2019-06-07,-0.15584849678183044,-0.15584849678183044,-0.3705047416165984,0.0874047297117364,-0.0046928366194713385,-0.004736538984327207
2019-06-10,-0.05702027345633098,-0.05702027345633098,-0.2848208731514498,0.08568386846514858,-0.00078200907315539,-0.0008248510073879643
2019-06-11,0.031494910349876865,0.031494910349876865,-0.15584849678183044,0.1289723763696194,-0.000782335897831805,-0.0008468220860166147
2019-06-12,0.04723017060427122,0.04723017060427122,-0.05702027345633098,0.09882822332549945,0.00042288451127124225,0.00037347039960849255
2019-06-13,0.06227972392480362,0.06227972392480362,0.031494910349876865,0.08851518380620785,2.88155284484822e-05,-1.5442063454621724e-05
2019-06-14,0.040966881184700356,0.040966881184700356,0.04723017060427122,0.015735260254394354,-0.000345377637881645,-0.00035324526800884214
2019-06-17,0.029238837457162672,0.029238837457162672,0.06227972392480362,0.0150495533205324,4.492235024831232e-05,3.739757358804612e-05
2019-06-18,0.09370791869010692,0.09370791869010692,0.040966881184700356,0.021312842740103262,0.00054553132998272,0.0005348749086126684
2019-06-19,0.20664783652863478,0.20664783652863478,0.029238837457162672,0.011728043727537683,0.00018082761095310573,0.0001749635890893369
2019-06-20,0.4710985576857565,0.4710985576857565,0.09370791869010692,0.06446908123294424,0.0008207082544859937,0.0007884737138695215
2019-06-21,0.5177224029318829,0.5177224029318829,0.20664783652863478,0.11293991783852786,-0.0008813339719077032,-0.0009378039308269671
2019-06-24,0.6049113419529315,0.6049113419529315,0.4710985576857565,0.2644507211571217,0.0010089663811019504,0.0008767410205233895
2019-06-25,0.5425493825310044,0.5425493825310044,0.5177224029318829,0.046623845246126394,-0.003082159684937673,-0.0031054716075607364
2019-06-26,0.5104218812830494,0.5104218812830494,0.6049113419529315,0.08718893902104863,0.0007430983799891728,0.0006995039104786485
2019-06-27,0.5369860158511808,0.5369860158511808,0.5425493825310044,0.06236195942192713,0.0013315012271559517,0.001300320247444988
2019-06-28,0.6913240105674539,0.6913240105674539,0.5104218812830494,0.03212750124795494,0.0028894357364085224,0.0028733719857845447
2019-07-01,0.7942160070449693,0.7942160070449693,0.5369860158511808,0.026564134568131337,0.002532492828881637,0.002519210761597571
2019-07-02,0.862810671363313,0.862810671363313,0.6913240105674539,0.15433799471627307,0.0019890822920785,0.0019119132947203635
2019-07-03,0.9085404475755421,0.9085404475755421,0.7942160070449693,0.10289199647751546,0.00539619708522124,0.005344751086982482
2019-07-05,0.723620519456449,0.723620519456449,0.862810671363313,0.06859466431834371,-0.006599181526682383,-0.006633478858841554
2019-07-08,0.5456859461641375,0.5456859461641375,0.9085404475755421,0.04572977621222907,-0.0052174602289209735,-0.005240325117027088
2019-07-09,0.40696708561230865,0.40696708561230865,0.723620519456449,0.18491992811909308,-0.0030797099198594594,-0.003172169883919006
2019-07-10,0.32541419707924224,0.32541419707924224,0.5456859461641375,0.17793457329231155,0.0019158127294662004,0.0018268454428200446
2019-07-11,0.2695525379482018,0.2695525379482018,0.40696708561230865,0.1387188605518288,-0.00012373257404125134,-0.00019309200431716573
2019-07-12,0.23936171685810734,0.23936171685810734,0.32541419707924224,0.08155288853306641,0.00039605633612564917,0.000355279891859116
2019-07-15,0.21638125153104187,0.21638125153104187,0.2695525379482018,0.055861659131040464,0.0002458095197312504,0.00021787869016573014
2019-07-16,0.17517846281066715,0.17517846281066715,0.23936171685810734,0.03019082109009444,-0.0009812794187373996,-0.000996374829282447
2019-07-17,0.13926278058645888,0.13926278058645888,0.21638125153104187,0.022980465327065464,-0.0002969534016646694,-0.0003084436343282021
2019-07-18,0.11090323751674316,0.11090323751674316,0.17517846281066715,0.04120278872037472,0.0005349078979935902,0.0005143065036334029
2019-07-19,0.07776606033029333,0.07776606033029333,0.13926278058645888,0.03591568222420827,-0.00040272168033915283,-0.000420679521451257
2019-07-22,0.05327356085209609,0.05327356085209609,0.11090323751674316,0.02835954306971572,0.00011850070131798805,0.00010432092978313019
2019-07-23,0.05080533839787539,0.05080533839787539,0.07776606033029333,0.03313717718644983,0.00048618899819879606,0.00046962040960557116
2019-07-24,0.04812248216715883,0.04812248216715883,0.05327356085209609,0.02449249947819724,4.035819059553872e-05,2.8111940856440102e-05
2019-07-25,0.04919117032310408,0.04919117032310408,0.05080533839787539,0.002468222454220702,-0.0005154364355625452,-0.0005166705467896555
2019-07-26,0.056189787367348316,0.056189787367348316,0.04812248216715883,0.0026828562307165613,9.569472312703839e-05,9.43532950116801e-05
2019-07-29,0.0697754499403434,0.0697754499403434,0.04919117032310408,0.001068688155945248,0.00010515220656865827,0.00010461786249068565
2019-07-30,0.06329931117632129,0.06329931117632129,0.056189787367348316,0.006998617044244239,-0.0006505871613398552,-0.0006540864698619774
2019-07-31,0.04625475725584881,0.04625475725584881,0.0697754499403434,0.013585662572995087,-0.00046244929720861794,-0.00046924212849511546
2019-08-01,0.028776657838746493,0.028776657838746493,0.06329931117632129,0.006476138764022116,-0.00017678465548252067,-0.00018002272486453174
2019-08-02,-0.008538297721331155,-0.008538297721331155,0.04625475725584881,0.01704455392047248,-0.0004102186284323734,-0.00041874090539260965
2019-08-05,-0.3219810106177877,-0.3219810106177877,0.028776657838746493,0.017478099417102315,-0.0007182887861066873,-0.0007270278358152385
2019-08-06,-0.4182446350885051,-0.4182446350885051,-0.008538297721331155,0.03731495556007765,-5.77377490964124e-05,-7.639522687645122e-05
2019-08-07,-0.44891223110959644,-0.44891223110959644,-0.3219810106177877,0.3134427128964566,-0.001235802340896792,-0.0013925236973450202
2019-08-08,-0.3933932251378114,-0.3933932251378114,-0.4182446350885051,0.0962636244707174,-0.00406452317563275,-0.004112654987868109
2019-08-09,-0.41236660527096736,-0.41236660527096736,-0.44891223110959644,0.030667596021091315,0.0031165106675148276,0.0031011768695042817
2019-08-12,-0.5125065599482895,-0.5125065599482895,-0.3933932251378114,0.05551900597178505,0.0031251549853865274,0.003097395482400635
2019-08-13,-0.4819926369270234,-0.4819926369270234,-0.41236660527096736,0.01897338013315597,-0.003896517726968635,-0.003906004417035213
2019-08-14,-0.654661757951349,-0.654661757951349,-0.5125065599482895,0.10013995467732217,0.014066852482225356,0.014016782504886695
2019-08-15,-0.7267620863364551,-0.7267620863364551,-0.4819926369270234,0.030513923021266154,-0.0016511827785412314,-0.0016664397400518644
2019-08-16,-0.659556303770282,-0.659556303770282,-0.654661757951349,0.17266912102432558,-0.007875893271896684,-0.007962227832408847
2019-08-19,-0.5560706806244679,-0.5560706806244679,-0.7267620863364551,0.07210032838510616,-0.004436545924854088,-0.004472596089046641
2019-08-20,-0.5115565327209258,-0.5115565327209258,-0.659556303770282,0.06720578256617316,0.002211636587350892,0.0021780336960678056
2019-08-21,-0.43498124507290514,-0.43498124507290514,-0.5560706806244679,0.10348562314581411,-0.003919774546151884,-0.0039715173577247916
2019-08-22,-0.3937385460100544,-0.3937385460100544,-0.5115565327209258,0.04451414790354202,0.0009765163845199163,0.0009542593105681453
2019-08-23,-0.46688044549140245,-0.46688044549140245,-0.43498124507290514,0.07657528764802068,0.00540784711300553,0.0053695594691815195
2019-08-26,-0.44737399754269497,-0.44737399754269497,-0.3937385460100544,0.04124269906285072,-0.003240907937124828,-0.0032615292866562534
2019-08-27,-0.43756672278314346,-0.43756672278314346,-0.46688044549140245,0.07314189948134803,0.00037369196258024007,0.00033712101283956607
2019-08-28,-0.37443029755432683,-0.37443029755432683,-0.44737399754269497,0.019506447948707484,-0.0,-9.753223974353742e-06
2019-08-29,-0.2944732647237354,-0.2944732647237354,-0.43756672278314346,0.00980727475955151,-0.003785485627131106,-0.003790389264510882
2019-08-30,-0.22021323691915798,-0.22021323691915798,-0.37443029755432683,0.06313642522881663,-0.001486755334696397,-0.0015183235473108054
2019-09-03,-0.17593710331750448,-0.17593710331750448,-0.2944732647237354,0.07995703283059141,0.0005590546517828268,0.0005190761353675311
2019-09-04,-0.11540867226448816,-0.11540867226448816,-0.22021323691915798,0.07426002780457744,-0.0031065369474604205,-0.0031436669613627093
2019-09-05,-0.06146441972587792,-0.06146441972587792,-0.17593710331750448,0.0442761336016535,-0.0009349450168946656,-0.0009570830836954924
2019-09-06,-0.017104244114450357,-0.017104244114450357,-0.11540867226448816,0.06052843105301632,-0.00037679721491683244,-0.0004070614304433406
2019-09-09,-0.0025390385919435345,-0.0025390385919435345,-0.06146441972587792,0.05394425253861024,-0.00018097511370650297,-0.0002079472399758081
2019-09-10,0.008063766972343043,0.008063766972343043,-0.017104244114450357,0.04436017561142756,-2.907101639036938e-05,-5.125110419608316e-05
2019-09-11,0.019287961468306455,0.019287961468306455,-0.0025390385919435345,0.014565205522506822,-1.4099112041222205e-05,-2.1381714802475617e-05
2019-09-12,0.03700494093444541,0.03700494093444541,0.008063766972343043,0.010602805564286577,4.7004964642662514e-05,4.170356186051923e-05
2019-09-13,0.07098408424324418,0.07098408424324418,0.019287961468306455,0.011224194495963413,0.00010884263030755703,0.00010323053305957532
2019-09-16,0.0977139416745417,0.0977139416745417,0.03700494093444541,0.017716979466138955,-0.0003311162769973135,-0.00033997476673038295
2019-09-17,0.12565342162253734,0.12565342162253734,0.07098408424324418,0.03397914330879877,0.00023897848417891713,0.00022198891252451776
2019-09-18,0.11110863099288085,0.11110863099288085,0.0977139416745417,0.02672985743129752,-0.00011921909006289529,-0.00013258401877854406
2019-09-19,0.11281444682003446,0.11281444682003446,0.12565342162253734,0.027939479947995643,0.00042211756260651277,0.00040814782263251493
2019-09-20,0.1088800619561766,0.1088800619561766,0.11110863099288085,0.014544790629656495,-0.00025364755643310263,-0.0002609199517479309
2019-09-23,0.10064638825105635,0.10064638825105635,0.11281444682003446,0.001705815827153609,-0.00029254094891608393,-0.00029339385682966074
2019-09-24,0.08957148891711905,0.08957148891711905,0.1088800619561766,0.003934384863857859,-0.00041624982664399923,-0.00041821701907592814
2019-09-25,0.07330796679367076,0.07330796679367076,0.10064638825105635,0.00823367370512025,-0.00029358141549124016,-0.0002976982523438003
2019-09-26,0.06464060110823713,0.06464060110823713,0.08957148891711905,0.011074899333937294,0.0003309835283730778,0.00032544607870610914
2019-09-27,0.055310516054432775,0.055310516054432775,0.07330796679367076,0.016263522123448296,-0.00024739208031387445,-0.0002555238413755986
2019-09-30,0.047988778213085066,0.047988778213085066,0.06464060110823713,0.008667365685433623,0.00023879497651726323,0.00023446129367454642
2019-10-01,0.04029403537148393,0.04029403537148393,0.055310516054432775,0.009330085053804359,-0.0005428554822415206,-0.0005475205247684227
2019-10-02,0.010392553518479487,0.010392553518479487,0.047988778213085066,0.0073217378413477086,-0.000981032671446757,-0.000984693540367431
2019-10-03,0.009016084292200492,0.009016084292200492,0.04029403537148393,0.0076947428416011335,0.0002675686562276552,0.00026372128480685466
2019-10-04,0.03780481357606668,0.03780481357606668,0.010392553518479487,0.029901481853004445,8.161290462694608e-05,6.666216370044386e-05
2019-10-07,0.052013597811033915,0.052013597811033915,0.009016084292200492,0.0013764692262789955,-1.1240363713241837e-05,-1.1928598326381335e-05
2019-10-08,0.026673695630410874,0.026673695630410874,0.03780481357606668,0.028788729283866187,-0.00035392191004165313,-0.00036831627468358625
2019-10-09,0.03875424087482145,0.03875424087482145,0.052013597811033915,0.014208784234967235,0.00037685366764757765,0.000369749275530094
2019-10-10,0.08087660724176199,0.08087660724176199,0.026673695630410874,0.025339902180623042,0.00018769430811015764,0.0001750243570198461
2019-10-11,0.26937451930583123,0.26937451930583123,0.03875424087482145,0.012080545244410573,0.0006920411237889719,0.0006860008511667666
2019-10-14,0.3483113793031052,0.3483113793031052,0.08087660724176199,0.04212236636694054,-0.000333127093149552,-0.0003541882763330223
2019-10-15,0.5655409195354035,0.5655409195354035,0.26937451930583123,0.18849791206406924,0.0031360646865093156,0.003041815730477281
2019-10-16,0.7103606130236024,0.7103606130236024,0.3483113793031052,0.07893685999727396,0.0005274612131351303,0.00048799278313649334
2019-10-17,0.8069070753490684,0.8069070753490684,0.5655409195354035,0.21722954023229835,0.0013680801518541398,0.0012594653817379906
2019-10-18,0.8584324482070518,0.8584324482070518,0.7103606130236024,0.1448196934881989,-0.00032137694162606657,-0.00039378678837016605
2019-10-21,0.9056216321380346,0.9056216321380346,0.8069070753490684,0.09654646232546593,0.004383395462149288,0.004335122230986555
2019-10-22,0.8632583303494724,0.8632583303494724,0.8584324482070518,0.05152537285798342,-0.002061452994589921,-0.0020872156810189126
2019-10-23,0.9088388868996484,0.9088388868996484,0.9056216321380346,0.047189183930982814,0.0049048444881331634,0.004881249896167672
2019-10-24,0.9392259245997656,0.9392259245997656,0.8632583303494724,0.04236330178856218,0.0015500529421624695,0.0015288712912681884
2019-10-25,0.9594839497331771,0.9594839497331771,0.9088388868996484,0.04558055655017601,0.0009502122866863609,0.0009274220084112729
2019-10-28,0.9729892998221181,0.9729892998221181,0.9392259245997656,0.030387037700117192,0.004204195404864623,0.004189001886014564
2019-10-29,0.9453733173927368,0.9453733173927368,0.9594839497331771,0.02025802513341146,-0.0002849377112462025,-0.00029506672381290823
2019-10-30,0.963582211595158,0.963582211595158,0.9729892998221181,0.013505350088941048,0.004048037850010319,0.004041285174965849
2019-10-31,0.8160688503284499,0.8160688503284499,0.9453733173927368,0.027615982429381347,-0.0022383863414892663,-0.002252194332703957
2019-11-01,0.8773792335523001,0.8773792335523001,0.963582211595158,0.018208894202421222,0.008575461656209989,0.008566357209108777
2019-11-04,0.9182528223682,0.9182528223682,0.8160688503284499,0.1475133612667081,0.004199211883259553,0.004125455202626199
2019-11-05,0.8501682645680924,0.8501682645680924,0.8773792335523001,0.061310383223850184,-0.0016682898732940114,-0.0016989450649059364
2019-11-06,0.7875428548099106,0.7875428548099106,0.9182528223682,0.040873588815899975,-0.0004038091606802122,-0.00042424595508816216
2019-11-07,0.8583619032066072,0.8583619032066072,0.8501682645680924,0.06808455780010769,0.0026175292468992323,0.0025834869679991785
2019-11-08,0.8789091151856739,0.8789091151856739,0.7875428548099106,0.06262540975818176,-0.00046050240777159243,-0.0004918151126506833
2019-11-11,0.8439122451201369,0.8439122451201369,0.8583619032066072,0.07081904839669662,-0.0011296847016540638,-0.001165094225852412
2019-11-12,0.8357626703471627,0.8357626703471627,0.8789091151856739,0.020547211979066726,0.0003861641466676424,0.00037589054067810904
2019-11-13,0.7382740464664257,0.7382740464664257,0.8439122451201369,0.03499687006553709,-0.002964419525263359,-0.0029819179602961275
2019-11-14,0.6258448406135753,0.6258448406135753,0.8357626703471627,0.008149574772974177,-0.0023326640237897097,-0.0023367388111761966
2019-11-15,0.6810088646531811,0.6810088646531811,0.7382740464664257,0.09748862388073698,0.004676103558241346,0.004627359246300978
2019-11-18,0.7681261679684219,0.7681261679684219,0.6258448406135753,0.11242920585285043,0.0007328898229979479,0.0006766752200715227
2019-11-19,0.7527423521052174,0.7527423521052174,0.6810088646531811,0.05516402403960585,-0.0008961492219453618,-0.0009237312339651647
2019-11-20,0.6128622358269474,0.6128622358269474,0.7681261679684219,0.08711730331524081,-0.004835268531602133,-0.004878827183259753
2019-11-21,0.47891096441542946,0.47891096441542946,0.7527423521052174,0.015383815863204475,-0.0009979767158845897,-0.001005668623816192
2019-11-22,0.44076984174512396,0.44076984174512396,0.6128622358269474,0.13988011627827002,0.0017176838118580005,0.0016477437537188654
2019-11-25,0.6271798944967493,0.6271798944967493,0.47891096441542946,0.13395127141151797,0.003804299292354717,0.003737323656648958
2019-11-26,0.7295620894750618,0.7295620894750618,0.44076984174512396,0.038141122670305505,-0.0002572058007395779,-0.00027627636207473065
2019-11-27,0.8197080596500412,0.8197080596500412,0.6271798944967493,0.1864100527516253,0.0016483577259941255,0.001555152699618313
2019-11-29,0.7219448064079067,0.7219448064079067,0.7295620894750618,0.10238219497831258,-0.005100448629616352,-0.005151639727105508
2019-12-02,0.5857011634076831,0.5857011634076831,0.8197080596500412,0.09014597017497938,-0.004207814418074006,-0.004252887403161496
2019-12-03,0.46632169305092314,0.46632169305092314,0.7219448064079067,0.09776325324213453,-0.0026609193267398937,-0.002709800953360961
2019-12-04,0.5108544298647038,0.5108544298647038,0.5857011634076831,0.13624364300022362,0.0053734096413733225,0.005305287819873211
2019-12-05,0.5047720441085534,0.5047720441085534,0.46632169305092314,0.11937947035675994,-0.0008888961324960226,-0.0009485858676744026
2019-12-06,0.6698480294057023,0.6698480294057023,0.5108544298647038,0.044532736813780616,0.004653180398531896,0.004630914030125006
2019-12-09,0.6796607919308035,0.6796607919308035,0.5047720441085534,0.006082385756150388,-0.0026456945456519777,-0.002648735738530053
2019-12-10,0.6857677754708443,0.6857677754708443,0.6698480294057023,0.16507598529714895,0.0002940912787226954,0.0002115532860741209
2019-12-11,0.7905118503138963,0.7905118503138963,0.6796607919308035,0.009812762525101215,0.003579408888302814,0.0035745025070402637
2019-12-12,0.8603412335425975,0.8603412335425975,0.6857677754708443,0.0061069835400408,0.0045904011156893045,0.004587347623919284
2019-12-13,0.9068941556950652,0.9068941556950652,0.7905118503138963,0.10474407484305193,0.005484960264752787,0.005432588227331261
2019-12-16,0.9379294371300435,0.9379294371300435,0.8603412335425975,0.06982938322870125,0.00919215882176094,0.009157244130146588
2019-12-17,0.8675714187942043,0.8675714187942043,0.9068941556950652,0.046552922152467646,-0.005210089676552235,-0.005233366137628468
2019-12-18,0.8012784952979709,0.8012784952979709,0.9379294371300435,0.031035281434978357,-0.001219907431679805,-0.0012354250723972942
2019-12-19,0.7549668575526449,0.7549668575526449,0.8675714187942043,0.07035801833583921,0.0,-3.517900916791961e-05
2019-12-20,0.7243100663864633,0.7243100663864633,0.8012784952979709,0.06629292349623339,0.0005796022375255387,0.000546455775777422
2019-12-23,0.71438730813171,0.71438730813171,0.7549668575526449,0.046311637745325984,0.0012004263573573485,0.0011772705384846855
2019-12-24,0.6935703355300189,0.6935703355300189,0.7243100663864633,0.030656791166181585,-0.0007314556653086886,-0.0007467840608917794
2019-12-26,0.7621198896618726,0.7621198896618726,0.71438730813171,0.009922758254753306,0.0030958919643484374,0.003090930585221061
2019-12-27,0.8414132597745818,0.8414132597745818,0.6935703355300189,0.02081697260169113,0.0011972040557101243,0.0011867955694092789
2019-12-30,0.7738939882178192,0.7738939882178192,0.7621198896618726,0.06854955413185371,-0.005690623575585735,-0.005724898352651662
2019-12-31,0.7758768900122524,0.7758768900122524,0.8414132597745818,0.0792933701127092,0.003895354956435306,0.0038557082713789517
2020-01-02,0.8505845933415017,0.8505845933415017,0.7738939882178192,0.06751927155676263,0.007801297674971265,0.007767538039192883
2020-01-03,0.7520104297972848,0.7520104297972848,0.7758768900122524,0.0019829017944331673,-0.009623815449348242,-0.009624806900245458
2020-01-06,0.7194283040738436,0.7194283040738436,0.8505845933415017,0.07470770332924936,0.003315434267269718,0.0032780804156050934
2020-01-07,0.6554176088398276,0.6554176088398276,0.7520104297972848,0.09857416354421689,-0.0020546064710552487,-0.002103893552827357
2020-01-08,0.6527112388253643,0.6527112388253643,0.7194283040738436,0.03258212572344121,0.0020746923519876772,0.0020584012891259568
2020-01-09,0.6668388312544583,0.6668388312544583,0.6554176088398276,0.06401069523401604,0.0015078263859643665,0.0014758210383473585
2020-01-10,0.6301237596497159,0.6301237596497159,0.6527112388253643,0.0027063700144632774,-0.0024345701822743445,-0.0024359233672815762
2020-01-13,0.6724755770289086,0.6724755770289086,0.6668388312544583,0.014127592429094005,0.003456754758342685,0.003449690962128138
2020-01-14,0.7109158390089618,0.7109158390089618,0.6301237596497159,0.03671507160474241,0.0006316838488904663,0.0006133263130880951
2020-01-15,0.7323411387056382,0.7323411387056382,0.6724755770289086,0.04235181737919269,0.0,-2.1175908689596346e-05
2020-01-16,0.8215607591370921,0.8215607591370921,0.7109158390089618,0.038440261980053236,0.002950507676267671,0.0029312875452776445
2020-01-17,0.8810405060913948,0.8810405060913948,0.7323411387056382,0.021425299696676392,0.002191598625373408,0.0021808859755250696
2020-01-21,0.7180593346687247,0.7180593346687247,0.8215607591370921,0.08921962043145393,-0.0065370205694763655,-0.006581630379692093
2020-01-22,0.6352193259472736,0.6352193259472736,0.8810405060913948,0.05947974695430269,0.0017666587429423083,0.001736918869465157
2020-01-23,0.5340199164929462,0.5340199164929462,0.7180593346687247,0.1629811714226701,-0.0017448763352026395,-0.0018263669209139747
2020-01-24,0.4265056744679431,0.4265056744679431,0.6352193259472736,0.08284000872145114,-0.002730451534084363,-0.002771871538445089
2020-01-27,0.2348694557806289,0.2348694557806289,0.5340199164929462,0.10119940945432737,-0.011066226770846302,-0.011116826475573466
2020-01-28,0.1779408243118374,0.1779408243118374,0.4265056744679431,0.10751424202500315,0.0040111720485933545,0.003957414927580853
2020-01-29,0.13255703300018806,0.13255703300018806,0.2348694557806289,0.19163621868731417,3.421825459985413e-05,-6.159985474380296e-05
2020-01-30,0.09540267181031928,0.09540267181031928,0.1779408243118374,0.05692863146879151,-0.00015540303774086168,-0.00018386735347525744
2020-01-31,-0.09723871598057378,-0.09723871598057378,0.13255703300018806,0.045383791311649324,-0.002240175937200549,-0.0022628678328563737
2020-02-03,-0.19563849015134593,-0.19563849015134593,0.09540267181031928,0.037154361189868784,0.00022619241105396913,0.00020761523045903475
2020-02-04,-0.10484178643184223,-0.10484178643184223,-0.09723871598057378,0.19264138779089307,-0.0016244814908615904,-0.001720802184757037
2020-02-05,0.0545069121156288,0.0545069121156288,-0.19563849015134593,0.09839977417077216,-0.0018776034615915664,-0.0019268033486769525
2020-02-06,0.19386604227594964,0.19386604227594964,-0.10484178643184223,0.0907967037195037,-0.0002868834491786014,-0.0003322818010383533
2020-02-07,0.18224899548509768,0.18224899548509768,0.0545069121156288,0.15934869854747102,-0.0005167221296547508,-0.0005963964789284863
2020-02-10,0.18444759387857787,0.18444759387857787,0.19386604227594964,0.13935913016032084,0.00039361340322133757,0.00032393383814117717
2020-02-11,0.2533570005079502,0.2533570005079502,0.18224899548509768,0.01161704679085196,0.0012395711088340053,0.0012337625854385794
2020-02-12,0.34470218175054645,0.34470218175054645,0.18444759387857787,0.002198598393480189,0.0006363218466921788,0.0006352225474954387
2020-02-13,0.3237960414263979,0.3237960414263979,0.2533570005079502,0.06890940662937231,-0.0017782768282598427,-0.001812731531574529
2020-02-14,0.2747273133273369,0.2747273133273369,0.34470218175054645,0.09134518124259627,-0.000596815232472163,-0.0006424878230934612
2020-02-18,0.20019116509073617,0.20019116509073617,0.3237960414263979,0.02090614032414856,-0.0020587975730877134,-0.0020692506432497875
2020-02-19,0.15970910153027426,0.15970910153027426,0.2747273133273369,0.04906872809906099,0.0009189563409345607,0.0008944219768850302
2020-02-20,0.1064467966087318,0.1064467966087318,0.20019116509073617,0.07453614823660074,-0.001189703019147512,-0.0012269710932658123
2020-02-21,0.056651929953069474,0.056651929953069474,0.15970910153027426,0.04048206356046191,-0.000745233736985753,-0.000765474768765984
2020-02-24,-0.295565380031287,-0.295565380031287,0.1064467966087318,0.053262304921542464,-0.004257238372764897,-0.0042838695252256686
2020-02-25,-0.530376920020858,-0.530376920020858,0.056651929953069474,0.04979486665566232,-0.0009336817325399432,-0.0009585791658677744
2020-02-26,-0.669619669550406,-0.669619669550406,-0.295565380031287,0.3522173099843565,-0.0003668539865594331,-0.0005429626415516113
2020-02-27,-0.7797464463669374,-0.7797464463669374,-0.530376920020858,0.234811539989571,0.01569840686281169,0.015581001092816906
2020-02-28,-0.8531642975779583,-0.8531642975779583,-0.669619669550406,0.13924274952954796,0.004063403061291406,0.0039937816865266325
2020-03-02,-0.7989879720628082,-0.7989879720628082,-0.7797464463669374,0.11012677681653138,-0.010022395648183519,-0.010077459036591784
2020-03-03,-0.8248033611877609,-0.8248033611877609,-0.8531642975779583,0.07341785121102096,0.0069023306118121954,0.006865621686206685
2020-03-04,-0.6689424582361795,-0.6689424582361795,-0.7989879720628082,0.05417632551515006,-0.02389424304098927,-0.023921331203746846
2020-03-05,-0.7231488481427999,-0.7231488481427999,-0.8248033611877609,0.025815389124952626,0.02190065903721873,0.021887751342656254
2020-03-06,-0.8154325654285333,-0.8154325654285333,-0.6689424582361795,0.1558609029515814,0.010030486159606347,0.009952555708130556
2020-03-09,-0.8769550436190223,-0.8769550436190223,-0.7231488481427999,0.05420638990662041,0.056095170477488625,0.056068067282535314
2020-03-10,-0.7777634016804331,-0.7777634016804331,-0.8154325654285333,0.09228371728573337,-0.030063275870864815,-0.030109417729507683
2020-03-11,-0.8518422677869555,-0.8518422677869555,-0.8769550436190223,0.06152247819048906,0.044694174251322494,0.044663413012227246
2020-03-12,-0.901228178524637,-0.901228178524637,-0.7777634016804331,0.0991916419385892,0.08547760868456206,0.08542801286359276
2020-03-13,-0.7980513176005726,-0.7980513176005726,-0.8518422677869555,0.07407886610652237,-0.051564668899203296,-0.05160170833225656
2020-03-16,-0.8653675450670484,-0.8653675450670484,-0.901228178524637,0.049385910737681504,0.09300137662364852,0.09297668366827967
2020-03-17,-0.8105959681858806,-0.8105959681858806,-0.7980513176005726,0.10317686092406442,-0.03885122136655782,-0.03890280979701985
2020-03-18,-0.8737306454572538,-0.8737306454572538,-0.8653675450670484,0.06731622746647581,0.049563621957396255,0.04952996384366302
2020-03-19,-0.8815315200938622,-0.8815315200938622,-0.8105959681858806,0.05477157688116774,-0.012614086524685639,-0.012641472313126222
2020-03-20,-0.9142133677694019,-0.9142133677694019,-0.8737306454572538,0.06313467727137312,0.010820696714937064,0.010789129376301377
2020-03-23,-0.9428089118462679,-0.9428089118462679,-0.8815315200938622,0.00780087463660839,0.01030472510832095,0.010300824671002646
2020-03-24,-0.8060160805964287,-0.8060160805964287,-0.9142133677694019,0.03268184767553972,-0.07746236382991416,-0.07747870475375193
2020-03-25,-0.6648905308100108,-0.6648905308100108,-0.9428089118462679,0.028595544076866042,-0.030654257977713366,-0.0306685557497518
2020-03-26,-0.5036404754767956,-0.5036404754767956,-0.8060160805964287,0.1367928312498392,-0.03606024860916016,-0.036128645024785085
2020-03-27,-0.43162868908649815,-0.43162868908649815,-0.6648905308100108,0.1411255497864179,0.018941019417845404,0.018870456642952196
2020-03-30,-0.3416963967343427,-0.3416963967343427,-0.5036404754767956,0.16125005533321524,-0.010194840927813718,-0.010275465955480326
2020-03-31,-0.2882685674443722,-0.2882685674443722,-0.43162868908649815,0.07201178639029743,0.0037617500310595316,0.0037257441378643827
2020-04-01,-0.29863188965114734,-0.29863188965114734,-0.3416963967343427,0.08993229235215544,0.015148114894455325,0.015103148748279248
2020-04-02,-0.28103937159060666,-0.28103937159060666,-0.2882685674443722,0.05342782928997053,-0.0056423520779701536,-0.0056690659926151386
2020-04-03,-0.30100578663040317,-0.30100578663040317,-0.29863188965114734,0.01036332220677516,0.006822270327469079,0.006817088666365692
2020-04-06,-0.2557964222786872,-0.2557964222786872,-0.28103937159060666,0.017592518060540685,-0.01490778129349397,-0.01491657755252424
2020-04-07,-0.20576578722454736,-0.20576578722454736,-0.30100578663040317,0.019966415039796515,-0.0016847970140293766,-0.001694780221549275
2020-04-08,-0.1645627474559857,-0.1645627474559857,-0.2557964222786872,0.045209364351715964,-0.002088112151478388,-0.0021107168336542462
2020-04-09,-0.12163901649363129,-0.12163901649363129,-0.20576578722454736,0.05003063505413985,-0.004657535854481158,-0.004682551172008227
2020-04-13,-0.09469897531805811,-0.09469897531805811,-0.1645627474559857,0.041203039768561656,0.0015695143797829294,0.0015489128598986485
2020-04-14,-0.07005899665131915,-0.07005899665131915,-0.12163901649363129,0.04292373096235441,-0.002165823081922632,-0.0021872849474038093
2020-04-15,-0.06858793116270333,-0.06858793116270333,-0.09469897531805811,0.02694004117557318,0.0029582898201321816,0.002944819799544395
2020-04-16,-0.0575228360120827,-0.0575228360120827,-0.07005899665131915,0.024639978666738963,-3.8721094867093074e-05,-5.1041084200462556e-05
2020-04-17,-0.043446566417763476,-0.043446566417763476,-0.06858793116270333,0.001471065488615822,-0.0018189090495778547,-0.0018196445823221625
2020-04-20,-0.036555359598952814,-0.036555359598952814,-0.0575228360120827,0.011065095150620631,0.0008565377239510869,0.0008510051763757766
2020-04-21,-0.028915767641463065,-0.028915767641463065,-0.043446566417763476,0.014076269594319221,0.0008466246992294392,0.0008395865644322796
2020-04-22,-0.02270332249633091,-0.02270332249633091,-0.036555359598952814,0.006891206818810662,-0.0006178526575766968,-0.0006212982609861021
2020-04-23,-0.018821296469426426,-0.018821296469426426,-0.028915767641463065,0.007639591957489748,8.978275315377611e-05,8.596295717503124e-05
2020-04-24,-0.014300305141679985,-0.014300305141679985,-0.02270332249633091,0.006212445145132157,-0.0002620606657329771,-0.00026516688830554317
2020-04-27,-0.010550102989078207,-0.010550102989078207,-0.018821296469426426,0.0038820260269044823,-0.0002488594432620248,-0.000250800456275477
2020-04-28,-0.007487072482319956,-0.007487072482319956,-0.014300305141679985,0.004520991327746441,-0.0001073658824696381,-0.00010962637813351132
2020-04-29,-0.004843908859106948,-0.004843908859106948,-0.010550102989078207,0.003750202152601778,-0.00026394027486357883,-0.00026581537593987973
2020-04-30,-0.00347379152749206,-0.00347379152749206,-0.007487072482319956,0.0030630305067582513,0.00015552147857290168,0.00015398996331952256
2020-05-01,-0.0033260228976659157,-0.0033260228976659157,-0.004843908859106948,0.0026431636232130077,0.00010532078787385593,0.00010399920606224944
2020-05-04,-0.0029494390105398454,-0.0029494390105398454,-0.00347379152749206,0.001370117331614888,1.2555022890263053e-06,5.704436232188613e-07
2020-05-05,-0.002236795246049286,-0.002236795246049286,-0.0033260228976659157,0.0001477686298261443,-6.0120935134598034e-06,-6.085977828372875e-06
2020-05-06,-0.001724732568673558,-0.001724732568673558,-0.0029494390105398454,0.0003765838871260703,1.9158892332859003e-05,1.8970600389295967e-05
2020-05-07,-0.0013272442319335767,-0.0013272442319335767,-0.002236795246049286,0.0007126437644905592,-3.371829250361446e-05,-3.407461438585974e-05
2020-05-08,-0.0008714264234066478,-0.0008714264234066478,-0.001724732568673558,0.0005120626773757282,-2.9316633048729338e-05,-2.95726643874172e-05
2020-05-11,-0.0005706578231180438,-0.0005706578231180438,-0.0013272442319335767,0.00039748833673998126,1.1678587833055872e-06,9.691146149355966e-07
2020-05-12,-0.0005054494037755958,-0.0005054494037755958,-0.0008714264234066478,0.00045581780852692896,1.1047998845665415e-05,1.0820089941401952e-05
2020-05-13,-0.00036300426794998734,-0.00036300426794998734,-0.0005706578231180438,0.00030076860028860396,4.376385110145812e-06,4.22600081000151e-06
2020-05-14,-0.00025050355716766336,-0.00025050355716766336,-0.0005054494037755958,6.5208419342448e-05,4.814649611011922e-06,4.782045401340698e-06
2020-05-15,-0.00016712480290548252,-0.00016712480290548252,-0.00036300426794998734,0.00014244513582560846,-3.2928624217547196e-07,-4.005088100882762e-07
2020-05-18,0.0005898341742951076,0.0005898341742951076,-0.00025050355716766336,0.00011250071078232397,-1.012731865698144e-05,-1.0183569012372602e-05
2020-05-19,0.0014430157560165351,0.0014430157560165351,-0.00016712480290548252,8.337875426218084e-05,2.3005440840515497e-06,2.258854706920459e-06
2020-05-20,0.0039055038601241805,0.0039055038601241805,0.0005898341742951076,0.00075695897720059,1.2296967116401804e-05,1.1918487627801509e-05
2020-05-21,0.0049116527084095,0.0049116527084095,0.0014430157560165351,0.0008531815817214276,-1.6732919948523533e-05,-1.7159510739384246e-05
2020-05-22,0.004856756571646066,0.004856756571646066,0.0039055038601241805,0.0024624881041076453,-1.0941329910288369e-05,-1.2172573962342192e-05
2020-05-26,0.011975027798359785,0.011975027798359785,0.0049116527084095,0.0010061488482853197,0.00014057937323781898,0.00014007629881367632
2020-05-27,0.018648196986974536,0.018648196986974536,0.004856756571646066,5.489613676343437e-05,5.886382348746055e-05,5.883637541907883e-05
2020-05-28,0.024967480000949352,0.024967480000949352,0.011975027798359785,0.00711827122671372,0.00011310571289431854,0.00010954657728096168
2020-05-29,0.04017772311521803,0.04017772311521803,0.018648196986974536,0.00667316918861475,-6.543067891179706e-05,-6.876726350610444e-05
2020-06-01,0.18305350543824572,0.18305350543824572,0.024967480000949352,0.006319283013974816,0.0005567897554213699,0.0005536301139143825
2020-06-02,0.45536900362549715,0.45536900362549715,0.04017772311521803,0.015210243114268676,0.0003756128072378135,0.0003680076856806791
2020-06-03,0.6369126690836648,0.6369126690836648,0.18305350543824572,0.1428757823230277,0.004372570883013621,0.004301132991852107
2020-06-04,0.6564452137728921,0.6564452137728921,0.45536900362549715,0.2723154981872514,-0.0019512241101865909,-0.0020873818592802166
2020-06-05,0.7709634758485948,0.7709634758485948,0.6369126690836648,0.1815436654581677,0.010963669690985164,0.01087289785825608
2020-06-08,0.8473089838990633,0.8473089838990633,0.6564452137728921,0.01953254468922727,0.008537283448645306,0.008527517176300693
2020-06-09,0.7001195245454681,0.7001195245454681,0.7709634758485948,0.1145182620757027,-0.010017025213574483,-0.010074284344612335
2020-06-10,0.6255926497009208,0.6255926497009208,0.8473089838990633,0.07634550805046847,-0.001859105302264746,-0.0018972780562899801
2020-06-11,0.5089633130379648,0.5089633130379648,0.7001195245454681,0.14718945935359518,-0.03749655235503667,-0.037570147084713464
2020-06-12,0.4756628720306595,0.4756628720306595,0.6255926497009208,0.07452687484454734,0.010796715737389193,0.01075945229996692
2020-06-15,0.45745279288261465,0.45745279288261465,0.5089633130379648,0.11662933666295594,0.002088382238540366,0.002030067570208888
2020-06-16,0.47981423865741163,0.47981423865741163,0.4756628720306595,0.03330044100730534,0.005878121273486719,0.005861471052983067
2020-06-17,0.4665797473136314,0.4665797473136314,0.45745279288261465,0.018210079148044844,0.0017124953862570902,0.0017033903466830678
2020-06-18,0.45107723788760656,0.45107723788760656,0.47981423865741163,0.022361445774796984,-0.002567503041140699,-0.0025786837640280973
2020-06-19,0.4223415058359973,0.4223415058359973,0.4665797473136314,0.013234491343780241,-0.0022818893543384983,-0.002288506600010388
2020-06-22,0.44562832160515486,0.44562832160515486,0.45107723788760656,0.015502509426024824,0.005394538753507689,0.005386787498794677
2020-06-23,0.4843599727097523,0.4843599727097523,0.4223415058359973,0.028735732051609286,0.0023247098977552416,0.0023103420317294367
2020-06-24,0.43513430435118244,0.43513430435118244,0.44562832160515486,0.023286815769157587,-0.011407978736047826,-0.011419622143932405
2020-06-25,0.35978902430357185,0.35978902430357185,0.4843599727097523,0.03873165110459742,0.006882880498407505,0.006863514672855206
2020-06-26,0.2881209543369468,0.2881209543369468,0.43513430435118244,0.04922566835856984,-0.006309409375324678,-0.006334022209503963
2020-06-29,0.2587472696659331,0.2587472696659331,0.35978902430357185,0.0753452800476106,0.0029144881325997856,0.0028768154925759805
2020-06-30,0.2098469424166645,0.2098469424166645,0.2881209543369468,0.07166806996662506,-0.0005197517652390535,-0.0005555858002223661
2020-07-01,0.19060100605498909,0.19060100605498909,0.2587472696659331,0.0293736846710137,0.0009777026396924331,0.0009630157973569263
2020-07-02,0.21174911052714798,0.21174911052714798,0.2098469424166645,0.0489003272492686,0.0023010924187968503,0.002276642255172216
2020-07-06,0.3160992315529905,0.3160992315529905,0.19060100605498909,0.019245936361675403,0.003116525886771199,0.0031069029185903617
2020-07-07,0.316230419535102,0.316230419535102,0.21174911052714798,0.021148104472158896,-0.0031030296770377364,-0.0031136037292738158
2020-07-08,0.3565806712620323,0.3565806712620323,0.3160992315529905,0.10435012102584254,0.002657141326556641,0.00260496626604372
2020-07-09,0.3052186590328013,0.3052186590328013,0.316230419535102,0.0001311879821114803,-0.0035993163416319163,-0.003599381935622972
2020-07-10,0.3135695159742292,0.3135695159742292,0.3565806712620323,0.0403502517269303,0.0038161781120442787,0.0037960029861808134
2020-07-13,0.27516424849594634,0.27516424849594634,0.3052186590328013,0.05136201222923098,-0.00195876214968648,-0.0019844431558010953
2020-07-14,0.34008603807236093,0.34008603807236093,0.3135695159742292,0.008350856941427898,0.0046076635263783226,0.0046034880979076084
2020-07-15,0.5100450639220738,0.5100450639220738,0.27516424849594634,0.03840526747828288,0.0031089173169902523,0.003089714683251111
2020-07-16,0.5447510969848544,0.5447510969848544,0.34008603807236093,0.06492178957641459,-0.002194068125449068,-0.0022265290202372755
2020-07-17,0.6368561466530188,0.6368561466530188,0.5100450639220738,0.1699590258497129,0.0029887349409135323,0.002903755427988676
2020-07-20,0.7579040977686793,0.7579040977686793,0.5447510969848544,0.03470603306278053,0.002659100849815245,0.0026417478332838545
2020-07-21,0.8386027318457863,0.8386027318457863,0.6368561466530188,0.09210504966816446,0.0012973017032325033,0.001251249178398421
2020-07-22,0.8924018212305243,0.8924018212305243,0.7579040977686793,0.12104795111566047,0.0020148007308218876,0.0019542767552640575
2020-07-23,0.7502304467866875,0.7502304467866875,0.8386027318457863,0.08069863407710698,-0.00667019438192587,-0.006710543698964424
2020-07-24,0.5967136320344761,0.5967136320344761,0.8924018212305243,0.053799089384737986,-0.004910283683664561,-0.00493718322835693
2020-07-27,0.7173638755485451,0.7173638755485451,0.7502304467866875,0.14217137444383676,0.00984342434915479,0.009772338661932872
2020-07-28,0.6521907443064083,0.6521907443064083,0.5967136320344761,0.15351681475221135,-0.0038173092592876786,-0.0038940676666637843
2020-07-29,0.768127162870939,0.768127162870939,0.7173638755485451,0.12065024351406894,0.007547551332121595,0.007487226210364561
2020-07-30,0.6270936163056963,0.6270936163056963,0.6521907443064083,0.06517313124213675,-0.0096282537180105,-0.009660840283631568
2020-07-31,0.472549479067416,0.472549479067416,0.768127162870939,0.11593641856453063,-0.016356103612409394,-0.016414071821691658
2020-08-03,0.47698493459188307,0.47698493459188307,0.6270936163056963,0.1410335465652427,0.012228610205549438,0.012158093432266816
2020-08-04,0.5236896124728352,0.5236896124728352,0.472549479067416,0.15454413723828025,0.0026145060528719394,0.0025372339842527993
2020-08-05,0.5847119217028938,0.5847119217028938,0.47698493459188307,0.004435455524467058,0.0015746947410333245,0.001572477013271091
2020-08-06,0.6349763167405494,0.6349763167405494,0.5236896124728352,0.04670467788095212,0.0005743981370682306,0.0005510457981277545
2020-08-07,0.6298091292311936,0.6298091292311936,0.5847119217028938,0.06102230923005858,-0.002379386346802284,-0.0024098975014173133
2020-08-10,0.650089384249096,0.650089384249096,0.6349763167405494,0.050264395037655674,0.002095529353662277,0.002070397156143449
2020-08-11,0.6940883194674576,0.6940883194674576,0.6298091292311936,0.005167187509355853,0.0022690828986856298,0.002266499304930952
2020-08-12,0.7960588796449718,0.7960588796449718,0.650089384249096,0.020280255017902427,0.01440802638159304,0.014397886254084087
2020-08-13,0.8024989249063487,0.8024989249063487,0.6940883194674576,0.04399893521836162,-0.0030735168010045753,-0.0030955162686137562
2020-08-14,0.7028148535259535,0.7028148535259535,0.7960588796449718,0.10197056017751416,-0.004883660897761177,-0.0049346461778499336
2020-08-17,0.7242349884516714,0.7242349884516714,0.8024989249063487,0.00644004526137687,0.006068191063219929,0.006064971040589241
2020-08-18,0.709877663801435,0.709877663801435,0.7028148535259535,0.09968407138039515,-0.00043052902947106044,-0.000480371065161258
2020-08-19,0.6200437088780958,0.6200437088780958,0.7242349884516714,0.021420134925717926,-0.0032189578970122567,-0.0032296679644751155
2020-08-20,0.5196723686430764,0.5196723686430764,0.709877663801435,0.014357324650236425,-0.002294751946098785,-0.0023019306084239035
2020-08-21,0.4148495588768528,0.4148495588768528,0.6200437088780958,0.08983395492333923,-0.0031601397946812056,-0.003205056772142875
2020-08-24,0.5144003304244428,0.5144003304244428,0.5196723686430764,0.10037134023501937,0.006856939922876859,0.00680675425275935
2020-08-25,0.5978273650654182,0.5978273650654182,0.4148495588768528,0.1048228097662236,0.00025414755106616544,0.00020173614618305364
2020-08-26,0.7318849100436122,0.7318849100436122,0.5144003304244428,0.09955077154758996,0.002993118751949879,0.002943343366176084
2020-08-27,0.5724460588476475,0.5724460588476475,0.5978273650654182,0.08342703464097545,-0.006097503920463289,-0.006139217437783776
2020-08-28,0.5941443821819155,0.5941443821819155,0.7318849100436122,0.134057544978194,0.005177873804203887,0.00511084503171479
2020-08-31,0.478803083354655,0.478803083354655,0.5724460588476475,0.15943885119596468,-0.0043711299790224305,-0.0044508494046204125
2020-09-01,0.4153541874774625,0.4153541874774625,0.5941443821819155,0.02169832333426791,0.000639999702702615,0.000629150541035481
2020-09-02,0.610236124984975,0.610236124984975,0.478803083354655,0.11534129882726046,0.006403569991542386,0.006345899342128755
2020-09-03,0.48415301091964846,0.48415301091964846,0.4153541874774625,0.06344889587719249,-0.009388241510473806,-0.009419965958412402
2020-09-04,0.41003993035729314,0.41003993035729314,0.610236124984975,0.19488193750751254,0.0008523265643293577,0.0007548855955756014
2020-09-08,0.3025439904403886,0.3025439904403886,0.48415301091964846,0.12608311406532657,-0.0059280007866704424,-0.005991042343703106
2020-09-09,0.34344173167985736,0.34344173167985736,0.41003993035729314,0.07411308056235533,0.007656501109124719,0.007619444568843541
2020-09-10,0.29711031220046,0.29711031220046,0.3025439904403886,0.10749593991690454,-0.003541799907349665,-0.0035955478773081174
2020-09-11,0.3283579845959496,0.3283579845959496,0.34344173167985736,0.040897741239468766,0.0034258842878145987,0.0034054354171948642
2020-09-14,0.3944012207101766,0.3944012207101766,0.29711031220046,0.04633141947939734,0.0016047123157520416,0.0015815466060123428
2020-09-15,0.5115804334123228,0.5115804334123228,0.3283579845959496,0.03124767239548959,0.002116825285469689,0.002101201449271944
2020-09-16,0.5903979579046789,0.5903979579046789,0.3944012207101766,0.06604323611422697,0.0,-3.3021618057113485e-05
2020-09-17,0.6582668241605207,0.6582668241605207,0.5115804334123228,0.11717921270214626,0.0007021809965237907,0.0006435913901727176
2020-09-18,0.582235395413454,0.582235395413454,0.5903979579046789,0.07881752449235602,-0.004765641910086262,-0.00480505067233244
2020-09-21,0.4093779251070213,0.4093779251070213,0.6582668241605207,0.06786886625584188,-0.016676506455526645,-0.016710440888654567
2020-09-22,0.2804838000025783,0.2804838000025783,0.582235395413454,0.0760314287470667,-0.00018343809168047795,-0.0002214538060540113
2020-09-23,0.16538257081938001,0.16538257081938001,0.4093779251070213,0.17285747030643273,-0.0034189623558220834,-0.0035053910909753
2020-09-24,0.07924663559908265,0.07924663559908265,0.2804838000025783,0.12889412510444304,-0.0002674639483321889,-0.0003319110108844104
2020-09-25,0.016172178257943877,0.016172178257943877,0.16538257081938001,0.11510122918319826,0.000552436454687076,0.0004948858400954768
2020-09-28,0.02757449194261375,0.02757449194261375,0.07924663559908265,0.08613593522029736,0.0011934616330236381,0.0011503936654134895
2020-09-29,0.03037906424268473,0.03037906424268473,0.016172178257943877,0.06307445734113878,-1.767763668861386e-05,-4.921486535918326e-05
2020-09-30,0.013525434791811704,0.013525434791811704,0.02757449194261375,0.011402313684669874,-0.00013364876734781313,-0.00013934992419014806
2020-10-01,0.02606630406674619,0.02606630406674619,0.03037906424268473,0.00280457230007098,0.0001765916485372001,0.00017518936238716462
2020-10-02,0.01711459495553763,0.01711459495553763,0.013525434791811704,0.01685362945087303,-2.7463855757587745e-05,-3.589067048302426e-05
2020-10-05,0.05671591546588241,0.05671591546588241,0.02606630406674619,0.012540869274934486,0.00039575122448492887,0.0003894807898474616
2020-10-06,0.047904833279018566,0.047904833279018566,0.01711459495553763,0.008951709111208562,-0.00018207163450260916,-0.00018654748905821343
2020-10-07,0.07162479729751473,0.07162479729751473,0.05671591546588241,0.039601320510344776,0.00048611678649971185,0.0004663161262445395
2020-10-08,0.1355307065865818,0.1355307065865818,0.047904833279018566,0.008811082186863842,0.00033307856774417546,0.00032867302665074354
2020-10-09,0.3053901942519631,0.3053901942519631,0.07162479729751473,0.02371996401849616,0.0005605103909145294,0.0005486504089052814
2020-10-12,0.5369267961679755,0.5369267961679755,0.1355307065865818,0.06390590928906709,0.0007841262252182162,0.0007521732705736826
2020-10-13,0.45779726814142485,0.45779726814142485,0.3053901942519631,0.1698594876653813,-0.0034209448686677783,-0.003505874612500469
2020-10-14,0.3855170953398148,0.3855170953398148,0.5369267961679755,0.23153660191601233,-0.0009043020803229864,-0.0010200703812809925
2020-10-15,0.28072625660051265,0.28072625660051265,0.45779726814142485,0.0791295280265506,-0.005405582075831439,-0.005445146839844714
2020-10-16,0.23239054718627294,0.23239054718627294,0.3855170953398148,0.07228017280161003,0.0017947086018259117,0.0017585685154251067
2020-10-19,0.17512347597667066,0.17512347597667066,0.28072625660051265,0.10479083873930217,-0.0010406259551386005,-0.0010930213745082515
2020-10-20,0.14902423839576334,0.14902423839576334,0.23239054718627294,0.0483357094142397,0.0011529394682873795,0.0011287716135802597
2020-10-21,0.11419472483530606,0.11419472483530606,0.17512347597667066,0.05726707120960228,-0.000837531661982666,-0.0008661651975874671
2020-10-22,0.09017739322389993,0.09017739322389993,0.14902423839576334,0.02609923758090732,0.0001155147346698948,0.00010246511587944115
2020-10-23,0.09312074967761919,0.09312074967761919,0.11419472483530606,0.034829513560457284,0.0007428986983721371,0.0007254839415919085
2020-10-26,0.01938789045628251,0.01938789045628251,0.09017739322389993,0.024017331611406123,-0.0016236971384485834,-0.0016357058042542865
2020-10-27,-0.10985149128348407,-0.10985149128348407,0.09312074967761919,0.002943356453719251,-0.0007296617427179635,-0.0007311334209448231
2020-10-28,-0.40656766085565604,-0.40656766085565604,0.01938789045628251,0.07373285922133668,-0.0005787899380340259,-0.0006156563676446942
2020-10-29,-0.5150064877333626,-0.5150064877333626,-0.10985149128348407,0.12923938173976657,-0.0005186709748693834,-0.0005832906657392666
2020-10-30,-0.6766709918222418,-0.6766709918222418,-0.40656766085565604,0.29671616957217195,0.0021082945132954744,0.0019599364285093884
2020-11-02,-0.6002780372248041,-0.6002780372248041,-0.5150064877333626,0.1084388268777065,-0.006711241816239353,-0.006765461229678206
2020-11-03,-0.38782699964737943,-0.38782699964737943,-0.6766709918222418,0.16166450408887922,-0.01773560964281048,-0.01781644189485492
2020-11-04,-0.17821755874114448,-0.17821755874114448,-0.6002780372248041,0.07639295459743767,-0.006583939716012907,-0.006622136193311626
2020-11-05,0.21452162750590364,0.21452162750590364,-0.38782699964737943,0.21245103757742467,-0.009317049657733664,-0.009423275176522377
2020-11-06,0.4763477516706024,0.4763477516706024,-0.17821755874114448,0.20960944090623496,-0.0003776348411738136,-0.0004824395616269311
2020-11-09,0.6508985011137349,0.6508985011137349,0.21452162750590364,0.3927391862470481,0.006253234318708888,0.006056864725585364
2020-11-10,0.7672656674091567,0.7672656674091567,0.4763477516706024,0.26182612416469875,0.0042642868977000176,0.004133373835617668
2020-11-11,0.8448437782727711,0.8448437782727711,0.6508985011137349,0.17455074944313254,0.0054913628791658665,0.0054040875044443
2020-11-12,0.749657124462428,0.749657124462428,0.7672656674091567,0.11636716629542176,-0.011177627441994707,-0.011235811025142418
2020-11-13,0.8331047496416187,0.8331047496416187,0.8448437782727711,0.07757811086361444,0.012984384653682164,0.012945595598250356
2020-11-16,0.8887364997610792,0.8887364997610792,0.749657124462428,0.09518665381034308,0.0077807465967424565,0.007733153269837285
2020-11-17,0.9119477909823679,0.9119477909823679,0.8331047496416187,0.08344762517919069,-0.0008321394613475842,-0.0008738632739371796
2020-11-18,0.8685551536247946,0.8685551536247946,0.8887364997610792,0.05563175011946042,-0.004696010393470757,-0.004723826268530487
2020-11-19,0.9123701024165298,0.9123701024165298,0.9119477909823679,0.023211291221288732,0.006415620002928579,0.006404014357317934
2020-11-20,0.9415800682776867,0.9415800682776867,0.8685551536247946,0.04339263735757326,0.002600507910418873,0.002578811591740086
2020-11-23,0.9341471811571029,0.9341471811571029,0.9123701024165298,0.0438149487917352,-0.0011673237740789896,-0.0011892312484748572
2020-11-24,0.9560981207714021,0.9560981207714021,0.9415800682776867,0.029209965861156872,0.014071487708861179,0.0140568827259306
2020-11-25,0.9483940140752705,0.9483940140752705,0.9341471811571029,0.007432887120583764,-0.0011790364606941058,-0.0011827529042543977
2020-11-27,0.9655960093835136,0.9655960093835136,0.9560981207714021,0.02195093961429917,0.006578253482710553,0.006567278012903403
2020-11-30,0.7706310718806455,0.7706310718806455,0.9483940140752705,0.007704106696131641,-0.02063189146369232,-0.020635743517040384
2020-12-01,0.8470873812537638,0.8470873812537638,0.9655960093835136,0.01720199530824318,0.022711948383237097,0.022703347385582977
2020-12-02,0.898058254169176,0.898058254169176,0.7706310718806455,0.19496493750286814,0.00010723157871783771,9.749109966403636e-06
2020-12-03,0.932038836112784,0.932038836112784,0.8470873812537638,0.07645630937311831,0.0014155946611853888,0.0013773665064988297
2020-12-04,0.9546925574085228,0.9546925574085228,0.898058254169176,0.050970872915412135,0.007616086453350597,0.0075906010168928905
2020-12-07,0.8923510723418385,0.8923510723418385,0.932038836112784,0.03398058194360809,-0.007580822326391501,-0.007597812617363304
2020-12-08,0.8807663051727479,0.8807663051727479,0.9546925574085228,0.022653721295738727,0.0033171310403918596,0.0033058041797439904
2020-12-09,0.8835432372148564,0.8835432372148564,0.8923510723418385,0.062341485066684243,0.0012358242368601458,0.0012046534943268036
2020-12-10,0.9001447487252541,0.9001447487252541,0.8807663051727479,0.011584767169090626,0.0012183161579040118,0.0012125237743194665
2020-12-11,0.8789672534177048,0.8789672534177048,0.8835432372148564,0.002776932042108493,-0.0026848424475100904,-0.0026862309135311448
2020-12-14,0.846246945043522,0.846246945043522,0.9001447487252541,0.016601511510397682,0.0005540602358438764,0.0005457594800886776
2020-12-15,0.8974979633623481,0.8974979633623481,0.8789672534177048,0.02117749530754931,0.008970395322130474,0.0089598065744767
2020-12-16,0.9316653089082321,0.9316653089082321,0.846246945043522,0.032720308374182716,0.0032791682879894308,0.0032628081338023393
2020-12-17,0.9544435392721549,0.9544435392721549,0.8974979633623481,0.05125101831882606,0.006309846913118458,0.006284221403959045
2020-12-18,0.8404885627359707,0.8404885627359707,0.9316653089082321,0.034167345545883965,-0.004846410943865935,-0.004863494616638877
2020-12-21,0.6558808209057497,0.6558808209057497,0.9544435392721549,0.02277823036392279,-0.012214655881118966,-0.012226044996300927
2020-12-22,0.5202468139263686,0.5202468139263686,0.8404885627359707,0.11395497653618414,-0.002108914000505994,-0.002165891488774086
2020-12-23,0.5341027329665955,0.5341027329665955,0.6558808209057497,0.184607741830221,0.007057517008124632,0.006965213137209522
2020-12-24,0.5483471282548098,0.5483471282548098,0.5202468139263686,0.1356340069793811,0.000215788411375179,0.00014797140788548846
2020-12-28,0.6736669169257727,0.6736669169257727,0.5341027329665955,0.013855919040226872,0.004354970939329295,0.004348042979809181
2020-12-29,0.7824446112838486,0.7824446112838486,0.5483471282548098,0.014244395288214307,0.003532877957076001,0.003525755759431894
2020-12-30,0.8549630741892325,0.8549630741892325,0.6736669169257727,0.12531978867096294,0.0009173227378758205,0.000854662843540339
2020-12-31,0.7951134852395839,0.7951134852395839,0.7824446112838486,0.10877769435807583,-0.005959710999054976,-0.006014099846234014
2021-01-04,0.8223432324351749,0.8223432324351749,0.8549630741892325,0.07251846290538388,0.004452901184577651,0.004416641953124959
2021-01-05,0.8815621549567834,0.8815621549567834,0.7951134852395839,0.059849588949648536,0.008239558155533901,0.008209633361059076
2021-01-06,0.9210414366378556,0.9210414366378556,0.8223432324351749,0.027229747195591014,0.009432913094204489,0.009419298220606694
2021-01-07,0.9473609577585704,0.9473609577585704,0.8815621549567834,0.05921892252160843,0.0009411723645386552,0.000911562903277851
2021-01-08,0.9649073051723804,0.9649073051723804,0.9210414366378556,0.03947928168107229,0.008593134059395,0.008573394418554463
2021-01-11,0.837440236441009,0.837440236441009,0.9473609577585704,0.026319521120714784,-0.012384901434742747,-0.012398061195303105
2021-01-12,0.7905687472524775,0.7905687472524775,0.9649073051723804,0.017546347413810004,0.004389721570002422,0.004380948396295517
2021-01-13,0.7467861990683895,0.7467861990683895,0.837440236441009,0.12746706873137148,-0.001115471476786188,-0.0011792050111518737
2021-01-14,0.8051617869268579,0.8051617869268579,0.7905687472524775,0.04687148918853146,0.0063261814201918945,0.006302745675597628
2021-01-15,0.7248761096927023,0.7248761096927023,0.7467861990683895,0.043782548184088,-0.011659324638698688,-0.011681215912790732
2021-01-19,0.7211568854827847,0.7211568854827847,0.8051617869268579,0.058375587858468414,0.005843983273556755,0.005814795479627521
2021-01-20,0.7746611626227102,0.7746611626227102,0.7248761096927023,0.08028567723415558,0.004933152947520274,0.004893010108903196
2021-01-21,0.8151394848248867,0.8151394848248867,0.7211568854827847,0.00371922420991766,0.0005735487826513716,0.0005716891705464127
2021-01-22,0.7984904863714808,0.7984904863714808,0.7746611626227102,0.05350427713992556,-0.0036933938008744554,-0.0037201459394444183
2021-01-25,0.7700414734673237,0.7700414734673237,0.8151394848248867,0.04047832220217651,-0.0009762997402710982,-0.0009965389013721865
2021-01-26,0.757328745837182,0.757328745837182,0.7984904863714808,0.01664899845340595,0.001170290340889614,0.001161965841662911
2021-01-27,0.6519117510351695,0.6519117510351695,0.7700414734673237,0.028449012904157134,-0.0176197052647467,-0.017633929771198778
2021-01-28,0.6070703391898423,0.6070703391898423,0.757328745837182,0.01271272763014164,0.004846038505996,0.004839682142180929
2021-01-29,0.49345209769772985,0.49345209769772985,0.6519117510351695,0.1054169948020125,-0.013493278436195641,-0.013545986933596647
2021-02-01,0.45508613669024217,0.45508613669024217,0.6070703391898423,0.044841411845327195,0.007212063404659961,0.007189642698737298
2021-02-02,0.45815084375741977,0.45815084375741977,0.49345209769772985,0.11361824149211247,0.004984932583177024,0.004928123462430968
2021-02-03,0.47366955306457037,0.47366955306457037,0.45508613669024217,0.03836596100748768,0.0011071844567976143,0.0010880014762938703
2021-02-04,0.46377450807125264,0.46377450807125264,0.45815084375741977,0.0030647070671775967,0.000494190394767014,0.0004926580412334252
2021-02-05,0.5064463306361404,0.5064463306361404,0.47366955306457037,0.015518709307150602,0.0029345295268592354,0.0029267701722056603
2021-02-08,0.5972409233463385,0.5972409233463385,0.46377450807125264,0.009895044993317725,0.003227924835457184,0.0032229773129605253
2021-02-09,0.7170348870039949,0.7170348870039949,0.5064463306361404,0.042671822564887774,0.00276015940088295,0.002738823489600506
2021-02-10,0.7335705260828292,0.7335705260828292,0.5972409233463385,0.09079459271019807,-0.002052896772001829,-0.002098294068356928
2021-02-11,0.8223803507218862,0.8223803507218862,0.7170348870039949,0.11979396365765638,0.004851176497428231,0.004791279515599402
2021-02-12,0.8815869004812575,0.8815869004812575,0.7335705260828292,0.016535639078834374,0.004059879766023394,0.004051611946483976
2021-02-16,0.9210579336541718,0.9210579336541718,0.8223803507218862,0.08880982463905696,0.005927216414704297,0.005882811502384768
2021-02-17,0.7488474925873602,0.7488474925873602,0.8815869004812575,0.05920654975937134,-0.005161497207781022,-0.005191100482660707
2021-02-18,0.5912519501137783,0.5912519501137783,0.9210579336541718,0.03947103317291423,-0.00458060084517631,-0.004600336361762767
2021-02-19,0.5205517415892995,0.5205517415892995,0.7488474925873602,0.1722104410668116,0.0021669701875984583,0.0020808649670650526
2021-02-22,0.4446942014896477,0.4446942014896477,0.5912519501137783,0.15759554247358187,-0.0014733607044681992,-0.0015521584757049903
2021-02-23,0.3965915375883706,0.3965915375883706,0.5205517415892995,0.07070020852447878,0.00047892965657011334,0.00044357955230787396
2021-02-24,0.4039668632554007,0.4039668632554007,0.4446942014896477,0.07585754009965179,0.001402109865822026,0.0013641810957722
2021-02-25,0.3342045580681323,0.3342045580681323,0.3965915375883706,0.0481026639012771,-0.006750962772635906,-0.0067750141045865445
2021-02-26,0.22590392383422425,0.22590392383422425,0.4039668632554007,0.007375325667030086,-0.005704055387693937,-0.005707743050527452
2021-03-01,0.2536762551142512,0.2536762551142512,0.3342045580681323,0.06976230518726839,0.0062767546496141444,0.00624187349702051
2021-03-02,0.2578210766757844,0.2578210766757844,0.22590392383422425,0.10830063423390807,-0.00023972625749117888,-0.00029387657460813293
2021-03-03,0.22414639179276,0.22414639179276,0.2536762551142512,0.02777233128002693,-0.0015492311142510625,-0.001563117279891076
2021-03-04,0.15796000095415552,0.15796000095415552,0.2578210766757844,0.0041448215615332296,-0.0024452249444494095,-0.002447297355230176
2021-03-05,0.13851387258505204,0.13851387258505204,0.22414639179276,0.033674684883024414,0.0014509109781273887,0.0014340736356858765
2021-03-08,0.10821521035934148,0.10821521035934148,0.15796000095415552,0.06618639083860448,-0.0005502754228045745,-0.0005833686182238767
2021-03-09,0.17087873704588952,0.17087873704588952,0.13851387258505204,0.019446128369103477,0.0018624858233414325,0.0018527627591568808
2021-03-10,0.24670250894404966,0.24670250894404966,0.10821521035934148,0.030298662225710565,0.0004594510580006524,0.0004443017268877971
2021-03-11,0.33415564654853835,0.33415564654853835,0.17087873704588952,0.06266352668654804,0.0009030339624853436,0.0008717021991420696
2021-03-12,0.4019692415265821,0.4019692415265821,0.24670250894404966,0.07582377189816014,0.0006160297488058524,0.0005781178628567723
2021-03-15,0.4206125909007914,0.4206125909007914,0.33415564654853835,0.0874531376044887,0.0002627690395900646,0.00021904247078782026
2021-03-16,0.46372825123360706,0.46372825123360706,0.4019692415265821,0.06781359497804373,0.0006846530703392912,0.0006507462728502693
2021-03-17,0.6424855008224047,0.6424855008224047,0.4206125909007914,0.018643349374209306,0.0024751032316625925,0.0024657815569754877
2021-03-18,0.5300209000023821,0.5300209000023821,0.46372825123360706,0.043115660332815664,-0.004220050239018207,-0.004241608069184615
2021-03-19,0.4958420489919686,0.4958420489919686,0.6424855008224047,0.17875724958879768,0.0017700767195191283,0.0016806980947247294
2021-03-22,0.46172938725262075,0.46172938725262075,0.5300209000023821,0.11246460082002263,0.00048546934149393603,0.00042923704108392474
2021-03-23,0.3345758392410293,0.3345758392410293,0.4958420489919686,0.034178851010413513,-0.006870497878440673,-0.00688758730394588
2021-03-24,0.23497213293999428,0.23497213293999428,0.46172938725262075,0.03411266173934785,-0.002325823198624544,-0.002342879529494218
2021-03-25,0.19618119801318706,0.19618119801318706,0.3345758392410293,0.12715354801159146,0.0024962272253948757,0.00243265045138908
2021-03-26,0.3428569940201609,0.3428569940201609,0.23497213293999428,0.09960370630103502,0.003045104632979976,0.0029953027798294584
2021-03-29,0.37144905831475566,0.37144905831475566,0.19618119801318706,0.03879093492680721,-0.00076831542204486,-0.0007877108895082635
2021-03-30,0.3736235379171421,0.3736235379171421,0.3428569940201609,0.14667579600697384,-0.000449383821449697,-0.0005227217194531838
2021-03-31,0.3266518917819939,0.3266518917819939,0.37144905831475566,0.028592064294594766,-0.0016086303223686958,-0.0016229263545159932
2021-04-01,0.5256401585553186,0.5256401585553186,0.3736235379171421,0.0021744796023864255,0.004875255164829271,0.004874167925028078
2021-04-05,0.6837601057035458,0.6837601057035458,0.3266518917819939,0.046971646135148204,0.004759987995437154,0.00473650217236958
2021-04-06,0.6207858681075549,0.6207858681075549,0.5256401585553186,0.19898826677332476,-0.005594846958226998,-0.005694341091613661
2021-04-07,0.5855816998004318,0.5855816998004318,0.6837601057035458,0.1581199471482272,0.0014180362899875072,0.0013389763164133937
2021-04-08,0.6529989339566862,0.6529989339566862,0.6207858681075549,0.06297423759599097,0.003533156125243181,0.0035016690064451853
2021-04-09,0.7686659559711242,0.7686659559711242,0.5855816998004318,0.03520416830712303,0.0018076495385974526,0.001790047454443891
2021-04-12,0.719237752694152,0.719237752694152,0.6529989339566862,0.06741723415625434,-0.0036003325328295725,-0.0036340411499076997
2021-04-13,0.8128251684627681,0.8128251684627681,0.7686659559711242,0.11566702201443801,0.004459752274870538,0.004401918763863318
2021-04-14,0.8752167789751788,0.8752167789751788,0.719237752694152,0.04942820327697217,0.0005530421575190711,0.0005283280558805851
2021-04-15,0.9168111859834527,0.9168111859834527,0.8128251684627681,0.09358741576861607,0.006767686784033014,0.006720893076148706
2021-04-16,0.9445407906556351,0.9445407906556351,0.8752167789751788,0.06239161051241071,0.0063371450425593326,0.006305949237303128
2021-04-19,0.9058709838395813,0.9058709838395813,0.9168111859834527,0.04159440700827388,-0.0016186013886109998,-0.0016393985921151367
2021-04-20,0.6848236767834662,0.6848236767834662,0.9445407906556351,0.02772960467218244,-0.01694576000697478,-0.01695962480931087
2021-04-21,0.6300540617963855,0.6300540617963855,0.9058709838395813,0.03866980681605381,0.00932314103823076,0.009303806134822734
2021-04-22,0.5592810480330632,0.5592810480330632,0.6848236767834662,0.22104730705611508,-0.002267317253247516,-0.0023778409067755735
2021-04-23,0.6550411669753818,0.6550411669753818,0.6300540617963855,0.05476961498708077,0.006439721651810631,0.006412336844317091
2021-04-26,0.730372950881055,0.730372950881055,0.5592810480330632,0.07077301376332223,0.0004244740169033697,0.00038908751002170855
2021-04-27,0.7219403340586701,0.7219403340586701,0.6550411669753818,0.09576011894231862,-0.0021521939627507495,-0.002200074022221909
2021-04-28,0.752478401289512,0.752478401289512,0.730372950881055,0.07533178390567319,0.0018518813511556615,0.001814215459202825
2021-04-29,0.7784330355119087,0.7784330355119087,0.7219403340586701,0.008432616822384942,0.00027408723969378794,0.0002698709312825955
2021-04-30,0.6295016300046866,0.6295016300046866,0.752478401289512,0.03053806723084196,-0.009417957104280656,-0.009433226137896078
2021-05-03,0.6733203001409649,0.6733203001409649,0.7784330355119087,0.025954634222396633,0.008570830346372254,0.008557853029261056
2021-05-04,0.5272490665305521,0.5272490665305521,0.6295016300046866,0.14893140550722206,-0.009326591529984626,-0.009401057232738238
2021-05-05,0.5766306983383989,0.5766306983383989,0.6733203001409649,0.04381867013627827,0.009173663583762025,0.009151754248693886
2021-05-06,0.717753798892266,0.717753798892266,0.5272490665305521,0.14607123361041274,0.004345844778634818,0.004272809161829611
2021-05-07,0.8118358659281774,0.8118358659281774,0.5766306983383989,0.049381631807846715,0.006527115770153027,0.006502424954249104
2021-05-10,0.786326387598077,0.786326387598077,0.717753798892266,0.14112310055386712,-0.0038383420338631204,-0.003908903584140054
2021-05-11,0.6446027578158002,0.6446027578158002,0.8118358659281774,0.09408206703591138,-0.010657941652293166,-0.010704982685811121
2021-05-12,0.46225510749614585,0.46225510749614585,0.786326387598077,0.02550947833010031,-0.01255262921984817,-0.01256538395901322
2021-05-13,0.3814245067417003,0.3814245067417003,0.6446027578158002,0.14172362978227682,0.004813691718590088,0.0047428299036989495
2021-05-14,0.4528442288882527,0.4528442288882527,0.46225510749614585,0.1823476503196544,0.007738816057560603,0.007647642232400775
2021-05-17,0.4795081695791119,0.4795081695791119,0.3814245067417003,0.08083060075444554,-0.0007191956474962321,-0.0007596109478734549
2021-05-18,0.507622337250861,0.507622337250861,0.4528442288882527,0.0714197221465524,0.0009693069162478558,0.0009335970551745795
2021-05-19,0.44738487128341864,0.44738487128341864,0.4795081695791119,0.0266639406908592,-0.004217740727575561,-0.004231072697920991
2021-05-20,0.5358793304542764,0.5358793304542764,0.507622337250861,0.028114167671749124,0.006692898272018331,0.006678841188182456
2021-05-21,0.6119628438486899,0.6119628438486899,0.44738487128341864,0.060237465967442394,0.0006156234347813758,0.0005855047017976545
2021-05-24,0.7413085625657934,0.7413085625657934,0.5358793304542764,0.08849445917085774,0.0032811104751296494,0.003236863245544221
2021-05-25,0.8275390417105289,0.8275390417105289,0.6119628438486899,0.07608351339441355,0.0001519853133219573,0.00011394355662475051
2021-05-26,0.8677153176394593,0.8677153176394593,0.7413085625657934,0.12934571871710343,-0.00046028380309168313,-0.0005249566624502349
2021-05-27,0.9118102117596396,0.9118102117596396,0.8275390417105289,0.08623047914473558,0.0015423394108677708,0.001499224171295403
2021-05-28,0.9412068078397597,0.9412068078397597,0.8677153176394593,0.04017627592893036,0.0020444777861033264,0.0020243896481388613
2021-06-01,0.9608045385598398,0.9608045385598398,0.9118102117596396,0.044094894120180306,0.0032711504540231468,0.0032491030069630566
2021-06-02,0.9738696923732266,0.9738696923732266,0.9412068078397597,0.02939659608012013,0.0031328299869673487,0.0031181316889272886
2021-06-03,0.7971531367043654,0.7971531367043654,0.9608045385598398,0.019597730720080087,-0.004721973001690424,-0.004731771867050464
2021-06-04,0.8647687578029104,0.8647687578029104,0.9738696923732266,0.013065153813386798,0.008297037183434407,0.008290504606527714
2021-06-07,0.9098458385352737,0.9098458385352737,0.7971531367043654,0.17671655566886124,0.0026348867969959045,0.002546528519161474
2021-06-08,0.8993056392426327,0.8993056392426327,0.8647687578029104,0.06761562109854502,-0.00042185654567141823,-0.00045566435622069074
2021-06-09,0.7600585497027823,0.7600585497027823,0.9098458385352737,0.04507708073236327,-0.0024439550706826453,-0.002466493611048827
2021-06-10,0.8073437062606283,0.8073437062606283,0.8993056392426327,0.01054019929264094,0.002477560256836338,0.0024722901571900173
2021-06-11,0.871562470840419,0.871562470840419,0.7600585497027823,0.13924708953985043,0.001786885604979944,0.0017172620602100188
2021-06-14,0.9143749805602794,0.9143749805602794,0.8073437062606283,0.04728515655784604,0.001395476613774273,0.00137183403549535
2021-06-15,0.942916653706853,0.942916653706853,0.871562470840419,0.0642187645797907,0.0010741163295232784,0.0010420069472333831
2021-06-16,0.7488835136861784,0.7488835136861784,0.9143749805602794,0.04281250971986039,-0.005627759260734919,-0.005649165515594849
2021-06-17,0.5569245477182989,0.5569245477182989,0.942916653706853,0.02854167314657352,-0.006539823294191974,-0.0065540941307652605
2021-06-18,0.3908664854364991,0.3908664854364991,0.7488835136861784,0.1940331400206745,-0.015504330719193653,-0.01560134728920399
2021-06-21,0.34009146663155776,0.34009146663155776,0.5569245477182989,0.19195896596787954,0.007305660991730125,0.007209681508746186
2021-06-22,0.3090215383575085,0.3090215383575085,0.3908664854364991,0.1660580622817998,4.9014822423410355e-05,-3.401420871748954e-05
2021-06-23,0.2567063624974646,0.2567063624974646,0.34009146663155776,0.05077501880494134,-0.0021800238266843617,-0.0022054113360868324
2021-06-24,0.2822238282913559,0.2822238282913559,0.3090215383575085,0.031069928274049252,0.002970929247199997,0.0029553942830629724
2021-06-25,0.2938160123959458,0.2938160123959458,0.2567063624974646,0.052315175860043917,0.000546844677745035,0.000520687089815013
2021-06-28,0.2511282865925393,0.2511282865925393,0.2822238282913559,0.025517465793891303,-0.0017996485737195697,-0.0018124073066165154
2021-06-29,0.225737533777096,0.225737533777096,0.2938160123959458,0.011592184104589898,7.396161420435398e-05,6.816552215205903e-05
2021-06-30,0.16156403068546407,0.16156403068546407,0.2511282865925393,0.04268772580340652,-0.0019271775214912833,-0.0019485213843929866
2021-07-01,0.12371836351546242,0.12371836351546242,0.225737533777096,0.025390752815443285,0.0005437672064428561,0.0005310718300351344
2021-07-02,0.10071068780833264,0.10071068780833264,0.16156403068546407,0.06417350309163192,0.0005516783262535837,0.0005195915747077677
2021-07-06,0.06674539927717069,0.06674539927717069,0.12371836351546242,0.03784566717000165,-0.0008108445597433961,-0.0008297673933283969
2021-07-07,0.05323227296754412,0.05323227296754412,0.10071068780833264,0.023007675707129777,0.0005494301552239082,0.0005379263173703433
2021-07-08,0.008104897108093208,0.008104897108093208,0.06674539927717069,0.03396528853116196,-0.0008590528106773948,-0.0008760354549429758
2021-07-09,0.04308244791475713,0.04308244791475713,0.05323227296754412,0.013513126309626568,0.0009049958160335844,0.0008982392528787711
2021-07-12,0.09366995501541087,0.09366995501541087,0.008104897108093208,0.04512737585945091,3.46373427400664e-05,1.207365481034094e-05
2021-07-13,0.095497819679047,0.095497819679047,0.04308244791475713,0.03497755080666392,-0.00022646725988463042,-0.00024395603528796236
2021-07-14,0.10913478556846685,0.10913478556846685,0.09366995501541087,0.05058750710065374,0.00021214505118424872,0.00018685129763392185
2021-07-15,0.0729154680276992,0.0729154680276992,0.095497819679047,0.0018278646636361306,-0.000911116432274536,-0.0009120303646063541
2021-07-16,0.010109748013111299,0.010109748013111299,0.10913478556846685,0.013636965889419858,-0.0008022530201100101,-0.00080907150305472
2021-07-19,-0.242869110560906,-0.242869110560906,0.0729154680276992,0.036219317540767654,-0.0013220045631781455,-0.0013401142219485293
2021-07-20,-0.30585112898172756,-0.30585112898172756,0.010109748013111299,0.0628057200145879,7.361991349103274e-05,4.2217053483738786e-05
2021-07-21,-0.22579017130998857,-0.22579017130998857,-0.242869110560906,0.2529788585740173,-0.003699722843758651,-0.0038262122730456597
2021-07-22,-0.16837235846630905,-0.16837235846630905,-0.30585112898172756,0.06298201842082157,-0.00011677517329797797,-0.00014826618250838875
2021-07-23,-0.09086093997553434,-0.09086093997553434,-0.22579017130998857,0.08006095767173899,-0.0015785448240836746,-0.0016185753029195442
2021-07-26,-0.03207944103055575,-0.03207944103055575,-0.16837235846630905,0.05741781284367953,-0.00023379057549767322,-0.000262499481919513
2021-07-27,-0.014016076252449324,-0.014016076252449324,-0.09086093997553434,0.07751141849077471,0.0003665091350688186,0.0003277534258234312
2021-07-28,0.0219985321956138,0.0219985321956138,-0.03207944103055575,0.05878149894497858,-0.00013805003017580586,-0.00016744077964829515
2021-07-29,0.09094185897874917,0.09094185897874917,-0.014016076252449324,0.01806336477810643,-9.714790573208097e-05,-0.00010617958812113418
2021-07-30,0.10147955238695933,0.10147955238695933,0.0219985321956138,0.036014608448063125,-0.00011288359890578374,-0.0001308909031298153
2021-08-02,0.09952005069801498,0.09952005069801498,0.09094185897874917,0.06894332678313536,0.0004576342099480439,0.0004231625465564762
2021-08-03,0.14915835125298624,0.14915835125298624,0.10147955238695933,0.010537693408210161,0.0007240180434121454,0.0007187491967080403
2021-08-04,0.1279274599828637,0.1279274599828637,0.09952005069801498,0.0019595016889443484,-0.0002968471255732766,-0.00029782687641774876
2021-08-05,0.158090982326264,0.158090982326264,0.14915835125298624,0.04963830055497126,0.0007251440236997547,0.0007003248734222691
2021-08-06,0.14569247421655473,0.14569247421655473,0.1279274599828637,0.021230891270122537,-0.00047609854204191504,-0.0004867139876769763
2021-08-09,0.13597631593216675,0.13597631593216675,0.158090982326264,0.030163522343400306,-7.87240988867139e-05,-9.380586005841405e-05
2021-08-10,0.14141707594945455,0.14141707594945455,0.14569247421655473,0.012398508109709272,0.0003267027200827267,0.00032050346602787203
2021-08-11,0.28144508340729135,0.28144508340729135,0.13597631593216675,0.009716158284387988,0.0009295895136415766,0.0009247314344993826
2021-08-12,0.33661975178625525,0.33661975178625525,0.14141707594945455,0.005440760017287799,-0.00012219483247037925,-0.00012491521247902317
2021-08-13,0.5577465011908369,0.5577465011908369,0.28144508340729135,0.1400280074578368,0.0017040154599895511,0.0016340014562606327
2021-08-16,0.5011395456683172,0.5011395456683172,0.33661975178625525,0.0551746683789639,-0.0017364424222652084,-0.0017640297564546904
2021-08-17,0.37510395822175013,0.37510395822175013,0.5577465011908369,0.22112674940458166,-0.0052330796891249375,-0.005343643063827229
2021-08-18,0.2752474757507397,0.2752474757507397,0.5011395456683172,0.05660695552251971,-0.0019361811421721995,-0.0019644846199334594
2021-08-19,0.18387800817219152,0.18387800817219152,0.37510395822175013,0.12603558744656707,-0.0037073628760516428,-0.0037703806697749263
2021-08-20,0.1340021354369497,0.1340021354369497,0.2752474757507397,0.09985648247101042,0.0010781533411217327,0.0010282250998862276
2021-08-23,0.15285148833577844,0.15285148833577844,0.18387800817219152,0.09136946757854819,0.0017126434570580381,0.001666958723268764
2021-08-24,0.1820253589892981,0.1820253589892981,0.1340021354369497,0.04987587273524183,0.00028410322478080005,0.00025916528841317914
2021-08-25,0.1961525701305405,0.1961525701305405,0.15285148833577844,0.018849352898828747,5.70422316012333e-05,4.7617555151818926e-05
2021-08-26,0.1728259249272714,0.1728259249272714,0.1820253589892981,0.029173870653519673,-0.0009509824598030435,-0.0009655693951298033
2021-08-27,0.24275742531158168,0.24275742531158168,0.1961525701305405,0.01412721114124238,0.001790532968187045,0.0017834693626164236
2021-08-30,0.28418994957268684,0.28418994957268684,0.1728259249272714,0.023326645203269103,-4.2803728366779715e-05,-5.446705096841427e-05
2021-08-31,0.2870724416934809,0.2870724416934809,0.24275742531158168,0.06993150038431029,-0.00012035767435428496,-0.00015532342454644012
2021-09-01,0.49942091289897605,0.49942091289897605,0.28418994957268684,0.041432524261105164,0.0025726709206442613,0.0025519546585137088
2021-09-02,0.6662806085993174,0.6662806085993174,0.2870724416934809,0.0028824921207940557,0.0011641372578808699,0.0011626960118204727
2021-09-03,0.7775204057328783,0.7775204057328783,0.49942091289897605,0.21234847120549516,0.0022618655271822445,0.002155691291579497
2021-09-07,0.8516802704885855,0.8516802704885855,0.6662806085993174,0.16685969570034132,0.0004872233992496831,0.0004037935513995125
2021-09-08,0.683703162148498,0.683703162148498,0.7775204057328783,0.11123979713356091,-0.00615372248869744,-0.00620934238726422
2021-09-09,0.5520741991631972,0.5520741991631972,0.8516802704885855,0.07415986475570724,-0.0014633458675533105,-0.0015004257999311642
2021-09-10,0.4339989968812992,0.4339989968812992,0.683703162148498,0.1679771083400875,-0.001512902106352856,-0.0015968906605228997
2021-09-13,0.46853314340857144,0.46853314340857144,0.5520741991631972,0.1316289629853008,0.004353418661516967,0.004287604180024316
2021-09-14,0.4337543497788014,0.4337543497788014,0.4339989968812992,0.118075202281898,-0.0018038666724535415,-0.0018629042735944905
2021-09-15,0.46593743074668476,0.46593743074668476,0.46853314340857144,0.034534146527272214,0.0013802756786241383,0.0013630086053605021
2021-09-16,0.4329725389237521,0.4329725389237521,0.4337543497788014,0.034778793629770044,-0.0006900655917468214,-0.0007074549885617064
2021-09-17,0.33252679203705604,0.33252679203705604,0.46593743074668476,0.03218308096788336,-0.006112053931347552,-0.006128145471831494
2021-09-20,0.19620472605823852,0.19620472605823852,0.4329725389237521,0.03296489182293266,-0.00801393151983565,-0.008030413965747116
2021-09-21,0.15123610174295649,0.15123610174295649,0.33252679203705604,0.10044574688669605,0.0032827956707711494,0.0032325727973278014
2021-09-22,0.1498248270359172,0.1498248270359172,0.19620472605823852,0.13632206597881752,0.000983555813806729,0.0009153947808173201
2021-09-23,0.23810309944208885,0.23810309944208885,0.15123610174295649,0.044968624315282035,0.0016407850928243828,0.0016183007806667418
2021-09-24,0.22323316853254194,0.22323316853254194,0.1498248270359172,0.0014112747070392784,-0.001404697199781863,-0.0014054028371353828
2021-09-27,0.206120840987148,0.206120840987148,0.23810309944208885,0.08827827240617164,-0.00014826753675786428,-0.0001924066729609501
2021-09-28,0.05452881362338635,0.05452881362338635,0.22323316853254194,0.014869930909546913,-0.004868012866175324,-0.004875447831630097
2021-09-29,-0.06360796178546924,-0.06360796178546924,0.206120840987148,0.017112327545393935,-0.00047262987418911277,-0.00048118603796180973
2021-09-30,-0.17721120164461712,-0.17721120164461712,0.05452881362338635,0.15159202736376165,-0.00021583984871024407,-0.0002916358623921249
2021-10-01,-0.23074383494195377,-0.23074383494195377,-0.06360796178546924,0.11813677540885559,-0.00015492337364909518,-0.00021399176135352297
2021-10-04,-0.3764546033569779,-0.3764546033569779,-0.17721120164461712,0.11360323985914789,0.0018582052647361502,0.0018014036448065762
2021-10-05,-0.38704333793070306,-0.38704333793070306,-0.23074383494195377,0.05353263329733665,-0.001580470058371662,-0.0016072363750203303
2021-10-06,-0.4720013355358118,-0.4720013355358118,-0.3764546033569779,0.14571076841502412,0.002512637763723547,0.002439782379516035
2021-10-07,-0.4305115571907659,-0.4305115571907659,-0.38704333793070306,0.010588734573725167,-0.0030007732479375784,-0.003006067615224441
2021-10-08,-0.40337815921841214,-0.40337815921841214,-0.4720013355358118,0.08495799760510875,6.053525590399462e-05,1.8056257101440247e-05
2021-10-11,-0.4182864724952301,-0.4182864724952301,-0.4305115571907659,0.04148977834504591,0.0013802336406093427,0.0013594887514368197
2021-10-12,-0.44897908728076885,-0.44897908728076885,-0.40337815921841214,0.027133397972353757,-0.00020753622028079694,-0.0002211029192669738
2021-10-13,-0.3675744940686356,-0.3675744940686356,-0.4182864724952301,0.014908313276817964,-0.004141483037965059,-0.004148937194603468
2021-10-14,-0.2663127852756134,-0.2663127852756134,-0.44897908728076885,0.030692614785538752,-0.00445886755572719,-0.0044742138631199595
2021-10-15,-0.163119988886982,-0.163119988886982,-0.3675744940686356,0.08140459321213322,-0.003058558370877571,-0.0030992606674836378
2021-10-18,-0.1119401110666807,-0.1119401110666807,-0.2663127852756134,0.10126170879302221,0.001132116143052167,0.0010814852886556559
2021-10-19,-0.05861624280132834,-0.05861624280132834,-0.163119988886982,0.10319279638863141,-0.0009831419961586682,-0.001034738394352984
2021-10-20,-0.02074300101758987,-0.02074300101758987,-0.1119401110666807,0.05117987782030131,-0.000391185081881934,-0.00041677502079208467
2021-10-21,-0.00458564670483254,-0.00458564670483254,-0.05861624280132834,0.053323868265352355,0.0002770367930911097,0.0002503748589584335
2021-10-22,0.02471542349994878,0.02471542349994878,-0.02074300101758987,0.03787324178373847,-0.0001244243314818341,-0.00014336095237370335
2021-10-25,0.03607429082753482,0.03607429082753482,-0.00458564670483254,0.016157354312757333,9.113463563893042e-06,1.0347864075143753e-06
2021-10-26,0.04968960087972284,0.04968960087972284,0.02471542349994878,0.029301070204781322,4.9216972686188956e-05,3.456643758379829e-05
2021-10-27,0.046536192724548925,0.046536192724548925,0.03607429082753482,0.01135886732758604,-0.00014339929983661636,-0.0001490787335004094
2021-10-28,0.08097251768534858,0.08097251768534858,0.04968960087972284,0.013615310052188016,0.00048339127205250526,0.00047658361702641123
2021-10-29,0.07778681428718856,0.07778681428718856,0.046536192724548925,0.003153408155173912,-0.00027016142028197794,-0.0002717381243595649
2021-11-01,0.14105000495300746,0.14105000495300746,0.08097251768534858,0.03443632496079965,0.0007846754688342296,0.0007674573063538297
2021-11-02,0.1624510794875514,0.1624510794875514,0.07778681428718856,0.003185703398160017,-0.00016270164276359044,-0.00016429449446267046
2021-11-03,0.2998037811721673,0.2998037811721673,0.14105000495300746,0.0632631906658189,0.0011478748006735699,0.0011162432053406605
2021-11-04,0.3698341806023495,0.3698341806023495,0.1624510794875514,0.02140107453454393,-9.933463605340995e-05,-0.00011003517332068192
2021-11-05,0.4473275714168159,0.4473275714168159,0.2998037811721673,0.13735270168461594,0.000440268842050259,0.00037159249120795107
2021-11-08,0.4937793726439873,0.4937793726439873,0.3698341806023495,0.07003039943018219,-4.5165901169128244e-05,-8.018110088421934e-05
2021-11-09,0.47977806003402146,0.47977806003402146,0.4473275714168159,0.07749339081446638,-0.0009841393672879557,-0.0010228860626951889
2021-11-10,0.3723498955662072,0.3723498955662072,0.4937793726439873,0.04645180122717141,-0.005987801829973056,-0.006011027730586641
2021-11-11,0.3136200065872458,0.3136200065872458,0.47977806003402146,0.014001312609965844,0.0017252202828156777,0.0017182196265106949
2021-11-12,0.3251465182681957,0.3251465182681957,0.3723498955662072,0.10742816446781428,0.0020240919923885524,0.0019703779101546454
2021-11-15,0.2925854993618515,0.2925854993618515,0.3136200065872458,0.058729888978961364,-0.0005779636317187588,-0.0006073285762082395
2021-11-16,0.25447031939350423,0.25447031939350423,0.3251465182681957,0.011526511680949869,-0.0007205673138122925,-0.0007263305696527674
2021-11-17,0.2022326334513076,0.2022326334513076,0.2925854993618515,0.032561018906344164,-0.0003610159064583769,-0.00037729641591154896
2021-11-18,0.17341486529422614,0.17341486529422614,0.25447031939350423,0.03811517996834729,0.0002514881161532086,0.00023243052616903496
2021-11-19,0.13109309772594147,0.13109309772594147,0.2022326334513076,0.05223768594219663,-0.001722074135505415,-0.0017481929784765133
2021-11-22,0.09109731549871813,0.09109731549871813,0.17341486529422614,0.028817768157081453,-0.0010145126331900023,-0.001028921517268543
2021-11-23,0.06247613428097437,0.06247613428097437,0.13109309772594147,0.04232176756828468,-0.00013127933085440766,-0.00015244021463854999
2021-11-24,0.03625113406987034,0.03625113406987034,0.09109731549871813,0.03999578222722333,-0.0006051205783553173,-0.0006251184694689289
2021-11-26,-0.3091659106200864,-0.3091659106200864,0.06247613428097437,0.028621181217743763,-0.0016789657872986808,-0.0016932763779075528
2021-11-29,-0.4276146009135666,-0.4276146009135666,0.03625113406987034,0.02622500021110403,0.0001832979764109195,0.0001701854763053675
2021-11-30,-0.6184097339423777,-0.6184097339423777,-0.3091659106200864,0.34541704468995676,0.0027119557400314288,0.0025392472176864506
2021-12-01,-0.7456064892949186,-0.7456064892949186,-0.4276146009135666,0.11844869029348021,0.0024485910019007157,0.0023893666567539754
2021-12-02,-0.6476288033031213,-0.6476288033031213,-0.6184097339423777,0.19079513302881113,-0.007689759401194963,-0.007785156967709368
2021-12-03,-0.6276642344343449,-0.6276642344343449,-0.7456064892949186,0.12719675535254082,0.0030846541077596003,0.00302105573008333
2021-12-06,-0.5251363057499274,-0.5251363057499274,-0.6476288033031213,0.09797768599179724,-0.006221456040316433,-0.006270444883312331
2021-12-07,-0.3219847200798211,-0.3219847200798211,-0.6276642344343449,0.0199645688687764,-0.013236148181034059,-0.013246130465468447
2021-12-08,-0.173890647717228,-0.173890647717228,-0.5251363057499274,0.10252792868441751,-0.0009918887241879882,-0.001043152688530197
2021-12-09,-0.12980554368811875,-0.12980554368811875,-0.3219847200798211,0.20315158567010633,0.002671054957150745,0.0025694791643156916
2021-12-10,-0.08644680996104567,-0.08644680996104567,-0.173890647717228,0.1480940723625931,-0.0003746804632725302,-0.00044872749945382677
2021-12-13,-0.10650154372225101,-0.10650154372225101,-0.12980554368811875,0.04408510402910926,0.0012159505862748342,0.0011939080342602795
2021-12-14,-0.15416508780721472,-0.15416508780721472,-0.08644680996104567,0.04335873372707308,0.00046032528605445517,0.0004386459191909186
2021-12-15,-0.10915169174433649,-0.10915169174433649,-0.10650154372225101,0.02005473376120534,-0.0014463403798386462,-0.0014563677467192488
2021-12-16,-0.07815804568189162,-0.07815804568189162,-0.15416508780721472,0.047663544084963705,-1.982297474913635e-05,-4.36547467916182e-05
2021-12-17,-0.1342587313502297,-0.1342587313502297,-0.10915169174433649,0.04501339606287823,0.0013779217916640282,0.001355415093632589
2021-12-20,-0.18569634958386028,-0.18569634958386028,-0.07815804568189162,0.03099364606244487,0.0001733394860719418,0.00015784266304071939
2021-12-21,-0.14291400819272004,-0.14291400819272004,-0.1342587313502297,0.05610068566833808,-0.0014921708368982292,-0.0015202211797323982
2021-12-22,-0.07546171948952615,-0.07546171948952615,-0.18569634958386028,0.05143761823363058,-0.0017289258898238959,-0.0017546446989407112
2021-12-23,-0.0032870804594219843,-0.0032870804594219843,-0.14291400819272004,0.04278234139114023,-0.0008423396795577368,-0.0008637308502533069
2021-12-27,0.09652389015362825,0.09652389015362825,-0.07546171948952615,0.06745228870319389,-0.0005863000581541185,-0.0006200262025057154
2021-12-28,0.15437703119027055,0.15437703119027055,-0.0032870804594219843,0.07217463903010417,-1.246864190802599e-06,-3.7334183705854685e-05
2021-12-29,0.1859594293283277,0.1859594293283277,0.09652389015362825,0.09981097061305023,-3.659981818881101e-05,-8.650530349533612e-05
2021-12-30,0.17966704522822016,0.17966704522822016,0.15437703119027055,0.0578531410366423,-0.00040472135781168727,-0.0004336479283300084
2021-12-31,0.17200099956505888,0.17200099956505888,0.1859594293283277,0.03158239813805716,-0.00016531926159814365,-0.00018111046066717222
2022-01-03,0.1629900040553035,0.1629900040553035,0.17966704522822016,0.006292384100107545,0.0011646396859873597,0.001161493493937306
2022-01-04,0.19650284945540333,0.19650284945540333,0.17200099956505888,0.007666045663161286,0.000977376782726433,0.0009735437598948523
2022-01-05,0.17304933112628487,0.17304933112628487,0.1629900040553035,0.00901099550975537,-0.0014326206003693026,-0.0014371260981241802
2022-01-06,0.13627536343852914,0.13627536343852914,0.19650284945540333,0.03351284540009983,-0.0009956966189545646,-0.0010124530416546144
2022-01-07,0.11767526572293195,0.11767526572293195,0.17304933112628487,0.02345351832911846,0.0005067472483834013,0.0004950204892188421
2022-01-10,0.0868537269289034,0.0868537269289034,0.13627536343852914,0.03677396768775573,-0.0012629143962171801,-0.001281301380061058
2022-01-11,0.11610915847419118,0.11610915847419118,0.11767526572293195,0.01860009771559719,0.001281717175698899,0.0012724171268411004
2022-01-12,0.24214832110566795,0.24214832110566795,0.0868537269289034,0.030821538794028547,0.0008477456000796378,0.0008323348306826235
2022-01-13,0.253760095923139,0.253760095923139,0.11610915847419118,0.02925543154528777,-0.0008454144088336052,-0.000860042124606249
2022-01-14,0.25396435514605287,0.25396435514605287,0.24214832110566795,0.12603916263147677,-0.0002449788419994643,-0.0003079984233152027
2022-01-18,0.18436767489143624,0.18436767489143624,0.253760095923139,0.011611774817471027,-0.00372609088634553,-0.0037318967737542657
2022-01-19,0.13344069321454108,0.13344069321454108,0.25396435514605287,0.00020425922291389398,-0.0002284155911257398,-0.00022851772073719673
2022-01-20,0.08126368237052985,0.08126368237052985,0.18436767489143624,0.06959668025461663,-0.0009008294727983565,-0.0009356278129256648
2022-01-21,-0.02324460145198093,-0.02324460145198093,0.13344069321454108,0.05092698167689516,-0.0018104900726331025,-0.0018359535634715502
2022-01-24,-0.18622058766083704,-0.18622058766083704,0.08126368237052985,0.05217701084401123,-0.0008090106454887503,-0.000835099150910756
2022-01-25,-0.3985884961207513,-0.3985884961207513,-0.02324460145198093,0.10450828382251078,0.000141473175248245,8.921903333698962e-05
2022-01-26,-0.5990589974138343,-0.5990589974138343,-0.18622058766083704,0.16297598620885612,0.000718895950425738,0.0006374079573213099
2022-01-27,-0.7327059982758896,-0.7327059982758896,-0.3985884961207513,0.21236790845991427,0.0018643666903059386,0.0017581827360759815
2022-01-28,-0.7029202327506274,-0.7029202327506274,-0.5990589974138343,0.20047050129308297,-0.0020108713145145607,-0.002111106565161102
2022-01-31,-0.555917081187107,-0.555917081187107,-0.7327059982758896,0.13364700086205528,-0.01068710805587938,-0.010753931556310407
2022-02-01,-0.4076022159644982,-0.4076022159644982,-0.7029202327506274,0.02978576552526213,-0.0066750949288880545,-0.006689987811650686
2022-02-02,-0.28158089277397336,-0.28158089277397336,-0.555917081187107,0.1470031515635204,-0.0041398951623089686,-0.004213396738090729
2022-02-03,-0.27970184027394007,-0.27970184027394007,-0.4076022159644982,0.14831486522260884,0.006448872430045335,0.00637471499743403
2022-02-04,-0.2491521523972417,-0.2491521523972417,-0.28158089277397336,0.12602132319052484,-0.0006679297717612509,-0.0007309404333565132
2022-02-07,-0.2147256904101392,-0.2147256904101392,-0.27970184027394007,0.0018790525000332847,-0.0004779225552377401,-0.00047886208148775674
2022-02-08,-0.16718845045830294,-0.16718845045830294,-0.2491521523972417,0.030549687876698373,-0.0012752187973991437,-0.0012904936413374929
2022-02-09,-0.06686897544197155,-0.06686897544197155,-0.2147256904101392,0.0344264619871025,-0.0034763881721172236,-0.003493601403110775
2022-02-10,-0.05602233036720013,-0.05602233036720013,-0.16718845045830294,0.04753723995183626,0.0021266297721186547,0.0021028611521427365
2022-02-11,-0.1509435198292372,-0.1509435198292372,-0.06686897544197155,0.10031947501633139,0.0010094649968422412,0.0009593052593340755
2022-02-14,-0.27241220939004823,-0.27241220939004823,-0.05602233036720013,0.010846645074771427,0.0003627202144861318,0.0003572968919487461
2022-02-15,-0.21459004848169855,-0.21459004848169855,-0.1509435198292372,0.09492118946203708,-0.0027703313912105106,-0.002817791985941529
2022-02-16,-0.15471375459394646,-0.15471375459394646,-0.27241220939004823,0.12146868956081103,-0.0010317199368692236,-0.001092454281649629
2022-02-17,-0.22047432525196264,-0.22047432525196264,-0.21459004848169855,0.057822160908349685,0.0034620122514394318,0.003433101170985257
2022-02-18,-0.30612753784794655,-0.30612753784794655,-0.15471375459394646,0.05987629388775209,0.0006547356503641698,0.0006247975034202937
2022-02-22,-0.5374183585652977,-0.5374183585652977,-0.22047432525196264,0.06576057065801619,0.0025765800428941333,0.002543699757565125
2022-02-23,-0.6916122390435319,-0.6916122390435319,-0.30612753784794655,0.08565321259598391,0.0025092311851478352,0.0024664045788498432
2022-02-24,-0.7944081593623546,-0.7944081593623546,-0.5374183585652977,0.2312908207173512,0.007208218884136771,0.007092573473778095
2022-02-25,-0.6319831169248522,-0.6319831169248522,-0.6916122390435319,0.15419388047823412,-0.01728531722295554,-0.01736241416319466
2022-02-28,-0.6836639048632542,-0.6836639048632542,-0.7944081593623546,0.10279592031882279,0.015113214746898404,0.015061816786738992
2022-03-01,-0.7891092699088362,-0.7891092699088362,-0.6319831169248522,0.16242504243750244,0.01380999162868581,0.01372877910746706
2022-03-02,-0.734150185104324,-0.734150185104324,-0.6836639048632542,0.05168078793840203,-0.00859121424214199,-0.00861705463611119
2022-03-03,-0.8227667900695493,-0.8227667900695493,-0.7891092699088362,0.105445365045582,0.015560307478069135,0.015507584795546344
2022-03-04,-0.881844526713033,-0.881844526713033,-0.734150185104324,0.05495908480451228,0.021273876636490028,0.021246397094087772
2022-03-07,-0.9212296844753554,-0.9212296844753554,-0.8227667900695493,0.08861660496522539,0.026102435962847798,0.026058127660365187
2022-03-08,-0.8944625868461922,-0.8944625868461922,-0.881844526713033,0.0590777366434837,-0.007652022520423899,-0.007681561388745641
2022-03-09,-0.7129969790353049,-0.7129969790353049,-0.9212296844753554,0.03938515776232232,-0.038532711425074175,-0.038552404003955335
2022-03-10,-0.634338008429344,-0.634338008429344,-0.8944625868461922,0.026767097629163183,0.010696849484602153,0.010683465935787572
2022-03-11,-0.61872764750816,-0.61872764750816,-0.7129969790353049,0.18146560781088727,0.0077052376212206316,0.007614504817315188
2022-03-14,-0.5730299669116636,-0.5730299669116636,-0.634338008429344,0.07865897060596094,-0.005821234363325209,-0.0058605638486281895
2022-03-15,-0.5071231730146158,-0.5071231730146158,-0.61872764750816,0.015610360921183952,-0.00589437545456406,-0.005902180635024653
2022-03-16,-0.3582908933621057,-0.3582908933621057,-0.5730299669116636,0.04569768059649637,-0.020564832547129836,-0.020587681387428083
2022-03-17,-0.23542506412673503,-0.23542506412673503,-0.5071231730146158,0.06590679389704779,-0.004269724727547412,-0.004302678124495936
2022-03-18,-0.12915433224723483,-0.12915433224723483,-0.3582908933621057,0.14883227965251017,-0.0034819745033758706,-0.0035563906432021257
2022-03-21,-0.07645252695239214,-0.07645252695239214,-0.23542506412673503,0.12286582923537065,0.0014680751832882118,0.0014066422686705264
2022-03-22,-0.021618112559787146,-0.021618112559787146,-0.12915433224723483,0.1062707318795002,-0.0012156147777164711,-0.0012687501436562212
2022-03-23,-0.012851483507483703,-0.012851483507483703,-0.07645252695239214,0.05270180529484268,0.0009918076917332396,0.0009654567890858183
2022-03-24,0.005834684599525393,0.005834684599525393,-0.021618112559787146,0.054834414392605,-0.00020126328147492247,-0.00022868048867122497
2022-03-25,0.01652321156433232,0.01652321156433232,-0.012851483507483703,0.008766629052303443,-6.975805719590769e-06,-1.1359120245742492e-05
2022-03-28,0.02037230373779482,0.02037230373779482,0.005834684599525393,0.018686168107009096,-1.8985911126027333e-05,-2.832899517953188e-05
2022-03-29,0.058638221781336236,0.058638221781336236,0.01652321156433232,0.010688526964806927,0.00036633211295173095,0.0003609878494693275
2022-03-30,0.05598731056429007,0.05598731056429007,0.02037230373779482,0.0038490921734624997,-8.403404520136648e-05,-8.595859128809773e-05
2022-03-31,0.045060187261737925,0.045060187261737925,0.058638221781336236,0.038265918043541416,-0.000971559611140324,-0.0009906925701620947
2022-04-01,0.046719532381730905,0.046719532381730905,0.05598731056429007,0.0026509112170461646,0.0005248689586768301,0.0005235435030683071
2022-04-04,0.05106982990900065,0.05106982990900065,0.045060187261737925,0.010927123302552147,0.00018196403833763876,0.0001765004766863627
2022-04-05,0.04194515315118258,0.04194515315118258,0.046719532381730905,0.0016593451199929804,-0.0006326103302542759,-0.0006334400028142723
2022-04-06,0.02461092214720393,0.02461092214720393,0.05106982990900065,0.004350297527269745,-0.0006107835689254656,-0.0006129587176891005
2022-04-07,0.01517282302795319,0.01517282302795319,0.04194515315118258,0.00912467675781807,9.230891025314941e-05,8.774657187424037e-05
2022-04-08,0.01236461701629846,0.01236461701629846,0.02461092214720393,0.01733423100397865,1.0138877126583229e-05,1.4717616245939028e-06
2022-04-11,0.0009247622553512583,0.0009247622553512583,0.01517282302795319,0.00943809911925074,-0.00016028579576334378,-0.00016500484532296916
2022-04-12,-0.0015532242310444828,-0.0015532242310444828,0.01236461701629846,0.00280820601165473,-9.25797779413386e-05,-9.398388094716596e-05
2022-04-13,0.0006746925889939879,0.0006746925889939879,0.0009247622553512583,0.011439854760947202,9.947813374619649e-06,4.227885994146048e-06
2022-04-14,-7.221489156351564e-06,-7.221489156351564e-06,-0.0015532242310444828,0.002477986486395741,7.084401057278326e-06,5.845407814080455e-06
2022-04-18,-0.0011940596020963837,-0.0011940596020963837,0.0006746925889939879,0.0022279168200384706,-3.934603861945576e-06,-5.0485622719648115e-06
2022-04-19,-0.0012471214448615158,-0.0012471214448615158,-7.221489156351564e-06,0.0006819140781503394,-3.4292321029928275e-08,-3.7524936010509803e-07
2022-04-20,-0.0002524566117199106,-0.0002524566117199106,-0.0011940596020963837,0.0011868381129400323,-7.966963967121556e-06,-8.560383023591572e-06
2022-04-21,-0.0009841951841336708,-0.0009841951841336708,-0.0012471214448615158,5.306184276513207e-05,1.3432148109892087e-05,1.3405617188509521e-05
2022-04-22,-0.009163997284870563,-0.009163997284870563,-0.0002524566117199106,0.0009946648331416053,4.123010412563175e-06,3.625677995992372e-06
2022-04-25,-0.017084907381142347,-0.017084907381142347,-0.0009841951841336708,0.0007317385724137602,4.748723219384089e-06,4.382853933177209e-06
2022-04-26,-0.1282682050355135,-0.1282682050355135,-0.009163997284870563,0.008179802100736893,0.0002561154789369585,0.00025202557788659005
2022-04-27,-0.18600328496668528,-0.18600328496668528,-0.017084907381142347,0.007920910096271784,-7.769848205118276e-05,-8.165893709931864e-05
2022-04-28,-0.18108377338716242,-0.18108377338716242,-0.1282682050355135,0.11118329765437115,-0.0018168489711703482,-0.0018724406199975337
2022-04-29,-0.21960350587838426,-0.21960350587838426,-0.18600328496668528,0.05773507993117177,0.002169390915064181,0.002140523375098595
2022-05-02,-0.25799141460936925,-0.25799141460936925,-0.18108377338716242,0.004919511579522862,0.0004484638978162538,0.0004460041420264924
2022-05-03,-0.2553804453846018,-0.2553804453846018,-0.21960350587838426,0.03851973249122184,-0.0016357294497764115,-0.0016549893160220223
2022-05-04,-0.21641530541738402,-0.21641530541738402,-0.25799141460936925,0.03838790873098499,-0.004525474273682334,-0.004544668228047827
2022-05-05,-0.3364963452626818,-0.3364963452626818,-0.2553804453846018,0.0026109692247674454,0.008222802306745252,0.008221496822132869
2022-05-06,-0.4856715281844378,-0.4856715281844378,-0.21641530541738402,0.03896513996721779,0.002102662666915457,0.002083180096931848
2022-05-09,-0.6571143521229585,-0.6571143521229585,-0.3364963452626818,0.12008103984529778,0.010154452427406315,0.010094411907483666
2022-05-10,-0.701697960204242,-0.701697960204242,-0.4856715281844378,0.14917518292175602,-0.003647809277989969,-0.003722396869450847
2022-05-11,-0.7851395921683928,-0.7851395921683928,-0.6571143521229585,0.17144282393852073,0.0038989916938942247,0.0038132702819249644
2022-05-12,-0.8567597281122619,-0.8567597281122619,-0.701697960204242,0.04458360808128348,0.0017181278557825042,0.0016958360517418624
2022-05-13,-0.7099476524106906,-0.7099476524106906,-0.7851395921683928,0.08344163196415078,-0.02180254943243948,-0.021844270248421557
2022-05-16,-0.6052339546627944,-0.6052339546627944,-0.8567597281122619,0.07162013594386907,-0.0007676563076889055,-0.0008034663756608401
2022-05-17,-0.46862926099769614,-0.46862926099769614,-0.7099476524106906,0.1468120757015713,-0.013235384240925163,-0.013308790278775948
2022-05-18,-0.47315150709970677,-0.47315150709970677,-0.6052339546627944,0.10471369774789618,0.01444419071208797,0.01439183386321402
2022-05-19,-0.41861015490433234,-0.41861015490433234,-0.46862926099769614,0.13660469366509825,-0.0044985855940125365,-0.004566887940845085
2022-05-20,-0.3572711861419896,-0.3572711861419896,-0.47315150709970677,0.00452224610201063,-0.0032335499182727973,-0.0032358110413238028
2022-05-23,-0.26083214300621715,-0.26083214300621715,-0.41861015490433234,0.054541352195374426,-0.007103426637110088,-0.007130697313207776
2022-05-24,-0.20041420611216398,-0.20041420611216398,-0.3572711861419896,0.06133896876234274,0.0005701927970067493,0.000539523312625578
2022-05-25,-0.15904600299168747,-0.15904600299168747,-0.26083214300621715,0.09643904313577245,-7.582474047300675e-05,-0.00012404426204089297
2022-05-26,-0.11402911785070328,-0.11402911785070328,-0.20041420611216398,0.06041793689405317,-0.0022129322487625253,-0.0022431412172095517
2022-05-27,-0.06979724625507758,-0.06979724625507758,-0.15904600299168747,0.04136820312047651,-0.0019197915383566836,-0.0019404756399169219
2022-05-31,-0.04615416428517584,-0.04615416428517584,-0.11402911785070328,0.04501688514098419,0.0006799816394580735,0.0006574731968875814
2022-06-01,-0.04385593874354962,-0.04385593874354962,-0.06979724625507758,0.04423187159562571,0.0007377762319395679,0.000715660296141755
2022-06-02,-0.023074531824313307,-0.023074531824313307,-0.04615416428517584,0.02364308196990174,-0.0009594689932443994,-0.0009712905342293503
2022-06-03,-0.020383509486605018,-0.020383509486605018,-0.04385593874354962,0.002298225541626217,0.0006264231823060193,0.0006252740695352063
2022-06-06,-0.013722316136932443,-0.013722316136932443,-0.023074531824313307,0.020781406919236314,-9.269467554553788e-05,-0.00010308537900515603
2022-06-07,-0.006413573140380531,-0.006413573140380531,-0.020383509486605018,0.0026910223377082897,-6.116721437068913e-05,-6.251272553954328e-05
2022-06-08,-0.018575876134107067,-0.018575876134107067,-0.013722316136932443,0.006661193349672575,0.00019159306004612177,0.00018826246337128548
2022-06-09,-0.0797718273348192,-0.0797718273348192,-0.006413573140380531,0.007308742996551912,0.00013468844334156002,0.00013103407184328407
2022-06-10,-0.24978918900582042,-0.24978918900582042,-0.018575876134107067,0.012162302993726537,0.00044835474993835776,0.0004422735984414945
2022-06-13,-0.49985945933721365,-0.49985945933721365,-0.0797718273348192,0.06119595120071214,0.002638915238640318,0.002608317263039962
2022-06-14,-0.6665729728914758,-0.6665729728914758,-0.24978918900582042,0.17001736167100123,0.002356117236174721,0.0022711085553392203
2022-06-15,-0.6506843514785661,-0.6506843514785661,-0.49985945933721365,0.25007027033139323,-0.009358189728768177,-0.009483224863933874
2022-06-16,-0.7671229009857108,-0.7671229009857108,-0.6665729728914758,0.16671351355426212,0.014679048185630716,0.014595691428853586
2022-06-17,-0.8447486006571405,-0.8447486006571405,-0.6506843514785661,0.015888621412909698,0.0026351642904552173,0.0026272199797487627
2022-06-21,-0.7878095652074077,-0.7878095652074077,-0.7671229009857108,0.11643854950714472,-0.01160427520805857,-0.011662494482812142
2022-06-22,-0.7913514872673344,-0.7913514872673344,-0.8447486006571405,0.07762569967142974,0.005684974394075394,0.005646161544239679
2022-06-23,-0.8025925435822886,-0.8025925435822886,-0.7878095652074077,0.05693903544973278,0.0008896362671324992,0.0008611667494076329
2022-06-24,-0.6721358626310401,-0.6721358626310401,-0.7913514872673344,0.00354192205992665,-0.02364355797375889,-0.02364532893478885
2022-06-27,-0.5919556563755396,-0.5919556563755396,-0.8025925435822886,0.011241056314954201,0.0033982495265035928,0.003392628998346116
2022-06-28,-0.5443017662566152,-0.5443017662566152,-0.6721358626310401,0.13045668095124852,0.0045514580527671634,0.0044862297122915396
2022-06-29,-0.5292584408255163,-0.5292584408255163,-0.5919556563755396,0.08018020625550049,0.0022525167415444365,0.0022124266384166862
2022-06-30,-0.5310983823100826,-0.5310983823100826,-0.5443017662566152,0.0476538901189244,0.00294550211902521,0.0029216751739657475
2022-07-01,-0.48395088312378576,-0.48395088312378576,-0.5292584408255163,0.015043325431098875,-0.0012704046561065041,-0.0012779263188220536
2022-07-05,-0.6559672554158572,-0.6559672554158572,-0.5310983823100826,0.001839941484566232,0.011361298786687771,0.011360378815945487
2022-07-06,-0.7580721600951612,-0.7580721600951612,-0.48395088312378576,0.04714749918629679,-0.00039476768940843726,-0.00041834143900158565
2022-07-07,-0.6712941967478108,-0.6712941967478108,-0.6559672554158572,0.17201637229207145,-0.009943802402026313,-0.01002981058817235
2022-07-08,-0.6059494497563462,-0.6059494497563462,-0.7580721600951612,0.102104904679304,-0.0008519125171433124,-0.0009029649694829643
2022-07-11,-0.7220433783393254,-0.7220433783393254,-0.6712941967478108,0.08677796334735044,0.010874116238072083,0.010830727256398408
2022-07-12,-0.8034129097733885,-0.8034129097733885,-0.6059494497563462,0.06534474699146453,9.884315789515684e-05,6.617078439942458e-05
2022-07-13,-0.8689419398489258,-0.8689419398489258,-0.7220433783393254,0.11609392858297918,0.00035319744012135904,0.0002951504758298694
2022-07-14,-0.9126279598992839,-0.9126279598992839,-0.8034129097733885,0.08136953143406311,0.01127133973065985,0.011230654964942818
2022-07-15,-0.768536818318722,-0.768536818318722,-0.8689419398489258,0.06552903007553723,-0.013801861779202148,-0.013834626294239916
2022-07-18,-0.6391573147624611,-0.6391573147624611,-0.9126279598992839,0.043686020050358154,-0.0037158566501002254,-0.0037376996601254046
2022-07-19,-0.4569579180751784,-0.4569579180751784,-0.768536818318722,0.1440911415805619,-0.020943170332164442,-0.02101521590295472
2022-07-20,-0.352727599364413,-0.352727599364413,-0.6391573147624611,0.12937950355626093,0.004238859978893753,0.004174170227115622
2022-07-21,-0.2595467073103544,-0.2595467073103544,-0.4569579180751784,0.1821993966872827,-0.004721413169813971,-0.004812512868157612
2022-07-22,-0.20416002836739183,-0.20416002836739183,-0.352727599364413,0.10423031871076538,0.0008879435114347646,0.000835828352079382
2022-07-25,-0.14871256943734706,-0.14871256943734706,-0.2595467073103544,0.0931808920540586,-0.00200594105381545,-0.0020525314998424793
2022-07-26,-0.14203842074238732,-0.14203842074238732,-0.20416002836739183,0.055386678942962564,0.002843968329626239,0.002816274990154758
2022-07-27,-0.09916577952338573,-0.09916577952338573,-0.14871256943734706,0.05544745893004477,-0.003517154315851314,-0.0035448780453163366
2022-07-28,-0.06308049072361528,-0.06308049072361528,-0.14203842074238732,0.006674148694959747,-0.0007268308977191239,-0.0007301679720666037
2022-07-29,-0.02113067802797815,-0.02113067802797815,-0.09916577952338573,0.042872641219001584,-0.001376883291954031,-0.0013983196125635319
2022-08-01,0.010109706005580851,0.010109706005580851,-0.06308049072361528,0.03608528879977045,-8.637006109192189e-05,-0.0001044127054918071
2022-08-02,0.00863458972100912,0.00863458972100912,-0.02113067802797815,0.041949812695637134,0.00033713548539300554,0.00031616057904518697
2022-08-03,0.014427684985864473,0.014427684985864473,0.010109706005580851,0.031240384033559002,5.932184945328898e-05,4.370165743650948e-05
2022-08-04,0.025589516929848583,0.025589516929848583,0.00863458972100912,0.001475116284571731,4.3742961828514846e-05,4.300540368622898e-05
2022-08-05,0.024187483218179956,0.024187483218179956,0.014427684985864473,0.005793095264855353,-0.00010137138413716772,-0.0001042679317695954
2022-08-08,0.02614090922349703,0.02614090922349703,0.025589516929848583,0.01116183194398411,5.904277050728603e-05,5.3461854535293975e-05
2022-08-09,0.019683856051114237,0.019683856051114237,0.024187483218179956,0.0014020337116686273,-0.00012991856414013912,-0.00013061958099597342
2022-08-10,0.04231662540665752,0.04231662540665752,0.02614090922349703,0.0019534260053170743,0.0005888817700774382,0.0005879050570747797
2022-08-11,0.05691712508742962,0.05691712508742962,0.019683856051114237,0.006457053172382793,-5.935069540362575e-06,-9.163596126553972e-06
2022-08-12,0.07738313280978412,0.07738313280978412,0.04231662540665752,0.02263276935554328,0.0003257571165207407,0.000314440731842969
2022-08-15,0.08414772895664377,0.08414772895664377,0.05691712508742962,0.014600499680772101,-0.0003410311661673793,-0.0003483314160077653
2022-08-16,0.07346019674357862,0.07346019674357862,0.07738313280978412,0.020466007722354504,-2.332587265633929e-05,-3.355887651751655e-05
2022-08-17,0.061421735217227595,0.061421735217227595,0.08414772895664377,0.006764596146859647,-0.0006722814197126244,-0.0006756637177860542
2022-08-18,0.05097901422685419,0.05097901422685419,0.07346019674357862,0.010687532213065148,-0.0002455697178492658,-0.0002509134839557984
2022-08-19,0.03435388064837858,0.03435388064837858,0.061421735217227595,0.012038461526351026,-0.000842796312409122,-0.0008488155431722976
2022-08-22,0.0012183493270725293,0.0012183493270725293,0.05097901422685419,0.010442720990373404,-0.0008668532494402241,-0.0008720746099354108
2022-08-23,-0.020452094451930806,-0.020452094451930806,0.03435388064837858,0.016625133578475608,1.620742996699371e-05,7.894863177755905e-06
2022-08-24,-0.01754804040560088,-0.01754804040560088,0.0012183493270725293,0.033135531321306054,1.531944567575068e-06,-1.503582109307796e-05
2022-08-25,-0.013827933825895092,-0.013827933825895092,-0.020452094451930806,0.021670443779003335,-0.00022474770103816528,-0.00023558292292766696
2022-08-26,-0.05171713859698021,-0.05171713859698021,-0.01754804040560088,0.0029040540463299257,0.00046049952382961983,0.0004590474968064549
2022-08-29,-0.08080394528709106,-0.08080394528709106,-0.013827933825895092,0.0037201065797057876,3.0870954066083814e-05,2.901090077623092e-05
2022-08-30,-0.12128435251213715,-0.12128435251213715,-0.05171713859698021,0.03788920477108512,0.00037194837868079374,0.0003530037762952512
2022-08-31,-0.17877320128365976,-0.17877320128365976,-0.08080394528709106,0.02908680669011085,0.0005463205273892583,0.000531777124044203
2022-09-01,-0.3239917490991309,-0.3239917490991309,-0.12128435251213715,0.04048040722504609,0.0016315426180972157,0.0016113024144846927
2022-09-02,-0.5359340157102601,-0.5359340157102601,-0.17877320128365976,0.057488848771522605,0.0011747946682815543,0.001146050243895793
2022-09-06,-0.6906226771401734,-0.6906226771401734,-0.3239917490991309,0.14521854781547117,0.00080367195758986,0.0007310626836821244
2022-09-07,-0.6393186798363438,-0.6393186798363438,-0.5359340157102601,0.2119422666111292,-0.004709021286786428,-0.004814992420091992
2022-09-08,-0.6061237341879113,-0.6061237341879113,-0.6906226771401734,0.15468866142991333,-0.00045395745095593834,-0.000531301781670895
2022-09-09,-0.4551649946592927,-0.4551649946592927,-0.6393186798363438,0.05130399730382962,-0.01627435760650328,-0.016300009605155198
2022-09-12,-0.3086662735866223,-0.3086662735866223,-0.6061237341879113,0.033194945648432506,-0.008445257074616623,-0.008461854547440839
2022-09-13,-0.3956973196310397,-0.3956973196310397,-0.4551649946592927,0.1509587395286186,0.015816803645607887,0.015741324275843578
2022-09-14,-0.42801765821740134,-0.42801765821740134,-0.3086662735866223,0.14649872107267042,-0.00101020556831878,-0.0010834549288551152
2022-09-15,-0.5284277553420929,-0.5284277553420929,-0.3956973196310397,0.08703104604441741,0.003485175232442558,0.0034416597094203494
2022-09-16,-0.6668406930737614,-0.6668406930737614,-0.42801765821740134,0.03232033858636163,0.0026060141671057045,0.0025898539978125236
2022-09-19,-0.7145376447860248,-0.7145376447860248,-0.5284277553420929,0.10041009712469151,-0.0018372740619453194,-0.0018874791105076652
2022-09-20,-0.8096917631906833,-0.8096917631906833,-0.6668406930737614,0.13841293773166852,0.011332203280363145,0.011262996811497311
2022-09-21,-0.8731278421271222,-0.8731278421271222,-0.7145376447860248,0.0476969517122634,0.009354495725809821,0.009330647249953689
2022-09-22,-0.9154185614180816,-0.9154185614180816,-0.8096917631906833,0.09515411840465848,0.002340898969720358,0.0022933219105180287
2022-09-23,-0.9436123742787212,-0.9436123742787212,-0.8731278421271222,0.06343607893643899,0.02784837350826852,0.0278166554688003
2022-09-26,-0.9624082495191475,-0.9624082495191475,-0.9154185614180816,0.0422907192909594,0.01354739836177758,0.0135262530021321
2022-09-27,-0.9749388330127651,-0.9749388330127651,-0.9436123742787212,0.0281938128606396,0.006412307678411805,0.006398210771981485
2022-09-28,-0.821966160589279,-0.821966160589279,-0.9624082495191475,0.018795875240426252,-0.023219785043120746,-0.023229182980740958
2022-09-29,-0.786325235162145,-0.786325235162145,-0.9749388330127651,0.012530583493617575,0.011484019189872342,0.011477753898125533
2022-09-30,-0.7886038753770492,-0.7886038753770492,-0.821966160589279,0.1529726724234861,0.002924582739745113,0.00284809640353337
2022-10-03,-0.6936623126997034,-0.6936623126997034,-0.786325235162145,0.03564092542713393,-0.015583339680741442,-0.01560116014345501
2022-10-04,-0.5221400875346984,-0.5221400875346984,-0.7886038753770492,0.002278640214904204,-0.03161592478892258,-0.03161706410903003
2022-10-05,-0.4357143632508371,-0.4357143632508371,-0.6936623126997034,0.09494156267734588,0.007355786745040493,0.007308315963701821
2022-10-06,-0.4349735506828739,-0.4349735506828739,-0.5221400875346984,0.17152222516500493,0.009149467190072395,0.009063706077489892
2022-10-07,-0.48946484334521423,-0.48946484334521423,-0.4357143632508371,0.0864257242838613,0.006941237977713835,0.006898025115571904
2022-10-10,-0.5516622543791159,-0.5516622543791159,-0.4349735506828739,0.0007408125679632116,0.002449284208812523,0.0024489138025285415
2022-10-11,-0.657507985631735,-0.657507985631735,-0.48946484334521423,0.05449129266234032,0.005370155400929675,0.005342909754598504
2022-10-12,-0.7483760722230903,-0.7483760722230903,-0.5516622543791159,0.06219741103390164,0.0017767144138008176,0.0017456157082838667
2022-10-13,-0.6925421470057284,-0.6925421470057284,-0.657507985631735,0.10584573125261909,-0.01357278582732285,-0.013625708692949158
2022-10-14,-0.7381000545533245,-0.7381000545533245,-0.7483760722230903,0.09086808659135537,0.01118753038546339,0.011142096342167711
2022-10-17,-0.6502416326589253,-0.6502416326589253,-0.6925421470057284,0.05583392521736197,-0.01706319193802342,-0.0170911089006321
2022-10-18,-0.5347906441798662,-0.5347906441798662,-0.7381000545533245,0.045557907547596144,-0.0052730604678514455,-0.0052958394216252435
2022-10-19,-0.5042014771508989,-0.5042014771508989,-0.6502416326589253,0.08785842189439919,0.007987442097405602,0.007943512886458403
2022-10-20,-0.48918875262123274,-0.48918875262123274,-0.5347906441798662,0.1154509884790591,0.0012177651239750156,0.001160039629735486
2022-10-21,-0.41408498841476415,-0.41408498841476415,-0.5042014771508989,0.0305891670289673,-0.009117393311184168,-0.009132687894698652
2022-10-24,-0.36285031249523275,-0.36285031249523275,-0.48918875262123274,0.015012724529666177,-8.440679023786872e-05,-9.19131525027018e-05
2022-10-25,-0.281230056670031,-0.281230056670031,-0.41408498841476415,0.07510376420646858,-0.009138419439529932,-0.009175971321633166
2022-10-26,-0.21091574529410978,-0.21091574529410978,-0.36285031249523275,0.0512346759195314,-0.0034277476036118876,-0.003453364941571653
2022-10-27,-0.17868856764688168,-0.17868856764688168,-0.281230056670031,0.08162025582520177,0.0026318411005949397,0.002591030972682339
2022-10-28,-0.1362619575957791,-0.1362619575957791,-0.21091574529410978,0.0703143113759212,-0.00209920352184256,-0.0021343606775305205
2022-10-31,-0.11491309335209687,-0.11491309335209687,-0.17868856764688168,0.0322271776472281,0.0016713997968812984,0.0016552862080576843
2022-11-01,-0.09242221567479295,-0.09242221567479295,-0.1362619575957791,0.04242661005110257,-0.0010798146111937262,-0.0011010279162192774
2022-11-02,-0.09605955362346114,-0.09605955362346114,-0.11491309335209687,0.021348864243682236,0.0016723864636443082,0.001661712031522467
2022-11-03,-0.11875980901327819,-0.11875980901327819,-0.09242221567479295,0.022490877677303928,0.0007844375523681972,0.0007731921135295453
2022-11-04,-0.08284782065463991,-0.08284782065463991,-0.09605955362346114,0.00363733794866819,-0.0038483134039909816,-0.0038501320729653157
2022-11-07,-0.04907813023982187,-0.04907813023982187,-0.11875980901327819,0.022700255389817056,-0.0003714293534175363,-0.00038277948111244483
2022-11-08,-0.009881550411960326,-0.009881550411960326,-0.08284782065463991,0.03591198835863828,-0.0009380607768173324,-0.0009560167709966515
2022-11-09,0.001993786213706746,0.001993786213706746,-0.04907813023982187,0.033769690414818046,0.0006848529257814651,0.000667968080574056
2022-11-10,0.19346214008024396,0.19346214008024396,-0.009881550411960326,0.03919657982786154,-0.0005544859486159838,-0.0005740842385299146
2022-11-11,0.4623080933868293,0.4623080933868293,0.001993786213706746,0.011875336625667072,3.976385486093167e-05,3.3826186548098134e-05
2022-11-14,0.5632848856737127,0.5632848856737127,0.19346214008024396,0.1914683538665372,-0.0020392840210100636,-0.002135018197943332
2022-11-15,0.6772644646164048,0.6772644646164048,0.4623080933868293,0.26884595330658534,0.0030692895399961344,0.0029348665633428415
2022-11-16,0.7341819466847808,0.7341819466847808,0.5632848856737127,0.10097679228688339,-0.0012958075200598072,-0.0013462959162032489
2022-11-17,0.767302457450153,0.767302457450153,0.6772644646164048,0.11397957894269206,-0.0003124367960748756,-0.0003694265855462216
2022-11-18,0.7997225750698069,0.7997225750698069,0.7341819466847808,0.05691748206837599,0.0014679000607564824,0.0014394413197222943
2022-11-21,0.76675064235876,0.76675064235876,0.767302457450153,0.03312051076537226,-0.005770906954592559,-0.005787467209975245
2022-11-22,0.8445004282391735,0.8445004282391735,0.7997225750698069,0.03242011761965391,0.011131246829396186,0.011115036770586359
2022-11-23,0.8963336188261157,0.8963336188261157,0.76675064235876,0.032971932711046925,0.0084207055645718,0.008404219598216276
2022-11-25,0.9308890792174105,0.9308890792174105,0.8445004282391735,0.07774978588041348,0.0043320465229444065,0.0042931716300042
2022-11-28,0.7347095256958459,0.7347095256958459,0.8963336188261157,0.051833190586942246,-0.01157071218550236,-0.011596628780795832
2022-11-29,0.6117306228383866,0.6117306228383866,0.9308890792174105,0.03455546039129476,0.0026895481374078433,0.002672270407212196
2022-11-30,0.7411537485589245,0.7411537485589245,0.7347095256958459,0.19617955352156458,0.013034353524362219,0.012936263747601437
2022-12-01,0.8274358323726163,0.8274358323726163,0.6117306228383866,0.12297890285745927,0.0059239619029326325,0.0058624724515039025
2022-12-02,0.8675303846713951,0.8675303846713951,0.7411537485589245,0.12942312572053782,-0.0005467605670093694,-0.0006114721298696383
2022-12-05,0.735698960513912,0.735698960513912,0.8274358323726163,0.08628208381369185,-0.01087442658339705,-0.010917567625303897
2022-12-06,0.6116609625188102,0.6116609625188102,0.8675303846713951,0.040094552298778785,-0.003894398855096143,-0.003914446131245532
2022-12-07,0.5240018195920348,0.5240018195920348,0.735698960513912,0.13183142415748306,0.0,-6.591571207874153e-05
2022-12-08,0.4935901754873408,0.4935901754873408,0.6116609625188102,0.12403799799510185,0.0031259350446789674,0.0030639160456814164
2022-12-09,0.4768479712366513,0.4768479712366513,0.5240018195920348,0.08765914292677535,0.00031346055562465116,0.0002696309841612635
2022-12-12,0.46741053434209495,0.46741053434209495,0.4935901754873408,0.030411644104694047,0.001475394927430587,0.00146018910537824
2022-12-13,0.6449403562280633,0.6449403562280633,0.4768479712366513,0.016742204250689507,0.006762881953779999,0.006754510851654654
2022-12-14,0.7363112732788879,0.7363112732788879,0.46741053434209495,0.00943743689455634,-0.0004135531068366521,-0.0004182718252839303
2022-12-15,0.5813193748389395,0.5813193748389395,0.6449403562280633,0.1775298218859684,-0.016473549479417517,-0.016562314390360502
2022-12-16,0.450910380357327,0.450910380357327,0.7363112732788879,0.09137091705082456,-0.006470590455343672,-0.006516275913869084
2022-12-19,0.3554620753163833,0.3554620753163833,0.5813193748389395,0.15499189843994843,-0.0014216826290192179,-0.001499178578239192
2022-12-20,0.3056393806560749,0.3056393806560749,0.450910380357327,0.13040899448161247,0.00179637357354385,0.0017311690763030438
2022-12-21,0.32017554900349965,0.32017554900349965,0.3554620753163833,0.0954483050409437,0.0036891342254646523,0.0036414100729441805
2022-12-22,0.3003681104007663,0.3003681104007663,0.3056393806560749,0.04982269466030842,-0.002493081267529593,-0.002517992614859747
2022-12-23,0.30280308625040436,0.30280308625040436,0.32017554900349965,0.014536168347424772,0.0011215658065134332,0.0011142977223397208
2022-12-27,0.3101314836936447,0.3101314836936447,0.3003681104007663,0.019807438602733374,0.00045582568037235224,0.00044592196107098555
2022-12-28,0.26402669514345006,0.26402669514345006,0.30280308625040436,0.002434975849638088,-0.003212046397863625,-0.003213263885788444
2022-12-29,0.32651945520355086,0.32651945520355086,0.3101314836936447,0.00732839744324032,0.004892540529157968,0.004888876330436348
2022-12-30,0.28012068138545826,0.28012068138545826,0.26402669514345006,0.04610478855019462,-0.002707142755115484,-0.0027301951493905814
2023-01-03,0.28344076637704846,0.28344076637704846,0.32651945520355086,0.062492760060100794,0.002885182690871079,0.0028539363108410288
2023-01-04,0.3915416194732021,0.3915416194732021,0.28012068138545826,0.0463987738180926,0.003722547647728599,0.003699348260819553
2023-01-05,0.40245906911095813,0.40245906911095813,0.28344076637704846,0.0033200849915901998,-0.0028301757415395553,-0.0028318357840353505
2023-01-06,0.6016393794073054,0.6016393794073054,0.3915416194732021,0.10810085309615364,0.010019766991617043,0.009965716565068967
2023-01-09,0.7344262529382036,0.7344262529382036,0.40245906911095813,0.010917449637756038,0.0017131263918191576,0.0017076676670002796
2023-01-10,0.8229508352921358,0.8229508352921358,0.6016393794073054,0.19918031029634725,0.001758784525433072,0.0016591943702848983
2023-01-11,0.8819672235280906,0.8819672235280906,0.7344262529382036,0.13278687353089824,0.005565385603410221,0.005498992166644772
2023-01-12,0.9213114823520605,0.9213114823520605,0.8229508352921358,0.08852458235393212,0.012140771782332228,0.012096509491155262
2023-01-13,0.947540988234707,0.947540988234707,0.8819672235280906,0.0590163882359549,0.004651051467524909,0.004621543273406932
2023-01-17,0.9650273254898047,0.9650273254898047,0.9213114823520605,0.03934425882396986,0.0028738583729639895,0.0028541862435520044
2023-01-18,0.9275501315390065,0.9275501315390065,0.947540988234707,0.026229505882646498,-0.003348156733647762,-0.0033612714865890853
2023-01-19,0.8838438616110503,0.8838438616110503,0.9650273254898047,0.01748633725509774,-0.001505663532417271,-0.00151440670104482
2023-01-20,0.9225625744073669,0.9225625744073669,0.9275501315390065,0.03747719395079829,0.00816995558647983,0.00815121698950443
2023-01-23,0.9483750496049113,0.9483750496049113,0.8838438616110503,0.04370626992795612,0.0036095711056639136,0.0035877179706999356
2023-01-24,0.9191877558239246,0.9191877558239246,0.9225625744073669,0.03871871279631656,-0.0011645843962510183,-0.0011839437526491765
2023-01-25,0.9461251705492832,0.9461251705492832,0.9483750496049113,0.02581247519754437,0.006259427822788079,0.006246521585189306
2023-01-26,0.9640834470328556,0.9640834470328556,0.9191877558239246,0.029187293780986612,0.0007693027716864772,0.0007547091247959839
2023-01-27,0.8742233583498512,0.8742233583498512,0.9461251705492832,0.0269374147253586,-0.001846305967521401,-0.0018597746748840803
2023-01-30,0.6841074847091173,0.6841074847091173,0.9640834470328556,0.0179582764835724,-0.0061936830560304,-0.006202662194272186
2023-01-31,0.6921414792691496,0.6921414792691496,0.8742233583498512,0.08986008868300444,0.0050383104402090895,0.004993380395867587
2023-02-01,0.7947609861794331,0.7947609861794331,0.6841074847091173,0.1901158736407339,0.006119263861274666,0.006024205924454299
2023-02-02,0.8110800435238916,0.8110800435238916,0.6921414792691496,0.008033994560032287,-0.0009588628027620705,-0.0009628798000420867
2023-02-03,0.6586597517285784,0.6586597517285784,0.7947609861794331,0.10261950691028354,-0.00738639287982851,-0.007437702633283651
2023-02-06,0.5068387237750882,0.5068387237750882,0.8110800435238916,0.016319057344458487,-0.008290263093562894,-0.008298422622235124
2023-02-07,0.4408555783238774,0.4408555783238774,0.6586597517285784,0.15242029179531325,0.0055906085405736106,0.005514398394675954
2023-02-08,0.37973615634572083,0.37973615634572083,0.5068387237750882,0.15182102795349017,-0.003128236817928542,-0.003204147331905287
2023-02-09,0.3568853758157142,0.3568853758157142,0.4408555783238774,0.06598314545121081,0.0008088857330921911,0.0007758941603665856
2023-02-10,0.31968806441394926,0.31968806441394926,0.37973615634572083,0.06111942197815656,-0.0016584534600957478,-0.001689013171084826
2023-02-13,0.37864392552152715,0.37864392552152715,0.3568853758157142,0.02285078053000661,0.003585488947423323,0.0035740635571583196
2023-02-14,0.43310516560401235,0.43310516560401235,0.31968806441394926,0.037197311401764965,0.0005822877312965208,0.0005636890755956383
2023-02-15,0.41082165091526546,0.41082165091526546,0.37864392552152715,0.05895586110757789,-0.0016944896427537129,-0.0017239675733075018
2023-02-16,0.36313695690261266,0.36313695690261266,0.43310516560401235,0.05446124008248521,-0.0021292575369587442,-0.002156488156999987
2023-02-17,0.3244546887828974,0.3244546887828974,0.41082165091526546,0.022283514688746897,0.0010438759025665956,0.001032734145222222
2023-02-21,0.25347842618764904,0.25347842618764904,0.36313695690261266,0.047684694012652795,-0.003988304908750304,-0.00401214725575663
2023-02-22,0.18589241109208735,0.18589241109208735,0.3244546887828974,0.03868226811971526,-0.001801506340210053,-0.0018208474742699107
2023-02-23,0.15301420324396126,0.15301420324396126,0.25347842618764904,0.07097626259524836,0.0013064386949613903,0.0012709505636637661
2023-02-24,0.11260476448975897,0.11260476448975897,0.18589241109208735,0.0675860150955617,-0.003097776873130227,-0.003131569880678008
2023-02-27,0.1231435267488044,0.1231435267488044,0.15301420324396126,0.03287820784812609,0.001817373392047805,0.001800934288123742
2023-02-28,0.10487224403988502,0.10487224403988502,0.11260476448975897,0.04040943875420229,-0.0008220533053440815,-0.0008422580247211827
2023-03-01,0.1097081229805167,0.1097081229805167,0.1231435267488044,0.010538762259045431,0.0006570047000463829,0.0006517353189168602
2023-03-02,0.1200882411376809,0.1200882411376809,0.10487224403988502,0.01827128270891938,0.0002105876218024454,0.00020145198044798572
2023-03-03,0.21357974223844545,0.21357974223844545,0.1097081229805167,0.0048358789406316854,0.0016018136626435705,0.0015993957231732548
2023-03-06,0.2596660971689454,0.2596660971689454,0.1200882411376809,0.010380118157164206,-0.00030496561516046486,-0.000310155674239047
2023-03-07,0.2164328909345778,0.2164328909345778,0.21357974223844545,0.09349150110076454,-0.003564736167622164,-0.0036114819181725464
2023-03-08,0.2094165868789855,0.2094165868789855,0.2596660971689454,0.04608635493049995,0.001419401947231728,0.001396358769766478
2023-03-09,0.17631797051941045,0.17631797051941045,0.2164328909345778,0.043233206234367605,-0.001579143097414474,-0.0016007597005316576
2023-03-10,0.11805672895752105,0.11805672895752105,0.2094165868789855,0.007016304055592282,-0.0022332637891666245,-0.002236771941194421
2023-03-13,0.061875994474946766,0.061875994474946766,0.17631797051941045,0.03309861635957506,-0.0012071229778824026,-0.00122367228606219
2023-03-14,0.06055482394469511,0.06055482394469511,0.11805672895752105,0.0582612415618894,0.001575667108485736,0.0015465364877047913
2023-03-15,-0.07431822492607609,-0.07431822492607609,0.061875994474946766,0.05618073448257428,-0.00191654490018173,-0.0019446352674230172
2023-03-16,-0.09162766396285513,-0.09162766396285513,0.06055482394469511,0.0013211705302516585,0.0009406648577286782,0.0009400042724635524
2023-03-17,-0.15780345594026182,-0.15780345594026182,-0.07431822492607609,0.1348730488707712,0.0008853946369453919,0.0008179581125100063
2023-03-20,-0.13246639600445936,-0.13246639600445936,-0.09162766396285513,0.017309439036779034,-0.0014321137492536125,-0.0014407684687720022
2023-03-21,-0.04910944550922701,-0.04910944550922701,-0.15780345594026182,0.0661757919774067,-0.002382160072710549,-0.002415247968699252
2023-03-22,-0.009233552595990825,-0.009233552595990825,-0.13246639600445936,0.02533705993580246,0.00045900032265704013,0.0004463317926891389
2023-03-23,0.017826961373122008,0.017826961373122008,-0.04910944550922701,0.08335695049523235,-7.121348596836109e-06,-4.8799823844452285e-05
2023-03-24,0.022240050437335512,0.022240050437335512,-0.009233552595990825,0.039875892913236184,2.8090575227672766e-05,8.152628771054675e-06
2023-03-27,0.056989626568939925,0.056989626568939925,0.017826961373122008,0.027060513969112833,0.00016837499697320958,0.00015484473998865315
2023-03-28,0.08157229674801961,0.08157229674801961,0.022240050437335512,0.0044130890642135046,9.604202268485413e-06,7.397657736378661e-06
2023-03-29,0.11061347087822893,0.11061347087822893,0.056989626568939925,0.03474957613160441,0.0006887874829274345,0.0006714126948616323
2023-03-30,0.18882085351531602,0.18882085351531602,0.08157229674801961,0.024582670179079683,0.0009509459051861045,0.0009386545700965646
2023-03-31,0.25358527291157185,0.25358527291157185,0.11061347087822893,0.02904117413020932,0.0005595980550293203,0.0005450774679642157
2023-04-03,0.44427443572630904,0.44427443572630904,0.18882085351531602,0.0782073826370871,0.0015048584846597,0.0014657547933411563
2023-04-04,0.5715823204472963,0.5715823204472963,0.25358527291157185,0.06476441939625582,3.519135111315964e-05,2.8091414150317298e-06
2023-04-05,0.49954545427764896,0.49954545427764896,0.44427443572630904,0.1906891628147372,-0.0030809976328477363,-0.003176342214255105
2023-04-06,0.541907890657539,0.541907890657539,0.5715823204472963,0.12730788472098725,0.0027142619875856443,0.0026506080452251505
2023-04-10,0.5457934671190324,0.5457934671190324,0.49954545427764896,0.07203686616964733,-0.00034716753550821596,-0.0003831859685930396
2023-04-11,0.6576369158641684,0.6576369158641684,0.541907890657539,0.04236243637989001,0.0018090657808754892,0.0017878845626855442
2023-04-12,0.7717579439094456,0.7717579439094456,0.5457934671190324,0.0038855764614934563,0.0034806775523628384,0.0034787347641320916
2023-04-13,0.8478386292729638,0.8478386292729638,0.6576369158641684,0.11184344874513596,0.008425351269945255,0.008369429545572687
2023-04-14,0.766911688934496,0.766911688934496,0.7717579439094456,0.11412102804527724,-0.003149098331716813,-0.0032061588457394513
2023-04-17,0.6784043698792694,0.6784043698792694,0.8478386292729638,0.0760806853635182,-0.0015052694239589017,-0.0015433097666406608
2023-04-18,0.768506489531195,0.768506489531195,0.766911688934496,0.08092694033846781,0.004197186843263834,0.0041567233730946005
2023-04-19,0.730786354856479,0.730786354856479,0.6784043698792694,0.08850731905522657,-0.0021232340649352728,-0.002167487724462886
2023-04-20,0.6836027257637003,0.6836027257637003,0.768506489531195,0.0901021196519256,0.0,-4.50510598259628e-05
2023-04-21,0.7890684838424669,0.7890684838424669,0.730786354856479,0.03772013467471602,0.0036907262131341454,0.0036718661457967876
2023-04-24,0.8593789892283112,0.8593789892283112,0.6836027257637003,0.047183629092778734,0.0017641419975790529,0.0017405501830326635
2023-04-25,0.6799113242909611,0.6799113242909611,0.7890684838424669,0.10546575807876657,-0.011009755864908492,-0.011062488743947874
2023-04-26,0.5497705696491539,0.5497705696491539,0.8593789892283112,0.07031050538584438,-0.0005902657002091232,-0.0006254209529020454
2023-04-27,0.6358880522150088,0.6358880522150088,0.6799113242909611,0.1794676649373501,0.008505813173568532,0.008416079341099857
2023-04-28,0.6819587739519157,0.6819587739519157,0.5497705696491539,0.1301407546418072,-0.00022390811633281538,-0.000288978493653719
2023-05-01,0.679270639897945,0.679270639897945,0.6358880522150088,0.08611748256585483,-0.0009500846410256833,-0.0009931433823086107
2023-05-02,0.5584700545245198,0.5584700545245198,0.6819587739519157,0.04607072173690696,-0.006865070584220973,-0.006888105945089426
2023-05-03,0.5038457563553285,0.5038457563553285,0.679270639897945,0.0026881340539707255,0.0017734396177874674,0.001772095550760482
2023-05-04,0.4500337283662923,0.4500337283662923,0.5584700545245198,0.1208005853734252,-0.001148076766387916,-0.0012084770590746288
2023-05-05,0.6333558189108616,0.6333558189108616,0.5038457563553285,0.05462429816919134,0.00740434691574854,0.007377034766663944
2023-05-08,0.7555705459405744,0.7555705459405744,0.4500337283662923,0.05381202798903617,0.00012193275512698847,9.502674113247038e-05
2023-05-09,0.7412479765389571,0.7412479765389571,0.6333558189108616,0.18332209054456927,-0.0025712155944462157,-0.0026628766397185
2023-05-10,0.6978042924982213,0.6978042924982213,0.7555705459405744,0.12221472702971281,-0.0015399351539436294,-0.0016010425174584858
2023-05-11,0.6032707403454574,0.6032707403454574,0.7412479765389571,0.014322569401617247,-0.0018164576223512615,-0.0018236189070520701
2023-05-12,0.5192400105099658,0.5192400105099658,0.6978042924982213,0.04344368404073584,-0.0012380498521597073,-0.0012597716941800752
2023-05-15,0.604439805514901,0.604439805514901,0.6032707403454574,0.09453355215276393,0.004618847931466496,0.004571581155390114
2023-05-16,0.5102431091561014,0.5102431091561014,0.5192400105099658,0.08403072983549154,-0.004931742151697677,-0.004973757516615423
2023-05-17,0.5069577775232172,0.5069577775232172,0.604439805514901,0.08519979500493513,0.002815280636291235,0.002772680738788767
2023-05-18,0.4845203041229894,0.4845203041229894,0.5102431091561014,0.09419669635879957,-0.0007652682480116112,-0.000812366596191011
2023-05-19,0.529505197678485,0.529505197678485,0.5069577775232172,0.0032853316328841364,0.0029768511331550265,0.0029752084673385845
2023-05-22,0.5728801718799893,0.5728801718799893,0.4845203041229894,0.022437473400227836,0.00013150020340798056,0.00012028146670786664
2023-05-23,0.4582050407337549,0.4582050407337549,0.529505197678485,0.04498489355549562,-0.007761505613187514,-0.007783998059965261
2023-05-24,0.341554563277791,0.341554563277791,0.5728801718799893,0.04337497420150427,-0.00836433025897217,-0.008386017746072921
2023-05-25,0.26025532110338445,0.26025532110338445,0.4582050407337549,0.1146751311462344,-0.0006404629286752396,-0.0006978004942483568
2023-05-26,0.2510543710732149,0.2510543710732149,0.341554563277791,0.11665047745596391,0.0033466910391858683,0.0032883658004578863
2023-05-30,0.20487048911304062,0.20487048911304062,0.26025532110338445,0.08129924217440654,-0.0026336039933833487,-0.002674253614470552
2023-05-31,0.14714816319748628,0.14714816319748628,0.2510543710732149,0.009200950030169575,-0.002601579486153127,-0.002606179961168212
2023-06-01,0.16480290840868966,0.16480290840868966,0.20487048911304062,0.046183881960174256,0.0030439214894537035,0.0030208295484736164
2023-06-02,0.2583115124466743,0.2583115124466743,0.14714816319748628,0.057722325915554346,0.001908082385018058,0.001879221222060281
2023-06-05,0.28175633204574135,0.28175633204574135,0.16480290840868966,0.017654745211203388,-0.0009527526182179149,-0.0009615799908235166
2023-06-06,0.35907907706755154,0.35907907706755154,0.2583115124466743,0.09350860403798461,0.002145749472934939,0.0020989951709159465
2023-06-07,0.344418962258998,0.344418962258998,0.28175633204574135,0.02344481959906708,-0.002478015026957704,-0.0024897374367572377
2023-06-08,0.4006439611608856,0.4006439611608856,0.35907907706755154,0.07732274502181019,0.0037989848914433237,0.0037603235189324186
2023-06-09,0.43397639963086576,0.43397639963086576,0.344418962258998,0.01466011480855356,-0.000576890330771452,-0.0005842203881757289
2023-06-12,0.49399481305637327,0.49399481305637327,0.4006439611608856,0.05622499890188759,0.0017365214176695172,0.0017084089182185735
2023-06-13,0.6465065880522588,0.6465065880522588,0.43397639963086576,0.033332438469980186,0.004108418741008925,0.004091752521773935
2023-06-14,0.7643377253681726,0.7643377253681726,0.49399481305637327,0.06001841342550751,0.001839382820096218,0.0018093736133834642
2023-06-15,0.8428918169121151,0.8428918169121151,0.6465065880522588,0.15251177499588553,0.006839877905843973,0.00676362201834603
2023-06-16,0.8444772570085843,0.8444772570085843,0.7643377253681726,0.11783113731591377,-0.001662600982640549,-0.001721516551298506
2023-06-20,0.6900146095868074,0.6900146095868074,0.8428918169121151,0.07855409154394255,-0.011140444907490447,-0.011179721953262419
2023-06-21,0.5809825952895263,0.5809825952895263,0.8444772570085843,0.001585440096469215,0.0012827231423383574,0.0012819304222901227
2023-06-22,0.4579734355417368,0.4579734355417368,0.6900146095868074,0.15446264742177696,-0.00428118419655237,-0.004358415520263259
2023-06-23,0.28426494152359616,0.28426494152359616,0.5809825952895263,0.10903201429728104,-0.009027499529815826,-0.009082015536964467
2023-06-26,0.15999108204992546,0.15999108204992546,0.4579734355417368,0.12300915974778953,0.000580925596970909,0.0005194210170970143
2023-06-27,0.12449235502991222,0.12449235502991222,0.28426494152359616,0.17370849401814065,0.002480494296634745,0.002393640049625675
2023-06-28,0.1027307174214814,0.1027307174214814,0.15999108204992546,0.1242738594736707,0.00011163801278382969,4.950108304699433e-05
2023-06-29,0.0807347173612775,0.0807347173612775,0.12449235502991222,0.035498727020013235,-0.00017358542777518962,-0.00019133479128519623
2023-06-30,0.14522683458948424,0.14522683458948424,0.1027307174214814,0.02176163760843082,0.0012622551273827078,0.0012513743085784924
2023-07-03,0.1795431742434268,0.1795431742434268,0.0807347173612775,0.0219960000602039,-8.907015073955026e-05,-0.0001000681507696522
2023-07-05,0.13064887376451462,0.13064887376451462,0.14522683458948424,0.06449211722820673,-0.0016243502632332194,-0.0016565963218473229
2023-07-06,-0.016087910393227697,-0.016087910393227697,0.1795431742434268,0.03431633965394257,-0.0031089665274215204,-0.0031261246972484917
2023-07-07,-0.058133878147196276,-0.058133878147196276,0.13064887376451462,0.04889430047891219,0.0009839909752097928,0.0009595438249703367
2023-07-10,-0.06308658434840206,-0.06308658434840206,-0.016087910393227697,0.14673678415774233,-4.5385015258973664e-05,-0.00011875340733784482
2023-07-11,-0.01940436814819038,-0.01940436814819038,-0.058133878147196276,0.04204596775396858,-0.0005232722691121178,-0.0005442952529891021
2023-07-12,0.19710221526772254,0.19710221526772254,-0.06308658434840206,0.004952706201205782,-0.0012047487664585818,-0.0012072251195591847
2023-07-13,0.4647348101784817,0.4647348101784817,-0.01940436814819038,0.043682216200211677,-0.00031053471247325965,-0.0003323758205733655
2023-07-14,0.5451873804156433,0.5451873804156433,0.19710221526772254,0.21650658341591292,-0.001114432522100798,-0.0012226858138087544
2023-07-17,0.578790290295603,0.578790290295603,0.4647348101784817,0.2676325949107592,-0.0005664089318368673,-0.0007002252292922469
2023-07-18,0.71076623804099,0.71076623804099,0.5451873804156433,0.08045257023716157,0.003547465286462119,0.0035072390013435382
2023-07-19,0.7860197326042866,0.7860197326042866,0.578790290295603,0.03360290987995973,-0.0003118139964815603,-0.00032861545142154016
2023-07-20,0.7148401760227256,0.7148401760227256,0.71076623804099,0.131975947745387,-0.0036395627926243115,-0.003705550766497005
2023-07-21,0.7080440490184433,0.7080440490184433,0.7860197326042866,0.07525349456329655,0.0015969918039834957,0.0015593650567018475
2023-07-24,0.6630605077787841,0.6630605077787841,0.7148401760227256,0.07117955658156094,-0.0017393138569383548,-0.0017749036352291353
2023-07-25,0.6508612341800243,0.6508612341800243,0.7080440490184433,0.006796127004282337,0.0007674661817176158,0.0007640681182154746
2023-07-26,0.6669450516148041,0.6669450516148041,0.6630605077787841,0.0449835412396592,0.0017950111906481407,0.0017725194200283111
2023-07-27,0.5136947798127787,0.5136947798127787,0.6508612341800243,0.01219927359875983,-0.001493497099576025,-0.001499596736375405
2023-07-28,0.6757965198751859,0.6757965198751859,0.6669450516148041,0.016083817434779824,0.004782477136098107,0.004774435227380717
2023-07-31,0.7838643465834573,0.7838643465834573,0.5136947798127787,0.15325027180202544,0.00013801924274657075,6.139410684555802e-05
2023-08-01,0.5684532490790936,0.5684532490790936,0.6757965198751859,0.16210174006240718,-0.008440632235181145,-0.00852168310521235
2023-08-02,0.3892643101066699,0.3892643101066699,0.7838643465834573,0.10806782670827142,-0.014604850849194847,-0.014658884762548983
2023-08-03,0.2622531273833312,0.2622531273833312,0.5684532490790936,0.2154110975043637,-0.001575574962368733,-0.0016832805111209148
2023-08-04,0.18516605137770845,0.18516605137770845,0.3892643101066699,0.17918893897242366,0.0010819178964905,0.0009923234270042883
2023-08-07,0.16856173214711934,0.16856173214711934,0.2622531273833312,0.12701118272333872,0.0022169346796827426,0.0021534290883210732
2023-08-08,0.133239036933805,0.133239036933805,0.18516605137770845,0.07708707600562273,-0.0011196248335974364,-0.0011581683716002478
2023-08-09,0.1080525184688734,0.1080525184688734,0.16856173214711934,0.01660431923058911,-4.659071568761022e-05,-5.489287530290478e-05
2023-08-10,0.10978513886563261,0.10978513886563261,0.133239036933805,0.035322695213314326,0.0005712075621041747,0.0005535462144975175
2023-08-11,0.08366061438665834,0.08366061438665834,0.1080525184688734,0.025186518464931612,-0.0007290850246961659,-0.0007416782839286316
2023-08-14,0.05269807597350705,0.05269807597350705,0.10978513886563261,0.001732620396759213,-0.00048705401405869486,-0.00048792032425707446
2023-08-15,-0.010715062818324309,-0.010715062818324309,0.08366061438665834,0.026124524478974273,-0.0010368613057269637,-0.001049923567966451
2023-08-16,-0.06894037800023911,-0.06894037800023911,0.05269807597350705,0.03096253841315129,-0.00043098768092490866,-0.0004464689501314843
2023-08-17,-0.19421744714446404,-0.19421744714446404,-0.010715062818324309,0.06341313879183136,7.616493571249684e-05,4.4458366316581154e-05
2023-08-18,-0.2756430623792041,-0.2756430623792041,-0.06894037800023911,0.0582253151819148,-0.0,-2.9112657590957404e-05
2023-08-21,-0.25600625505100777,-0.25600625505100777,-0.19421744714446404,0.12527706914422493,-0.0007230381718220746,-0.0007856767063941871
2023-08-22,-0.26316327711807436,-0.26316327711807436,-0.2756430623792041,0.08142561523474007,0.00051120754548313,0.00047049473786575993
2023-08-23,-0.22302132903270935,-0.22302132903270935,-0.25600625505100777,0.019636807328196337,-0.002780681323017521,-0.002790499726681619
2023-08-24,-0.34582683699011996,-0.34582683699011996,-0.26316327711807436,0.007157022067066587,0.003609050961699183,0.0036054724506656495
2023-08-25,-0.4058169348175045,-0.4058169348175045,-0.22302132903270935,0.040141948085365003,-0.001502578166098439,-0.0015226491401411214
2023-08-28,-0.350605516689658,-0.350605516689658,-0.34582683699011996,0.1228055079574106,-0.0036439817689077254,-0.0037053845228864307
2023-08-29,-0.24695432115783142,-0.24695432115783142,-0.4058169348175045,0.05999009782738457,-0.005031903560870011,-0.005061898609783703
2023-08-30,-0.17855630970160402,-0.17855630970160402,-0.350605516689658,0.05521141812784652,0.00019519237911298925,0.000167586670049066
2023-08-31,-0.14715016047916807,-0.14715016047916807,-0.24695432115783142,0.10365119553182658,0.0009628854638747077,0.0009110598661087944
2023-09-01,-0.12930513165352464,-0.12930513165352464,-0.17855630970160402,0.0683980114562274,9.987316375084713e-05,6.567415802273343e-05
2023-09-05,-0.17652399069543084,-0.17652399069543084,-0.14715016047916807,0.03140614922243595,0.0012761461505817234,0.0012604430759705055
2023-09-06,-0.2260651258438279,-0.2260651258438279,-0.12930513165352464,0.017845028825643428,0.00027368779181695255,0.00026476527740413084
2023-09-07,-0.28256607224042507,-0.28256607224042507,-0.17652399069543084,0.0472188590419062,0.0005741167035028424,0.0005505072739818894
2023-09-08,-0.3089025435293854,-0.3089025435293854,-0.2260651258438279,0.04954113514839706,0.00032071329002824277,0.00029594272245404423
2023-09-11,-0.2510136317495159,-0.2510136317495159,-0.28256607224042507,0.05650094639659717,-0.0029304737489066965,-0.0029587242221049952
2023-09-12,-0.22599021613361547,-0.22599021613361547,-0.3089025435293854,0.026336471288960328,0.0012596172104117167,0.0012464489747672366
2023-09-13,-0.18889306271395706,-0.18889306271395706,-0.2510136317495159,0.05788891177986949,0.0007796453534697429,0.0007507008975798081
2023-09-14,-0.14503439141187374,-0.14503439141187374,-0.22599021613361547,0.025023415615900435,-0.0029765242434704278,-0.002989035951278378
2023-09-15,-0.12210787881149615,-0.12210787881149615,-0.18889306271395706,0.03709715341965841,0.00042249409709998044,0.00040394552039015123
2023-09-18,-0.12165883986755373,-0.12165883986755373,-0.14503439141187374,0.04385867130208332,0.0005079615203322642,0.00048603218468122253
2023-09-19,-0.11168105527113083,-0.11168105527113083,-0.12210787881149615,0.02292651260037759,-0.00010300374853254201,-0.0001144670048327308
2023-09-20,-0.1149855745305248,-0.1149855745305248,-0.12165883986755373,0.00044903894394242305,0.00029049700646858654,0.00029027248699661535
2023-09-21,-0.3773288107425728,-0.3773288107425728,-0.11168105527113083,0.0099777845964229,0.0018555982368906388,0.0018506093445924273
2023-09-22,-0.5301940030693537,-0.5301940030693537,-0.1149855745305248,0.0033045192593939704,-9.878732992472024e-05,-0.00010043958955441723
2023-09-25,-0.6867960020462358,-0.6867960020462358,-0.3773288107425728,0.262343236212048,0.0016734374042892246,0.0015422657861832005
2023-09-26,-0.7911973346974905,-0.7911973346974905,-0.5301940030693537,0.15286519232678092,0.006856922333793025,0.006780489737629634
2023-09-27,-0.8607982231316604,-0.8607982231316604,-0.6867960020462358,0.1566019989768821,0.0012998776002446691,0.001221576600756228
2023-09-28,-0.742130871579403,-0.742130871579403,-0.7911973346974905,0.10440133265125473,-0.006462684359916814,-0.006514885026242441
2023-09-29,-0.712928631629277,-0.712928631629277,-0.8607982231316604,0.0696008884341699,0.0024908498689162183,0.0024560494246991336
2023-10-02,-0.8086190877528514,-0.8086190877528514,-0.742130871579403,0.11866735155225738,0.010875641137584964,0.010816307461808835
2023-10-03,-0.8724127251685676,-0.8724127251685676,-0.712928631629277,0.029202239950126052,0.008923377347142745,0.008908776227167682
2023-10-04,-0.8844322582694077,-0.8844322582694077,-0.8086190877528514,0.09569045612357441,-0.0014469121996022129,-0.0014947574276640001
2023-10-05,-0.7876411063621067,-0.7876411063621067,-0.8724127251685676,0.0637936374157162,-0.007661775864904012,-0.007693672683611871
2023-10-06,-0.6561567646370485,-0.6561567646370485,-0.8844322582694077,0.01201953310084014,-0.009787845873433693,-0.009793855639984113
2023-10-09,-0.5774636640491935,-0.5774636640491935,-0.7876411063621067,0.09679115190730103,0.0011494861294095795,0.001101090553455929
2023-10-10,-0.4532565570599786,-0.4532565570599786,-0.6561567646370485,0.13148434172505818,-0.009014788793797093,-0.009080530964659623
2023-10-11,-0.3536858071047224,-0.3536858071047224,-0.5774636640491935,0.07869310058785506,-0.0024144846020546637,-0.0024538311523485913
2023-10-12,-0.3239760889582217,-0.3239760889582217,-0.4532565570599786,0.12420710698921489,0.003774493218219657,0.0037123896647250497
2023-10-13,-0.35882120017483277,-0.35882120017483277,-0.3536858071047224,0.09957074995525617,0.0032772140942152533,0.0032274287192376253
2023-10-16,-0.3292163033555239,-0.3292163033555239,-0.3239760889582217,0.029709718146500697,-0.0023671877981404025,-0.002382042657213653
2023-10-17,-0.28887783157980185,-0.28887783157980185,-0.35882120017483277,0.03484511121661105,-0.0002082069297145997,-0.0002256294853229052
2023-10-18,-0.40357425570294847,-0.40357425570294847,-0.3292163033555239,0.02960489681930889,0.005727995074731886,0.005713192626322232
2023-10-19,-0.5793176403700622,-0.5793176403700622,-0.28887783157980185,0.04033847177572203,0.0025575654124488285,0.0025373961765609676
2023-10-20,-0.7195450935800415,-0.7195450935800415,-0.40357425570294847,0.11469642412314662,0.0036049658015710933,0.00354761758950952
2023-10-23,-0.8022511585618751,-0.8022511585618751,-0.5793176403700622,0.1757433846671137,-0.0004351665572274754,-0.0005230382495610322
2023-10-24,-0.7635395315435684,-0.7635395315435684,-0.7195450935800415,0.1402274532099793,-0.004104292260419313,-0.0041744059870243025
2023-10-25,-0.8423596876957122,-0.8423596876957122,-0.8022511585618751,0.08270606498183364,0.005747514430648322,0.005706161398157405
2023-10-26,-0.8949064584638082,-0.8949064584638082,-0.7635395315435684,0.03871162701830677,0.005509551489722615,0.005490195676213461
2023-10-27,-0.9299376389758722,-0.9299376389758722,-0.8423596876957122,0.07882015615214388,0.002551069347241777,0.002511659269165705
2023-10-30,-0.7901034705590817,-0.7901034705590817,-0.8949064584638082,0.052546770768095996,-0.011417340929074394,-0.011443614314458441
2023-10-31,-0.6693259747086358,-0.6693259747086358,-0.9299376389758722,0.035031180512064,-0.0033470731188137205,-0.0033645887090697525
2023-11-01,-0.5188028028030756,-0.5188028028030756,-0.7901034705590817,0.13983416841679053,-0.00743830042897112,-0.0075082175131795156
2023-11-02,-0.3557558599864189,-0.3557558599864189,-0.6693259747086358,0.12077749585044595,-0.01367383706105296,-0.013734225808978184
2023-11-03,-0.20388576425949095,-0.20388576425949095,-0.5188028028030756,0.1505231719055602,-0.005494431811597327,-0.005569693397550107
2023-11-06,-0.10952486486729786,-0.10952486486729786,-0.3557558599864189,0.16304694281665666,0.0017875485879505595,0.001706025116542231
2023-11-07,-0.06720519772663751,-0.06720519772663751,-0.20388576425949095,0.15187009572692795,0.0012354871092117596,0.0011595520613482957
2023-11-08,-0.04377765699074758,-0.04377765699074758,-0.10952486486729786,0.0943608993921931,0.00014307023354359958,9.588978384750304e-05
2023-11-09,-0.028711512374056322,-0.028711512374056322,-0.06720519772663751,0.04231966714066035,9.768441321751486e-06,-1.1391392248578688e-05
2023-11-10,-0.005755566641457349,-0.005755566641457349,-0.04377765699074758,0.02342754073588993,-0.0001972795788970796,-0.00020899334926502457
2023-11-13,0.015066173218215231,0.015066173218215231,-0.028711512374056322,0.015066144616691257,-7.479307798762305e-05,-8.232615029596867e-05
2023-11-14,0.18838917560876983,0.18838917560876983,-0.005755566641457349,0.022955945732598973,-0.00014704662792574158,-0.00015852460079204106
2023-11-15,0.2911224578057716,0.2911224578057716,0.015066173218215231,0.020821739859672582,-2.3327890232395358e-05,-3.373876016223165e-05
2023-11-16,0.33688802555270125,0.33688802555270125,0.18838917560876983,0.1733230023905546,-0.00013278396873262104,-0.00021944546992789832
2023-11-17,0.5579253503684676,0.5579253503684676,0.2911224578057716,0.10273328219700179,0.003942407173283306,0.0038910405321848055
2023-11-20,0.7052835669123118,0.7052835669123118,0.33688802555270125,0.045765567746929636,0.0012659599793096387,0.001243077195436174
2023-11-21,0.7303731181343651,0.7303731181343651,0.5579253503684676,0.22103732481576632,-0.002166089063816518,-0.0022766077262244013
2023-11-22,0.7889848720552723,0.7889848720552723,0.7052835669123118,0.14735821654384418,0.0016690035386811098,0.0015953244304091876
2023-11-24,0.8593232480368482,0.8593232480368482,0.7303731181343651,0.025089551222053363,0.005578433884210207,0.00556588910859918
2023-11-27,0.8458958439424467,0.8458958439424467,0.7889848720552723,0.05861175392090723,-0.002718364789337096,-0.00274767066629755
2023-11-28,0.8419162120639709,0.8419162120639709,0.8593232480368482,0.07033837598157588,0.00023758390369515623,0.0002024147157043683
2023-11-29,0.8513256566605436,0.8513256566605436,0.8458958439424467,0.013427404094401574,0.0017543848778125066,0.0017476711757653059
2023-11-30,0.8282817676950268,0.8282817676950268,0.8419162120639709,0.00397963187847572,-0.000696870547955898,-0.0006988603638951359
2023-12-01,0.8855211784633512,0.8855211784633512,0.8513256566605436,0.00940944459657267,0.008933829320479085,0.008929124598180798
2023-12-04,0.7327224884632506,0.7327224884632506,0.8282817676950268,0.02304388896551679,-0.006451375730568616,-0.006462897675051374
2023-12-05,0.592437340205385,0.592437340205385,0.8855211784633512,0.057239410768324395,-0.003170828416435583,-0.0031994481218197454
2023-12-06,0.5292711502959854,0.5292711502959854,0.7327224884632506,0.1527986900001006,0.0022280143686387397,0.0021516150236386895
2023-12-07,0.5797943516005359,0.5797943516005359,0.592437340205385,0.14028514825786564,0.0028572867627144334,0.0027871441885855006
2023-12-08,0.6984362335908558,0.6984362335908558,0.5292711502959854,0.0631661899093996,0.0015968536894883987,0.0015652705945336989
2023-12-11,0.7989574890605706,0.7989574890605706,0.5797943516005359,0.05052320130455057,0.001426862601338624,0.0014016010006863487
2023-12-12,0.8659716593737139,0.8659716593737139,0.6984362335908558,0.11864188199031989,0.0012383132719017585,0.0011789923309065986
2023-12-13,0.9106477729158093,0.9106477729158093,0.7989574890605706,0.1005212554697148,0.011638927002711593,0.011588666374976736
2023-12-14,0.9404318486105396,0.9404318486105396,0.8659716593737139,0.06701417031314327,0.006391329785211442,0.006357822700054871
2023-12-15,0.8198717126961987,0.8198717126961987,0.9106477729158093,0.04467611354209544,-0.0088550883558211,-0.008877426412592149
2023-12-18,0.7496925434310046,0.7496925434310046,0.9404318486105396,0.029784075694730294,0.0022768133136574654,0.0022619212758101
2023-12-19,0.8331283622873364,0.8331283622873364,0.8198717126961987,0.1205601359143409,0.006931365017597369,0.0068710849496401985
2023-12-20,0.7550408759429802,0.7550408759429802,0.7496925434310046,0.07017916926519419,-0.007565688455921824,-0.007600778040554421
2023-12-21,0.8366939172953203,0.8366939172953203,0.8331283622873364,0.08343581885633189,0.013494231611835614,0.013452513702407447
2023-12-22,0.8911292781968803,0.8911292781968803,0.7550408759429802,0.07808748634435625,0.0007080360558865796,0.0006689923127144016
2023-12-26,0.9274195187979202,0.9274195187979202,0.8366939172953203,0.08165304135234008,0.003806643909795454,0.003765817389119284
2023-12-27,0.9516130125319469,0.9516130125319469,0.8911292781968803,0.05443536090155998,0.004748219538388156,0.0047210018579373755
2023-12-28,0.9343811156250944,0.9343811156250944,0.9274195187979202,0.036290240601039914,-0.002457748202270525,-0.002475893322571045
2023-12-29,0.9351182445041564,0.9351182445041564,0.9516130125319469,0.024193493734026683,0.0010114675243220869,0.0009993707774550735
2024-01-02,0.824320427414828,0.824320427414828,0.9343811156250944,0.01723189690685245,-0.010416508125560752,-0.01042512407401418
2024-01-03,0.7077264691173205,0.7077264691173205,0.9351182445041564,0.0007371288790619657,-0.007028098056862573,-0.007028466621302104
2024-01-04,0.6370288049872952,0.6370288049872952,0.824320427414828,0.11079781708932834,0.0018949996710912254,0.0018396007625465613
2024-01-05,0.5821958441585968,0.5821958441585968,0.7077264691173205,0.11659395829750752,0.00047728708094145716,0.0004189901017927034
2024-01-08,0.6150662455955571,0.6150662455955571,0.6370288049872952,0.07069766413002532,0.006785209119326673,0.0067498602872616605
2024-01-09,0.5665588515593754,0.5665588515593754,0.5821958441585968,0.054832960828698374,-0.005203684975169674,-0.005231101455584024
2024-01-10,0.5941938012228646,0.5941938012228646,0.6150662455955571,0.032870401436960295,0.0039739170107408245,0.003957481810022344
2024-01-11,0.6064317810695747,0.6064317810695747,0.5665588515593754,0.04850739403618176,-7.565220368518956e-05,-9.990590070328045e-05
2024-01-12,0.662713819181642,0.662713819181642,0.5941938012228646,0.027634949663489228,0.0024638870276120716,0.002450069552780327
2024-01-16,0.5944340171632172,0.5944340171632172,0.6064317810695747,0.012237979846710156,-0.010178568940244099,-0.010184687930167453
2024-01-17,0.5022734694542986,0.5022734694542986,0.662713819181642,0.05628203811206722,-0.00628501992772168,-0.0063131609467777135
2024-01-18,0.4874045573926831,0.4874045573926831,0.5944340171632172,0.06827980201842476,0.005284890923517717,0.005250751022508504
2024-01-19,0.48996566950513876,0.48996566950513876,0.5022734694542986,0.09216054770891857,0.0011576321982565893,0.00111155192440213
2024-01-22,0.5110446435314954,0.5110446435314954,0.4874045573926831,0.014868912061615502,0.0015163678662964961,0.0015089334102656885
2024-01-23,0.49728482210699043,0.49728482210699043,0.48996566950513876,0.0025611121124556324,-0.0013874635063566285,-0.0013887440624128563
2024-01-24,0.5382571604827852,0.5382571604827852,0.5110446435314954,0.02107897402635661,0.003869960132560959,0.0038594206455477807
2024-01-25,0.5776420747108899,0.5776420747108899,0.49728482210699043,0.013759821424504937,0.0014015749085379927,0.0013946949978257401
2024-01-26,0.6487972673304339,0.6487972673304339,0.5382571604827852,0.040972338375794726,0.0023772156683418448,0.0023567294991539475
2024-01-29,0.7658648448869559,0.7658648448869559,0.5776420747108899,0.03938491422810475,0.003386503961340975,0.0033668115042269227
2024-01-30,0.8055412651393679,0.8055412651393679,0.6487972673304339,0.07115519261954395,-0.0008594233729513133,-0.0008950009692610852
2024-01-31,0.6980740539474763,0.6980740539474763,0.7658648448869559,0.11706757755652208,-0.003860264961689532,-0.003918798750467793
2024-02-01,0.7987160359649843,0.7987160359649843,0.8055412651393679,0.039676420252411915,0.007946932800139375,0.00792709459001317
2024-02-02,0.7156018458012607,0.7156018458012607,0.6980740539474763,0.10746721119189151,-0.00552921710295599,-0.0055829507085519365
2024-02-05,0.6134002887231584,0.6134002887231584,0.7987160359649843,0.10064198201750796,-0.004251545707175533,-0.004301866698184287
2024-02-06,0.6138587513306787,0.6138587513306787,0.7156018458012607,0.08311419016372357,0.004403863392179283,0.004362306297097421
2024-02-07,0.5943113185974283,0.5943113185974283,0.6134002887231584,0.1022015570781023,-0.0003263185176198732,-0.00037741929615892436
2024-02-08,0.5565964365534032,0.5565964365534032,0.6138587513306787,0.00045846260752024914,-0.0010615378200143142,-0.0010617670513180743
2024-02-09,0.5516841448548165,0.5516841448548165,0.5943113185974283,0.019547432733250436,0.0020591611913882914,0.0020493874750216663
2024-02-12,0.5886881858479479,0.5886881858479479,0.5565964365534032,0.037714882044025066,0.0009609142473162464,0.0009420568062942338
2024-02-13,0.4771731487283394,0.4771731487283394,0.5516841448548165,0.004912291698586646,-0.008484107971518664,-0.008486564117367958
2024-02-14,0.4927685010331812,0.4927685010331812,0.5886881858479479,0.03700404099313137,0.006578943981897397,0.0065604419614008315
2024-02-15,0.6618456673554541,0.6618456673554541,0.4771731487283394,0.11151503711960853,0.0054007374531403534,0.005344979934580549
2024-02-16,0.7745637782369694,0.7745637782369694,0.4927685010331812,0.015595352304841825,0.0007785561242271093,0.0007707584480746884
2024-02-20,0.849709185491313,0.849709185491313,0.6618456673554541,0.16907716632227293,0.002697079226272591,0.0026125406431114547
2024-02-21,0.8998061236608754,0.8998061236608754,0.7745637782369694,0.11271811088151529,0.0006086563219519369,0.0005522972665111792
2024-02-22,0.9332040824405836,0.9332040824405836,0.849709185491313,0.0751454072543436,0.009559655563131871,0.0095220828595047
2024-02-23,0.9554693882937224,0.9554693882937224,0.8998061236608754,0.0500969381695624,0.001164107100561805,0.0011390586314770238
2024-02-26,0.9413822055787429,0.9413822055787429,0.9332040824405836,0.03339795877970819,-0.001326230854378336,-0.00134292983376819
2024-02-27,0.9609214703858286,0.9609214703858286,0.9554693882937224,0.022265305853138795,0.0025958814011622987,0.0025847487482357294
2024-02-28,0.8325328373465459,0.8325328373465459,0.9413822055787429,0.014087182714979551,-0.005465883463698853,-0.005472927055056343
2024-02-29,0.7874858204947833,0.7874858204947833,0.9609214703858286,0.019539264807085788,0.002494208303517204,0.002484438671113661
2024-03-01,0.8583238803298556,0.8583238803298556,0.8325328373465459,0.12838863303928272,0.008082833552746702,0.00801863923622706
2024-03-04,0.8254267913703268,0.8254267913703268,0.7874858204947833,0.0450470168517626,-0.002019219914275506,-0.0020417434227013873
2024-03-05,0.7573669791135776,0.7573669791135776,0.8583238803298556,0.0708380598350723,-0.0015445338450019508,-0.001579952874919487
2024-03-06,0.8382446527423852,0.8382446527423852,0.8254267913703268,0.03289708895952881,0.009778427637088905,0.009761979092609141
2024-03-07,0.892163101828257,0.892163101828257,0.7573669791135776,0.06805981225674917,0.008963498831763986,0.008929468925635611
2024-03-08,0.8560658557529695,0.8560658557529695,0.8382446527423852,0.0808776736288076,-0.0027410578298953103,-0.002781496666709714
2024-03-11,0.7422399517388006,0.7422399517388006,0.892163101828257,0.053918449085871734,-0.005066090753671801,-0.005093049978214736
2024-03-12,0.8052499394519509,0.8052499394519509,0.8560658557529695,0.036097246075287526,0.006844282547237019,0.006826233924199375
2024-03-13,0.8480683098880272,0.8480683098880272,0.7422399517388006,0.11382590401416881,9.352820997719168e-05,3.661525797010728e-05
2024-03-14,0.7603689418137842,0.7603689418137842,0.8052499394519509,0.06300998771315025,-0.0058792821976644625,-0.0059107871915210376
2024-03-15,0.6980249573005248,0.6980249573005248,0.8480683098880272,0.04281837043607628,0.00032255140729518285,0.0003011422220771447
2024-03-18,0.6523909287819041,0.6523909287819041,0.7603689418137842,0.08769936807424294,-0.00019269752190802803,-0.0002365472059451495
2024-03-19,0.6478024611977771,0.6478024611977771,0.6980249573005248,0.0623439845132594,0.001239038899406781,0.0012078669071501514
2024-03-20,0.765201640798518,0.765201640798518,0.6523909287819041,0.04563402851862075,0.0069359018291264085,0.006913084814867098
2024-03-21,0.8289427735341284,0.8289427735341284,0.6478024611977771,0.0045884675841270095,-0.00032452724849693637,-0.0003268214822889999
2024-03-22,0.815930569840373,0.815930569840373,0.765201640798518,0.11739917960074098,-0.0016299334386731224,-0.0016886330284734928
2024-03-25,0.7535957509006953,0.7535957509006953,0.8289427735341284,0.06374113273561033,-0.0017693033152501511,-0.0018011738816179563
2024-03-26,0.7175896320240212,0.7175896320240212,0.815930569840373,0.013012203693755331,0.0009238385504258854,0.0009173324485790077
2024-03-27,0.8117264213493475,0.8117264213493475,0.7535957509006953,0.06233481893967774,0.004546670350418199,0.00451550294094836
2024-03-28,0.7892827240381339,0.7892827240381339,0.7175896320240212,0.036006118876674154,-0.0016137086412387192,-0.0016317117006770562
2024-04-01,0.6894522510915424,0.6894522510915424,0.8117264213493475,0.09413678932532632,-0.003455987591361649,-0.0035030559860243123
2024-04-02,0.5610431442159577,0.5610431442159577,0.7892827240381339,0.02244369731121354,-0.005558301266778467,-0.005569523115434074
2024-04-03,0.5437001024750117,0.5437001024750117,0.6894522510915424,0.09983047294659153,0.0038419957811795607,0.003792080544706265
2024-04-04,0.43038143340349927,0.43038143340349927,0.5610431442159577,0.1284091068755847,-0.004804929022629628,-0.00486913357606742
2024-04-05,0.3877030910206939,0.3877030910206939,0.5437001024750117,0.01734304174094603,0.001726668837400404,0.001717997316529931
2024-04-08,0.4226661191134848,0.4226661191134848,0.43038143340349927,0.11331866907151239,0.0021254997167056747,0.0020688403821699187
2024-04-09,0.4431741118005717,0.4431741118005717,0.3877030910206939,0.04267834238280538,-4.889679997790262e-05,-7.02359711693053e-05
2024-04-10,0.37787285291884665,0.37787285291884665,0.4226661191134848,0.03496302809279089,-0.005592885481683393,-0.005610366995729789
2024-04-11,0.3512154942657537,0.3512154942657537,0.4431741118005717,0.020507992687086918,0.00118856007566963,0.0011783060793260866
2024-04-12,0.2557367566643603,0.2557367566643603,0.37787285291884665,0.06530125888172505,-0.006112590202301402,-0.006145240831742265
2024-04-15,0.1752130699874961,0.1752130699874961,0.3512154942657537,0.026657358653092933,-0.0010458068463553725,-0.0010591355256819191
2024-04-16,0.07717923203124642,0.07717923203124642,0.2557367566643603,0.09547873760139342,-0.002523853733974004,-0.0025715931027747007
2024-04-17,0.017835696377112825,0.017835696377112825,0.1752130699874961,0.08052368667686419,0.00011491906420666042,7.465722086822833e-05
2024-04-18,-0.04646932699131229,-0.04646932699131229,0.07717923203124642,0.09803383795624969,-0.00021243138241747037,-0.00026144830139559523
2024-04-19,-0.08555653052721852,-0.08555653052721852,0.017835696377112825,0.0593435356541336,7.034400541980538e-06,-2.263736728508626e-05
2024-04-22,-0.0625235102182407,-0.0625235102182407,-0.04646932699131229,0.06430502336842511,-0.0005433214437344429,-0.0005754739554186555
2024-04-23,0.010986676463469625,0.010986676463469625,-0.08555653052721852,0.03908720353590624,-0.0009332180493409613,-0.0009527616511089144
2024-04-24,0.044693137216619216,0.044693137216619216,-0.0625235102182407,0.02303302030897783,0.00012046906306462374,0.00010895255291013483
2024-04-25,0.044287189810682234,0.044287189810682234,0.010986676463469625,0.07351018668171032,-5.0903934291452896e-05,-8.765902763230806e-05
2024-04-26,0.0718744709395775,0.0718744709395775,0.044693137216619216,0.03370646075314959,0.00035828983616478777,0.00034143660578821297
2024-04-29,0.10893641556339298,0.10893641556339298,0.044287189810682234,0.0004059474059369822,0.00017042254745983022,0.00017021957375686173
2024-04-30,0.08118623307031801,0.08118623307031801,0.0718744709395775,0.02758728112889526,-0.000909225689384386,-0.0009230193299488336
2024-05-01,0.05407010129113897,0.05407010129113897,0.10893641556339298,0.037061944623815485,-0.00023966986910074889,-0.0002582008414126566
2024-05-02,0.10134535316375198,0.10134535316375198,0.08118623307031801,0.027750182493074968,0.0010951173401489067,0.0010812422489023693
2024-05-03,0.20549703693040133,0.20549703693040133,0.05407010129113897,0.027116131779179042,0.0005397271118914918,0.0005261690460019022
2024-05-06,0.34423131908328325,0.34423131908328325,0.10134535316375198,0.047275251872613014,0.0006934695852619966,0.00066983195932569
2024-05-07,0.47052778828815534,0.47052778828815534,0.20549703693040133,0.10415168376664935,0.0005430606977042171,0.0004909848558208924
2024-05-08,0.5359631120190569,0.5359631120190569,0.34423131908328325,0.13873428215288192,-0.0003888495819662752,-0.0004582167230427162
2024-05-09,0.6906420746793713,0.6906420746793713,0.47052778828815534,0.12629646920487209,0.003606659973929996,0.00354351173932756
2024-05-10,0.7937613831195809,0.7937613831195809,0.5359631120190569,0.06543532373090155,0.001002548785705329,0.0009698311238398781
2024-05-13,0.8625075887463873,0.8625075887463873,0.6906420746793713,0.15467896266031445,0.0,-7.733948133015722e-05
2024-05-14,0.9083383924975916,0.9083383924975916,0.7937613831195809,0.10311930844020956,0.005928092232687502,0.0058765325784673975
2024-05-15,0.9388922616650612,0.9388922616650612,0.8625075887463873,0.06874620562680644,0.009164331089508726,0.009129957986695324
2024-05-16,0.8051857518083779,0.8051857518083779,0.9083383924975916,0.045830803751204297,-0.004885916050902026,-0.0049088314527776285
2024-05-17,0.7949701116104562,0.7949701116104562,0.9388922616650612,0.030553869167469605,0.003231080620102163,0.003215803685518428
2024-05-20,0.8123747579797219,0.8123747579797219,0.8051857518083779,0.1337065098566833,0.0005917903127782268,0.0005249370578498852
2024-05-21,0.77566769143781,0.77566769143781,0.7949701116104562,0.01021564019792176,-0.0012649342143248774,-0.0012700420344238382
2024-05-22,0.62776057389246,0.62776057389246,0.8123747579797219,0.017404646369265753,-0.007668530702366556,-0.007677233025551189
2024-05-23,0.48799677105177053,0.48799677105177053,0.77566769143781,0.036707066541911915,-0.0039360705919942365,-0.003954424125265192
2024-05-24,0.47851551460417074,0.47851551460417074,0.62776057389246,0.14790711754535002,0.00515398470839722,0.005080031149624545
2024-05-28,0.4699085909467524,0.4699085909467524,0.48799677105177053,0.13976380284068946,-0.00018068765078684768,-0.0002505695522071924
2024-05-29,0.3612506101682381,0.3612506101682381,0.47851551460417074,0.009481256447599784,-0.007559829373347014,-0.007564570001570813
2024-05-30,0.33393329617085665,0.33393329617085665,0.4699085909467524,0.00860692365741833,0.003948334899369252,0.003944031437540543
2024-05-31,0.4222301512830682,0.4222301512830682,0.3612506101682381,0.1086579807785143,0.00345927199360981,0.003404943003220553
2024-06-03,0.5243299556635297,0.5243299556635297,0.33393329617085665,0.027317313997381465,0.0009461544361415136,0.0009324957791428228
2024-06-04,0.5736559774464447,0.5736559774464447,0.4222301512830682,0.08829685511221153,-0.0005187174859975981,-0.0005628659135537039
2024-06-05,0.7157706516309632,0.7157706516309632,0.5243299556635297,0.10209980438046151,0.0036756475250705085,0.003624597622880278
2024-06-06,0.8105137677539755,0.8105137677539755,0.5736559774464447,0.04932602178291501,0.0019617443735456645,0.001937081362654207
2024-06-07,0.7124107845740695,0.7124107845740695,0.7157706516309632,0.1421146741845185,-0.0077536601938486835,-0.007824717530940942
2024-06-10,0.6354900617024672,0.6354900617024672,0.8105137677539755,0.09474311612301234,-0.00059833581357516,-0.0006457073716366661
2024-06-11,0.5022330790288765,0.5022330790288765,0.7124107845740695,0.09810298317990607,-0.008095348498264671,-0.008144399989854624
2024-06-12,0.49073749622688057,0.49073749622688057,0.6354900617024672,0.07692072287160223,0.007489519161961892,0.007451058800526091
2024-06-13,0.38745438556892237,0.38745438556892237,0.5022330790288765,0.13325698267359076,-0.0071711213415406,-0.0072377498328773954
2024-06-14,0.2649263699657637,0.2649263699657637,0.49073749622688057,0.011495582801995918,-0.005424904813435107,-0.005430652604836105
2024-06-17,0.2009174110555451,0.2009174110555451,0.38745438556892237,0.1032831106579582,0.0015431854659798882,0.0014915439106509092
2024-06-18,0.17810953465527274,0.17810953465527274,0.2649263699657637,0.12252801560315868,0.0010510399451717917,0.0009897759373702123
2024-06-20,0.16311271066046668,0.16311271066046668,0.2009174110555451,0.0640089589102186,0.0001280527631617801,9.604828370667081e-05
2024-06-21,0.12115931431834759,0.12115931431834759,0.17810953465527274,0.022807876400272348,-0.0012479033618274186,-0.0012593073000275548
2024-06-24,0.12955366416534966,0.12955366416534966,0.16311271066046668,0.014996823994806063,0.0012973686757051545,0.0012898702637077514
2024-06-25,0.1484229343054041,0.1484229343054041,0.12115931431834759,0.04195339634211909,0.0002929993021154241,0.00027202260394436454
2024-06-26,0.1229596386970239,0.1229596386970239,0.12955366416534966,0.008394349847002075,-0.0009540661198501097,-0.0009582632947736108
2024-06-27,0.10318311269224982,0.10318311269224982,0.1484229343054041,0.018869270140054434,0.00011390713999547152,0.0001044725049254443
2024-06-28,0.08399728130887026,0.08399728130887026,0.1229596386970239,0.02546329560838019,0.00014145225075077464,0.00012872060294658453
2024-07-01,0.06417569709210687,0.06417569709210687,0.10318311269224982,0.019776526004774087,0.0001844178055329896,0.00017452954253060256
2024-07-02,0.05304044221500244,0.05304044221500244,0.08399728130887026,0.019185831383379565,0.00020338930023611464,0.00019379638454442485
2024-07-03,0.10280469944817303,0.10280469944817303,0.06417569709210687,0.019821584216763388,0.0007342660643450396,0.0007243552722366579
2024-07-05,0.20720809218477204,0.20720809218477204,0.05304044221500244,0.011135254877104428,0.0003533425388600505,0.0003477749114214983
2024-07-08,0.21774253087282208,0.21774253087282208,0.10280469944817303,0.049764257233170586,-0.00051346003016005,-0.0005383421587766353
2024-07-09,0.19640316181901926,0.19640316181901926,0.20720809218477204,0.10440339273659902,-0.0008320034855177293,-0.0008842051818860288
2024-07-10,0.3850363854666172,0.3850363854666172,0.21774253087282208,0.01053443868805004,0.003072573783608472,0.003067306564264447
2024-07-11,0.5772216716304696,0.5772216716304696,0.19640316181901926,0.02133936905380282,0.0005612340866493892,0.0005505644021224878
2024-07-12,0.7181477810869797,0.7181477810869797,0.3850363854666172,0.18863322364759796,0.004102166984288855,0.0040078503724650565
2024-07-15,0.665659978558476,0.665659978558476,0.5772216716304696,0.19218528616385233,-0.005094372028971046,-0.005190464672052972
2024-07-16,0.6984701013489683,0.6984701013489683,0.7181477810869797,0.14092610945651018,0.003463762232362052,0.003393299177633797
2024-07-17,0.6378358781032264,0.6378358781032264,0.665659978558476,0.05248780252850371,-0.003522897870412417,-0.003549141771676669
2024-07-18,0.5106634724049268,0.5106634724049268,0.6984701013489683,0.032810122790492224,-0.006913814044661645,-0.006930219106056891
2024-07-19,0.39061406058487924,0.39061406058487924,0.6378358781032264,0.06063422324574186,-0.0039058467922455983,-0.003936163903868469
2024-07-22,0.38459539971791457,0.38459539971791457,0.5106634724049268,0.12717240569829957,0.005393688588243633,0.0053301023853944834
2024-07-23,0.33985000465054044,0.33985000465054044,0.39061406058487924,0.12004941182004758,-0.002187099787449143,-0.0022471244933591665
2024-07-24,0.24115851646187664,0.24115851646187664,0.38459539971791457,0.006018660866964676,-0.004860313960359666,-0.004863323290793148
2024-07-25,0.15000901237618167,0.15000901237618167,0.33985000465054044,0.04474539506737413,-0.002153409261335698,-0.0021757819588693853
2024-07-26,0.1443519243954605,0.1443519243954605,0.24115851646187664,0.0986914881886638,0.0030755936806356903,0.0030262479365413585
2024-07-29,0.09038684293321635,0.09038684293321635,0.15000901237618167,0.09114950408569497,-0.0006611875942863467,-0.0007067623463291943
2024-07-30,0.03694000748364661,0.03694000748364661,0.1443519243954605,0.005657087980721176,0.00032866410301964663,0.00032583555902928604
2024-07-31,0.09517840689032339,0.09517840689032339,0.09038684293321635,0.053965081462244144,0.0012775544524428228,0.0012505719117117007
2024-08-01,-0.15641130739727205,-0.15641130739727205,0.03694000748364661,0.053446835449569734,-0.0009791200837664822,-0.001005843501491267
2024-08-02,-0.437607538264848,-0.437607538264848,0.09517840689032339,0.05823839940667678,-0.0014964777595061307,-0.0015255969592094692
2024-08-05,-0.6250716921765653,-0.6250716921765653,-0.15641130739727205,0.25158971428759547,0.003412598683472748,0.0032868038263289506
2024-08-06,-0.7244198961350445,-0.7244198961350445,-0.437607538264848,0.28119623086757595,-0.0007551926308104225,-0.0008957907462442105
2024-08-07,-0.7293501276049192,-0.7293501276049192,-0.6250716921765653,0.18746415391171733,-0.002982545646820635,-0.0030762777237764937
2024-08-08,-0.590093593295934,-0.590093593295934,-0.7244198961350445,0.09934820395847921,-0.012135773775992545,-0.012185447877971784
2024-08-09,-0.4690163519044825,-0.4690163519044825,-0.7293501276049192,0.004930231469874702,-0.0028386374446962197,-0.002841102560431157
2024-08-12,-0.3947576957847686,-0.3947576957847686,-0.590093593295934,0.1392565343089852,0.0005338073526181136,0.000464179085463621
2024-08-13,-0.2442324118737549,-0.2442324118737549,-0.4690163519044825,0.12107724139145154,-0.008068700551054233,-0.00812923917174996
2024-08-14,-0.12327735874276291,-0.12327735874276291,-0.3947576957847686,0.07425865611971388,-0.001455725322143914,-0.0014928546502037709
2024-08-15,0.020706351321683664,0.020706351321683664,-0.2442324118737549,0.1505252839110137,-0.002970556589999307,-0.003045819231954814
2024-08-16,0.14241278174986063,0.14241278174986063,-0.12327735874276291,0.120955053130992,-0.0006789501213892502,-0.0007394276479547462
2024-08-19,0.3068265019338813,0.3068265019338813,0.020706351321683664,0.14398371006444657,0.0002526095808412764,0.0001806177258090531
2024-08-20,0.3650958991644536,0.3650958991644536,0.14241278174986063,0.12170643042817697,-0.0004378783794391348,-0.0004987315946532232
2024-08-21,0.5767305994429691,0.5767305994429691,0.3068265019338813,0.16441372018402065,0.002838908089620454,0.002756701229528444
2024-08-22,0.5658276408751424,0.5658276408751424,0.3650958991644536,0.05826939723057234,-0.0021420459320638367,-0.002171180630679123
2024-08-23,0.7105517605834283,0.7105517605834283,0.5767305994429691,0.2116347002785155,0.010565866686915129,0.010460049336775872
2024-08-26,0.71674881027501,0.71674881027501,0.5658276408751424,0.010902958567826748,-0.002527868817687869,-0.0025333202969717826
2024-08-27,0.8111658735166734,0.8111658735166734,0.7105517605834283,0.14472411970828591,0.0032749268004180917,0.003202564740563949
2024-08-28,0.7973732670228744,0.7973732670228744,0.71674881027501,0.006197049691581746,-0.0025094802706442224,-0.0025125787954900134
2024-08-29,0.8649155113485829,0.8649155113485829,0.8111658735166734,0.09441706324166332,0.0030465801314596645,0.002999371599838833
2024-08-30,0.9099436742323888,0.9099436742323888,0.7973732670228744,0.013792606493798987,0.0012510642446792806,0.001244167941432381
2024-09-03,0.7287092118811896,0.7287092118811896,0.8649155113485829,0.06754224432570854,-0.013654357899433336,-0.01368812902159619
2024-09-04,0.581002505692727,0.581002505692727,0.9099436742323888,0.045028162883805845,-0.004011054870169477,-0.00403356895161138
2024-09-05,0.47592488109306413,0.47592488109306413,0.7287092118811896,0.1812344623511991,0.00017938572205233085,8.87684908767313e-05
2024-09-06,0.3447885432952388,0.3447885432952388,0.581002505692727,0.1477067061884626,-0.010929992336665743,-0.011003845689759975
2024-09-09,0.2783762626228323,0.2783762626228323,0.47592488109306413,0.10507762459966291,0.004771162523271743,0.0047186237109719115
2024-09-10,0.21994790609701792,0.21994790609701792,0.3447885432952388,0.13113633779782535,-0.001711156553183171,-0.0017767247220820837
2024-09-11,0.20299329976656816,0.20299329976656816,0.2783762626228323,0.06641228067240645,0.0016661271934982163,0.001632921053162013
2024-09-12,0.23851717658495353,0.23851717658495353,0.21994790609701792,0.05842835652581441,0.0017992749684348959,0.0017700607901719888
2024-09-13,0.2763415637727671,0.2763415637727671,0.20299329976656816,0.016954606330449762,0.00047416057959740295,0.0004656832764321781
2024-09-16,0.37721436818527254,0.37721436818527254,0.23851717658495353,0.03552387681838537,0.001930837963863339,0.0019130760254541465
2024-09-17,0.373624774684379,0.373624774684379,0.2763415637727671,0.03782438718781356,-0.0015466322751172758,-0.0015655444687111826
2024-09-18,0.34828853364623336,0.34828853364623336,0.37721436818527254,0.10087280441250546,-0.0011999435632057815,-0.0012503799654120342
2024-09-19,0.5655256890974889,0.5655256890974889,0.373624774684379,0.003589593500893551,0.007383466271585302,0.007381671474834855
2024-09-20,0.5468564193490564,0.5468564193490564,0.34828853364623336,0.025336241038145635,-0.0034375988373268438,-0.0034502669578459167
2024-09-23,0.5777768276616339,0.5777768276616339,0.5655256890974889,0.21723715545125555,0.0021312336019034986,0.002022615024177871
2024-09-24,0.7122045833885813,0.7122045833885813,0.5468564193490564,0.018669269748432527,0.0032452535198648574,0.003235918884990641
2024-09-25,0.6953745172958632,0.6953745172958632,0.5777768276616339,0.030920408312577474,-0.003130334237652882,-0.0031457944418091708
2024-09-26,0.7969163448639088,0.7969163448639088,0.7122045833885813,0.13442775572694743,0.01569082034992012,0.015623606472056645
2024-09-27,0.7808719693390257,0.7808719693390257,0.6953745172958632,0.016830066092718088,-0.004200493565041773,-0.004208908598088133
2024-09-30,0.7328933194187182,0.7328933194187182,0.7969163448639088,0.10154182756804564,-0.0027539230413125386,-0.0028046939550965613
2024-10-01,0.6402355984008654,0.6402355984008654,0.7808719693390257,0.016044375524883137,-0.005788927449561112,-0.005796949637323554
2024-10-02,0.5643439937859225,0.5643439937859225,0.7328933194187182,0.04797864992030754,-0.0015009780880528832,-0.0015249674130130369
2024-10-03,0.4476682523486192,0.4476682523486192,0.6402355984008654,0.09265772101785275,-0.005950929150028725,-0.005997258010537652
2024-10-04,0.39150977569445655,0.39150977569445655,0.5643439937859225,0.07589160461494293,0.003300615878575106,0.0032626700762676346
2024-10-07,0.3311944891925154,0.3311944891925154,0.4476682523486192,0.1166757414373033,-0.0024945892068435867,-0.0025529270775622383
2024-10-08,0.28221322467742777,0.28221322467742777,0.39150977569445655,0.056158476654162626,-0.000619997623773785,-0.0006480768621008663
2024-10-09,0.24922808585523695,0.24922808585523695,0.3311944891925154,0.06031528650194118,8.081750832470154e-05,5.0659865073730955e-05
2024-10-10,0.16833839955032212,0.16833839955032212,0.28221322467742777,0.04898126451508761,-0.00034426993156949225,-0.00036876056382703604
2024-10-11,0.122049118477814,0.122049118477814,0.24922808585523695,0.03298513882219081,0.0012784130591445644,0.001261920489733469
2024-10-14,0.09842108160799516,0.09842108160799516,0.16833839955032212,0.08088968630491483,0.0004909120091066255,0.00045046716595416813
2024-10-15,0.07977750035545117,0.07977750035545117,0.122049118477814,0.046289281072508126,-0.002025782399830718,-0.002048927040366972
2024-10-16,0.072339170863459,0.072339170863459,0.09842108160799516,0.023628036869818833,0.0002546379033100366,0.00024282388487512717
2024-10-17,0.06348728289451187,0.06348728289451187,0.07977750035545117,0.018643581252543992,9.802955941420045e-06,4.811653151480497e-07
2024-10-18,0.06955200948079804,0.06955200948079804,0.072339170863459,0.007438329491992163,0.00048883906523752,0.00048511990049152385
2024-10-21,0.06262171944476454,0.06262171944476454,0.06348728289451187,0.008851887968947134,-0.0007515607804720678,-0.0007559867244565414
2024-10-22,0.05168300032237469,0.05168300032237469,0.06955200948079804,0.006064726586286165,-0.0003951279042424165,-0.0003981602675355596
2024-10-23,0.033809699616330575,0.033809699616330575,0.06262171944476454,0.006930290036033501,-0.000630032857879897,-0.0006334980028979137
2024-10-24,0.029735983062958254,0.029735983062958254,0.05168300032237469,0.010938719122389848,0.0002918126317682736,0.0002863432722070787
2024-10-25,0.022315221327750597,0.022315221327750597,0.033809699616330575,0.017873300706044114,-0.00011389269308525778,-0.00012282934343827985
2024-10-28,0.03328515094315353,0.03328515094315353,0.029735983062958254,0.004073716553372322,0.0002382421018192147,0.00023620524354252856
2024-10-29,0.0287680896910055,0.0287680896910055,0.022315221327750597,0.007420761735207657,-8.036922288612776e-05,-8.407960375373159e-05
2024-10-30,0.014333387046123561,0.014333387046123561,0.03328515094315353,0.01096992961540293,-0.00021573380132258244,-0.0002212187661302839
2024-10-31,-0.026853639530351033,-0.026853639530351033,0.0287680896910055,0.0045170612521480275,-0.00017684624063419056,-0.00017910477126026458
2024-11-01,-0.04944326203041631,-0.04944326203041631,0.014333387046123561,0.014434702644881938,2.895012165979792e-05,2.173277033735695e-05
2024-11-04,-0.05340795037097618,-0.05340795037097618,-0.026853639530351033,0.04118702657647459,-2.030002178534917e-05,-4.089353507358646e-05
2024-11-05,-0.07405858453951131,-0.07405858453951131,-0.04944326203041631,0.022589622500065278,-0.0004916875744222994,-0.0005029823856723321
2024-11-06,-0.32611469333837123,-0.32611469333837123,-0.05340795037097618,0.003964688340559873,0.0007721959495935653,0.0007702136054232854
2024-11-07,-0.30827205562711585,-0.30827205562711585,-0.07405858453951131,0.020650634168535124,-0.0011239375566841302,-0.0011342628737683977
2024-11-08,-0.5105020152683449,-0.5105020152683449,-0.32611469333837123,0.2520561087988599,0.004509562886616274,0.004383534832216845
2024-11-11,-0.6375102615764427,-0.6375102615764427,-0.30827205562711585,0.017842637711255382,-7.788479024448342e-05,-8.680610910011112e-05
2024-11-12,-0.7583401743842952,-0.7583401743842952,-0.5105020152683449,0.20222995964122908,0.009477652852941377,0.009376537873120762
2024-11-13,-0.8388934495895302,-0.8388934495895302,-0.6375102615764427,0.12700824630809782,0.0037736569577595303,0.0037101528346054815
2024-11-14,-0.858626832274256,-0.858626832274256,-0.7583401743842952,0.12082991280785249,-0.0015706515263708186,-0.001631066482774745
2024-11-15,-0.9057512215161707,-0.9057512215161707,-0.8388934495895302,0.08055327520523492,0.0030344129368857008,0.0029941362992830832
2024-11-18,-0.8605282743581453,-0.8605282743581453,-0.858626832274256,0.019733382684725798,-0.004675554758698884,-0.004685421450041247
2024-11-19,-0.8420882751271941,-0.8420882751271941,-0.9057512215161707,0.047124389241914755,0.001168132478462602,0.0011445702838416446
2024-11-20,-0.8685851717147509,-0.8685851717147509,-0.8605282743581453,0.04522294715802544,0.0023331388085293453,0.0023105273349503324
2024-11-21,-0.8704990047516816,-0.8704990047516816,-0.8420882751271941,0.018439999230951187,-0.00021813046655173098,-0.00022735046616720659
2024-11-22,-0.7845549462001158,-0.7845549462001158,-0.8685851717147509,0.02649689658755683,-0.0033725738273271493,-0.0033858222756209277
2024-11-25,-0.6639099090460521,-0.6639099090460521,-0.8704990047516816,0.0019138330369307122,-0.004489546649604889,-0.004490503566123354
2024-11-26,-0.5801248806770404,-0.5801248806770404,-0.7845549462001158,0.08594405855156584,0.004528705108067563,0.00448573307879178
2024-11-27,-0.43590948855868655,-0.43590948855868655,-0.6639099090460521,0.12064503715406372,-0.003597591743964718,-0.00365791426254175
2024-11-29,-0.31898954954239034,-0.31898954954239034,-0.5801248806770404,0.0837850283690117,-0.007741905030402033,-0.0077837975445865385
2024-12-02,-0.2327213429588286,-0.2327213429588286,-0.43590948855868655,0.14421539211835382,-0.001214415340221978,-0.0012865230362811549
2024-12-03,-0.167110622706216,-0.167110622706216,-0.31898954954239034,0.11691993901629621,-0.0018126128796789238,-0.0018710728491870719
2024-12-04,-0.12145753062974203,-0.12145753062974203,-0.2327213429588286,0.08626820658356174,-0.00017535149371129854,-0.0002184855970030794
2024-12-05,-0.08481078582658572,-0.08481078582658572,-0.167110622706216,0.06561072025261261,-0.0008177371507268486,-0.0008505425108531548
2024-12-06,-0.06078471444784096,-0.06078471444784096,-0.12145753062974203,0.04565309207647396,1.516493181011165e-05,-7.661614228125327e-06
2024-12-09,-0.046079798495228606,-0.046079798495228606,-0.08481078582658572,0.036646744803156314,5.29530932813506e-05,3.4629720879772444e-05
2024-12-10,-0.06290679810996362,-0.06290679810996362,-0.06078471444784096,0.024026071378744754,0.000546862546177098,0.0005348495104877256
2024-12-11,-0.0556985186105602,-0.0556985186105602,-0.046079798495228606,0.014704915952612356,-0.0002905052829186476,-0.0002978577408949538
2024-12-12,-0.08409881167892427,-0.08409881167892427,-0.06290679810996362,0.016826999614735015,0.0005517440908482524,0.0005433305910408848
2024-12-13,-0.09517962224424731,-0.09517962224424731,-0.0556985186105602,0.007208279499403419,0.00015489782873181741,0.0001512936889821157
2024-12-16,-0.11671361771993224,-0.11671361771993224,-0.08409881167892427,0.02840029306836407,0.00027715455196579896,0.0002629544054316169
2024-12-17,-0.12627318068766907,-0.12627318068766907,-0.09517962224424731,0.011080810565323035,0.0001509281518621945,0.00014538774657953297
2024-12-18,-0.41751545379177935,-0.41751545379177935,-0.11671361771993224,0.021533995475684936,0.002863202928621723,0.0028524359308838803
2024-12-19,-0.6116769691945196,-0.6116769691945196,-0.12627318068766907,0.009559562967736829,0.00040114191785453363,0.00039636213637066523
2024-12-20,-0.7411179794630132,-0.7411179794630132,-0.41751545379177935,0.29124227310411027,0.0011642306071451398,0.0010186094705930846
2024-12-23,-0.7325277554540819,-0.7325277554540819,-0.6116769691945196,0.1941615154027403,-0.0039910100809969614,-0.004088090838698331
2024-12-24,-0.6800035687544852,-0.6800035687544852,-0.7411179794630132,0.12944101026849353,-0.00264715377396713,-0.002711874279101377
2024-12-26,-0.5954810496541658,-0.5954810496541658,-0.7325277554540819,0.00859022400893128,-0.003476314726052054,-0.0034806098380565195
2024-12-27,-0.5436215059369749,-0.5436215059369749,-0.6800035687544852,0.05252418669959669,0.0009813470953690686,0.0009550850020192702
2024-12-30,-0.5838005119200209,-0.5838005119200209,-0.5954810496541658,0.08452251910031938,0.003912031114690629,0.0038697698551404696
2024-12-31,-0.6116822868397886,-0.6116822868397886,-0.5436215059369749,0.051859543717190926,-0.0,-2.5929771858595463e-05
2025-01-02,-0.6809716695403873,-0.6809716695403873,-0.5838005119200209,0.04017900598304602,0.002007462916802745,0.001987373413811222
2025-01-03,-0.5522559078394684,-0.5522559078394684,-0.6116822868397886,0.027881774919767732,-0.002678889776632907,-0.002692830664092791
2025-01-06,-0.41068899203811526,-0.41068899203811526,-0.6809716695403873,0.0692893827005987,-0.006478523541141322,-0.006513168232491621
2025-01-07,-0.31610179740412253,-0.31610179740412253,-0.5522559078394684,0.12871576170091892,0.0004337335113644687,0.0003693756305140092
2025-01-08,-0.2552422958987471,-0.2552422958987471,-0.41068899203811526,0.14156691580135317,0.0006455186356667139,0.0005747351777660373
2025-01-10,-0.5034948639324981,-0.5034948639324981,-0.31610179740412253,0.09458719463399273,0.00481080388190504,0.0047635102845880435
2025-01-13,-0.6689965759549987,-0.6689965759549987,-0.2552422958987471,0.060859501505375446,0.0007141068264145939,0.0006836770756619062
2025-01-14,-0.687743437381596,-0.687743437381596,-0.5034948639324981,0.248252568033751,-0.0018162362725800685,-0.001940362556596944
2025-01-15,-0.5571766517226088,-0.5571766517226088,-0.6689965759549987,0.16550171202250064,-0.008549534108039276,-0.008632284964050527
2025-01-16,-0.4202009238248028,-0.4202009238248028,-0.687743437381596,0.018746861426597317,-0.0035254448425427374,-0.003534818273256036
2025-01-17,-0.29880119031035646,-0.29880119031035646,-0.5571766517226088,0.13056678565898727,-0.0022586884768014386,-0.002323971869630932
2025-01-21,-0.09238657068185971,-0.09238657068185971,-0.4202009238248028,0.136975727897806,-0.008482862788090616,-0.008551350652039519
2025-01-22,0.025130809918909723,0.025130809918909723,-0.29880119031035646,0.12139973351444633,0.000686613985111511,0.0006259141183542878
2025-01-23,0.19160487823745562,0.19160487823745562,-0.09238657068185971,0.20641461962849675,-0.0007565810044566402,-0.0008597883142708886
2025-01-24,0.39784113175919245,0.39784113175919245,0.025130809918909723,0.11751738060076944,0.00014034327766534189,8.158458736495717e-05
2025-01-27,0.5985607545061283,0.5985607545061283,0.19160487823745562,0.1664740683185459,0.0,-8.323703415927295e-05
2025-01-28,0.6820785045541232,0.6820785045541232,0.39784113175919245,0.20623625352173683,-0.0005021898452872492,-0.0006053079720481176
2025-01-29,0.7358555809061815,0.7358555809061815,0.5985607545061283,0.2007196227469359,-7.559641484572499e-05,-0.00017595622621919294
2025-01-30,0.8239037206041211,0.8239037206041211,0.6820785045541232,0.08351775004799489,0.007500012258297185,0.007458253383273188
2025-01-31,0.6988772394838392,0.6988772394838392,0.7358555809061815,0.053777076352058306,-0.006899421675326839,-0.006926310213502868
2025-02-03,0.5292262639684745,0.5292262639684745,0.8239037206041211,0.08804813969793956,-0.009669750665538506,-0.009713774735387476
2025-02-04,0.492483875763273,0.492483875763273,0.6988772394838392,0.12502648112028192,0.008121334861973696,0.008058821621413555
2025-02-05,0.6616559171755154,0.6616559171755154,0.5292262639684745,0.16965097551536468,0.005143864284022709,0.005059038796265026
2025-02-06,0.7744372781170104,0.7744372781170104,0.492483875763273,0.03674238820520148,0.002339641806922134,0.0023212706128195332
2025-02-07,0.6862036117700012,0.6862036117700012,0.6616559171755154,0.1691720414122424,-0.006256730895062307,-0.006341316915768428
2025-02-10,0.7325364785985269,0.7325364785985269,0.7744372781170104,0.11278136094149493,0.005253046240228818,0.00519665555975807
2025-02-11,0.8216909857323513,0.8216909857323513,0.6862036117700012,0.08823366634700913,0.0032532999025385303,0.003209183069365026
2025-02-12,0.8811273238215676,0.8811273238215676,0.7325364785985269,0.046332866828525665,0.002729014874828702,0.0027058484414144396
2025-02-13,0.9207515492143785,0.9207515492143785,0.8216909857323513,0.08915450713382445,0.009962295274288113,0.0099177180207212
2025-02-14,0.9471676994762523,0.9471676994762523,0.8811273238215676,0.05943633808921622,0.0012925228093743162,0.001262804640329708
2025-02-18,0.9647784663175016,0.9647784663175016,0.9207515492143785,0.03962422539281096,0.0066304903061310495,0.006610678193434644
2025-02-19,0.8201529664171858,0.8201529664171858,0.9471676994762523,0.026416150261873828,-0.00975634975625959,-0.009769557831390527
2025-02-20,0.7757354790834461,0.7757354790834461,0.9647784663175016,0.017610766841249292,0.004489087393853116,0.004480282010432491
2025-02-21,0.6793553845838791,0.6793553845838791,0.8201529664171858,0.1446254999003158,-0.005097931857759586,-0.005170244607709744
2025-02-24,0.5885443717679583,0.5885443717679583,0.7757354790834461,0.044417487333739736,-0.00047569221410694626,-0.0004979009577738161
2025-02-25,0.6512600559721249,0.6512600559721249,0.6793553845838791,0.09638009449956697,0.006169175979734072,0.006120985932484289
2025-02-26,0.7189978232007002,0.7189978232007002,0.5885443717679583,0.09081101281592086,0.0007872801950365593,0.0007418746886285988
2025-02-27,0.6317650466026763,0.6317650466026763,0.6512600559721249,0.06271568420416662,-0.007355685047103624,-0.007387042889205707
2025-02-28,0.576173014736044,0.576173014736044,0.7189978232007002,0.06773776722857527,0.001501410643677134,0.0014675417600628464
2025-03-03,0.7078046536041798,0.7078046536041798,0.6317650466026763,0.08723277659802386,0.006969728049914522,0.00692611166161551
2025-03-04,0.7900511501337799,0.7900511501337799,0.576173014736044,0.05559203186663231,-0.00013979487454924923,-0.00016759089048256538
2025-03-05,0.8600341000891867,0.8600341000891867,0.7078046536041798,0.13163163886813578,0.016909771040347854,0.016843955220913785
2025-03-06,0.7998828209188632,0.7998828209188632,0.7900511501337799,0.08224649652960014,-0.008141048066371625,-0.008182171314636425
2025-03-07,0.8665885472792423,0.8665885472792423,0.8600341000891867,0.06998294995540677,0.008954455159272371,0.008919463684294669
2025-03-10,0.7295285885498686,0.7295285885498686,0.7998828209188632,0.06015127917032348,-0.018853114614910335,-0.018883190254495495
2025-03-11,0.6192668542066431,0.6192668542066431,0.8665885472792423,0.06670572636037908,-0.0029433444445433987,-0.0029766973077235883
2025-03-12,0.5866655197694541,0.5866655197694541,0.7295285885498686,0.1370599587293737,0.005238897589628522,0.0051703676102638355
2025-03-13,0.5255751392916167,0.5255751392916167,0.6192668542066431,0.1102617343432255,-0.004116036751198732,-0.0041711676183703444
2025-03-14,0.6064184238675583,0.6064184238675583,0.5866655197694541,0.032601334437188934,0.010776938591317065,0.01076063792409847
2025-03-17,0.7376122825783722,0.7376122825783722,0.5255751392916167,0.061090380477837436,0.0059018282657170695,0.00587128307547815
2025-03-18,0.823895920127967,0.823895920127967,0.6064184238675583,0.08084328457594159,-7.15944811196641e-05,-0.00011201612340763488
2025-03-19,0.8825972800853115,0.8825972800853115,0.7376122825783722,0.1311938587108139,0.0021786708067842906,0.0021130738774288835
2025-03-20,0.8422161057395512,0.8422161057395512,0.823895920127967,0.08628363754959478,-0.006890938860928204,-0.006934080679703001
2025-03-21,0.765453219639003,0.765453219639003,0.8825972800853115,0.05870135995734449,-0.00545196023112488,-0.0054813109111035525
2025-03-24,0.6766223205282136,0.6766223205282136,0.8422161057395512,0.04038117434576027,-0.00010069049452287497,-0.00012088108169575511
2025-03-25,0.6639776313908039,0.6639776313908039,0.765453219639003,0.07676288610054816,0.004209301025210154,0.00417091958215988
2025-03-26,0.5717473036742481,0.5717473036742481,0.6766223205282136,0.08883089911078945,-0.008768490614897748,-0.008812906064453143
2025-03-27,0.5182315289546937,0.5182315289546937,0.6639776313908039,0.012644689137409681,0.001439622290386205,0.0014332999458175003
2025-03-28,0.41034759764052875,0.41034759764052875,0.5717473036742481,0.09223032771655582,-0.005085284179118928,-0.005131399342977206
2025-03-31,0.2968657479415784,0.2968657479415784,0.5182315289546937,0.053515774719554376,-0.004587755049024269,-0.004614512936384046
2025-04-01,0.22535277698353282,0.22535277698353282,0.41034759764052875,0.10788393131416496,0.0006024461428406023,0.0005485041771835198
2025-04-02,0.18111652225758407,0.18111652225758407,0.2968657479415784,0.11348184969895037,0.0006891352385609283,0.0006323943137114531
2025-04-03,0.13245986586310118,0.13245986586310118,0.22535277698353282,0.07151297095804557,-0.004724582118147153,-0.004760338603626176
2025-04-04,-0.22507724264503565,-0.22507724264503565,0.18111652225758407,0.04423625472594875,-0.011951180061411494,-0.011973298188774469
2025-04-07,-0.4833848284300237,-0.4833848284300237,0.13245986586310118,0.04865665639448288,-0.0031958316141356543,-0.003220159942332896
2025-04-08,-0.6555898856200159,-0.6555898856200159,-0.22507724264503565,0.3575371085081368,0.000768624503924648,0.0005898559496705796
2025-04-09,-0.4419850320649097,-0.4419850320649097,-0.4833848284300237,0.2583075857849881,-0.03730059824760832,-0.037429752040500815
2025-04-10,-0.3712298180843416,-0.3712298180843416,-0.6555898856200159,0.17220505718999213,0.012929799786879427,0.012843697258284431
2025-04-11,-0.23521367144867086,-0.23521367144867086,-0.4419850320649097,0.21360485355510617,-0.01107256585063597,-0.011179368277413523
2025-04-14,-0.1058396053517065,-0.1058396053517065,-0.3712298180843416,0.07075521398056811,-0.003995731378117165,-0.004031108985107449
2025-04-15,0.013875961675792414,0.013875961675792414,-0.23521367144867086,0.13601614663567071,-0.0021216756305130024,-0.002189683703830838
2025-04-16,0.07946204578969253,0.07946204578969253,-0.1058396053517065,0.12937406609696436,0.0004073719876245169,0.00034268495457603475
2025-04-17,0.16399452738495376,0.16399452738495376,0.013875961675792414,0.11971556702749891,0.00015046802585837746,9.0610242344628e-05
2025-04-21,0.18777578081748542,0.18777578081748542,0.07946204578969253,0.06558608411390011,-0.00043110128846414523,-0.00046389433052109526
2025-04-22,0.27533192201644935,0.27533192201644935,0.16399452738495376,0.08453248159526124,0.003395384508590822,0.0033531182677931913
2025-04-23,0.3504322614285163,0.3504322614285163,0.18777578081748542,0.02378125343253165,0.000752650973523037,0.0007407603468067712
2025-04-24,0.39448491402177577,0.39448491402177577,0.27533192201644935,0.08755614119896393,0.003663962566905236,0.003620184496305754
2025-04-25,0.4067236696817782,0.4067236696817782,0.3504322614285163,0.07510033941206695,0.0015061742792971309,0.0014686241095910975
2025-04-28,0.5082590112297771,0.5082590112297771,0.39448491402177577,0.04405265259325947,0.0026261212232992544,0.002604094897002625
2025-04-29,0.6512638002413155,0.6512638002413155,0.4067236696817782,0.012238755660002432,0.0008165227361229157,0.0008104033582929146
2025-04-30,0.7039795753022291,0.7039795753022291,0.5082590112297771,0.10153534154799893,-0.0005990268731289365,-0.0006497945439029359
2025-05-01,0.6490116216855133,0.6490116216855133,0.6512638002413155,0.14300478901153835,-0.0020747865231407706,-0.00214628891764654
2025-05-02,0.7660077477903422,0.7660077477903422,0.7039795753022291,0.05271577506091363,0.0134995727020888,0.013473214814558343
2025-05-05,0.8440051651935616,0.8440051651935616,0.6490116216855133,0.0549679536167158,0.00113065580859388,0.001103171831785522
2025-05-06,0.8369022503625564,0.8369022503625564,0.7660077477903422,0.1169961261048289,-0.0009768385514146345,-0.0010353366144670488
2025-05-07,0.7365662677913505,0.7365662677913505,0.8440051651935616,0.07799741740321942,-0.0028415865674088396,-0.0028805852761104494
2025-05-08,0.58927861187352,0.58927861187352,0.8369022503625564,0.007102914831005225,-0.0029243809413577976,-0.0029279323987733002
2025-05-09,0.59563910605854,0.59563910605854,0.7365662677913505,0.1003359825712059,0.0036161035777136415,0.0035659355864280386
2025-05-12,0.7304260707056933,0.7304260707056933,0.58927861187352,0.14728765591783044,0.0030159354253094547,0.0029422915973505393
2025-05-13,0.8202840471371289,0.8202840471371289,0.59563910605854,0.006360494185019938,0.0007582276062818675,0.0007550473591893575
2025-05-14,0.7150121489003515,0.7150121489003515,0.7304260707056933,0.13478696464715334,-0.0035457559799311504,-0.003613149462254727
2025-05-15,0.810008099266901,0.810008099266901,0.8202840471371289,0.08985797643143556,0.008955507006829,0.008910578018613283
2025-05-16,0.8733387328446007,0.8733387328446007,0.7150121489003515,0.1052718982367774,0.00164293419409313,0.0015902982449747412
2025-05-19,0.915559155229734,0.915559155229734,0.810008099266901,0.09499595036654951,0.0077063830367816175,0.007658885061598343
2025-05-20,0.9437061034864893,0.9437061034864893,0.8733387328446007,0.06333063357769975,0.004164892742322119,0.004133227425533269
2025-05-21,0.7437292804492301,0.7437292804492301,0.915559155229734,0.04222042238513324,-0.005380110738759998,-0.0054012209499525645
2025-05-22,0.5887340475312571,0.5887340475312571,0.9437061034864893,0.028146948256755344,-0.0005363956384067477,-0.0005504691125351254
2025-05-23,0.512718919186276,0.512718919186276,0.7437292804492301,0.19997682303725917,0.0010150889141055208,0.0009151005025868912
2025-05-27,0.675145946124184,0.675145946124184,0.5887340475312571,0.154995232917973,0.008559481471371562,0.008481983854912575
2025-05-28,0.5676871107715163,0.5676871107715163,0.512718919186276,0.07601512834498114,-0.0059124306473399306,-0.005950438211512421
2025-05-29,0.5421010665375317,0.5421010665375317,0.675145946124184,0.162427026937908,0.0029823122019576958,0.0029010986884887417
2025-05-30,0.5396587326690951,0.5396587326690951,0.5676871107715163,0.10745883535266765,0.0008321511635776839,0.0007784217459013501
2025-06-02,0.6931058217793968,0.6931058217793968,0.5421010665375317,0.025586044233984695,0.0057989285893193495,0.0057861355672023575
2025-06-03,0.6319293643368564,0.6319293643368564,0.5396587326690951,0.002442333868436508,-0.004088378940606347,-0.0040896001075405655
2025-06-04,0.6749660822594978,0.6749660822594978,0.6931058217793968,0.1534470891103017,0.003112316112591626,0.003035592568036475
2025-06-05,0.6831606708228943,0.6831606708228943,0.6319293643368564,0.06117645744254041,-0.00042375857418643336,-0.00045434680290770354
2025-06-06,0.7817320059885919,0.7817320059885919,0.6749660822594978,0.04303671792264141,0.0024154214316332106,0.00239390307267189
2025-06-09,0.8440988925398346,0.8440988925398346,0.6831606708228943,0.008194588563396499,-7.601896355245473e-05,-8.011625783415298e-05
2025-06-10,0.8960659283598897,0.8960659283598897,0.7817320059885919,0.0985713351656976,0.0010453651531815034,0.0009960794855986546
2025-06-11,0.8272956747900515,0.8272956747900515,0.8440988925398346,0.06236688655124267,-0.0014092225481750953,-0.0014404059914507165
2025-06-12,0.8848637831933677,0.8848637831933677,0.8960659283598897,0.05196703582005513,0.006892846292117668,0.00686686277420764
2025-06-13,0.676390775668428,0.676390775668428,0.8272956747900515,0.06877025356983824,-0.010616882560040515,-0.010651267686825434
2025-06-16,0.5489983657565526,0.5489983657565526,0.8848637831933677,0.057568108403316165,0.003319053427717447,0.0032902693735157892
2025-06-17,0.4025662870539492,0.4025662870539492,0.676390775668428,0.2084730075249397,-0.008297364678505243,-0.008401601182267713
2025-06-18,0.3073513584373631,0.3073513584373631,0.5489983657565526,0.1273924099118754,0.0009469816091693528,0.0008832854042134152
2025-06-20,0.2276900695516393,0.2276900695516393,0.4025662870539492,0.14643207870260339,-0.003604647143786738,-0.00367786318313804
2025-06-23,0.2052081743658347,0.2052081743658347,0.3073513584373631,0.09521492861658609,0.0023141274092119304,0.0022665199449036374
2025-06-24,0.3105176912474258,0.3105176912474258,0.2276900695516393,0.0796612888857238,0.002774777897516354,0.0027349472530734924
2025-06-25,0.33073223847167266,0.33073223847167266,0.2052081743658347,0.022481895185804623,-0.0011188056233985128,-0.0011300465709914152
2025-06-26,0.48955492141629064,0.48955492141629064,0.3105176912474258,0.1053095168815911,0.0034754145144915622,0.0034227597560507667
2025-06-27,0.6597032809441938,0.6597032809441938,0.33073223847167266,0.02021454722424687,0.0029883206909907326,0.002978213417378609
2025-06-30,0.7731355206294626,0.7731355206294626,0.48955492141629064,0.158822682944618,0.00027399781185867577,0.00019458647038636678
2025-07-01,0.8112905165073385,0.8112905165073385,0.6597032809441938,0.1701483595279032,-0.0011070053665128902,-0.0011920795462768419
2025-07-02,0.8741936776715591,0.8741936776715591,0.7731355206294626,0.11343223968526872,0.0022524719150517833,0.0021957557952091487
2025-07-03,0.9161291184477061,0.9161291184477061,0.8112905165073385,0.038154995877875963,0.0001813173058841141,0.00016223980794517612
2025-07-07,0.7579375289734247,0.7579375289734247,0.8741936776715591,0.06290316116422057,-0.009472409228882723,-0.009503860809464833
2025-07-08,0.7925955535515433,0.7925955535515433,0.9161291184477061,0.04193544077614697,0.006724841038403931,0.0067038733180158575
2025-07-09,0.8617303690343623,0.8617303690343623,0.7579375289734247,0.15819158947428136,0.0056930572751459135,0.0056139614804087724
2025-07-10,0.8964719240592374,0.8964719240592374,0.7925955535515433,0.03465802457811862,-0.0005292294673761098,-0.0005465584796651691
2025-07-11,0.7961812945983541,0.7961812945983541,0.8617303690343623,0.06913481548281897,-0.008251735260474107,-0.008286302668215517
2025-07-14,0.7143153194217375,0.7143153194217375,0.8964719240592374,0.03474155502487508,0.0,-1.7370777512437542e-05
2025-07-15,0.5907012850525049,0.5907012850525049,0.7961812945983541,0.1002906294608833,-0.00832430093069173,-0.008374446245422171
2025-07-16,0.5407833096568331,0.5407833096568331,0.7143153194217375,0.08186597517661653,0.0029215269298190566,0.002880593942230748
2025-07-17,0.5071925674709128,0.5071925674709128,0.5907012850525049,0.12361403436923268,0.0015372536003252291,0.0014754465831406127
2025-07-18,0.46669050902981046,0.46669050902981046,0.5407833096568331,0.049917975395671776,-0.0015257197588589837,-0.0015506787465568196
2025-07-21,0.45392301823834696,0.45392301823834696,0.5071925674709128,0.033590742185920286,0.002697840274119756,0.0026810449030267957
2025-07-22,0.5079504557006209,0.5079504557006209,0.46669050902981046,0.04050205844110233,0.0025743157933849074,0.0025540647641643563
2025-07-23,0.6719669704670806,0.6719669704670806,0.45392301823834696,0.012767490791463498,0.011282018172704281,0.01127563442730855
2025-07-24,0.6905134326843528,0.6905134326843528,0.5079504557006209,0.05402743746227395,-0.0037732430114886507,-0.0038002567302197875
2025-07-25,0.6847877740700147,0.6847877740700147,0.6719669704670806,0.16401651476645973,-0.0008135947873189343,-0.0008956030447021641
2025-07-28,0.5687634750236403,0.5687634750236403,0.6905134326843528,0.018546462217272186,-0.011109075734180344,-0.01111834896528898
2025-07-29,0.45500339914764926,0.45500339914764926,0.6847877740700147,0.005725658614338158,-0.0013804620270874432,-0.0013833248563946124
2025-07-30,0.3443077032190522,0.3443077032190522,0.5687634750236403,0.11602429904637435,-0.004084907500469286,-0.004142919649992473
2025-07-31,0.2172092424710789,0.2172092424710789,0.45500339914764926,0.11376007587599107,-0.004885913671227388,-0.0049427937091653835
2025-08-01,0.119325902973387,0.119325902973387,0.3443077032190522,0.11069569592859707,-0.0009048073766503701,-0.0009601552246146686
2025-08-04,0.12180131529288023,0.12180131529288023,0.2172092424710789,0.1270984607479733,0.0028864999302979782,0.0028229506999239914
2025-08-05,0.11129285658906796,0.11129285658906796,0.119325902973387,0.0978833394976919,-1.3487188347774612e-05,-6.242885809662057e-05
2025-08-06,0.11770070239305458,0.11770070239305458,0.12180131529288023,0.0024754123194932337,0.000798781556053949,0.0007975438498942024
2025-08-07,0.17645646886004618,0.17645646886004618,0.11129285658906796,0.01050845870381227,0.0010001609535432658,0.0009949067241913597
2025-08-08,0.26803635441577367,0.26803635441577367,0.11770070239305458,0.006407845803986623,0.0007207283843767817,0.0007175244614747884
2025-08-11,0.2521977873074889,0.2521977873074889,0.17645646886004618,0.0587557664669916,-0.0007420064553209082,-0.000771384338554404
2025-08-12,0.38808015399935375,0.38808015399935375,0.26803635441577367,0.09157988555572749,0.0032763627603376614,0.0032305728175597978
2025-08-13,0.5920534359995692,0.5920534359995692,0.2521977873074889,0.015838567108284796,0.0015227766953972975,0.0015148574118431552
2025-08-14,0.7280356239997128,0.7280356239997128,0.38808015399935375,0.13588236669186488,4.237049522840493e-05,-2.557068811752752e-05
2025-08-15,0.8186904159998085,0.8186904159998085,0.5920534359995692,0.20397328200021542,0.0034883573061534182,0.0033863706651533106
2025-08-18,0.8222874513202503,0.8222874513202503,0.7280356239997128,0.1359821880001436,-0.0007897514536061373,-0.0008577425476062092
2025-08-19,0.8295765789460039,0.8295765789460039,0.8186904159998085,0.09065479200009574,8.894763923515285e-05,4.3620243235104976e-05
2025-08-20,0.8863843859640026,0.8863843859640026,0.8222874513202503,0.003597035320441755,0.0029462984989270177,0.0029444999812667967
2025-08-21,0.7334479501002676,0.7334479501002676,0.8295765789460039,0.007289127625753622,-0.0052056412873665294,-0.005209285851179407
2025-08-22,0.8222986334001785,0.8222986334001785,0.8863843859640026,0.0568078070179987,0.013317594372434748,0.013289190468925748
2025-08-25,0.6774687834621568,0.6774687834621568,0.7334479501002676,0.15293643586373495,-0.00967660551108922,-0.009753073729021086
2025-08-26,0.5583725316113403,0.5583725316113403,0.8222986334001785,0.08885068329991086,-0.0008937063489989524,-0.0009381316906489079
2025-08-27,0.45938507693569447,0.45938507693569447,0.6774687834621568,0.14482984993802173,-0.0016218309605261112,-0.0016942458854951221
2025-08-28,0.42577802837378365,0.42577802837378365,0.5583725316113403,0.11909625185081651,0.002070731380052201,0.002011183254126793
2025-08-29,0.358500362416659,0.358500362416659,0.45938507693569447,0.09898745467564579,-0.0026957970732353438,-0.002745290800573167
2025-09-02,0.27207740913793965,0.27207740913793965,0.42577802837378365,0.033607048561910824,-0.004188884409853936,-0.0042056879341348915
2025-09-03,0.22110853317407306,0.22110853317407306,0.358500362416659,0.06727766595712464,0.0005540739906080084,0.000520435157629446
2025-09-04,0.22674129462135562,0.22674129462135562,0.27207740913793965,0.08642295327871935,0.0019794172958598004,0.0019362058192204407
2025-09-05,0.26070789213861434,0.26070789213861434,0.22110853317407306,0.050968875963866594,0.0009920641479206553,0.000966579709938722
2025-09-08,0.38126004763534604,0.38126004763534604,0.22674129462135562,0.005632761447282558,0.002272600388792335,0.002269784008068694
2025-09-09,0.37964525172921926,0.37964525172921926,0.26070789213861434,0.03396659751725872,-0.0008717569453784263,-0.0008887402441370556
2025-09-10,0.3797038718802841,0.3797038718802841,0.38126004763534604,0.1205521554967317,-8.253443993241308e-05,-0.00014281051768077894
2025-09-11,0.5864692479201894,0.5864692479201894,0.37964525172921926,0.001614795906126787,0.004027444281748663,0.0040266368837956
2025-09-12,0.6262144332652533,0.6262144332652533,0.3797038718802841,5.8620151064836534e-05,-0.001504841755218006,-0.0015048710652935384
2025-09-15,0.7508096221768356,0.7508096221768356,0.5864692479201894,0.2067653760399053,0.003910220967572424,0.0038068382795524713
2025-09-16,0.7322615498587375,0.7322615498587375,0.6262144332652533,0.03974518534506388,-0.0017393113734359062,-0.0017591839661084381
2025-09-17,0.6407345425944326,0.6407345425944326,0.7508096221768356,0.12459518891158228,-0.0028150466215884373,-0.0028773442160442285
2025-09-18,0.6646910907251659,0.6646910907251659,0.7322615498587375,0.018548072318098074,0.0028346150302904667,0.0028253409941314178
2025-09-19,0.599519638902255,0.599519638902255,0.6407345425944326,0.09152700726430485,-0.0024707458039025993,-0.0025165093075347517
2025-09-22,0.6071847307766843,0.6071847307766843,0.6646910907251659,0.023956548130733224,0.0021442152009434963,0.00213223692687813
2025-09-23,0.5621987570178999,0.5621987570178999,0.599519638902255,0.06517145182291084,-0.0011566769051372836,-0.001189262631048739
2025-09-24,0.460653196401646,0.460653196401646,0.6071847307766843,0.0076650918744293195,-0.0035210356290755764,-0.003524868175012791
2025-09-25,0.32703862179684046,0.32703862179684046,0.5621987570178999,0.04498597375878444,-0.004007886541598267,-0.004030379528477659
2025-09-26,0.30090548188701355,0.30090548188701355,0.460653196401646,0.10154556061625392,0.0035581381043489646,0.0035073653240408377
2025-09-29,0.3220726168743658,0.3220726168743658,0.32703862179684046,0.13361457460480552,0.0012710090634431444,0.0012042017761407417
2025-09-30,0.4439262581015766,0.4439262581015766,0.30090548188701355,0.026133139909826908,0.0012296435222805852,0.0012165769523256717
2025-10-01,0.6292841720677178,0.6292841720677178,0.3220726168743658,0.021167134987352232,0.002656057154613406,0.00264547358711973
2025-10-02,0.7528561147118119,0.7528561147118119,0.4439262581015766,0.12185364122721082,0.0007073374649547955,0.0006464106443411901
2025-10-03,0.8352374098078748,0.8352374098078748,0.6292841720677178,0.1853579139661412,0.005272366383751843,0.005179687426768773
2025-10-06,0.89015827320525,0.89015827320525,0.7528561147118119,0.1235719426440941,0.0017420261125807822,0.0016802401412587351
2025-10-07,0.7601641258619568,0.7601641258619568,0.8352374098078748,0.08238129509606285,-0.007274368061679904,-0.007315558709227936
2025-10-08,0.7074027239366407,0.7074027239366407,0.89015827320525,0.05492086339737523,0.0026383112882628038,0.002610850856564116
2025-10-09,0.5768543345332043,0.5768543345332043,0.7601641258619568,0.12999414734329318,-0.006257734645577225,-0.006322731719248872
2025-10-10,0.4248413911905088,0.4248413911905088,0.7074027239366407,0.05276140192531609,-0.013023477431235072,-0.013049858132197731
2025-10-13,0.3624804100192298,0.3624804100192298,0.5768543345332043,0.13054838940343638,0.004627895661333918,0.0045626214666322
2025-10-14,0.347597626725088,0.347597626725088,0.4248413911905088,0.15201294334269555,0.00191904575721842,0.0018430392855470722
2025-10-15,0.3683765502546418,0.3683765502546418,0.3624804100192298,0.06236098117127897,0.0017464209911404005,0.001715240500554761
2025-10-16,0.4419505348420143,0.4419505348420143,0.347597626725088,0.014882783294141833,0.001814826219903175,0.001807384828256104
2025-10-17,0.5062695772497912,0.5062695772497912,0.3683765502546418,0.020778923529553794,0.000663851118779164,0.0006534616570143872
2025-10-20,0.669009043232194,0.669009043232194,0.4419505348420143,0.07357398458737252,0.003647412254946138,0.003610625262652452
2025-10-21,0.673467294729327,0.673467294729327,0.5062695772497912,0.06431904240777686,-0.0037190720881485786,-0.003751231609352467
2025-10-22,0.6593326322798285,0.6593326322798285,0.669009043232194,0.16273946598240285,-0.000990141547544989,-0.0010715112805361904
2025-10-23,0.7044973184873755,0.7044973184873755,0.673467294729327,0.00445825149713297,0.0031373906573236416,0.003135161531575075
2025-10-24,0.7147492325655439,0.7147492325655439,0.6593326322798285,0.014134662449498459,0.0010422554033707847,0.0010351880721460355
2025-10-27,0.8098328217103626,0.8098328217103626,0.7044973184873755,0.04516468620754699,0.004892328679381833,0.0048697463362780595
2025-10-28,0.8563349454459583,0.8563349454459583,0.7147492325655439,0.01025191407816839,-0.00029872527932131386,-0.00030385123636039805
2025-10-29,0.7404420669717362,0.7404420669717362,0.8098328217103626,0.09508358914481874,-0.004571487406039331,-0.00461902920061174
2025-10-30,0.588703159642631,0.588703159642631,0.8563349454459583,0.0465021237355957,-0.0037811149363465076,-0.0038043659982143056
2025-10-31,0.46601528013389487,0.46601528013389487,0.7404420669717362,0.11589287847422214,-0.0016419470881109167,-0.0016998935273480277
2025-11-03,0.36355751753302584,0.36355751753302584,0.588703159642631,0.15173890732910522,0.0002491957929111584,0.0001733263392466058
2025-11-04,0.25358507280472053,0.25358507280472053,0.46601528013389487,0.12268787950873611,-0.0047819315588253685,-0.004843275498579737
2025-11-05,0.21345061129269138,0.21345061129269138,0.36355751753302584,0.10245776260086903,0.0023315173788634428,0.0022802884975630083
2025-11-06,0.17168327446625864,0.17168327446625864,0.25358507280472053,0.10997244472830531,-0.0005655768160879789,-0.0006205630384521315
2025-11-07,0.16611360184449306,0.16611360184449306,0.21345061129269138,0.04013446151202915,0.0007952075621499397,0.0007751403313939251
2025-11-10,0.31257234006135937,0.31257234006135937,0.17168327446625864,0.041767336826432744,0.0018023816968863954,0.001781498028473179
2025-11-11,0.5417148933742396,0.5417148933742396,0.16611360184449306,0.005569672621765581,0.0012202756946954705,0.0012174908583845877
2025-11-12,0.6944765955828265,0.6944765955828265,0.31257234006135937,0.1464587382168663,0.0018560863736069412,0.001782857004498508
2025-11-13,0.6000131012072685,0.6000131012072685,0.5417148933742396,0.22914255331288025,-0.005778455099058996,-0.005893026375715436
2025-11-14,0.5094311472667897,0.5094311472667897,0.6944765955828265,0.15276170220858687,-0.001962762269176091,-0.0020391431202803844
2025-11-17,0.37022068376407685,0.37022068376407685,0.6000131012072685,0.09446349437555801,-0.0078104345977854355,-0.007857666344973214
2025-11-18,0.19894980328591014,0.19894980328591014,0.5094311472667897,0.09058195394047874,-0.0066103126845868665,-0.0066556036615571055
2025-11-19,0.06697504924362103,0.06697504924362103,0.37022068376407685,0.13921046350271288,-0.0011170629548648986,-0.001186668186616255
2025-11-20,-0.16264897907001358,-0.16264897907001358,0.19894980328591014,0.17127088047816671,-0.002752437902911557,-0.0028380733431506403
2025-11-21,-0.17425489102511424,-0.17425489102511424,0.06697504924362103,0.1319747540422891,0.0010350184252560265,0.000969031048234882
2025-11-24,-0.17205280433260803,-0.17205280433260803,-0.16264897907001358,0.2296240283136346,-0.0001404320067236134,-0.0002552440208804307
2025-11-25,-0.09675162187525374,-0.09675162187525374,-0.17425489102511424,0.011605911955100662,-0.002085866342075531,-0.0020916692980530813
2025-11-26,0.02307124126009523,0.02307124126009523,-0.17205280433260803,0.002202086692506211,-0.0018884927470285058,-0.0018895937903747589
2025-11-28,0.13353246391998586,0.13353246391998586,-0.09675162187525374,0.07530118245735429,-0.00032634852119980376,-0.0003639991124284809
2025-12-01,0.16107636566825292,0.16107636566825292,0.02307124126009523,0.11982286313534897,-0.00011391632166555691,-0.00017382775323323142
2025-12-02,0.20467146418833423,0.20467146418833423,0.13353246391998586,0.11046122265989063,0.00045112563164479655,0.00039589502031485126
2025-12-03,0.276261814582347,0.276261814582347,0.16107636566825292,0.02754390174826707,0.0008643727439351239,0.0008506007930609903
2025-12-04,0.35660160424669735,0.35660160424669735,0.20467146418833423,0.04359509852008131,0.0005568993747869159,0.0005351018255268752
2025-12-05,0.36725929816153935,0.36725929816153935,0.276261814582347,0.07159035039401276,0.0,-3.5795175197006376e-05
2025-12-08,0.31563174697283736,0.31563174697283736,0.35660160424669735,0.08033978966435035,-0.0011165574971587146,-0.0011567273919908898
2025-12-09,0.27413591191733744,0.27413591191733744,0.36725929816153935,0.010657693914842004,-0.000499900589045931,-0.0005052294360033521
2025-12-10,0.4570704533187455,0.4570704533187455,0.31563174697283736,0.05162755118870199,0.0035077885386141316,0.0034819747630197807
2025-12-11,0.6380469688791637,0.6380469688791637,0.27413591191733744,0.04149583505549992,0.00162025112055007,0.00159950320302232
2025-12-12,0.5796237637146088,0.5796237637146088,0.4570704533187455,0.18293454140140808,-0.0024028993017494666,-0.0024943665724501706
2025-12-15,0.7197491758097392,0.7197491758097392,0.6380469688791637,0.18097651556041816,0.0039009143328783,0.003810426075098091
2025-12-16,0.6534034211159866,0.6534034211159866,0.5796237637146088,0.0584232051645549,-0.002686476259244762,-0.0027156878618270395
2025-12-17,0.5112803034859014,0.5112803034859014,0.7197491758097392,0.1401254120951304,-0.005838660036892677,-0.005908722742940242
2025-12-18,0.5170623099341884,0.5170623099341884,0.6534034211159866,0.06634575469375259,0.004649805918040166,0.00461663304069329
2025-12-19,0.6780415399561257,0.6780415399561257,0.5112803034859014,0.14212311763008523,0.0034509406228186265,0.003379879064003584
2025-12-22,0.7853610266374171,0.7853610266374171,0.5170623099341884,0.00578200644828708,0.0012999580953892568,0.0012970670921651133
2025-12-23,0.8569073510916114,0.8569073510916114,0.6780415399561257,0.16097923002193726,0.004180259707403209,0.0040997700923922405
2025-12-24,0.904604900727741,0.904604900727741,0.7853610266374171,0.10731948668129143,0.0009787686593951915,0.0009251089160545458
2025-12-26,0.9364032671518274,0.9364032671518274,0.8569073510916114,0.07154632445419429,0.0014220483269814124,0.0013862751647543152
2025-12-29,0.8556193429195675,0.8556193429195675,0.904604900727741,0.0476975496361296,-0.002716549546459267,-0.002740398321277332
2025-12-30,0.8501194352704452,0.8501194352704452,0.9364032671518274,0.0317983664240864,0.0015561465107327642,0.001540247327520721
2025-12-31,0.7289474770523294,0.7289474770523294,0.8556193429195675,0.08078392423225988,-0.003637579085274164,-0.0036779710473902943
2026-01-02,0.8192983180348863,0.8192983180348863,0.8501194352704452,0.0054999076491223375,0.00894120790626506,0.008938457952440498
2026-01-05,0.8795322120232576,0.8795322120232576,0.7289474770523294,0.12117195821811577,0.00833815574105856,0.008277569761949502
2026-01-06,0.9196881413488385,0.9196881413488385,0.8192983180348863,0.09035084098255686,0.0012521422559478945,0.001206966835456616
2026-01-07,0.8562020623943801,0.8562020623943801,0.8795322120232576,0.06023389398837131,-0.0033106064813133544,-0.00334072342830754
2026-01-08,0.814037655541391,0.814037655541391,0.9196881413488385,0.040155929325580875,9.396363815429034e-05,7.38856734914999e-05
2026-01-09,0.8760251036942608,0.8760251036942608,0.8562020623943801,0.06348607895445835,0.007605549364641025,0.007573806325163796
2026-01-12,0.9173500691295073,0.9173500691295073,0.814037655541391,0.04216440685298917,0.004943105968668404,0.004922023765241909
2026-01-13,0.8441105194628264,0.8441105194628264,0.8760251036942608,0.06198744815286983,-0.005023033591894784,-0.005054027315971219
2026-01-14,0.8734150690663214,0.8734150690663214,0.9173500691295073,0.04132496543524655,0.00426941562631953,0.0042487531436019065
2026-01-15,0.8828838527047401,0.8828838527047401,0.8441105194628264,0.07323954966668089,-0.0003400766319178632,-0.00037669640675120367
2026-01-16,0.9219225684698269,0.9219225684698269,0.8734150690663214,0.029304549603494934,0.0023757917938092826,0.0023611395190075352
2026-01-20,0.7568673388524967,0.7568673388524967,0.8828838527047401,0.009468783638418743,-0.013394531658604911,-0.013399266050424121
2026-01-21,0.762533413458898,0.762533413458898,0.9219225684698269,0.03903871576508677,0.009499547662529426,0.009480028304646882
2026-01-22,0.8229062652898385,0.8229062652898385,0.7568673388524967,0.1650552296173302,0.0029807093807463145,0.0028981817659376494
2026-01-23,0.8819375101932256,0.8819375101932256,0.762533413458898,0.005666074606401339,0.004218424824983918,0.004215591787680718
2026-01-26,0.9212916734621506,0.9212916734621506,0.8229062652898385,0.06037285183094043,0.004115760663936513,0.004085574238021043
2026-01-27,0.9475277823081005,0.9475277823081005,0.8819375101932256,0.05903124490338718,0.014220491717630497,0.014190976095178803
2026-01-28,0.8616481211555079,0.8616481211555079,0.9212916734621506,0.039354163268924935,-0.009746213341884713,-0.009765890423519176
2026-01-29,0.8652781730879909,0.8652781730879909,0.9475277823081005,0.026236108845949957,0.006378798856155902,0.006365680801732927
2026-01-30,0.7921983768695016,0.7921983768695016,0.8616481211555079,0.0858796611525926,-0.008049706486863527,-0.008092646317439823
2026-02-02,0.7968471103819877,0.7968471103819877,0.8652781730879909,0.0036300519324830027,0.005668959175002003,0.005667144149035761
2026-02-03,0.7906969763501819,0.7906969763501819,0.7921983768695016,0.07307979621848937,0.0003905995814462128,0.0003540596833369681
2026-02-04,0.820319200424309,0.820319200424309,0.7968471103819877,0.004648733512486181,0.0025920141205891018,0.0025896897538328586
2026-02-05,0.7279039509298397,0.7279039509298397,0.7906969763501819,0.006150134031805865,-0.011264551999345531,-0.011267627066361434
2026-02-06,0.8186026339532265,0.8186026339532265,0.820319200424309,0.029622224074127068,0.018641709991005225,0.01862689887896816
2026-02-09,0.8790684226354843,0.8790684226354843,0.7279039509298397,0.09241524949446922,0.009789532489124113,0.009743324864376878
2026-02-10,0.9193789484236563,0.9193789484236563,0.8186026339532265,0.0906986830233868,0.0019680121359318303,0.001922662794420137
2026-02-11,0.9462526322824376,0.9462526322824376,0.8790684226354843,0.060465788682257826,0.00590324194290863,0.005873009048567501
2026-02-12,0.9040246951460701,0.9040246951460701,0.9193789484236563,0.04031052578817196,-0.006921198323347917,-0.006941353586242003
2026-02-13,0.8799855657033906,0.8799855657033906,0.9462526322824376,0.026873683858781305,0.0008176427508431609,0.0008042059089137702
2026-02-17,0.8641663941933,0.8641663941933,0.9040246951460701,0.04222793713636752,-0.00017341008764514538,-0.00019452405621332914
2026-02-18,0.862369887832305,0.862369887832305,0.8799855657033906,0.024039129442679497,0.0010131840265750558,0.001001164461853716
2026-02-19,0.8375166709929538,0.8375166709929538,0.8641663941933,0.0158191715100906,-0.0024017946464653275,-0.0024097042322203726
2026-02-20,0.887477106952046,0.887477106952046,0.862369887832305,0.0017965063609950427,0.007044787193173326,0.007043888939992828
2026-02-23,0.8515788863948456,0.8515788863948456,0.8375166709929538,0.024853216839351155,-0.003433101671064694,-0.0034455282794843695
2026-02-24,0.8302448204434341,0.8302448204434341,0.887477106952046,0.049960435959092164,0.0016140758335789049,0.0015890956155993588
2026-02-25,0.8868298802956227,0.8868298802956227,0.8515788863948456,0.03589822055720038,0.008136674962821987,0.008118725852543387
2026-02-26,0.9043916273163899,0.9043916273163899,0.8302448204434341,0.02133406595141152,-0.0007072714266560669,-0.0007179384596317726
2026-02-27,0.8622074866209357,0.8622074866209357,0.8868298802956227,0.056585059852188646,-0.001596092925260925,-0.0016243854551870195
2026-03-02,0.6964684708177862,0.6964684708177862,0.9043916273163899,0.017561747020767182,-0.017850915587345806,-0.017859696460856188
2026-03-03,0.48511211262858767,0.48511211262858767,0.8622074866209357,0.042184140695454175,-0.0267927122905039,-0.026813804360851626
2026-03-04,0.39495431152218574,0.39495431152218574,0.6964684708177862,0.16573901580314954,0.008976369394672478,0.008893499886770904
2026-03-05,0.2507586776852409,0.2507586776852409,0.48511211262858767,0.2113563581891985,-0.010622857245710817,-0.010728535424805417
2026-03-06,0.12237246352121775,0.12237246352121775,0.39495431152218574,0.09015780110640192,-0.0035050849578730425,-0.0035501638584262436
2026-03-09,0.052143015768638626,0.052143015768638626,0.2507586776852409,0.14419563383694484,0.0018115568022497091,0.0017394589853312367
2026-03-10,0.014269764003297897,0.014269764003297897,0.12237246352121775,0.12838621416402315,0.0002843289779948832,0.0002201358709128716
2026-03-11,-0.018067550907295567,-0.018067550907295567,0.052143015768638626,0.07022944775257912,-0.00011035978683538251,-0.00014547451071167207
2026-03-12,-0.10368407997695749,-0.10368407997695749,0.014269764003297897,0.03787325176534073,-0.00022339319854806837,-0.00024232982443073874
2026-03-13,-0.22019582045800318,-0.22019582045800318,-0.018067550907295567,0.03233731491059347,0.00021504576296110046,0.00019887710550580372
2026-03-16,-0.21396524594865945,-0.21396524594865945,-0.10368407997695749,0.08561652906966191,-0.0019380176909670175,-0.0019808259555018485
2026-03-17,-0.20665548808506867,-0.20665548808506867,-0.22019582045800318,0.11651174048104569,-0.0006060584328626257,-0.0006643143031031485
2026-03-18,-0.32696934975389863,-0.32696934975389863,-0.21396524594865945,0.006230574509343723,0.003654184502738257,0.003651069215483585
2026-03-19,-0.43179666372857095,-0.43179666372857095,-0.20665548808506867,0.007309757863590782,0.0003633553471925689,0.0003597004682607735
2026-03-20,-0.6211977758190473,-0.6211977758190473,-0.32696934975389863,0.12031386166882996,0.009925603642178609,0.009865446711344194
2026-03-23,-0.5662518956809125,-0.5662518956809125,-0.43179666372857095,0.10482731397467232,-0.01038080552647049,-0.010433219183457826
2026-03-24,-0.5642367572384585,-0.5642367572384585,-0.6211977758190473,0.1894011120904764,0.003694509881181728,0.00359980932513649
2026-03-25,-0.48825090127146287,-0.48825090127146287,-0.5662518956809125,0.05494588013813484,-0.008261728624376519,-0.008289201564445585
2026-03-26,-0.5602176419431568,-0.5602176419431568,-0.5642367572384585,0.0020151384424540453,0.011674653928186049,0.011673646358964822
2026-03-27,-0.684591117547936,-0.684591117547936,-0.48825090127146287,0.07598585596699559,0.004435833244950205,0.004397840316966707
2026-03-30,-0.7374503563244166,-0.7374503563244166,-0.5602176419431568,0.07196674067169395,-0.0016125137252715842,-0.0016484970956074311
2026-03-31,-0.5850503520466892,-0.5850503520466892,-0.684591117547936,0.12437347560477918,-0.022269026355593337,-0.022331213093395728
2026-04-01,-0.42132658702434994,-0.42132658702434994,-0.7374503563244166,0.05285923877648058,-0.011236840902813326,-0.011263270522201566
2026-04-02,-0.3363468277065846,-0.3363468277065846,-0.5850503520466892,0.15240000427772737,0.0036191402523756216,0.003542940250236758
2026-04-06,-0.2541556688342307,-0.2541556688342307,-0.42132658702434994,0.16372376502233926,-0.0021066402654635157,-0.002188502147974685
2026-04-07,-0.20057267068328025,-0.20057267068328025,-0.3363468277065846,0.08497975931776536,0.0004781255037616598,0.00043563562410277713
2026-04-08,-0.03557858151133331,-0.03557858151133331,-0.2541556688342307,0.0821911588723539,-0.009923336266349217,-0.009964431845785394
2026-04-09,0.06450976794477838,0.06450976794477838,-0.20057267068328025,0.05358299815095044,0.0004710697854635613,0.0004442782863880861
2026-04-10,0.12871779710106454,0.12871779710106454,-0.03557858151133331,0.16499408917194694,-8.026572886051862e-05,-0.00016276277344649207
2026-04-13,0.19051334280259094,0.19051334280259094,0.06450976794477838,0.10008834945611168,0.00039774077736258863,0.00034769660263453276
2026-04-14,0.2734609105487125,0.2734609105487125,0.12871779710106454,0.06420802915628616,0.0010391570553123775,0.0010070530407342345
2026-04-15,0.2921130671965739,0.2921130671965739,0.19051334280259094,0.0617955457015264,-0.000606613969439976,-0.0006375117422907392
2026-04-16,0.29026564541066335,0.29026564541066335,0.2734609105487125,0.08294756774612158,-0.0007940970901829467,-0.0008355708740560075
2026-04-17,0.3652402230875259,0.3652402230875259,0.2921130671965739,0.01865215664786135,0.0037148744972583924,0.0037055484189344617
2026-04-20,0.3892746058733961,0.3892746058733961,0.29026564541066335,0.001847421785910519,-0.0011407983694361847,-0.00114172208032914
2026-04-21,0.3207728036253399,0.3207728036253399,0.3652402230875259,0.07497457767686255,-0.008014157812878888,-0.00805164510171732
2026-04-22,0.2391966994393162,0.2391966994393162,0.3892746058733961,0.024034382785870168,0.0013023282204162427,0.0012903110290233076
2026-04-23,0.1767183240259494,0.1767183240259494,0.3207728036253399,0.06850180224805619,-0.0022964018287072448,-0.002330652729831273
2026-04-24,0.14425571680566296,0.14425571680566296,0.2391966994393162,0.08157610418602368,0.001252196950195243,0.001211408898102231
2026-04-27,0.1150088589437914,0.1150088589437914,0.1767183240259494,0.062478375413366816,-0.0006772045220246469,-0.0007084437097313302
2026-04-28,0.08766858704382255,0.08766858704382255,0.14425571680566296,0.03246260722028643,-0.0005976304140109265,-0.0006138617176210697
2026-04-29,0.06203951027709205,0.06203951027709205,0.1150088589437914,0.02924685786187156,-0.001173326728722093,-0.0011879501576530288
2026-04-30,0.10453186693597051,0.10453186693597051,0.08766858704382255,0.02734027189996885,0.0020967463748790285,0.002083076238929044
2026-05-01,0.11818971531003339,0.11818971531003339,0.06203951027709205,0.0256290767667305,-0.00013338923786278376,-0.000146203776246149
2026-05-04,0.10012533632089812,0.10012533632089812,0.10453186693597051,0.04249235665887846,-0.001433351958854847,-0.0014545981371842862
2026-05-05,0.11107714884533533,0.11107714884533533,0.11818971531003339,0.013657848374062878,0.0015727383940568895,0.001565909469869858
2026-05-06,0.3014910068849868,0.3014910068849868,0.10012533632089812,0.018064378989135266,0.0027180198953156588,0.002708987705821091
2026-05-07,0.3069476166279018,0.3069476166279018,0.11107714884533533,0.010951812524437207,-0.0020347995983848416,-0.00204027550464706
2026-05-08,0.3720738581521089,0.3720738581521089,0.3014910068849868,0.1904138580396515,0.003135336022254688,0.003040129093234862
2026-05-11,0.4009082068952723,0.4009082068952723,0.3069476166279018,0.0054566097429150084,-0.0006495704176909269,-0.0006522987225623844
2026-05-12,0.38694136573495097,0.38694136573495097,0.3720738581521089,0.0651262415242071,-0.002151957149619646,-0.0021845202703817497
2026-05-13,0.41182104876458736,0.41182104876458736,0.4009082068952723,0.028834348743163374,0.002682055901452818,0.0026676387270812363
2026-05-14,0.3901917884375593,0.3901917884375593,0.38694136573495097,0.01396684116032132,-0.0013788675979919086,-0.0013858510185720692
2026-05-15,0.31483696488338053,0.31483696488338053,0.41182104876458736,0.02487968302963639,-0.006926060844050859,-0.006938500685565677
2026-05-18,0.2926964681102946,0.2926964681102946,0.3901917884375593,0.021629260327028055,0.003605802615583961,0.003594987985420447
2026-05-19,0.24961223669591906,0.24961223669591906,0.31483696488338053,0.07535482355417877,-0.0022694428552018,-0.0023071202669788893
2026-05-20,0.2656046048859271,0.2656046048859271,0.2926964681102946,0.022140496773085938,0.004882119737995939,0.004871049489609396
2026-05-21,0.2947228781965953,0.2947228781965953,0.24961223669591906,0.043084231414375534,0.0013730804506916139,0.001351538334984426
2026-05-22,0.30111082385718324,0.30111082385718324,0.2656046048859271,0.015992368190008016,-0.0005353323515557102,-0.0005433285356507143
2026-05-26,0.5340738825714555,0.5340738825714555,0.2947228781965953,0.02911827331066824,0.0032595664862694143,0.00324500734961408
2026-05-27,0.6044692185210008,0.6044692185210008,0.30111082385718324,0.006387945660587924,-0.001031106503079531,-0.0010343004759098252
2026-05-28,0.6398587841421798,0.6398587841421798,0.5340738825714555,0.23296305871427225,-0.0004077904126794232,-0.0005242719420365593
2026-05-29,0.6836698780468011,0.6836698780468011,0.6044692185210008,0.07039533594954528,0.0006351591191113373,0.0005999614511365646
2026-06-01,0.6109641119219672,0.6109641119219672,0.6398587841421798,0.03538956562117901,-0.0021979947277101764,-0.0022156895105207657
2026-06-02,0.6991637119985346,0.6991637119985346,0.6836698780468011,0.043811093904621345,0.00379663526966827,0.0037747297227159592
2026-06-03,0.5757229542517486,0.5757229542517486,0.6109641119219672,0.07270576612483393,-0.005235786518710034,-0.005272139401772452
2026-06-04,0.6293840116948608,0.6293840116948608,0.6991637119985346,0.08819960007656735,0.005573379299108726,0.005529279499070443
2026-06-05,0.4683540218705662,0.4683540218705662,0.5757229542517486,0.12344075774678598,-0.01475645294493637,-0.014818173323809762
2026-06-08,0.3904768487246528,0.3904768487246528,0.6293840116948608,0.053661057443112226,0.003815907020287875,0.003789076491566319
2026-06-09,0.3278561762446419,0.3278561762446419,0.4683540218705662,0.16102998982429462,9.106260346890327e-05,1.0547608556755965e-05
2026-06-10,0.25258588358351813,0.25258588358351813,0.3904768487246528,0.07787717314591336,-0.005046976156247767,-0.005085914742820724
2026-06-11,0.44736122484504387,0.44736122484504387,0.3278561762446419,0.06262067248001091,0.01020013025562102,0.010168819919381015
2026-06-12,0.6158961813664909,0.6158961813664909,0.25258588358351813,0.07527029266112378,0.0006993839420812383,0.0006617487957506764
2026-06-15,0.7439307875776606,0.7439307875776606,0.44736122484504387,0.19477534126152574,0.003011747061541196,0.0029143593909104334
2026-06-16,0.8292871917184405,0.8292871917184405,0.6158961813664909,0.16853495652144707,0.0013610058400254173,0.0012767383617646936
2026-06-17,0.8238023966523214,0.8238023966523214,0.7439307875776606,0.1280346062111697,-0.0037799100616031094,-0.0038439273647086943
2026-06-18,0.8825349311015476,0.8825349311015476,0.8292871917184405,0.08535640414077983,0.005034255021986986,0.004991576819916596
2026-06-22,0.9216899540676984,0.9216899540676984,0.8238023966523214,0.005484795066119097,0.0013412977118252346,0.0013385553142921751
2026-06-23,0.7529746505256815,0.7529746505256815,0.8825349311015476,0.058732534449226215,-0.017890384826272653,-0.017919751093497267
2026-06-24,0.627540956920678,0.627540956920678,0.9216899540676984,0.03915502296615081,-0.0017990940824335875,-0.0018186715939166628
2026-06-25,0.5578258945846797,0.5578258945846797,0.7529746505256815,0.16871530354201691,0.0065533636357236885,0.00646900598395268
2026-06-26,0.4118740896645263,0.4118740896645263,0.627540956920678,0.12543369360500345,-0.0037111038398402376,-0.0037738206866427394
2026-06-29,0.3829305740072399,0.3829305740072399,0.5578258945846797,0.06971506233599833,0.004950451984448957,0.004915594453280958
2026-06-30,0.41067561067226044,0.41067561067226044,0.4118740896645263,0.14595180492015336,0.0017119960316514192,0.0016390201291913427
2026-07-01,0.34398038058619407,0.34398038058619407,0.3829305740072399,0.028943515657286423,-0.0031702015409676427,-0.0031846732987962857
2026-07-02,0.4891399001221414,0.4891399001221414,0.41067561067226044,0.02774503666502054,0.0053816210351222875,0.005367748516789777
2026-07-06,0.6594266000814276,0.6594266000814276,0.34398038058619407,0.06669523008606637,0.0035923861768553168,0.003559038561812284
2026-07-07,0.5597995151970283,0.5597995151970283,0.4891399001221414,0.14515951953594736,-0.006029581230554371,-0.006102160990322345
2026-07-08,0.4149684313737789,0.4149684313737789,0.6594266000814276,0.1702866999592862,-0.005064739573039494,-0.0051498829230191365
2026-07-09,0.34924392055200343,0.34924392055200343,0.5597995151970283,0.09962708488439931,0.0030329562689737893,0.0029831427265315895
2026-07-10,0.3352812850886231,0.3352812850886231,0.4149684313737789,0.14483108382324938,0.0016372072702160458,0.0015647917283044212
2026-07-13,0.2627676002277602,0.2627676002277602,0.34924392055200343,0.0657245108217755,-0.003648780334235497,-0.0036816425896463844
2026-07-14,0.25054414073407527,0.25054414073407527,0.3352812850886231,0.013962635463380335,0.0023382694647210733,0.0023312881469893833
2026-07-15,0.3165833023141625,0.3165833023141625,0.2627676002277602,0.0725136848608629,0.0017440389310920952,0.0017077820886616637
2026-07-16,0.2785961503610871,0.2785961503610871,0.25054414073407527,0.012223459493684918,-0.002011066116846919,-0.0020171778465937614
2026-07-17,0.22125843920289964,0.22125843920289964,0.3165833023141625,0.06603916158008721,-0.001463815009100975,-0.0014968345898910187
2026-07-20,0.15709746919842676,0.15709746919842676,0.2785961503610871,0.03798715195307539,-0.002049101574257175,-0.002068095150233713
2026-07-21,0.17835616713391966,0.17835616713391966,0.22125843920289964,0.05733771115818745,0.0032141425634608623,0.0031854737078817687
2026-07-22,0.20009752464839375,0.20009752464839375,0.15709746919842676,0.06416097000447288,0.00028684319994950227,0.00025476271494726584
2026-07-23,0.15794990491646416,0.15794990491646416,0.17835616713391966,0.0212586979354929,-0.002309645596938874,-0.0023202749459066206
2026-07-24,0.14872352517585888,0.14872352517585888,0.20009752464839375,0.02174135751447409,0.0009917411420002997,0.0009808704632430626
2026-07-27,0.1512796772867304,0.1512796772867304,0.15794990491646416,0.0421476197319296,0.0007637070850155068,0.000742633275149542
2026-07-28,0.15224465368809526,0.15224465368809526,0.14872352517585888,0.009226379740605278,-2.8631563989194726e-05,-3.3244753859497364e-05
2026-07-29,0.1270644760190866,0.1270644760190866,0.1512796772867304,0.0025561521108715124,-0.0007571943865186655,-0.0007584724625741013
2026-07-30,0.4180429840127244,0.4180429840127244,0.15224465368809526,0.0009649764013648643,0.004226965280961874,0.004226482792761191
2026-07-31,0.47178663810716537,0.47178663810716537,0.1270644760190866,0.025180177669008652,-0.0007893641919978481,-0.0008019542808323525
2026-08-03,0.5923788285639221,0.5923788285639221,0.4180429840127244,0.2909785079936378,0.0017421551522401777,0.0015966658982433587
2026-08-04,0.7282525523759481,0.7282525523759481,0.47178663810716537,0.053743654094440985,0.0057849848022795535,0.005758112975232333
2026-08-05,0.8188350349172988,0.8188350349172988,0.5923788285639221,0.12059219045675673,0.0006071751107591788,0.0005468790155308004
2026-08-06,0.8606698028228532,0.8606698028228532,0.7282525523759481,0.135873723812026,-0.0004745178839845714,-0.0005424547458905844
2026-08-07,0.9071132018819021,0.9071132018819021,0.8188350349172988,0.0905824825413507,0.009076152059621064,0.009030860818350389
2026-08-10,0.8406292745575393,0.8406292745575393,0.8606698028228532,0.041834767905554404,-0.004281551989173796,-0.004302469373126573
2026-08-11,0.8083969612732171,0.8083969612732171,0.9071132018819021,0.04644339905904893,0.0006718247844159347,0.0006486030848864102
2026-08-12,0.8613137113108742,0.8613137113108742,0.8406292745575393,0.06648392732436281,0.0031886492064216866,0.003155407242759505
2026-08-13,0.9075424742072495,0.9075424742072495,0.8083969612732171,0.03223231328432219,0.0014156442052286249,0.0013995280485864638
2026-08-14,0.9108704878843598,0.9108704878843598,0.8613137113108742,0.05291675003765706,-0.0003962490856470947,-0.00042270746066592324
2026-08-17,0.8369451148217499,0.8369451148217499,0.9075424742072495,0.04622876289637534,-0.0015872172933358803,-0.0016103316747840678
2026-08-18,0.6067775298360207,0.6067775298360207,0.9108704878843598,0.0033280136771102198,-0.009910811285611328,-0.009912475292449884
2026-08-19,0.48771914938289346,0.48771914938289346,0.8369451148217499,0.07392537306260982,0.0030429242057341144,0.0030059615192028094
2026-08-20,0.38574401911673145,0.38574401911673145,0.6067775298360207,0.2301675849857292,-0.0017472057942171748,-0.0018622895867100393
2026-08-21,0.4192028673093612,0.4192028673093612,0.48771914938289346,0.11905838045312728,0.00404350024630197,0.003983971056075407
2026-08-24,0.3884347477839911,0.3884347477839911,0.38574401911673145,0.101975130266162,-0.0007483914676095272,-0.0007993790327426082
2026-08-25,0.5922898318559942,0.5922898318559942,0.4192028673093612,0.03345884819262973,0.003026730801386604,0.003010001377290289
2026-08-26,0.5515460514995798,0.5515460514995798,0.3884347477839911,0.030768119525370063,-0.0019277191814386157,-0.0019431032412013007
2026-08-27,0.48023016184186484,0.48023016184186484,0.5922898318559942,0.20385508407200303,-0.0013676222642931125,-0.001469549806329114
2026-08-28,0.3996245489253575,0.3996245489253575,0.5515460514995798,0.04074378035641435,-0.0015317653750643605,-0.0015521372652425676
2026-08-31,0.32514807342685664,0.32514807342685664,0.48023016184186484,0.07131588965771496,-0.001203715131753931,-0.0012393730765827885
2026-09-01,0.23709793018874756,0.23709793018874756,0.3996245489253575,0.08060561291650736,-0.0035703975057899615,-0.0036107003122482152
2026-09-02,0.19985642672010895,0.19985642672010895,0.32514807342685664,0.07447647549850084,0.001740391645636822,0.0017031534078875716
2026-09-03,0.3143960996218159,0.3143960996218159,0.23709793018874756,0.08805014323810909,0.002546824095998734,0.0025027990243796797
2026-09-04,0.3748372009227109,0.3748372009227109,0.19985642672010895,0.03724150346863861,0.00025856924493908626,0.00023994849320476696
2026-09-08,0.34544109276098917,0.34544109276098917,0.3143960996218159,0.11453967290170697,-0.0017119755425587112,-0.0017692453790095646
2026-09-09,0.2568545337412328,0.2568545337412328,0.3748372009227109,0.06044110130089497,-0.0041741494808726935,-0.004204370031523141
2026-09-10,0.1753471294119253,0.1753471294119253,0.34544109276098917,0.029396108161721723,-0.0029175570777282903,-0.002932255131809151
2026-09-11,0.16308545145310577,0.16308545145310577,0.2568545337412328,0.08858655901975637,0.00252817510264247,0.002483881823132592
2026-09-14,0.12169144249585415,0.12169144249585415,0.1753471294119253,0.0815074043293075,-0.0013968584508390238,-0.0014376121530036777
2026-09-15,0.07813569956011578,0.07813569956011578,0.16308545145310577,0.012261677958819522,-0.000693320326070106,-0.0006994511650495157
2026-09-16,0.036786836848138556,0.036786836848138556,0.12169144249585415,0.04139400895725162,-0.00043874138212006934,-0.00045943838659869517
2026-09-17,0.047442838994263326,0.047442838994263326,0.07813569956011578,0.04355574293573837,0.0007588911629269649,0.0007371132914590958
2026-09-18,0.00768737174273728,0.00768737174273728,0.036786836848138556,0.04134886271197722,-0.0003711986407130728,-0.00039187307206906143
