Date,Adj Close,Close,High,Low,Open,Volume
2000-01-03,25.940288543701172,40.1875,41.6875,39.8125,41.4375,2638200
2000-01-04,25.899934768676758,40.125,41.125,39.75,40.1875,3592100
2000-01-05,27.51363182067871,42.625,43.3125,41.375,41.375,7631700
2000-01-06,27.79604148864746,43.0625,43.4375,41.125,42.625,4922200
2000-01-07,28.602893829345703,44.3125,44.875,43.6875,43.6875,6008300
2000-01-10,28.199462890625,43.6875,44.5,43.5,44.3125,2403500
2000-01-11,27.67501449584961,42.875,43.9375,42.75,43.6875,2450000
2000-01-12,27.79604148864746,43.0625,44.1875,42.5,42.875,2327800
2000-01-13,27.35226821899414,42.375,43.375,42.0,43.0625,3035100
2000-01-14,28.401185989379883,44.0,44.25,42.9375,42.9375,3834900
2000-01-18,29.046663284301758,45.0,45.0,43.125,44.0,5859800
2000-01-19,30.741052627563477,47.625,48.125,45.25,45.25,11463600
2000-01-20,30.01487922668457,46.5,47.875,45.75,47.625,8941100
2000-01-21,29.490442276000977,45.6875,46.9375,45.0,46.5,4392500
2000-01-24,28.602893829345703,44.3125,46.1875,43.625,45.6875,3306200
2000-01-25,29.490442276000977,45.6875,46.0,44.75,44.75,5057200
2000-01-26,29.813182830810547,46.1875,46.5,45.0,45.6875,3090100
2000-01-27,29.087007522583008,45.0625,46.875,44.875,46.1875,3339100
2000-01-28,28.804607391357422,44.625,45.625,44.5,45.0625,2288100
2000-01-31,28.72391700744629,44.5,44.5625,43.9375,44.5625,2411800
2000-02-01,28.239816665649414,43.75,44.1875,43.3125,44.1875,2675800
2000-02-02,28.804607391357422,44.625,45.1875,43.375,43.75,3295500
2000-02-03,28.03809356689453,43.4375,45.0625,43.125,44.625,2889100
2000-02-04,28.401185989379883,44.0,44.1875,42.5625,43.4375,2927200
2000-02-07,26.98919677734375,41.8125,43.875,41.6875,43.875,3029400
2000-02-08,26.464736938476562,41.0,42.0625,40.0,41.8125,5102700
2000-02-09,25.26002311706543,39.0,40.25,38.375,40.25,5525000
2000-02-10,25.745798110961914,39.75,40.1875,38.75,39.0,4060600
2000-02-11,25.82676124572754,39.875,40.375,39.125,39.75,3132800
2000-02-14,24.774261474609375,38.25,39.6875,38.0625,39.6875,2606300
2000-02-15,24.93619155883789,38.5,38.6875,37.375,38.25,3961300
2000-02-16,24.12656021118164,37.25,37.9375,36.875,37.9375,3423000
2000-02-17,24.288482666015625,37.5,37.875,36.5625,37.25,3400500
2000-02-18,23.316940307617188,36.0,37.5,35.875,37.5,5559500
2000-02-22,25.179061889648438,38.875,39.9375,35.875,36.0,4771400
2000-02-23,24.045602798461914,37.125,38.6875,37.0625,38.6875,3880800
2000-02-24,23.681270599365234,36.5625,37.0,35.875,37.0,4210800
2000-02-25,24.490888595581055,37.8125,38.0,36.8125,36.8125,3170600
2000-02-28,23.964645385742188,37.0,37.625,36.5625,37.625,3573300
2000-02-29,23.92416000366211,36.9375,37.625,36.125,37.0,3513100
2000-03-01,23.51935577392578,36.3125,36.625,35.9375,36.625,2838000
2000-03-02,23.276464462280273,35.9375,37.1875,35.375,36.3125,4058200
2000-03-03,23.276464462280273,35.9375,36.5,35.6875,35.9375,3884100
2000-03-06,22.75021743774414,35.125,36.1875,35.0,35.9375,2882000
2000-03-07,22.507339477539062,34.75,35.125,34.125,35.125,3565000
2000-03-08,21.616748809814453,33.375,34.1875,33.375,34.1875,4134600
2000-03-09,21.85964012145996,33.75,34.5,33.25,33.375,3236800
2000-03-10,20.969057083129883,32.375,33.9375,32.3125,33.75,5114300
2000-03-13,21.130990982055664,32.625,33.125,32.0,32.375,3422700
2000-03-14,21.41436004638672,33.0625,33.8125,32.4375,32.625,3727900
2000-03-15,22.588285446166992,34.875,35.5,32.875,33.0625,4859300
2000-03-16,23.07405662536621,35.625,35.9375,34.6875,34.875,4725200
2000-03-17,24.612337112426758,38.0,38.9375,35.375,35.625,15304900
2000-03-20,23.964645385742188,37.0,37.6875,36.375,37.6875,5786400
2000-03-21,23.681270599365234,36.5625,37.4375,36.1875,37.0,4165400
2000-03-22,23.478879928588867,36.25,37.1875,35.75,36.5625,3359600
2000-03-23,22.75021743774414,35.125,35.9375,34.8125,35.9375,4080400
2000-03-24,23.316940307617188,36.0,36.4375,35.5,35.5,5797500
2000-03-27,24.045602798461914,37.125,37.3125,36.125,36.125,2534000
2000-03-28,24.612337112426758,38.0,38.1875,36.875,37.125,5056400
2000-03-29,24.5313777923584,37.875,38.1875,37.3125,38.0,2731000
2000-03-30,25.017141342163086,38.625,38.9375,37.625,37.875,3311100
2000-03-31,24.490888595581055,37.8125,38.8125,37.8125,38.625,4640100
2000-04-03,24.086078643798828,37.1875,37.75,37.0625,37.75,3234700
2000-04-04,24.167041778564453,37.3125,38.25,36.5625,37.1875,4004200
2000-04-05,23.357425689697266,36.0625,37.25,36.0,37.25,2919900
2000-04-06,23.397912979125977,36.125,36.4375,35.625,36.0625,2970400
2000-04-07,23.114545822143555,35.6875,36.3125,35.375,36.125,2381600
2000-04-10,22.70973014831543,35.0625,35.625,35.0,35.625,2452600
2000-04-11,23.114545822143555,35.6875,36.375,35.0,35.0625,2251100
2000-04-12,24.369449615478516,37.625,38.375,35.875,35.875,4620200
2000-04-13,23.964645385742188,37.0,37.625,36.5,37.625,2916700
2000-04-14,22.912145614624023,35.375,36.75,34.75,36.75,3744900
2000-04-17,22.871662139892578,35.3125,35.375,34.0625,35.375,3761600
2000-04-18,22.507339477539062,34.75,35.0625,34.3125,35.0625,3379100
2000-04-19,24.12656021118164,37.25,37.75,35.5625,35.5625,5749000
2000-04-20,25.94820213317871,40.0625,40.25,37.5,37.5,8110700
2000-04-24,24.5313777923584,37.875,41.25,37.5,40.0625,10279700
2000-04-25,25.26002311706543,39.0,39.5625,38.25,38.25,5399600
2000-04-26,25.867229461669922,39.9375,40.5625,39.0,39.0,5338300
2000-04-27,25.786273956298828,39.8125,40.25,38.9375,39.9375,3176700
2000-04-28,25.70531463623047,39.6875,40.0625,38.9375,39.8125,1853600
2000-05-01,25.30050277709961,39.0625,40.1875,39.0,39.6875,2886100
2000-05-02,24.571847915649414,37.9375,39.0625,37.8125,39.0625,2552200
2000-05-03,24.167041778564453,37.3125,38.1875,36.8125,37.9375,3311300
2000-05-04,24.733774185180664,38.1875,39.3125,37.8125,37.8125,2981100
2000-05-05,25.58386993408203,39.5,39.875,37.9375,38.1875,2794900
2000-05-08,24.774261474609375,38.25,39.5,38.1875,39.5,3146400
2000-05-09,24.81474494934082,38.3125,39.1875,38.125,38.25,2567300
2000-05-10,23.971269607543945,36.875,37.9375,36.5625,37.9375,4880400
2000-05-11,24.25567626953125,37.3125,38.1875,37.0625,37.0625,2947200
2000-05-12,24.17441749572754,37.1875,37.625,37.0625,37.3125,2455200
2000-05-15,24.17441749572754,37.1875,37.5,36.4375,37.1875,2913500
2000-05-16,24.296297073364258,37.375,37.875,36.75,37.1875,3815700
2000-05-17,24.296297073364258,37.375,37.5,36.5625,37.375,2739800
2000-05-18,24.45882797241211,37.625,37.75,37.125,37.375,2050100
2000-05-19,24.011903762817383,36.9375,37.375,36.25,37.375,2193900
2000-05-22,23.76813316345215,36.5625,37.6875,36.25,36.9375,2984100
2000-05-23,24.133800506591797,37.125,37.9375,36.625,36.625,2851600
2000-05-24,25.27141571044922,38.875,39.0,37.1875,37.1875,4642600
2000-05-25,24.94637107849121,38.375,38.6875,37.875,38.6875,3027300
2000-05-26,24.86511993408203,38.25,38.9375,38.0,38.375,2102100
2000-05-30,25.718326568603516,39.5625,39.6875,38.5625,38.5625,2325300
2000-05-31,25.39329719543457,39.0625,39.625,39.0,39.5625,2198600
2000-06-01,26.16526222229004,40.25,40.25,39.3125,39.3125,2322800
2000-06-02,25.921483993530273,39.875,40.5625,39.5,40.25,3449500
2000-06-05,25.31204605102539,38.9375,39.4375,38.5625,39.4375,2478000
2000-06-06,25.921483993530273,39.875,40.1875,39.0625,39.0625,2945300
2000-06-07,25.068254470825195,38.5625,40.0,38.5,39.875,2843100
2000-06-08,24.82449722290039,38.1875,38.625,37.6875,38.5625,2481700
2000-06-09,25.47455406188965,39.1875,39.6875,38.625,38.625,2714200
2000-06-12,24.78385353088379,38.125,39.0625,38.0625,39.0625,1553800
2000-06-13,25.230783462524414,38.8125,38.875,37.6875,38.125,2599400
2000-06-14,25.230783462524414,38.8125,39.375,38.375,38.8125,2836500
2000-06-15,26.246511459350586,40.375,41.0,39.25,39.25,6346900
2000-06-16,25.515180587768555,39.25,40.375,38.8125,40.375,4919000
2000-06-19,25.352664947509766,39.0,39.5625,38.5625,39.25,3962300
2000-06-20,25.55582046508789,39.3125,39.6875,38.3125,39.0,2827400
2000-06-21,25.880847930908203,39.8125,40.125,39.0625,39.3125,2538000
2000-06-22,25.31204605102539,38.9375,39.9375,38.75,39.8125,2102400
2000-06-23,25.921483993530273,39.875,40.125,39.375,39.375,1984700
2000-06-26,25.84021759033203,39.75,40.0,39.5,39.875,2666600
2000-06-27,26.002737045288086,40.0,40.25,39.3125,39.75,2845500
2000-06-28,26.348087310791016,40.53125,41.625,40.25,40.25,3847800
2000-06-29,26.6121826171875,40.9375,41.5,40.5,40.53125,3364100
2000-06-30,27.18099021911621,41.8125,42.25,41.0,41.0,4823600
2000-07-03,27.09972381591797,41.6875,41.9375,41.4375,41.8125,1232300
2000-07-05,27.8310489654541,42.8125,43.375,42.0625,42.0625,4990900
2000-07-06,27.952938079833984,43.0,43.1875,42.5625,42.8125,3665200
2000-07-07,28.440500259399414,43.75,44.0625,43.0625,43.0625,4256800
2000-07-10,27.952938079833984,43.0,44.0,43.0,43.75,2834200
2000-07-11,28.8061580657959,44.3125,44.75,43.0625,43.0625,3815200
2000-07-12,28.521759033203125,43.875,44.375,43.6875,44.3125,2228800
2000-07-13,28.968687057495117,44.5625,45.0,44.125,44.125,3452700
2000-07-14,28.88742446899414,44.4375,45.125,44.3125,44.5625,3472100
2000-07-17,28.582700729370117,43.96875,44.4375,43.4375,44.4375,2497700
2000-07-18,29.334348678588867,45.125,45.25,43.3125,43.96875,4783100
2000-07-19,29.821889877319336,45.875,46.1875,44.0625,45.125,7490900
2000-07-20,29.943790435791016,46.0625,46.25,45.1875,45.875,5034000
2000-07-21,30.431331634521484,46.8125,47.3125,45.8125,46.0625,7622000
2000-07-24,31.2845458984375,48.125,48.25,46.6875,46.8125,5027400
2000-07-25,31.60957908630371,48.625,50.25,47.875,48.125,8836600
2000-07-26,31.203290939331055,48.0,49.4375,47.6875,48.625,5444400
2000-07-27,31.365802764892578,48.25,49.4375,48.1875,48.1875,3898500
2000-07-28,31.73145866394043,48.8125,49.125,47.9375,48.25,3930300
2000-07-31,31.73145866394043,48.8125,49.25,48.4375,48.8125,4481100
2000-08-01,31.65020751953125,48.6875,49.5,48.6875,48.8125,3226800
2000-08-02,32.422176361083984,49.875,49.9375,48.875,48.875,4383700
2000-08-03,31.85335922241211,49.0,49.9375,48.8125,49.875,3226900
2000-08-04,31.85335922241211,49.0,49.125,48.3125,49.0,2419800
2000-08-07,31.89399528503418,49.0625,49.5,48.5,49.0,2113900
2000-08-08,31.568960189819336,48.5625,49.1875,48.375,49.0625,3384000
2000-08-09,31.13051986694336,47.75,48.625,47.125,48.5625,4282500
2000-08-10,31.863948822021484,48.875,48.875,47.5625,47.75,2544700
2000-08-11,32.35292053222656,49.625,49.9375,48.5,48.875,3283700
2000-08-14,32.271446228027344,49.5,49.875,49.3125,49.625,2855800
2000-08-15,30.804536819458008,47.25,48.75,47.25,48.75,3963800
2000-08-16,30.11183738708496,46.1875,46.875,45.875,46.875,6353200
2000-08-17,29.90810203552246,45.875,46.125,45.75,46.125,2810800
2000-08-18,29.7858829498291,45.6875,46.0625,45.3125,45.875,4070600
2000-08-21,31.13051986694336,47.75,48.25,45.5,45.6875,4090800
2000-08-22,32.14919662475586,49.3125,49.4375,47.625,47.75,4683200
2000-08-23,32.96412658691406,50.5625,50.9375,48.875,49.3125,6971500
2000-08-24,34.96071243286133,53.625,54.0,50.1875,50.5625,10890300
2000-08-25,35.28668212890625,54.125,54.5,53.375,53.625,7671400
2000-08-28,34.716224670410156,53.25,54.0,52.9375,54.0,4972200
2000-08-29,34.10503387451172,52.3125,53.125,52.25,53.125,4000400
2000-08-30,34.22726058959961,52.5,53.0,51.9375,52.3125,3673400
2000-08-31,34.97089385986328,53.640625,54.875,52.25,52.5,3762800
2000-09-01,35.69414138793945,54.75,56.25,53.75,53.75,5092500
2000-09-05,36.142372131347656,55.4375,56.25,54.0,54.75,3704900
2000-09-06,37.69074249267578,57.8125,58.625,55.5625,55.5625,7974100
2000-09-07,38.13896942138672,58.5,59.9375,57.0,57.8125,10908200
2000-09-08,37.89446258544922,58.125,59.0,57.625,58.5,6699000
2000-09-11,38.220436096191406,58.625,59.4375,57.6875,58.125,4335700
2000-09-12,38.46493911743164,59.0,60.0625,58.125,58.625,5650100
2000-09-13,38.75014877319336,59.4375,60.125,58.75,59.0,4108800
2000-09-14,38.057472229003906,58.375,58.875,57.6875,58.875,4277100
2000-09-15,37.07954788208008,56.875,59.1875,56.75,58.375,5906200
2000-09-18,37.12028884887695,56.9375,58.5625,56.625,56.875,3178700
2000-09-19,36.99805450439453,56.75,57.5625,56.25,56.9375,4221300
2000-09-20,38.50569152832031,59.0625,60.0625,56.9375,56.9375,6389400
2000-09-21,39.11686706542969,60.0,60.6875,59.25,59.25,6181200
2000-09-22,41.39869689941406,63.5,64.3125,59.0,60.0,6837500
2000-09-25,41.64316177368164,63.875,64.3125,61.75,63.5,5343300
2000-09-26,43.0693244934082,66.0625,66.9375,62.8125,63.875,7072100
2000-09-27,42.09138870239258,64.5625,66.5,63.375,66.0625,7540100
2000-09-28,42.05065155029297,64.5,65.375,63.625,64.5625,6746600
2000-09-29,42.05065155029297,64.5,64.5,60.625,64.5,5010700
2000-10-02,38.098209381103516,58.4375,61.25,57.25,61.25,9280800
2000-10-03,39.03538513183594,59.875,60.3125,59.0,59.0,5017300
2000-10-04,39.85031509399414,61.125,62.4375,59.5,59.875,5019200
2000-10-05,39.80956268310547,61.0625,63.0,60.25,61.125,4121900
2000-10-06,39.768821716308594,61.0,62.1875,60.5,61.0625,3067100
2000-10-09,38.75014877319336,59.4375,60.6875,59.25,60.6875,2180100
2000-10-10,38.8316650390625,59.5625,60.125,59.0625,59.4375,2501200
2000-10-11,39.239131927490234,60.1875,61.25,58.8125,59.5625,2960800
2000-10-12,36.590579986572266,56.125,60.3125,54.0,60.1875,8935800
2000-10-13,38.30193328857422,58.75,60.3125,55.9375,56.125,4701200
2000-10-16,39.239131927490234,60.1875,61.0625,59.4375,59.4375,2649100
2000-10-17,39.44285583496094,60.5,61.4375,58.625,60.1875,2909800
2000-10-18,39.60584259033203,60.75,61.5,58.375,60.5,4731100
2000-10-19,38.098209381103516,58.4375,61.1875,57.3125,60.75,6481600
2000-10-20,39.11686706542969,60.0,60.25,57.8125,58.4375,3795000
2000-10-23,39.93181228637695,61.25,62.0,60.0625,60.0625,5692500
2000-10-24,39.768821716308594,61.0,61.9375,60.625,61.25,4174700
2000-10-25,40.787506103515625,62.5625,63.9375,61.125,61.125,5929900
2000-10-26,41.113468170166016,63.0625,63.625,61.875,62.5625,4459800
2000-10-27,41.561683654785156,63.75,63.8125,63.0,63.0625,2632700
2000-10-30,42.172882080078125,64.6875,65.1875,63.6875,63.75,4779200
2000-10-31,44.21023178100586,67.8125,67.875,64.0625,64.6875,4700800
2000-11-01,42.865570068359375,65.75,67.8125,65.125,67.8125,5589600
2000-11-02,43.11006546020508,66.125,67.0,63.8125,65.75,5114500
2000-11-03,43.0693244934082,66.0625,66.75,65.5,66.125,2743700
2000-11-06,43.0693244934082,66.0625,66.375,64.0,66.0625,3610300
2000-11-07,42.49885940551758,65.1875,65.9375,65.0625,65.9375,3030800
2000-11-08,42.46781921386719,65.0,66.125,64.5,65.1875,1600600
2000-11-09,42.9169921875,65.6875,65.9375,64.4375,65.0,2060100
2000-11-10,41.48780059814453,63.5,65.75,63.25,65.6875,2847400
2000-11-13,41.03862380981445,62.8125,63.625,61.9375,63.5,2943400
2000-11-14,42.05947494506836,64.375,64.8125,63.0625,63.0625,3553800
2000-11-15,41.52863311767578,63.5625,63.8125,62.6875,63.8125,3139900
2000-11-16,42.9986686706543,65.8125,66.375,63.5625,63.5625,3557500
2000-11-17,42.712825775146484,65.375,66.8125,65.0625,65.8125,3529100
2000-11-20,42.83533477783203,65.5625,66.5,65.0,65.375,2503900
2000-11-21,44.83623123168945,68.625,69.5,65.3125,65.5625,5734000
2000-11-22,42.549495697021484,65.125,68.4375,64.875,68.4375,4296000
2000-11-24,42.9169921875,65.6875,66.8125,65.5625,65.5625,1122400
2000-11-27,44.0195426940918,67.375,68.0,67.0,67.0,2781400
2000-11-28,44.101200103759766,67.5,68.1875,66.25,67.375,3248900
2000-11-29,45.69375228881836,69.9375,70.0,66.1875,67.5,6378700
2000-11-30,45.12206268310547,69.0625,69.6875,67.5625,69.6875,4248500
2000-12-01,42.9986686706543,65.8125,68.6875,65.1875,68.6875,4419900
2000-12-04,42.34532165527344,64.8125,65.8125,63.6875,65.8125,5211000
2000-12-05,45.04039764404297,68.9375,70.1875,64.5,64.8125,6336500
2000-12-06,44.0195426940918,67.375,69.4375,66.8125,68.9375,4597700
2000-12-07,43.65202331542969,66.8125,68.125,66.8125,67.375,2295400
2000-12-08,45.69375228881836,69.9375,70.9375,67.4375,67.4375,5179900
2000-12-11,44.67289733886719,68.375,70.625,68.375,69.9375,3801300
2000-12-12,45.162899017333984,69.125,70.4375,68.125,68.375,3167400
2000-12-13,44.346214294433594,67.875,69.8125,67.75,69.125,2366600
2000-12-14,43.9378662109375,67.25,68.9375,66.5,67.875,3369700
2000-12-15,42.38615036010742,64.875,66.6875,64.75,66.6875,6340900
2000-12-18,44.75454330444336,68.5,69.9375,66.0,66.0,4230000
2000-12-19,43.36619186401367,66.375,68.625,66.125,68.5,4316400
2000-12-20,42.46781921386719,65.0,66.4375,64.0625,66.375,4112700
2000-12-21,42.22282409667969,64.625,65.0,62.5625,65.0,4725400
2000-12-22,41.44697189331055,63.4375,65.0,61.4375,64.625,4071700
2000-12-26,41.1611213684082,63.0,64.5,62.25,63.4375,2366700
2000-12-27,41.85532760620117,64.0625,64.875,62.25,63.0,2725700
2000-12-28,42.75368118286133,65.4375,67.0,63.75,64.0625,2486100
2000-12-29,43.121185302734375,66.0,66.75,65.625,65.625,2554100
2001-01-02,40.50777053833008,62.0,65.3125,60.5625,65.3125,3762500
2001-01-03,40.875282287597656,62.5625,63.75,59.1875,62.0,6428600
2001-01-04,39.85441207885742,61.0,64.1875,60.25,62.5625,3868900
2001-01-05,38.38439178466797,58.75,61.5,58.125,61.0,4012600
2001-01-08,38.54771423339844,59.0,60.5,58.6875,58.75,3055100
2001-01-09,38.50688171386719,58.9375,59.0,57.1875,59.0,4372800
2001-01-10,39.446067810058594,60.375,60.875,58.3125,58.9375,3674200
2001-01-11,38.62937545776367,59.125,60.75,59.0,60.375,3385300
2001-01-12,39.60942840576172,60.625,60.6875,58.5625,59.125,3161000
2001-01-16,39.85441207885742,61.0,61.625,59.5,60.625,3274400
2001-01-17,38.38439178466797,58.75,62.6875,58.25,61.0,6608400
2001-01-18,37.486026763916016,57.375,58.0,55.625,58.0,6047900
2001-01-19,36.38349533081055,55.6875,57.4375,55.5,57.375,4295900
2001-01-22,36.58767318725586,56.0,56.875,55.6875,55.6875,3605600
2001-01-23,37.56770324707031,57.5,58.0,56.1875,56.1875,4417400
2001-01-24,37.52686309814453,57.4375,58.0,56.875,57.5,2998400
2001-01-25,38.711055755615234,59.25,59.6875,56.5,57.4375,3684000
2001-01-26,37.93519592285156,58.0625,59.6875,57.5,59.25,2300200
2001-01-29,36.888206481933594,56.459999084472656,57.9900016784668,56.310001373291016,57.9900016784668,2364700
2001-01-30,36.68566131591797,56.150001525878906,56.59000015258789,54.560001373291016,56.459999084472656,3703800
2001-01-31,38.221046447753906,58.5,58.90999984741211,56.5,56.5,3614900
2001-02-01,36.927406311035156,56.52000045776367,58.5,56.060001373291016,58.5,4105500
2001-02-02,37.14301300048828,56.849998474121094,57.5,56.040000915527344,56.52000045776367,2121700
2001-02-05,37.8486328125,57.93000030517578,58.040000915527344,56.41999816894531,56.849998474121094,2188100
2001-02-06,37.06460189819336,56.72999954223633,58.459999084472656,56.470001220703125,57.93000030517578,2367000
2001-02-07,37.6478385925293,57.45000076293945,57.88999938964844,56.650001525878906,56.72999954223633,2182900
2001-02-08,37.687156677246094,57.5099983215332,58.2599983215332,57.119998931884766,57.45000076293945,2802100
2001-02-09,37.57575607299805,57.34000015258789,58.16999816894531,56.779998779296875,57.5099983215332,2017300
2001-02-12,38.70945739746094,59.06999969482422,59.099998474121094,58.209999084472656,58.209999084472656,2875500
2001-02-13,39.790714263916016,60.720001220703125,61.380001068115234,59.09000015258789,59.09000015258789,4984900
2001-02-14,39.705535888671875,60.59000015258789,61.939998626708984,60.34000015258789,60.720001220703125,3697900
2001-02-15,39.417198181152344,60.150001525878906,60.7599983215332,58.84000015258789,60.59000015258789,2569700
2001-02-16,39.31235885620117,59.9900016784668,60.61000061035156,59.630001068115234,60.150001525878906,2934600
2001-02-20,40.53122329711914,61.849998474121094,62.79999923706055,60.150001525878906,60.150001525878906,3144600
2001-02-21,39.44995880126953,60.20000076293945,62.380001068115234,60.150001525878906,61.849998474121094,2299500
2001-02-22,40.15770721435547,61.279998779296875,62.22999954223633,60.20000076293945,60.20000076293945,2767600
2001-02-23,40.37395095825195,61.61000061035156,61.75,60.54999923706055,61.279998779296875,2267000
2001-02-26,41.127559661865234,62.7599983215332,62.970001220703125,61.02000045776367,61.61000061035156,1854600
2001-02-27,41.743553161621094,63.70000076293945,63.900001525878906,62.0,62.7599983215332,2993000
2001-02-28,40.760581970214844,62.20000076293945,63.83000183105469,61.9900016784668,63.70000076293945,3053200
2001-03-01,39.089534759521484,59.650001525878906,61.86000061035156,58.599998474121094,61.86000061035156,4226100
2001-03-02,39.384422302246094,60.099998474121094,61.45000076293945,58.29999923706055,59.650001525878906,3796100
2001-03-05,40.57053756713867,61.90999984741211,62.150001525878906,59.880001068115234,60.099998474121094,2814700
2001-03-06,40.7147102355957,62.130001068115234,62.59000015258789,61.290000915527344,61.90999984741211,2783400
2001-03-07,42.005680084228516,64.0999984741211,64.20999908447266,61.869998931884766,62.130001068115234,3475800
2001-03-08,42.43163299560547,64.75,65.19999694824219,63.54999923706055,64.0999984741211,4227400
2001-03-09,42.923126220703125,65.5,65.5999984741211,64.19999694824219,64.75,2721500
2001-03-12,39.97421646118164,61.0,64.31999969482422,60.959999084472656,64.31999969482422,4324900
2001-03-13,39.69243240356445,60.56999969482422,62.9900016784668,60.060001373291016,61.0,4802100
2001-03-14,38.02138137817383,58.02000045776367,59.5099983215332,56.83000183105469,59.5099983215332,6086000
2001-03-15,36.7631721496582,56.099998474121094,58.02000045776367,55.5099983215332,58.02000045776367,5186800
2001-03-16,35.223182678222656,53.75,56.20000076293945,52.849998474121094,56.099998474121094,11244000
2001-03-19,36.71074676513672,56.02000045776367,56.25,53.75,53.75,6193500
2001-03-20,36.04233169555664,55.0,57.189998626708984,54.7599983215332,56.02000045776367,4360500
2001-03-21,35.288692474365234,53.849998474121094,55.400001525878906,53.20000076293945,55.0,3758400
2001-03-22,34.076358795166016,52.0,53.349998474121094,49.70000076293945,53.349998474121094,6703700
2001-03-23,34.73169708251953,53.0,53.439998626708984,51.599998474121094,52.0,4632500
2001-03-26,36.33065414428711,55.439998626708984,56.16999816894531,53.54999923706055,53.54999923706055,4780200
2001-03-27,36.17338562011719,55.20000076293945,56.2400016784668,54.25,55.439998626708984,3634800
2001-03-28,36.04233169555664,55.0,55.18000030517578,54.0,55.18000030517578,2861600
2001-03-29,36.66487503051758,55.95000076293945,56.29999923706055,54.25,55.0,2814300
2001-03-30,36.50758361816406,55.709999084472656,57.27000045776367,55.310001373291016,55.95000076293945,3742700
2001-04-02,36.05542755126953,55.02000045776367,56.599998474121094,54.529998779296875,55.709999084472656,3182600
2001-04-03,35.78675079345703,54.61000061035156,55.45000076293945,54.11000061035156,55.02000045776367,3337500
2001-04-04,35.79985046386719,54.630001068115234,55.20000076293945,53.91999816894531,54.61000061035156,2954700
2001-04-05,37.22843551635742,56.810001373291016,57.5,55.84000015258789,55.84000015258789,2704800
2001-04-06,36.68452072143555,55.97999954223633,56.650001525878906,55.31999969482422,56.650001525878906,2785500
2001-04-09,37.26774978637695,56.869998931884766,57.7400016784668,56.0,56.0,2549800
2001-04-10,39.2009391784668,59.81999969482422,60.189998626708984,57.83000183105469,57.83000183105469,4486300
2001-04-11,38.742218017578125,59.119998931884766,61.0,58.5,59.81999969482422,3980800
2001-04-12,39.64655303955078,60.5,60.5,58.619998931884766,59.119998931884766,1607300
2001-04-16,39.15507125854492,59.75,60.97999954223633,59.18000030517578,60.5,2145500
2001-04-17,39.71208953857422,60.599998474121094,60.599998474121094,59.0,59.75,2258600
2001-04-18,40.170799255371094,61.29999923706055,63.72999954223633,60.70000076293945,60.70000076293945,3078200
2001-04-19,39.73175048828125,60.630001068115234,61.619998931884766,59.54999923706055,61.29999923706055,3551000
2001-04-20,40.432926177978516,61.70000076293945,64.91000366210938,60.5,60.630001068115234,7352100
2001-04-23,39.41064453125,60.13999938964844,61.279998779296875,59.61000061035156,61.279998779296875,4319900
2001-04-24,39.84314727783203,60.79999923706055,62.130001068115234,60.0,60.13999938964844,3094100
2001-04-25,39.54169845581055,60.34000015258789,60.40999984741211,59.900001525878906,60.40999984741211,3228400
2001-04-26,39.96110153198242,60.97999954223633,61.20000076293945,59.77000045776367,60.34000015258789,3036600
2001-04-27,40.37395095825195,61.61000061035156,61.79999923706055,60.84000015258789,60.97999954223633,2141800
2001-04-30,40.49845886230469,61.79999923706055,64.16000366210938,61.79999923706055,61.79999923706055,3112800
2001-05-01,41.56661605834961,63.43000030517578,64.4800033569336,62.70000076293945,62.70000076293945,4773800
2001-05-02,41.940147399902344,64.0,64.30000305175781,63.25,63.43000030517578,3346200
2001-05-03,41.940147399902344,64.0,64.19999694824219,62.709999084472656,64.0,2171400
2001-05-04,42.26780319213867,64.5,65.0,63.0,64.0,2391200
2001-05-07,42.392330169677734,64.69000244140625,65.2699966430664,64.25,64.5,2149200
2001-05-08,42.35298538208008,64.62999725341797,65.19999694824219,64.30000305175781,64.69000244140625,2663200
2001-05-09,42.707801818847656,65.0,65.51000213623047,64.0,64.62999725341797,2575400
2001-05-10,43.33199691772461,65.94999694824219,66.0,65.16000366210938,65.16000366210938,2441900
2001-05-11,43.371429443359375,66.01000213623047,66.43000030517578,65.30000305175781,65.94999694824219,1659000
2001-05-14,43.8510627746582,66.73999786376953,66.75,65.87000274658203,66.01000213623047,1399700
2001-05-15,43.75250244140625,66.58999633789062,66.69999694824219,65.44000244140625,66.69999694824219,2684000
2001-05-16,43.85763168334961,66.75,66.75,65.6500015258789,66.58999633789062,3985800
2001-05-17,45.198001861572266,68.79000091552734,69.8499984741211,66.55999755859375,66.75,6050600
2001-05-18,44.90889358520508,68.3499984741211,68.9000015258789,67.97000122070312,68.79000091552734,3360700
2001-05-21,45.13227462768555,68.69000244140625,68.75,67.87000274658203,68.3499984741211,1554800
2001-05-22,44.6789436340332,68.0,68.94999694824219,67.5,68.69000244140625,2812700
2001-05-23,43.36485290527344,66.0,67.6500015258789,66.0,67.6500015258789,3687500
2001-05-24,42.83922576904297,65.19999694824219,67.45999908447266,64.05000305175781,66.0,4253400
2001-05-25,41.610538482666016,63.33000183105469,64.9000015258789,62.900001525878906,64.9000015258789,3187800
2001-05-29,41.7419548034668,63.529998779296875,63.900001525878906,63.20000076293945,63.33000183105469,2271400
2001-05-30,41.426570892333984,63.04999923706055,63.95000076293945,62.79999923706055,63.529998779296875,3197700
2001-05-31,41.32143020629883,62.88999938964844,63.400001525878906,62.33000183105469,63.04999923706055,2653000
2001-06-01,42.707801818847656,65.0,65.56999969482422,62.900001525878906,62.900001525878906,3301500
2001-06-04,43.38457107543945,66.02999877929688,66.69999694824219,64.9000015258789,65.0,2465900
2001-06-05,43.97591781616211,66.93000030517578,67.55000305175781,66.69999694824219,66.69999694824219,3385500
2001-06-06,43.4305534362793,66.0999984741211,66.26000213623047,65.72000122070312,66.26000213623047,3493500
2001-06-07,43.134891510009766,65.6500015258789,66.05999755859375,65.12000274658203,66.05999755859375,2176200
2001-06-08,42.43841552734375,64.58999633789062,65.62000274658203,64.0999984741211,65.62000274658203,2250000
2001-06-11,42.37928009033203,64.5,64.75,63.66999816894531,64.58999633789062,1662300
2001-06-12,43.1743049621582,65.70999908447266,66.13999938964844,64.19999694824219,64.5,3116800
2001-06-13,43.02975845336914,65.48999786376953,66.48999786376953,65.4000015258789,65.70999908447266,2164000
2001-06-14,41.76165008544922,63.560001373291016,65.48999786376953,63.31999969482422,65.48999786376953,3756600
2001-06-15,42.21501922607422,64.25,64.51000213623047,63.720001220703125,63.720001220703125,5906700
2001-06-18,42.62895584106445,64.87999725341797,64.98999786376953,64.41000366210938,64.41000366210938,2425600
2001-06-19,40.60526657104492,61.79999923706055,64.87999725341797,61.540000915527344,64.87999725341797,4464100
2001-06-20,40.15190887451172,61.11000061035156,62.849998474121094,60.380001068115234,61.79999923706055,5950700
2001-06-21,37.94424057006836,57.75,60.0,56.70000076293945,60.0,9721900
2001-06-22,37.451454162597656,57.0,57.880001068115234,55.400001525878906,57.75,6131500
2001-06-25,37.42516326904297,56.959999084472656,57.779998779296875,56.38999938964844,57.0,5424700
2001-06-26,37.46460723876953,57.02000045776367,57.81999969482422,56.04999923706055,56.959999084472656,4629500
2001-06-27,37.91139602661133,57.70000076293945,58.040000915527344,56.880001068115234,57.02000045776367,3117600
2001-06-28,37.609153747558594,57.2400016784668,58.380001068115234,56.880001068115234,57.70000076293945,4013500
2001-06-29,36.53160858154297,55.599998474121094,57.5,55.58000183105469,56.88999938964844,4835800
2001-07-02,37.030967712402344,56.36000061035156,57.220001220703125,56.29999923706055,56.29999923706055,3333200
2001-07-03,37.011253356933594,56.33000183105469,57.060001373291016,56.150001525878906,56.36000061035156,2202600
2001-07-05,36.288490295410156,55.22999954223633,56.720001220703125,55.150001525878906,56.33000183105469,3141600
2001-07-06,35.67742919921875,54.29999923706055,55.47999954223633,53.77000045776367,55.22999954223633,4111300
2001-07-09,34.71159362792969,52.83000183105469,54.02000045776367,52.54999923706055,54.02000045776367,5602100
2001-07-10,35.57887649536133,54.150001525878906,54.619998931884766,53.189998626708984,53.189998626708984,4709600
2001-07-11,34.7575798034668,52.900001525878906,54.209999084472656,52.900001525878906,54.150001525878906,3300000
2001-07-12,35.8088493347168,54.5,54.790000915527344,53.2599983215332,53.2599983215332,3217800
2001-07-13,36.183353424072266,55.06999969482422,55.209999084472656,53.77000045776367,54.5,1639000
2001-07-16,36.32133865356445,55.279998779296875,55.38999938964844,54.08000183105469,55.06999969482422,1950800
2001-07-17,36.99153137207031,56.29999923706055,56.720001220703125,55.400001525878906,55.400001525878906,3848400
2001-07-18,37.536888122558594,57.130001068115234,57.599998474121094,55.04999923706055,56.29999923706055,5456400
2001-07-19,37.0506591796875,56.38999938964844,57.95000076293945,55.70000076293945,57.130001068115234,3427200
2001-07-20,37.3134765625,56.790000915527344,57.150001525878906,56.27000045776367,56.38999938964844,1834100
2001-07-23,36.95868682861328,56.25,57.25,56.04999923706055,56.790000915527344,2123900
2001-07-24,36.30818557739258,55.2599983215332,56.599998474121094,55.189998626708984,56.25,2178000
2001-07-25,37.23463821411133,56.66999816894531,56.849998474121094,55.81999969482422,55.81999969482422,1590500
2001-07-26,38.18077850341797,58.11000061035156,58.18000030517578,56.52000045776367,56.66999816894531,2311300
2001-07-27,38.20048904418945,58.13999938964844,58.900001525878906,57.95000076293945,58.11000061035156,2612400
2001-07-30,37.71427917480469,57.400001525878906,58.900001525878906,57.400001525878906,58.63999938964844,2634300
2001-07-31,38.45672607421875,58.529998779296875,58.790000915527344,57.119998931884766,57.20000076293945,2661300
2001-08-01,38.76555633544922,59.0,59.34000015258789,58.52000045776367,58.650001525878906,2175100
2001-08-02,38.647274017333984,58.81999969482422,59.75,58.31999969482422,59.5,2348200
2001-08-03,38.903541564941406,59.209999084472656,59.25,58.560001373291016,58.81999969482422,1947300
2001-08-06,38.371315002441406,58.400001525878906,59.79999923706055,58.34000015258789,59.0,2732600
2001-08-07,37.779998779296875,57.5,57.72999954223633,56.5,57.439998626708984,4131900
2001-08-08,37.19520950317383,56.61000061035156,57.68000030517578,56.31999969482422,57.150001525878906,2982800
2001-08-09,37.030967712402344,56.36000061035156,57.040000915527344,55.880001068115234,56.5099983215332,3755500
2001-08-10,37.35289764404297,56.849998474121094,56.93000030517578,56.11000061035156,56.5099983215332,2330500
2001-08-13,37.09008026123047,56.45000076293945,57.2400016784668,56.150001525878906,56.54999923706055,1641800
2001-08-14,36.72214889526367,55.88999938964844,56.70000076293945,55.849998474121094,56.45000076293945,2119000
2001-08-15,35.878562927246094,54.439998626708984,56.099998474121094,54.38999938964844,55.54999923706055,3336500
2001-08-16,36.33329772949219,55.130001068115234,55.130001068115234,53.790000915527344,54.099998474121094,2962100
2001-08-17,35.588565826416016,54.0,55.0,53.400001525878906,55.0,2413700
2001-08-20,35.15361022949219,53.34000015258789,53.79999923706055,52.79999923706055,53.75,3248000
2001-08-21,34.23094940185547,51.939998626708984,53.310001373291016,51.939998626708984,53.27000045776367,3330300
2001-08-22,34.46820831298828,52.29999923706055,52.599998474121094,51.779998779296875,51.939998626708984,4197800
2001-08-23,34.382511138916016,52.16999816894531,52.5,52.0,52.099998474121094,1604200
2001-08-24,35.344730377197266,53.630001068115234,53.95000076293945,52.29999923706055,52.34000015258789,2351900
2001-08-27,34.96906661987305,53.060001373291016,53.90999984741211,53.0099983215332,53.90999984741211,1694300
2001-08-28,34.03981018066406,51.650001525878906,53.209999084472656,51.54999923706055,53.0,4484400
2001-08-29,33.413719177246094,50.70000076293945,52.0,50.5099983215332,51.79999923706055,3541600
2001-08-30,33.28191375732422,50.5,51.150001525878906,50.16999816894531,50.70000076293945,2545200
2001-08-31,33.743247985839844,51.20000076293945,51.20000076293945,50.2599983215332,50.5,1939700
2001-09-04,32.919437408447266,49.95000076293945,51.970001220703125,49.45000076293945,49.75,3245700
2001-09-05,33.35439682006836,50.61000061035156,51.25,49.900001525878906,50.20000076293945,3355600
2001-09-06,32.18788146972656,48.84000015258789,50.45000076293945,48.45000076293945,50.099998474121094,3942700
2001-09-07,29.77577781677246,45.18000030517578,48.0,44.790000915527344,47.79999923706055,8116200
2001-09-10,28.642227172851562,43.459999084472656,45.95000076293945,43.459999084472656,44.900001525878906,6618500
2001-09-17,23.593908309936523,35.79999923706055,38.70000076293945,35.45000076293945,35.650001525878906,21271400
2001-09-18,21.84084129333496,33.13999938964844,36.15999984741211,32.0,35.79999923706055,16794700
2001-09-19,21.491546630859375,32.61000061035156,33.810001373291016,31.93000030517578,32.0,15145000
2001-09-20,19.613264083862305,29.760000228881836,32.2400016784668,29.75,32.029998779296875,12043800
2001-09-21,19.837339401245117,30.100000381469727,30.299999237060547,27.600000381469727,28.25,13526500
2001-09-24,21.616764068603516,32.79999923706055,33.38999938964844,30.09000015258789,30.09000015258789,14101600
2001-09-25,22.62510871887207,34.33000183105469,34.47999954223633,32.7599983215332,33.25,10210700
2001-09-26,22.598745346069336,34.290000915527344,34.650001525878906,33.349998474121094,34.54999923706055,6368500
2001-09-27,22.67124366760254,34.400001525878906,34.59000015258789,32.099998474121094,33.900001525878906,9015900
2001-09-28,22.078100204467773,33.5,34.40999984741211,32.900001525878906,34.40999984741211,6780600
2001-10-01,21.3531494140625,32.400001525878906,34.25,32.04999923706055,33.5,6921500
2001-10-02,22.572391510009766,34.25,34.47999954223633,33.130001068115234,33.47999954223633,7077800
2001-10-03,24.114551544189453,36.59000015258789,37.52000045776367,34.400001525878906,34.5099983215332,8582000
2001-10-04,23.976163864135742,36.380001068115234,36.880001068115234,35.25,36.59000015258789,6461800
2001-10-05,23.897064208984375,36.2599983215332,37.040000915527344,34.95000076293945,36.5,3972600
2001-10-08,24.13433074951172,36.619998931884766,37.63999938964844,35.939998626708984,36.20000076293945,5169600
2001-10-09,23.725723266601562,36.0,36.970001220703125,35.619998931884766,36.900001525878906,3430100
2001-10-10,23.567537307739258,35.7599983215332,36.59000015258789,35.400001525878906,36.04999923706055,4520000
2001-10-11,23.84435272216797,36.18000030517578,36.689998626708984,35.88999938964844,35.900001525878906,5386900
2001-10-12,23.659822463989258,35.900001525878906,36.0099983215332,34.900001525878906,36.0099983215332,5105700
2001-10-15,23.244617462158203,35.27000045776367,35.75,34.779998779296875,35.599998474121094,4322600
2001-10-16,23.145753860473633,35.119998931884766,35.54999923706055,34.880001068115234,35.27000045776367,3418500
2001-10-17,22.20990753173828,33.70000076293945,35.45000076293945,33.5099983215332,35.29999923706055,4089900
2001-10-18,21.656312942504883,32.86000061035156,34.08000183105469,32.5099983215332,33.95000076293945,5471800
2001-10-19,22.045146942138672,33.45000076293945,33.75,32.79999923706055,33.36000061035156,3233100
2001-10-22,22.20990753173828,33.70000076293945,34.599998474121094,33.540000915527344,33.79999923706055,3398700
2001-10-23,22.33513069152832,33.88999938964844,34.54999923706055,33.79999923706055,34.02000045776367,3913300
2001-10-24,22.565792083740234,34.2400016784668,34.959999084472656,33.9900016784668,34.650001525878906,3792900
2001-10-25,23.659822463989258,35.900001525878906,35.95000076293945,33.630001068115234,34.099998474121094,5211400
2001-10-26,24.83292007446289,37.68000030517578,38.099998474121094,36.04999923706055,36.099998474121094,11519900
2001-10-29,22.242868423461914,33.75,35.900001525878906,33.5,35.880001068115234,10025200
2001-10-30,21.768346786499023,33.029998779296875,34.189998626708984,33.029998779296875,33.650001525878906,5458600
2001-10-31,21.48495101928711,32.599998474121094,33.54999923706055,32.41999816894531,33.04999923706055,4590700
2001-11-01,21.873794555664062,33.189998626708984,33.5,32.310001373291016,32.5,4550500
2001-11-02,22.63829231262207,34.349998474121094,34.54999923706055,33.209999084472656,33.4900016784668,4565100
2001-11-05,23.09962272644043,35.04999923706055,35.52000045776367,34.599998474121094,35.0,4373700
2001-11-06,23.40937614440918,35.52000045776367,35.7400016784668,34.29999923706055,34.900001525878906,3370700
2001-11-07,22.994176864624023,34.88999938964844,35.52000045776367,34.77000045776367,35.22999954223633,2988900
2001-11-08,23.000770568847656,34.900001525878906,35.75,34.599998474121094,35.0,2847200
2001-11-09,21.90675163269043,33.2400016784668,35.220001220703125,32.79999923706055,35.13999938964844,13761900
2001-11-12,21.78812026977539,33.060001373291016,33.279998779296875,31.579999923706055,33.0,6359200
2001-11-13,22.15059471130371,33.61000061035156,33.959999084472656,33.20000076293945,33.95000076293945,3117800
2001-11-14,22.587772369384766,34.099998474121094,34.25,33.63999938964844,33.95000076293945,3694600
2001-11-15,22.68051528930664,34.2400016784668,34.54999923706055,34.08000183105469,34.099998474121094,2919500
2001-11-16,23.177310943603516,34.9900016784668,35.0099983215332,34.599998474121094,34.79999923706055,3909700
2001-11-19,23.25017738342285,35.099998474121094,35.45000076293945,34.70000076293945,35.0099983215332,3807800
2001-11-20,23.1640625,34.970001220703125,35.20000076293945,34.86000061035156,35.20000076293945,3457000
2001-11-21,22.985206604003906,34.70000076293945,34.970001220703125,34.34000015258789,34.970001220703125,1957800
2001-11-23,23.601245880126953,35.630001068115234,35.650001525878906,34.900001525878906,35.09000015258789,1168100
2001-11-26,23.773473739624023,35.88999938964844,36.150001525878906,35.599998474121094,36.0,3381500
2001-11-27,23.5151309967041,35.5,36.25,35.150001525878906,36.150001525878906,3347500
2001-11-28,22.634153366088867,34.16999816894531,35.13999938964844,33.95000076293945,35.13999938964844,3843000
2001-11-29,23.283292770385742,35.150001525878906,35.20000076293945,34.310001373291016,34.70000076293945,3437100
2001-11-30,23.25017738342285,35.099998474121094,35.099998474121094,34.599998474121094,34.95000076293945,3630700
2001-12-03,23.18393325805664,35.0,35.099998474121094,34.029998779296875,35.099998474121094,3092700
2001-12-04,23.435646057128906,35.380001068115234,35.38999938964844,34.79999923706055,35.0099983215332,3200400
2001-12-05,23.773473739624023,35.88999938964844,36.220001220703125,35.43000030517578,35.5,4650500
2001-12-06,24.581594467163086,37.11000061035156,37.20000076293945,36.060001373291016,36.18000030517578,6270700
2001-12-07,24.707454681396484,37.29999923706055,37.54999923706055,36.599998474121094,37.400001525878906,4499800
2001-12-10,24.44249153137207,36.900001525878906,38.290000915527344,36.709999084472656,37.31999969482422,3852900
2001-12-11,24.555097579956055,37.06999969482422,37.650001525878906,36.650001525878906,37.20000076293945,2886500
2001-12-12,24.376249313354492,36.79999923706055,37.29999923706055,36.65999984741211,37.29999923706055,3972100
2001-12-13,24.508731842041016,37.0,37.79999923706055,36.0,36.45000076293945,2712800
2001-12-14,24.873043060302734,37.54999923706055,37.650001525878906,36.81999969482422,37.150001525878906,2517000
2001-12-17,24.548479080200195,37.060001373291016,37.66999816894531,36.9900016784668,37.349998474121094,2757400
2001-12-18,24.67432975769043,37.25,37.43000030517578,36.27000045776367,36.599998474121094,3166000
2001-12-19,24.846553802490234,37.5099983215332,37.880001068115234,36.310001373291016,36.349998474121094,4767700
2001-12-20,25.263866424560547,38.13999938964844,39.08000183105469,37.459999084472656,37.849998474121094,4437900
2001-12-21,25.59505844116211,38.63999938964844,39.20000076293945,38.150001525878906,38.400001525878906,6929100
2001-12-24,25.449337005615234,38.41999816894531,38.900001525878906,38.279998779296875,38.540000915527344,1245800
2001-12-26,25.56856918334961,38.599998474121094,38.849998474121094,38.15999984741211,38.45000076293945,1921200
2001-12-27,25.628185272216797,38.689998626708984,38.84000015258789,38.54999923706055,38.72999954223633,2171900
2001-12-28,25.899765014648438,39.099998474121094,39.119998931884766,38.689998626708984,38.93000030517578,2348000
2001-12-31,25.687803268432617,38.779998779296875,39.41999816894531,38.779998779296875,39.189998626708984,2308900
2002-01-02,25.237367630004883,38.099998474121094,38.66999816894531,37.849998474121094,38.540000915527344,3545800
2002-01-03,25.667926788330078,38.75,39.0,38.31999969482422,38.400001525878906,3491900
2002-01-04,26.734392166137695,40.36000061035156,40.400001525878906,39.41999816894531,39.650001525878906,4081100
2002-01-07,27.158323287963867,41.0,41.88999938964844,40.91999816894531,41.0,6111900
2002-01-08,26.714527130126953,40.33000183105469,41.70000076293945,40.02000045776367,41.470001220703125,4211000
2002-01-09,26.4296875,39.900001525878906,40.88999938964844,39.5,40.38999938964844,4574400
2002-01-10,26.389934539794922,39.84000015258789,40.25,39.630001068115234,40.099998474121094,2722800
2002-01-11,25.628185272216797,38.689998626708984,39.95000076293945,38.599998474121094,39.84000015258789,3433400
2002-01-14,25.33673095703125,38.25,38.70000076293945,38.06999969482422,38.689998626708984,2721400
2002-01-15,26.065366744995117,39.349998474121094,39.4900016784668,38.43000030517578,38.599998474121094,3246500
2002-01-16,25.184375762939453,38.02000045776367,39.099998474121094,38.02000045776367,38.650001525878906,3783300
2002-01-17,25.389720916748047,38.33000183105469,38.66999816894531,37.650001525878906,38.54999923706055,3092700
2002-01-18,25.932891845703125,39.150001525878906,39.619998931884766,38.029998779296875,38.33000183105469,2805300
2002-01-22,26.35020637512207,39.779998779296875,39.93000030517578,39.27000045776367,39.70000076293945,2796100
2002-01-23,26.05211067199707,39.33000183105469,40.83000183105469,38.0,40.060001373291016,8882200
2002-01-24,26.495929718017578,40.0,40.25,39.400001525878906,39.599998474121094,5671700
2002-01-25,26.813875198364258,40.47999954223633,40.47999954223633,39.7400016784668,40.029998779296875,3090800
2002-01-28,27.09208106994629,40.900001525878906,41.0,40.34000015258789,40.720001220703125,2010200
2002-01-29,26.648290634155273,40.22999954223633,41.290000915527344,40.09000015258789,41.16999816894531,2640900
2002-01-30,26.495929718017578,40.0,40.439998626708984,39.04999923706055,39.849998474121094,3244300
2002-01-31,27.12520980834961,40.95000076293945,40.95000076293945,39.869998931884766,40.04999923706055,4390700
2002-02-01,27.463022232055664,41.459999084472656,41.650001525878906,40.900001525878906,41.0,4728700
2002-02-04,27.224565505981445,41.099998474121094,41.810001373291016,40.79999923706055,41.54999923706055,4489400
2002-02-05,27.09208106994629,40.900001525878906,41.4900016784668,40.5,40.849998474121094,3253200
2002-02-06,27.25837516784668,40.97999954223633,41.5,40.560001373291016,40.72999954223633,3395100
2002-02-07,27.311594009399414,41.060001373291016,41.459999084472656,40.959999084472656,41.16999816894531,2139500
2002-02-08,27.737287521362305,41.70000076293945,41.900001525878906,40.810001373291016,41.04999923706055,2557500
2002-02-11,28.601991653442383,43.0,43.20000076293945,41.720001220703125,41.900001525878906,3976900
2002-02-12,28.7017822265625,43.150001525878906,43.349998474121094,42.61000061035156,42.75,4444100
2002-02-13,29.865814208984375,44.900001525878906,44.9900016784668,43.52000045776367,43.599998474121094,5587900
2002-02-14,29.779338836669922,44.77000045776367,44.79999923706055,44.0,44.70000076293945,3145300
2002-02-15,29.865814208984375,44.900001525878906,45.0099983215332,44.36000061035156,44.77000045776367,3735900
2002-02-19,29.074275970458984,43.709999084472656,44.130001068115234,43.400001525878906,44.099998474121094,5718300
2002-02-20,28.808202743530273,43.310001373291016,43.95000076293945,42.54999923706055,43.79999923706055,5053200
2002-02-21,29.40685272216797,44.209999084472656,45.099998474121094,43.20000076293945,43.25,5014600
2002-02-22,29.772689819335938,44.7599983215332,45.06999969482422,43.369998931884766,43.869998931884766,4148600
2002-02-25,29.892410278320312,44.939998626708984,45.0,43.900001525878906,44.75,3310500
2002-02-26,30.0320987701416,45.150001525878906,45.459999084472656,44.25,44.7400016784668,3880300
2002-02-27,30.530977249145508,45.900001525878906,46.869998931884766,45.41999816894531,45.650001525878906,4545300
2002-02-28,30.570871353149414,45.959999084472656,47.470001220703125,45.900001525878906,46.0099983215332,4099400
2002-03-01,31.821395874023438,47.84000015258789,47.84000015258789,46.5,46.54999923706055,3936800
2002-03-04,32.67945098876953,49.130001068115234,49.540000915527344,47.900001525878906,48.0,3743600
2002-03-05,32.06749725341797,48.209999084472656,49.099998474121094,47.40999984741211,49.099998474121094,3606200
2002-03-06,33.16501235961914,49.86000061035156,49.86000061035156,47.7400016784668,48.220001220703125,3690700
2002-03-07,32.247108459472656,48.47999954223633,50.0,47.5,49.79999923706055,3859100
2002-03-08,32.85905456542969,49.400001525878906,49.88999938964844,48.93000030517578,49.5,4340100
2002-03-11,33.84349060058594,50.880001068115234,51.06999969482422,49.04999923706055,49.400001525878906,4624300
2002-03-12,33.44438934326172,50.279998779296875,50.47999954223633,49.45000076293945,49.880001068115234,4091100
2002-03-13,32.73930740356445,49.220001220703125,50.25,48.900001525878906,50.18000030517578,3415300
2002-03-14,31.66840171813965,47.61000061035156,49.22999954223633,47.34000015258789,49.22999954223633,5426700
2002-03-15,31.914512634277344,47.97999954223633,47.9900016784668,46.40999984741211,47.68000030517578,6360100
2002-03-18,31.681716918945312,47.630001068115234,48.439998626708984,46.77000045776367,48.27000045776367,3092900
2002-03-19,31.954429626464844,48.040000915527344,48.25,47.220001220703125,47.630001068115234,2768800
2002-03-20,31.282617568969727,47.029998779296875,47.650001525878906,46.900001525878906,47.599998474121094,2393600
2002-03-21,31.708309173583984,47.66999816894531,47.849998474121094,46.34000015258789,46.72999954223633,2708200
2002-03-22,30.856914520263672,46.38999938964844,47.25,46.119998931884766,47.0,2989000
2002-03-25,30.411258697509766,45.720001220703125,46.84000015258789,45.25,46.20000076293945,2528900
2002-03-26,30.45781135559082,45.790000915527344,46.650001525878906,45.540000915527344,45.849998474121094,2276100
2002-03-27,31.48215675354004,47.33000183105469,47.7599983215332,46.04999923706055,46.04999923706055,4907800
2002-03-28,32.09410858154297,48.25,48.720001220703125,47.5,47.56999969482422,4088900
2002-04-01,31.874608993530273,47.91999816894531,48.75,47.79999923706055,48.25,2996800
2002-04-02,32.6528434753418,49.09000015258789,49.54999923706055,47.619998931884766,47.91999816894531,3427600
2002-04-03,32.41338348388672,48.72999954223633,49.849998474121094,48.560001373291016,48.650001525878906,4754600
2002-04-04,32.646217346191406,49.08000183105469,49.5,48.560001373291016,48.72999954223633,2660000
2002-04-05,32.12071990966797,48.290000915527344,49.68000030517578,47.400001525878906,49.45000076293945,2654500
2002-04-08,32.592987060546875,49.0,49.119998931884766,47.59000015258789,47.900001525878906,2403200
2002-04-09,32.306949615478516,48.56999969482422,49.13999938964844,48.29999923706055,49.0,2183600
2002-04-10,32.978790283203125,49.58000183105469,49.72999954223633,48.38999938964844,48.56999969482422,3434200
2002-04-11,32.473262786865234,48.81999969482422,50.04999923706055,48.599998474121094,49.79999923706055,3757500
2002-04-12,32.293670654296875,48.54999923706055,49.290000915527344,48.22999954223633,49.25,2058800
2002-04-15,31.69502067565918,47.650001525878906,48.45000076293945,47.529998779296875,48.20000076293945,2017800
2002-04-16,32.3934326171875,48.70000076293945,48.97999954223633,48.189998626708984,48.45000076293945,2105400
2002-04-17,30.17843246459961,45.369998931884766,47.560001373291016,45.0,47.54999923706055,10684800
2002-04-18,29.067626953125,43.70000076293945,45.380001068115234,41.9900016784668,45.380001068115234,16723200
2002-04-19,28.435714721679688,42.75,44.29999923706055,42.7400016784668,44.060001373291016,8358500
2002-04-22,28.69512367248535,43.13999938964844,43.380001068115234,42.400001525878906,42.79999923706055,4359100
2002-04-23,28.269420623779297,42.5,43.77000045776367,42.0,43.189998626708984,5398100
2002-04-24,28.202909469604492,42.400001525878906,43.22999954223633,42.349998474121094,42.900001525878906,3312500
2002-04-25,27.870319366455078,41.900001525878906,43.0,41.0,42.25,4308800
2002-04-26,27.610897064208984,41.5099983215332,42.459999084472656,41.29999923706055,42.0,2785300
2002-04-29,29.02105712890625,43.630001068115234,43.9900016784668,43.099998474121094,43.70000076293945,6451500
2002-04-30,29.6662654876709,44.599998474121094,45.72999954223633,43.47999954223633,43.79999923706055,5521100
2002-05-01,30.264907836914062,45.5,45.5,43.83000183105469,44.900001525878906,4288900
2002-05-02,29.84586524963379,44.869998931884766,45.5,44.47999954223633,45.4900016784668,2616800
2002-05-03,29.68621063232422,44.630001068115234,45.099998474121094,43.849998474121094,44.66999816894531,2119400
2002-05-06,28.85476303100586,43.380001068115234,45.209999084472656,43.33000183105469,45.0,2519200
2002-05-07,28.69512367248535,43.13999938964844,43.849998474121094,42.79999923706055,43.599998474121094,3633700
2002-05-08,29.539878845214844,44.40999984741211,44.7400016784668,43.29999923706055,43.29999923706055,2822100
2002-05-09,29.919029235839844,44.97999954223633,45.2400016784668,44.5,44.599998474121094,2411800
2002-05-10,29.02105712890625,43.630001068115234,44.75,43.54999923706055,44.400001525878906,4264800
2002-05-13,29.453420639038086,44.279998779296875,44.619998931884766,43.7599983215332,43.900001525878906,2412200
2002-05-14,30.25160789489746,45.47999954223633,45.7400016784668,44.63999938964844,45.58000183105469,3432200
2002-05-15,29.744182586669922,44.54999923706055,45.380001068115234,44.5099983215332,45.380001068115234,2210200
2002-05-16,30.04463005065918,45.0,45.18000030517578,44.52000045776367,44.849998474121094,2272100
2002-05-17,30.325057983398438,45.41999816894531,45.61000061035156,44.79999923706055,45.22999954223633,2418300
2002-05-20,30.131439208984375,45.130001068115234,46.029998779296875,44.869998931884766,45.63999938964844,2440400
2002-05-21,29.61065673828125,44.349998474121094,45.75,44.11000061035156,45.13999938964844,2608300
2002-05-22,29.650707244873047,44.40999984741211,44.59000015258789,43.290000915527344,44.25,2441000
2002-05-23,29.47713279724121,44.150001525878906,44.5,43.38999938964844,43.83000183105469,2628800
2002-05-24,28.942996978759766,43.349998474121094,44.0,43.04999923706055,44.0,2198100
2002-05-28,28.709312438964844,43.0,43.349998474121094,42.75,43.349998474121094,2429500
2002-05-29,28.709312438964844,43.0,43.5,42.650001525878906,42.70000076293945,2925800
2002-05-30,29.149974822998047,43.65999984741211,44.189998626708984,42.459999084472656,42.599998474121094,3062000
2002-05-31,28.475635528564453,42.650001525878906,44.09000015258789,42.650001525878906,43.81999969482422,2598400
2002-06-03,27.948190689086914,41.86000061035156,43.869998931884766,41.83000183105469,43.400001525878906,2926500
2002-06-04,27.941518783569336,41.849998474121094,42.400001525878906,41.45000076293945,41.869998931884766,2779900
2002-06-05,28.40219497680664,42.540000915527344,42.790000915527344,41.869998931884766,42.099998474121094,1642100
2002-06-06,28.01494789123535,41.959999084472656,42.77000045776367,41.91999816894531,42.540000915527344,1764200
2002-06-07,28.549081802368164,42.7599983215332,43.25,41.75,41.959999084472656,2987600
2002-06-10,28.655908584594727,42.91999816894531,43.5,42.83000183105469,42.95000076293945,1850700
2002-06-11,28.375490188598633,42.5,43.79999923706055,42.29999923706055,43.099998474121094,1819500
2002-06-12,29.263477325439453,43.83000183105469,43.9900016784668,42.599998474121094,42.619998931884766,2183000
2002-06-13,28.375490188598633,42.5,43.75,42.38999938964844,43.29999923706055,2378900
2002-06-14,28.395511627197266,42.529998779296875,43.0,41.779998779296875,42.75,2537600
2002-06-17,29.376983642578125,44.0,44.349998474121094,42.540000915527344,42.540000915527344,3068400
2002-06-18,29.23008918762207,43.779998779296875,44.279998779296875,43.400001525878906,43.95000076293945,1984200
2002-06-19,28.796113967895508,43.130001068115234,44.099998474121094,43.099998474121094,43.470001220703125,1965500
2002-06-20,29.223417282104492,43.77000045776367,44.4900016784668,43.02000045776367,43.130001068115234,2671600
2002-06-21,28.68929672241211,42.970001220703125,43.720001220703125,42.7400016784668,43.029998779296875,3668300
2002-06-24,28.535730361938477,42.7400016784668,43.66999816894531,41.52000045776367,42.91999816894531,3751900
2002-06-25,28.62252426147461,42.869998931884766,44.119998931884766,42.81999969482422,43.29999923706055,3939000
2002-06-26,28.522371292114258,42.720001220703125,43.099998474121094,41.869998931884766,41.869998931884766,3375300
2002-06-27,29.911096572875977,44.79999923706055,44.880001068115234,42.959999084472656,43.0,3375500
2002-06-28,30.04463005065918,45.0,45.09000015258789,44.099998474121094,44.349998474121094,5541300
2002-07-01,29.777563095092773,44.599998474121094,45.279998779296875,44.560001373291016,44.970001220703125,3513300
2002-07-02,29.737504959106445,44.540000915527344,44.779998779296875,43.86000061035156,44.400001525878906,2878200
2002-07-03,29.223417282104492,43.77000045776367,44.45000076293945,43.16999816894531,44.13999938964844,3033300
2002-07-05,30.04463005065918,45.0,45.20000076293945,44.04999923706055,44.20000076293945,1805700
2002-07-08,29.44374656677246,44.099998474121094,45.09000015258789,43.869998931884766,44.720001220703125,2690300
2002-07-09,28.8562068939209,43.220001220703125,44.689998626708984,43.09000015258789,43.9900016784668,2634600
2002-07-10,27.240467071533203,40.79999923706055,43.70000076293945,40.459999084472656,43.52000045776367,6568600
2002-07-11,27.48750114440918,41.16999816894531,41.470001220703125,39.54999923706055,40.79999923706055,5696900
2002-07-12,26.806495666503906,40.150001525878906,41.4900016784668,39.130001068115234,41.2400016784668,3227900
2002-07-15,26.546096801757812,39.7599983215332,39.869998931884766,37.20000076293945,39.849998474121094,5209100
2002-07-16,27.287200927734375,40.869998931884766,41.79999923706055,40.04999923706055,40.04999923706055,5454200
2002-07-17,28.669260025024414,42.939998626708984,43.189998626708984,42.150001525878906,42.41999816894531,6341000
2002-07-18,27.567623138427734,41.290000915527344,43.099998474121094,41.22999954223633,43.09000015258789,3626200
2002-07-19,26.652929306030273,39.91999816894531,41.0,39.560001373291016,40.88999938964844,4261500
2002-07-22,25.724885940551758,38.529998779296875,40.150001525878906,37.58000183105469,39.79999923706055,5745600
2002-07-23,25.938535690307617,38.849998474121094,39.900001525878906,38.099998474121094,38.45000076293945,5608500
2002-07-24,27.5008544921875,41.189998626708984,41.369998931884766,37.099998474121094,37.5,5581600
2002-07-25,28.669260025024414,42.939998626708984,42.939998626708984,40.310001373291016,41.0,5145300
2002-07-26,28.04165267944336,42.0,42.5099983215332,40.13999938964844,42.5,3402100
2002-07-29,28.06168556213379,42.029998779296875,42.9900016784668,41.29999923706055,42.939998626708984,5596700
2002-07-30,27.80797576904297,41.650001525878906,42.0,40.599998474121094,41.9900016784668,5213200
2002-07-31,27.721179962158203,41.52000045776367,41.65999984741211,40.349998474121094,41.65999984741211,4392400
2002-08-01,27.126968383789062,40.630001068115234,41.400001525878906,40.349998474121094,41.0,3374200
2002-08-02,26.606182098388672,39.849998474121094,40.86000061035156,39.099998474121094,40.630001068115234,2937200
2002-08-05,25.778303146362305,38.61000061035156,40.27000045776367,38.529998779296875,39.650001525878906,3146300
2002-08-06,26.312416076660156,39.40999984741211,40.59000015258789,39.0099983215332,39.0099983215332,3076200
2002-08-07,27.440773010253906,41.099998474121094,41.130001068115234,39.70000076293945,39.849998474121094,3484100
2002-08-08,27.70783233642578,41.5,41.599998474121094,40.25,41.0,3806300
2002-08-09,27.374000549316406,41.0,41.650001525878906,40.40999984741211,41.099998474121094,3368000
2002-08-12,27.0401668548584,40.5,40.650001525878906,39.54999923706055,40.150001525878906,2871100
2002-08-13,24.856929779052734,37.22999954223633,39.90999984741211,37.099998474121094,39.900001525878906,9662900
2002-08-14,24.38071632385254,36.349998474121094,36.84000015258789,34.099998474121094,36.83000183105469,12130700
2002-08-15,25.14533233642578,37.4900016784668,37.95000076293945,35.400001525878906,36.0,7617800
2002-08-16,25.152040481567383,37.5,38.349998474121094,36.9900016784668,37.95000076293945,4675000
2002-08-19,25.82276725769043,38.5,38.560001373291016,37.40999984741211,37.5099983215332,3631600
2002-08-20,25.406917572021484,37.880001068115234,38.56999969482422,37.72999954223633,38.56999969482422,2990800
2002-08-21,25.198999404907227,37.56999969482422,38.43000030517578,36.90999984741211,38.0,2997600
2002-08-22,25.82276725769043,38.5,38.650001525878906,37.2599983215332,37.599998474121094,2858800
2002-08-23,24.90388298034668,37.130001068115234,38.5,36.900001525878906,38.5,3601900
2002-08-26,24.742902755737305,36.88999938964844,37.27000045776367,35.849998474121094,37.130001068115234,3026100
2002-08-27,24.836803436279297,37.029998779296875,37.689998626708984,36.59000015258789,37.099998474121094,2878600
2002-08-28,25.172164916992188,37.529998779296875,37.849998474121094,36.400001525878906,37.029998779296875,4135700
2002-08-29,24.93070411682129,37.16999816894531,37.79999923706055,36.33000183105469,36.72999954223633,3628200
2002-08-30,24.863637924194336,37.06999969482422,37.70000076293945,36.70000076293945,36.93000030517578,2162000
2002-09-03,23.78376007080078,35.459999084472656,36.849998474121094,35.22999954223633,36.79999923706055,3566600
2002-09-04,24.716066360473633,36.849998474121094,37.060001373291016,35.25,35.5,2867600
2002-09-05,24.166088104248047,36.029998779296875,36.95000076293945,36.0,36.45000076293945,2970800
2002-09-06,24.957544326782227,37.209999084472656,37.650001525878906,36.540000915527344,36.58000183105469,2403500
2002-09-09,25.051433563232422,37.349998474121094,37.7599983215332,36.5,37.209999084472656,3198600
2002-09-10,24.937419891357422,37.18000030517578,37.779998779296875,36.54999923706055,37.29999923706055,2616900
2002-09-11,24.87034034729004,37.08000183105469,37.79999923706055,36.91999816894531,37.43000030517578,2469500
2002-09-12,24.447786331176758,36.45000076293945,37.11000061035156,36.349998474121094,36.880001068115234,2923100
2002-09-13,23.8642578125,35.58000183105469,36.16999816894531,35.0099983215332,35.869998931884766,3580800
2002-09-16,24.9709529876709,37.22999954223633,37.40999984741211,35.900001525878906,35.900001525878906,3316600
2002-09-17,24.340469360351562,36.290000915527344,37.59000015258789,36.06999969482422,37.400001525878906,3776900
2002-09-18,24.66242218017578,36.77000045776367,37.150001525878906,36.0099983215332,36.09000015258789,3420600
2002-09-19,23.824020385742188,35.52000045776367,36.70000076293945,35.45000076293945,36.0,3112500
2002-09-20,24.467912673950195,36.47999954223633,36.75,35.650001525878906,35.900001525878906,5104100
2002-09-23,23.743534088134766,35.400001525878906,36.0,34.86000061035156,35.900001525878906,3628200
2002-09-24,23.44841194152832,34.959999084472656,35.70000076293945,34.650001525878906,35.119998931884766,3722200
2002-09-25,23.7502384185791,35.40999984741211,35.5,34.5,35.099998474121094,3647900
2002-09-26,24.514862060546875,36.54999923706055,36.59000015258789,35.560001373291016,35.810001373291016,2328300
2002-09-27,23.274036407470703,34.70000076293945,36.29999923706055,34.65999984741211,36.29999923706055,3487900
2002-09-30,22.891714096069336,34.130001068115234,34.81999969482422,33.20000076293945,34.400001525878906,4105800
2002-10-01,24.145967483520508,36.0,36.02000045776367,34.25,34.31999969482422,3378800
2002-10-02,23.05939483642578,34.380001068115234,35.5,34.130001068115234,35.5,2978900
2002-10-03,23.012435913085938,34.310001373291016,35.29999923706055,34.189998626708984,34.779998779296875,3657400
2002-10-04,21.46977996826172,32.0099983215332,34.31999969482422,31.950000762939453,34.31999969482422,7794400
2002-10-07,21.717952728271484,32.380001068115234,32.900001525878906,31.6299991607666,32.220001220703125,4367100
2002-10-08,21.46977996826172,32.0099983215332,33.0099983215332,31.18000030517578,33.0,4257500
2002-10-09,20.4167537689209,30.440000534057617,31.75,29.950000762939453,31.399999618530273,6319100
2002-10-10,21.027109146118164,31.350000381469727,31.700000762939453,29.979999542236328,30.299999237060547,4591300
2002-10-11,21.463075637817383,32.0,32.650001525878906,31.34000015258789,31.75,4083100
2002-10-14,20.832605361938477,31.059999465942383,31.350000381469727,30.25,30.299999237060547,5326300
2002-10-15,21.563692092895508,32.150001525878906,32.40999984741211,31.139999389648438,31.530000686645508,4714700
2002-10-16,20.456993103027344,30.5,32.52000045776367,30.270000457763672,32.15999984741211,7308000
2002-10-17,20.10822105407715,29.979999542236328,31.0,29.459999084472656,30.75,8574700
2002-10-18,19.450912475585938,29.0,29.450000762939453,28.530000686645508,28.690000534057617,7007700
2002-10-21,20.363088607788086,30.360000610351562,30.5,28.579999923706055,29.0,6035500
2002-10-22,20.215532302856445,30.139999389648438,30.280000686645508,29.549999237060547,29.979999542236328,4045700
2002-10-23,20.591140747070312,30.700000762939453,30.709999084472656,29.850000381469727,29.969999313354492,3355100
2002-10-24,20.088098526000977,29.950000762939453,31.200000762939453,29.700000762939453,30.8700008392334,4167500
2002-10-25,20.336273193359375,30.31999969482422,30.350000381469727,29.350000381469727,29.989999771118164,3339500
2002-10-28,19.437503814697266,28.979999542236328,30.799999237060547,28.700000762939453,30.420000076293945,5213700
2002-10-29,19.920421600341797,29.700000762939453,29.899999618530273,28.540000915527344,28.899999618530273,4097200
2002-10-30,20.255781173706055,30.200000762939453,30.389999389648438,29.200000762939453,29.770000457763672,3086400
2002-10-31,19.953960418701172,29.75,30.520000457763672,29.549999237060547,30.399999618530273,2913300
2002-11-01,20.389925003051758,30.399999618530273,30.649999618530273,29.559999465942383,29.790000915527344,2946900
2002-11-04,19.90029525756836,29.670000076293945,30.860000610351562,29.6299991607666,30.40999984741211,4926600
2002-11-05,21.14112663269043,31.520000457763672,31.979999542236328,29.8700008392334,29.8700008392334,4752200
2002-11-06,22.522817611694336,33.58000183105469,34.43000030517578,32.0099983215332,32.040000915527344,8653700
2002-11-07,21.65758514404297,32.290000915527344,33.900001525878906,32.11000061035156,33.779998779296875,4378800
2002-11-08,22.254528045654297,33.18000030517578,33.599998474121094,32.5,32.849998474121094,4248000
2002-11-11,20.946622848510742,31.229999542236328,33.209999084472656,31.0,33.18000030517578,3693400
2002-11-12,21.235029220581055,31.65999984741211,32.099998474121094,31.25,31.799999237060547,4739000
2002-11-13,21.18783187866211,31.420000076293945,32.27000045776367,30.8700008392334,31.6299991607666,3404900
2002-11-14,21.140625,31.350000381469727,32.400001525878906,30.8700008392334,32.099998474121094,3147700
2002-11-15,21.24178123474121,31.5,32.0,31.040000915527344,31.350000381469727,2646500
2002-11-18,20.850658416748047,30.920000076293945,31.780000686645508,30.899999618530273,31.540000915527344,3393400
2002-11-19,21.174339294433594,31.399999618530273,31.649999618530273,30.6200008392334,31.020000457763672,3520400
2002-11-20,21.396879196166992,31.729999542236328,32.25,31.200000762939453,31.200000762939453,3409500
2002-11-21,21.87565040588379,32.439998626708984,33.02000045776367,32.02000045776367,32.20000076293945,5260700
2002-11-22,22.92763328552246,34.0,34.43000030517578,32.79999923706055,32.84000015258789,5483700
2002-11-25,22.58371925354004,33.4900016784668,34.189998626708984,33.20000076293945,33.54999923706055,3172200
2002-11-26,22.705093383789062,33.66999816894531,34.04999923706055,33.2599983215332,33.70000076293945,3167200
2002-11-27,23.615468978881836,35.02000045776367,35.13999938964844,33.849998474121094,34.0,3806800
2002-11-29,22.961345672607422,34.04999923706055,35.029998779296875,33.79999923706055,35.029998779296875,2437900
2002-12-02,22.99506187438965,34.099998474121094,34.880001068115234,33.70000076293945,34.599998474121094,2643600
2002-12-03,23.089473724365234,34.2400016784668,34.5,33.810001373291016,34.25,2869600
2002-12-04,22.880428314208984,33.93000030517578,34.380001068115234,33.560001373291016,33.77000045776367,2678800
2002-12-05,22.226314544677734,32.959999084472656,33.7599983215332,32.43000030517578,33.75,3864400
2002-12-06,22.523033142089844,33.400001525878906,33.75,32.22999954223633,32.400001525878906,3733700
2002-12-09,21.848682403564453,32.400001525878906,33.25,32.310001373291016,32.630001068115234,2949700
2002-12-10,21.747535705566406,32.25,32.599998474121094,32.0,32.349998474121094,3097300
2002-12-11,21.936344146728516,32.529998779296875,32.63999938964844,31.75,32.04999923706055,3299700
2002-12-12,21.6126708984375,32.04999923706055,32.5,31.799999237060547,32.0,2645400
2002-12-13,21.174339294433594,31.399999618530273,32.04999923706055,31.399999618530273,32.04999923706055,2273900
2002-12-16,21.52499771118164,31.920000076293945,32.099998474121094,31.25,31.270000457763672,3094800
2002-12-17,21.477800369262695,31.850000381469727,32.7400016784668,31.84000015258789,32.060001373291016,2125900
2002-12-18,21.59244155883789,32.02000045776367,32.5,31.420000076293945,31.770000457763672,2176300
2002-12-19,21.747535705566406,32.25,32.47999954223633,31.729999542236328,31.729999542236328,2723700
2002-12-20,22.057723999023438,32.709999084472656,32.939998626708984,32.290000915527344,32.91999816894531,4569300
2002-12-23,22.111679077148438,32.790000915527344,32.95000076293945,32.400001525878906,32.709999084472656,2203300
2002-12-24,22.01726722717285,32.650001525878906,33.099998474121094,32.529998779296875,32.900001525878906,1085000
2002-12-26,22.003786087036133,32.630001068115234,33.279998779296875,32.52000045776367,32.849998474121094,1450000
2002-12-27,21.801485061645508,32.33000183105469,33.09000015258789,32.13999938964844,32.900001525878906,1662600
2002-12-30,22.18585968017578,32.900001525878906,33.0,32.33000183105469,32.33000183105469,2245100
2002-12-31,22.246553421020508,32.9900016784668,33.130001068115234,32.470001220703125,32.66999816894531,2092400
2003-01-02,22.846708297729492,33.880001068115234,33.91999816894531,33.0,33.0,2122500
2003-01-03,23.049015045166016,34.18000030517578,34.439998626708984,33.88999938964844,34.099998474121094,2303000
2003-01-06,23.015295028686523,34.130001068115234,34.560001373291016,33.959999084472656,34.04999923706055,2234100
2003-01-07,22.455585479736328,33.29999923706055,34.130001068115234,33.029998779296875,34.119998931884766,2969700
2003-01-08,22.59046173095703,33.5,33.5,33.029998779296875,33.369998931884766,3059200
2003-01-09,22.860200881958008,33.900001525878906,34.04999923706055,33.369998931884766,33.75,3166100
2003-01-10,22.826473236083984,33.849998474121094,34.099998474121094,33.43000030517578,33.90999984741211,3081100
2003-01-13,23.12993812561035,34.29999923706055,34.59000015258789,33.75,34.150001525878906,3040900
2003-01-14,23.028783798217773,34.150001525878906,34.2400016784668,33.81999969482422,34.150001525878906,1863500
2003-01-15,22.48930549621582,33.349998474121094,34.38999938964844,33.25,34.04999923706055,2209700
2003-01-16,22.563486099243164,33.459999084472656,34.2400016784668,33.279998779296875,33.79999923706055,2399800
2003-01-17,22.4488468170166,33.290000915527344,33.72999954223633,33.029998779296875,33.349998474121094,2034900
2003-01-21,21.848682403564453,32.400001525878906,33.310001373291016,32.27000045776367,33.290000915527344,2463800
2003-01-22,21.430591583251953,31.780000686645508,32.70000076293945,31.760000228881836,32.04999923706055,3308700
2003-01-23,21.477800369262695,31.850000381469727,32.27000045776367,31.780000686645508,31.799999237060547,2429400
2003-01-24,20.91135025024414,31.010000228881836,31.850000381469727,31.0,31.600000381469727,2470100
2003-01-27,20.648365020751953,30.6200008392334,31.25,30.600000381469727,31.010000228881836,2386400
2003-01-28,21.20805549621582,31.450000762939453,31.549999237060547,30.59000015258789,30.739999771118164,2411600
2003-01-29,20.641613006591797,30.610000610351562,31.459999084472656,30.5,31.459999084472656,2791500
2003-01-30,20.675331115722656,30.65999984741211,31.299999237060547,30.200000762939453,30.270000457763672,3790800
2003-01-31,21.30246925354004,31.59000015258789,32.220001220703125,31.200000762939453,31.3799991607666,3685800
2003-02-03,20.97878074645996,31.110000610351562,31.5,30.530000686645508,30.899999618530273,4019600
2003-02-04,21.06645393371582,31.239999771118164,31.420000076293945,30.5,30.799999237060547,3107700
2003-02-05,20.795236587524414,30.670000076293945,31.6299991607666,30.540000915527344,31.06999969482422,3074100
2003-02-06,20.713865280151367,30.549999237060547,30.969999313354492,30.329999923706055,30.65999984741211,2249800
2003-02-07,20.340959548950195,30.0,30.899999618530273,29.899999618530273,30.649999618530273,2295100
2003-02-10,20.52402114868164,30.270000457763672,30.479999542236328,29.889999389648438,30.100000381469727,2276900
2003-02-11,20.232467651367188,29.84000015258789,30.510000228881836,29.56999969482422,30.270000457763672,2732400
2003-02-12,20.0900821685791,29.6299991607666,29.889999389648438,29.360000610351562,29.799999237060547,2524400
2003-02-13,20.001937866210938,29.5,29.809999465942383,28.899999618530273,29.459999084472656,2867000
2003-02-14,20.442663192749023,30.149999618530273,30.469999313354492,29.43000030517578,29.450000762939453,3025100
2003-02-18,20.340959548950195,30.0,30.799999237060547,29.8799991607666,30.5,2662600
2003-02-19,20.46300506591797,30.18000030517578,30.18000030517578,29.59000015258789,30.0,2175900
2003-02-20,19.7781925201416,29.170000076293945,30.200000762939453,28.200000762939453,30.18000030517578,7121600
2003-02-21,20.096860885620117,29.639999389648438,29.639999389648438,28.43000030517578,29.0,4523300
2003-02-24,19.317119598388672,28.489999771118164,29.639999389648438,28.399999618530273,29.280000686645508,4341500
2003-02-25,19.11371421813965,28.190000534057617,28.5,27.989999771118164,28.440000534057617,4816200
2003-02-26,18.876399993896484,27.84000015258789,28.5,27.639999389648438,28.360000610351562,3843400
2003-02-27,18.95098876953125,27.950000762939453,28.309999465942383,27.65999984741211,28.110000610351562,3075800
2003-02-28,18.686552047729492,27.559999465942383,28.1200008392334,27.239999771118164,28.0,3961500
2003-03-03,18.381441116333008,27.110000610351562,27.799999237060547,27.020000457763672,27.700000762939453,4066300
2003-03-04,18.611967086791992,27.450000762939453,27.81999969482422,26.90999984741211,27.100000381469727,5462000
2003-03-05,18.130569458007812,26.739999771118164,27.450000762939453,26.530000686645508,27.450000762939453,5300600
2003-03-06,17.737314224243164,26.15999984741211,26.700000762939453,26.0,26.600000381469727,4497700
2003-03-07,17.520339965820312,25.84000015258789,25.940000534057617,25.399999618530273,25.799999237060547,6361900
2003-03-10,17.303361892700195,25.520000457763672,26.200000762939453,25.459999084472656,25.700000762939453,3705000
2003-03-11,17.099956512451172,25.219999313354492,25.84000015258789,25.110000610351562,25.6299991607666,3400400
2003-03-12,17.05249786376953,25.149999618530273,25.420000076293945,24.729999542236328,25.149999618530273,4288500
2003-03-13,17.188095092773438,25.350000381469727,25.520000457763672,24.899999618530273,25.420000076293945,6496300
2003-03-14,17.323715209960938,25.549999237060547,26.25,25.170000076293945,25.25,6480800
2003-03-17,18.239059448242188,26.899999618530273,27.09000015258789,25.31999969482422,25.5,5838600
2003-03-18,18.869626998901367,27.829999923706055,28.420000076293945,27.0,27.3700008392334,5973600
2003-03-19,18.95098876953125,27.950000762939453,28.350000381469727,27.549999237060547,27.899999618530273,3544200
2003-03-20,18.86284637451172,27.81999969482422,28.15999984741211,27.3700008392334,27.899999618530273,3723400
2003-03-21,19.052692413330078,28.100000381469727,28.25,27.010000228881836,28.239999771118164,6547300
2003-03-24,18.327199935913086,27.030000686645508,27.799999237060547,26.940000534057617,27.799999237060547,3703800
2003-03-25,18.55773162841797,27.3700008392334,27.649999618530273,26.829999923706055,27.25,3913900
2003-03-26,17.900035858154297,26.399999618530273,27.399999618530273,26.209999084472656,27.3700008392334,5804200
2003-03-27,17.981407165527344,26.520000457763672,26.559999465942383,25.899999618530273,26.399999618530273,4391200
2003-03-28,17.696622848510742,26.100000381469727,26.299999237060547,25.989999771118164,26.299999237060547,3035600
2003-03-31,16.991477966308594,25.059999465942383,25.59000015258789,24.850000381469727,25.0,5626000
2003-04-01,17.40507698059082,25.670000076293945,25.959999084472656,25.200000762939453,25.3700008392334,5666000
2003-04-02,18.076322555541992,26.65999984741211,26.760000228881836,25.899999618530273,25.979999542236328,4855500
2003-04-03,18.00174331665039,26.549999237060547,27.100000381469727,26.43000030517578,26.940000534057617,3491100
2003-04-04,17.96784782409668,26.5,26.850000381469727,26.100000381469727,26.790000915527344,3452200
2003-04-07,18.57806968688965,27.399999618530273,27.799999237060547,27.100000381469727,27.100000381469727,4935100
2003-04-08,18.55095100402832,27.360000610351562,27.719999313354492,26.899999618530273,27.149999618530273,3953700
2003-04-09,18.632312774658203,27.479999542236328,28.049999237060547,27.31999969482422,27.360000610351562,4074200
2003-04-10,18.367877960205078,27.09000015258789,27.479999542236328,26.420000076293945,27.479999542236328,4948600
2003-04-11,17.9475040435791,26.469999313354492,27.100000381469727,25.700000762939453,27.09000015258789,4940600
2003-04-14,18.476367950439453,27.25,27.25,26.350000381469727,26.479999542236328,3568800
2003-04-15,18.503482818603516,27.290000915527344,27.290000915527344,26.549999237060547,26.899999618530273,4156200
2003-04-16,18.062761306762695,26.639999389648438,27.459999084472656,26.559999465942383,27.360000610351562,3340000
2003-04-17,18.06954002380371,26.649999618530273,26.719999313354492,26.030000686645508,26.639999389648438,4471300
2003-04-21,18.157695770263672,26.780000686645508,27.110000610351562,26.649999618530273,26.649999618530273,3541400
2003-04-22,18.849279403686523,27.799999237060547,27.809999465942383,26.59000015258789,26.600000381469727,6410800
2003-04-23,19.079811096191406,28.139999389648438,28.65999984741211,27.649999618530273,28.0,9115300
2003-04-24,18.734018325805664,27.6299991607666,28.440000534057617,27.520000457763672,27.940000534057617,5179200
2003-04-25,18.435684204101562,27.190000534057617,27.850000381469727,27.15999984741211,27.829999923706055,3800600
2003-04-28,18.56450843811035,27.3799991607666,27.459999084472656,26.489999771118164,26.729999542236328,5494500
2003-04-29,18.822158813476562,27.760000228881836,27.84000015258789,27.3799991607666,27.3799991607666,4308500
2003-04-30,18.49671173095703,27.280000686645508,27.6200008392334,27.229999542236328,27.399999618530273,5511900
2003-05-01,18.381441116333008,27.110000610351562,27.299999237060547,27.0,27.170000076293945,3222300
2003-05-02,19.405269622802734,28.6200008392334,28.770000457763672,27.489999771118164,27.549999237060547,5679400
2003-05-05,18.727237701416016,27.6200008392334,28.389999389648438,27.450000762939453,28.1200008392334,7041100
2003-05-06,19.079811096191406,28.139999389648438,28.260000228881836,27.399999618530273,27.5,5460100
2003-05-07,19.242534637451172,28.3799991607666,28.969999313354492,28.010000228881836,28.139999389648438,4667700
2003-05-08,19.079811096191406,28.139999389648438,28.40999984741211,27.940000534057617,28.0,2937400
2003-05-09,19.7307186126709,29.100000381469727,29.100000381469727,28.299999237060547,28.549999237060547,4133600
2003-05-12,20.21890640258789,29.81999969482422,29.979999542236328,28.829999923706055,28.899999618530273,5077900
2003-05-13,20.035839080810547,29.549999237060547,29.780000686645508,29.290000915527344,29.780000686645508,3775600
2003-05-14,20.11086082458496,29.489999771118164,29.829999923706055,29.1299991607666,29.700000762939453,3427600
2003-05-15,20.56776237487793,30.15999984741211,30.25,29.5,29.549999237060547,4674300
2003-05-16,20.74507713317871,30.420000076293945,30.760000228881836,30.100000381469727,30.350000381469727,5223000
2003-05-19,19.824438095092773,29.06999969482422,30.059999465942383,28.950000762939453,30.049999237060547,4525600
2003-05-20,19.728960037231445,28.93000030517578,29.25,28.6200008392334,29.170000076293945,3770300
2003-05-21,19.640302658081055,28.799999237060547,29.299999237060547,28.549999237060547,28.799999237060547,3248700
2003-05-22,19.84488868713379,29.100000381469727,29.25,28.760000228881836,28.799999237060547,2495900
2003-05-23,20.451833724975586,29.989999771118164,30.610000610351562,28.760000228881836,29.020000457763672,5766800
2003-05-27,20.390457153320312,29.899999618530273,30.0,29.40999984741211,29.989999771118164,4648200
2003-05-28,20.717798233032227,30.3799991607666,30.649999618530273,29.899999618530273,29.950000762939453,4420500
2003-05-29,20.424549102783203,29.950000762939453,30.860000610351562,29.809999465942383,30.389999389648438,3599100
2003-05-30,20.915565490722656,30.670000076293945,30.860000610351562,30.149999618530273,30.200000762939453,4221300
2003-06-02,21.795272827148438,31.959999084472656,32.470001220703125,31.0,31.100000381469727,7347400
2003-06-03,21.897581100463867,32.11000061035156,32.150001525878906,31.700000762939453,31.959999084472656,4382800
2003-06-04,22.879602432250977,33.54999923706055,33.63999938964844,32.029998779296875,32.119998931884766,7432700
2003-06-05,22.96824073791504,33.68000030517578,33.95000076293945,33.2599983215332,33.54999923706055,4630100
2003-06-06,23.772947311401367,34.86000061035156,35.18000030517578,33.95000076293945,34.150001525878906,6821800
2003-06-09,22.620445251464844,33.16999816894531,34.70000076293945,32.83000183105469,34.400001525878906,5990200
2003-06-10,23.39787483215332,34.310001373291016,35.2400016784668,33.0,33.810001373291016,6225800
2003-06-11,24.141212463378906,35.400001525878906,35.400001525878906,34.0,34.310001373291016,5272900
2003-06-12,24.3798828125,35.75,35.900001525878906,34.93000030517578,35.900001525878906,4915300
2003-06-13,24.100305557250977,35.34000015258789,35.939998626708984,35.029998779296875,35.75,5022400
2003-06-16,24.829986572265625,36.40999984741211,36.439998626708984,35.400001525878906,35.650001525878906,4441200
2003-06-17,24.652679443359375,36.150001525878906,37.36000061035156,35.529998779296875,35.900001525878906,5796100
2003-06-18,24.4344425201416,35.83000183105469,36.0099983215332,35.2599983215332,36.0,8157400
2003-06-19,24.20939826965332,35.5,35.720001220703125,35.099998474121094,35.45000076293945,4700200
2003-06-20,24.229860305786133,35.529998779296875,35.83000183105469,35.20000076293945,35.5,5822300
2003-06-23,23.500171661376953,34.459999084472656,35.20000076293945,34.349998474121094,34.84000015258789,4890800
2003-06-24,23.527448654174805,34.5,35.099998474121094,34.31999969482422,34.36000061035156,4073000
2003-06-25,23.466075897216797,34.40999984741211,35.150001525878906,34.2400016784668,34.540000915527344,2362500
2003-06-26,23.459251403808594,34.400001525878906,34.880001068115234,34.119998931884766,34.220001220703125,2801200
2003-06-27,23.33650016784668,34.220001220703125,34.79999923706055,34.20000076293945,34.29999923706055,2376000
2003-06-30,23.404691696166992,34.31999969482422,34.779998779296875,34.029998779296875,34.54999923706055,4958800
2003-07-01,23.62973976135254,34.650001525878906,34.75,33.900001525878906,34.099998474121094,5643300
2003-07-02,23.732030868530273,34.79999923706055,34.93000030517578,34.25,34.41999816894531,3997100
2003-07-03,23.582006454467773,34.58000183105469,34.65999984741211,34.22999954223633,34.29999923706055,2253500
2003-07-07,23.875246047973633,35.0099983215332,35.20000076293945,34.709999084472656,34.880001068115234,3692500
2003-07-08,23.861610412597656,34.9900016784668,35.20000076293945,34.380001068115234,35.119998931884766,3123500
2003-07-09,24.02527618408203,35.22999954223633,35.54999923706055,34.630001068115234,35.0,3452000
2003-07-10,23.657012939453125,34.689998626708984,35.150001525878906,34.5099983215332,34.83000183105469,2102900
2003-07-11,23.99118995666504,35.18000030517578,35.18000030517578,34.65999984741211,34.720001220703125,2088700
2003-07-14,23.582006454467773,34.58000183105469,35.43000030517578,34.5,35.400001525878906,4114700
2003-07-15,22.804576873779297,33.439998626708984,34.04999923706055,33.0,33.45000076293945,9281500
2003-07-16,22.77048110961914,33.38999938964844,33.95000076293945,33.06999969482422,33.400001525878906,3692800
2003-07-17,22.620445251464844,33.16999816894531,33.560001373291016,32.119998931884766,33.150001525878906,3626000
2003-07-18,22.743200302124023,33.349998474121094,33.349998474121094,32.52000045776367,33.209999084472656,4037600
2003-07-21,22.061246871948242,32.349998474121094,33.0,32.13999938964844,33.0,4525500
2003-07-22,22.211280822753906,32.56999969482422,32.75,32.20000076293945,32.20000076293945,4450000
2003-07-23,22.293107986450195,32.689998626708984,33.25,31.75,32.2400016784668,4801900
2003-07-24,21.958953857421875,32.20000076293945,32.849998474121094,32.189998626708984,32.599998474121094,5820600
2003-07-25,22.286287307739258,32.68000030517578,32.77000045776367,31.15999984741211,31.549999237060547,4221200
2003-07-28,22.347665786743164,32.77000045776367,32.9900016784668,32.5,32.68000030517578,3329700
2003-07-29,21.856660842895508,32.04999923706055,32.869998931884766,31.989999771118164,32.599998474121094,3513500
2003-07-30,22.177175521850586,32.52000045776367,32.560001373291016,32.0,32.0,3245200
2003-07-31,22.586353302001953,33.119998931884766,33.400001525878906,32.619998931884766,32.619998931884766,5215800
2003-08-01,22.108980178833008,32.41999816894531,33.0,32.380001068115234,32.709999084472656,3544300
2003-08-04,21.97258949279785,32.220001220703125,32.650001525878906,31.950000762939453,32.20000076293945,3233900
2003-08-05,21.290634155273438,31.219999313354492,32.18000030517578,31.219999313354492,31.959999084472656,3912600
2003-08-06,21.761186599731445,31.90999984741211,32.2599983215332,31.0,31.25,3255300
2003-08-07,21.774824142456055,31.93000030517578,31.979999542236328,31.350000381469727,31.719999313354492,1665500
2003-08-08,21.99304962158203,32.25,32.529998779296875,31.920000076293945,31.93000030517578,2745000
2003-08-11,21.97258949279785,32.220001220703125,32.54999923706055,31.709999084472656,32.400001525878906,2166300
2003-08-12,22.238555908203125,32.61000061035156,32.619998931884766,32.060001373291016,32.119998931884766,2119500
2003-08-13,22.197420120239258,32.380001068115234,32.72999954223633,32.22999954223633,32.439998626708984,1844800
2003-08-14,22.60873794555664,32.97999954223633,33.04999923706055,32.119998931884766,32.5,2276500
2003-08-15,22.58131980895996,32.939998626708984,33.150001525878906,32.65999984741211,33.150001525878906,1663800
2003-08-18,23.020057678222656,33.58000183105469,33.65999984741211,33.0,33.099998474121094,2986800
2003-08-19,23.534196853637695,34.33000183105469,34.349998474121094,33.529998779296875,33.630001068115234,4553700
2003-08-20,23.55476951599121,34.36000061035156,34.630001068115234,33.970001220703125,34.33000183105469,3063100
2003-08-21,23.95237922668457,34.939998626708984,35.25,34.47999954223633,34.5,3912000
2003-08-22,24.45966911315918,35.68000030517578,36.279998779296875,35.45000076293945,35.650001525878906,6420200
2003-08-25,24.19916534423828,35.29999923706055,35.77000045776367,35.130001068115234,35.66999816894531,2976200
2003-08-26,24.4802303314209,35.709999084472656,35.79999923706055,35.11000061035156,35.20000076293945,3392900
2003-08-27,24.77501678466797,36.13999938964844,36.349998474121094,35.34000015258789,35.650001525878906,3830900
2003-08-28,25.350847244262695,36.97999954223633,37.06999969482422,36.02000045776367,36.13999938964844,3999200
2003-08-29,25.631921768188477,37.38999938964844,37.459999084472656,36.58000183105469,36.90999984741211,2781100
2003-09-02,25.83757209777832,37.689998626708984,37.779998779296875,37.2400016784668,37.290000915527344,2984800
2003-09-03,26.303733825683594,38.369998931884766,38.900001525878906,37.5099983215332,37.79999923706055,4937300
2003-09-04,25.974685668945312,37.88999938964844,38.7599983215332,37.790000915527344,38.369998931884766,3161100
2003-09-05,25.4742431640625,37.15999984741211,37.88999938964844,36.79999923706055,37.88999938964844,3938900
2003-09-08,25.337148666381836,36.959999084472656,37.59000015258789,36.7400016784668,37.45000076293945,4605700
2003-09-09,24.905256271362305,36.33000183105469,36.90999984741211,36.25,36.75,3460200
2003-09-10,24.418537139892578,35.619998931884766,36.4900016784668,35.33000183105469,36.18000030517578,4059000
2003-09-11,24.48708724975586,35.720001220703125,36.099998474121094,35.11000061035156,35.619998931884766,3921400
2003-09-12,24.445947647094727,35.65999984741211,36.0,35.470001220703125,35.720001220703125,3478300
2003-09-15,24.33626937866211,35.5,35.66999816894531,35.209999084472656,35.40999984741211,2238400
2003-09-16,24.54877471923828,35.810001373291016,35.95000076293945,35.47999954223633,35.47999954223633,3047000
2003-09-17,24.288286209106445,35.43000030517578,35.849998474121094,35.43000030517578,35.720001220703125,1595600
2003-09-18,24.77501678466797,36.13999938964844,36.34000015258789,35.47999954223633,35.68000030517578,3374000
2003-09-19,24.53507423400879,35.790000915527344,36.599998474121094,35.66999816894531,36.13999938964844,3482600
2003-09-22,23.918092727661133,34.88999938964844,35.45000076293945,34.709999084472656,35.45000076293945,2881500
2003-09-23,24.096336364746094,35.150001525878906,35.31999969482422,34.2599983215332,34.689998626708984,3356500
2003-09-24,23.445085525512695,34.20000076293945,35.08000183105469,34.08000183105469,34.900001525878906,3030300
2003-09-25,23.14345359802246,33.7599983215332,34.4900016784668,33.65999984741211,33.959999084472656,3055500
2003-09-26,23.314834594726562,34.0099983215332,34.380001068115234,33.70000076293945,33.81999969482422,3042000
2003-09-29,23.61646270751953,34.45000076293945,34.849998474121094,34.310001373291016,34.45000076293945,3373500
2003-09-30,23.534196853637695,34.33000183105469,34.599998474121094,33.88999938964844,34.150001525878906,2740400
2003-10-01,24.22659683227539,35.34000015258789,35.36000061035156,34.400001525878906,34.5,2726400
2003-10-02,24.2197322845459,35.33000183105469,35.45000076293945,34.810001373291016,35.0,2339300
2003-10-03,24.576208114624023,35.849998474121094,36.31999969482422,35.56999969482422,35.84000015258789,3515900
2003-10-06,24.54877471923828,35.810001373291016,35.91999816894531,35.2599983215332,35.599998474121094,2134000
2003-10-07,24.795568466186523,36.16999816894531,36.290000915527344,35.529998779296875,36.099998474121094,2188900
2003-10-08,24.87098503112793,36.279998779296875,36.439998626708984,35.75,35.900001525878906,2246800
2003-10-09,25.220596313476562,36.790000915527344,37.2599983215332,36.560001373291016,36.72999954223633,3631100
2003-10-10,25.330291748046875,36.95000076293945,37.2400016784668,36.880001068115234,37.0,2575900
2003-10-13,25.57023048400879,37.29999923706055,37.29999923706055,36.900001525878906,36.959999084472656,2160600
2003-10-14,25.46739959716797,37.150001525878906,37.22999954223633,36.81999969482422,37.0,2873800
2003-10-15,25.36457633972168,37.0,37.09000015258789,36.61000061035156,36.91999816894531,2814800
2003-10-16,25.673049926757812,37.45000076293945,37.68000030517578,36.709999084472656,36.79999923706055,2848300
2003-10-17,25.529088973999023,37.2400016784668,37.75,37.189998626708984,37.5,2148500
2003-10-20,25.54966163635254,37.27000045776367,37.61000061035156,36.91999816894531,37.04999923706055,1907700
2003-10-21,25.09035873413086,36.599998474121094,37.25,36.31999969482422,37.25,2314200
2003-10-22,24.788715362548828,36.15999984741211,36.38999938964844,35.95000076293945,36.20000076293945,2131400
2003-10-23,24.637901306152344,35.939998626708984,36.15999984741211,35.52000045776367,36.15999984741211,2305800
2003-10-24,24.87098503112793,36.279998779296875,36.279998779296875,35.45000076293945,35.45000076293945,2004400
2003-10-27,24.706457138061523,36.040000915527344,36.4900016784668,35.91999816894531,36.27000045776367,1524900
2003-10-28,24.706457138061523,36.040000915527344,36.380001068115234,35.310001373291016,36.04999923706055,3785900
2003-10-29,26.392858505249023,38.5,38.900001525878906,37.099998474121094,37.25,8121500
2003-10-30,26.577957153320312,38.77000045776367,39.209999084472656,38.68000030517578,39.0,5708600
2003-10-31,26.38599967956543,38.4900016784668,39.0,38.11000061035156,38.900001525878906,3036000
2003-11-03,26.673925399780273,38.90999984741211,39.25,38.540000915527344,38.540000915527344,2627100
2003-11-04,26.550525665283203,38.72999954223633,39.060001373291016,38.5099983215332,38.66999816894531,2155300
2003-11-05,26.461406707763672,38.599998474121094,39.0,38.310001373291016,38.95000076293945,2642100
2003-11-06,26.660215377807617,38.88999938964844,39.04999923706055,38.36000061035156,38.36000061035156,2929000
2003-11-07,26.667072296142578,38.900001525878906,39.22999954223633,38.709999084472656,39.20000076293945,2592000
2003-11-10,26.61908721923828,38.83000183105469,39.0,38.38999938964844,39.0,2263500
2003-11-11,26.26946258544922,38.31999969482422,38.790000915527344,38.060001373291016,38.599998474121094,2376000
2003-11-12,26.9029541015625,39.06999969482422,39.290000915527344,38.099998474121094,38.13999938964844,2911600
2003-11-13,27.474489212036133,39.900001525878906,40.150001525878906,39.0099983215332,39.0099983215332,4061400
2003-11-14,27.026912689208984,39.25,40.0,38.970001220703125,39.97999954223633,1889900
2003-11-17,27.364316940307617,39.7400016784668,39.970001220703125,38.900001525878906,39.0,3391600
2003-11-18,26.737707138061523,38.83000183105469,39.66999816894531,38.5099983215332,39.25,5336500
2003-11-19,27.13019561767578,39.400001525878906,39.619998931884766,38.529998779296875,38.599998474121094,2442000
2003-11-20,27.095748901367188,39.349998474121094,39.56999969482422,38.90999984741211,39.099998474121094,2614700
2003-11-21,26.75835609436035,38.86000061035156,39.47999954223633,38.5,39.349998474121094,2793600
2003-11-24,26.779010772705078,38.88999938964844,39.04999923706055,38.02000045776367,39.04999923706055,6189700
2003-11-25,26.345205307006836,38.2599983215332,38.900001525878906,38.20000076293945,38.66999816894531,3817300
2003-11-26,26.35897445678711,38.279998779296875,38.380001068115234,37.61000061035156,38.20000076293945,3481100
2003-11-28,26.434715270996094,38.38999938964844,38.75,38.2400016784668,38.380001068115234,1210600
2003-12-01,26.17995262145996,38.02000045776367,38.68000030517578,37.599998474121094,37.599998474121094,7158500
2003-12-02,26.049121856689453,37.83000183105469,38.470001220703125,37.599998474121094,38.0,6297800
2003-12-03,26.52423095703125,38.52000045776367,38.68000030517578,37.650001525878906,37.880001068115234,3782800
2003-12-04,26.930509567260742,39.11000061035156,39.20000076293945,38.349998474121094,38.52000045776367,3092300
2003-12-05,26.166187286376953,38.0,38.939998626708984,37.869998931884766,38.86000061035156,4324900
2003-12-08,26.937389373779297,39.119998931884766,39.119998931884766,38.150001525878906,38.18000030517578,2956200
2003-12-09,26.565553665161133,38.58000183105469,39.119998931884766,38.150001525878906,39.04999923706055,3342500
2003-12-10,26.765235900878906,38.869998931884766,39.0,38.290000915527344,38.5,3180500
2003-12-11,27.240365982055664,39.560001373291016,39.61000061035156,38.900001525878906,38.900001525878906,3057400
2003-12-12,27.109539031982422,39.369998931884766,39.4900016784668,38.900001525878906,39.4900016784668,2608500
2003-12-15,26.992473602294922,39.20000076293945,39.869998931884766,39.20000076293945,39.72999954223633,2758700
2003-12-16,27.49514389038086,39.93000030517578,39.9900016784668,39.16999816894531,39.16999816894531,2845500
2003-12-17,28.135522842407227,40.86000061035156,41.09000015258789,39.970001220703125,39.970001220703125,5534600
2003-12-18,28.472930908203125,41.349998474121094,41.380001068115234,40.689998626708984,40.97999954223633,3143500
2003-12-19,28.562450408935547,41.47999954223633,41.95000076293945,41.150001525878906,41.72999954223633,5971500
2003-12-22,28.64507484436035,41.599998474121094,41.880001068115234,41.290000915527344,41.4900016784668,2771000
2003-12-23,28.879188537597656,41.939998626708984,42.0,41.65999984741211,41.720001220703125,2127200
2003-12-24,28.479812622070312,41.36000061035156,41.86000061035156,41.290000915527344,41.599998474121094,1341300
2003-12-26,28.555564880371094,41.470001220703125,41.65999984741211,41.349998474121094,41.5,502900
2003-12-29,28.92050552368164,42.0,42.029998779296875,41.369998931884766,41.540000915527344,1873300
2003-12-30,29.113309860229492,42.279998779296875,43.369998931884766,42.16999816894531,42.650001525878906,4884800
2003-12-31,29.016918182373047,42.13999938964844,42.560001373291016,41.88999938964844,42.54999923706055,2432900
2004-01-02,28.91363525390625,41.9900016784668,42.70000076293945,41.709999084472656,42.5,3146700
2004-01-05,28.96872329711914,42.06999969482422,42.58000183105469,41.939998626708984,42.20000076293945,4115500
2004-01-06,28.872310638427734,41.93000030517578,42.0,41.470001220703125,42.0,2515800
2004-01-07,29.113309860229492,42.279998779296875,42.650001525878906,41.689998626708984,41.93000030517578,4219200
2004-01-08,29.512685775756836,42.86000061035156,43.13999938964844,42.2599983215332,42.5,3114600
2004-01-09,29.361194610595703,42.63999938964844,44.529998779296875,42.540000915527344,42.79999923706055,4080900
2004-01-12,29.202831268310547,42.40999984741211,42.63999938964844,42.04999923706055,42.63999938964844,2449200
2004-01-13,29.08576202392578,42.2400016784668,42.470001220703125,41.599998474121094,42.29999923706055,2383600
2004-01-14,29.68483543395996,43.11000061035156,43.29999923706055,42.560001373291016,42.599998474121094,2968000
2004-01-15,29.63665008544922,43.040000915527344,43.400001525878906,42.709999084472656,43.20000076293945,2353500
2004-01-16,30.3045711517334,44.0099983215332,44.0099983215332,43.060001373291016,43.45000076293945,2644100
2004-01-20,29.733043670654297,43.18000030517578,44.709999084472656,42.97999954223633,44.54999923706055,5003600
2004-01-21,30.02224349975586,43.599998474121094,43.81999969482422,42.900001525878906,43.22999954223633,3585400
2004-01-22,29.540231704711914,42.900001525878906,43.630001068115234,42.880001068115234,43.400001525878906,2591800
2004-01-23,28.817222595214844,41.849998474121094,43.08000183105469,41.63999938964844,42.849998474121094,4071200
2004-01-26,29.223487854003906,42.439998626708984,42.540000915527344,41.650001525878906,41.849998474121094,2867500
2004-01-27,28.879188537597656,41.939998626708984,42.599998474121094,41.650001525878906,42.29999923706055,2111800
2004-01-28,28.603775024414062,41.540000915527344,42.599998474121094,41.5,41.95000076293945,3394700
2004-01-29,29.127090454101562,42.29999923706055,42.68000030517578,42.0,42.5,3339600
2004-01-30,28.74835968017578,41.75,42.150001525878906,41.52000045776367,42.0,2648800
2004-02-02,29.292339324951172,42.540000915527344,43.09000015258789,41.599998474121094,41.66999816894531,3297800
2004-02-03,29.67795753479004,43.099998474121094,43.47999954223633,42.209999084472656,42.540000915527344,3800700
2004-02-04,29.994699478149414,43.560001373291016,44.25,43.04999923706055,43.099998474121094,5417700
2004-02-05,30.54557228088379,44.36000061035156,44.45000076293945,43.58000183105469,43.630001068115234,3405300
2004-02-06,30.53868293762207,44.349998474121094,45.02000045776367,43.9900016784668,44.36000061035156,4877300
2004-02-09,30.27012825012207,43.959999084472656,44.349998474121094,43.720001220703125,44.20000076293945,3042800
2004-02-10,30.139305114746094,43.77000045776367,43.900001525878906,43.5,43.81999969482422,2803500
2004-02-11,30.754533767700195,44.4900016784668,44.61000061035156,43.31999969482422,43.599998474121094,3146000
2004-02-12,30.671586990356445,44.369998931884766,44.47999954223633,44.02000045776367,44.29999923706055,1798300
2004-02-13,30.726890563964844,44.45000076293945,44.65999984741211,44.16999816894531,44.20000076293945,1935900
2004-02-17,30.8305606842041,44.599998474121094,44.75,44.38999938964844,44.599998474121094,2101100
2004-02-18,30.823654174804688,44.59000015258789,45.099998474121094,44.380001068115234,44.900001525878906,2962600
2004-02-19,30.77527618408203,44.52000045776367,44.959999084472656,44.400001525878906,44.900001525878906,3531800
2004-02-20,30.65083885192871,44.34000015258789,44.939998626708984,44.29999923706055,44.650001525878906,3277100
2004-02-23,30.15312957763672,43.619998931884766,44.56999969482422,43.09000015258789,44.540000915527344,4039400
2004-02-24,29.876638412475586,43.220001220703125,43.72999954223633,42.900001525878906,43.29999923706055,3146900
2004-02-25,30.2913818359375,43.81999969482422,44.060001373291016,43.09000015258789,43.220001220703125,3079600
2004-02-26,29.33742904663086,42.439998626708984,43.720001220703125,41.970001220703125,43.0,7138600
2004-02-27,29.980302810668945,43.369998931884766,43.56999969482422,42.650001525878906,42.650001525878906,6752700
2004-03-01,30.25680923461914,43.77000045776367,43.869998931884766,43.0,43.380001068115234,2622000
2004-03-02,29.952655792236328,43.33000183105469,43.86000061035156,42.97999954223633,43.54999923706055,2843200
2004-03-03,29.766019821166992,43.060001373291016,43.400001525878906,42.959999084472656,43.06999969482422,2838400
2004-03-04,29.468767166137695,42.630001068115234,43.0,42.220001220703125,42.869998931884766,2423400
2004-03-05,29.530990600585938,42.720001220703125,42.900001525878906,42.13999938964844,42.54999923706055,3163700
2004-03-08,29.323617935180664,42.41999816894531,42.849998474121094,42.400001525878906,42.720001220703125,2552800
2004-03-09,28.81207275390625,41.68000030517578,42.70000076293945,41.40999984741211,42.20000076293945,3561800
2004-03-10,28.42495346069336,41.119998931884766,41.75,40.72999954223633,41.75,3745800
2004-03-11,27.754432678222656,40.150001525878906,41.119998931884766,40.06999969482422,41.0,3113400
2004-03-12,27.858112335205078,40.29999923706055,40.38999938964844,38.869998931884766,40.08000183105469,4599100
2004-03-15,27.498661041259766,39.779998779296875,40.459999084472656,39.43000030517578,39.95000076293945,3114000
2004-03-16,27.242887496948242,39.40999984741211,39.59000015258789,38.97999954223633,38.97999954223633,3629000
2004-03-17,27.512474060058594,39.79999923706055,39.88999938964844,39.47999954223633,39.54999923706055,2581800
2004-03-18,27.45718765258789,39.720001220703125,39.93000030517578,39.29999923706055,39.75,2352800
2004-03-19,27.25672149658203,39.43000030517578,40.04999923706055,39.369998931884766,39.720001220703125,2732400
2004-03-22,26.738258361816406,38.68000030517578,38.900001525878906,38.040000915527344,38.43000030517578,4475800
2004-03-23,27.035507202148438,39.11000061035156,39.88999938964844,38.93000030517578,38.93000030517578,3495900
2004-03-24,26.98020362854004,39.029998779296875,39.27000045776367,38.34000015258789,38.72999954223633,3381100
2004-03-25,27.45718765258789,39.720001220703125,39.900001525878906,39.099998474121094,39.25,2025300
2004-03-26,27.201406478881836,39.349998474121094,39.77000045776367,39.099998474121094,39.52000045776367,3591900
2004-03-29,27.602346420288086,39.93000030517578,40.02000045776367,39.599998474121094,39.79999923706055,2133500
2004-03-30,27.878862380981445,40.33000183105469,40.43000030517578,39.70000076293945,39.79999923706055,2467300
2004-03-31,28.39038848876953,41.06999969482422,41.349998474121094,40.31999969482422,40.5,3416500
2004-04-01,28.18301010131836,40.77000045776367,41.27000045776367,40.599998474121094,41.06999969482422,2315900
2004-04-02,28.922683715820312,41.84000015258789,42.040000915527344,41.04999923706055,41.099998474121094,3273200
2004-04-05,29.40656089782715,42.540000915527344,42.58000183105469,41.849998474121094,41.849998474121094,2391800
2004-04-06,29.28213119506836,42.36000061035156,42.400001525878906,42.11000061035156,42.349998474121094,1925000
2004-04-07,28.867366790771484,41.7599983215332,42.36000061035156,41.5099983215332,42.15999984741211,2845300
2004-04-08,28.58395767211914,41.349998474121094,42.22999954223633,41.20000076293945,41.95000076293945,2152000
2004-04-12,29.1369686126709,42.150001525878906,42.189998626708984,41.599998474121094,41.70000076293945,1606200
2004-04-13,28.881200790405273,41.779998779296875,42.599998474121094,41.68000030517578,42.16999816894531,2586000
2004-04-14,28.73602867126465,41.56999969482422,41.900001525878906,41.41999816894531,41.72999954223633,1666800
2004-04-15,28.708377838134766,41.529998779296875,42.029998779296875,41.11000061035156,41.849998474121094,1516200
2004-04-16,28.687637329101562,41.5,42.2400016784668,41.400001525878906,42.029998779296875,2625100
2004-04-19,28.680715560913086,41.4900016784668,41.709999084472656,41.38999938964844,41.630001068115234,1312800
2004-04-20,28.03093910217285,40.54999923706055,41.70000076293945,40.54999923706055,41.470001220703125,2292100
2004-04-21,28.238325119018555,40.849998474121094,41.220001220703125,40.310001373291016,40.4900016784668,2137500
2004-04-22,29.21991729736328,42.27000045776367,42.630001068115234,41.349998474121094,41.70000076293945,3583200
2004-04-23,29.344345092773438,42.45000076293945,42.75,41.869998931884766,42.15999984741211,2225600
2004-04-26,29.890439987182617,43.2400016784668,43.5,42.93000030517578,43.150001525878906,3311100
2004-04-27,30.104738235473633,43.54999923706055,44.0,43.2400016784668,43.2400016784668,2892200
2004-04-28,30.436538696289062,44.029998779296875,44.900001525878906,43.54999923706055,44.04999923706055,6048100
2004-04-29,29.897361755371094,43.25,44.150001525878906,43.06999969482422,44.029998779296875,2485400
2004-04-30,29.510251998901367,42.689998626708984,43.279998779296875,42.599998474121094,43.25,2675700
2004-05-03,30.1254825592041,43.58000183105469,44.0,43.20000076293945,43.25,2806900
2004-05-04,29.9180965423584,43.279998779296875,43.65999984741211,43.0099983215332,43.58000183105469,3223200
2004-05-05,30.24991226196289,43.7599983215332,44.09000015258789,43.0,43.130001068115234,2519100
2004-05-06,30.367412567138672,43.93000030517578,44.29999923706055,43.5,43.68000030517578,3401400
2004-05-07,30.001049041748047,43.400001525878906,44.04999923706055,43.310001373291016,43.599998474121094,2263900
2004-05-10,29.44112777709961,42.59000015258789,43.279998779296875,42.290000915527344,43.0,3666900
2004-05-11,29.848970413208008,43.18000030517578,43.36000061035156,42.40999984741211,42.5,3322000
2004-05-12,30.1254825592041,43.58000183105469,43.58000183105469,42.70000076293945,43.20000076293945,2763300
2004-05-13,30.15312957763672,43.619998931884766,43.84000015258789,43.18000030517578,43.630001068115234,2008300
2004-05-14,30.02869415283203,43.439998626708984,43.59000015258789,42.95000076293945,43.099998474121094,2710000
2004-05-17,29.53789710998535,42.72999954223633,43.61000061035156,42.4900016784668,42.70000076293945,2454500
2004-05-18,29.738370895385742,43.02000045776367,43.20000076293945,42.70000076293945,42.84000015258789,1477200
2004-05-19,30.127304077148438,43.380001068115234,44.11000061035156,43.040000915527344,43.099998474121094,3016800
2004-05-20,29.807825088500977,42.91999816894531,43.220001220703125,42.75,43.13999938964844,2281200
2004-05-21,30.141172409057617,43.400001525878906,43.459999084472656,43.0,43.150001525878906,2493000
2004-05-24,30.94679069519043,44.560001373291016,44.599998474121094,44.02000045776367,44.220001220703125,3803600
2004-05-25,31.04401969909668,44.70000076293945,44.91999816894531,44.25,44.54999923706055,3989900
2004-05-26,31.085691452026367,44.7599983215332,44.97999954223633,44.130001068115234,44.349998474121094,3432900
2004-05-27,32.08576202392578,46.20000076293945,46.619998931884766,44.90999984741211,45.0,6691500
2004-05-28,31.807960510253906,45.79999923706055,46.5,45.45000076293945,46.0,5323600
2004-06-01,31.863527297973633,45.880001068115234,46.29999923706055,45.5099983215332,45.900001525878906,4211300
2004-06-02,32.46773147583008,46.75,47.220001220703125,45.900001525878906,47.220001220703125,4115400
2004-06-03,32.01631546020508,46.099998474121094,46.650001525878906,46.099998474121094,46.45000076293945,2363100
2004-06-04,32.57191848754883,46.900001525878906,47.029998779296875,46.20000076293945,46.29999923706055,2832700
2004-06-07,33.42615509033203,48.130001068115234,48.400001525878906,47.470001220703125,47.5,5770800
2004-06-08,33.39836883544922,48.09000015258789,48.130001068115234,47.619998931884766,48.0,3664400
2004-06-09,33.79423141479492,48.65999984741211,48.81999969482422,48.04999923706055,48.09000015258789,3340400
2004-06-10,33.856746673583984,48.75,48.83000183105469,48.439998626708984,48.619998931884766,2532500
2004-06-14,33.91230010986328,48.83000183105469,48.97999954223633,48.369998931884766,48.5,4027300
2004-06-15,34.20399856567383,49.25,49.900001525878906,48.900001525878906,49.900001525878906,7011800
2004-06-16,34.65541076660156,49.900001525878906,50.0,49.310001373291016,49.470001220703125,3370100
2004-06-17,34.356773376464844,49.470001220703125,49.689998626708984,49.34000015258789,49.58000183105469,3540400
2004-06-18,34.58595657348633,49.79999923706055,49.95000076293945,49.2400016784668,49.31999969482422,4066600
2004-06-21,34.37761688232422,49.5,49.91999816894531,49.470001220703125,49.650001525878906,2346100
2004-06-22,34.49567413330078,49.66999816894531,49.790000915527344,49.33000183105469,49.349998474121094,2640700
2004-06-23,35.190155029296875,50.66999816894531,50.75,49.400001525878906,49.5,3559100
2004-06-24,34.967926025390625,50.349998474121094,50.779998779296875,50.11000061035156,50.2599983215332,2463300
2004-06-25,35.62770462036133,51.29999923706055,51.349998474121094,50.400001525878906,50.41999816894531,4449200
2004-06-28,34.870689392089844,50.209999084472656,51.4900016784668,50.099998474121094,51.29999923706055,2966400
2004-06-29,35.07905578613281,50.5099983215332,50.70000076293945,49.81999969482422,49.9900016784668,3127500
2004-06-30,35.481868743896484,51.09000015258789,51.22999954223633,50.41999816894531,50.5099983215332,2692000
2004-07-01,34.65541076660156,49.900001525878906,50.529998779296875,49.56999969482422,50.099998474121094,3591700
2004-07-02,34.39149475097656,49.52000045776367,49.689998626708984,48.84000015258789,49.52000045776367,2820700
2004-07-06,34.24565887451172,49.310001373291016,50.11000061035156,49.06999969482422,49.900001525878906,4004200
2004-07-07,34.301212310791016,49.38999938964844,49.83000183105469,49.130001068115234,49.54999923706055,2882300
2004-07-08,34.70402526855469,49.970001220703125,50.27000045776367,48.81999969482422,49.38999938964844,3536200
2004-07-09,34.752628326416016,50.040000915527344,50.25,49.880001068115234,49.939998626708984,2353100
2004-07-12,34.86375045776367,50.20000076293945,50.29999923706055,49.75,49.95000076293945,2947400
2004-07-13,34.905418395996094,50.2599983215332,50.369998931884766,49.91999816894531,50.20000076293945,2052000
2004-07-14,34.252601623535156,49.31999969482422,50.650001525878906,49.150001525878906,50.2599983215332,2811600
2004-07-15,34.12757110595703,49.13999938964844,49.470001220703125,48.34000015258789,49.099998474121094,3533600
2004-07-16,34.120643615722656,49.130001068115234,49.61000061035156,49.0,49.599998474121094,2191100
2004-07-19,33.801177978515625,48.66999816894531,49.529998779296875,48.47999954223633,49.349998474121094,2645900
2004-07-20,33.863677978515625,48.7599983215332,48.86000061035156,48.310001373291016,48.68000030517578,2419800
2004-07-21,33.14140701293945,47.720001220703125,49.09000015258789,47.720001220703125,48.70000076293945,3197200
2004-07-22,32.84971237182617,47.29999923706055,48.029998779296875,46.400001525878906,47.720001220703125,6510000
2004-07-23,32.68303298950195,47.060001373291016,47.380001068115234,46.61000061035156,47.310001373291016,2905500
2004-07-26,32.641357421875,47.0,47.41999816894531,46.88999938964844,47.099998474121094,2238500
2004-07-27,33.488651275634766,48.220001220703125,48.349998474121094,47.11000061035156,47.349998474121094,2979300
2004-07-28,34.03731155395508,49.0099983215332,49.77000045776367,48.5099983215332,48.7400016784668,4192600
2004-07-29,34.50263214111328,49.68000030517578,49.95000076293945,49.209999084472656,49.400001525878906,2885700
2004-07-30,35.2457275390625,50.75,51.25,49.7400016784668,49.900001525878906,4844300
2004-08-02,35.35683822631836,50.90999984741211,51.04999923706055,50.15999984741211,50.20000076293945,2417200
2004-08-03,35.2526741027832,50.7599983215332,51.459999084472656,50.61000061035156,50.939998626708984,3477700
2004-08-04,35.419349670410156,51.0,51.04999923706055,50.29999923706055,50.599998474121094,3574400
2004-08-05,34.73179244995117,50.0099983215332,51.18000030517578,50.0,51.0,2862300
2004-08-06,33.5650520324707,48.33000183105469,49.970001220703125,48.27000045776367,49.970001220703125,3667000
2004-08-09,33.863677978515625,48.7599983215332,48.939998626708984,48.459999084472656,48.79999923706055,2382900
2004-08-10,34.454002380371094,49.61000061035156,49.61000061035156,48.5099983215332,48.5099983215332,3542600
2004-08-11,34.64229202270508,49.68000030517578,49.790000915527344,48.529998779296875,49.25,2992200
2004-08-12,34.398223876953125,49.33000183105469,49.75,48.63999938964844,49.439998626708984,2987600
2004-08-13,34.67015838623047,49.720001220703125,49.79999923706055,49.20000076293945,49.70000076293945,2226700
2004-08-16,35.52786636352539,50.95000076293945,51.06999969482422,49.63999938964844,49.720001220703125,4286400
2004-08-17,35.08157730102539,50.310001373291016,51.31999969482422,50.18000030517578,51.20000076293945,3607200
2004-08-18,35.38142013549805,50.7400016784668,50.75,49.93000030517578,50.290000915527344,2006100
2004-08-19,35.03975296020508,50.25,50.83000183105469,49.95000076293945,50.7400016784668,2199900
2004-08-20,35.18617630004883,50.459999084472656,50.560001373291016,49.970001220703125,50.0,3430000
2004-08-23,35.318660736083984,50.650001525878906,50.7599983215332,50.349998474121094,50.75,2112700
2004-08-24,35.49995040893555,50.90999984741211,51.0,50.38999938964844,50.72999954223633,1713800
2004-08-25,36.60869216918945,52.5,52.81999969482422,51.150001525878906,51.54999923706055,7318100
2004-08-26,36.308834075927734,52.06999969482422,52.650001525878906,51.93000030517578,52.5099983215332,3363600
2004-08-27,36.253055572509766,51.9900016784668,52.599998474121094,51.880001068115234,52.130001068115234,1457000
2004-08-30,36.16938018798828,51.869998931884766,52.5099983215332,51.810001373291016,51.9900016784668,1615000
2004-08-31,36.4134407043457,52.220001220703125,52.220001220703125,51.689998626708984,51.900001525878906,2246400
2004-09-01,36.53197479248047,52.38999938964844,52.58000183105469,51.939998626708984,52.099998474121094,2275100
2004-09-02,37.38966751098633,53.619998931884766,53.689998626708984,52.36000061035156,52.38999938964844,2894000
2004-09-03,37.02707290649414,53.099998474121094,53.95000076293945,53.099998474121094,53.68000030517578,2888500
2004-09-07,37.633750915527344,53.970001220703125,54.0099983215332,53.400001525878906,53.400001525878906,2965800
2004-09-08,37.68950653076172,54.04999923706055,54.31999969482422,53.599998474121094,53.61000061035156,3034500
2004-09-09,37.138648986816406,53.2599983215332,54.16999816894531,53.22999954223633,53.970001220703125,2572000
2004-09-10,37.759246826171875,54.150001525878906,54.20000076293945,52.650001525878906,52.849998474121094,3128100
2004-09-13,37.84989929199219,54.279998779296875,54.86000061035156,53.810001373291016,54.150001525878906,2988800
2004-09-14,37.59885787963867,53.91999816894531,54.4900016784668,53.720001220703125,54.290000915527344,1938800
2004-09-15,37.417572021484375,53.65999984741211,54.25,53.33000183105469,54.04999923706055,1709100
2004-09-16,38.017250061035156,54.52000045776367,54.56999969482422,53.66999816894531,53.79999923706055,2396600
2004-09-17,38.45654296875,55.150001525878906,55.2400016784668,54.560001373291016,54.72999954223633,3318500
2004-09-20,38.170650482177734,54.7400016784668,55.189998626708984,54.41999816894531,54.75,2458000
2004-09-21,38.14276123046875,54.70000076293945,55.04999923706055,54.52000045776367,54.709999084472656,2631700
2004-09-22,37.4315071105957,53.68000030517578,54.439998626708984,53.40999984741211,54.29999923706055,2831300
2004-09-23,36.95734405517578,53.0,53.25,52.58000183105469,53.20000076293945,4001900
2004-09-24,37.05496597290039,53.13999938964844,53.400001525878906,52.790000915527344,52.97999954223633,2748300
2004-09-27,36.61565017700195,52.5099983215332,53.0,52.29999923706055,52.900001525878906,2092500
2004-09-28,36.48317337036133,52.31999969482422,52.720001220703125,51.75,52.5099983215332,3510700
2004-09-29,35.5696907043457,51.0099983215332,51.41999816894531,50.5,51.41999816894531,5992800
2004-09-30,35.995059967041016,51.619998931884766,51.9900016784668,50.619998931884766,50.849998474121094,3846000
2004-10-01,36.594730377197266,52.47999954223633,52.4900016784668,51.41999816894531,51.619998931884766,3384700
2004-10-04,36.48317337036133,52.31999969482422,52.869998931884766,50.880001068115234,52.54999923706055,4832900
2004-10-05,35.90439987182617,51.4900016784668,52.06999969482422,51.29999923706055,52.0,3402200
2004-10-06,36.511051177978516,52.36000061035156,52.36000061035156,51.13999938964844,51.4900016784668,2485700
2004-10-07,35.785858154296875,51.31999969482422,52.4900016784668,51.31999969482422,52.4900016784668,1998800
2004-10-08,34.935157775878906,50.099998474121094,51.2400016784668,49.88999938964844,51.119998931884766,3952100
2004-10-11,35.04670333862305,50.2599983215332,50.4900016784668,49.970001220703125,50.11000061035156,2236000
2004-10-12,35.144325256347656,50.400001525878906,50.560001373291016,49.810001373291016,50.27000045776367,2509300
2004-10-13,35.02580261230469,50.22999954223633,51.09000015258789,49.91999816894531,50.709999084472656,2272300
2004-10-14,35.03975296020508,50.25,51.0,50.150001525878906,50.150001525878906,3048600
2004-10-15,34.997901916503906,50.189998626708984,51.279998779296875,50.18000030517578,50.5,3467700
2004-10-18,34.57951736450195,49.59000015258789,49.83000183105469,49.25,49.54999923706055,3079100
2004-10-19,34.31452941894531,49.209999084472656,50.0,48.849998474121094,49.099998474121094,3186000
2004-10-20,34.14021301269531,48.959999084472656,49.54999923706055,48.29999923706055,49.29999923706055,3242100
2004-10-21,34.55860900878906,49.560001373291016,49.97999954223633,48.810001373291016,48.95000076293945,3704100
2004-10-22,34.523738861083984,49.5099983215332,50.099998474121094,49.06999969482422,49.5,2456400
2004-10-25,34.16810607910156,49.0,49.31999969482422,48.099998474121094,49.04999923706055,4022100
2004-10-26,34.851470947265625,49.97999954223633,50.16999816894531,48.650001525878906,48.81999969482422,3880000
2004-10-27,34.935157775878906,50.099998474121094,51.25,49.79999923706055,51.0,5435700
2004-10-28,34.7747688293457,49.869998931884766,50.45000076293945,49.540000915527344,50.11000061035156,4138500
2004-10-29,34.795684814453125,49.900001525878906,50.220001220703125,49.79999923706055,49.970001220703125,2720200
2004-11-01,34.83055114746094,49.95000076293945,50.16999816894531,49.650001525878906,50.099998474121094,2526500
2004-11-02,34.781734466552734,49.880001068115234,50.540000915527344,49.65999984741211,50.04999923706055,2806900
2004-11-03,35.66732406616211,51.150001525878906,52.099998474121094,50.939998626708984,51.0,5451100
2004-11-04,35.276817321777344,50.59000015258789,50.91999816894531,50.16999816894531,50.849998474121094,4875700
2004-11-05,35.66732406616211,51.150001525878906,51.369998931884766,50.40999984741211,50.79999923706055,4379900
2004-11-08,36.308834075927734,52.06999969482422,52.47999954223633,51.060001373291016,51.150001525878906,4025700
2004-11-09,36.756839752197266,52.5099983215332,52.88999938964844,51.599998474121094,51.849998474121094,4092700
2004-11-10,37.37983703613281,53.400001525878906,53.45000076293945,52.7400016784668,52.81999969482422,4082800
2004-11-11,38.00985336303711,54.29999923706055,54.31999969482422,53.40999984741211,53.40999984741211,4110600
2004-11-12,37.75083541870117,53.93000030517578,54.38999938964844,53.52000045776367,54.20000076293945,2654800
2004-11-15,37.82083511352539,54.029998779296875,54.22999954223633,53.61000061035156,53.849998474121094,3782300
2004-11-16,37.79983139038086,54.0,54.15999984741211,53.720001220703125,54.0,2752200
2004-11-17,38.32483673095703,54.75,55.220001220703125,54.2400016784668,54.29999923706055,4262400
2004-11-18,38.394832611083984,54.849998474121094,55.47999954223633,54.650001525878906,55.150001525878906,3064900
2004-11-19,37.63883972167969,53.77000045776367,54.849998474121094,53.77000045776367,54.849998474121094,2915200
2004-11-22,37.77884292602539,53.970001220703125,53.970001220703125,53.25,53.7599983215332,3036900
2004-11-23,38.03084945678711,54.33000183105469,54.34000015258789,53.40999984741211,53.959999084472656,3228500
2004-11-24,37.88383865356445,54.119998931884766,54.5,53.7599983215332,54.33000183105469,3231200
2004-11-26,37.813838958740234,54.02000045776367,54.2400016784668,53.900001525878906,54.130001068115234,1456100
2004-11-29,37.53382873535156,53.619998931884766,54.380001068115234,53.279998779296875,54.02000045776367,2666800
2004-11-30,37.49884033203125,53.56999969482422,54.040000915527344,53.439998626708984,53.45000076293945,2455500
2004-12-01,38.289833068847656,54.70000076293945,54.70000076293945,53.56999969482422,53.599998474121094,2976100
2004-12-02,38.40182876586914,54.86000061035156,54.900001525878906,54.29999923706055,54.5,2433500
2004-12-03,38.68183517456055,55.2599983215332,55.290000915527344,54.599998474121094,54.91999816894531,3358700
2004-12-06,38.32483673095703,54.75,55.2599983215332,54.52000045776367,55.2599983215332,2272900
2004-12-07,37.62483596801758,53.75,55.0,53.720001220703125,54.75,2738000
2004-12-08,36.959842681884766,52.79999923706055,53.97999954223633,52.41999816894531,53.95000076293945,4284000
2004-12-09,36.945838928222656,52.779998779296875,52.9900016784668,52.20000076293945,52.68000030517578,4347100
2004-12-10,36.69382858276367,52.41999816894531,52.9900016784668,52.33000183105469,52.630001068115234,4107600
2004-12-13,36.868831634521484,52.66999816894531,54.369998931884766,52.2599983215332,54.369998931884766,2921900
2004-12-14,36.847843170166016,52.63999938964844,53.02000045776367,52.4900016784668,52.91999816894531,3101600
2004-12-15,36.679840087890625,52.400001525878906,52.779998779296875,52.290000915527344,52.779998779296875,3598200
2004-12-16,36.455833435058594,52.08000183105469,52.4900016784668,51.790000915527344,52.400001525878906,3512700
2004-12-17,37.16984176635742,53.099998474121094,53.400001525878906,51.97999954223633,52.0,5306600
2004-12-20,37.253841400146484,53.220001220703125,53.7599983215332,53.09000015258789,53.099998474121094,2348100
2004-12-21,37.39384841918945,53.41999816894531,53.68000030517578,52.720001220703125,53.2599983215332,2676400
2004-12-22,37.73684310913086,53.90999984741211,54.290000915527344,53.619998931884766,53.65999984741211,1999100
2004-12-23,37.470829010009766,53.529998779296875,53.849998474121094,53.31999969482422,53.75,1110900
2004-12-27,37.20484161376953,53.150001525878906,53.650001525878906,52.90999984741211,53.38999938964844,1467500
2004-12-28,37.274837493896484,53.25,53.540000915527344,52.970001220703125,52.970001220703125,996600
2004-12-29,36.44883346557617,52.06999969482422,52.65999984741211,51.77000045776367,52.650001525878906,4026500
2004-12-30,36.329837799072266,51.900001525878906,52.5,51.619998931884766,52.25,2591900
2004-12-31,36.23885726928711,51.77000045776367,52.09000015258789,51.689998626708984,51.77000045776367,1675700
2005-01-03,35.678836822509766,50.970001220703125,52.25,50.91999816894531,51.849998474121094,3749900
2005-01-04,34.98585891723633,49.97999954223633,51.150001525878906,49.880001068115234,51.150001525878906,4657900
2005-01-05,35.56684112548828,50.810001373291016,51.130001068115234,49.54999923706055,50.0,5336700
2005-01-06,35.33586502075195,50.47999954223633,51.119998931884766,50.34000015258789,50.68000030517578,3076700
2005-01-07,35.21684265136719,50.310001373291016,50.849998474121094,50.099998474121094,50.5,1957100
2005-01-10,35.68584060668945,50.97999954223633,51.33000183105469,50.099998474121094,50.130001068115234,2877800
2005-01-11,35.57384490966797,50.81999969482422,51.099998474121094,50.619998931884766,51.029998779296875,2044100
2005-01-12,36.35784912109375,51.939998626708984,51.959999084472656,50.95000076293945,51.0,4126100
2005-01-13,35.44084548950195,50.630001068115234,52.150001525878906,50.59000015258789,51.900001525878906,4252500
2005-01-14,35.63682556152344,50.90999984741211,50.9900016784668,50.099998474121094,50.599998474121094,3084500
2005-01-18,36.31584548950195,51.880001068115234,51.970001220703125,50.45000076293945,50.5,3537400
2005-01-19,35.98684310913086,51.40999984741211,51.86000061035156,51.310001373291016,51.599998474121094,2723200
2005-01-20,35.62985610961914,50.900001525878906,51.5099983215332,50.880001068115234,51.099998474121094,2457500
2005-01-21,35.048858642578125,50.06999969482422,50.97999954223633,50.0099983215332,50.650001525878906,2593000
2005-01-24,34.74784469604492,49.63999938964844,50.599998474121094,49.52000045776367,50.33000183105469,3019300
2005-01-25,34.88786315917969,49.84000015258789,50.209999084472656,49.52000045776367,50.150001525878906,2954600
2005-01-26,34.901859283447266,49.86000061035156,50.34000015258789,49.52000045776367,49.560001373291016,3530800
2005-01-27,35.678836822509766,50.970001220703125,51.0,49.540000915527344,49.540000915527344,4708800
2005-01-28,34.94384002685547,49.91999816894531,50.97999954223633,49.540000915527344,50.970001220703125,3717100
2005-01-31,35.41984939575195,50.599998474121094,50.630001068115234,50.06999969482422,50.25,3894400
2005-02-01,35.72785186767578,51.040000915527344,51.18000030517578,50.220001220703125,50.599998474121094,2684700
2005-02-02,36.56083679199219,52.22999954223633,52.88999938964844,51.41999816894531,52.20000076293945,6095300
2005-02-03,36.39984130859375,52.0,52.95000076293945,51.939998626708984,52.95000076293945,4199200
2005-02-04,36.80584716796875,52.58000183105469,52.900001525878906,51.900001525878906,51.95000076293945,3324900
2005-02-07,36.74985122680664,52.5,52.689998626708984,52.29999923706055,52.41999816894531,3731200
2005-02-08,37.44983673095703,53.5,53.619998931884766,52.38999938964844,52.650001525878906,6070700
2005-02-09,38.061683654785156,54.119998931884766,54.15999984741211,53.36000061035156,53.5,4835300
2005-02-10,37.87883758544922,53.86000061035156,54.43000030517578,53.630001068115234,54.119998931884766,3634700
2005-02-11,38.07576370239258,54.13999938964844,54.29999923706055,53.349998474121094,53.75,2204300
2005-02-14,38.00543975830078,54.040000915527344,54.33000183105469,53.720001220703125,54.0099983215332,2882800
2005-02-15,38.27969741821289,54.43000030517578,54.81999969482422,54.0099983215332,54.25,3302200
2005-02-16,37.921043395996094,53.91999816894531,54.290000915527344,53.79999923706055,54.150001525878906,2767500
2005-02-17,37.73817825317383,53.65999984741211,54.45000076293945,53.58000183105469,54.20000076293945,4133800
2005-02-18,37.119293212890625,52.779998779296875,53.66999816894531,52.54999923706055,53.66999816894531,4805100
2005-02-22,36.67622375488281,52.150001525878906,52.54999923706055,52.06999969482422,52.349998474121094,3327100
2005-02-23,37.07711410522461,52.720001220703125,53.11000061035156,52.560001373291016,52.79999923706055,4072900
2005-02-24,37.935089111328125,53.939998626708984,53.939998626708984,52.959999084472656,53.20000076293945,3890600
2005-02-25,38.673553466796875,54.9900016784668,55.029998779296875,53.33000183105469,53.599998474121094,4502800
2005-02-28,38.659488677978516,54.970001220703125,55.04999923706055,54.709999084472656,54.900001525878906,4608600
2005-03-01,38.321903228759766,54.4900016784668,55.22999954223633,54.2599983215332,54.97999954223633,4279200
2005-03-02,38.891578674316406,55.29999923706055,55.41999816894531,54.369998931884766,54.45000076293945,4414100
2005-03-03,40.38252258300781,57.41999816894531,58.06999969482422,55.31999969482422,55.45000076293945,8889100
2005-03-04,41.05768585205078,58.380001068115234,58.7400016784668,56.9900016784668,57.630001068115234,6625600
2005-03-07,41.00141143798828,58.29999923706055,58.41999816894531,57.25,57.52000045776367,6256100
2005-03-08,40.89594268798828,58.150001525878906,58.68000030517578,57.810001373291016,58.310001373291016,4604500
2005-03-09,40.614620208740234,57.75,58.04999923706055,57.439998626708984,57.849998474121094,3505800
2005-03-10,40.7763671875,57.97999954223633,58.36000061035156,57.689998626708984,57.7599983215332,3411000
2005-03-11,40.4317512512207,57.4900016784668,58.220001220703125,57.20000076293945,57.849998474121094,3275100
2005-03-14,40.58648681640625,57.709999084472656,57.9900016784668,57.29999923706055,57.5,3272300
2005-03-15,41.12800979614258,58.47999954223633,58.939998626708984,57.630001068115234,57.849998474121094,4775300
2005-03-16,39.92538833618164,56.77000045776367,58.52000045776367,56.70000076293945,58.29999923706055,4868300
2005-03-17,40.00978469848633,56.88999938964844,57.310001373291016,56.709999084472656,56.75,3839200
2005-03-18,40.199684143066406,57.15999984741211,57.189998626708984,56.56999969482422,57.04999923706055,5497600
2005-03-21,39.97462463378906,56.84000015258789,57.20000076293945,56.58000183105469,57.0,2053200
2005-03-22,40.24187469482422,57.220001220703125,57.70000076293945,56.95000076293945,57.0,3646500
2005-03-23,39.98165512084961,56.849998474121094,57.400001525878906,56.619998931884766,57.22999954223633,3041300
2005-03-24,39.94649124145508,56.79999923706055,57.2400016784668,56.66999816894531,57.02000045776367,1806400
2005-03-28,40.86076736450195,58.099998474121094,58.130001068115234,57.2599983215332,57.29999923706055,3104100
2005-03-29,40.26296615600586,57.25,58.16999816894531,57.0,57.72999954223633,5307200
2005-03-30,41.34602737426758,58.790000915527344,58.79999923706055,57.25,57.25,3652600
2005-03-31,41.11393737792969,58.459999084472656,58.790000915527344,57.939998626708984,58.790000915527344,3385300
2005-04-01,41.3389892578125,58.779998779296875,59.119998931884766,58.29999923706055,58.54999923706055,3853800
2005-04-04,41.02251434326172,58.33000183105469,58.720001220703125,58.0099983215332,58.599998474121094,2961100
2005-04-05,41.02251434326172,58.33000183105469,59.45000076293945,58.04999923706055,58.31999969482422,4414900
2005-04-06,41.09285354614258,58.43000030517578,58.779998779296875,58.349998474121094,58.720001220703125,2595600
2005-04-07,41.500755310058594,59.0099983215332,59.13999938964844,58.29999923706055,58.45000076293945,3491900
2005-04-08,41.212398529052734,58.599998474121094,59.0099983215332,58.41999816894531,59.0,2527400
2005-04-11,41.7750244140625,59.400001525878906,59.810001373291016,58.75,58.75,4269300
2005-04-12,41.10690689086914,58.45000076293945,59.54999923706055,57.75,59.400001525878906,6787500
2005-04-13,41.26163864135742,58.66999816894531,59.04999923706055,58.45000076293945,58.650001525878906,3825800
2005-04-14,40.90296173095703,58.15999984741211,59.31999969482422,58.130001068115234,59.04999923706055,3730000
2005-04-15,40.087158203125,57.0,58.4900016784668,57.0,58.04999923706055,3339600
2005-04-18,40.0308952331543,56.91999816894531,57.31999969482422,56.220001220703125,56.650001525878906,3497700
2005-04-19,40.853721618652344,58.09000015258789,58.36000061035156,56.619998931884766,56.93000030517578,3570000
2005-04-20,40.2489013671875,57.22999954223633,58.369998931884766,57.22999954223633,58.099998474121094,3940900
2005-04-21,41.54998016357422,59.08000183105469,59.08000183105469,57.720001220703125,57.849998474121094,3354900
2005-04-22,40.70602798461914,57.880001068115234,58.84000015258789,57.2400016784668,58.54999923706055,3050700
2005-04-25,41.90161895751953,59.58000183105469,59.7599983215332,58.79999923706055,58.79999923706055,3492300
2005-04-26,41.49372863769531,59.0,60.0,58.150001525878906,59.849998474121094,5073300
2005-04-27,41.9578742980957,59.65999984741211,60.099998474121094,58.25,58.4900016784668,7408000
2005-04-28,41.296810150146484,58.720001220703125,60.0,58.61000061035156,60.0,4778800
2005-04-29,41.85942077636719,59.52000045776367,59.599998474121094,58.2599983215332,59.029998779296875,3698600
2005-05-02,41.760955810546875,59.380001068115234,59.880001068115234,58.900001525878906,59.52000045776367,4266800
2005-05-03,42.105552673339844,59.869998931884766,60.400001525878906,59.22999954223633,59.650001525878906,4469400
2005-05-04,42.39390563964844,60.279998779296875,60.47999954223633,59.63999938964844,59.75,3287500
2005-05-05,42.01414108276367,59.7400016784668,60.380001068115234,59.59000015258789,60.099998474121094,3144000
2005-05-06,42.90729522705078,61.0099983215332,61.25,60.130001068115234,60.18000030517578,3279200
2005-05-09,42.59083938598633,60.560001373291016,60.959999084472656,60.15999984741211,60.75,3871300
2005-05-10,42.92841720581055,61.040000915527344,62.5,60.5,60.560001373291016,9135400
2005-05-11,42.65299987792969,60.400001525878906,61.380001068115234,59.5099983215332,61.04999923706055,5590900
2005-05-12,42.716552734375,60.4900016784668,61.25,60.2599983215332,60.529998779296875,5362500
2005-05-13,42.01744079589844,59.5,60.88999938964844,58.619998931884766,60.88999938964844,4180500
2005-05-16,42.66006088256836,60.40999984741211,60.4900016784668,59.529998779296875,59.70000076293945,2244300
2005-05-17,43.01313781738281,60.90999984741211,60.970001220703125,60.220001220703125,60.5,3440300
2005-05-18,43.56396484375,61.689998626708984,62.5099983215332,61.16999816894531,61.16999816894531,4602800
2005-05-19,43.323883056640625,61.349998474121094,62.27000045776367,60.97999954223633,62.04999923706055,3531700
2005-05-20,43.7122688293457,61.900001525878906,62.2400016784668,61.5099983215332,61.75,3716900
2005-05-23,43.52867126464844,61.63999938964844,62.119998931884766,61.540000915527344,61.95000076293945,3197700
2005-05-24,43.95943069458008,62.25,62.59000015258789,61.220001220703125,61.400001525878906,3656800
2005-05-25,43.39448547363281,61.45000076293945,61.79999923706055,61.119998931884766,61.72999954223633,3101500
2005-05-26,44.48200225830078,62.9900016784668,63.0,61.95000076293945,62.04999923706055,2998900
2005-05-27,44.503196716308594,63.02000045776367,63.400001525878906,62.81999969482422,63.0,2591500
2005-05-31,45.1246223449707,63.900001525878906,64.19999694824219,62.90999984741211,63.0099983215332,4241200
2005-06-01,45.05400848388672,63.79999923706055,64.05000305175781,63.349998474121094,63.95000076293945,3613800
2005-06-02,45.46358871459961,64.37999725341797,64.5,63.5099983215332,63.79999923706055,2667400
2005-06-03,45.661312103271484,64.66000366210938,64.98999786376953,64.0999984741211,64.16000366210938,4526900
2005-06-06,46.2898063659668,65.55000305175781,65.76000213623047,64.63999938964844,64.87999725341797,4055000
2005-06-07,46.09914016723633,65.27999877929688,66.08999633789062,65.27999877929688,65.58000183105469,6010100
2005-06-08,45.527130126953125,64.47000122070312,65.44999694824219,64.23999786376953,65.06999969482422,4191000
2005-06-09,45.979103088378906,65.11000061035156,65.19000244140625,64.04000091552734,64.4800033569336,3461400
2005-06-10,45.65424346923828,64.6500015258789,65.05999755859375,64.11000061035156,65.05000305175781,3192300
2005-06-13,45.64011764526367,64.62999725341797,65.3499984741211,63.91999816894531,65.05000305175781,5477400
2005-06-14,44.43962860107422,62.93000030517578,64.80000305175781,62.849998474121094,64.68000030517578,6143900
2005-06-15,45.4847526550293,64.41000366210938,64.41000366210938,63.209999084472656,63.400001525878906,3944800
2005-06-16,44.97632598876953,63.689998626708984,64.26000213623047,63.650001525878906,64.25,2825700
2005-06-17,45.63307189941406,64.62000274658203,64.77999877929688,63.70000076293945,64.1500015258789,4531600
2005-06-20,44.96220016479492,63.66999816894531,64.0999984741211,63.58000183105469,63.900001525878906,2991500
2005-06-21,44.33370590209961,62.779998779296875,63.40999984741211,62.689998626708984,63.400001525878906,4041000
2005-06-22,44.58086395263672,63.130001068115234,63.369998931884766,62.20000076293945,62.400001525878906,3498200
2005-06-23,43.68403244018555,61.86000061035156,63.189998626708984,61.790000915527344,63.13999938964844,2894100
2005-06-24,42.78718566894531,60.59000015258789,61.90999984741211,60.5,61.599998474121094,4432100
2005-06-27,43.61341094970703,61.7599983215332,61.810001373291016,59.70000076293945,60.349998474121094,6830500
2005-06-28,44.10066604614258,62.45000076293945,62.45000076293945,61.27000045776367,62.099998474121094,3937100
2005-06-29,43.549842834472656,61.66999816894531,62.630001068115234,61.400001525878906,62.45000076293945,3215800
2005-06-30,46.60759735107422,66.0,66.8499984741211,64.30000305175781,65.5,17247000
2005-07-01,45.675418853759766,64.68000030517578,65.95999908447266,64.44000244140625,65.77999877929688,6861500
2005-07-05,46.198001861572266,65.41999816894531,65.44000244140625,64.16999816894531,64.30000305175781,3317300
2005-07-06,45.40003204345703,64.29000091552734,66.11000061035156,64.19999694824219,65.5,3954300
2005-07-07,46.02853012084961,65.18000030517578,65.18000030517578,63.45000076293945,63.97999954223633,5567400
2005-07-08,45.95084762573242,65.06999969482422,65.23999786376953,64.51000213623047,65.06999969482422,3715300
2005-07-11,45.880226135253906,64.97000122070312,65.48999786376953,64.77999877929688,65.25,2037100
2005-07-12,45.4071044921875,64.30000305175781,64.97000122070312,64.1500015258789,64.95999908447266,2920800
2005-07-13,45.60482406616211,64.58000183105469,64.88999938964844,64.19999694824219,64.30000305175781,3112700
2005-07-14,45.60482406616211,64.58000183105469,65.2300033569336,64.37000274658203,64.94999694824219,2257000
2005-07-15,45.72486877441406,64.75,64.87999725341797,64.2300033569336,64.58000183105469,2023300
2005-07-18,45.71780014038086,64.73999786376953,64.86000061035156,64.25,64.75,1902500
2005-07-19,45.82373046875,64.88999938964844,65.5,64.62999725341797,65.0,2226400
2005-07-20,46.66408157348633,66.08000183105469,66.27999877929688,64.62999725341797,64.88999938964844,2610000
2005-07-21,46.402793884277344,65.70999908447266,66.30999755859375,65.69000244140625,66.18000030517578,4864100
2005-07-22,46.74883270263672,66.19999694824219,66.29000091552734,65.26000213623047,65.4000015258789,2629100
2005-07-25,46.64289093017578,66.05000305175781,66.79000091552734,65.9800033569336,66.0,2962700
2005-07-26,46.8547477722168,66.3499984741211,67.12000274658203,66.12999725341797,66.61000061035156,4117700
2005-07-27,47.10191345214844,66.69999694824219,67.94999694824219,66.56999969482422,67.69999694824219,5188800
2005-07-28,46.60759735107422,66.0,66.7699966430664,65.5999984741211,66.70999908447266,4947300
2005-07-29,46.614654541015625,66.01000213623047,66.81999969482422,66.01000213623047,66.20999908447266,3560000
2005-08-01,46.43104934692383,65.75,66.48999786376953,65.63999938964844,66.30000305175781,2367900
2005-08-02,46.840633392333984,66.33000183105469,66.4000015258789,65.69000244140625,65.75,2318300
2005-08-03,47.06660461425781,66.6500015258789,66.68000030517578,65.8499984741211,65.9800033569336,2238100
2005-08-04,46.798255920410156,66.2699966430664,66.7699966430664,66.01000213623047,66.63999938964844,2651100
2005-08-05,46.74176788330078,66.19000244140625,66.5199966430664,66.01000213623047,66.12999725341797,2142300
2005-08-08,46.60053634643555,65.98999786376953,66.5,65.63999938964844,66.30000305175781,2242400
2005-08-09,47.40556335449219,67.12999725341797,67.48999786376953,65.97000122070312,66.30000305175781,3282400
2005-08-10,46.75345993041992,65.95999908447266,67.31999969482422,65.5999984741211,67.16000366210938,3096800
2005-08-11,47.71034622192383,67.30999755859375,67.30999755859375,66.04000091552734,66.11000061035156,3112400
2005-08-12,47.16455841064453,66.54000091552734,67.5,66.0999984741211,67.30999755859375,2823000
2005-08-15,47.81666946411133,67.45999908447266,67.68000030517578,66.3499984741211,66.4000015258789,2160100
2005-08-16,46.97318649291992,66.2699966430664,67.72000122070312,66.2699966430664,67.4000015258789,3280800
2005-08-17,47.504798889160156,67.0199966430664,67.58000183105469,66.37999725341797,66.38999938964844,2432800
2005-08-18,47.228355407714844,66.62999725341797,67.18000030517578,66.20999908447266,66.94000244140625,2912600
2005-08-19,47.596946716308594,67.1500015258789,67.44999694824219,66.5199966430664,66.69999694824219,2281600
2005-08-22,48.05058288574219,67.79000091552734,68.37999725341797,67.33999633789062,67.38999938964844,3433000
2005-08-23,47.795413970947266,67.43000030517578,67.9000015258789,67.1500015258789,67.6500015258789,2310200
2005-08-24,47.582767486572266,67.12999725341797,67.94999694824219,67.08000183105469,67.30000305175781,3524400
2005-08-25,47.63947677612305,67.20999908447266,67.4000015258789,67.05000305175781,67.12999725341797,2529100
2005-08-26,47.001548767089844,66.30999755859375,67.1500015258789,66.08999633789062,67.1500015258789,2822300
2005-08-29,47.9017448425293,67.58000183105469,67.66000366210938,66.06999969482422,66.0999984741211,2974400
2005-08-30,47.30633544921875,66.73999786376953,67.55000305175781,66.44999694824219,67.30000305175781,3158600
2005-08-31,47.504798889160156,67.0199966430664,67.0999984741211,66.04000091552734,66.9000015258789,3137700
2005-09-01,46.77473449707031,65.98999786376953,66.8499984741211,65.87000274658203,66.6500015258789,4073800
2005-09-02,45.60518264770508,64.33999633789062,64.93000030517578,63.95000076293945,64.87000274658203,6810400
2005-09-06,46.094261169433594,65.02999877929688,65.44999694824219,64.25,64.37000274658203,4783600
2005-09-07,45.71858596801758,64.5,64.81999969482422,64.0,64.80000305175781,4501900
2005-09-08,45.78238296508789,64.58999633789062,64.9000015258789,64.31999969482422,64.80000305175781,4331600
2005-09-09,46.356510162353516,65.4000015258789,65.62999725341797,64.7699966430664,64.83000183105469,4205100
2005-09-12,46.172237396240234,65.13999938964844,65.44999694824219,64.73999786376953,65.1500015258789,2733300
2005-09-13,46.356510162353516,65.4000015258789,65.6500015258789,65.11000061035156,65.13999938964844,2891500
2005-09-14,45.49176025390625,64.18000030517578,65.69000244140625,63.970001220703125,65.41000366210938,3534900
2005-09-15,46.12971115112305,65.08000183105469,65.19999694824219,63.95000076293945,64.19000244140625,4252500
2005-09-16,45.93124771118164,64.80000305175781,65.44999694824219,64.47000122070312,65.44999694824219,5205900
2005-09-19,45.435062408447266,64.0999984741211,64.5999984741211,63.029998779296875,64.5,3725400
2005-09-20,44.974334716796875,63.45000076293945,64.45999908447266,63.34000015258789,63.849998474121094,3842600
2005-09-21,44.237144470214844,62.40999984741211,63.31999969482422,62.0099983215332,62.470001220703125,4645800
2005-09-22,44.308048248291016,62.5099983215332,62.810001373291016,62.04999923706055,62.349998474121094,3215700
2005-09-23,44.79713821411133,63.20000076293945,63.45000076293945,62.400001525878906,62.560001373291016,3297800
2005-09-26,45.83906936645508,64.66999816894531,65.94999694824219,64.23999786376953,65.5,5909100
2005-09-27,47.171653747558594,66.55000305175781,66.70999908447266,64.86000061035156,64.98999786376953,5461200
2005-09-28,47.63947677612305,67.20999908447266,67.33000183105469,66.30999755859375,66.5,4806800
2005-09-29,47.689090728759766,67.27999877929688,67.3499984741211,66.37000274658203,66.94999694824219,2482700
2005-09-30,48.16399383544922,67.94999694824219,68.25,66.80000305175781,67.1500015258789,3151400
2005-10-03,47.5898551940918,67.13999938964844,67.98999786376953,67.0,67.91999816894531,3238800
2005-10-04,48.16399383544922,67.94999694824219,68.4800033569336,67.44999694824219,67.44999694824219,3693600
2005-10-05,47.52605438232422,67.05000305175781,67.66000366210938,66.87000274658203,67.44999694824219,3579300
2005-10-06,48.14982604980469,67.93000030517578,68.23999786376953,67.31999969482422,67.55000305175781,3787900
2005-10-07,47.70326614379883,67.30000305175781,67.70999908447266,66.6500015258789,67.70999908447266,3607600
2005-10-10,48.128562927246094,67.9000015258789,68.06999969482422,66.72000122070312,67.05999755859375,2435400
2005-10-11,47.277976989746094,66.69999694824219,67.79000091552734,66.55999755859375,67.55000305175781,3213500
2005-10-12,47.95134735107422,67.6500015258789,67.9000015258789,66.69999694824219,66.80000305175781,4424500
2005-10-13,47.12913513183594,66.48999786376953,67.62000274658203,66.23999786376953,67.2699966430664,4219300
2005-10-14,47.845027923583984,67.5,67.77999877929688,66.5999984741211,66.61000061035156,4260700
2005-10-17,47.660728454589844,67.23999786376953,67.44999694824219,66.45999908447266,67.1500015258789,4333800
2005-10-18,47.57566833496094,67.12000274658203,67.33999633789062,66.55000305175781,67.11000061035156,4779400
2005-10-19,48.461700439453125,68.37000274658203,68.4000015258789,66.81999969482422,66.87000274658203,4449300
2005-10-20,47.70326614379883,67.30000305175781,68.9800033569336,67.19000244140625,68.5,4343600
2005-10-21,46.79597473144531,66.0199966430664,67.55000305175781,65.83000183105469,67.27999877929688,7277400
2005-10-24,47.71743392944336,67.31999969482422,67.77999877929688,66.25,66.5,4353200
2005-10-25,47.469364166259766,66.97000122070312,67.3499984741211,66.51000213623047,67.3499984741211,2899300
2005-10-26,46.143882751464844,65.0999984741211,66.19999694824219,64.22000122070312,65.4000015258789,10236200
2005-10-27,45.39961624145508,64.05000305175781,65.11000061035156,63.95000076293945,65.0999984741211,5328000
2005-10-28,46.52663803100586,65.63999938964844,65.75,63.70000076293945,64.25,5222300
2005-10-31,45.81781768798828,64.63999938964844,66.58000183105469,64.5999984741211,65.80000305175781,6685200
2005-11-01,46.10843276977539,65.05000305175781,65.69999694824219,64.68000030517578,65.0,5642600
2005-11-02,45.860355377197266,64.69999694824219,64.94999694824219,64.19999694824219,64.72000122070312,5864600
2005-11-03,46.42741394042969,65.5,65.5999984741211,64.4000015258789,64.4000015258789,5364800
2005-11-04,46.271461486816406,65.27999877929688,65.70999908447266,65.0199966430664,65.19999694824219,3560300
2005-11-07,46.562076568603516,65.69000244140625,65.70999908447266,65.30000305175781,65.4800033569336,2994000
2005-11-08,46.25612258911133,65.01000213623047,65.1500015258789,64.5199966430664,65.05000305175781,2808800
2005-11-09,46.04266357421875,64.70999908447266,65.31999969482422,64.55999755859375,65.0999984741211,3530500
2005-11-10,47.03166961669922,66.0999984741211,66.11000061035156,64.73999786376953,64.7699966430664,3237700
2005-11-11,46.49803924560547,65.3499984741211,65.93000030517578,65.30000305175781,65.80000305175781,2642000
2005-11-14,47.12419891357422,66.2300033569336,66.61000061035156,64.94000244140625,65.25,3942600
2005-11-15,47.67205047607422,67.0,67.08000183105469,66.0,66.20999908447266,5230400
2005-11-16,47.985130310058594,67.44000244140625,68.0999984741211,67.0999984741211,67.0999984741211,4628300
2005-11-17,48.13452911376953,67.6500015258789,68.19000244140625,67.51000213623047,67.91999816894531,4269200
2005-11-18,47.636470794677734,66.94999694824219,68.0999984741211,66.75,67.94999694824219,5623600
2005-11-21,49.0951042175293,69.0,69.4800033569336,67.9000015258789,68.12999725341797,7738600
2005-11-22,49.16624069213867,69.0999984741211,69.0999984741211,68.08999633789062,69.01000213623047,4238900
2005-11-23,49.408180236816406,69.44000244140625,69.9000015258789,68.88999938964844,68.94999694824219,2662700
2005-11-25,49.13779067993164,69.05999755859375,69.6500015258789,68.83000183105469,69.5999984741211,959700
2005-11-28,48.83184051513672,68.62999725341797,69.1500015258789,68.4000015258789,69.01000213623047,2581100
2005-11-29,49.187591552734375,69.12999725341797,69.68000030517578,69.0,69.0999984741211,2822100
2005-11-30,48.518775939941406,68.19000244140625,69.56999969482422,68.18000030517578,69.44999694824219,3781600
2005-12-01,49.57182693481445,69.66999816894531,69.7699966430664,68.31999969482422,68.3499984741211,3042000
2005-12-02,49.408180236816406,69.44000244140625,70.0,69.37000274658203,69.81999969482422,3237500
2005-12-05,49.23740768432617,69.19999694824219,69.5999984741211,68.69999694824219,69.44999694824219,3893300
2005-12-06,49.500667572021484,69.56999969482422,70.0,69.43000030517578,69.6500015258789,3730900
2005-12-07,49.5576057434082,69.6500015258789,69.95999908447266,69.08000183105469,69.61000061035156,3850400
2005-12-08,49.856422424316406,70.06999969482422,70.22000122070312,69.23999786376953,69.66000366210938,3958200
2005-12-09,49.5576057434082,69.6500015258789,70.16999816894531,69.5199966430664,70.06999969482422,4014600
2005-12-12,49.94181823730469,70.19000244140625,70.23999786376953,69.54000091552734,70.0,2654900
2005-12-13,50.226417541503906,70.58999633789062,70.94000244140625,69.9000015258789,70.0,2733800
2005-12-14,50.83833312988281,71.44999694824219,71.9800033569336,70.80999755859375,71.0,4900100
2005-12-15,50.36872482299805,70.79000091552734,71.9800033569336,70.7300033569336,71.44999694824219,3567700
2005-12-16,50.34027862548828,70.75,71.19999694824219,70.4800033569336,71.05000305175781,6021000
2005-12-19,49.78528594970703,69.97000122070312,70.75,69.5999984741211,70.75,3686100
2005-12-20,50.333152770996094,70.73999786376953,71.08999633789062,70.1500015258789,70.19999694824219,2657300
2005-12-21,50.084102630615234,70.38999938964844,71.51000213623047,70.37999725341797,70.97000122070312,2974700
2005-12-22,50.74583053588867,71.31999969482422,71.38999938964844,70.83000183105469,70.94999694824219,2235300
2005-12-23,50.866783142089844,71.48999786376953,72.05000305175781,71.41999816894531,71.94999694824219,2631300
2005-12-27,50.1837158203125,70.52999877929688,72.4000015258789,70.47000122070312,71.9000015258789,2676300
2005-12-28,50.48968505859375,70.95999908447266,71.2300033569336,70.69000244140625,70.86000061035156,1717000
2005-12-29,50.64619827270508,71.18000030517578,71.62000274658203,71.13999938964844,71.19999694824219,1939500
2005-12-30,49.97738265991211,70.23999786376953,71.05999755859375,70.16000366210938,71.05000305175781,1825400
2006-01-03,50.11970901489258,70.44000244140625,70.5999984741211,69.33000183105469,70.4000015258789,4943000
2006-01-04,50.639102935791016,71.16999816894531,71.2699966430664,69.86000061035156,70.08000183105469,3165000
2006-01-05,50.041446685791016,70.33000183105469,70.55000305175781,69.58000183105469,70.55000305175781,4598100
2006-01-06,49.3441162109375,69.3499984741211,70.5,69.05000305175781,70.33999633789062,4820000
2006-01-09,48.93144607543945,68.7699966430664,69.4000015258789,68.66000366210938,69.27999877929688,4567300
2006-01-10,49.16624069213867,69.0999984741211,69.23999786376953,68.56999969482422,68.80000305175781,3869000
2006-01-11,49.87778091430664,70.0999984741211,70.30000305175781,69.11000061035156,69.97000122070312,5011600
2006-01-12,49.5860595703125,69.69000244140625,70.44999694824219,69.54000091552734,70.25,2347000
2006-01-13,49.436641693115234,69.4800033569336,70.19999694824219,68.79000091552734,69.63999938964844,2963700
2006-01-17,48.8745231628418,68.69000244140625,69.4000015258789,68.66000366210938,69.06999969482422,2712900
2006-01-18,48.618370056152344,68.33000183105469,68.91999816894531,68.05000305175781,68.55000305175781,2650700
2006-01-19,48.504539489746094,68.16999816894531,68.48999786376953,67.72000122070312,68.16000366210938,2642700
2006-01-20,47.316280364990234,66.5,68.16000366210938,66.48999786376953,68.0999984741211,6433800
2006-01-23,47.686275482177734,67.0199966430664,67.33999633789062,65.9000015258789,65.9000015258789,4067400
2006-01-24,48.14164352416992,67.66000366210938,67.87999725341797,67.12999725341797,67.41000366210938,3581900
2006-01-25,47.60801696777344,66.91000366210938,67.91000366210938,66.91000366210938,67.70999908447266,3722700
2006-01-26,48.895870208740234,68.72000122070312,68.75,67.31999969482422,67.44000244140625,4768300
2006-01-27,48.782020568847656,68.55999755859375,69.25,67.98999786376953,68.38999938964844,3954700
2006-01-30,49.11642837524414,69.02999877929688,69.05000305175781,68.19999694824219,68.5199966430664,2048100
2006-01-31,48.6041374206543,68.30999755859375,69.05000305175781,68.30999755859375,69.0,4090500
2006-02-01,50.95928955078125,71.62000274658203,72.16999816894531,70.0,70.0,11806000
2006-02-02,51.016204833984375,71.69999694824219,72.30000305175781,71.30000305175781,71.3499984741211,6602900
2006-02-03,50.4256477355957,70.87000274658203,72.08999633789062,70.86000061035156,71.69999694824219,3786800
2006-02-06,50.617759704589844,71.13999938964844,71.63999938964844,70.30000305175781,70.6500015258789,3162900
2006-02-07,50.90947341918945,71.55000305175781,72.05000305175781,71.16000366210938,71.30000305175781,4246300
2006-02-08,51.273895263671875,71.76000213623047,71.93000030517578,71.0,71.25,2890800
2006-02-09,51.452518463134766,72.01000213623047,72.76000213623047,71.37000274658203,71.7699966430664,4149200
2006-02-10,51.82406234741211,72.52999877929688,72.69999694824219,72.02999877929688,72.0999984741211,2813100
2006-02-13,51.52396011352539,72.11000061035156,72.63999938964844,71.81999969482422,71.94999694824219,3294600
2006-02-14,51.952667236328125,72.70999908447266,72.86000061035156,71.93000030517578,72.3499984741211,4160300
2006-02-15,51.766910552978516,72.44999694824219,72.73999786376953,72.05000305175781,72.37000274658203,2797800
2006-02-16,51.83835983276367,72.55000305175781,72.93000030517578,72.19999694824219,72.6500015258789,2216800
2006-02-17,52.13131332397461,72.95999908447266,73.0,72.27999877929688,72.55000305175781,2670700
2006-02-21,52.195621490478516,73.05000305175781,73.4000015258789,72.6500015258789,73.1500015258789,3333000
2006-02-22,53.15305709838867,74.38999938964844,74.61000061035156,73.05999755859375,73.05999755859375,5008400
2006-02-23,52.80296325683594,73.9000015258789,74.19999694824219,73.77999877929688,73.94999694824219,2574200
2006-02-24,53.095924377441406,74.30999755859375,74.58999633789062,73.30999755859375,73.6500015258789,2646200
2006-02-27,52.96728515625,74.12999725341797,74.88999938964844,74.0,74.05000305175781,1974100
2006-02-28,51.93840789794922,72.69000244140625,74.0,72.36000061035156,73.9000015258789,3903000
2006-03-01,52.12416076660156,72.94999694824219,73.08000183105469,72.25,72.55999755859375,2047000
2006-03-02,52.017005920410156,72.80000305175781,73.3499984741211,72.33999633789062,72.75,1781000
2006-03-03,52.438560485839844,73.38999938964844,74.4000015258789,72.51000213623047,72.80999755859375,2707900
2006-03-06,51.8955078125,72.62999725341797,73.70999908447266,72.30000305175781,73.69999694824219,2347000
2006-03-07,52.274227142333984,73.16000366210938,73.2300033569336,72.37000274658203,72.66000366210938,1919400
2006-03-08,52.03127670288086,72.81999969482422,72.86000061035156,71.9000015258789,72.8499984741211,3173300
2006-03-09,52.70291519165039,73.76000213623047,74.25,72.5,72.75,3000600
2006-03-10,53.43888854980469,74.79000091552734,74.9000015258789,73.19999694824219,73.7699966430664,3029100
2006-03-13,53.4745979309082,74.83999633789062,75.9000015258789,74.5,75.20999908447266,3658300
2006-03-14,53.91044998168945,75.44999694824219,75.62999725341797,74.72000122070312,74.83999633789062,2602500
2006-03-15,54.339176177978516,76.05000305175781,76.30000305175781,75.2699966430664,75.4000015258789,2594900
2006-03-16,54.82505416870117,76.7300033569336,77.05000305175781,76.0999984741211,76.25,2633500
2006-03-17,55.62531280517578,77.8499984741211,78.08000183105469,77.05000305175781,77.19999694824219,4535500
2006-03-20,55.8610954284668,78.18000030517578,78.86000061035156,77.83000183105469,78.5,3363400
2006-03-21,55.91827392578125,78.26000213623047,79.19999694824219,78.25,78.80000305175781,4118800
2006-03-22,56.16834259033203,78.61000061035156,78.80000305175781,78.3499984741211,78.5999984741211,2525300
2006-03-23,55.66102600097656,77.9000015258789,78.62000274658203,77.51000213623047,78.61000061035156,2285900
2006-03-24,56.254093170166016,78.7300033569336,79.11000061035156,78.05000305175781,78.05000305175781,2947500
2006-03-27,56.01115417480469,78.38999938964844,78.75,77.81999969482422,78.7300033569336,3137900
2006-03-28,55.38235855102539,77.51000213623047,79.0,77.37000274658203,78.51000213623047,2901700
2006-03-29,56.57560729980469,79.18000030517578,79.4800033569336,77.86000061035156,77.94999694824219,4044000
2006-03-30,56.0325927734375,78.41999816894531,79.5,78.05999755859375,78.94999694824219,3002400
2006-03-31,55.68247604370117,77.93000030517578,78.91999816894531,77.80999755859375,78.5999984741211,2294300
2006-04-03,55.73964309692383,78.01000213623047,79.12999725341797,78.01000213623047,78.25,3303500
2006-04-04,56.16120147705078,78.5999984741211,78.8499984741211,77.5,78.58000183105469,2598500
2006-04-05,56.525596618652344,79.11000061035156,79.19000244140625,77.81999969482422,78.8499984741211,3085100
2006-04-06,57.03289794921875,79.81999969482422,80.12999725341797,79.22000122070312,79.22000122070312,2910700
2006-04-07,56.854270935058594,79.56999969482422,80.37000274658203,78.72000122070312,79.98999786376953,2709900
2006-04-10,57.72597122192383,80.79000091552734,80.91999816894531,79.61000061035156,79.62000274658203,2808100
2006-04-11,57.56880187988281,80.56999969482422,80.70999908447266,79.70999908447266,80.62999725341797,2748000
2006-04-12,59.45513916015625,83.20999908447266,84.2300033569336,81.11000061035156,81.12000274658203,6518900
2006-04-13,59.25508117675781,82.93000030517578,83.69999694824219,82.80999755859375,83.69999694824219,3230700
2006-04-17,58.84063720703125,82.3499984741211,83.98999786376953,81.94999694824219,83.19999694824219,3318000
2006-04-18,59.51942825317383,83.30000305175781,83.37000274658203,81.87999725341797,82.41999816894531,4339800
2006-04-19,60.70555114746094,84.95999908447266,84.98999786376953,83.69999694824219,83.75,3359900
2006-04-20,61.09138870239258,85.5,86.26000213623047,84.70999908447266,84.70999908447266,4445900
2006-04-21,61.777320861816406,86.45999908447266,86.58000183105469,85.86000061035156,86.19999694824219,4202800
2006-04-24,61.520084381103516,86.0999984741211,87.25,86.0999984741211,86.66000366210938,3623600
2006-04-25,60.81272888183594,85.11000061035156,86.4800033569336,84.9000015258789,86.3499984741211,4649400
2006-04-26,60.66981887817383,84.91000366210938,86.0999984741211,83.19999694824219,84.16000366210938,6190800
2006-04-27,60.091041564941406,84.0999984741211,84.69999694824219,83.0999984741211,84.54000091552734,3906500
2006-04-28,59.626625061035156,83.44999694824219,84.66000366210938,83.01000213623047,84.27999877929688,3863800
2006-05-01,59.9195671081543,83.86000061035156,84.12000274658203,82.81999969482422,83.44999694824219,3928200
2006-05-02,60.96990203857422,85.33000183105469,85.81999969482422,83.86000061035156,84.26000213623047,3012300
2006-05-03,61.35575866699219,85.87000274658203,86.02999877929688,85.22000122070312,85.4000015258789,3040800
2006-05-04,61.905914306640625,86.63999938964844,87.1500015258789,85.80999755859375,85.88999938964844,3319700
2006-05-05,63.213504791259766,88.47000122070312,88.55000305175781,87.30000305175781,87.47000122070312,3349100
2006-05-08,62.5847053527832,87.58999633789062,89.30000305175781,87.36000061035156,88.4800033569336,3334800
2006-05-09,62.87052917480469,87.98999786376953,88.0,87.0999984741211,87.61000061035156,2231900
2006-05-10,63.766746520996094,88.94000244140625,89.58000183105469,87.6500015258789,88.0,3781600
2006-05-11,63.24336242675781,88.20999908447266,89.55000305175781,87.9000015258789,89.44999694824219,2652700
2006-05-12,62.38298416137695,87.01000213623047,89.01000213623047,86.94000244140625,88.20999908447266,2932000
2006-05-15,61.55848693847656,85.86000061035156,86.47000122070312,84.56999969482422,85.76000213623047,4170600
2006-05-16,61.945648193359375,86.4000015258789,86.9800033569336,85.3499984741211,85.88999938964844,3056600
2006-05-17,60.0600471496582,83.7699966430664,86.4000015258789,83.27999877929688,86.4000015258789,5267000
2006-05-18,59.31440734863281,82.7300033569336,84.83999633789062,82.5999984741211,84.25,3616900
2006-05-19,60.66228485107422,84.61000061035156,85.30000305175781,82.05999755859375,83.0,5575700
2006-05-22,61.45094299316406,85.70999908447266,86.02999877929688,84.0199966430664,84.45999908447266,4535100
2006-05-23,61.049434661865234,85.1500015258789,86.69999694824219,85.1500015258789,86.04000091552734,4044000
2006-05-24,59.06346130371094,82.37999725341797,85.1500015258789,81.62999725341797,84.97000122070312,6731600
2006-05-25,59.50080108642578,82.98999786376953,83.80000305175781,82.29000091552734,82.80000305175781,3295700
2006-05-26,59.866485595703125,83.5,83.80999755859375,83.05000305175781,83.5999984741211,2354600
2006-05-30,58.884239196777344,82.12999725341797,83.5,81.56999969482422,83.5,3935800
2006-05-31,59.687217712402344,83.25,83.44000244140625,81.20999908447266,81.20999908447266,3958200
2006-06-01,59.96681594848633,83.63999938964844,83.72000122070312,82.55000305175781,83.5999984741211,2373600
2006-06-02,60.08156204223633,83.80000305175781,84.58000183105469,83.16999816894531,84.0,3230300
2006-06-05,58.884239196777344,82.12999725341797,83.97000122070312,82.05999755859375,83.79000091552734,3421800
2006-06-06,57.82310104370117,80.6500015258789,82.33999633789062,79.47000122070312,82.0,6324700
2006-06-07,58.40382766723633,81.45999908447266,81.91999816894531,80.29000091552734,80.83000183105469,5014200
2006-06-08,58.210262298583984,81.19000244140625,81.83999633789062,79.01000213623047,81.45999908447266,7561100
2006-06-09,57.715576171875,80.5,81.98999786376953,80.0,81.94999694824219,3927800
2006-06-12,55.83711242675781,77.87999725341797,80.75,77.47000122070312,80.5999984741211,5244400
2006-06-13,55.19184494018555,76.9800033569336,77.87999725341797,76.4000015258789,77.7699966430664,5184100
2006-06-14,58.79817199707031,82.01000213623047,82.01000213623047,79.19999694824219,79.4000015258789,9857200
2006-06-15,60.80568313598633,84.80999755859375,85.12999725341797,82.01000213623047,82.01000213623047,8055900
2006-06-16,61.32905197143555,85.54000091552734,85.8499984741211,84.75,85.0999984741211,6019900
2006-06-19,60.769840240478516,84.76000213623047,86.2300033569336,84.30999755859375,85.6500015258789,4342100
2006-06-20,60.83435821533203,84.8499984741211,85.4800033569336,84.05000305175781,85.25,3094400
2006-06-21,61.55131912231445,85.8499984741211,86.08000183105469,84.9000015258789,84.9000015258789,3589600
2006-06-22,60.26795959472656,84.05999755859375,85.68000030517578,83.87999725341797,85.55000305175781,3631100
2006-06-23,59.78759002685547,83.38999938964844,84.4800033569336,83.16000366210938,84.05999755859375,3066100
2006-06-26,60.14607238769531,83.88999938964844,84.27999877929688,82.80000305175781,83.4800033569336,1930000
2006-06-27,58.740840911865234,81.93000030517578,84.19999694824219,81.76000213623047,83.8499984741211,3214200
2006-06-28,59.2498664855957,82.63999938964844,82.69000244140625,80.83000183105469,81.94000244140625,3171600
2006-06-29,59.50798034667969,83.0,83.5,81.27999877929688,82.63999938964844,5236500
2006-06-30,58.72649002075195,81.91000366210938,83.0,81.56999969482422,82.98999786376953,4470800
2006-07-03,58.28913879394531,81.30000305175781,81.66999816894531,80.94000244140625,81.3499984741211,1629300
2006-07-05,57.47895812988281,80.16999816894531,81.29000091552734,79.26000213623047,81.27999877929688,5662800
2006-07-06,57.93782043457031,80.80999755859375,80.9800033569336,80.0,80.2699966430664,3195900
2006-07-07,57.34990692138672,79.98999786376953,81.29000091552734,79.52999877929688,80.4000015258789,2586400
2006-07-10,57.60802459716797,80.3499984741211,81.25,80.02999877929688,80.02999877929688,2665800
2006-07-11,58.52573776245117,81.62999725341797,81.80999755859375,78.86000061035156,80.0999984741211,3821900
2006-07-12,58.0167121887207,80.91999816894531,81.94999694824219,80.37000274658203,81.44999694824219,2659200
2006-07-13,57.0631217956543,79.58999633789062,81.04000091552734,79.47000122070312,80.69999694824219,3609900
2006-07-14,55.38542556762695,77.25,79.5999984741211,76.88999938964844,79.58999633789062,5436600
2006-07-17,56.60428237915039,78.94999694824219,79.7699966430664,77.80000305175781,78.11000061035156,4515600
2006-07-18,56.76200485229492,79.16999816894531,80.26000213623047,77.97000122070312,79.5,4306900
2006-07-19,58.998924255371094,82.29000091552734,82.56999969482422,78.36000061035156,79.31999969482422,5065700
2006-07-20,57.851768493652344,80.69000244140625,83.0,80.62000274658203,82.9000015258789,4605700
2006-07-21,56.69749450683594,79.08000183105469,80.69000244140625,78.55999755859375,80.69000244140625,4032200
2006-07-24,58.38951110839844,81.44000244140625,81.61000061035156,79.43000030517578,79.44999694824219,4023600
2006-07-25,60.04570770263672,83.75,84.05999755859375,80.69999694824219,80.75,4557400
2006-07-26,57.28541564941406,79.9000015258789,82.36000061035156,79.5999984741211,82.18000030517578,6634600
2006-07-27,56.43221664428711,78.70999908447266,80.29000091552734,78.1500015258789,80.0,5202100
2006-07-28,56.575584411621094,78.91000366210938,80.0999984741211,78.69999694824219,79.4000015258789,4317100
2006-07-31,55.5073127746582,77.41999816894531,78.5199966430664,77.30000305175781,78.45999908447266,5519200
2006-08-01,56.04503631591797,78.16999816894531,78.27999877929688,76.5199966430664,77.41999816894531,4504200
2006-08-02,56.36768341064453,78.62000274658203,79.6500015258789,78.4000015258789,78.69999694824219,3784500
2006-08-03,56.92688751220703,79.4000015258789,79.88999938964844,77.41999816894531,77.87999725341797,3681200
2006-08-04,56.99142837524414,79.48999786376953,80.69999694824219,79.1500015258789,80.16000366210938,3598400
2006-08-07,57.17784118652344,79.75,79.94999694824219,78.62000274658203,79.0999984741211,3230500
2006-08-08,56.03068542480469,78.1500015258789,80.83000183105469,77.83999633789062,79.55000305175781,5676600
2006-08-09,55.53409957885742,77.16000366210938,79.0199966430664,76.70999908447266,78.25,4175500
2006-08-10,54.843143463134766,76.19999694824219,76.80000305175781,75.06999969482422,76.80000305175781,5609200
2006-08-11,54.670440673828125,75.95999908447266,76.76000213623047,75.66000366210938,76.22000122070312,3274000
2006-08-14,54.260169982910156,75.38999938964844,77.19000244140625,75.1500015258789,76.6500015258789,3772100
2006-08-15,55.11665725708008,76.58000183105469,76.69999694824219,75.69000244140625,76.0,3516300
2006-08-16,56.736053466796875,78.83000183105469,78.94999694824219,76.86000061035156,77.19999694824219,4181600
2006-08-17,56.56329345703125,78.58999633789062,79.43000030517578,77.87999725341797,78.83000183105469,2893300
2006-08-18,55.86515426635742,77.62000274658203,78.68000030517578,77.16000366210938,78.68000030517578,3426400
2006-08-21,55.15263366699219,76.62999725341797,77.62000274658203,76.51000213623047,77.62000274658203,2537600
2006-08-22,55.38296127319336,76.94999694824219,77.8499984741211,76.25,77.0,2632700
2006-08-23,54.95829772949219,76.36000061035156,77.55000305175781,76.06999969482422,77.0,2493900
2006-08-24,54.15220642089844,75.23999786376953,77.04000091552734,75.0,76.8499984741211,3307900
2006-08-25,53.20938491821289,73.93000030517578,75.5999984741211,73.55000305175781,75.23999786376953,4604300
2006-08-28,53.777957916259766,74.72000122070312,75.0199966430664,73.05000305175781,74.04000091552734,4744200
2006-08-29,53.101409912109375,73.77999877929688,75.98999786376953,72.9000015258789,75.95999908447266,7186000
2006-08-30,53.99387741088867,75.0199966430664,75.30000305175781,73.63999938964844,74.0,3850800
2006-08-31,53.90751647949219,74.9000015258789,75.58000183105469,74.75,74.75,3056900
2006-09-01,54.288944244384766,75.43000030517578,75.91000366210938,74.45999908447266,75.0,3275400
2006-09-05,54.23858642578125,75.36000061035156,76.30000305175781,75.05000305175781,75.75,2674100
2006-09-06,53.576446533203125,74.44000244140625,75.55000305175781,74.19999694824219,75.36000061035156,3042700
2006-09-07,52.44646453857422,72.87000274658203,74.44000244140625,72.76000213623047,74.44000244140625,4272900
2006-09-08,52.396087646484375,72.80000305175781,73.62000274658203,72.16999816894531,73.30000305175781,4956300
2006-09-11,53.13019943237305,73.81999969482422,74.12999725341797,72.12999725341797,72.12999725341797,3535300
2006-09-12,53.44688034057617,74.26000213623047,74.37999725341797,73.61000061035156,73.79000091552734,3314800
2006-09-13,54.92952346801758,76.31999969482422,76.48999786376953,74.36000061035156,74.36000061035156,4886400
2006-09-14,53.98667907714844,75.01000213623047,75.63999938964844,74.6500015258789,75.06999969482422,5230800
2006-09-15,53.98667907714844,75.01000213623047,76.0,74.7300033569336,75.55999755859375,4108100
2006-09-18,54.13064956665039,75.20999908447266,75.63999938964844,74.80000305175781,75.0999984741211,2407200
2006-09-19,53.885929107666016,74.87000274658203,75.5,74.1500015258789,75.3499984741211,2351900
2006-09-20,54.835975646972656,76.19000244140625,76.4000015258789,75.51000213623047,75.51000213623047,4003700
2006-09-21,54.77838897705078,76.11000061035156,77.2699966430664,75.75,77.05000305175781,4435500
2006-09-22,55.598854064941406,77.25,77.7699966430664,75.73999786376953,76.19999694824219,4682000
2006-09-25,55.929927825927734,77.70999908447266,78.55000305175781,77.37000274658203,77.69999694824219,4622000
2006-09-26,56.858375549316406,79.0,79.29000091552734,77.37000274658203,78.1500015258789,4247500
2006-09-27,57.153480529785156,79.41000366210938,79.95999908447266,79.16999816894531,79.16999816894531,4288800
2006-09-28,57.059906005859375,79.27999877929688,80.3499984741211,79.25,79.56999969482422,4449700
2006-09-29,56.75041961669922,78.8499984741211,79.75,78.79000091552734,79.5,4041900
2006-10-02,57.556522369384766,79.97000122070312,80.27999877929688,78.83999633789062,79.3499984741211,5727300
2006-10-03,58.85921859741211,81.77999877929688,82.08999633789062,79.9800033569336,79.9800033569336,5901700
2006-10-04,60.428218841552734,83.95999908447266,83.9800033569336,82.01000213623047,82.5,7232700
2006-10-05,60.18352508544922,83.62000274658203,84.12000274658203,83.05999755859375,83.97000122070312,3688200
2006-10-06,60.2266960144043,83.68000030517578,84.38999938964844,83.13999938964844,83.62000274658203,3649900
2006-10-09,59.485374450683594,82.6500015258789,83.87000274658203,82.47000122070312,83.69000244140625,4452000
2006-10-10,59.11112976074219,82.12999725341797,82.66999816894531,81.80000305175781,82.5,4005000
2006-10-11,58.75846862792969,81.63999938964844,82.0,80.88999938964844,81.94999694824219,3258000
2006-10-12,60.19792938232422,83.63999938964844,83.86000061035156,82.0999984741211,82.19999694824219,4129800
2006-10-13,59.29827117919922,82.38999938964844,83.3499984741211,81.81999969482422,83.25,4005200
2006-10-16,59.49260330200195,82.66000366210938,82.8499984741211,81.80999755859375,82.38999938964844,2472600
2006-10-17,59.226287841796875,82.29000091552734,82.44999694824219,81.5,82.44999694824219,2918200
2006-10-18,59.55014419555664,82.73999786376953,83.45999908447266,81.94999694824219,82.5199966430664,3796200
2006-10-19,59.31266784667969,82.41000366210938,82.95999908447266,81.7699966430664,82.73999786376953,2425200
2006-10-20,58.830467224121094,81.73999786376953,82.9000015258789,81.69999694824219,82.9000015258789,3017200
2006-10-23,59.59337615966797,82.80000305175781,82.83999633789062,81.5,81.7300033569336,2818000
2006-10-24,60.16190719604492,83.58999633789062,83.88999938964844,82.72000122070312,83.0999984741211,3815100
2006-10-25,58.19707489013672,80.86000061035156,82.5999984741211,80.5999984741211,82.5999984741211,7074000
2006-10-26,56.959144592285156,79.13999938964844,80.75,77.7699966430664,80.75,10621400
2006-10-27,57.39096450805664,79.73999786376953,80.4000015258789,78.5199966430664,79.16999816894531,6880400
2006-10-30,57.736454010009766,80.22000122070312,81.04000091552734,80.01000213623047,80.25,3739800
2006-10-31,57.47734832763672,79.86000061035156,80.5999984741211,79.30999755859375,80.5999984741211,3943800
2006-11-01,57.62128448486328,80.05999755859375,80.75,79.72000122070312,80.01000213623047,3180100
2006-11-02,57.00233459472656,79.19999694824219,80.4000015258789,79.11000061035156,80.05999755859375,4044600
2006-11-03,57.556522369384766,79.97000122070312,80.3499984741211,79.38999938964844,79.47000122070312,2706700
2006-11-06,57.9235725402832,80.4800033569336,80.87000274658203,79.9800033569336,79.9800033569336,3082600
2006-11-07,61.068790435791016,84.8499984741211,84.9800033569336,80.5999984741211,80.7300033569336,11846400
2006-11-08,61.71883010864258,85.44999694824219,85.87000274658203,83.52999877929688,84.25,8496700
2006-11-09,61.47327423095703,85.11000061035156,86.5,85.05000305175781,85.75,6147800
2006-11-10,61.841617584228516,85.62000274658203,86.9800033569336,85.44000244140625,86.4000015258789,5496600
2006-11-13,61.892173767089844,85.69000244140625,86.33999633789062,85.29000091552734,85.69999694824219,3360100
2006-11-14,61.92829895019531,85.73999786376953,86.08999633789062,84.76000213623047,85.69000244140625,3463100
2006-11-15,62.89615249633789,87.08000183105469,87.58000183105469,86.3499984741211,86.4000015258789,5850900
2006-11-16,64.07347106933594,88.70999908447266,89.43000030517578,87.5,87.91999816894531,6966900
2006-11-17,64.65853118896484,89.5199966430664,89.62999725341797,88.56999969482422,89.05000305175781,5748600
2006-11-20,64.36959838867188,89.12000274658203,89.22000122070312,88.62000274658203,89.05000305175781,5571500
2006-11-21,65.7997055053711,91.0999984741211,92.05000305175781,89.56999969482422,89.8499984741211,8516400
2006-11-22,65.07745361328125,90.0999984741211,91.58999633789062,89.77999877929688,91.0999984741211,4480800
2006-11-24,64.83909606933594,89.7699966430664,90.08000183105469,89.1500015258789,89.25,1213700
2006-11-27,63.105613708496094,87.37000274658203,90.02999877929688,86.94999694824219,90.0,6282300
2006-11-28,63.517295837402344,87.94000244140625,88.73999786376953,87.05000305175781,88.1500015258789,4950600
2006-11-29,64.2034683227539,88.88999938964844,89.44999694824219,87.93000030517578,88.23999786376953,4427600
2006-11-30,63.943450927734375,88.52999877929688,89.44000244140625,87.0999984741211,89.0999984741211,4194000
2006-12-01,64.68018341064453,89.55000305175781,90.05000305175781,88.6500015258789,89.5999984741211,5154400
2006-12-04,64.70187377929688,89.58000183105469,90.5999984741211,89.41999816894531,89.55000305175781,3492900
2006-12-05,65.53245544433594,90.7300033569336,91.0999984741211,89.16999816894531,89.58999633789062,4385100
2006-12-06,65.60469818115234,90.83000183105469,91.8499984741211,90.76000213623047,91.5999984741211,4214800
2006-12-07,65.01244354248047,90.01000213623047,91.6500015258789,89.75,91.30000305175781,3784500
2006-12-08,65.0990982055664,90.12999725341797,90.72000122070312,89.52999877929688,90.06999969482422,2796300
2006-12-11,64.84632110595703,89.77999877929688,90.19999694824219,89.5199966430664,89.7699966430664,2365000
2006-12-12,65.22913360595703,90.30999755859375,90.75,89.75,90.02999877929688,3634800
2006-12-13,64.71630859375,89.5999984741211,90.98999786376953,89.38999938964844,90.81999969482422,3695000
2006-12-14,64.95464324951172,89.93000030517578,90.12999725341797,89.08000183105469,89.30000305175781,3510400
2006-12-15,65.51080322265625,90.69999694824219,90.9000015258789,90.16999816894531,90.16999816894531,5305000
2006-12-18,64.6874008178711,89.55999755859375,90.9000015258789,89.41000366210938,90.75,2626500
2006-12-19,65.12799835205078,90.16999816894531,90.44000244140625,88.97000122070312,89.0,2628900
2006-12-20,65.07745361328125,90.0999984741211,90.5999984741211,89.18000030517578,90.18000030517578,3296000
2006-12-21,64.96188354492188,89.94000244140625,90.4000015258789,89.45999908447266,89.80000305175781,2834600
2006-12-22,64.10957336425781,88.76000213623047,89.66999816894531,88.3499984741211,89.6500015258789,2511700
2006-12-26,64.13126373291016,88.79000091552734,89.0,88.3499984741211,88.94999694824219,1566200
2006-12-27,64.19627380371094,88.87999725341797,89.44999694824219,88.73999786376953,89.1500015258789,2007400
2006-12-28,64.28292083740234,89.0,89.19999694824219,88.41000366210938,88.8499984741211,1274600
2006-12-29,64.16737365722656,88.83999633789062,89.45999908447266,88.75,89.25,1780300
2007-01-03,64.40571594238281,89.16999816894531,90.30000305175781,88.44999694824219,88.9000015258789,4871700
2007-01-04,64.66571807861328,89.52999877929688,89.83000183105469,87.01000213623047,88.33999633789062,2718900
2007-01-05,64.39130401611328,89.1500015258789,90.0,88.5,89.77999877929688,3285900
2007-01-08,64.23960876464844,88.94000244140625,89.41000366210938,87.55999755859375,88.61000061035156,2989000
2007-01-09,63.560638427734375,88.0,89.70999908447266,87.55999755859375,88.93000030517578,4193800
2007-01-10,64.47794342041016,89.2699966430664,89.33999633789062,88.0,88.04000091552734,3955200
2007-01-11,64.16737365722656,88.83999633789062,89.2699966430664,88.31999969482422,88.97000122070312,4048600
2007-01-12,63.6545524597168,88.12999725341797,88.8499984741211,87.5,88.54000091552734,3890500
2007-01-16,63.560638427734375,88.0,88.51000213623047,87.30000305175781,88.25,5537800
2007-01-17,64.16014099121094,88.83000183105469,89.54000091552734,87.22000122070312,88.0199966430664,4501400
2007-01-18,63.560638427734375,88.0,89.37999725341797,87.76000213623047,89.12999725341797,3348000
2007-01-19,64.01566314697266,88.62999725341797,89.0999984741211,87.80000305175781,88.44999694824219,4368900
2007-01-22,61.82715606689453,85.5999984741211,87.86000061035156,84.81999969482422,87.51000213623047,8426800
2007-01-23,63.09840393066406,87.36000061035156,88.18000030517578,85.0,85.01000213623047,6559700
2007-01-24,63.27175521850586,87.5999984741211,87.76000213623047,86.5199966430664,87.3499984741211,3368600
2007-01-25,62.23164749145508,86.16000366210938,87.45999908447266,86.0,87.30000305175781,2850300
2007-01-26,61.70436096191406,85.43000030517578,86.25,84.5999984741211,86.0,5149400
2007-01-29,61.754947662353516,85.5,86.0,85.0,85.05000305175781,3116500
2007-01-30,62.116111755371094,86.0,86.5999984741211,85.55000305175781,85.75,3151100
2007-01-31,64.6874008178711,89.55999755859375,90.33999633789062,89.0,89.30000305175781,11568600
2007-02-01,65.76361083984375,91.05000305175781,92.23999786376953,89.7300033569336,89.94999694824219,6622200
2007-02-02,65.04131317138672,90.05000305175781,91.4800033569336,89.94999694824219,91.05000305175781,5098100
2007-02-05,65.52527618408203,90.72000122070312,91.41999816894531,90.30999755859375,90.44999694824219,3028600
2007-02-06,65.71305847167969,90.9800033569336,91.0,89.9000015258789,91.0,3521700
2007-02-07,65.51004028320312,90.3499984741211,91.19999694824219,89.69999694824219,90.58999633789062,2813600
2007-02-08,64.90824127197266,89.5199966430664,90.36000061035156,88.55000305175781,89.63999938964844,5155600
2007-02-09,65.25623321533203,90.0,90.30000305175781,89.02999877929688,89.3499984741211,4282800
2007-02-12,64.67617797851562,89.19999694824219,89.88999938964844,88.77999877929688,89.55000305175781,3449200
2007-02-13,64.74144744873047,89.29000091552734,89.37000274658203,88.30000305175781,89.19999694824219,3009800
2007-02-14,65.21273803710938,89.94000244140625,90.16999816894531,89.2699966430664,89.2699966430664,3865800
2007-02-15,66.4961166381836,91.70999908447266,91.80000305175781,89.86000061035156,90.0199966430664,5702200
2007-02-16,65.93782043457031,90.94000244140625,92.0,90.7300033569336,91.9800033569336,4545500
2007-02-20,66.0030746459961,91.02999877929688,91.69000244140625,89.83999633789062,91.5,3940500
2007-02-21,65.95231628417969,90.95999908447266,92.0,90.05000305175781,90.30000305175781,4971700
2007-02-22,65.67681121826172,90.58000183105469,91.93000030517578,90.2699966430664,91.0999984741211,3176500
2007-02-23,65.45928192138672,90.27999877929688,90.8499984741211,90.0,90.20999908447266,2341700
2007-02-26,64.48043060302734,88.93000030517578,90.7300033569336,88.55999755859375,90.4800033569336,4537900
2007-02-27,63.22605514526367,87.19999694824219,88.69999694824219,85.23999786376953,88.0,5937900
2007-02-28,63.26956558227539,87.26000213623047,88.41000366210938,86.05000305175781,87.4000015258789,6093600
2007-03-01,63.69736862182617,87.8499984741211,88.80000305175781,85.91000366210938,86.5999984741211,5151800
2007-03-02,63.102787017822266,87.02999877929688,88.54000091552734,87.01000213623047,87.87000274658203,4307200
2007-03-05,63.09555435180664,87.0199966430664,88.19000244140625,86.38999938964844,86.95999908447266,3783200
2007-03-06,63.67560958862305,87.81999969482422,88.02999877929688,87.05000305175781,88.02999877929688,3321800
2007-03-07,64.32091522216797,88.70999908447266,89.25,87.81999969482422,87.81999969482422,5205900
2007-03-08,64.45140838623047,88.88999938964844,89.66999816894531,88.61000061035156,88.9800033569336,2811500
2007-03-09,64.90096282958984,89.51000213623047,90.08999633789062,89.13999938964844,89.69999694824219,2820600
2007-03-12,66.1263427734375,91.19999694824219,91.87000274658203,89.0,89.0,5964200
2007-03-13,64.85746002197266,89.44999694824219,91.0999984741211,89.44999694824219,90.9000015258789,5247800
2007-03-14,65.24175262451172,89.9800033569336,90.30000305175781,88.52999877929688,89.44999694824219,4027900
2007-03-15,66.01032257080078,91.04000091552734,91.05999755859375,89.56999969482422,89.9800033569336,3513900
2007-03-16,65.25623321533203,90.0,91.04000091552734,89.68000030517578,91.04000091552734,5815100
2007-03-19,65.48829650878906,90.31999969482422,90.94999694824219,89.9000015258789,90.5,3568400
2007-03-20,65.37226867675781,90.16000366210938,90.93000030517578,90.0199966430664,90.31999969482422,3485800
2007-03-21,65.83633422851562,90.80000305175781,90.94999694824219,89.44999694824219,90.16000366210938,4230100
2007-03-22,65.66956329345703,90.56999969482422,90.80000305175781,89.87999725341797,90.4000015258789,3561600
2007-03-23,65.96685028076172,90.9800033569336,91.30999755859375,89.79000091552734,89.79000091552734,2304700
2007-03-26,65.85807037353516,90.83000183105469,90.94000244140625,89.83999633789062,90.87999725341797,3273000
2007-03-27,65.63325500488281,90.5199966430664,91.0,90.0,90.5999984741211,2687900
2007-03-28,64.85746002197266,89.44999694824219,90.41000366210938,89.01000213623047,90.27999877929688,4497400
2007-03-29,65.08221435546875,89.76000213623047,90.54000091552734,89.16000366210938,90.11000061035156,3520500
2007-03-30,64.46591186523438,88.91000366210938,90.06999969482422,88.6500015258789,89.62000274658203,4588200
2007-04-02,64.40789794921875,88.83000183105469,89.01000213623047,88.08000183105469,88.9000015258789,3440200
2007-04-03,65.18373107910156,89.9000015258789,90.23999786376953,89.08999633789062,89.31999969482422,3931000
2007-04-04,65.45201873779297,90.2699966430664,90.61000061035156,89.80000305175781,89.91000366210938,2553900
2007-04-05,65.6187744140625,90.5,90.73999786376953,90.19999694824219,90.19999694824219,2997800
2007-04-09,65.27801513671875,90.02999877929688,90.97000122070312,90.0199966430664,90.97000122070312,3155400
2007-04-10,65.86530303955078,90.83999633789062,90.87000274658203,89.94999694824219,89.94999694824219,2860400
2007-04-11,65.23450469970703,89.97000122070312,90.98999786376953,89.6500015258789,90.9000015258789,3460000
2007-04-12,65.87252807617188,90.8499984741211,90.86000061035156,89.4000015258789,89.9800033569336,2635300
2007-04-13,66.0030746459961,91.02999877929688,91.0999984741211,90.18000030517578,91.0999984741211,3035700
2007-04-16,65.48103332519531,90.30999755859375,91.27999877929688,89.93000030517578,91.0,3747800
2007-04-17,65.58251953125,90.44999694824219,91.13999938964844,90.05000305175781,90.30000305175781,3926800
2007-04-18,68.06951904296875,93.87999725341797,94.16999816894531,90.33999633789062,90.44999694824219,9490500
2007-04-19,67.4242172241211,92.98999786376953,94.75,92.76000213623047,93.48999786376953,6192000
2007-04-20,67.6417236328125,93.29000091552734,94.12000274658203,93.05999755859375,93.7699966430664,6035200
2007-04-23,67.8955078125,93.63999938964844,94.23999786376953,93.30999755859375,94.0999984741211,4900400
2007-04-24,67.9172592163086,93.66999816894531,94.95999908447266,93.37000274658203,94.9000015258789,5754000
2007-04-25,68.65682220458984,94.69000244140625,94.75,92.75,94.63999938964844,7745700
2007-04-26,68.34508514404297,94.26000213623047,95.58000183105469,94.04000091552734,94.54000091552734,4838400
2007-04-27,68.17105102539062,94.0199966430664,94.3499984741211,93.27999877929688,94.25,3526800
2007-04-30,67.43144989013672,93.0,94.11000061035156,92.8499984741211,94.0199966430664,3751400
2007-05-01,67.59822845458984,93.2300033569336,93.6500015258789,92.5,93.1500015258789,3241600
2007-05-02,68.03326416015625,93.83000183105469,94.45999908447266,92.83999633789062,93.08000183105469,3425000
2007-05-03,68.04776000976562,93.8499984741211,94.48999786376953,93.5,94.08000183105469,3065900
2007-05-04,67.87374114990234,93.61000061035156,94.37999725341797,93.12000274658203,94.3499984741211,3056000
2007-05-07,68.56259155273438,94.55999755859375,95.0,93.6500015258789,93.80000305175781,4018400
2007-05-08,68.3088150024414,94.20999908447266,94.41000366210938,93.69999694824219,94.41000366210938,4427700
2007-05-09,68.46891021728516,94.08000183105469,94.2699966430664,93.3499984741211,93.87000274658203,3009800
2007-05-10,67.53736114501953,92.80000305175781,94.16000366210938,92.69999694824219,93.75,2664000
2007-05-11,67.9740219116211,93.4000015258789,94.2300033569336,92.37999725341797,92.80999755859375,2702200
2007-05-14,68.09046936035156,93.55999755859375,94.13999938964844,93.31999969482422,93.4000015258789,2075400
2007-05-15,68.65812683105469,94.33999633789062,95.44999694824219,93.79000091552734,93.9800033569336,5005900
2007-05-16,69.38589477539062,95.33999633789062,95.45999908447266,94.5,94.5,4112600
2007-05-17,70.44117736816406,96.79000091552734,97.18000030517578,95.2300033569336,95.33999633789062,4858600
2007-05-18,70.3247299194336,96.62999725341797,97.5,96.2699966430664,97.06999969482422,4234600
2007-05-21,70.52125549316406,96.9000015258789,97.73999786376953,96.25,96.41999816894531,4525300
2007-05-22,70.21556091308594,96.4800033569336,97.5999984741211,96.36000061035156,97.23999786376953,3783900
2007-05-23,69.55330657958984,95.56999969482422,96.44999694824219,95.36000061035156,95.94999694824219,4563700
2007-05-24,70.89968872070312,97.41999816894531,98.83999633789062,95.75,95.9000015258789,7449900
2007-05-25,71.50372314453125,98.25,98.63999938964844,97.37999725341797,98.30000305175781,3249200
2007-05-29,71.6856689453125,98.5,99.19999694824219,97.95999908447266,98.5199966430664,3295500
2007-05-30,73.1776123046875,100.55000305175781,100.63999938964844,98.30000305175781,98.47000122070312,5798300
2007-05-31,73.20672607421875,100.58999633789062,100.95999908447266,100.47000122070312,100.69000244140625,4235500
2007-06-01,72.65361022949219,99.83000183105469,101.44999694824219,99.44999694824219,101.44999694824219,4057000
2007-06-04,72.76274108886719,99.9800033569336,101.0,99.5,101.0,2718900
2007-06-05,72.41346740722656,99.5,99.95999908447266,98.83999633789062,99.94000244140625,3276300
2007-06-06,71.53282165527344,98.29000091552734,99.19999694824219,97.69000244140625,98.97000122070312,3428800
2007-06-07,70.47754669189453,96.83999633789062,99.08999633789062,96.80999755859375,98.29000091552734,4713100
2007-06-08,71.46005249023438,98.19000244140625,98.22000122070312,95.91000366210938,96.69999694824219,3951500
2007-06-11,70.99427032470703,97.55000305175781,98.79000091552734,97.41999816894531,98.25,3345300
2007-06-12,70.21556091308594,96.4800033569336,97.58999633789062,96.12000274658203,97.55000305175781,5023400
2007-06-13,71.66382598876953,98.47000122070312,98.55000305175781,96.91999816894531,97.12000274658203,5333300
2007-06-14,72.0277099609375,98.97000122070312,99.5,98.7300033569336,99.0,3436000
2007-06-15,71.43095397949219,98.1500015258789,100.0,97.93000030517578,99.5199966430664,7178100
2007-06-18,70.88514709472656,97.4000015258789,98.58000183105469,97.29000091552734,98.02999877929688,4109300
2007-06-19,70.53578186035156,96.91999816894531,98.23999786376953,96.51000213623047,97.4000015258789,5120200
2007-06-20,69.92446899414062,96.08000183105469,97.72000122070312,96.01000213623047,97.0999984741211,4733900
2007-06-21,70.73954772949219,97.19999694824219,97.19999694824219,95.16999816894531,96.08000183105469,6288900
2007-06-22,69.80802917480469,95.91999816894531,96.9000015258789,95.5999984741211,96.63999938964844,5358900
2007-06-25,69.55330657958984,95.56999969482422,96.56999969482422,94.80000305175781,96.0,4334800
2007-06-26,69.12389373779297,94.9800033569336,96.47000122070312,94.87000274658203,95.4000015258789,4364100
2007-06-27,68.88375854492188,94.6500015258789,94.9000015258789,93.58000183105469,94.30999755859375,4492500
2007-06-28,69.25487518310547,95.16000366210938,95.58999633789062,94.26000213623047,95.0,3507700
2007-06-29,69.98265838623047,96.16000366210938,96.33999633789062,95.25,95.36000061035156,5786300
2007-07-02,70.42659759521484,96.7699966430664,97.05000305175781,96.2699966430664,96.72000122070312,2818400
2007-07-03,71.06707000732422,97.6500015258789,98.05999755859375,96.80000305175781,96.80000305175781,2132000
2007-07-05,71.58375549316406,98.36000061035156,98.4800033569336,97.2300033569336,97.5199966430664,2569600
2007-07-06,71.96221923828125,98.87999725341797,99.22000122070312,98.0199966430664,98.12999725341797,2591000
2007-07-09,72.70455169677734,99.9000015258789,101.31999969482422,99.5999984741211,100.98999786376953,5717500
2007-07-10,72.95928955078125,100.25,100.66000366210938,99.62999725341797,100.5999984741211,6681400
2007-07-11,72.8646469116211,100.12000274658203,100.83000183105469,99.55999755859375,100.4800033569336,4608100
2007-07-12,73.34498596191406,100.77999877929688,100.81999969482422,99.76000213623047,100.5,4571200
2007-07-13,74.14550018310547,101.87999725341797,102.43000030517578,100.5999984741211,101.18000030517578,4249800
2007-07-16,74.2838134765625,102.06999969482422,102.16999816894531,101.0,102.0,3406800
2007-07-17,74.26929473876953,102.05000305175781,102.7300033569336,101.4000015258789,101.91000366210938,3352800
2007-07-18,74.10185241699219,101.81999969482422,102.75,100.88999938964844,101.8499984741211,4331000
2007-07-19,74.58221435546875,102.4800033569336,102.81999969482422,101.62999725341797,101.62999725341797,2603200
2007-07-20,75.5865249633789,103.86000061035156,104.41999816894531,102.3499984741211,102.80000305175781,6651100
2007-07-23,75.717529296875,104.04000091552734,104.55000305175781,103.22000122070312,104.4800033569336,4041200
2007-07-24,75.54283142089844,103.80000305175781,105.66999816894531,103.33999633789062,103.44999694824219,5535100
2007-07-25,78.03912353515625,107.2300033569336,107.83000183105469,106.37999725341797,106.9800033569336,10402700
2007-07-26,75.47007751464844,103.69999694824219,106.80000305175781,102.2300033569336,106.05999755859375,10480300
2007-07-27,75.47736358642578,103.70999908447266,106.38999938964844,103.5999984741211,103.5999984741211,7753200
2007-07-30,76.8092041015625,105.54000091552734,106.1500015258789,104.0,104.5999984741211,6300600
2007-07-31,75.27356719970703,103.43000030517578,106.54000091552734,103.30999755859375,106.54000091552734,6895500
2007-08-01,76.07412719726562,104.52999877929688,104.83999633789062,103.0,103.02999877929688,6943900
2007-08-02,77.09300994873047,105.93000030517578,106.0,104.51000213623047,105.0199966430664,4755700
2007-08-03,75.86308288574219,104.23999786376953,106.3499984741211,104.22000122070312,105.5,5466600
2007-08-06,75.93583679199219,104.33999633789062,104.8499984741211,102.08999633789062,104.48999786376953,6308200
2007-08-07,75.12076568603516,103.22000122070312,104.12000274658203,102.30000305175781,103.69999694824219,5250000
2007-08-08,75.01123046875,102.72000122070312,104.19000244140625,100.70999908447266,103.0999984741211,5820700
2007-08-09,71.78352355957031,98.30000305175781,102.2300033569336,98.0199966430664,100.79000091552734,8723900
2007-08-10,71.88575744628906,98.44000244140625,98.51000213623047,94.0,96.94999694824219,11406200
2007-08-13,73.06143188476562,100.05000305175781,100.91000366210938,99.25,99.45999908447266,6144600
2007-08-14,71.29423522949219,97.62999725341797,100.72000122070312,97.4000015258789,100.33000183105469,4854400
2007-08-15,69.74609375,95.51000213623047,98.80000305175781,95.20999908447266,97.0,5327200
2007-08-16,67.72332763671875,92.73999786376953,95.19999694824219,90.08000183105469,95.19999694824219,14712700
2007-08-17,70.05282592773438,95.93000030517578,97.7300033569336,94.63999938964844,94.79000091552734,8418600
2007-08-20,70.98753356933594,97.20999908447266,97.54000091552734,94.75,96.26000213623047,4813500
2007-08-21,70.79766845703125,96.94999694824219,97.23999786376953,96.06999969482422,96.83000183105469,3254700
2007-08-22,71.55712127685547,97.98999786376953,98.8499984741211,97.0,97.5,4185600
2007-08-23,70.6443099975586,96.73999786376953,98.94999694824219,96.22000122070312,98.94999694824219,4377100
2007-08-24,71.90765380859375,98.47000122070312,98.5999984741211,96.62999725341797,96.77999877929688,4350400
2007-08-27,71.95877075195312,98.54000091552734,98.94999694824219,97.12999725341797,98.06999969482422,3269800
2007-08-28,69.84835052490234,95.6500015258789,98.37999725341797,95.44000244140625,97.98999786376953,5336300
2007-08-29,70.76118469238281,96.9000015258789,97.55000305175781,95.83999633789062,96.5,5131700
2007-08-30,70.72466278076172,96.8499984741211,97.66999816894531,95.93000030517578,96.73999786376953,4113700
2007-08-31,70.6151123046875,96.69999694824219,98.58000183105469,96.69999694824219,98.0,3963100
2007-09-04,70.04551696777344,95.91999816894531,96.30999755859375,94.9000015258789,96.0999984741211,6767100
2007-09-05,69.98710632324219,95.83999633789062,97.73999786376953,94.0199966430664,95.19999694824219,10775200
2007-09-06,70.24998474121094,96.19999694824219,96.23999786376953,94.5,95.54000091552734,6660000
2007-09-07,69.2568588256836,94.83999633789062,96.0999984741211,94.66000366210938,95.19999694824219,5669400
2007-09-10,69.61466217041016,95.33000183105469,95.94000244140625,94.05000305175781,95.01000213623047,4741900
2007-09-11,71.15550994873047,97.44000244140625,97.87000274658203,95.5199966430664,95.9800033569336,4804700
2007-09-12,71.79813385009766,98.31999969482422,98.7300033569336,97.0,97.20999908447266,4407400
2007-09-13,72.25820922851562,98.94999694824219,99.37000274658203,98.3499984741211,98.5999984741211,3993400
2007-09-14,72.55028533935547,99.3499984741211,99.58000183105469,98.0199966430664,98.4000015258789,4217500
2007-09-17,72.03178405761719,98.63999938964844,99.7300033569336,98.06999969482422,98.80000305175781,3788300
2007-09-18,71.90765380859375,98.47000122070312,98.81999969482422,96.44000244140625,98.5999984741211,9975300
2007-09-19,73.03955078125,100.0199966430664,100.70999908447266,99.05000305175781,99.4000015258789,6915400
2007-09-20,73.937744140625,101.25,101.3499984741211,99.94000244140625,99.94000244140625,4723000
2007-09-21,74.91626739501953,102.58999633789062,103.2300033569336,101.25,102.3499984741211,6631000
2007-09-24,75.25221252441406,103.05000305175781,103.76000213623047,102.4000015258789,103.0,4912900
2007-09-25,76.62507629394531,104.93000030517578,105.0199966430664,102.54000091552734,102.73999786376953,5031100
2007-09-26,76.27455139160156,104.44999694824219,105.9800033569336,103.25,105.30000305175781,5036800
2007-09-27,77.01209259033203,105.45999908447266,106.1500015258789,104.0,104.44999694824219,3984200
2007-09-28,76.66887664794922,104.98999786376953,105.95999908447266,104.2300033569336,105.19999694824219,4549500
2007-10-01,77.88108825683594,106.6500015258789,107.0,105.22000122070312,105.44999694824219,3675700
2007-10-02,77.35530090332031,105.93000030517578,107.1500015258789,105.2699966430664,106.62000274658203,4595400
2007-10-03,76.4717025756836,104.72000122070312,105.7300033569336,104.25,105.33000183105469,3655500
2007-10-04,76.31103515625,104.5,105.69999694824219,104.44999694824219,105.1500015258789,3450900
2007-10-05,74.66799926757812,102.25,105.5,101.08999633789062,105.4000015258789,8306000
2007-10-08,73.80631256103516,101.06999969482422,103.26000213623047,100.6500015258789,103.26000213623047,5318900
2007-10-09,74.08379364013672,101.44999694824219,101.76000213623047,99.66000366210938,101.31999969482422,5564600
2007-10-10,72.06099700927734,98.68000030517578,102.4000015258789,97.04000091552734,100.88999938964844,25303300
2007-10-11,70.2938003540039,96.26000213623047,99.58000183105469,94.95999908447266,99.5,13195900
2007-10-12,70.60783386230469,96.69000244140625,97.58999633789062,95.41999816894531,96.11000061035156,9506400
2007-10-15,69.24952697753906,94.83000183105469,96.5,94.44999694824219,95.9800033569336,8073500
2007-10-16,70.06015014648438,95.94000244140625,96.33999633789062,93.02999877929688,94.5,9845700
2007-10-17,69.80452728271484,95.58999633789062,97.05000305175781,94.62999725341797,96.5199966430664,8097500
2007-10-18,70.79036712646484,96.94000244140625,97.1500015258789,94.80000305175781,95.36000061035156,6762300
2007-10-19,68.57040405273438,93.9000015258789,97.0,93.79000091552734,96.54000091552734,9205200
2007-10-22,69.32257843017578,94.93000030517578,95.04000091552734,92.5999984741211,93.16000366210938,7938900
2007-10-23,69.33719635009766,94.94999694824219,95.95999908447266,94.16000366210938,95.76000213623047,6109100
2007-10-24,68.83331298828125,94.26000213623047,96.08000183105469,93.0199966430664,95.69000244140625,9715600
2007-10-25,70.10395812988281,96.0,98.97000122070312,92.0,94.87999725341797,8169100
2007-10-26,70.11852264404297,96.0199966430664,96.55000305175781,95.05000305175781,96.25,5185400
2007-10-29,70.82685852050781,96.98999786376953,97.5999984741211,95.56999969482422,95.77999877929688,8932800
2007-10-30,71.07515716552734,97.33000183105469,98.5999984741211,97.0,97.25,7543500
2007-10-31,71.99526977539062,98.58999633789062,98.70999908447266,97.33000183105469,98.1500015258789,5940300
2007-11-01,70.54210662841797,96.5999984741211,98.48999786376953,96.5,98.30000305175781,6408600
2007-11-02,71.38919067382812,97.76000213623047,97.87999725341797,96.33999633789062,96.62000274658203,5610600
2007-11-05,71.5425033569336,97.97000122070312,98.66999816894531,96.51000213623047,97.58999633789062,4459200
2007-11-06,71.34537506103516,97.69999694824219,98.43000030517578,96.94000244140625,98.0,4090000
2007-11-07,71.00824737548828,96.88999938964844,97.98999786376953,96.11000061035156,97.0,5730700
2007-11-08,70.56119537353516,96.27999877929688,97.25,94.9000015258789,96.97000122070312,6991700
2007-11-09,69.04414367675781,94.20999908447266,95.75,94.06999969482422,95.08000183105469,6131900
2007-11-12,68.05474090576172,92.86000061035156,94.41000366210938,92.69999694824219,94.25,6382400
2007-11-13,68.6703872680664,93.69999694824219,94.1500015258789,92.87000274658203,93.83000183105469,6512000
2007-11-14,68.00344848632812,92.79000091552734,94.25,92.5,94.13999938964844,6536800
2007-11-15,66.94076538085938,91.33999633789062,92.86000061035156,90.97000122070312,91.45999908447266,6693600
2007-11-16,65.95140075683594,89.98999786376953,92.05000305175781,89.44999694824219,92.0,9249100
2007-11-19,64.69085693359375,88.2699966430664,89.91999816894531,88.12000274658203,89.5999984741211,9344800
2007-11-20,64.39038848876953,87.86000061035156,88.94999694824219,86.91999816894531,88.30999755859375,8743700
2007-11-21,64.06060791015625,87.41000366210938,88.5,86.75,86.77999877929688,7088200
2007-11-23,65.62164306640625,89.54000091552734,89.66000366210938,88.06999969482422,88.5,3317300
2007-11-26,65.90743255615234,89.93000030517578,92.38999938964844,89.86000061035156,90.5,7087900
2007-11-27,67.22660064697266,91.7300033569336,92.55000305175781,90.5199966430664,90.56999969482422,7092300
2007-11-28,68.60441589355469,93.61000061035156,93.83000183105469,91.76000213623047,92.61000061035156,6937100
2007-11-29,68.31124877929688,93.20999908447266,94.2699966430664,92.61000061035156,93.61000061035156,4692100
2007-11-30,67.82022857666016,92.54000091552734,94.5999984741211,91.72000122070312,94.5999984741211,10111300
2007-12-03,67.27057647705078,91.79000091552734,93.19999694824219,91.66000366210938,92.5,5423400
2007-12-04,65.95140075683594,89.98999786376953,91.79000091552734,89.8499984741211,91.43000030517578,7080900
2007-12-05,66.47176361083984,90.69999694824219,92.16000366210938,90.36000061035156,90.9000015258789,9175900
2007-12-06,67.26325988769531,91.77999877929688,92.44000244140625,90.83000183105469,91.5,5813100
2007-12-07,68.27460479736328,93.16000366210938,93.63999938964844,92.0,92.36000061035156,5363800
2007-12-10,67.89351654052734,92.63999938964844,93.25,91.79000091552734,93.25,5971200
2007-12-11,65.0060043334961,88.69999694824219,93.0,88.12000274658203,92.63999938964844,10328400
2007-12-12,63.70148849487305,86.91999816894531,89.52999877929688,85.55000305175781,88.0,18701100
2007-12-13,64.89607238769531,88.55000305175781,88.91000366210938,86.4000015258789,86.66999816894531,7522100
2007-12-14,64.80077362060547,88.41999816894531,89.98999786376953,88.02999877929688,88.54000091552734,4988900
2007-12-17,64.05327606201172,87.4000015258789,88.9000015258789,87.19999694824219,88.20999908447266,4946000
2007-12-18,63.88467788696289,87.16999816894531,87.87000274658203,86.19999694824219,87.87000274658203,5732000
2007-12-19,63.48162078857422,86.62000274658203,88.16999816894531,86.47000122070312,87.75,8620600
2007-12-20,63.899356842041016,87.19000244140625,87.41000366210938,86.4800033569336,87.08000183105469,3333500
2007-12-21,65.27718353271484,89.06999969482422,89.33999633789062,87.80000305175781,88.04000091552734,7661800
2007-12-24,65.97338104248047,90.0199966430664,90.37999725341797,89.55000305175781,89.55000305175781,1946900
2007-12-26,65.958740234375,90.0,90.12999725341797,89.27999877929688,90.0,2734400
2007-12-27,65.13792419433594,88.87999725341797,89.98999786376953,88.33000183105469,89.98999786376953,2890200
2007-12-28,64.67620849609375,88.25,89.11000061035156,87.4800033569336,89.0,2928100
2007-12-31,64.09721374511719,87.45999908447266,88.27999877929688,87.23999786376953,88.13999938964844,3184200
2008-01-02,63.48162078857422,86.62000274658203,87.83999633789062,86.0,87.56999969482422,4303000
2008-01-03,63.745452880859375,86.9800033569336,87.63999938964844,86.73999786376953,87.06999969482422,3427900
2008-01-04,62.89528274536133,85.81999969482422,87.16000366210938,85.69000244140625,86.31999969482422,5393400
2008-01-07,60.73332214355469,82.87000274658203,86.30000305175781,82.16999816894531,86.25,9961800
2008-01-08,58.56403350830078,79.91000366210938,83.37000274658203,79.6500015258789,83.11000061035156,9810600
2008-01-09,58.849853515625,80.30000305175781,80.43000030517578,77.80999755859375,79.69999694824219,10307100
2008-01-10,60.35956573486328,82.36000061035156,83.19000244140625,79.86000061035156,79.86000061035156,9411400
2008-01-11,59.01107406616211,80.5199966430664,81.77999877929688,80.0,81.7699966430664,6556600
2008-01-14,59.85388946533203,81.66999816894531,82.37000274658203,80.1500015258789,81.33000183105469,7732600
2008-01-15,57.06163024902344,77.86000061035156,81.80000305175781,76.0,81.47000122070312,16467100
2008-01-16,58.53471755981445,79.87000274658203,81.30999755859375,76.5,77.80999755859375,13292400
2008-01-17,58.27822494506836,79.5199966430664,82.48999786376953,79.0199966430664,81.19999694824219,9303800
2008-01-18,57.457393646240234,78.4000015258789,80.81999969482422,77.76000213623047,80.25,7686800
2008-01-22,56.8710823059082,77.5999984741211,78.73999786376953,74.4000015258789,74.52999877929688,8503300
2008-01-23,56.1162223815918,76.56999969482422,77.19000244140625,74.12000274658203,75.5,13028100
2008-01-24,56.8857536315918,77.62000274658203,78.33999633789062,76.4800033569336,77.55999755859375,7449300
2008-01-25,56.453330993652344,77.02999877929688,79.66999816894531,76.97000122070312,78.6500015258789,7849500
2008-01-28,56.8710823059082,77.5999984741211,77.72000122070312,76.4800033569336,77.1500015258789,4864300
2008-01-29,59.33353805541992,80.95999908447266,81.05999755859375,78.2699966430664,78.56999969482422,9025500
2008-01-30,60.73332214355469,82.87000274658203,84.87000274658203,79.69000244140625,79.69999694824219,11331100
2008-01-31,60.96051025390625,83.18000030517578,83.83999633789062,80.80000305175781,81.77999877929688,7887700
2008-02-01,60.65274429321289,82.76000213623047,83.98999786376953,81.8499984741211,83.37000274658203,6685900
2008-02-04,60.75535202026367,82.9000015258789,83.36000061035156,81.91000366210938,82.77999877929688,3106300
2008-02-05,59.868553161621094,81.69000244140625,82.77999877929688,81.3499984741211,81.61000061035156,4691600
2008-02-06,58.85220718383789,79.91000366210938,81.94999694824219,79.5999984741211,81.9000015258789,5331700
2008-02-07,58.734344482421875,79.75,80.23999786376953,78.70999908447266,78.70999908447266,6779000
2008-02-08,58.42502975463867,79.33000183105469,80.13999938964844,78.80999755859375,79.4800033569336,4343300
2008-02-11,59.75069046020508,81.12999725341797,81.38999938964844,78.8499984741211,79.45999908447266,4898200
2008-02-12,61.54035186767578,83.55999755859375,84.52999877929688,81.44000244140625,81.80000305175781,7980000
2008-02-13,62.954410552978516,85.4800033569336,85.62999725341797,84.01000213623047,84.3499984741211,6405000
2008-02-14,62.76292037963867,85.22000122070312,86.05999755859375,84.9000015258789,85.66999816894531,6631600
2008-02-15,62.733463287353516,85.18000030517578,85.41999816894531,84.16999816894531,85.05999755859375,5749300
2008-02-19,62.873409271240234,85.37000274658203,86.87999725341797,84.83000183105469,86.11000061035156,4158300
2008-02-20,61.86442184448242,84.0,84.69000244140625,82.94999694824219,84.47000122070312,7526400
2008-02-21,60.39881896972656,82.01000213623047,84.95999908447266,81.87000274658203,84.12000274658203,6688300
2008-02-22,61.15740966796875,83.04000091552734,83.20999908447266,81.75,82.51000213623047,5229100
2008-02-25,62.3504524230957,84.66000366210938,84.73999786376953,83.12000274658203,83.26000213623047,5450600
2008-02-26,62.28420639038086,84.56999969482422,85.12000274658203,83.9000015258789,85.12000274658203,5171700
2008-02-27,61.82758712768555,83.94999694824219,85.19000244140625,83.4000015258789,84.22000122070312,4675100
2008-02-28,62.45359420776367,84.80000305175781,85.0,82.7300033569336,83.51000213623047,5727400
2008-02-29,60.973289489746094,82.79000091552734,84.5,82.4000015258789,84.02999877929688,7667800
2008-03-03,59.411930084228516,80.66999816894531,80.88999938964844,79.25,79.31999969482422,9575400
2008-03-04,58.63862228393555,79.62000274658203,79.98999786376953,78.33999633789062,79.77999877929688,8209200
2008-03-05,59.441368103027344,80.70999908447266,81.31999969482422,79.66999816894531,79.81999969482422,5669600
2008-03-06,58.557647705078125,79.51000213623047,80.72000122070312,79.37999725341797,80.55000305175781,4503500
2008-03-07,56.41444778442383,76.5999984741211,79.0,76.37000274658203,78.98999786376953,9657100
2008-03-10,54.77946090698242,74.37999725341797,76.70999908447266,74.37999725341797,76.52999877929688,9930500
2008-03-11,54.057716369628906,73.4000015258789,75.75,72.38999938964844,74.77999877929688,14137400
2008-03-12,53.3580436706543,72.44999694824219,74.75,72.12999725341797,73.70999908447266,8966800
2008-03-13,54.63216781616211,74.18000030517578,74.41999816894531,71.58999633789062,71.80999755859375,10850600
2008-03-14,56.14196014404297,76.2300033569336,77.19000244140625,75.12999725341797,75.79000091552734,13225400
2008-03-17,55.59695816040039,75.48999786376953,76.19999694824219,74.13999938964844,74.45999908447266,5463100
2008-03-18,56.36289596557617,76.52999877929688,77.0,75.26000213623047,77.0,5644000
2008-03-19,54.09453201293945,73.44999694824219,77.0,73.44999694824219,76.9800033569336,9195600
2008-03-20,55.088775634765625,74.80000305175781,75.0,72.72000122070312,73.55000305175781,8086000
2008-03-24,56.18614196777344,76.29000091552734,76.4800033569336,74.79000091552734,75.25,4853800
2008-03-25,55.89891052246094,75.9000015258789,76.87999725341797,75.13999938964844,76.87999725341797,5969200
2008-03-26,56.19353103637695,76.30000305175781,76.5,75.5999984741211,75.66000366210938,4350600
2008-03-27,54.66164779663086,74.22000122070312,76.36000061035156,74.13999938964844,75.86000061035156,7709400
2008-03-28,54.1092643737793,73.47000122070312,74.62999725341797,73.08000183105469,74.44000244140625,4616800
2008-03-31,54.772098541259766,74.37000274658203,74.58000183105469,73.4000015258789,74.0,7394800
2008-04-01,55.88417434692383,75.87999725341797,75.88999938964844,74.80000305175781,75.0199966430664,5956000
2008-04-02,56.59858322143555,76.8499984741211,77.19000244140625,75.7300033569336,76.0999984741211,6121500
2008-04-03,56.07566452026367,76.13999938964844,77.22000122070312,75.9000015258789,76.55000305175781,5597100
2008-04-04,55.71479797363281,75.6500015258789,76.62999725341797,75.33000183105469,76.04000091552734,5086600
2008-04-07,55.22135543823242,74.9800033569336,76.52999877929688,74.87999725341797,76.52999877929688,5388700
2008-04-08,55.25080108642578,75.0199966430664,75.38999938964844,74.04000091552734,74.51000213623047,5597200
2008-04-09,57.88742446899414,78.5999984741211,79.9000015258789,76.30999755859375,76.72000122070312,19513400
2008-04-10,57.762203216552734,78.43000030517578,79.05000305175781,77.79000091552734,78.44999694824219,7873800
2008-04-11,56.60593795776367,76.86000061035156,78.41000366210938,76.72000122070312,77.6500015258789,5427700
2008-04-14,56.871063232421875,77.22000122070312,77.63999938964844,76.66999816894531,76.68000030517578,4926500
2008-04-15,55.75161361694336,75.69999694824219,77.66999816894531,75.5999984741211,77.55999755859375,6337700
2008-04-16,56.46599578857422,76.66999816894531,76.91999816894531,75.63999938964844,76.30999755859375,4895700
2008-04-17,56.64278030395508,76.91000366210938,77.26000213623047,76.4000015258789,76.4000015258789,3466400
2008-04-18,57.93159866333008,78.66000366210938,79.0999984741211,77.5,77.5,6742900
2008-04-21,58.2483024597168,79.08999633789062,79.37000274658203,78.16999816894531,78.70999908447266,4744200
2008-04-22,57.85795211791992,78.55999755859375,79.98999786376953,77.75,79.31999969482422,7615500
2008-04-23,60.45771026611328,82.08999633789062,83.36000061035156,79.56999969482422,80.6500015258789,15488400
2008-04-24,61.1279296875,83.0,83.37000274658203,81.6500015258789,82.48999786376953,5755200
2008-04-25,62.483062744140625,84.83999633789062,85.25,83.37999725341797,83.37999725341797,8355000
2008-04-28,62.58615493774414,84.9800033569336,85.63999938964844,84.27999877929688,85.01000213623047,5378900
2008-04-29,62.991207122802734,85.52999877929688,86.44999694824219,84.54000091552734,84.54000091552734,4485300
2008-04-30,62.4977912902832,84.86000061035156,86.18000030517578,84.62999725341797,85.83000183105469,5220600
2008-05-01,62.90285873413086,85.41000366210938,85.4800033569336,84.56999969482422,84.86000061035156,5083200
2008-05-02,63.109073638916016,85.69000244140625,86.5,84.9800033569336,86.31999969482422,3784500
2008-05-05,63.27845764160156,85.91999816894531,86.06999969482422,85.0,85.31999969482422,3886400
2008-05-06,63.447845458984375,86.1500015258789,86.20999908447266,85.12999725341797,85.58999633789062,5079200
2008-05-07,62.559940338134766,84.55000305175781,86.0999984741211,84.41999816894531,86.02999877929688,5060300
2008-05-08,62.715335845947266,84.76000213623047,85.19999694824219,84.0,84.70999908447266,3671600
2008-05-09,62.19738006591797,84.05999755859375,84.75,83.75,84.43000030517578,3328200
2008-05-12,62.74491882324219,84.80000305175781,85.0,83.27999877929688,84.4000015258789,5367400
2008-05-13,62.95209503173828,85.08000183105469,85.29000091552734,84.11000061035156,84.98999786376953,4292400
2008-05-14,63.4034538269043,85.69000244140625,86.66999816894531,85.08000183105469,85.30000305175781,4909900
2008-05-15,63.29987335205078,85.55000305175781,86.13999938964844,85.0,85.70999908447266,6006300
2008-05-16,63.018699645996094,85.16999816894531,85.83999633789062,84.73999786376953,85.83999633789062,7129900
2008-05-19,64.42454528808594,87.06999969482422,88.29000091552734,85.0,85.55999755859375,7176300
2008-05-20,62.996498107910156,85.13999938964844,87.05000305175781,84.61000061035156,87.05000305175781,5698000
2008-05-21,60.07382583618164,81.19000244140625,85.5999984741211,80.77999877929688,85.41000366210938,10847200
2008-05-22,60.23661804199219,81.41000366210938,81.72000122070312,80.55000305175781,81.05000305175781,6333300
2008-05-23,60.28840637207031,81.4800033569336,82.08999633789062,80.8499984741211,81.20999908447266,4476600
2008-05-27,61.31687545776367,82.87000274658203,83.30000305175781,81.5999984741211,81.5999984741211,4528900
2008-05-28,60.769344329833984,82.12999725341797,83.25,81.08000183105469,83.25,4135400
2008-05-29,60.754554748535156,82.11000061035156,83.0,81.05000305175781,81.81999969482422,3465200
2008-05-30,61.24287033081055,82.7699966430664,82.94000244140625,81.01000213623047,82.4000015258789,4660200
2008-06-02,60.044219970703125,81.1500015258789,82.61000061035156,80.47000122070312,82.61000061035156,4492000
2008-06-03,57.80229187011719,78.12000274658203,81.80000305175781,77.30000305175781,81.5,10185000
2008-06-04,57.72827911376953,78.0199966430664,78.81999969482422,77.4800033569336,77.54000091552734,6750100
2008-06-05,57.20296859741211,77.30999755859375,78.19999694824219,76.80000305175781,78.19000244140625,5787700
2008-06-06,54.13229751586914,73.16000366210938,76.56999969482422,73.0,76.54000091552734,12786400
2008-06-09,54.716835021972656,73.94999694824219,74.12000274658203,73.13999938964844,73.4000015258789,6629000
2008-06-10,54.50965881347656,73.66999816894531,74.11000061035156,72.76000213623047,73.45999908447266,5675000
2008-06-11,54.2432746887207,73.30999755859375,73.7699966430664,72.93000030517578,73.44000244140625,6544800
2008-06-12,54.84260559082031,74.12000274658203,77.05000305175781,73.79000091552734,74.01000213623047,9794900
2008-06-13,55.58253860473633,75.12000274658203,75.48999786376953,74.37999725341797,74.76000213623047,6087100
2008-06-16,55.508541107177734,75.0199966430664,75.44999694824219,74.02999877929688,74.7699966430664,3481100
2008-06-17,55.03498458862305,74.37999725341797,75.5,73.80999755859375,75.37999725341797,6503700
2008-06-18,55.23476028442383,74.6500015258789,76.33999633789062,73.37000274658203,73.37000274658203,11534700
2008-06-19,56.936588287353516,76.94999694824219,77.20999908447266,74.68000030517578,75.05000305175781,7539700
2008-06-20,56.10785675048828,75.83000183105469,77.80000305175781,75.66000366210938,77.80000305175781,8868600
2008-06-23,55.93029022216797,75.58999633789062,76.4800033569336,75.12000274658203,76.2300033569336,4036600
2008-06-24,55.33835220336914,74.79000091552734,75.61000061035156,74.12999725341797,75.23999786376953,4949800
2008-06-25,51.52780532836914,69.63999938964844,72.79000091552734,69.3499984741211,72.27999877929688,21124600
2008-06-26,50.46969985961914,68.20999908447266,70.38999938964844,68.05000305175781,68.75,10984200
2008-06-27,49.51522445678711,66.91999816894531,67.93000030517578,66.37999725341797,67.73999786376953,10369500
2008-06-30,48.62730407714844,65.72000122070312,66.75,65.55000305175781,66.62999725341797,8562400
2008-07-01,48.427547454833984,65.44999694824219,66.22000122070312,64.55999755859375,64.94999694824219,9758400
2008-07-02,47.28065490722656,63.900001525878906,65.98999786376953,63.900001525878906,65.81999969482422,10136400
2008-07-03,47.70241165161133,64.47000122070312,64.5999984741211,63.540000915527344,64.01000213623047,4058400
2008-07-07,47.56923294067383,64.29000091552734,65.69000244140625,63.56999969482422,64.66000366210938,6175400
2008-07-08,48.77528762817383,65.91999816894531,66.0,64.20999908447266,64.43000030517578,6689800
2008-07-09,48.53111267089844,65.58999633789062,67.2300033569336,65.31999969482422,66.05999755859375,9614900
2008-07-10,48.82710647583008,65.98999786376953,66.5,65.01000213623047,65.94999694824219,7304100
2008-07-11,46.82191467285156,63.279998779296875,65.3499984741211,62.86000061035156,65.3499984741211,9787400
2008-07-14,46.75532531738281,63.189998626708984,64.4000015258789,62.630001068115234,64.4000015258789,5545500
2008-07-15,47.26587677001953,63.880001068115234,64.36000061035156,62.02000045776367,62.060001373291016,7925200
2008-07-16,48.52371597290039,65.58000183105469,65.68000030517578,63.5,63.90999984741211,5644100
2008-07-17,49.51522445678711,66.91999816894531,67.22000122070312,65.05000305175781,66.05000305175781,7105200
2008-07-18,50.417911529541016,68.13999938964844,68.33999633789062,66.54000091552734,67.11000061035156,8452100
2008-07-21,50.49190902709961,68.23999786376953,68.91000366210938,67.30000305175781,68.5,5025700
2008-07-22,51.24660873413086,69.26000213623047,69.5,67.76000213623047,68.58000183105469,6168500
2008-07-23,49.36722946166992,66.72000122070312,68.01000213623047,65.62000274658203,67.31999969482422,11043900
2008-07-24,46.26698303222656,62.529998779296875,66.08999633789062,62.04999923706055,65.5999984741211,14072900
2008-07-25,47.22887420654297,63.83000183105469,64.13999938964844,62.34000015258789,63.0,9167400
2008-07-28,46.12638854980469,62.34000015258789,64.05999755859375,62.2599983215332,63.81999969482422,6253100
2008-07-29,46.77011489868164,63.209999084472656,63.5,62.31999969482422,62.63999938964844,5620700
2008-07-30,47.22147750854492,63.81999969482422,63.93000030517578,63.0,63.59000015258789,6011000
2008-07-31,45.21630859375,61.11000061035156,63.0,61.0099983215332,63.0,10585300
2008-08-01,45.882225036621094,62.0099983215332,62.279998779296875,60.77000045776367,61.38999938964844,7016800
2008-08-04,45.401283264160156,61.36000061035156,62.33000183105469,61.130001068115234,62.08000183105469,6074500
2008-08-05,48.242549896240234,65.19999694824219,65.68000030517578,61.86000061035156,61.869998931884766,8941000
2008-08-06,48.68925094604492,65.4000015258789,66.0199966430664,64.0,64.9000015258789,6240000
2008-08-07,48.1606559753418,64.69000244140625,66.18000030517578,64.6500015258789,65.05999755859375,7389300
2008-08-08,50.52067184448242,67.86000061035156,68.75,64.30999755859375,64.87000274658203,10088400
2008-08-11,49.597530364990234,66.62000274658203,67.9000015258789,66.20999908447266,67.88999938964844,6875200
2008-08-12,49.083831787109375,65.93000030517578,66.94999694824219,65.56999969482422,66.88999938964844,6422200
2008-08-13,47.840545654296875,64.26000213623047,66.2300033569336,64.0,66.06999969482422,8990000
2008-08-14,48.22023391723633,64.7699966430664,65.43000030517578,63.45000076293945,63.7400016784668,9356600
2008-08-15,47.98200225830078,64.44999694824219,65.33000183105469,63.81999969482422,64.7699966430664,7672600
2008-08-18,47.37895202636719,63.63999938964844,65.22000122070312,63.18000030517578,64.5,4903400
2008-08-19,46.865272521972656,62.95000076293945,64.19000244140625,62.619998931884766,63.47999954223633,8101400
2008-08-20,47.05882263183594,63.209999084472656,63.970001220703125,62.209999084472656,62.9900016784668,3964400
2008-08-21,47.31196212768555,63.54999923706055,63.790000915527344,62.209999084472656,62.970001220703125,4048500
2008-08-22,48.80093765258789,65.55000305175781,65.70999908447266,63.5099983215332,63.939998626708984,5490800
2008-08-25,47.699092864990234,64.06999969482422,65.48999786376953,63.58000183105469,64.91000366210938,4578300
2008-08-26,47.244964599609375,63.459999084472656,64.38999938964844,62.869998931884766,64.08999633789062,4488800
2008-08-27,48.03410339355469,64.5199966430664,65.19999694824219,63.20000076293945,63.56999969482422,4034300
2008-08-28,49.38906478881836,66.33999633789062,66.9800033569336,64.26000213623047,64.77999877929688,4448600
2008-08-29,48.808380126953125,65.55999755859375,66.43000030517578,65.0999984741211,66.25,3912800
2008-09-02,49.039161682128906,65.87000274658203,68.47000122070312,65.43000030517578,67.0,6464200
2008-09-03,49.188045501708984,66.06999969482422,67.08000183105469,64.13999938964844,65.69000244140625,5252900
2008-09-04,46.92481994628906,63.029998779296875,65.30000305175781,62.040000915527344,65.01000213623047,10921800
2008-09-05,46.820594787597656,62.88999938964844,63.4900016784668,61.88999938964844,62.52000045776367,5608800
2008-09-08,47.5799674987793,63.90999984741211,64.06999969482422,61.86000061035156,62.470001220703125,8309100
2008-09-09,47.6618537902832,64.0199966430664,65.22000122070312,63.91999816894531,63.91999816894531,7752800
2008-09-10,45.94211196899414,61.709999084472656,63.810001373291016,61.58000183105469,63.58000183105469,9138500
2008-09-11,46.582359313964844,62.56999969482422,62.709999084472656,61.130001068115234,61.130001068115234,6101100
2008-09-12,47.125831604003906,63.29999923706055,63.41999816894531,61.70000076293945,62.380001068115234,5084500
2008-09-15,46.34414291381836,62.25,62.79999923706055,61.0,61.810001373291016,9809800
2008-09-16,45.94955062866211,61.720001220703125,63.0,60.15999984741211,61.02000045776367,8591700
2008-09-17,42.43558120727539,57.0,61.0,56.43000030517578,60.880001068115234,14830200
2008-09-18,43.26195526123047,58.11000061035156,58.65999984741211,54.20000076293945,57.689998626708984,14031600
2008-09-19,44.490360260009766,59.7599983215332,61.0,57.599998474121094,60.7400016784668,10863200
2008-09-22,43.78309631347656,58.810001373291016,60.40999984741211,58.2599983215332,59.33000183105469,6031400
2008-09-23,42.6663818359375,57.310001373291016,60.38999938964844,57.189998626708984,58.90999984741211,6634600
2008-09-24,42.703590393066406,57.36000061035156,58.869998931884766,56.93000030517578,57.540000915527344,5484100
2008-09-25,42.74826431274414,57.41999816894531,58.20000076293945,56.79999923706055,57.66999816894531,6381800
2008-09-26,43.418312072753906,58.31999969482422,58.5,56.0099983215332,56.7400016784668,5866500
2008-09-29,41.29652786254883,55.470001220703125,57.95000076293945,54.75,57.5,9604900
2008-09-30,42.69615173339844,57.349998474121094,57.650001525878906,55.619998931884766,56.290000915527344,6412200
2008-10-01,42.15268325805664,56.619998931884766,58.0,55.369998931884766,56.7599983215332,6221800
2008-10-02,39.88944625854492,53.58000183105469,56.970001220703125,53.34000015258789,56.33000183105469,8128100
2008-10-03,40.0755729675293,53.83000183105469,56.400001525878906,53.7599983215332,54.0,9312300
2008-10-06,38.18458557128906,51.290000915527344,53.0,47.880001068115234,51.77000045776367,12428500
2008-10-07,36.688167572021484,49.279998779296875,52.560001373291016,48.709999084472656,51.790000915527344,10927800
2008-10-08,35.511898040771484,47.70000076293945,50.0,47.18000030517578,48.40999984741211,11889300
2008-10-09,33.062538146972656,44.40999984741211,48.939998626708984,44.40999984741211,47.83000183105469,12239000
2008-10-10,31.119430541992188,41.79999923706055,44.25,40.0,40.130001068115234,20325600
2008-10-13,35.05030822753906,47.08000183105469,47.310001373291016,42.5,43.56999969482422,14290600
2008-10-14,33.553897857666016,45.06999969482422,49.470001220703125,43.61000061035156,48.630001068115234,12493900
2008-10-15,31.513996124267578,42.33000183105469,45.47999954223633,41.540000915527344,44.18000030517578,10146800
2008-10-16,33.34544372558594,44.790000915527344,45.0,39.9900016784668,42.63999938964844,11752000
2008-10-17,33.16675567626953,44.54999923706055,46.81999969482422,43.209999084472656,43.95000076293945,10045100
2008-10-20,34.77483367919922,46.709999084472656,46.77000045776367,43.720001220703125,44.7400016784668,7809200
2008-10-21,34.5440559387207,46.400001525878906,47.689998626708984,45.529998779296875,46.31999969482422,7357000
2008-10-22,31.945796966552734,42.90999984741211,44.900001525878906,41.79999923706055,44.15999984741211,10096700
2008-10-23,34.63338851928711,46.52000045776367,46.810001373291016,42.810001373291016,43.20000076293945,13971200
2008-10-24,33.68045425415039,45.2400016784668,47.2400016784668,41.75,42.5,9792200
2008-10-27,31.536346435546875,42.36000061035156,46.130001068115234,42.2599983215332,45.70000076293945,9236200
2008-10-28,36.41271209716797,48.90999984741211,49.04999923706055,43.630001068115234,46.45000076293945,14396800
2008-10-29,37.07529830932617,49.79999923706055,52.81999969482422,48.810001373291016,48.810001373291016,12835700
2008-10-30,37.74532699584961,50.70000076293945,52.79999923706055,48.58000183105469,52.279998779296875,9559100
2008-10-31,39.025840759277344,52.41999816894531,52.61000061035156,49.279998779296875,50.619998931884766,8419400
2008-11-03,39.345985412597656,52.849998474121094,53.18000030517578,50.81999969482422,51.900001525878906,8412300
2008-11-04,39.91923141479492,53.619998931884766,54.650001525878906,52.720001220703125,54.40999984741211,9284500
2008-11-05,37.16643142700195,49.54999923706055,52.59000015258789,49.0,52.5,10002100
2008-11-06,34.293643951416016,45.720001220703125,50.22999954223633,45.349998474121094,48.970001220703125,13721300
2008-11-07,34.938697814941406,46.58000183105469,47.29999923706055,45.349998474121094,46.58000183105469,7150800
2008-11-10,34.608665466308594,46.13999938964844,48.310001373291016,45.59000015258789,47.29999923706055,5304200
2008-11-11,32.98099136352539,43.970001220703125,45.5,42.75,45.5,7928100
2008-11-12,31.893381118774414,42.52000045776367,44.09000015258789,42.0,43.22999954223633,7739500
2008-11-13,32.3734245300293,43.15999984741211,43.31999969482422,39.06999969482422,42.029998779296875,13997600
2008-11-14,30.783260345458984,41.040000915527344,43.7599983215332,40.79999923706055,42.0099983215332,8908900
2008-11-17,30.888277053833008,41.18000030517578,42.79999923706055,40.5,40.61000061035156,7042600
2008-11-18,29.673147201538086,39.560001373291016,40.7599983215332,38.04999923706055,40.599998474121094,12209200
2008-11-19,28.11298370361328,37.47999954223633,40.130001068115234,37.45000076293945,39.279998779296875,10614300
2008-11-20,27.83544921875,37.11000061035156,39.7400016784668,36.720001220703125,36.97999954223633,13406300
2008-11-21,29.68815040588379,39.58000183105469,39.93000030517578,36.16999816894531,37.18000030517578,13259700
2008-11-24,30.565738677978516,40.75,41.25,38.88999938964844,40.04999923706055,9682300
2008-11-25,30.138193130493164,40.18000030517578,40.79999923706055,39.540000915527344,40.54999923706055,9618700
2008-11-26,30.963285446166992,41.279998779296875,41.34000015258789,39.02000045776367,39.349998474121094,6256400
2008-11-28,31.975887298583984,42.630001068115234,42.79999923706055,41.099998474121094,41.16999816894531,2608200
2008-12-01,29.913185119628906,39.880001068115234,42.0,39.7400016784668,41.63999938964844,7817500
2008-12-02,30.528234481811523,40.70000076293945,41.0,39.25,40.540000915527344,6029400
2008-12-03,30.355712890625,40.470001220703125,41.099998474121094,39.150001525878906,40.22999954223633,8007000
2008-12-04,29.395620346069336,39.189998626708984,41.33000183105469,38.5,39.84000015258789,7244200
2008-12-05,29.650630950927734,39.529998779296875,39.56999969482422,36.279998779296875,38.0,10564600
2008-12-08,32.140907287597656,42.849998474121094,43.689998626708984,40.040000915527344,40.349998474121094,13096400
2008-12-09,30.61824607849121,40.81999969482422,42.439998626708984,40.650001525878906,41.56999969482422,8306100
2008-12-10,31.2633113861084,41.68000030517578,42.689998626708984,40.939998626708984,41.4900016784668,5181000
2008-12-11,30.20570182800293,40.27000045776367,42.0099983215332,40.02000045776367,40.650001525878906,7691900
2008-12-12,29.40312385559082,39.20000076293945,39.7400016784668,38.20000076293945,39.560001373291016,10337400
2008-12-15,29.058076858520508,38.7400016784668,39.880001068115234,38.20000076293945,39.599998474121094,8228000
2008-12-16,31.42833137512207,41.900001525878906,42.0,38.20000076293945,39.209999084472656,11041400
2008-12-17,30.768266677856445,41.02000045776367,41.5,40.150001525878906,41.15999984741211,7270600
2008-12-18,30.805757522583008,41.06999969482422,41.75,40.689998626708984,41.310001373291016,8652600
2008-12-19,30.93327522277832,41.2400016784668,42.38999938964844,41.0,41.31999969482422,9903900
2008-12-22,30.8432559967041,41.119998931884766,41.560001373291016,40.0,40.650001525878906,5397200
2008-12-23,30.115690231323242,40.150001525878906,41.5,39.83000183105469,41.25,5270500
2008-12-24,30.09318733215332,40.119998931884766,40.790000915527344,40.040000915527344,40.2400016784668,1753500
2008-12-26,30.400718688964844,40.529998779296875,40.689998626708984,39.7599983215332,39.7599983215332,2803400
2008-12-29,29.995677947998047,39.9900016784668,40.54999923706055,39.5,40.380001068115234,3876600
2008-12-30,30.94078254699707,41.25,41.34000015258789,39.810001373291016,40.08000183105469,4549700
2008-12-31,32.005897521972656,42.66999816894531,43.04999923706055,41.5,41.59000015258789,5443100
2009-01-02,33.941104888916016,45.25,45.560001373291016,42.779998779296875,42.79999923706055,7010200
2009-01-05,34.631160736083984,46.16999816894531,46.810001373291016,44.79999923706055,45.5,6917400
2009-01-06,34.736183166503906,46.310001373291016,47.0,45.5,46.849998474121094,7180300
2009-01-07,33.57355499267578,44.7599983215332,45.61000061035156,44.16999816894531,45.099998474121094,6586200
2009-01-08,33.59605407714844,44.790000915527344,44.900001525878906,43.880001068115234,44.5,5477000
2009-01-09,33.341033935546875,44.45000076293945,45.150001525878906,43.93000030517578,44.79999923706055,5645100
2009-01-12,32.808475494384766,43.7400016784668,44.45000076293945,43.189998626708984,44.279998779296875,4989200
2009-01-13,31.84836769104004,42.459999084472656,43.619998931884766,41.79999923706055,43.380001068115234,6359400
2009-01-14,30.903268814086914,41.20000076293945,41.97999954223633,40.869998931884766,41.880001068115234,7354900
2009-01-15,30.723247528076172,40.959999084472656,41.599998474121094,39.5099983215332,41.06999969482422,8464900
2009-01-16,31.84836769104004,42.459999084472656,43.04999923706055,41.040000915527344,41.45000076293945,9310800
2009-01-20,30.27320671081543,40.36000061035156,42.7400016784668,40.20000076293945,42.08000183105469,9636800
2009-01-21,31.705860137939453,42.27000045776367,42.400001525878906,40.0,40.75,6933100
2009-01-22,31.698347091674805,42.2599983215332,42.75,41.16999816894531,41.72999954223633,6590800
2009-01-23,31.48832893371582,41.97999954223633,42.84000015258789,40.90999984741211,40.90999984741211,5755600
2009-01-26,32.260929107666016,43.0099983215332,43.77000045776367,42.060001373291016,42.459999084472656,4659200
2009-01-27,32.41844177246094,43.220001220703125,43.959999084472656,42.880001068115234,43.290000915527344,5218900
2009-01-28,32.43344497680664,43.2400016784668,44.400001525878906,42.7599983215332,43.470001220703125,8071100
2009-01-29,30.535728454589844,40.709999084472656,42.7599983215332,40.369998931884766,42.7599983215332,8446500
2009-01-30,31.73585319519043,42.310001373291016,42.4900016784668,40.630001068115234,40.7599983215332,9098000
2009-02-02,30.603240966796875,40.79999923706055,41.72999954223633,40.11000061035156,41.72999954223633,8107400
2009-02-03,31.570842742919922,42.09000015258789,42.43000030517578,40.7599983215332,41.45000076293945,7220800
2009-02-04,31.79814338684082,41.970001220703125,42.970001220703125,41.689998626708984,42.119998931884766,6729000
2009-02-05,32.366371154785156,42.720001220703125,43.11000061035156,40.619998931884766,41.75,9021100
2009-02-06,32.51789855957031,42.91999816894531,43.66999816894531,42.25,42.52000045776367,6334200
2009-02-09,32.42697525024414,42.79999923706055,43.41999816894531,42.439998626708984,42.79999923706055,5088300
2009-02-10,30.46470069885254,40.209999084472656,42.22999954223633,40.02000045776367,41.290000915527344,9999200
2009-02-11,30.555618286132812,40.33000183105469,40.7599983215332,39.86000061035156,40.5099983215332,6519300
2009-02-12,30.19951820373535,39.86000061035156,39.9900016784668,38.58000183105469,39.58000183105469,6028900
2009-02-13,30.669239044189453,40.47999954223633,41.189998626708984,39.88999938964844,39.88999938964844,5483500
2009-02-17,29.1160945892334,38.43000030517578,39.7400016784668,38.29999923706055,39.4900016784668,6949100
2009-02-18,28.77515411376953,37.97999954223633,38.77000045776367,37.7599983215332,38.77000045776367,6324500
2009-02-19,28.46452522277832,37.56999969482422,38.70000076293945,37.41999816894531,38.2400016784668,5466700
2009-02-20,27.509899139404297,36.310001373291016,37.20000076293945,35.31999969482422,36.72999954223633,10598900
2009-02-23,26.10825538635254,34.459999084472656,36.790000915527344,34.349998474121094,36.72999954223633,9519200
2009-02-24,26.850751876831055,35.439998626708984,35.83000183105469,33.88999938964844,34.439998626708984,10815100
2009-02-25,25.691564559936523,33.90999984741211,35.27000045776367,33.220001220703125,35.27000045776367,11683900
2009-02-26,24.78238868713379,32.709999084472656,34.619998931884766,32.63999938964844,34.5,8771600
2009-02-27,23.8201961517334,31.440000534057617,32.369998931884766,31.399999618530273,32.29999923706055,11789000
2009-03-02,22.357946395874023,29.510000228881836,31.0,29.31999969482422,30.959999084472656,13956800
2009-03-03,22.244304656982422,29.360000610351562,30.110000610351562,29.049999237060547,29.700000762939453,10433300
2009-03-04,22.964061737060547,30.309999465942383,30.780000686645508,29.110000610351562,29.860000610351562,11627500
2009-03-05,22.267019271850586,29.389999389648438,30.020000457763672,29.06999969482422,29.219999313354492,11675700
2009-03-06,22.80495262145996,30.100000381469727,30.200000762939453,29.389999389648438,29.610000610351562,13134300
2009-03-09,23.48682975769043,31.0,31.459999084472656,29.959999084472656,29.979999542236328,12407200
2009-03-10,25.009675979614258,33.0099983215332,33.02000045776367,31.31999969482422,31.420000076293945,11501700
2009-03-11,25.2066707611084,33.27000045776367,33.70000076293945,32.38999938964844,32.59000015258789,10823100
2009-03-12,25.479421615600586,33.630001068115234,33.75,32.38999938964844,33.0099983215332,6133200
2009-03-13,25.305164337158203,33.400001525878906,34.099998474121094,32.93000030517578,33.720001220703125,7434000
2009-03-16,25.630950927734375,33.83000183105469,34.959999084472656,33.380001068115234,33.7400016784668,7157200
2009-03-17,26.093107223510742,34.439998626708984,34.439998626708984,33.2599983215332,33.91999816894531,5270900
2009-03-18,25.570337295532227,33.75,34.75,32.5,34.290000915527344,15879900
2009-03-19,25.146060943603516,33.189998626708984,34.119998931884766,32.970001220703125,33.86000061035156,10427300
2009-03-20,24.66117286682129,32.54999923706055,33.5,32.540000915527344,33.220001220703125,11323000
2009-03-23,26.896202087402344,35.5,35.5,33.04999923706055,33.20000076293945,8223900
2009-03-24,27.350788116455078,36.099998474121094,36.720001220703125,34.81999969482422,34.880001068115234,8468300
2009-03-25,28.078128814697266,37.060001373291016,37.790000915527344,35.970001220703125,36.029998779296875,12446200
2009-03-26,29.29035186767578,38.65999984741211,38.68000030517578,36.90999984741211,37.31999969482422,9544600
2009-03-27,28.434223175048828,37.529998779296875,38.470001220703125,37.06999969482422,38.22999954223633,7329000
2009-03-30,26.911361694335938,35.52000045776367,36.97999954223633,35.11000061035156,36.630001068115234,10833800
2009-03-31,26.956817626953125,35.58000183105469,36.2400016784668,35.04999923706055,35.900001525878906,11549200
2009-04-01,26.850751876831055,35.439998626708984,35.599998474121094,34.209999084472656,34.52000045776367,9288800
2009-04-02,28.184202194213867,37.20000076293945,37.97999954223633,36.15999984741211,36.15999984741211,9449300
2009-04-03,28.55542755126953,37.689998626708984,38.119998931884766,36.38999938964844,37.22999954223633,8591300
2009-04-06,28.911544799804688,38.15999984741211,38.220001220703125,36.540000915527344,37.47999954223633,7390300
2009-04-07,27.75991439819336,36.63999938964844,37.689998626708984,36.5099983215332,37.5099983215332,6015900
2009-04-08,27.934175491333008,36.869998931884766,37.15999984741211,36.2400016784668,36.5,4477300
2009-04-09,29.661592483520508,39.150001525878906,39.18000030517578,37.68000030517578,37.68000030517578,9065400
2009-04-13,28.14630699157715,37.150001525878906,37.47999954223633,35.810001373291016,36.970001220703125,9531300
2009-04-14,28.062971115112305,37.040000915527344,37.5,36.29999923706055,36.5099983215332,5845300
2009-04-15,28.46452522277832,37.56999969482422,38.040000915527344,36.61000061035156,36.630001068115234,5452200
2009-04-16,29.08578872680664,38.38999938964844,38.75,37.0,37.619998931884766,6423900
2009-04-17,29.032756805419922,38.31999969482422,38.779998779296875,38.18000030517578,38.54999923706055,6152300
2009-04-20,27.63869285583496,36.47999954223633,37.86000061035156,36.36000061035156,37.650001525878906,7017000
2009-04-21,27.767494201660156,36.650001525878906,36.65999984741211,35.939998626708984,36.65999984741211,7352500
2009-04-22,28.259952545166016,37.29999923706055,38.31999969482422,36.540000915527344,37.849998474121094,11626000
2009-04-23,28.737266540527344,37.93000030517578,38.119998931884766,36.599998474121094,37.290000915527344,6400400
2009-04-24,29.335811614990234,38.720001220703125,39.0099983215332,37.75,38.099998474121094,8351000
2009-04-27,29.904037475585938,39.470001220703125,39.849998474121094,37.720001220703125,37.9900016784668,8546500
2009-04-28,29.43429946899414,38.849998474121094,39.41999816894531,38.31999969482422,39.11000061035156,6627200
2009-04-29,30.7222957611084,40.54999923706055,40.72999954223633,39.02000045776367,39.09000015258789,7775900
2009-04-30,30.34347152709961,40.04999923706055,41.7400016784668,39.900001525878906,41.06999969482422,7028100
2009-05-01,31.222335815429688,41.209999084472656,41.369998931884766,40.09000015258789,40.310001373291016,5508800
2009-05-04,31.957233428955078,42.18000030517578,42.18000030517578,41.5099983215332,41.900001525878906,5269800
2009-05-05,32.692138671875,43.150001525878906,43.25,41.91999816894531,41.91999816894531,7683900
2009-05-06,33.816837310791016,44.20000076293945,44.209999084472656,43.08000183105469,43.29999923706055,7930300
2009-05-07,33.30421829223633,43.529998779296875,44.619998931884766,42.75,44.470001220703125,7106700
2009-05-08,35.063926696777344,45.83000183105469,45.84000015258789,43.77000045776367,43.959999084472656,7491100
2009-05-11,34.21467971801758,44.720001220703125,45.599998474121094,44.529998779296875,45.2599983215332,9595700
2009-05-12,33.740325927734375,44.099998474121094,45.06999969482422,43.290000915527344,44.540000915527344,7068700
2009-05-13,32.8604736328125,42.95000076293945,43.41999816894531,42.380001068115234,43.18000030517578,6323700
2009-05-14,33.2353630065918,43.439998626708984,43.810001373291016,42.720001220703125,42.939998626708984,5251600
2009-05-15,32.89872360229492,43.0,43.9900016784668,42.709999084472656,43.27000045776367,5189300
2009-05-18,33.94689178466797,44.369998931884766,44.529998779296875,43.810001373291016,44.25,7288000
2009-05-19,34.13816452026367,44.619998931884766,45.060001373291016,43.900001525878906,44.36000061035156,4792100
2009-05-20,34.10756301879883,44.58000183105469,45.7400016784668,44.540000915527344,45.04999923706055,4734200
2009-05-21,33.120601654052734,43.290000915527344,44.0,42.70000076293945,43.9900016784668,5785000
2009-05-22,32.852813720703125,42.939998626708984,43.61000061035156,42.86000061035156,43.470001220703125,2951600
2009-05-26,33.78622055053711,44.15999984741211,44.33000183105469,42.52000045776367,42.61000061035156,4718300
2009-05-27,33.334815979003906,43.56999969482422,44.33000183105469,43.45000076293945,43.88999938964844,4622300
2009-05-28,33.908634185791016,44.31999969482422,44.45000076293945,43.189998626708984,43.9900016784668,4559600
2009-05-29,34.31412124633789,44.849998474121094,45.08000183105469,43.95000076293945,44.61000061035156,5417400
2009-06-01,36.494625091552734,47.70000076293945,47.810001373291016,45.540000915527344,45.540000915527344,6920500
2009-06-02,37.642269134521484,49.20000076293945,49.43000030517578,47.310001373291016,47.70000076293945,7453200
2009-06-03,37.00723648071289,48.369998931884766,49.20000076293945,47.790000915527344,48.709999084472656,4700000
2009-06-04,38.69044494628906,50.56999969482422,50.90999984741211,48.56999969482422,48.630001068115234,7324600
2009-06-05,40.28180694580078,52.650001525878906,53.2599983215332,52.15999984741211,52.15999984741211,13724100
2009-06-08,40.419525146484375,52.83000183105469,53.33000183105469,51.130001068115234,52.4900016784668,7957400
2009-06-09,40.05228042602539,52.349998474121094,53.38999938964844,51.310001373291016,53.38999938964844,7723800
2009-06-10,40.0140266418457,52.29999923706055,53.20000076293945,51.099998474121094,52.81999969482422,6556200
2009-06-11,38.759300231933594,50.65999984741211,52.56999969482422,50.47999954223633,51.83000183105469,11852300
2009-06-12,39.35605239868164,51.439998626708984,51.560001373291016,50.11000061035156,50.7599983215332,5476700
2009-06-15,37.887107849121094,49.52000045776367,51.09000015258789,49.02000045776367,50.900001525878906,6363200
2009-06-16,37.35918045043945,48.83000183105469,50.150001525878906,48.70000076293945,49.56999969482422,5725700
2009-06-17,37.144962310791016,48.54999923706055,49.15999984741211,48.04999923706055,48.54999923706055,4870800
2009-06-18,37.4586296081543,48.959999084472656,49.279998779296875,48.150001525878906,48.43000030517578,3098700
2009-06-19,37.060791015625,48.439998626708984,49.529998779296875,48.11000061035156,49.18000030517578,7032600
2009-06-22,35.8825569152832,46.900001525878906,48.029998779296875,46.529998779296875,47.83000183105469,5198500
2009-06-23,33.56435012817383,43.869998931884766,44.5,42.52000045776367,44.38999938964844,27281100
2009-06-24,31.61338233947754,41.31999969482422,43.54999923706055,41.09000015258789,43.13999938964844,21282800
2009-06-25,32.53914260864258,42.529998779296875,42.599998474121094,41.11000061035156,41.400001525878906,14005100
2009-06-26,32.04182815551758,41.880001068115234,42.779998779296875,41.5,42.11000061035156,15578800
2009-06-29,32.630950927734375,42.650001525878906,43.02000045776367,42.08000183105469,42.150001525878906,5514600
2009-06-30,32.51617431640625,42.5,43.790000915527344,42.099998474121094,43.630001068115234,8321200
2009-07-01,32.309608459472656,42.22999954223633,42.95000076293945,42.150001525878906,42.630001068115234,6346700
2009-07-02,31.238483428955078,40.83000183105469,41.810001373291016,40.619998931884766,41.810001373291016,7201500
2009-07-06,31.03191566467285,40.560001373291016,40.7599983215332,39.91999816894531,40.380001068115234,7132800
2009-07-07,29.86897850036621,39.040000915527344,40.689998626708984,38.939998626708984,40.5,7701600
2009-07-08,30.25917625427246,39.54999923706055,39.83000183105469,38.91999816894531,39.119998931884766,8800400
2009-07-09,30.067903518676758,39.29999923706055,40.0,39.02000045776367,39.75,5432600
2009-07-10,30.33568572998047,39.650001525878906,39.709999084472656,38.91999816894531,39.20000076293945,5833500
2009-07-13,30.94009780883789,40.439998626708984,40.83000183105469,39.2599983215332,39.68000030517578,6549000
2009-07-14,30.917156219482422,40.40999984741211,40.900001525878906,40.11000061035156,40.38999938964844,5748500
2009-07-15,31.643980026245117,41.36000061035156,41.459999084472656,40.5099983215332,40.77000045776367,7867100
2009-07-16,32.17189407348633,42.04999923706055,42.220001220703125,41.0099983215332,41.0099983215332,5356800
2009-07-17,31.643980026245117,41.36000061035156,42.400001525878906,41.099998474121094,42.25,5691600
2009-07-20,32.28665542602539,42.20000076293945,42.2599983215332,41.15999984741211,41.709999084472656,5535200
2009-07-21,32.91402816772461,43.02000045776367,43.709999084472656,42.5,42.81999969482422,9161800
2009-07-22,32.13364028930664,42.0,43.459999084472656,41.95000076293945,42.400001525878906,12052300
2009-07-23,32.09538650512695,41.95000076293945,42.189998626708984,40.779998779296875,42.0,13617700
2009-07-24,32.416717529296875,42.369998931884766,42.4900016784668,41.720001220703125,41.95000076293945,5068000
2009-07-27,32.3172492980957,42.2400016784668,42.369998931884766,41.43000030517578,42.0,5671700
2009-07-28,33.089996337890625,43.25,43.349998474121094,41.79999923706055,41.9900016784668,7831200
2009-07-29,33.181800842285156,43.369998931884766,43.5,42.63999938964844,43.0,5078100
2009-07-30,33.08235549926758,43.2400016784668,44.5,43.130001068115234,43.939998626708984,8279800
2009-07-31,32.82986068725586,42.90999984741211,43.4900016784668,42.79999923706055,43.31999969482422,6029200
2009-08-03,33.50314712524414,43.790000915527344,44.02000045776367,42.5099983215332,43.18000030517578,6064800
2009-08-04,33.78622055053711,44.15999984741211,44.439998626708984,43.349998474121094,43.63999938964844,5964600
2009-08-05,34.01022720336914,44.029998779296875,44.209999084472656,43.400001525878906,43.630001068115234,7129800
2009-08-06,35.16115951538086,45.52000045776367,45.72999954223633,44.029998779296875,44.290000915527344,10207000
2009-08-07,36.06491470336914,46.689998626708984,47.209999084472656,45.380001068115234,45.88999938964844,6689100
2009-08-10,35.354270935058594,45.77000045776367,46.40999984741211,45.189998626708984,46.40999984741211,5620600
2009-08-11,35.06073760986328,45.38999938964844,45.83000183105469,44.84000015258789,45.560001373291016,5121500
2009-08-12,35.79454040527344,46.34000015258789,46.779998779296875,45.310001373291016,45.33000183105469,4682100
2009-08-13,36.010833740234375,46.619998931884766,46.869998931884766,45.75,46.45000076293945,3484300
2009-08-14,34.659061431884766,44.869998931884766,46.2400016784668,44.209999084472656,45.81999969482422,10505300
2009-08-17,34.11064529418945,44.15999984741211,44.279998779296875,43.70000076293945,44.15999984741211,5211100
2009-08-18,33.8171272277832,43.779998779296875,44.529998779296875,43.689998626708984,44.0,5444200
2009-08-19,33.61628341674805,43.52000045776367,43.90999984741211,43.099998474121094,43.5,6578900
2009-08-20,34.55866241455078,44.7400016784668,44.83000183105469,43.4900016784668,43.540000915527344,5192100
2009-08-21,35.4315071105957,45.869998931884766,46.02000045776367,44.91999816894531,45.18000030517578,5529800
2009-08-24,36.4047737121582,47.130001068115234,47.790000915527344,45.970001220703125,46.5099983215332,6157100
2009-08-25,37.26988983154297,48.25,48.77000045776367,47.279998779296875,47.5,8247900
2009-08-26,36.93775939941406,47.81999969482422,48.380001068115234,47.439998626708984,48.06999969482422,3956000
2009-08-27,40.0274772644043,51.81999969482422,52.380001068115234,51.0,51.369998931884766,17771800
2009-08-28,39.424991607666016,51.040000915527344,52.529998779296875,50.70000076293945,51.68000030517578,11455800
2009-08-31,38.36675262451172,49.66999816894531,50.25,49.02000045776367,50.16999816894531,9297900
2009-09-01,37.67156982421875,48.77000045776367,50.380001068115234,48.470001220703125,49.209999084472656,8242400
2009-09-02,37.385765075683594,48.400001525878906,48.97999954223633,48.15999984741211,48.59000015258789,3835700
2009-09-03,37.43211364746094,48.459999084472656,48.83000183105469,47.7599983215332,48.66999816894531,5466500
2009-09-04,37.96509552001953,49.150001525878906,49.2599983215332,48.04999923706055,48.7400016784668,5711400
2009-09-08,38.23544692993164,49.5,49.880001068115234,48.810001373291016,49.72999954223633,4583900
2009-09-09,39.03104782104492,50.529998779296875,51.150001525878906,49.70000076293945,49.70000076293945,5895800
2009-09-10,39.000144958496094,50.4900016784668,50.720001220703125,49.790000915527344,50.41999816894531,3847200
2009-09-11,39.6644401550293,51.349998474121094,51.439998626708984,50.47999954223633,50.63999938964844,5880500
2009-09-14,39.370914459228516,50.970001220703125,51.2599983215332,50.439998626708984,50.9900016784668,4392700
2009-09-15,40.2205924987793,52.06999969482422,52.34000015258789,50.880001068115234,51.2599983215332,6584400
2009-09-16,40.44459915161133,52.36000061035156,52.7599983215332,51.790000915527344,52.439998626708984,5101400
2009-09-17,40.84627151489258,52.880001068115234,53.15999984741211,52.20000076293945,52.25,4676800
2009-09-18,40.95439529418945,53.02000045776367,53.290000915527344,52.099998474121094,53.02000045776367,6532900
2009-09-21,40.8308219909668,52.86000061035156,53.36000061035156,52.41999816894531,52.599998474121094,3076100
2009-09-22,41.047096252441406,53.13999938964844,53.310001373291016,52.130001068115234,52.959999084472656,3898300
2009-09-23,40.45232391357422,52.369998931884766,53.400001525878906,52.2599983215332,53.349998474121094,4609100
2009-09-24,40.004310607910156,51.790000915527344,52.52000045776367,51.52000045776367,52.22999954223633,5351900
2009-09-25,39.795753479003906,51.52000045776367,52.400001525878906,51.29999923706055,51.86000061035156,3638600
2009-09-28,40.99302673339844,53.06999969482422,53.34000015258789,51.7599983215332,51.81999969482422,4921900
2009-09-29,42.1902961730957,54.619998931884766,55.47999954223633,53.279998779296875,53.279998779296875,7266000
2009-09-30,41.82726287841797,54.150001525878906,55.25,53.459999084472656,54.86000061035156,5939600
2009-10-01,40.251487731933594,52.11000061035156,53.900001525878906,52.029998779296875,53.849998474121094,6606000
2009-10-02,39.703060150146484,51.400001525878906,51.7599983215332,50.099998474121094,51.189998626708984,6041200
2009-10-05,40.382808685302734,52.279998779296875,52.52000045776367,51.380001068115234,51.75,3083000
2009-10-06,40.390525817871094,52.290000915527344,52.56999969482422,51.150001525878906,51.540000915527344,6244300
2009-10-07,40.004310607910156,51.790000915527344,52.25,51.25,52.18000030517578,3659300
2009-10-08,40.398258209228516,52.29999923706055,52.599998474121094,51.86000061035156,52.29999923706055,3190600
2009-10-09,40.699501037597656,52.689998626708984,52.75,51.959999084472656,52.4900016784668,2589700
2009-10-12,39.90389633178711,51.65999984741211,52.72999954223633,51.380001068115234,52.65999984741211,3974100
2009-10-13,40.08927536010742,51.900001525878906,51.97999954223633,51.36000061035156,51.63999938964844,3023600
2009-10-14,40.56045913696289,52.5099983215332,52.54999923706055,51.56999969482422,52.310001373291016,4646100
2009-10-15,39.981136322021484,51.7599983215332,52.529998779296875,50.939998626708984,52.029998779296875,5684300
2009-10-16,41.08571243286133,53.189998626708984,53.720001220703125,50.849998474121094,51.189998626708984,7431400
2009-10-19,41.28655242919922,53.45000076293945,53.75,52.59000015258789,53.31999969482422,3841200
2009-10-20,40.0815544128418,51.88999938964844,52.29999923706055,51.06999969482422,51.709999084472656,8189400
2009-10-21,39.1082878112793,50.630001068115234,52.0,50.5,51.06999969482422,8115500
2009-10-22,39.44816207885742,51.06999969482422,51.22999954223633,49.75,50.33000183105469,6375000
2009-10-23,38.53668212890625,49.88999938964844,51.060001373291016,49.5,51.060001373291016,5856700
2009-10-26,37.30079650878906,48.290000915527344,49.97999954223633,48.0,49.849998474121094,7427700
2009-10-27,36.88368225097656,47.75,48.529998779296875,47.54999923706055,48.29999923706055,7044700
2009-10-28,36.47429656982422,47.220001220703125,47.79999923706055,47.18000030517578,47.720001220703125,6909800
2009-10-29,37.70246124267578,48.810001373291016,49.130001068115234,47.810001373291016,48.310001373291016,8301100
2009-10-30,36.922306060791016,47.79999923706055,48.810001373291016,47.65999984741211,48.70000076293945,8702600
2009-11-02,37.28535461425781,48.27000045776367,48.40999984741211,47.33000183105469,47.81999969482422,5932500
2009-11-03,37.15403747558594,48.099998474121094,48.349998474121094,47.459999084472656,48.16999816894531,4899700
2009-11-04,37.45793914794922,48.06999969482422,48.900001525878906,47.79999923706055,48.279998779296875,5082000
2009-11-05,38.782630920410156,49.77000045776367,49.86000061035156,48.31999969482422,48.4900016784668,4916000
2009-11-06,38.712501525878906,49.68000030517578,49.97999954223633,49.310001373291016,49.709999084472656,3212400
2009-11-09,40.01382827758789,51.349998474121094,51.47999954223633,49.88999938964844,50.0099983215332,4444100
2009-11-10,39.21121597290039,50.31999969482422,51.06999969482422,50.130001068115234,51.06999969482422,4735600
2009-11-11,39.491737365722656,50.68000030517578,51.41999816894531,50.540000915527344,50.779998779296875,3545800
2009-11-12,39.180049896240234,50.279998779296875,50.91999816894531,50.09000015258789,50.619998931884766,3323500
2009-11-13,39.491737365722656,50.68000030517578,50.939998626708984,49.720001220703125,49.97999954223633,3545300
2009-11-16,40.89436721801758,52.47999954223633,52.52000045776367,50.880001068115234,51.0,5704600
2009-11-17,40.9333381652832,52.529998779296875,52.689998626708984,51.70000076293945,52.41999816894531,3945400
2009-11-18,40.535919189453125,52.02000045776367,52.63999938964844,51.45000076293945,52.59000015258789,4377300
2009-11-19,40.07617950439453,51.43000030517578,51.79999923706055,50.75,51.540000915527344,3182700
2009-11-20,40.28656005859375,51.70000076293945,51.88999938964844,51.06999969482422,51.119998931884766,4696400
2009-11-23,41.01126480102539,52.630001068115234,53.0,52.31999969482422,52.5,3255300
2009-11-24,40.4969596862793,51.970001220703125,52.630001068115234,50.95000076293945,52.08000183105469,3288200
2009-11-25,41.24502944946289,52.93000030517578,52.95000076293945,51.83000183105469,51.970001220703125,3021500
2009-11-27,40.8709831237793,52.45000076293945,52.810001373291016,51.0,51.349998474121094,3281400
2009-11-30,40.839820861816406,52.40999984741211,52.689998626708984,51.779998779296875,52.43000030517578,5432200
2009-12-01,41.86064529418945,53.720001220703125,54.220001220703125,52.75,52.75,6359000
2009-12-02,41.90738296508789,53.779998779296875,54.56999969482422,53.2599983215332,54.040000915527344,5980000
2009-12-03,41.89959716796875,53.77000045776367,54.40999984741211,53.5099983215332,53.9900016784668,3997600
2009-12-04,42.60868835449219,54.68000030517578,55.45000076293945,53.619998931884766,54.75,5449900
2009-12-07,43.49702453613281,55.81999969482422,55.95000076293945,54.900001525878906,55.20000076293945,4948800
2009-12-08,43.37234115600586,55.65999984741211,56.220001220703125,55.060001373291016,55.9900016784668,4658500
2009-12-09,43.22429275512695,55.470001220703125,55.79999923706055,55.11000061035156,55.75,3900100
2009-12-10,42.8658447265625,55.0099983215332,56.38999938964844,54.720001220703125,55.650001525878906,5755600
2009-12-11,43.32558822631836,55.599998474121094,55.79999923706055,55.119998931884766,55.470001220703125,7396600
2009-12-14,43.676246643066406,56.04999923706055,56.560001373291016,55.81999969482422,56.02000045776367,4830600
2009-12-15,43.38013458251953,55.66999816894531,56.369998931884766,55.33000183105469,56.369998931884766,7364800
2009-12-16,42.9593620300293,55.130001068115234,56.13999938964844,54.45000076293945,56.11000061035156,7803800
2009-12-17,42.4450569152832,54.470001220703125,55.400001525878906,54.40999984741211,54.900001525878906,5824200
2009-12-18,41.64244079589844,53.439998626708984,54.7400016784668,53.099998474121094,54.70000076293945,8920500
2009-12-21,42.31258773803711,54.29999923706055,54.5,53.36000061035156,53.36000061035156,3655800
2009-12-22,42.935970306396484,55.099998474121094,55.369998931884766,54.310001373291016,54.380001068115234,3669800
2009-12-23,42.826881408691406,54.959999084472656,55.650001525878906,54.91999816894531,55.40999984741211,3061900
2009-12-24,43.23208236694336,55.47999954223633,55.560001373291016,55.11000061035156,55.2599983215332,1004000
2009-12-28,42.96714782714844,55.13999938964844,55.54999923706055,54.88999938964844,55.33000183105469,2072200
2009-12-29,43.021690368652344,55.209999084472656,55.459999084472656,55.13999938964844,55.34000015258789,2164000
2009-12-30,42.826881408691406,54.959999084472656,55.290000915527344,54.75,54.86000061035156,2461000
2009-12-31,42.18011474609375,54.130001068115234,55.220001220703125,54.04999923706055,55.0,2189400
2010-01-04,43.777549743652344,56.18000030517578,56.38999938964844,54.79999923706055,55.720001220703125,6186700
2010-01-05,45.211341857910156,58.02000045776367,58.279998779296875,56.0,56.25,8867800
2010-01-06,46.58280563354492,59.779998779296875,59.9900016784668,57.880001068115234,58.22999954223633,8836500
2010-01-07,48.46855926513672,62.20000076293945,62.310001373291016,59.02000045776367,59.5099983215332,14379100
2010-01-08,48.000999450683594,61.599998474121094,61.779998779296875,60.86000061035156,61.540000915527344,7146600
2010-01-11,47.43217849731445,60.869998931884766,62.09000015258789,60.5099983215332,61.95000076293945,5624900
2010-01-12,47.089298248291016,60.43000030517578,61.20000076293945,59.90999984741211,60.06999969482422,5273800
2010-01-13,47.65814208984375,61.15999984741211,61.70000076293945,60.349998474121094,60.61000061035156,4950400
2010-01-14,47.969844818115234,61.560001373291016,61.619998931884766,60.779998779296875,61.029998779296875,3000400
2010-01-15,47.39321517944336,60.81999969482422,61.560001373291016,60.209999084472656,61.529998779296875,5067300
2010-01-19,47.26073455810547,60.650001525878906,61.0099983215332,59.959999084472656,60.599998474121094,5427100
2010-01-20,46.91007995605469,60.20000076293945,60.56999969482422,58.529998779296875,60.33000183105469,5374100
2010-01-21,46.13084030151367,59.20000076293945,61.2599983215332,58.900001525878906,60.29999923706055,5401300
2010-01-22,45.01653289794922,57.77000045776367,59.16999816894531,57.70000076293945,58.619998931884766,4743300
2010-01-25,45.02432632446289,57.779998779296875,58.75,57.5,58.349998474121094,3489900
2010-01-26,44.969791412353516,57.709999084472656,58.5,57.22999954223633,57.540000915527344,4552000
2010-01-27,48.25816345214844,61.93000030517578,62.08000183105469,58.83000183105469,58.84000015258789,14758500
2010-01-28,48.74909210205078,62.560001373291016,62.95000076293945,61.310001373291016,62.150001525878906,8862500
2010-01-29,47.22177505493164,60.599998474121094,63.400001525878906,60.31999969482422,62.79999923706055,8725400
2010-02-01,48.07894515991211,61.70000076293945,61.86000061035156,60.720001220703125,60.7400016784668,5919900
2010-02-02,48.265960693359375,61.939998626708984,62.0,61.0,61.290000915527344,7862300
2010-02-03,48.2188835144043,61.459999084472656,61.79999923706055,60.849998474121094,61.52000045776367,5480600
2010-02-04,46.53993225097656,59.31999969482422,61.16999816894531,59.25,60.95000076293945,7490700
2010-02-05,45.81813430786133,58.400001525878906,59.7400016784668,57.13999938964844,59.209999084472656,9675700
2010-02-08,45.41802215576172,57.88999938964844,58.970001220703125,57.779998779296875,58.33000183105469,4724500
2010-02-09,46.86943817138672,59.7400016784668,60.43000030517578,58.38999938964844,58.619998931884766,8250900
2010-02-10,46.7125358581543,59.540000915527344,60.04999923706055,58.939998626708984,59.709999084472656,4237100
2010-02-11,47.53632354736328,60.59000015258789,60.75,58.939998626708984,59.75,4395800
2010-02-12,46.7988395690918,59.650001525878906,59.91999816894531,58.93000030517578,59.869998931884766,5178300
2010-02-16,48.061973571777344,61.2599983215332,61.290000915527344,59.900001525878906,60.41999816894531,4268700
2010-02-17,48.50132369995117,61.81999969482422,62.0,61.0,61.38999938964844,4116200
2010-02-18,49.34078598022461,62.88999938964844,63.0099983215332,61.720001220703125,61.779998779296875,4390300
2010-02-19,49.889976501464844,63.59000015258789,64.33999633789062,62.650001525878906,62.650001525878906,7371100
2010-02-22,50.1881217956543,63.970001220703125,64.47000122070312,63.189998626708984,63.58000183105469,6034100
2010-02-23,49.246646881103516,62.77000045776367,64.16999816894531,62.25,63.810001373291016,6483800
2010-02-24,49.80369567871094,63.47999954223633,63.70000076293945,62.63999938964844,63.0,3400400
2010-02-25,49.32510757446289,62.869998931884766,62.970001220703125,62.0,62.720001220703125,5043100
2010-02-26,49.552616119384766,63.15999984741211,63.880001068115234,63.029998779296875,63.09000015258789,4416000
2010-03-01,50.21166229248047,64.0,64.33000183105469,63.0,63.04999923706055,5265600
2010-03-02,50.55686950683594,64.44000244140625,65.33000183105469,64.36000061035156,64.63999938964844,4383200
2010-03-03,50.564697265625,64.44999694824219,64.97000122070312,64.05000305175781,64.58000183105469,4289400
2010-03-04,51.42771911621094,65.55000305175781,65.80000305175781,64.8499984741211,65.08999633789062,7718700
2010-03-05,53.29496765136719,67.93000030517578,68.04000091552734,66.02999877929688,66.05999755859375,8505600
2010-03-08,52.75362014770508,67.23999786376953,68.01000213623047,67.12999725341797,68.01000213623047,5075600
2010-03-09,53.18512725830078,67.79000091552734,68.33999633789062,67.3499984741211,67.56999969482422,7655900
2010-03-10,54.92684555053711,70.01000213623047,70.4800033569336,68.02999877929688,68.13999938964844,10616500
2010-03-11,54.97393035888672,70.06999969482422,70.43000030517578,69.1500015258789,70.08000183105469,7289500
2010-03-12,54.785640716552734,69.83000183105469,70.48999786376953,69.25,70.4800033569336,5302100
2010-03-15,54.44826126098633,69.4000015258789,69.7699966430664,68.5199966430664,69.37000274658203,7709000
2010-03-16,53.91477584838867,68.72000122070312,69.31999969482422,68.30000305175781,69.23999786376953,7494400
2010-03-17,54.43255615234375,69.37999725341797,69.48999786376953,68.29000091552734,68.97000122070312,6004300
2010-03-18,55.6015510559082,70.87000274658203,70.93000030517578,69.19000244140625,69.3499984741211,7433700
2010-03-19,55.48387908935547,70.72000122070312,73.30000305175781,70.72000122070312,70.72000122070312,17722500
2010-03-22,56.417518615722656,71.91000366210938,72.63999938964844,71.51000213623047,71.66000366210938,9013600
2010-03-23,56.62933349609375,72.18000030517578,72.62999725341797,71.51000213623047,72.54000091552734,4985400
2010-03-24,56.739173889160156,72.31999969482422,73.19999694824219,71.77999877929688,72.41999816894531,7700000
2010-03-25,56.872535705566406,72.48999786376953,73.43000030517578,72.0,72.94999694824219,5431000
2010-03-26,56.95099639892578,72.58999633789062,72.98999786376953,72.3499984741211,72.66000366210938,4933700
2010-03-29,58.14353561401367,74.11000061035156,74.52999877929688,73.0,73.08000183105469,9064200
2010-03-30,57.688480377197266,73.52999877929688,74.18000030517578,72.69999694824219,73.83999633789062,4381300
2010-03-31,56.96669387817383,72.61000061035156,73.05999755859375,71.94999694824219,72.91999816894531,5884600
2010-04-01,57.26484298706055,72.98999786376953,73.51000213623047,72.30000305175781,73.23999786376953,4411000
2010-04-05,56.51950454711914,72.04000091552734,73.05000305175781,70.94999694824219,72.98999786376953,9326300
2010-04-06,56.77054977416992,72.36000061035156,73.18000030517578,71.7699966430664,71.83999633789062,5193800
2010-04-07,56.56656265258789,72.0999984741211,72.5199966430664,71.47000122070312,72.16000366210938,6717200
2010-04-08,56.70778274536133,72.27999877929688,72.45999908447266,71.20999908447266,71.88999938964844,3741500
2010-04-09,56.817623138427734,72.41999816894531,72.66000366210938,71.80999755859375,72.26000213623047,3345700
2010-04-12,56.425350189208984,71.91999816894531,72.56999969482422,71.80000305175781,72.1500015258789,3666100
2010-04-13,55.85263442993164,71.19000244140625,71.69000244140625,70.5,71.54000091552734,5079300
2010-04-14,56.252750396728516,71.69999694824219,71.76000213623047,70.80999755859375,70.83000183105469,3495900
2010-04-15,56.5587272644043,72.08999633789062,72.61000061035156,71.33999633789062,71.33999633789062,2943700
2010-04-16,55.5388069152832,70.79000091552734,72.0999984741211,69.87999725341797,72.0999984741211,8071300
2010-04-19,55.672176361083984,70.95999908447266,71.27999877929688,70.16000366210938,70.2699966430664,4203100
2010-04-20,56.025238037109375,71.41000366210938,71.9800033569336,70.94999694824219,71.54000091552734,4759600
2010-04-21,58.182762145996094,74.16000366210938,74.6500015258789,71.51000213623047,71.51000213623047,12035700
2010-04-22,59.304656982421875,75.58999633789062,76.0,73.68000030517578,74.45999908447266,9088900
2010-04-23,58.94377517700195,75.12999725341797,75.68000030517578,74.55000305175781,75.04000091552734,5198200
2010-04-26,58.32398223876953,74.33999633789062,75.29000091552734,74.13999938964844,74.58000183105469,4023900
2010-04-27,56.86470413208008,72.4800033569336,74.93000030517578,72.2300033569336,74.6500015258789,6048300
2010-04-28,56.778404235839844,72.37000274658203,72.98999786376953,71.33999633789062,72.94999694824219,5699500
2010-04-29,57.8924674987793,73.79000091552734,74.0,72.66999816894531,73.0,5202000
2010-04-30,56.82548141479492,72.43000030517578,74.4800033569336,72.26000213623047,73.80000305175781,5600900
2010-05-03,58.36320877075195,74.38999938964844,74.69999694824219,72.45999908447266,72.62000274658203,5407700
2010-05-04,57.107906341552734,72.79000091552734,73.44999694824219,72.2300033569336,73.30999755859375,6229300
2010-05-05,56.02680969238281,71.0,72.04000091552734,70.44000244140625,71.9000015258789,5509200
2010-05-06,53.63582992553711,67.97000122070312,71.48999786376953,62.0,70.66000366210938,13769700
2010-05-07,52.649444580078125,66.72000122070312,69.12000274658203,65.80000305175781,68.29000091552734,8926100
2010-05-10,56.02680969238281,71.0,71.7300033569336,69.80000305175781,69.95999908447266,8841700
2010-05-11,56.35825729370117,71.41999816894531,72.66999816894531,70.13999938964844,70.30999755859375,6550300
2010-05-12,57.50246810913086,72.87000274658203,73.37000274658203,72.04000091552734,72.04000091552734,6330100
2010-05-13,56.626556396484375,71.76000213623047,73.30000305175781,71.55999755859375,72.66000366210938,3952900
2010-05-14,55.095672607421875,69.81999969482422,71.4000015258789,68.9800033569336,71.08000183105469,7952800
2010-05-17,54.98519515991211,69.68000030517578,70.37000274658203,67.62000274658203,70.36000061035156,4813600
2010-05-18,53.438560485839844,67.72000122070312,70.12999725341797,67.30000305175781,69.88999938964844,8881500
2010-05-19,52.24698257446289,66.20999908447266,67.55000305175781,65.29000091552734,66.8499984741211,9974000
2010-05-20,49.71395492553711,63.0,65.11000061035156,62.79999923706055,65.0,10899800
2010-05-21,50.944969177246094,64.55999755859375,65.0,61.38999938964844,61.9900016784668,10882600
2010-05-24,49.832313537597656,63.150001525878906,64.61000061035156,63.060001373291016,63.65999984741211,6160500
2010-05-25,49.54035568237305,62.779998779296875,62.970001220703125,60.61000061035156,61.0,6903200
2010-05-26,49.91912078857422,63.2599983215332,65.41000366210938,63.0,63.599998474121094,7386100
2010-05-27,51.394771575927734,65.12999725341797,65.2300033569336,63.90999984741211,64.86000061035156,7443400
2010-05-28,50.64509963989258,64.18000030517578,65.26000213623047,63.5099983215332,65.1500015258789,5775600
2010-06-01,49.67449951171875,62.95000076293945,65.19999694824219,62.86000061035156,64.2699966430664,6318500
2010-06-02,50.7713623046875,64.33999633789062,64.37000274658203,62.060001373291016,63.38999938964844,4587900
2010-06-03,50.747676849365234,64.30999755859375,64.83999633789062,63.5099983215332,64.83999633789062,3775600
2010-06-04,48.25410079956055,61.150001525878906,63.40999984741211,60.93000030517578,63.25,8228800
2010-06-07,47.43342208862305,60.11000061035156,61.70000076293945,60.06999969482422,61.689998626708984,5918400
2010-06-08,48.151512145996094,61.02000045776367,61.099998474121094,59.84000015258789,60.33000183105469,7191200
2010-06-09,48.69599914550781,61.709999084472656,63.18000030517578,61.16999816894531,61.47999954223633,7726900
2010-06-10,50.416259765625,63.88999938964844,64.01000213623047,62.29999923706055,62.810001373291016,5682900
2010-06-11,51.59202575683594,65.37999725341797,65.69999694824219,63.150001525878906,63.15999984741211,8461800
2010-06-14,51.15013122558594,64.81999969482422,66.55000305175781,64.70999908447266,66.22000122070312,6000100
2010-06-15,53.249168395996094,67.4800033569336,67.56999969482422,65.47000122070312,65.66999816894531,6400600
2010-06-16,52.89406204223633,67.02999877929688,67.55999755859375,66.5999984741211,66.93000030517578,4451700
2010-06-17,53.075557708740234,67.26000213623047,67.48999786376953,65.87999725341797,67.4800033569336,3637100
2010-06-18,53.6279411315918,67.95999908447266,68.13999938964844,67.16000366210938,67.37999725341797,6213700
2010-06-21,53.63582992553711,67.97000122070312,69.33999633789062,67.56999969482422,68.94999694824219,4109500
2010-06-22,52.3022346496582,66.27999877929688,68.47000122070312,66.1500015258789,67.97000122070312,4188200
2010-06-23,53.22548294067383,67.44999694824219,67.87999725341797,65.6500015258789,66.41999816894531,6098600
2010-06-24,53.20970916748047,67.43000030517578,68.23999786376953,67.13999938964844,67.16999816894531,7768700
2010-06-25,54.26712417602539,68.7699966430664,68.7699966430664,66.66999816894531,67.30999755859375,13325500
2010-06-28,53.10712432861328,67.30000305175781,68.62000274658203,67.26000213623047,68.43000030517578,5517000
2010-06-29,49.745513916015625,63.040000915527344,66.19999694824219,62.560001373291016,66.11000061035156,9210000
2010-06-30,49.51666259765625,62.75,64.20999908447266,62.58000183105469,63.04999923706055,7102200
2010-07-01,49.1300048828125,62.2599983215332,62.720001220703125,61.310001373291016,62.47999954223633,6465100
2010-07-02,48.877498626708984,61.939998626708984,62.5,61.16999816894531,62.31999969482422,3561300
2010-07-06,48.419803619384766,61.36000061035156,63.02000045776367,60.650001525878906,62.709999084472656,5444200
2010-07-07,49.95067596435547,63.29999923706055,63.369998931884766,61.029998779296875,61.47999954223633,4785100
2010-07-08,51.0791130065918,64.7300033569336,64.88999938964844,63.54999923706055,64.08999633789062,4489200
2010-07-09,51.02387619018555,64.66000366210938,65.19999694824219,64.01000213623047,65.19999694824219,3145000
2010-07-12,50.7713623046875,64.33999633789062,64.9800033569336,64.01000213623047,64.55000305175781,2299500
2010-07-13,50.84238052368164,64.43000030517578,65.36000061035156,64.18000030517578,65.1500015258789,6208300
2010-07-14,51.09489440917969,64.75,65.38999938964844,64.05000305175781,64.29000091552734,3822500
2010-07-15,50.79502868652344,64.37000274658203,65.77999877929688,63.36000061035156,65.6500015258789,8068800
2010-07-16,48.845924377441406,61.900001525878906,64.26000213623047,61.68000030517578,63.959999084472656,7016400
2010-07-19,49.85598373413086,63.18000030517578,63.36000061035156,62.040000915527344,62.720001220703125,5031500
2010-07-20,50.408363342285156,63.880001068115234,64.0,61.83000183105469,62.2599983215332,5068600
2010-07-21,49.85598373413086,63.18000030517578,64.80999755859375,62.66999816894531,64.4000015258789,4459500
2010-07-22,52.55474853515625,66.5999984741211,67.11000061035156,64.0199966430664,64.0199966430664,7572300
2010-07-23,53.60427474975586,67.93000030517578,68.16999816894531,66.36000061035156,66.48999786376953,5023400
2010-07-26,54.330230712890625,68.8499984741211,68.98999786376953,68.0,68.1500015258789,5836600
2010-07-27,54.14875793457031,68.62000274658203,69.75,68.4000015258789,69.25,5686800
2010-07-28,53.12290954589844,67.31999969482422,68.0,66.9000015258789,67.62000274658203,5540700
2010-07-29,53.04400634765625,67.22000122070312,68.52999877929688,66.69000244140625,67.8499984741211,4458600
2010-07-30,53.769981384277344,68.13999938964844,68.37999725341797,66.47000122070312,66.61000061035156,6022000
2010-08-02,54.99309539794922,69.69000244140625,69.93000030517578,68.5,69.01000213623047,5430800
2010-08-03,54.87472152709961,69.54000091552734,70.0,68.93000030517578,69.30999755859375,3773400
2010-08-04,54.97793960571289,69.25,69.93000030517578,69.16000366210938,69.41999816894531,3860000
2010-08-05,54.549232482910156,68.70999908447266,69.25,68.33000183105469,68.7300033569336,4312900
2010-08-06,54.54128646850586,68.69999694824219,68.72000122070312,67.36000061035156,68.02999877929688,4498800
2010-08-09,54.77152633666992,68.98999786376953,69.47000122070312,68.44999694824219,69.16999816894531,2904300
2010-08-10,54.47779083251953,68.62000274658203,68.97000122070312,67.54000091552734,68.29000091552734,4126200
2010-08-11,52.0801887512207,65.5999984741211,67.26000213623047,64.91999816894531,67.18000030517578,5230700
2010-08-12,51.36567687988281,64.69999694824219,65.2699966430664,64.44000244140625,64.6500015258789,3847700
2010-08-13,51.476806640625,64.83999633789062,65.69999694824219,64.54000091552734,64.58999633789062,3665200
2010-08-16,51.12750244140625,64.4000015258789,64.93000030517578,63.650001525878906,64.2699966430664,3033200
2010-08-17,52.38981628417969,65.98999786376953,66.91000366210938,64.6500015258789,65.16000366210938,4303900
2010-08-18,52.39775466918945,66.0,66.36000061035156,64.98999786376953,66.05000305175781,2812800
2010-08-19,51.302154541015625,64.62000274658203,65.81999969482422,64.1500015258789,65.73999786376953,4200700
2010-08-20,51.28628158569336,64.5999984741211,64.7300033569336,63.59000015258789,64.19999694824219,3865900
2010-08-23,50.25420379638672,63.29999923706055,65.23999786376953,63.209999084472656,65.08999633789062,3887800
2010-08-24,48.37264633178711,60.93000030517578,62.810001373291016,60.529998779296875,62.54999923706055,9981400
2010-08-25,48.237693786621094,60.7599983215332,61.11000061035156,59.47999954223633,60.4900016784668,5143200
2010-08-26,48.68225860595703,61.31999969482422,62.560001373291016,61.06999969482422,61.36000061035156,4883300
2010-08-27,50.143062591552734,63.15999984741211,63.34000015258789,60.56999969482422,61.130001068115234,6851600
2010-08-30,49.301513671875,62.099998474121094,63.189998626708984,62.099998474121094,63.0,3279200
2010-08-31,48.531429290771484,61.130001068115234,62.18000030517578,60.79999923706055,62.0,5309500
2010-09-01,49.45235061645508,62.290000915527344,63.09000015258789,61.65999984741211,61.790000915527344,5688800
2010-09-02,50.325653076171875,63.38999938964844,63.38999938964844,62.20000076293945,62.34000015258789,3465800
2010-09-03,51.31803512573242,64.63999938964844,65.41999816894531,64.08999633789062,64.47000122070312,3471600
2010-09-07,50.34946060180664,63.41999816894531,64.25,63.290000915527344,64.25,2529800
2010-09-08,51.206886291503906,64.5,65.0,63.58000183105469,63.599998474121094,3747800
2010-09-09,50.3653450012207,63.439998626708984,65.62999725341797,62.95000076293945,65.51000213623047,4190700
2010-09-10,50.68291091918945,63.84000015258789,64.0999984741211,62.959999084472656,63.380001068115234,3210300
2010-09-13,50.960784912109375,64.19000244140625,64.9800033569336,63.91999816894531,64.7300033569336,3119100
2010-09-14,49.82549285888672,62.7599983215332,64.3499984741211,62.43000030517578,64.0199966430664,6025500
2010-09-15,49.80167007446289,62.72999954223633,62.790000915527344,61.88999938964844,62.4900016784668,4928100
2010-09-16,49.682586669921875,62.58000183105469,63.349998474121094,62.20000076293945,62.38999938964844,4676500
2010-09-17,49.976341247558594,62.95000076293945,63.34000015258789,62.0,63.2599983215332,10702700
2010-09-20,50.58763885498047,63.720001220703125,63.900001525878906,62.529998779296875,62.9900016784668,4169100
2010-09-21,50.9925422668457,64.2300033569336,64.5,63.38999938964844,63.79999923706055,5361200
2010-09-22,50.73054885864258,63.900001525878906,64.86000061035156,63.630001068115234,64.37999725341797,3635500
2010-09-23,49.7381591796875,62.650001525878906,63.4900016784668,62.560001373291016,63.310001373291016,3656800
2010-09-24,51.28628158569336,64.5999984741211,64.83000183105469,63.33000183105469,63.52000045776367,4626900
2010-09-27,50.72260665893555,63.88999938964844,64.69999694824219,63.79999923706055,64.61000061035156,2762400
2010-09-28,51.22276306152344,64.5199966430664,64.66999816894531,62.939998626708984,63.849998474121094,3561500
2010-09-29,52.37392807006836,65.97000122070312,66.26000213623047,64.44000244140625,64.70999908447266,5874700
2010-09-30,52.826446533203125,66.54000091552734,67.97000122070312,66.05000305175781,67.08999633789062,8214300
2010-10-01,53.05668640136719,66.83000183105469,67.9800033569336,66.66999816894531,67.54000091552734,4483000
2010-10-04,52.65974807739258,66.33000183105469,67.88999938964844,65.86000061035156,66.56999969482422,4073700
2010-10-05,54.46189880371094,68.5999984741211,68.9800033569336,67.0199966430664,67.0199966430664,7517800
2010-10-06,54.44602584838867,68.58000183105469,69.38999938964844,68.41000366210938,68.61000061035156,4718400
2010-10-07,54.35075378417969,68.45999908447266,69.13999938964844,67.80000305175781,68.97000122070312,5501400
2010-10-08,54.962066650390625,69.2300033569336,69.70999908447266,68.1500015258789,68.47000122070312,3335700
2010-10-11,55.565433502197266,69.98999786376953,70.25,69.2300033569336,69.51000213623047,3469400
2010-10-12,55.748016357421875,70.22000122070312,70.5999984741211,68.91000366210938,70.16000366210938,4381600
2010-10-13,56.740413665771484,71.47000122070312,72.16999816894531,70.66000366210938,70.7300033569336,6038900
2010-10-14,56.653079986572266,71.36000061035156,72.0,70.8499984741211,71.7300033569336,3841500
2010-10-15,55.66069412231445,70.11000061035156,71.9000015258789,70.05000305175781,71.8499984741211,5641300
2010-10-18,55.7559700012207,70.2300033569336,71.05000305175781,70.02999877929688,70.19000244140625,4818500
2010-10-19,54.81914520263672,69.05000305175781,69.95999908447266,68.3499984741211,69.56999969482422,4493400
2010-10-20,56.653079986572266,71.36000061035156,71.94000244140625,69.56999969482422,70.0,8067700
2010-10-21,56.76423645019531,71.5,71.87999725341797,70.56999969482422,71.61000061035156,4622700
2010-10-22,56.57368087768555,71.26000213623047,71.62999725341797,70.61000061035156,71.37999725341797,3062400
2010-10-25,56.891258239746094,71.66000366210938,72.48999786376953,71.47000122070312,71.68000030517578,4802900
2010-10-26,56.605438232421875,71.30000305175781,71.6500015258789,70.7300033569336,71.0999984741211,3544500
2010-10-27,56.25613021850586,70.86000061035156,71.11000061035156,69.70999908447266,70.87000274658203,3808200
2010-10-28,56.581626892089844,71.2699966430664,71.79000091552734,70.3499984741211,71.30000305175781,4119800
2010-10-29,56.08146667480469,70.63999938964844,71.45999908447266,70.36000061035156,71.1500015258789,3192300
2010-11-01,55.95444869995117,70.4800033569336,71.88999938964844,69.91000366210938,70.70999908447266,3321400
2010-11-02,55.39870834350586,69.77999877929688,70.9800033569336,68.80000305175781,70.8499984741211,6339800
2010-11-03,55.06325912475586,68.94000244140625,69.7300033569336,68.04000091552734,69.66000366210938,4670800
2010-11-04,56.58878707885742,70.8499984741211,71.58000183105469,69.77999877929688,70.0,5758100
2010-11-05,56.92426681518555,71.2699966430664,71.6500015258789,70.5,70.8499984741211,3625800
2010-11-08,56.07761764526367,70.20999908447266,70.41000366210938,69.75,70.05999755859375,4171600
2010-11-09,55.31084060668945,69.25,70.55000305175781,68.83000183105469,70.2699966430664,4587500
2010-11-10,53.56965637207031,67.06999969482422,67.69000244140625,66.79000091552734,67.69000244140625,10494700
2010-11-11,52.21185302734375,65.37000274658203,66.69999694824219,65.04000091552734,66.55000305175781,10033700
2010-11-12,50.390777587890625,63.09000015258789,65.25,63.0099983215332,65.01000213623047,16721500
2010-11-15,50.80610656738281,63.61000061035156,64.0999984741211,62.619998931884766,63.349998474121094,10964500
2010-11-16,50.1431770324707,62.779998779296875,63.349998474121094,61.84000015258789,63.349998474121094,9615800
2010-11-17,49.91954040527344,62.5,63.02000045776367,62.16999816894531,62.66999816894531,8173300
2010-11-18,51.60483169555664,64.61000061035156,64.72000122070312,62.720001220703125,63.349998474121094,11578500
2010-11-19,50.790138244628906,63.59000015258789,64.73999786376953,63.38999938964844,64.52999877929688,8824700
2010-11-22,51.141578674316406,64.02999877929688,64.16999816894531,62.79999923706055,63.02000045776367,5908600
2010-11-23,50.79813766479492,63.599998474121094,64.11000061035156,63.099998474121094,63.43000030517578,6567900
2010-11-24,52.243797302246094,65.41000366210938,65.58000183105469,64.0199966430664,64.37999725341797,6205700
2010-11-26,51.75657272338867,64.80000305175781,65.45999908447266,64.66999816894531,65.08999633789062,2279600
2010-11-29,51.4051513671875,64.36000061035156,64.69999694824219,63.439998626708984,64.33000183105469,4385000
2010-11-30,50.93390655517578,63.77000045776367,64.20999908447266,63.470001220703125,63.72999954223633,5814100
2010-12-01,52.491390228271484,65.72000122070312,65.79000091552734,64.5199966430664,64.66000366210938,7515200
2010-12-02,53.18627166748047,66.58999633789062,66.80000305175781,65.55000305175781,65.62000274658203,4760700
2010-12-03,53.146339416503906,66.54000091552734,66.68000030517578,65.94999694824219,66.58000183105469,3355900
2010-12-06,53.18627166748047,66.58999633789062,66.95999908447266,65.97000122070312,66.41000366210938,3455000
2010-12-07,52.898746490478516,66.2300033569336,67.38999938964844,66.01000213623047,67.04000091552734,4732800
2010-12-08,52.060096740722656,65.18000030517578,66.55999755859375,64.91999816894531,66.19000244140625,5230600
2010-12-09,51.60483169555664,64.61000061035156,65.61000061035156,64.4000015258789,65.61000061035156,5188300
2010-12-10,51.24541473388672,64.16000366210938,64.7699966430664,63.959999084472656,64.62999725341797,5501700
2010-12-13,50.94988250732422,63.790000915527344,64.37999725341797,63.630001068115234,64.2300033569336,4819600
2010-12-14,51.50897216796875,64.48999786376953,65.11000061035156,63.68000030517578,63.849998474121094,6304500
2010-12-15,51.30930709838867,64.23999786376953,64.69000244140625,64.08999633789062,64.29000091552734,3434800
2010-12-16,51.43709945678711,64.4000015258789,64.8499984741211,63.709999084472656,64.33000183105469,5169100
2010-12-17,51.940284729003906,65.02999877929688,65.29000091552734,64.3499984741211,64.88999938964844,8884700
2010-12-20,50.5345573425293,63.27000045776367,64.7699966430664,62.81999969482422,64.73999786376953,9711000
2010-12-21,51.26936721801758,64.19000244140625,64.3499984741211,63.279998779296875,63.61000061035156,5092900
2010-12-22,51.60483169555664,64.61000061035156,65.13999938964844,64.01000213623047,64.44999694824219,5256000
2010-12-23,51.964237213134766,65.05999755859375,65.12000274658203,64.33000183105469,64.55999755859375,3328900
2010-12-27,51.716644287109375,64.75,64.91000366210938,64.33000183105469,64.7300033569336,2548500
2010-12-28,51.804500579833984,64.86000061035156,65.0,64.33000183105469,64.80999755859375,2635100
2010-12-29,51.95625686645508,65.05000305175781,65.19999694824219,64.62000274658203,65.0,2504700
2010-12-30,51.924312591552734,65.01000213623047,65.2300033569336,64.7300033569336,65.11000061035156,2342900
2010-12-31,52.123985290527344,65.26000213623047,65.29000091552734,64.62000274658203,64.9000015258789,2137400
2011-01-03,53.03452682495117,66.4000015258789,66.68000030517578,66.0,66.1500015258789,8072900
2011-01-04,53.46582794189453,66.94000244140625,67.61000061035156,66.51000213623047,66.79000091552734,7979900
2011-01-05,53.89712905883789,67.4800033569336,67.55000305175781,66.48999786376953,66.55000305175781,5890000
2011-01-06,54.95143508911133,68.80000305175781,69.3499984741211,67.45999908447266,67.45999908447266,7507200
2011-01-07,55.41468048095703,69.37999725341797,70.0999984741211,68.80000305175781,69.16000366210938,6797000
2011-01-10,55.18306350708008,69.08999633789062,69.66000366210938,68.3499984741211,69.41999816894531,4397400
2011-01-11,55.07921600341797,68.95999908447266,69.87999725341797,68.66999816894531,69.47000122070312,4443600
2011-01-12,56.029693603515625,70.1500015258789,70.48999786376953,69.51000213623047,69.5999984741211,5935800
2011-01-13,55.77410888671875,69.83000183105469,70.5,69.62000274658203,70.29000091552734,4040100
2011-01-14,55.96579360961914,70.06999969482422,70.19999694824219,69.38999938964844,69.55000305175781,4551500
2011-01-18,57.88269805908203,72.47000122070312,72.56999969482422,70.2300033569336,70.86000061035156,9630700
2011-01-19,57.291656494140625,71.7300033569336,72.98999786376953,71.18000030517578,72.68000030517578,8590500
2011-01-20,56.804443359375,71.12000274658203,71.95999908447266,70.36000061035156,71.3499984741211,6909400
2011-01-21,57.251712799072266,71.68000030517578,72.22000122070312,71.33999633789062,71.91000366210938,4441200
2011-01-24,58.090389251708984,72.7300033569336,72.81999969482422,71.51000213623047,71.5199966430664,5497100
2011-01-25,57.698997497558594,72.23999786376953,72.7300033569336,71.30999755859375,72.48999786376953,5186700
2011-01-26,55.92586135864258,70.0199966430664,70.4800033569336,69.11000061035156,69.98999786376953,13111000
2011-01-27,56.357147216796875,70.55999755859375,71.0,70.0,70.01000213623047,5743600
2011-01-28,55.294883728027344,69.2300033569336,70.94999694824219,69.0,70.80000305175781,5376400
2011-01-31,55.494564056396484,69.4800033569336,69.95999908447266,69.12000274658203,69.26000213623047,4559800
2011-02-01,56.141510009765625,70.29000091552734,70.5,69.5999984741211,70.0,4780400
2011-02-02,56.708587646484375,71.0,71.19000244140625,69.80000305175781,69.83000183105469,4249100
2011-02-03,56.6926155090332,70.9800033569336,71.37999725341797,70.62000274658203,71.0,5092000
2011-02-04,57.0120964050293,71.37999725341797,71.63999938964844,70.68000030517578,70.9000015258789,4079200
2011-02-07,57.45140075683594,71.93000030517578,72.11000061035156,71.1500015258789,71.43000030517578,4153200
2011-02-08,58.07441329956055,72.70999908447266,72.81999969482422,72.0199966430664,72.16999816894531,4083900
2011-02-09,58.347530364990234,72.62999725341797,72.70999908447266,72.0,72.38999938964844,4565700
2011-02-10,58.37163162231445,72.66000366210938,72.98999786376953,71.8499984741211,72.43000030517578,4917000
2011-02-11,57.95389175415039,72.13999938964844,72.69000244140625,71.93000030517578,72.23999786376953,4076100
2011-02-14,58.05028533935547,72.26000213623047,72.69999694824219,71.5999984741211,72.69999694824219,4091200
2011-02-15,57.35942077636719,71.4000015258789,72.0199966430664,71.08999633789062,71.91999816894531,4387500
2011-02-16,58.22703170776367,72.4800033569336,72.62000274658203,71.45999908447266,71.70999908447266,4456600
2011-02-17,58.034217834472656,72.23999786376953,72.51000213623047,71.94000244140625,72.41999816894531,3046400
2011-02-18,58.676910400390625,73.04000091552734,73.5199966430664,72.12999725341797,72.12999725341797,5358600
2011-02-22,56.98183059692383,70.93000030517578,72.48999786376953,70.37999725341797,72.3499984741211,5560100
2011-02-23,56.41948318481445,70.2300033569336,71.48999786376953,70.0,70.94000244140625,5551900
2011-02-24,56.84526824951172,70.76000213623047,72.5,70.08999633789062,70.3499984741211,7015600
2011-02-25,58.082427978515625,72.30000305175781,74.29000091552734,72.05999755859375,73.94000244140625,8127200
2011-02-28,57.84946060180664,72.01000213623047,72.9000015258789,71.69999694824219,72.47000122070312,4098500
2011-03-01,56.33112335205078,70.12000274658203,72.2300033569336,69.98999786376953,71.93000030517578,5186200
2011-03-02,55.8892707824707,69.56999969482422,70.4000015258789,68.5999984741211,70.11000061035156,7069500
2011-03-03,57.60845184326172,71.70999908447266,71.83000183105469,70.12999725341797,70.12999725341797,5457700
2011-03-04,57.68074035644531,71.80000305175781,71.87000274658203,70.27999877929688,71.80000305175781,5702900
2011-03-07,56.941650390625,70.87999725341797,72.06999969482422,69.91000366210938,71.5999984741211,5132000
2011-03-08,57.87355422973633,72.04000091552734,72.5,71.18000030517578,71.4800033569336,5656300
2011-03-09,57.913726806640625,72.08999633789062,72.41999816894531,71.33000183105469,72.01000213623047,5379600
2011-03-10,57.27104187011719,71.29000091552734,72.38999938964844,70.51000213623047,71.30999755859375,5505700
2011-03-11,57.55220413208008,71.63999938964844,71.88999938964844,70.26000213623047,70.29000091552734,3855800
2011-03-14,56.82919692993164,70.73999786376953,71.2300033569336,69.9000015258789,71.16999816894531,4378000
2011-03-15,55.98566818237305,69.69000244140625,70.2300033569336,68.33999633789062,68.33999633789062,6247600
2011-03-16,54.37897872924805,67.69000244140625,69.66999816894531,67.33999633789062,69.2300033569336,9623800
2011-03-17,54.86902618408203,68.30000305175781,69.02999877929688,67.8499984741211,68.58000183105469,4408800
2011-03-18,55.5117073059082,69.0999984741211,69.58000183105469,68.66999816894531,69.20999908447266,5061200
2011-03-21,57.19873046875,71.19999694824219,71.68000030517578,70.04000091552734,70.29000091552734,5297900
2011-03-22,57.72093200683594,71.8499984741211,72.0999984741211,70.72000122070312,71.18000030517578,4725000
2011-03-23,58.41982650756836,72.72000122070312,73.06999969482422,71.13999938964844,71.62000274658203,5332400
2011-03-24,58.45196533203125,72.76000213623047,73.33000183105469,72.33000183105469,73.23999786376953,4360200
2011-03-25,58.91791534423828,73.33999633789062,73.5,72.33000183105469,72.94000244140625,4696900
2011-03-28,58.885780334472656,73.30000305175781,73.69000244140625,73.11000061035156,73.5,3857300
2011-03-29,59.142860412597656,73.62000274658203,73.93000030517578,73.02999877929688,73.06999969482422,4782500
2011-03-30,59.28746795654297,73.80000305175781,74.13999938964844,73.3499984741211,73.93000030517578,3875400
2011-03-31,59.39189147949219,73.93000030517578,74.47000122070312,73.47000122070312,73.80999755859375,4199200
2011-04-01,59.4561653137207,74.01000213623047,74.8499984741211,73.94000244140625,74.29000091552734,3867600
2011-04-04,59.407958984375,73.94999694824219,74.11000061035156,73.37000274658203,73.37999725341797,3697100
2011-04-05,58.82954406738281,73.2300033569336,74.44999694824219,72.70999908447266,73.51000213623047,5217600
2011-04-06,59.22319030761719,73.72000122070312,73.93000030517578,72.80000305175781,73.33000183105469,4803600
2011-04-07,59.68109130859375,74.29000091552734,74.58000183105469,73.68000030517578,73.73999786376953,4373400
2011-04-08,59.022361755371094,73.47000122070312,74.8499984741211,73.04000091552734,74.66000366210938,3099500
2011-04-11,59.25530242919922,73.76000213623047,74.27999877929688,73.5,73.6500015258789,2694600
2011-04-12,58.709041595458984,73.08000183105469,73.58000183105469,72.95999908447266,73.22000122070312,3441100
2011-04-13,57.94586944580078,72.12999725341797,73.70999908447266,71.55000305175781,73.33000183105469,5078400
2011-04-14,58.082427978515625,72.30000305175781,72.47000122070312,70.87999725341797,71.83000183105469,4091600
2011-04-15,58.32343673706055,72.5999984741211,72.9800033569336,72.0199966430664,72.44999694824219,4176600
2011-04-18,58.476078033447266,72.79000091552734,73.27999877929688,71.75,72.72000122070312,6225500
2011-04-19,58.765262603759766,73.1500015258789,73.62999725341797,72.63999938964844,72.97000122070312,4352000
2011-04-20,60.307708740234375,75.06999969482422,75.31999969482422,74.1500015258789,74.20999908447266,6356300
2011-04-21,60.604957580566406,75.44000244140625,75.73999786376953,75.08000183105469,75.43000030517578,3157100
2011-04-25,60.171146392822266,74.9000015258789,75.55999755859375,74.68000030517578,75.51000213623047,2524200
2011-04-26,60.693336486816406,75.55000305175781,75.8499984741211,75.01000213623047,75.30999755859375,5100900
2011-04-27,61.151241302490234,76.12000274658203,77.30999755859375,75.05000305175781,76.02999877929688,7462400
2011-04-28,63.103389739990234,78.55000305175781,78.86000061035156,76.0199966430664,76.02999877929688,7359700
2011-04-29,64.09149169921875,79.77999877929688,80.33999633789062,78.8499984741211,78.8499984741211,8050400
2011-05-02,63.890682220458984,79.52999877929688,80.6500015258789,79.16000366210938,80.3499984741211,5633300
2011-05-03,63.87460708618164,79.51000213623047,80.20999908447266,79.01000213623047,79.23999786376953,4728000
2011-05-04,63.336341857910156,78.83999633789062,80.0,78.76000213623047,79.69999694824219,5735200
2011-05-05,63.02305221557617,78.44999694824219,79.73999786376953,78.08999633789062,78.5199966430664,4718900
2011-05-06,63.71394348144531,79.30999755859375,80.04000091552734,78.97000122070312,79.13999938964844,4565800
2011-05-09,63.97905349731445,79.63999938964844,80.1500015258789,79.1500015258789,79.30999755859375,3137600
2011-05-10,64.22809600830078,79.94999694824219,80.41999816894531,79.76000213623047,79.76000213623047,3852400
2011-05-11,63.86465835571289,79.08000183105469,79.80000305175781,78.7300033569336,79.63999938964844,3853700
2011-05-12,64.13114929199219,79.41000366210938,79.75,78.4800033569336,79.04000091552734,3700000
2011-05-13,63.824256896972656,79.02999877929688,80.08999633789062,78.55999755859375,79.61000061035156,3808500
2011-05-16,62.80670928955078,77.7699966430664,78.80999755859375,77.6500015258789,78.66000366210938,3800400
2011-05-17,61.92641830444336,76.68000030517578,77.7300033569336,75.83000183105469,77.61000061035156,5191100
2011-05-18,62.297916412353516,77.13999938964844,77.48999786376953,76.5999984741211,76.77999877929688,3634200
2011-05-19,63.00859832763672,78.0199966430664,78.44999694824219,77.25,77.41000366210938,3340900
2011-05-20,62.60480880737305,77.5199966430664,77.98999786376953,77.26000213623047,77.88999938964844,4000400
2011-05-23,61.60337829589844,76.27999877929688,76.76000213623047,75.7699966430664,76.55000305175781,3587300
2011-05-24,61.03000259399414,75.56999969482422,76.70999908447266,75.23999786376953,76.45999908447266,3783700
2011-05-25,61.63569259643555,76.31999969482422,76.77999877929688,75.12999725341797,75.26000213623047,4134000
2011-05-26,61.91027069091797,76.66000366210938,76.91999816894531,75.94000244140625,76.54000091552734,4377000
2011-05-27,62.176788330078125,76.98999786376953,77.5,76.62000274658203,77.02999877929688,3202700
2011-05-31,63.01668930053711,78.02999877929688,78.3499984741211,77.41000366210938,77.80000305175781,4706400
2011-06-01,60.852325439453125,75.3499984741211,78.0999984741211,75.26000213623047,77.94999694824219,5259100
2011-06-02,61.12691116333008,75.69000244140625,76.33999633789062,75.30000305175781,75.44000244140625,3606200
2011-06-03,60.44044876098633,74.83999633789062,75.05000305175781,74.08999633789062,74.70999908447266,4239300
2011-06-06,60.230491638183594,74.58000183105469,75.2699966430664,74.41999816894531,74.76000213623047,3310200
2011-06-07,59.90744400024414,74.18000030517578,75.0999984741211,74.16000366210938,74.79000091552734,3387500
2011-06-08,59.64093780517578,73.8499984741211,74.4000015258789,73.6500015258789,74.12999725341797,3772100
2011-06-09,59.90744400024414,74.18000030517578,74.55000305175781,73.43000030517578,73.83000183105469,2960800
2011-06-10,58.70412063598633,72.69000244140625,74.0,72.61000061035156,73.80999755859375,5139600
2011-06-13,58.90604019165039,72.94000244140625,73.41000366210938,72.69000244140625,73.05999755859375,4087300
2011-06-14,60.27893829345703,74.63999938964844,75.0199966430664,73.19000244140625,73.33999633789062,4775700
2011-06-15,59.64093780517578,73.8499984741211,75.51000213623047,73.56999969482422,74.06999969482422,6531900
2011-06-16,59.7701530456543,74.01000213623047,74.58000183105469,73.44999694824219,73.73999786376953,4446500
2011-06-17,59.89131164550781,74.16000366210938,74.93000030517578,73.76000213623047,74.62000274658203,5536100
2011-06-20,60.1820182800293,74.5199966430664,74.80000305175781,73.51000213623047,73.95999908447266,3809600
2011-06-21,59.74591827392578,73.9800033569336,75.0199966430664,73.77999877929688,75.0199966430664,5493900
2011-06-22,58.24378967285156,72.12000274658203,73.66000366210938,72.05999755859375,73.58999633789062,7232200
2011-06-23,57.54120635986328,71.25,71.62999725341797,70.29000091552734,71.16999816894531,8038400
2011-06-24,57.54927062988281,71.26000213623047,71.56999969482422,70.7300033569336,71.37000274658203,6088500
2011-06-27,57.84000778198242,71.62000274658203,71.94000244140625,71.33000183105469,71.44000244140625,4028200
2011-06-28,58.21957015991211,72.08999633789062,72.23999786376953,71.4000015258789,71.81999969482422,3837900
2011-06-29,58.72834014892578,72.72000122070312,72.95999908447266,71.86000061035156,72.22000122070312,3913800
2011-06-30,59.70553970336914,73.93000030517578,74.0999984741211,72.9000015258789,73.0,4245300
2011-07-01,59.98011016845703,74.2699966430664,74.7300033569336,73.80000305175781,73.80999755859375,3647800
2011-07-05,59.88319396972656,74.1500015258789,74.7300033569336,73.8499984741211,74.16999816894531,3130300
2011-07-06,60.359710693359375,74.73999786376953,75.16000366210938,74.01000213623047,74.12999725341797,3757800
2011-07-07,61.36920166015625,75.98999786376953,76.19999694824219,74.8499984741211,75.33000183105469,4976900
2011-07-08,60.62619400024414,75.06999969482422,75.58000183105469,74.56999969482422,75.58000183105469,4051200
2011-07-11,59.23712921142578,73.3499984741211,74.7300033569336,73.0,74.16999816894531,4379000
2011-07-12,58.090362548828125,71.93000030517578,73.86000061035156,71.79000091552734,73.62000274658203,5773000
2011-07-13,58.2841682434082,72.16999816894531,73.25,71.86000061035156,72.55999755859375,4707700
2011-07-14,57.492733001708984,71.19000244140625,72.31999969482422,71.0,71.94000244140625,5691200
2011-07-15,57.565406799316406,71.27999877929688,71.70999908447266,70.8499984741211,71.69999694824219,4058500
2011-07-18,56.168270111083984,69.55000305175781,70.69999694824219,69.06999969482422,70.66000366210938,7294900
2011-07-19,56.959716796875,70.52999877929688,70.98999786376953,69.30999755859375,70.11000061035156,7434200
2011-07-20,58.203433990478516,72.06999969482422,73.30000305175781,70.76000213623047,71.12000274658203,8026000
2011-07-21,58.86563491821289,72.88999938964844,73.25,72.0,72.58000183105469,4301500
2011-07-22,58.6879768371582,72.66999816894531,73.19000244140625,72.23999786376953,73.19000244140625,2921300
2011-07-25,57.589637756347656,71.30999755859375,72.01000213623047,71.01000213623047,71.37999725341797,3990800
2011-07-26,56.660919189453125,70.16000366210938,71.44000244140625,69.86000061035156,71.37999725341797,7061900
2011-07-27,57.04047393798828,70.62999725341797,73.19999694824219,70.52999877929688,71.7300033569336,9806900
2011-07-28,57.064701080322266,70.66000366210938,72.33000183105469,70.58999633789062,71.0,5448400
2011-07-29,56.9112548828125,70.47000122070312,71.11000061035156,69.25,70.0,5962000
2011-08-01,56.79823303222656,70.33000183105469,71.62999725341797,69.52999877929688,71.61000061035156,5554600
2011-08-02,54.6742057800293,67.69999694824219,70.29000091552734,67.69000244140625,69.55999755859375,7052400
2011-08-03,54.38347244262695,67.33999633789062,68.11000061035156,66.0999984741211,67.88999938964844,6749800
2011-08-04,50.95121383666992,63.09000015258789,66.37999725341797,63.0,66.36000061035156,10707100
2011-08-05,50.67662811279297,62.75,64.44999694824219,61.40999984741211,64.08999633789062,11643100
2011-08-08,47.41393280029297,58.709999084472656,61.810001373291016,58.61000061035156,61.099998474121094,13561000
2011-08-09,50.34550857543945,62.34000015258789,62.459999084472656,58.7599983215332,60.040000915527344,14122800
2011-08-10,46.67854690551758,57.40999984741211,61.20000076293945,57.22999954223633,60.91999816894531,13549600
2011-08-11,47.84938049316406,58.849998474121094,59.56999969482422,56.0099983215332,57.650001525878906,15539100
2011-08-12,50.2072868347168,61.75,61.869998931884766,59.15999984741211,59.95000076293945,10082800
2011-08-15,50.97969436645508,62.70000076293945,62.72999954223633,61.369998931884766,62.060001373291016,6933400
2011-08-16,50.59756088256836,62.22999954223633,62.97999954223633,61.40999984741211,61.72999954223633,6841400
2011-08-17,50.55690383911133,62.18000030517578,62.91999816894531,61.61000061035156,62.439998626708984,6263400
2011-08-18,47.91442108154297,58.93000030517578,60.720001220703125,58.220001220703125,60.400001525878906,8108800
2011-08-19,46.78425216674805,57.540000915527344,59.43000030517578,57.470001220703125,58.29999923706055,9229900
2011-08-22,47.46723556518555,58.380001068115234,59.36000061035156,58.040000915527344,59.13999938964844,6862800
2011-08-23,49.41047668457031,60.77000045776367,60.77000045776367,58.189998626708984,58.70000076293945,6527700
2011-08-24,50.15849304199219,61.689998626708984,61.90999984741211,60.45000076293945,60.59000015258789,4852000
2011-08-25,49.67877960205078,61.099998474121094,62.38999938964844,60.5,62.04999923706055,6440000
2011-08-26,51.061012268066406,62.79999923706055,62.970001220703125,60.130001068115234,60.63999938964844,6199200
2011-08-29,52.52455520629883,64.5999984741211,64.77999877929688,63.599998474121094,63.9900016784668,4303900
2011-08-30,53.68724822998047,66.02999877929688,66.54000091552734,64.80000305175781,65.2300033569336,6984200
2011-08-31,54.362083435058594,66.86000061035156,67.29000091552734,66.13999938964844,66.69000244140625,6807400
2011-09-01,53.70350646972656,66.05000305175781,67.7300033569336,66.0,66.95999908447266,6169500
2011-09-02,52.06108856201172,64.02999877929688,65.1500015258789,63.709999084472656,65.01000213623047,4735100
2011-09-06,51.036624908447266,62.77000045776367,62.900001525878906,61.220001220703125,61.90999984741211,6478800
2011-09-07,52.76846694946289,64.9000015258789,65.20999908447266,63.41999816894531,63.939998626708984,5530300
2011-09-08,51.06913375854492,62.810001373291016,64.5,62.61000061035156,64.33999633789062,6866500
2011-09-09,50.239810943603516,61.790000915527344,63.09000015258789,61.439998626708984,62.11000061035156,5415700
2011-09-12,50.72765350341797,62.38999938964844,62.529998779296875,60.33000183105469,60.83000183105469,5520600
2011-09-13,51.10166549682617,62.849998474121094,63.59000015258789,62.029998779296875,62.29999923706055,5283600
2011-09-14,51.24802017211914,63.029998779296875,64.06999969482422,61.63999938964844,63.04999923706055,5782600
2011-09-15,52.2968864440918,64.31999969482422,64.61000061035156,63.45000076293945,63.650001525878906,5263700
2011-09-16,53.158748626708984,65.37999725341797,65.75,64.5199966430664,64.77999877929688,6926700
2011-09-19,52.15866470336914,64.1500015258789,64.4000015258789,62.95000076293945,64.08000183105469,4836800
2011-09-20,51.678955078125,63.560001373291016,64.63999938964844,63.5,64.36000061035156,3431600
2011-09-21,49.61373519897461,61.02000045776367,63.81999969482422,60.9900016784668,63.540000915527344,4517200
2011-09-22,47.74366760253906,58.720001220703125,59.59000015258789,57.529998779296875,59.33000183105469,12055700
2011-09-23,48.3859977722168,59.5099983215332,59.77000045776367,58.060001373291016,58.56999969482422,6239400
2011-09-26,50.418678283691406,62.0099983215332,62.27000045776367,60.0,60.79999923706055,7031800
2011-09-27,51.04475402832031,62.779998779296875,64.29000091552734,62.40999984741211,64.12999725341797,6410300
2011-09-28,50.34550857543945,61.91999816894531,64.05000305175781,61.810001373291016,63.279998779296875,4695500
2011-09-29,50.71139907836914,62.369998931884766,63.70000076293945,61.36000061035156,63.20000076293945,6094200
2011-09-30,49.19907760620117,60.5099983215332,62.18000030517578,60.45000076293945,61.5,5464300
2011-10-03,47.361534118652344,58.25,61.529998779296875,57.849998474121094,60.099998474121094,8290400
2011-10-04,48.08516311645508,59.13999938964844,59.22999954223633,56.900001525878906,57.529998779296875,7800000
2011-10-05,48.75188064575195,59.959999084472656,60.040000915527344,58.650001525878906,58.900001525878906,5825600
2011-10-06,49.987762451171875,61.47999954223633,61.790000915527344,59.45000076293945,60.0099983215332,5565900
2011-10-07,50.25606918334961,61.810001373291016,62.959999084472656,61.43000030517578,61.90999984741211,5580800
2011-10-10,52.06108856201172,64.02999877929688,64.19000244140625,62.75,62.869998931884766,4597500
2011-10-11,52.01232147216797,63.970001220703125,64.25,63.5,63.65999984741211,3192200
2011-10-12,52.2968864440918,64.31999969482422,65.2300033569336,64.12999725341797,64.45999908447266,5136500
2011-10-13,51.6545524597168,63.529998779296875,64.08999633789062,63.04999923706055,63.779998779296875,3154300
2011-10-14,51.947265625,63.88999938964844,64.27999877929688,63.40999984741211,64.0,3839900
2011-10-17,50.23168182373047,61.779998779296875,63.5099983215332,61.65999984741211,63.34000015258789,4873400
2011-10-18,51.605777740478516,63.470001220703125,64.23999786376953,61.33000183105469,61.93000030517578,6167800
2011-10-19,51.313072204589844,63.11000061035156,64.2699966430664,62.529998779296875,62.61000061035156,4849500
2011-10-20,50.80896759033203,62.4900016784668,63.72999954223633,62.18000030517578,63.0099983215332,6291500
2011-10-21,52.51641082763672,64.58999633789062,64.63999938964844,63.099998474121094,63.310001373291016,6250400
2011-10-24,52.64651870727539,64.75,65.05999755859375,63.93000030517578,64.41000366210938,5190800
2011-10-25,51.80903625488281,63.720001220703125,64.94999694824219,63.54999923706055,64.80999755859375,6529500
2011-10-26,54.1181640625,66.55999755859375,67.9000015258789,65.80000305175781,67.55999755859375,12700300
2011-10-27,54.874324798583984,67.48999786376953,68.76000213623047,67.18000030517578,68.58999633789062,8606900
2011-10-28,55.42721176147461,68.16999816894531,68.38999938964844,67.30999755859375,67.55000305175781,6102900
2011-10-31,53.492103576660156,65.79000091552734,67.48999786376953,65.73999786376953,67.12000274658203,6879500
2011-11-01,51.36183547973633,63.16999816894531,64.33999633789062,62.369998931884766,64.2300033569336,8962200
2011-11-02,52.36193084716797,64.4000015258789,64.76000213623047,63.83000183105469,63.970001220703125,5782800
2011-11-03,53.81732940673828,66.19000244140625,66.37000274658203,64.5,65.16000366210938,4896800
2011-11-04,53.50023651123047,65.80000305175781,65.94999694824219,65.0,65.58999633789062,3458000
2011-11-07,53.898643493652344,66.29000091552734,66.4000015258789,65.16999816894531,65.70999908447266,3624200
2011-11-08,54.536888122558594,66.6500015258789,66.80000305175781,65.44999694824219,66.44000244140625,4827000
2011-11-09,52.81855010986328,64.55000305175781,65.69999694824219,64.33000183105469,65.16999816894531,5753500
2011-11-10,53.047645568847656,64.83000183105469,65.5999984741211,64.58999633789062,65.08999633789062,3853400
2011-11-11,54.7578125,66.91999816894531,67.26000213623047,65.43000030517578,65.43000030517578,4397700
2011-11-14,55.59243392944336,67.94000244140625,68.97000122070312,67.69999694824219,68.88999938964844,6366100
2011-11-15,55.59243392944336,67.94000244140625,68.33999633789062,67.05000305175781,67.9000015258789,5112800
2011-11-16,54.28321838378906,66.33999633789062,67.66000366210938,66.19999694824219,67.12999725341797,5352800
2011-11-17,54.07864761352539,66.08999633789062,67.3499984741211,65.41000366210938,67.19999694824219,7122800
2011-11-18,55.199668884277344,67.45999908447266,67.8499984741211,66.29000091552734,66.93000030517578,7055300
2011-11-21,53.64497375488281,65.55999755859375,66.44999694824219,64.0,66.31999969482422,8102900
2011-11-22,52.65488815307617,64.3499984741211,65.44000244140625,63.880001068115234,65.30000305175781,5000300
2011-11-23,51.026546478271484,62.36000061035156,63.75,62.33000183105469,63.619998931884766,4273000
2011-11-25,51.3702278137207,62.779998779296875,63.619998931884766,62.119998931884766,62.15999984741211,2122300
2011-11-28,53.178565979003906,64.98999786376953,65.62999725341797,64.52999877929688,64.52999877929688,4621100
2011-11-29,53.399505615234375,65.26000213623047,66.0,64.83999633789062,65.0199966430664,5317900
2011-11-30,56.20611572265625,68.69000244140625,68.75,66.98999786376953,67.08000183105469,8601100
2011-12-01,58.079925537109375,70.9800033569336,71.70999908447266,68.51000213623047,68.69999694824219,12018200
2011-12-02,58.341758728027344,71.30000305175781,71.9800033569336,70.93000030517578,71.69999694824219,7252600
2011-12-05,58.169944763183594,71.08999633789062,72.76000213623047,70.3499984741211,72.27999877929688,8133700
2011-12-06,57.98993682861328,70.87000274658203,71.58999633789062,70.80000305175781,70.91999816894531,4624300
2011-12-07,57.769004821777344,70.5999984741211,71.51000213623047,69.63999938964844,70.30000305175781,6455100
2011-12-08,57.41714096069336,70.16999816894531,71.12999725341797,69.83000183105469,70.45999908447266,6034800
2011-12-09,58.857276916503906,71.93000030517578,72.0,70.41000366210938,70.80999755859375,5545900
2011-12-12,58.01446533203125,70.9000015258789,71.95999908447266,70.18000030517578,71.51000213623047,5463400
2011-12-13,58.01446533203125,70.9000015258789,72.6500015258789,70.62000274658203,71.66999816894531,7555600
2011-12-14,57.228946685791016,69.94000244140625,71.54000091552734,69.72000122070312,70.3499984741211,5999900
2011-12-15,57.77718734741211,70.61000061035156,70.94999694824219,70.05000305175781,70.80999755859375,4076400
2011-12-16,58.10447311401367,71.01000213623047,72.37000274658203,70.55999755859375,71.11000061035156,8854900
2011-12-19,57.40898513793945,70.16000366210938,71.62000274658203,69.91000366210938,71.19999694824219,3572500
2011-12-20,59.274593353271484,72.44000244140625,72.68000030517578,71.2300033569336,71.2300033569336,5408600
2011-12-21,60.21558380126953,73.58999633789062,73.70999908447266,72.05999755859375,72.7300033569336,5471700
2011-12-22,60.788368225097656,74.29000091552734,74.73999786376953,73.4800033569336,73.83000183105469,5849400
2011-12-23,60.526519775390625,73.97000122070312,74.70999908447266,73.5999984741211,74.52999877929688,3578100
2011-12-27,60.771995544433594,74.2699966430664,74.48999786376953,73.37000274658203,73.68000030517578,2536700
2011-12-28,59.94558334350586,73.26000213623047,74.5999984741211,73.02999877929688,74.4800033569336,2568200
2011-12-29,60.64107894897461,74.11000061035156,74.36000061035156,73.30999755859375,73.44000244140625,2749300
2011-12-30,60.01920700073242,73.3499984741211,74.08000183105469,73.23999786376953,73.86000061035156,2811800
2012-01-03,60.7310905456543,74.22000122070312,75.0,74.12000274658203,74.69999694824219,6859300
2012-01-04,60.82109069824219,74.33000183105469,74.5999984741211,73.58999633789062,74.0999984741211,4923000
2012-01-05,60.16648864746094,73.52999877929688,73.9000015258789,72.73999786376953,73.7699966430664,6797900
2012-01-06,60.53471755981445,73.9800033569336,74.2699966430664,72.94999694824219,73.7300033569336,4779800
2012-01-09,60.98476028442383,74.52999877929688,74.87000274658203,74.18000030517578,74.80999755859375,4469600
2012-01-10,61.369346618652344,75.0,75.33999633789062,74.5,75.12999725341797,4622400
2012-01-11,61.15658950805664,74.73999786376953,74.94999694824219,74.2300033569336,74.77999877929688,3082700
2012-01-12,61.7866325378418,75.51000213623047,75.69000244140625,74.77999877929688,74.80999755859375,3934500
2012-01-13,61.042022705078125,74.5999984741211,75.19999694824219,74.16000366210938,75.04000091552734,4641100
2012-01-17,61.565704345703125,75.23999786376953,76.0,75.13999938964844,75.30000305175781,3700100
2012-01-18,61.41842269897461,75.05999755859375,75.44999694824219,74.7699966430664,74.94999694824219,4189500
2012-01-19,61.827552795410156,75.55999755859375,75.91999816894531,75.0999984741211,75.2699966430664,5397300
2012-01-20,61.7948112487793,75.5199966430664,75.9000015258789,75.13999938964844,75.68000030517578,4552300
2012-01-23,61.7866325378418,75.51000213623047,76.37000274658203,75.31999969482422,75.66000366210938,4083700
2012-01-24,61.663902282714844,75.36000061035156,75.62000274658203,74.5999984741211,75.05999755859375,4942700
2012-01-25,62.040313720703125,75.81999969482422,76.69999694824219,72.8499984741211,73.97000122070312,14049100
2012-01-26,61.62298583984375,75.30999755859375,76.36000061035156,75.0,75.83999633789062,4187400
2012-01-27,61.00112533569336,74.55000305175781,75.2300033569336,74.4000015258789,74.80000305175781,4754600
2012-01-30,60.682010650634766,74.16000366210938,74.3499984741211,73.68000030517578,73.98999786376953,5043000
2012-01-31,60.69835662841797,74.18000030517578,75.19999694824219,73.95999908447266,74.51000213623047,4777200
2012-02-01,61.67208480834961,75.37000274658203,75.88999938964844,74.95999908447266,74.95999908447266,4296400
2012-02-02,61.54934310913086,75.22000122070312,75.33000183105469,74.5,75.19999694824219,3528100
2012-02-03,62.46578598022461,76.33999633789062,76.73999786376953,75.86000061035156,76.08999633789062,3472400
2012-02-06,61.7457389831543,75.45999908447266,75.55000305175781,75.16000366210938,75.26000213623047,4162500
2012-02-07,61.53298568725586,75.19999694824219,75.3499984741211,74.30000305175781,75.04000091552734,4438700
2012-02-08,62.10914611816406,75.45999908447266,75.6500015258789,74.51000213623047,74.70999908447266,5350000
2012-02-09,62.47127914428711,75.9000015258789,76.2300033569336,75.37000274658203,75.77999877929688,4491100
2012-02-10,61.68937683105469,74.94999694824219,75.55999755859375,74.56999969482422,75.44999694824219,3361700
2012-02-13,61.607051849365234,74.8499984741211,75.51000213623047,74.75,75.5,3456500
2012-02-14,62.19144058227539,75.55999755859375,75.56999969482422,74.9000015258789,75.51000213623047,4652000
2012-02-15,61.903385162353516,75.20999908447266,76.0,75.0,75.86000061035156,4252400
2012-02-16,61.95275115966797,75.2699966430664,75.47000122070312,74.87000274658203,75.04000091552734,4992800
2012-02-17,62.01858139038086,75.3499984741211,75.55000305175781,75.0199966430664,75.52999877929688,4927300
2012-02-21,62.323123931884766,75.72000122070312,75.94999694824219,75.08000183105469,75.66999816894531,3978100
2012-02-22,62.60296630859375,76.05999755859375,76.30000305175781,75.30999755859375,75.55999755859375,3764800
2012-02-23,62.43013381958008,75.8499984741211,76.16999816894531,75.5199966430664,75.76000213623047,4187200
2012-02-24,62.60296630859375,76.05999755859375,76.63999938964844,75.62999725341797,75.75,3347000
2012-02-27,61.903385162353516,75.20999908447266,75.77999877929688,75.01000213623047,75.69000244140625,5379400
2012-02-28,61.86222839355469,75.16000366210938,75.41000366210938,74.80999755859375,75.18000030517578,3667400
2012-02-29,61.68937683105469,74.94999694824219,75.72000122070312,74.75,75.27999877929688,4631800
2012-03-01,61.796382904052734,75.08000183105469,75.62999725341797,74.86000061035156,74.95999908447266,3343100
2012-03-02,61.648216247558594,74.9000015258789,75.27999877929688,74.62999725341797,75.06999969482422,2806600
2012-03-05,61.014442443847656,74.12999725341797,74.9800033569336,73.93000030517578,74.94999694824219,4156800
2012-03-06,59.722206115722656,72.55999755859375,73.23999786376953,72.30000305175781,73.23999786376953,5455700
2012-03-07,60.51237869262695,73.5199966430664,73.69999694824219,72.51000213623047,72.58000183105469,4279000
2012-03-08,61.0473747253418,74.16999816894531,74.69999694824219,73.83000183105469,74.2699966430664,3881200
2012-03-09,60.32305908203125,73.29000091552734,74.30999755859375,73.16999816894531,74.13999938964844,5535900
2012-03-12,60.578216552734375,73.5999984741211,74.02999877929688,73.19999694824219,73.19999694824219,2833500
2012-03-13,61.162601470947266,74.30999755859375,74.3499984741211,73.37999725341797,73.87999725341797,4532700
2012-03-14,61.919864654541016,75.2300033569336,75.37999725341797,74.30999755859375,74.31999969482422,5297100
2012-03-15,62.08444595336914,75.43000030517578,75.62999725341797,74.87999725341797,75.5,4850700
2012-03-16,61.8951416015625,75.19999694824219,75.80999755859375,75.0,75.76000213623047,7079200
2012-03-19,62.05973434448242,75.4000015258789,75.69000244140625,75.0,75.0,2683800
2012-03-20,61.845760345458984,75.13999938964844,75.47000122070312,74.5199966430664,75.08999633789062,4384000
2012-03-21,61.738739013671875,75.01000213623047,75.44000244140625,74.80000305175781,75.05000305175781,3644100
2012-03-22,60.84161376953125,73.91999816894531,74.66000366210938,73.37000274658203,74.62000274658203,4921400
2012-03-23,60.882747650146484,73.97000122070312,74.33999633789062,73.75,74.05000305175781,2518400
2012-03-26,61.87868118286133,75.18000030517578,75.2300033569336,74.47000122070312,74.5199966430664,3715800
2012-03-27,61.574134826660156,74.80999755859375,75.25,74.80000305175781,75.11000061035156,3510700
2012-03-28,61.179054260253906,74.33000183105469,75.29000091552734,73.9000015258789,74.98999786376953,3412200
2012-03-29,60.973304748535156,74.08000183105469,74.1500015258789,72.94999694824219,73.7699966430664,3587600
2012-03-30,61.21199035644531,74.37000274658203,74.44000244140625,73.77999877929688,74.31999969482422,3203800
2012-04-02,61.870445251464844,75.16999816894531,75.47000122070312,73.61000061035156,74.0,4104600
2012-04-03,61.44245529174805,74.6500015258789,75.11000061035156,74.1500015258789,75.0,3485900
2012-04-04,60.635841369628906,73.66999816894531,74.19999694824219,73.48999786376953,73.97000122070312,2490500
2012-04-05,60.569984436035156,73.58999633789062,73.88999938964844,73.30000305175781,73.41999816894531,2640200
2012-04-09,59.615238189697266,72.43000030517578,72.79000091552734,72.2699966430664,72.62999725341797,2443400
2012-04-10,58.109004974365234,70.5999984741211,72.30999755859375,70.58999633789062,72.25,5339000
2012-04-11,59.07200622558594,71.7699966430664,72.51000213623047,71.48999786376953,71.62999725341797,5099900
2012-04-12,60.495914459228516,73.5,73.83000183105469,71.69000244140625,71.69000244140625,3938800
2012-04-13,60.018524169921875,72.91999816894531,73.37999725341797,72.37000274658203,73.18000030517578,3329100
2012-04-16,59.82100296020508,72.68000030517578,73.19000244140625,72.30000305175781,72.9800033569336,4800000
2012-04-17,60.981536865234375,74.08999633789062,74.36000061035156,73.0999984741211,73.12999725341797,3345300
2012-04-18,60.668739318847656,73.70999908447266,74.23999786376953,73.47000122070312,73.58000183105469,2248900
2012-04-19,60.16668701171875,73.0999984741211,73.95999908447266,72.66000366210938,73.7300033569336,3729300
2012-04-20,60.53707504272461,73.55000305175781,74.02999877929688,73.0999984741211,73.2699966430664,4302100
2012-04-23,59.96914291381836,72.86000061035156,73.12999725341797,72.16999816894531,72.69000244140625,5022100
2012-04-24,60.25723648071289,73.20999908447266,73.73999786376953,72.7699966430664,73.20999908447266,3664500
2012-04-25,63.442501068115234,77.08000183105469,77.5,74.9000015258789,75.05000305175781,10621200
2012-04-26,63.36845779418945,76.98999786376953,77.19999694824219,76.55000305175781,76.70999908447266,4704700
2012-04-27,63.59891128540039,77.2699966430664,77.56999969482422,76.9000015258789,77.27999877929688,4168700
2012-04-30,63.212066650390625,76.80000305175781,76.87000274658203,75.68000030517578,76.51000213623047,5811100
2012-05-01,63.58244323730469,77.25,77.83000183105469,75.8499984741211,76.58999633789062,4287600
2012-05-02,63.59067153930664,77.26000213623047,77.5,76.33999633789062,76.7699966430664,3073500
2012-05-03,63.236759185791016,76.83000183105469,77.33000183105469,76.5199966430664,77.12999725341797,3304800
2012-05-04,62.421905517578125,75.83999633789062,76.55999755859375,75.5,76.3499984741211,3366400
2012-05-07,62.52067947387695,75.95999908447266,76.08000183105469,75.37000274658203,75.79000091552734,3551800
2012-05-08,62.05973434448242,75.4000015258789,75.5999984741211,74.55000305175781,75.37999725341797,4033400
2012-05-09,61.30634689331055,74.05000305175781,74.86000061035156,73.31999969482422,74.25,3926600
2012-05-10,61.09939193725586,73.80000305175781,75.06999969482422,73.62999725341797,74.45999908447266,2952700
2012-05-11,60.900699615478516,73.55999755859375,74.11000061035156,73.25,73.58999633789062,3189000
2012-05-14,60.536415100097656,73.12000274658203,73.79000091552734,72.3499984741211,72.88999938964844,3585700
2012-05-15,60.089332580566406,72.58000183105469,73.66999816894531,72.41999816894531,73.0,3252300
2012-05-16,59.89894104003906,72.3499984741211,73.51000213623047,72.29000091552734,72.81999969482422,3648100
2012-05-17,57.729801177978516,69.7300033569336,72.4800033569336,69.45999908447266,72.30999755859375,6172200
2012-05-18,57.2496337890625,69.1500015258789,70.33999633789062,68.93000030517578,69.94999694824219,5597400
2012-05-21,59.42701721191406,71.77999877929688,71.8499984741211,70.13999938964844,70.45999908447266,4709700
2012-05-22,59.17863845825195,71.4800033569336,72.20999908447266,71.08000183105469,71.6500015258789,4269400
2012-05-23,59.25315475463867,71.56999969482422,71.62999725341797,69.91999816894531,70.69000244140625,4222700
2012-05-24,59.10413360595703,71.38999938964844,71.94999694824219,70.25,71.63999938964844,2942600
2012-05-25,57.9533576965332,70.0,71.38999938964844,69.66000366210938,71.20999908447266,5163300
2012-05-29,58.284515380859375,70.4000015258789,70.5,69.75,70.27999877929688,3973600
2012-05-30,57.44831085205078,69.38999938964844,70.08999633789062,69.25,69.87999725341797,4677600
2012-05-31,57.63044357299805,69.61000061035156,70.11000061035156,69.06999969482422,69.54000091552734,4191400
2012-06-01,55.66832733154297,67.23999786376953,68.87999725341797,67.13999938964844,68.66999816894531,5592000
2012-06-04,55.883583068847656,67.5,68.1500015258789,67.05000305175781,68.1500015258789,5478200
2012-06-05,55.94982147216797,67.58000183105469,67.69999694824219,66.81999969482422,67.30999755859375,3747300
2012-06-06,57.14199447631836,69.0199966430664,69.0199966430664,67.95999908447266,67.97000122070312,4050300
2012-06-07,57.91194534301758,69.94999694824219,70.33000183105469,69.43000030517578,69.56999969482422,4004600
2012-06-08,57.90367126464844,69.94000244140625,69.97000122070312,69.2699966430664,69.66000366210938,3933400
2012-06-11,58.04440689086914,70.11000061035156,70.8499984741211,69.80000305175781,70.61000061035156,4369400
2012-06-12,60.089332580566406,72.58000183105469,72.81999969482422,70.73999786376953,70.93000030517578,6458100
2012-06-13,59.65882110595703,72.05999755859375,72.69999694824219,71.56999969482422,72.41000366210938,4720300
2012-06-14,59.48495864868164,71.8499984741211,72.30000305175781,71.38999938964844,72.08000183105469,5822900
2012-06-15,59.600868225097656,71.98999786376953,72.37999725341797,71.58000183105469,72.08999633789062,5308300
2012-06-18,59.5263671875,71.9000015258789,72.33999633789062,71.25,71.69000244140625,3435200
2012-06-19,60.370819091796875,72.91999816894531,73.22000122070312,72.0199966430664,72.36000061035156,4167200
2012-06-20,60.44535446166992,73.01000213623047,73.45999908447266,72.3499984741211,72.69999694824219,3468700
2012-06-21,59.087581634521484,71.37000274658203,73.62000274658203,71.25,73.3499984741211,3659300
2012-06-22,59.57604217529297,71.95999908447266,72.0999984741211,71.06999969482422,71.55000305175781,3267300
2012-06-25,58.82265853881836,71.05000305175781,71.91999816894531,71.02999877929688,71.80999755859375,4111400
2012-06-26,58.723297119140625,70.93000030517578,71.62999725341797,70.4800033569336,71.30000305175781,2757600
2012-06-27,59.50153350830078,71.87000274658203,72.04000091552734,70.94999694824219,70.9800033569336,2514600
2012-06-28,59.261417388916016,71.58000183105469,71.73999786376953,70.62999725341797,71.1500015258789,3144600
2012-06-29,61.51333999633789,74.30000305175781,74.37000274658203,72.88999938964844,73.05999755859375,4419400
2012-07-02,60.58608627319336,73.18000030517578,74.73999786376953,72.44999694824219,74.20999908447266,4893400
2012-07-03,61.488487243652344,74.2699966430664,74.2699966430664,73.08000183105469,73.08000183105469,2166200
2012-07-05,61.62925338745117,74.44000244140625,74.73999786376953,73.8499984741211,74.37999725341797,2539000
2012-07-06,61.00831604003906,73.69000244140625,73.80999755859375,72.9000015258789,73.77999877929688,3579100
2012-07-09,61.28981018066406,74.02999877929688,74.8499984741211,73.80000305175781,74.2699966430664,4357700
2012-07-10,60.619205474853516,73.22000122070312,75.05000305175781,72.88999938964844,74.62999725341797,4756700
2012-07-11,59.211761474609375,71.5199966430664,72.76000213623047,71.2300033569336,72.69000244140625,6072200
2012-07-12,59.369049072265625,71.70999908447266,72.0199966430664,70.8499984741211,71.19999694824219,5799800
2012-07-13,60.85929489135742,73.51000213623047,73.55999755859375,71.8499984741211,71.93000030517578,3616000
2012-07-16,60.4122314453125,72.97000122070312,73.19000244140625,72.25,73.12999725341797,3538400
2012-07-17,60.52812576293945,73.11000061035156,73.51000213623047,72.04000091552734,73.25,2775700
2012-07-18,61.173885345458984,73.88999938964844,74.44000244140625,72.70999908447266,72.70999908447266,3756200
2012-07-19,61.97697067260742,74.86000061035156,75.11000061035156,73.69999694824219,73.98999786376953,4543200
2012-07-20,61.173885345458984,73.88999938964844,74.80000305175781,73.61000061035156,74.5,3148100
2012-07-23,60.362525939941406,72.91000366210938,73.08000183105469,71.58000183105469,72.30999755859375,3432200
2012-07-24,59.63399124145508,72.02999877929688,73.16999816894531,71.3499984741211,72.87000274658203,3866500
2012-07-25,61.28981018066406,74.02999877929688,74.4800033569336,72.69999694824219,74.19999694824219,6130400
2012-07-26,62.01836013793945,74.91000366210938,75.95999908447266,74.2699966430664,75.12999725341797,4949200
2012-07-27,62.51509094238281,75.51000213623047,75.94000244140625,75.08000183105469,75.58000183105469,4066300
2012-07-30,61.97697067260742,74.86000061035156,75.58999633789062,74.43000030517578,74.5999984741211,4999700
2012-07-31,61.190460205078125,73.91000366210938,75.05999755859375,73.87999725341797,74.81999969482422,3978700
2012-08-01,60.24665832519531,72.7699966430664,74.4800033569336,72.63999938964844,74.31999969482422,4696000
2012-08-02,59.600868225097656,71.98999786376953,72.5199966430664,71.1500015258789,72.38999938964844,4615000
2012-08-03,60.27976989746094,72.80999755859375,73.33999633789062,72.68000030517578,73.12999725341797,4588500
2012-08-06,60.34598159790039,72.88999938964844,73.33000183105469,72.70999908447266,73.20999908447266,3758800
2012-08-07,61.645809173583984,74.45999908447266,74.55000305175781,72.93000030517578,73.2699966430664,4717200
2012-08-08,61.76170349121094,74.5999984741211,74.69000244140625,74.01000213623047,74.02999877929688,3410700
2012-08-09,61.49677658081055,74.27999877929688,74.61000061035156,73.91000366210938,74.61000061035156,2387500
2012-08-10,61.43882369995117,74.20999908447266,74.30999755859375,73.76000213623047,73.87000274658203,2843600
2012-08-13,61.42226028442383,74.19000244140625,74.43000030517578,73.5999984741211,73.70999908447266,2379900
2012-08-14,61.10763931274414,73.80999755859375,74.44000244140625,73.5999984741211,74.30000305175781,2616700
2012-08-15,60.8577995300293,73.06999969482422,73.6500015258789,72.75,73.33999633789062,3278200
2012-08-16,61.33253479003906,73.63999938964844,73.75,73.0199966430664,73.0999984741211,2802700
2012-08-17,61.55741500854492,73.91000366210938,73.9800033569336,73.4000015258789,73.69000244140625,3235800
2012-08-20,61.490787506103516,73.83000183105469,74.0,73.33999633789062,73.61000061035156,2481900
2012-08-21,61.024349212646484,73.2699966430664,74.36000061035156,73.12000274658203,74.08999633789062,3136400
2012-08-22,60.632930755615234,72.80000305175781,73.5999984741211,72.55000305175781,73.33999633789062,4242600
2012-08-23,58.6007194519043,70.36000061035156,72.1500015258789,70.0199966430664,72.08999633789062,9431200
2012-08-24,59.20871353149414,71.08999633789062,71.16999816894531,70.05000305175781,70.31999969482422,5351300
2012-08-27,59.45024108886719,71.37999725341797,71.77999877929688,70.87999725341797,70.94999694824219,3538100
2012-08-28,59.566856384277344,71.5199966430664,71.8499984741211,71.05000305175781,71.18000030517578,3029200
2012-08-29,59.50023651123047,71.44000244140625,71.98999786376953,71.12999725341797,71.63999938964844,2687200
2012-08-30,58.983848571777344,70.81999969482422,71.12999725341797,70.5,71.05000305175781,3393100
2012-08-31,59.46689987182617,71.4000015258789,71.75,70.61000061035156,71.2699966430664,3171800
2012-09-04,59.02549743652344,70.87000274658203,71.5,70.4000015258789,71.5,3916400
2012-09-05,59.900001525878906,71.91999816894531,72.05000305175781,71.11000061035156,71.37999725341797,4946900
2012-09-06,60.64958190917969,72.81999969482422,73.2699966430664,72.37000274658203,72.37000274658203,4358800
2012-09-07,60.7078742980957,72.88999938964844,73.02999877929688,72.55000305175781,72.87000274658203,3080400
2012-09-10,59.20039367675781,71.08000183105469,72.31999969482422,70.80999755859375,72.30999755859375,8354500
2012-09-11,59.35863494873047,71.2699966430664,71.66999816894531,71.1500015258789,71.19000244140625,3951300
2012-09-12,59.100433349609375,70.95999908447266,71.68000030517578,70.80000305175781,71.43000030517578,4400800
2012-09-13,59.6168098449707,71.58000183105469,71.98999786376953,70.44000244140625,70.68000030517578,5314100
2012-09-14,59.3669548034668,71.27999877929688,72.43000030517578,71.0,72.0199966430664,6530200
2012-09-17,58.234256744384766,69.91999816894531,70.81999969482422,69.88999938964844,70.7699966430664,6917200
2012-09-18,58.67566680908203,70.44999694824219,70.45999908447266,69.55999755859375,69.86000061035156,5490300
2012-09-19,58.21760559082031,69.9000015258789,70.73999786376953,69.87999725341797,70.73999786376953,5193400
2012-09-20,58.17595672607422,69.8499984741211,69.86000061035156,69.02999877929688,69.3499984741211,4875100
2012-09-21,58.27591323852539,69.97000122070312,70.1500015258789,69.47000122070312,70.08999633789062,13161000
2012-09-24,58.32587432861328,70.02999877929688,70.18000030517578,69.20999908447266,69.44999694824219,5037900
2012-09-25,57.784515380859375,69.37999725341797,70.48999786376953,69.37999725341797,70.29000091552734,4085900
2012-09-26,58.50910568237305,70.25,70.51000213623047,69.30999755859375,69.33999633789062,5256400
2012-09-27,58.384185791015625,70.0999984741211,70.55000305175781,69.70999908447266,70.4000015258789,4147700
2012-09-28,57.967742919921875,69.5999984741211,70.05000305175781,69.18000030517578,69.75,4057500
2012-10-01,58.309226989746094,70.01000213623047,70.66999816894531,69.80000305175781,69.86000061035156,4012100
2012-10-02,57.90943908691406,69.52999877929688,70.30000305175781,69.19999694824219,70.11000061035156,3077900
2012-10-03,58.18429946899414,69.86000061035156,70.0,69.36000061035156,69.9000015258789,3106400
2012-10-04,58.250919342041016,69.94000244140625,70.37999725341797,69.72000122070312,70.23999786376953,2818300
2012-10-05,59.04213333129883,70.88999938964844,71.25,70.20999908447266,70.26000213623047,3741600
2012-10-08,58.77564239501953,70.56999969482422,71.19000244140625,70.55000305175781,70.72000122070312,2838800
2012-10-09,58.83392333984375,70.63999938964844,71.20999908447266,70.36000061035156,70.69999694824219,4116600
2012-10-10,58.58406448364258,70.33999633789062,71.30000305175781,70.2300033569336,70.80000305175781,3642600
2012-10-11,58.99217224121094,70.83000183105469,71.55000305175781,70.80000305175781,70.9000015258789,3183200
2012-10-12,59.84169006347656,71.8499984741211,72.23999786376953,71.0,71.08000183105469,4345600
2012-10-15,60.17485809326172,72.25,72.27999877929688,71.68000030517578,71.8499984741211,3858000
2012-10-16,61.19929885864258,73.4800033569336,73.70999908447266,72.5,72.76000213623047,4799300
2012-10-17,61.32419967651367,73.62999725341797,73.9000015258789,72.62999725341797,73.73999786376953,6061500
2012-10-18,61.848907470703125,74.26000213623047,74.26000213623047,73.23999786376953,73.5199966430664,3414200
2012-10-19,61.640724182128906,74.01000213623047,74.2300033569336,73.58999633789062,74.02999877929688,5407000
2012-10-22,61.38249588012695,73.69999694824219,74.1500015258789,73.25,73.80000305175781,4419800
2012-10-23,60.64958190917969,72.81999969482422,73.2300033569336,72.61000061035156,72.98999786376953,4544900
2012-10-24,60.5579719543457,72.70999908447266,75.0,72.25,74.94999694824219,8346600
2012-10-25,59.583518981933594,71.54000091552734,73.08999633789062,70.6500015258789,73.05000305175781,8191500
2012-10-26,59.22537612915039,71.11000061035156,71.58000183105469,70.55000305175781,71.16000366210938,4389000
2012-10-31,58.66736602783203,70.44000244140625,71.44999694824219,70.2699966430664,71.3499984741211,3778700
2012-11-01,58.958866119384766,70.79000091552734,71.55999755859375,70.44000244140625,70.58999633789062,3992800
2012-11-02,58.34253692626953,70.05000305175781,71.36000061035156,69.95999908447266,71.0,4400400
2012-11-05,58.642364501953125,70.41000366210938,70.5999984741211,69.8499984741211,69.87000274658203,3833000
2012-11-06,59.9832763671875,72.0199966430664,72.44000244140625,70.47000122070312,70.47000122070312,4923700
2012-11-07,58.75144577026367,70.11000061035156,70.7699966430664,69.30000305175781,70.69000244140625,6675400
2012-11-08,59.48048400878906,70.9800033569336,71.31999969482422,70.08999633789062,70.12999725341797,7363500
2012-11-09,61.38272476196289,73.25,73.30000305175781,70.5999984741211,70.76000213623047,10269800
2012-11-12,61.7514533996582,73.69000244140625,74.18000030517578,73.27999877929688,73.41000366210938,6497600
2012-11-13,61.474910736083984,73.36000061035156,74.25,72.83999633789062,73.0199966430664,7293400
2012-11-14,59.74028015136719,71.29000091552734,73.6500015258789,71.12000274658203,73.33999633789062,6063100
2012-11-15,59.53078079223633,71.04000091552734,71.98999786376953,70.77999877929688,71.22000122070312,3928100
2012-11-16,59.30449676513672,70.7699966430664,71.22000122070312,70.29000091552734,71.19000244140625,4856300
2012-11-19,60.30171203613281,71.95999908447266,72.08000183105469,71.08000183105469,71.48999786376953,3475700
2012-11-20,60.787757873535156,72.54000091552734,72.80000305175781,71.79000091552734,71.87000274658203,3161000
2012-11-21,61.29892349243164,73.1500015258789,73.86000061035156,72.38999938964844,72.54000091552734,3119800
2012-11-23,61.7933464050293,73.73999786376953,73.75,73.08999633789062,73.3499984741211,1579200
2012-11-26,62.23746109008789,74.2699966430664,74.30000305175781,73.19999694824219,73.4000015258789,3709100
2012-11-27,62.42182540893555,74.48999786376953,74.54000091552734,73.5999984741211,74.12000274658203,5353500
2012-11-28,62.08665084838867,74.08999633789062,74.23999786376953,73.1500015258789,74.0,4245900
2012-11-29,62.11178207397461,74.12000274658203,74.86000061035156,73.83999633789062,74.36000061035156,2998900
2012-11-30,62.24585723876953,74.27999877929688,74.66000366210938,73.86000061035156,74.36000061035156,3863400
2012-12-03,62.02799606323242,74.0199966430664,74.48999786376953,73.56999969482422,74.41000366210938,3721600
2012-12-04,62.053131103515625,74.05000305175781,74.70999908447266,73.7300033569336,73.88999938964844,3827700
2012-12-05,61.902278900146484,73.87000274658203,74.44999694824219,73.18000030517578,73.94000244140625,3818800
2012-12-06,61.994468688964844,73.9800033569336,73.98999786376953,72.93000030517578,73.80000305175781,3895400
2012-12-07,62.547542572021484,74.63999938964844,74.66000366210938,73.61000061035156,74.08999633789062,3718000
2012-12-10,63.29335403442383,75.52999877929688,75.58000183105469,74.43000030517578,74.62000274658203,5323800
2012-12-11,63.53636169433594,75.81999969482422,76.05000305175781,75.5,75.62000274658203,5960300
2012-12-12,63.243072509765625,75.47000122070312,76.04000091552734,75.26000213623047,75.83999633789062,5191300
2012-12-13,62.27936935424805,74.31999969482422,75.48999786376953,74.0999984741211,75.41999816894531,4977600
2012-12-14,62.02799606323242,74.0199966430664,74.66000366210938,73.87000274658203,74.33000183105469,4209300
2012-12-17,62.55591583251953,74.6500015258789,74.66000366210938,73.52999877929688,74.19999694824219,5537800
2012-12-18,63.28493881225586,75.5199966430664,75.69999694824219,74.13999938964844,74.30000305175781,5767500
2012-12-19,63.276580810546875,75.51000213623047,76.19000244140625,75.30000305175781,75.61000061035156,6075200
2012-12-20,63.85480499267578,76.19999694824219,76.23999786376953,75.51000213623047,75.75,4599300
2012-12-21,63.82965850830078,76.16999816894531,76.22000122070312,74.58000183105469,75.08000183105469,6831500
2012-12-24,63.66206359863281,75.97000122070312,76.55999755859375,75.52999877929688,75.88999938964844,1931900
2012-12-26,63.703956604003906,76.0199966430664,76.30000305175781,75.75,75.97000122070312,2710300
2012-12-27,63.54475021362305,75.83000183105469,76.30000305175781,75.01000213623047,76.01000213623047,4041400
2012-12-28,62.58945083618164,74.69000244140625,75.73999786376953,74.55999755859375,75.20999908447266,2970400
2012-12-31,63.15088653564453,75.36000061035156,75.41000366210938,74.0,74.61000061035156,4939000
2013-01-02,64.5838623046875,77.06999969482422,77.33000183105469,76.44999694824219,76.55000305175781,5036400
2013-01-03,64.91905975341797,77.47000122070312,77.9800033569336,76.37000274658203,76.98999786376953,3987000
2013-01-04,65.10340881347656,77.69000244140625,78.0199966430664,77.44000244140625,77.79000091552734,3431700
2013-01-07,63.79613494873047,76.12999725341797,77.69000244140625,75.33999633789062,77.54000091552734,7172600
2013-01-08,62.120155334472656,74.12999725341797,75.80999755859375,73.11000061035156,75.23999786376953,20268100
2013-01-09,64.32405853271484,76.76000213623047,76.80999755859375,74.91000366210938,74.91999816894531,10915800
2013-01-10,64.60061645507812,77.08999633789062,77.12000274658203,76.16000366210938,76.93000030517578,5026600
2013-01-11,62.98329544067383,75.16000366210938,76.0999984741211,74.5999984741211,75.70999908447266,9808500
2013-01-14,64.14810180664062,76.55000305175781,76.58999633789062,74.9000015258789,75.2300033569336,6221100
2013-01-15,64.47490692138672,76.94000244140625,76.9800033569336,76.18000030517578,76.20999908447266,3900600
2013-01-16,62.29615783691406,74.33999633789062,74.63999938964844,73.55999755859375,73.8499984741211,18212000
2013-01-17,63.06710433959961,75.26000213623047,75.62999725341797,72.68000030517578,72.77999877929688,21849200
2013-01-18,62.882755279541016,75.04000091552734,75.16000366210938,74.29000091552734,75.16000366210938,10829000
2013-01-22,62.145301818847656,74.16000366210938,74.2699966430664,73.7699966430664,74.12000274658203,9161900
2013-01-23,62.254234313964844,74.29000091552734,74.58999633789062,73.44999694824219,73.98999786376953,7784900
2013-01-24,63.11735534667969,75.31999969482422,75.54000091552734,74.41000366210938,74.41000366210938,7292200
2013-01-25,62.87433624267578,75.02999877929688,75.41999816894531,74.79000091552734,75.29000091552734,6163200
2013-01-28,62.01123046875,74.0,74.6500015258789,73.88999938964844,73.9000015258789,7759000
2013-01-29,61.717926025390625,73.6500015258789,74.23999786376953,73.0,74.23999786376953,9296800
2013-01-30,62.50563049316406,74.58999633789062,74.75,73.7300033569336,74.41999816894531,10048600
2013-01-31,61.902278900146484,73.87000274658203,74.62000274658203,73.76000213623047,74.5,7639000
2013-02-01,62.74028396606445,74.87000274658203,75.06999969482422,74.2300033569336,74.48999786376953,6749300
2013-02-04,63.02521896362305,75.20999908447266,75.52999877929688,74.25,74.29000091552734,5799800
2013-02-05,63.59502029418945,75.88999938964844,76.9800033569336,75.61000061035156,75.69000244140625,6831200
2013-02-06,63.93022155761719,76.29000091552734,76.30000305175781,75.4000015258789,75.47000122070312,4716600
2013-02-07,64.88553619384766,77.43000030517578,77.54000091552734,76.27999877929688,76.31999969482422,7773000
2013-02-08,64.1564712524414,76.55999755859375,77.38999938964844,76.27999877929688,77.23999786376953,5100400
2013-02-11,63.57826614379883,75.87000274658203,76.44000244140625,75.8499984741211,76.41999816894531,3677100
2013-02-12,63.67881774902344,75.98999786376953,76.25,75.83000183105469,76.05999755859375,3597400
2013-02-13,63.06736755371094,74.77999877929688,75.83000183105469,74.62999725341797,75.66999816894531,4313500
2013-02-14,63.19388961791992,74.93000030517578,75.30999755859375,74.54000091552734,74.69000244140625,3830400
2013-02-15,63.2782096862793,75.02999877929688,75.26000213623047,74.72000122070312,75.26000213623047,3650700
2013-02-19,62.957733154296875,74.6500015258789,75.19000244140625,74.2699966430664,74.98999786376953,3882500
2013-02-20,63.06736755371094,74.77999877929688,76.25,74.75,75.63999938964844,7551300
2013-02-21,64.10472869873047,76.01000213623047,76.18000030517578,74.91000366210938,74.95999908447266,7438600
2013-02-22,64.6529312133789,76.66000366210938,77.02999877929688,76.4800033569336,76.69999694824219,5391200
2013-02-25,63.2782096862793,75.02999877929688,76.9000015258789,75.02999877929688,76.83000183105469,4936300
2013-02-26,63.80110549926758,75.6500015258789,75.91000366210938,75.13999938964844,75.43000030517578,3436700
2013-02-27,65.2432632446289,77.36000061035156,77.93000030517578,75.52999877929688,75.52999877929688,7160000
2013-02-28,64.85533142089844,76.9000015258789,77.7300033569336,76.4000015258789,77.23999786376953,5593400
2013-03-01,65.17581939697266,77.27999877929688,77.58999633789062,76.58000183105469,76.69999694824219,6024200
2013-03-04,65.01553344726562,77.08999633789062,77.4000015258789,76.16999816894531,76.94999694824219,4748600
2013-03-05,66.33967590332031,78.66000366210938,78.8499984741211,77.11000061035156,77.44999694824219,5693200
2013-03-06,66.69389343261719,79.08000183105469,79.27999877929688,78.48999786376953,78.66999816894531,3826100
2013-03-07,68.35530853271484,81.05000305175781,81.94999694824219,79.37000274658203,79.37000274658203,10029900
2013-03-08,68.50711059570312,81.2300033569336,81.69999694824219,80.72000122070312,81.16000366210938,5231700
2013-03-11,69.94928741455078,82.94000244140625,83.02999877929688,80.95999908447266,81.01000213623047,5087300
2013-03-12,70.97822570800781,84.16000366210938,84.62000274658203,83.0,83.0999984741211,6600800
2013-03-13,71.47578430175781,84.75,84.8499984741211,83.5199966430664,84.37999725341797,7750900
2013-03-14,71.36615753173828,84.62000274658203,85.0999984741211,84.12999725341797,84.62000274658203,5027800
2013-03-15,72.89266204833984,86.43000030517578,86.48999786376953,84.5,84.75,8205400
2013-03-18,71.83844757080078,85.18000030517578,85.7699966430664,85.04000091552734,85.06999969482422,4803900
2013-03-19,72.11676788330078,85.51000213623047,86.0,85.23999786376953,85.52999877929688,5381200
2013-03-20,71.99870300292969,85.37000274658203,86.13999938964844,85.18000030517578,85.8499984741211,3783500
2013-03-21,71.12159729003906,84.33000183105469,85.83000183105469,84.18000030517578,85.19999694824219,3672400
2013-03-22,71.53483581542969,84.81999969482422,85.0999984741211,84.5199966430664,84.5199966430664,2841600
2013-03-25,71.56013488769531,84.8499984741211,85.4800033569336,84.33999633789062,85.02999877929688,3528400
2013-03-26,73.05288696289062,86.62000274658203,86.83999633789062,85.41000366210938,85.43000030517578,5083400
2013-03-27,72.69869995117188,86.19999694824219,86.41999816894531,85.05000305175781,85.75,3185700
2013-03-28,72.40349578857422,85.8499984741211,86.5,85.41999816894531,86.41000366210938,4884300
2013-04-01,71.89749908447266,85.25,86.19000244140625,85.02999877929688,85.5999984741211,2867200
2013-04-02,70.91915893554688,84.08999633789062,85.5,83.80000305175781,85.38999938964844,4764900
2013-04-03,71.1468734741211,84.36000061035156,85.3499984741211,84.06999969482422,84.30000305175781,3885000
2013-04-04,71.64447784423828,84.94999694824219,85.0199966430664,84.20999908447266,84.79000091552734,3352500
2013-04-05,72.67337036132812,86.16999816894531,86.30000305175781,83.91000366210938,84.06999969482422,6109500
2013-04-08,73.16253662109375,86.75,86.80999755859375,85.37999725341797,86.04000091552734,5003600
2013-04-09,73.55049133300781,87.20999908447266,87.48999786376953,86.19000244140625,87.12000274658203,6058400
2013-04-10,74.06495666503906,87.81999969482422,88.55999755859375,87.05999755859375,87.33999633789062,4635200
2013-04-11,74.66374969482422,88.52999877929688,89.45999908447266,87.83999633789062,87.95999908447266,5394200
2013-04-12,74.96737670898438,88.88999938964844,88.93000030517578,88.0,88.29000091552734,2588300
2013-04-15,73.17940521240234,86.7699966430664,88.7699966430664,86.7699966430664,88.44000244140625,4324000
2013-04-16,73.28062438964844,86.88999938964844,88.3499984741211,86.43000030517578,87.44999694824219,5233900
2013-04-17,73.11194610595703,86.69000244140625,87.0,85.77999877929688,86.47000122070312,3781100
2013-04-18,72.63121032714844,86.12000274658203,87.16000366210938,85.75,87.05999755859375,2792800
2013-04-19,74.18302917480469,87.95999908447266,88.08000183105469,86.56999969482422,87.56999969482422,6322200
2013-04-22,73.32279205322266,86.94000244140625,88.08000183105469,86.44000244140625,88.08000183105469,4248700
2013-04-23,74.36856079101562,88.18000030517578,88.51000213623047,87.19999694824219,87.3499984741211,3130700
2013-04-24,76.60350799560547,90.83000183105469,92.6500015258789,90.41999816894531,91.94999694824219,9231700
2013-04-25,77.31195068359375,91.66999816894531,92.62000274658203,90.06999969482422,91.3499984741211,5766100
2013-04-26,78.30709838867188,92.8499984741211,93.37999725341797,91.66999816894531,91.88999938964844,5910600
2013-04-29,77.50592041015625,91.9000015258789,92.41000366210938,91.19000244140625,91.4000015258789,6265900
2013-04-30,77.09266662597656,91.41000366210938,91.98999786376953,90.81999969482422,91.3499984741211,4714300
2013-05-01,76.89867401123047,91.18000030517578,91.75,90.72000122070312,91.08000183105469,4567300
2013-05-02,77.76736450195312,92.20999908447266,92.81999969482422,91.19999694824219,91.23999786376953,4514800
2013-05-03,79.05772399902344,93.73999786376953,93.94999694824219,92.66999816894531,92.8499984741211,4700100
2013-05-06,79.43724060058594,94.19000244140625,94.79000091552734,93.36000061035156,93.44000244140625,5504800
2013-05-07,79.94324493408203,94.79000091552734,95.04000091552734,94.05999755859375,94.30999755859375,3858400
2013-05-08,79.71861267089844,94.04000091552734,94.44000244140625,93.7699966430664,94.30999755859375,3204300
2013-05-09,80.20182037353516,94.61000061035156,95.1500015258789,94.04000091552734,94.06999969482422,3677500
2013-05-10,79.88814544677734,94.23999786376953,94.98999786376953,93.81999969482422,94.75,3918600
2013-05-13,80.3289794921875,94.76000213623047,95.16000366210938,94.0999984741211,94.12000274658203,3492000
2013-05-14,81.4733657836914,96.11000061035156,96.19000244140625,94.69999694824219,94.91999816894531,4646500
2013-05-15,82.24475860595703,97.0199966430664,97.47000122070312,95.5999984741211,95.69000244140625,4875100
2013-05-16,81.87178039550781,96.58000183105469,97.19999694824219,96.30000305175781,96.88999938964844,5036700
2013-05-17,83.8554458618164,98.91999816894531,99.04000091552734,97.0,97.0199966430664,7408900
2013-05-20,83.68589782714844,98.72000122070312,99.33000183105469,98.5199966430664,99.12000274658203,6535200
2013-05-21,83.71131896972656,98.75,99.05000305175781,97.9000015258789,98.58999633789062,4415400
2013-05-22,83.0162124633789,97.93000030517578,99.4800033569336,97.86000061035156,98.86000061035156,8399700
2013-05-23,84.55902862548828,99.75,99.98999786376953,97.05999755859375,97.18000030517578,6975700
2013-05-24,84.77096557617188,100.0,100.58000183105469,98.8499984741211,99.75,6746300
2013-05-28,84.86419677734375,100.11000061035156,101.47000122070312,100.11000061035156,100.8499984741211,5736000
2013-05-29,83.9995346069336,99.08999633789062,100.02999877929688,98.9000015258789,99.55999755859375,4405800
2013-05-30,85.2287368774414,100.54000091552734,100.98999786376953,99.05999755859375,99.29000091552734,4784400
2013-05-31,83.94019317626953,99.0199966430664,100.94999694824219,99.0199966430664,100.20999908447266,4218700
2013-06-03,85.39827728271484,100.73999786376953,100.9000015258789,99.30000305175781,99.36000061035156,6472900
2013-06-04,84.44037628173828,99.61000061035156,100.91999816894531,99.08000183105469,100.4800033569336,3769800
2013-06-05,83.49092864990234,98.48999786376953,99.70999908447266,98.05000305175781,99.33999633789062,5151000
2013-06-06,84.56751251220703,99.76000213623047,99.80999755859375,98.41999816894531,98.6500015258789,4131700
2013-06-07,86.88176727294922,102.48999786376953,102.58999633789062,100.05999755859375,100.25,5732900
2013-06-10,86.66983795166016,102.23999786376953,102.94999694824219,101.51000213623047,102.51000213623047,4047500
2013-06-11,86.25444793701172,101.75,102.77999877929688,100.9000015258789,101.61000061035156,3144100
2013-06-12,85.5169448852539,100.87999725341797,102.41999816894531,100.61000061035156,102.19000244140625,2936500
2013-06-13,86.60200500488281,102.16000366210938,102.33999633789062,100.8499984741211,100.95999908447266,4076500
2013-06-14,86.32227325439453,101.83000183105469,103.22000122070312,101.5,102.16000366210938,3944400
2013-06-17,87.33951568603516,103.02999877929688,103.5199966430664,102.5199966430664,102.69000244140625,4217400
2013-06-18,88.2296371459961,104.08000183105469,104.1500015258789,102.6500015258789,103.22000122070312,4035700
2013-06-19,86.67829895019531,102.25,104.1500015258789,102.23999786376953,103.83000183105469,4186900
2013-06-20,84.46578216552734,99.63999938964844,101.86000061035156,99.37999725341797,101.45999908447266,7114800
2013-06-21,84.75401306152344,99.9800033569336,100.13999938964844,97.41999816894531,100.08000183105469,10328800
2013-06-24,82.9483871459961,97.8499984741211,99.45999908447266,96.30999755859375,99.05999755859375,5585200
2013-06-25,83.64352416992188,98.66999816894531,99.66000366210938,98.18000030517578,99.19999694824219,3557900
2013-06-26,85.40675354003906,100.75,101.38999938964844,99.56999969482422,99.6500015258789,5267300
2013-06-27,87.44124603271484,103.1500015258789,103.5199966430664,102.01000213623047,102.41000366210938,6577700
2013-06-28,86.83936309814453,102.44000244140625,103.48999786376953,102.31999969482422,102.86000061035156,5432500
2013-07-01,87.51753234863281,103.23999786376953,104.0199966430664,102.93000030517578,102.93000030517578,4091200
2013-07-02,86.01709747314453,101.47000122070312,103.25,100.81999969482422,103.22000122070312,4147000
2013-07-03,87.22083282470703,102.88999938964844,103.04000091552734,100.77999877929688,101.01000213623047,2891700
2013-07-05,88.3313217163086,104.19999694824219,104.19999694824219,102.75,103.69999694824219,3671700
2013-07-08,88.47544860839844,104.37000274658203,105.0999984741211,103.44000244140625,104.0,4222700
2013-07-09,88.73824310302734,104.68000030517578,105.75,104.45999908447266,105.2699966430664,3991800
2013-07-10,89.4333724975586,105.5,105.5999984741211,104.41000366210938,104.5,3872700
2013-07-11,90.60321044921875,106.87999725341797,107.45999908447266,106.29000091552734,106.43000030517578,4529800
2013-07-12,86.356201171875,101.87000274658203,108.1500015258789,98.98999786376953,106.86000061035156,44391800
2013-07-15,89.56902313232422,105.66000366210938,105.87000274658203,103.0999984741211,103.83000183105469,13169900
2013-07-16,88.35675811767578,104.2300033569336,105.80000305175781,103.77999877929688,105.69000244140625,5839100
2013-07-17,88.83148193359375,104.79000091552734,105.43000030517578,104.41999816894531,104.44999694824219,3931800
2013-07-18,91.23898315429688,107.62999725341797,107.9800033569336,104.80000305175781,104.95999908447266,8046400
2013-07-19,90.6710205078125,106.95999908447266,107.12999725341797,105.61000061035156,107.12999725341797,5992000
2013-07-22,90.58625793457031,106.86000061035156,107.31999969482422,106.44999694824219,107.2699966430664,4168800
2013-07-23,91.37462615966797,107.79000091552734,107.9800033569336,106.33999633789062,107.18000030517578,5081600
2013-07-24,90.66252136230469,106.94999694824219,109.48999786376953,106.26000213623047,109.23999786376953,7723500
2013-07-25,90.45060729980469,106.69999694824219,107.12000274658203,105.8499984741211,106.36000061035156,5267100
2013-07-26,89.51812744140625,105.5999984741211,106.22000122070312,105.30999755859375,106.22000122070312,4216100
2013-07-29,88.84844207763672,104.80999755859375,105.12000274658203,103.5,103.5199966430664,4041800
2013-07-30,89.62833404541016,105.7300033569336,106.01000213623047,104.80000305175781,104.94000244140625,5022700
2013-07-31,89.09428405761719,105.0999984741211,106.27999877929688,104.98999786376953,105.91999816894531,4487800
2013-08-01,90.45060729980469,106.69999694824219,107.0,105.77999877929688,105.98999786376953,4910800
2013-08-02,91.4678955078125,107.9000015258789,107.94999694824219,106.0,106.0,4226200
2013-08-05,91.12876892089844,107.5,107.80000305175781,107.13999938964844,107.13999938964844,3559200
2013-08-06,90.73883819580078,107.04000091552734,107.70999908447266,106.62000274658203,107.3499984741211,5199900
2013-08-07,90.62385559082031,106.41999816894531,106.68000030517578,105.52999877929688,106.20999908447266,3158600
2013-08-08,90.12997436523438,105.83999633789062,107.23999786376953,105.83000183105469,106.68000030517578,3741400
2013-08-09,89.69568634033203,105.33000183105469,106.1500015258789,104.87999725341797,105.37000274658203,3326500
2013-08-12,88.76747131347656,104.23999786376953,105.06999969482422,104.05000305175781,104.86000061035156,3830800
2013-08-13,90.46208190917969,106.2300033569336,106.55000305175781,104.2699966430664,104.30999755859375,3578300
2013-08-14,88.69932556152344,104.16000366210938,106.16000366210938,104.06999969482422,106.16000366210938,4481100
2013-08-15,87.48159790039062,102.7300033569336,103.29000091552734,101.7699966430664,103.19000244140625,4359400
2013-08-16,88.11176300048828,103.47000122070312,103.94000244140625,102.69999694824219,102.81999969482422,3469100
2013-08-19,89.17621612548828,104.72000122070312,105.19999694824219,102.87999725341797,103.0,3512200
2013-08-20,89.09957122802734,104.62999725341797,105.08000183105469,104.55000305175781,104.69000244140625,3448900
2013-08-21,88.48644256591797,103.91000366210938,104.76000213623047,103.5999984741211,104.47000122070312,3645600
2013-08-22,89.53387451171875,105.13999938964844,105.5,103.87999725341797,103.87999725341797,2857800
2013-08-23,89.82340240478516,105.4800033569336,105.5,104.80000305175781,105.5,3016100
2013-08-26,89.865966796875,105.52999877929688,106.5199966430664,105.20999908447266,105.75,2480400
2013-08-27,87.89035034179688,103.20999908447266,105.13999938964844,103.05999755859375,104.4000015258789,4376900
2013-08-28,87.94143676757812,103.2699966430664,103.81999969482422,102.56999969482422,103.0999984741211,2816300
2013-08-29,89.35504913330078,104.93000030517578,105.44000244140625,103.0,103.27999877929688,3095400
2013-08-30,88.4949722290039,103.91999816894531,104.95999908447266,103.5999984741211,104.91999816894531,2723800
2013-09-03,89.42316436767578,105.01000213623047,105.83000183105469,104.66000366210938,105.12999725341797,3659800
2013-09-04,90.58131408691406,106.37000274658203,107.12000274658203,104.62000274658203,105.05000305175781,3837500
2013-09-05,90.81974792480469,106.6500015258789,106.9800033569336,105.66999816894531,106.16000366210938,2590500
2013-09-06,90.3258285522461,106.06999969482422,107.37999725341797,105.11000061035156,107.0,3265200
2013-09-09,91.27960205078125,107.19000244140625,107.37999725341797,106.55999755859375,106.58000183105469,2907600
2013-09-10,92.11412048339844,108.16999816894531,108.44999694824219,107.4000015258789,107.63999938964844,3848000
2013-09-11,93.01677703857422,109.2300033569336,109.2300033569336,107.80000305175781,108.25,3313700
2013-09-12,93.5021743774414,109.80000305175781,110.22000122070312,109.13999938964844,109.19000244140625,4766800
2013-09-13,94.80506896972656,111.33000183105469,111.33000183105469,109.55999755859375,109.93000030517578,3503400
2013-09-16,98.50086212158203,115.66999816894531,115.88999938964844,113.26000213623047,113.7300033569336,7711200
2013-09-17,99.7271499633789,117.11000061035156,117.4800033569336,115.58999633789062,115.77999877929688,5308300
2013-09-18,100.82565307617188,118.4000015258789,119.5199966430664,116.55000305175781,117.27999877929688,6330600
2013-09-19,101.37066650390625,119.04000091552734,120.37999725341797,118.80999755859375,119.22000122070312,5766700
2013-09-20,99.31837463378906,116.62999725341797,119.22000122070312,116.62999725341797,119.1500015258789,8745400
2013-09-23,100.06777954101562,117.51000213623047,118.37000274658203,115.80000305175781,117.1500015258789,5450200
2013-09-24,101.33660125732422,119.0,119.88999938964844,116.80000305175781,117.19000244140625,5020000
2013-09-25,100.91934204101562,118.51000213623047,119.61000061035156,118.16000366210938,119.31999969482422,3566600
2013-09-26,101.66020202636719,119.37999725341797,119.5,118.51000213623047,118.70999908447266,2820400
2013-09-27,101.11520385742188,118.73999786376953,119.16999816894531,117.79000091552734,118.51000213623047,2848900
2013-09-30,100.05925750732422,117.5,117.88999938964844,116.37000274658203,117.3499984741211,4032900
2013-10-01,100.27214050292969,117.75,118.30000305175781,117.08000183105469,117.97000122070312,2880700
2013-10-02,100.34876251220703,117.83999633789062,117.83999633789062,116.27999877929688,117.37999725341797,2871900
2013-10-03,98.13468933105469,115.23999786376953,117.48999786376953,114.7300033569336,117.3499984741211,4455100
2013-10-04,99.80377960205078,117.19999694824219,117.26000213623047,115.25,115.2699966430664,3998000
2013-10-07,99.3694839477539,116.69000244140625,117.16999816894531,115.4000015258789,115.51000213623047,3822000
2013-10-08,98.30502319335938,115.44000244140625,117.31999969482422,115.41999816894531,116.66999816894531,4574000
2013-10-09,97.47901153564453,114.47000122070312,115.4000015258789,113.33999633789062,115.4000015258789,4722200
2013-10-10,101.25144958496094,118.9000015258789,119.0,115.91000366210938,116.0999984741211,5635400
2013-10-11,100.46800994873047,117.9800033569336,119.4000015258789,117.83000183105469,118.5999984741211,4505500
2013-10-14,101.72832489013672,119.45999908447266,119.55000305175781,116.69000244140625,117.41999816894531,3617800
2013-10-15,100.63831329345703,118.18000030517578,119.58999633789062,118.13999938964844,119.41999816894531,2749700
2013-10-16,102.47769927978516,120.33999633789062,120.66000366210938,118.75,118.77999877929688,4036900
2013-10-17,104.13824462890625,122.29000091552734,122.38999938964844,119.80999755859375,119.80999755859375,4114200
2013-10-18,104.33413696289062,122.5199966430664,122.86000061035156,121.25,122.5,3924200
2013-10-21,103.43997192382812,121.47000122070312,122.73999786376953,121.05999755859375,122.69000244140625,3207900
2013-10-22,104.30005645751953,122.4800033569336,123.80000305175781,121.87999725341797,122.0,4431200
2013-10-23,109.86930084228516,129.02000427246094,129.99000549316406,125.9000015258789,126.0,10766300
2013-10-24,109.83523559570312,128.97999572753906,129.57000732421875,127.94000244140625,129.00999450683594,4976200
2013-10-25,111.71722412109375,131.19000244140625,131.42999267578125,128.22000122070312,129.25,5467600
2013-10-28,110.60167694091797,129.8800048828125,130.47000122070312,128.63999938964844,128.75,4655800
2013-10-29,110.41429901123047,129.66000366210938,129.8800048828125,128.75999450683594,129.35000610351562,3608700
2013-10-30,110.43132781982422,129.67999267578125,131.42999267578125,129.02000427246094,129.55999755859375,4122100
2013-10-31,111.12963104248047,130.5,131.8800048828125,129.5500030517578,129.83999633789062,4931800
2013-11-01,113.28408813476562,133.02999877929688,133.5,130.89999389648438,130.89999389648438,4582400
2013-11-04,113.07972717285156,132.7899932861328,133.99000549316406,132.4600067138672,133.75,3915800
2013-11-05,113.74394989013672,133.57000732421875,133.74000549316406,130.58999633789062,132.02999877929688,4069200
2013-11-06,113.74822235107422,133.08999633789062,134.5800018310547,132.67999267578125,134.02000427246094,3747700
2013-11-07,112.39784240722656,131.50999450683594,133.92999267578125,131.35000610351562,133.44000244140625,3826800
2013-11-08,114.0901107788086,133.49000549316406,133.89999389648438,130.9499969482422,131.27999877929688,4790900
2013-11-11,113.2696304321289,132.52999877929688,133.3300018310547,132.1199951171875,133.13999938964844,2962200
2013-11-12,113.09870147705078,132.3300018310547,133.0800018310547,131.97000122070312,132.39999389648438,2851000
2013-11-13,113.81659698486328,133.1699981689453,133.49000549316406,131.10000610351562,131.9199981689453,3577100
2013-11-14,115.45758819580078,135.08999633789062,135.3800048828125,133.1699981689453,133.6999969482422,3279600
2013-11-15,116.30367279052734,136.0800018310547,136.57000732421875,134.5399932861328,135.36000061035156,4495100
2013-11-18,118.25231170654297,138.36000061035156,142.0,137.77000427246094,140.25,8158800
2013-11-19,117.0728759765625,136.97999572753906,138.7899932861328,136.6999969482422,138.5,3954000
2013-11-20,113.20121765136719,132.4499969482422,135.88999938964844,132.2899932861328,135.8000030517578,8634900
2013-11-21,113.61145782470703,132.92999267578125,133.2899932861328,131.1999969482422,132.4499969482422,4700600
2013-11-22,116.20968627929688,135.97000122070312,136.1199951171875,133.42999267578125,133.49000549316406,4290200
2013-11-25,113.67131805419922,133.0,134.86000061035156,130.5800018310547,134.00999450683594,7181700
2013-11-26,115.19263458251953,134.77999877929688,135.44000244140625,132.55999755859375,133.0,4200800
2013-11-27,115.14134979248047,134.72000122070312,136.3000030517578,134.1699981689453,135.0500030517578,3350900
2013-11-29,114.7396240234375,134.25,135.22999572753906,134.17999267578125,134.82000732421875,1680900
2013-12-02,114.6627197265625,134.16000366210938,135.4600067138672,133.6199951171875,134.99000549316406,3378100
2013-12-03,112.8166275024414,132.0,133.92999267578125,131.9199981689453,133.92999267578125,5171900
2013-12-04,112.3892822265625,131.5,132.14999389648438,130.5500030517578,131.72999572753906,5137100
2013-12-05,113.44055938720703,132.72999572753906,133.10000610351562,131.25,131.25999450683594,3665100
2013-12-06,115.53450012207031,135.17999267578125,135.75,134.0,134.5800018310547,5341800
2013-12-09,115.10711669921875,134.67999267578125,135.9499969482422,134.57000732421875,135.49000549316406,3799000
2013-12-10,114.26958465576172,133.6999969482422,135.0399932861328,132.17999267578125,133.64999389648438,4061300
2013-12-11,113.29524230957031,132.55999755859375,133.80999755859375,132.44000244140625,133.6999969482422,3358300
2013-12-12,113.63713073730469,132.9600067138672,133.64999389648438,131.89999389648438,132.11000061035156,3617700
2013-12-13,114.38068389892578,133.8300018310547,134.25,133.13999938964844,133.4499969482422,3139400
2013-12-16,115.14134979248047,134.72000122070312,135.1999969482422,133.94000244140625,134.27000427246094,3979500
2013-12-17,116.1327896118164,135.8800048828125,138.10000610351562,135.36000061035156,137.9199981689453,6753000
2013-12-18,115.7994384765625,135.49000549316406,136.44000244140625,132.83999633789062,135.86000061035156,5632400
2013-12-19,115.52595520019531,135.1699981689453,136.22999572753906,133.94000244140625,135.0,3177100
2013-12-20,116.80793762207031,136.6699981689453,137.85000610351562,135.49000549316406,135.49000549316406,5454600
2013-12-23,116.57717895507812,136.39999389648438,138.08999633789062,136.32000732421875,137.69000244140625,2945100
2013-12-24,116.9447021484375,136.8300018310547,136.97999572753906,136.13999938964844,136.39999389648438,1203200
2013-12-26,118.17540740966797,138.27000427246094,138.58999633789062,137.1699981689453,137.17999267578125,2161300
2013-12-27,117.00452423095703,136.89999389648438,138.8800048828125,136.7899932861328,138.69000244140625,2204600
2013-12-30,116.16694641113281,135.9199981689453,137.3699951171875,135.5399932861328,137.16000366210938,2403500
2013-12-31,116.65410614013672,136.49000549316406,137.0500030517578,135.74000549316406,136.16000366210938,2096000
2014-01-02,116.80793762207031,136.6699981689453,137.25,135.50999450683594,136.00999450683594,3366700
2014-01-03,117.61988830566406,137.6199951171875,138.5,137.0500030517578,137.05999755859375,3177400
2014-01-06,118.29505920410156,138.41000366210938,139.75999450683594,137.8000030517578,139.39999389648438,4196500
2014-01-07,120.08990478515625,140.50999450683594,141.10000610351562,138.5,138.5800018310547,4238500
2014-01-08,120.35484313964844,140.82000732421875,141.39999389648438,139.36000061035156,140.69000244140625,4236100
2014-01-09,121.47445678710938,142.1300048828125,142.52000427246094,140.5399932861328,141.50999450683594,4052500
2014-01-10,121.2778549194336,141.89999389648438,142.8000030517578,140.89999389648438,142.7899932861328,4549500
2014-01-13,120.25227355957031,140.6999969482422,142.13999938964844,140.3800048828125,141.5500030517578,4462400
2014-01-14,119.66252899169922,140.00999450683594,141.6999969482422,137.8000030517578,140.85000610351562,8441600
2014-01-15,120.18389129638672,140.6199951171875,141.0800018310547,140.13999938964844,140.3000030517578,3030800
2014-01-16,119.83350372314453,140.2100067138672,141.4499969482422,140.07000732421875,140.3300018310547,3062900
2014-01-17,120.04720306396484,140.4600067138672,141.0,139.75,140.0800018310547,3382700
2014-01-21,121.08131408691406,141.6699981689453,142.4600067138672,140.80999755859375,141.4600067138672,3240600
2014-01-22,123.3888931274414,144.3699951171875,144.57000732421875,141.8699951171875,142.30999755859375,4388700
2014-01-23,120.77359771728516,141.30999755859375,143.88999938964844,141.10000610351562,143.10000610351562,4491400
2014-01-24,116.79087829589844,136.64999389648438,140.47000122070312,136.32000732421875,140.39999389648438,5856800
2014-01-27,117.39768981933594,137.36000061035156,138.4600067138672,135.64999389648438,136.6999969482422,5057800
2014-01-28,117.16690826416016,137.08999633789062,138.08999633789062,136.44000244140625,137.61000061035156,4606200
2014-01-29,110.91926574707031,129.77999877929688,131.75999450683594,128.07000732421875,131.6999969482422,15993400
2014-01-30,108.14158630371094,126.52999877929688,131.6999969482422,125.19999694824219,131.6999969482422,10406200
2014-01-31,107.05615234375,125.26000213623047,126.87000274658203,123.08000183105469,124.45999908447266,9732700
2014-02-03,105.1929702758789,123.08000183105469,126.5199966430664,122.75,124.23999786376953,9309600
2014-02-04,104.3041000366211,122.04000091552734,123.80000305175781,120.52999877929688,123.06999969482422,9304100
2014-02-05,103.75709533691406,121.4000015258789,121.94000244140625,118.7699966430664,121.0,9689100
2014-02-06,104.842529296875,122.66999816894531,122.72000122070312,121.51000213623047,121.79000091552734,6738800
2014-02-07,108.56036376953125,127.0199966430664,127.20999908447266,123.6500015258789,123.75,8906300
2014-02-10,108.68001556396484,127.16000366210938,128.97000122070312,126.3499984741211,128.9600067138672,8173500
2014-02-11,111.24405670166016,130.16000366210938,130.69000244140625,127.45999908447266,127.6500015258789,7874000
2014-02-12,110.126708984375,128.1300048828125,130.5500030517578,128.0,130.2899932861328,5798800
2014-02-13,111.30421447753906,129.5,129.94000244140625,127.05999755859375,127.05999755859375,4203400
2014-02-14,111.8714828491211,130.16000366210938,130.41000366210938,128.02000427246094,129.08999633789062,4807700
2014-02-18,112.27542114257812,130.6300048828125,130.94000244140625,129.60000610351562,130.1300048828125,4645300
2014-02-19,110.35017395019531,128.38999938964844,130.5,128.3699951171875,130.11000061035156,5146600
2014-02-20,111.35576629638672,129.55999755859375,129.99000549316406,127.51000213623047,128.47999572753906,4466400
2014-02-21,110.25559997558594,128.27999877929688,129.8000030517578,128.11000061035156,129.8000030517578,5164000
2014-02-24,111.3815689086914,129.58999633789062,130.8000030517578,128.36000061035156,128.3800048828125,4635700
2014-02-25,108.96637725830078,126.77999877929688,129.75,126.20999908447266,129.3000030517578,7308800
2014-02-26,108.82026672363281,126.61000061035156,127.94000244140625,126.36000061035156,127.23999786376953,4803600
2014-02-27,110.49627685546875,128.55999755859375,128.55999755859375,126.26000213623047,126.47000122070312,4649700
2014-02-28,110.80569458007812,128.9199981689453,129.9499969482422,128.05999755859375,128.75,4361400
2014-03-03,110.20404052734375,128.22000122070312,128.44000244140625,126.5199966430664,127.18000030517578,4847100
2014-03-04,111.93162536621094,130.22999572753906,131.0,129.3300018310547,129.3800048828125,5422800
2014-03-05,110.69395446777344,128.7899932861328,130.8000030517578,128.69000244140625,130.39999389648438,4095200
2014-03-06,110.75413513183594,128.86000061035156,129.3699951171875,128.02999877929688,129.00999450683594,3595900
2014-03-07,110.47908020019531,128.5399932861328,130.16000366210938,128.07000732421875,129.75,4297800
2014-03-10,109.06092071533203,126.88999938964844,127.27999877929688,124.76000213623047,126.51000213623047,7039200
2014-03-11,108.0123519897461,125.66999816894531,127.2699966430664,125.62000274658203,127.02999877929688,4190000
2014-03-12,106.94657135009766,124.43000030517578,125.19999694824219,123.80999755859375,125.0,5040100
2014-03-13,104.76347351074219,121.88999938964844,125.61000061035156,121.62999725341797,124.6500015258789,6071200
2014-03-14,105.81204986572266,123.11000061035156,124.27999877929688,121.94999694824219,122.12000274658203,5698400
2014-03-17,107.79747009277344,125.41999816894531,125.81999969482422,123.91999816894531,123.97000122070312,4380500
2014-03-18,106.61140441894531,124.04000091552734,125.81999969482422,123.66000366210938,125.58999633789062,4151600
2014-03-19,105.06429290771484,122.23999786376953,125.19999694824219,121.37000274658203,124.31999969482422,6673000
2014-03-20,106.34493255615234,123.7300033569336,123.9000015258789,121.37999725341797,122.58999633789062,4601700
2014-03-21,105.35651397705078,122.58000183105469,124.44999694824219,122.5,124.05999755859375,7973600
2014-03-24,106.0784912109375,123.41999816894531,123.94999694824219,122.08000183105469,123.52999877929688,4472500
2014-03-25,106.59420013427734,124.0199966430664,125.0,123.55999755859375,124.45999908447266,3225100
2014-03-26,106.17304229736328,123.52999877929688,125.31999969482422,123.31999969482422,124.61000061035156,3091200
2014-03-27,105.89797973632812,123.20999908447266,124.30000305175781,121.80000305175781,123.01000213623047,3106000
2014-03-28,106.97236633300781,124.45999908447266,125.19000244140625,123.5199966430664,123.77999877929688,2863500
2014-03-31,107.85762786865234,125.48999786376953,126.04000091552734,124.80000305175781,125.36000061035156,2962000
2014-04-01,110.19547271728516,128.2100067138672,128.39999389648438,126.16999816894531,126.23999786376953,3952800
2014-04-02,110.28140258789062,128.30999755859375,128.77000427246094,127.4000015258789,128.6300048828125,2935200
2014-04-03,110.68537139892578,128.77999877929688,129.1699981689453,128.27999877929688,129.1699981689453,3303500
2014-04-04,109.48208618164062,127.37999725341797,129.9199981689453,127.2300033569336,129.3300018310547,4156600
2014-04-07,107.94358825683594,125.58999633789062,128.17999267578125,124.94999694824219,127.19000244140625,3753600
2014-04-08,106.70592498779297,124.1500015258789,125.7300033569336,124.05999755859375,125.27999877929688,4122200
2014-04-09,109.05233764648438,126.87999725341797,127.0199966430664,124.05000305175781,124.98999786376953,3689900
2014-04-10,106.26758575439453,123.63999938964844,126.86000061035156,123.63999938964844,126.81999969482422,3956900
2014-04-11,104.9181900024414,122.06999969482422,123.44999694824219,121.91999816894531,123.05000305175781,3854600
2014-04-14,105.93238830566406,123.25,123.7699966430664,122.18000030517578,123.08000183105469,3086300
2014-04-15,106.80905151367188,124.2699966430664,124.55000305175781,122.12999725341797,123.3499984741211,2746900
2014-04-16,108.33036041259766,126.04000091552734,126.04000091552734,124.7300033569336,125.0,2826100
2014-04-17,109.94619750976562,127.91999816894531,128.3699951171875,125.83000183105469,126.44000244140625,3449400
2014-04-21,109.86024475097656,127.81999969482422,128.44000244140625,127.37000274658203,128.0500030517578,2368500
2014-04-22,109.6281967163086,127.55000305175781,129.1300048828125,127.4800033569336,128.25,5015600
2014-04-23,112.27542114257812,130.6300048828125,131.5,129.3300018310547,130.6699981689453,7121600
2014-04-24,111.6136245727539,129.86000061035156,130.6199951171875,128.42999267578125,130.41000366210938,4177000
2014-04-25,110.58226013183594,128.66000366210938,130.0,128.3699951171875,129.83999633789062,2978500
2014-04-28,109.18984985351562,127.04000091552734,128.8699951171875,125.80000305175781,128.1999969482422,4354600
2014-04-29,110.33297729492188,128.3699951171875,128.57000732421875,126.52999877929688,127.19999694824219,3344100
2014-04-30,110.89163970947266,129.02000427246094,129.5,127.80000305175781,128.0500030517578,2773000
2014-05-01,110.41031646728516,128.4600067138672,129.60000610351562,128.27000427246094,128.74000549316406,2804100
2014-05-02,111.68238830566406,129.94000244140625,130.39999389648438,128.61000061035156,128.6999969482422,3762900
2014-05-05,113.4185562133789,131.9600067138672,132.3800048828125,128.9499969482422,129.0,4026500
2014-05-06,112.44731140136719,130.8300018310547,131.9199981689453,130.6999969482422,131.75,4032000
2014-05-07,112.66341400146484,130.35000610351562,131.10000610351562,129.1999969482422,130.77000427246094,2900600
2014-05-08,112.85356140136719,130.57000732421875,131.27000427246094,130.1699981689453,130.1699981689453,2988700
2014-05-09,113.31166076660156,131.10000610351562,131.3300018310547,129.8800048828125,130.25999450683594,2543800
2014-05-12,114.6081314086914,132.60000610351562,132.99000549316406,131.63999938964844,131.82000732421875,3288500
2014-05-13,115.3427734375,133.4499969482422,133.8300018310547,132.86000061035156,133.00999450683594,3132200
2014-05-14,114.94520568847656,132.99000549316406,133.97000122070312,132.69000244140625,133.8000030517578,2883900
2014-05-15,113.40674591064453,131.2100067138672,132.86000061035156,130.55999755859375,132.6999969482422,3596800
2014-05-16,113.06098175048828,130.80999755859375,131.7100067138672,130.02999877929688,131.30999755859375,2963300
2014-05-19,113.52771759033203,131.35000610351562,132.07000732421875,130.35000610351562,130.4199981689453,2103100
2014-05-20,111.99789428710938,129.5800018310547,131.60000610351562,129.07000732421875,130.94000244140625,2995800
2014-05-21,113.19064331054688,130.9600067138672,131.42999267578125,130.0399932861328,130.42999267578125,2476100
2014-05-22,113.95124053955078,131.83999633789062,132.47999572753906,131.27000427246094,131.66000366210938,2370700
2014-05-23,114.44388580322266,132.41000366210938,132.5800018310547,131.92999267578125,132.0,1956200
2014-05-27,115.965087890625,134.1699981689453,134.2100067138672,132.8699951171875,133.08999633789062,3085500
2014-05-28,116.1033706665039,134.3300018310547,135.14999389648438,134.1699981689453,134.1699981689453,2609400
2014-05-29,116.80348205566406,135.13999938964844,135.1999969482422,134.42999267578125,134.7100067138672,2234100
2014-05-30,116.89856719970703,135.25,135.44000244140625,134.0399932861328,134.6699981689453,2760300
2014-06-02,117.4603500366211,135.89999389648438,136.02999877929688,134.77000427246094,135.5,2629900
2014-06-03,117.44309997558594,135.8800048828125,136.52999877929688,135.6199951171875,135.8000030517578,2468800
2014-06-04,116.96766662597656,135.3300018310547,135.5500030517578,134.58999633789062,135.5399932861328,2601900
2014-06-05,118.25555419921875,136.82000732421875,137.3800048828125,135.64999389648438,135.64999389648438,3489900
2014-06-06,119.49149322509766,138.25,138.25,137.1199951171875,137.38999938964844,2710900
2014-06-09,119.2408447265625,137.9600067138672,138.38999938964844,137.5,138.25,2585000
2014-06-10,118.62716674804688,137.25,137.75,136.2899932861328,137.58999633789062,2370200
2014-06-11,115.90460205078125,134.10000610351562,135.52999877929688,133.82000732421875,135.25,5558000
2014-06-12,114.25373077392578,132.19000244140625,134.1699981689453,131.63999938964844,133.86000061035156,3826100
2014-06-13,114.34016418457031,132.2899932861328,132.9499969482422,131.5500030517578,132.52999877929688,2376600
2014-06-16,114.55624389648438,132.5399932861328,133.1300048828125,131.64999389648438,132.1999969482422,2163800
2014-06-17,114.47845458984375,132.4499969482422,133.0500030517578,131.72000122070312,132.10000610351562,2223200
2014-06-18,114.50440216064453,132.47999572753906,132.6699981689453,131.02999877929688,132.61000061035156,2859000
2014-06-19,114.79826354980469,132.82000732421875,132.92999267578125,131.8000030517578,132.47999572753906,2794900
2014-06-20,114.17594909667969,132.10000610351562,134.0800018310547,132.08999633789062,133.47999572753906,8083500
2014-06-23,113.09557342529297,130.85000610351562,132.52999877929688,130.64999389648438,132.32000732421875,4433000
2014-06-24,111.62623596191406,129.14999389648438,131.24000549316406,129.0,130.5,4319800
2014-06-25,109.81980895996094,127.05999755859375,129.13999938964844,126.27999877929688,129.0399932861328,7929700
2014-06-26,110.6495590209961,128.02000427246094,128.44000244140625,126.36000061035156,127.41000366210938,3929100
2014-06-27,111.0989990234375,128.5399932861328,128.77999877929688,127.55999755859375,128.07000732421875,3687900
2014-06-30,109.96674346923828,127.2300033569336,127.91000366210938,126.19999694824219,127.91000366210938,5712900
2014-07-01,110.76191711425781,128.14999389648438,128.3300018310547,127.36000061035156,127.66000366210938,3772500
2014-07-02,110.3038330078125,127.62000274658203,128.5,127.33999633789062,128.14999389648438,2859000
2014-07-03,111.07305908203125,128.50999450683594,128.6199951171875,127.69999694824219,127.98999786376953,1997500
2014-07-07,111.57437896728516,129.08999633789062,129.5,127.7699966430664,128.10000610351562,3157000
2014-07-08,109.58645629882812,126.79000091552734,128.97000122070312,125.91999816894531,128.88999938964844,5724300
2014-07-09,109.58645629882812,126.79000091552734,128.32000732421875,125.91000366210938,128.30999755859375,8023900
2014-07-10,109.58645629882812,126.79000091552734,127.62999725341797,125.12000274658203,125.54000091552734,3936900
2014-07-11,110.71005249023438,128.08999633789062,128.24000549316406,126.36000061035156,127.18000030517578,3193100
2014-07-14,111.9460220336914,129.52000427246094,130.5800018310547,128.75999450683594,128.91000366210938,5267500
2014-07-15,111.58302307128906,129.10000610351562,130.30999755859375,128.33999633789062,130.30999755859375,4916100
2014-07-16,110.13095092773438,127.41999816894531,129.55999755859375,127.13999938964844,129.55999755859375,5260800
2014-07-17,108.7999267578125,125.87999725341797,128.17999267578125,125.79000091552734,127.20999908447266,5292900
2014-07-18,110.32113647460938,127.63999938964844,127.81999969482422,126.25,126.37999725341797,3103300
2014-07-21,110.89154815673828,128.3000030517578,128.4199981689453,126.7699966430664,127.30000305175781,2738700
2014-07-22,112.13616943359375,129.74000549316406,130.00999450683594,128.5800018310547,128.99000549316406,5102200
2014-07-23,109.51728820800781,126.70999908447266,128.39999389648438,126.0199966430664,127.79000091552734,12326300
2014-07-24,107.5207290649414,124.4000015258789,126.05000305175781,124.0,125.91999816894531,10307200
2014-07-25,106.48355102539062,123.19999694824219,124.52999877929688,122.41000366210938,124.4800033569336,6121400
2014-07-28,106.36255645751953,123.05999755859375,124.55999755859375,122.16000366210938,123.44000244140625,4982400
2014-07-29,105.72294616699219,122.31999969482422,123.62999725341797,122.19999694824219,123.30999755859375,4101900
2014-07-30,105.69701385498047,122.29000091552734,123.80000305175781,121.76000213623047,123.19999694824219,4042900
2014-07-31,104.13263702392578,120.4800033569336,122.05000305175781,120.41000366210938,121.47000122070312,5588800
2014-08-01,104.04618835449219,120.37999725341797,121.70999908447266,119.63999938964844,120.44999694824219,5852700
2014-08-04,103.65723419189453,119.93000030517578,121.19000244140625,119.7699966430664,120.80000305175781,4671100
2014-08-05,104.8154296875,121.2699966430664,121.9800033569336,119.66000366210938,119.66999816894531,6097900
2014-08-06,102.90242004394531,118.33999633789062,119.36000061035156,117.87000274658203,119.31999969482422,6239700
2014-08-07,104.20674133300781,119.83999633789062,120.22000122070312,118.87000274658203,119.0,4641800
2014-08-08,104.89368438720703,120.62999725341797,120.6500015258789,119.27999877929688,119.80000305175781,4348900
2014-08-11,105.04151153564453,120.80000305175781,121.76000213623047,120.75,121.1500015258789,2807900
2014-08-12,104.75458526611328,120.47000122070312,120.94000244140625,120.01000213623047,120.51000213623047,2303500
2014-08-13,106.06758117675781,121.9800033569336,122.2300033569336,120.62999725341797,120.66999816894531,2641100
2014-08-14,107.91972351074219,124.11000061035156,124.69000244140625,122.16000366210938,122.19999694824219,4825100
2014-08-15,107.0936508178711,123.16000366210938,124.5,122.1500015258789,124.5,4570000
2014-08-18,108.67623901367188,124.9800033569336,125.23999786376953,123.56999969482422,123.58000183105469,4196900
2014-08-19,109.19796752929688,125.58000183105469,125.79000091552734,125.11000061035156,125.22000122070312,2988300
2014-08-20,110.73707580566406,127.3499984741211,127.70999908447266,125.58000183105469,125.88999938964844,4331300
2014-08-21,110.86750030517578,127.5,127.77999877929688,126.73999786376953,127.54000091552734,2522300
2014-08-22,110.83271789550781,127.45999908447266,127.80000305175781,126.95999908447266,127.33000183105469,2394700
2014-08-25,111.5892333984375,128.3300018310547,128.49000549316406,127.77999877929688,128.0800018310547,2307100
2014-08-26,111.82401275634766,128.60000610351562,129.1300048828125,128.30999755859375,128.69000244140625,2329000
2014-08-27,111.4761734008789,128.1999969482422,128.99000549316406,127.94999694824219,128.77000427246094,3075200
2014-08-28,110.52836608886719,127.11000061035156,127.75,126.72000122070312,127.33999633789062,3070300
2014-08-29,110.25882720947266,126.80000305175781,127.3499984741211,126.05000305175781,127.3499984741211,3032700
2014-09-02,109.11100769042969,125.4800033569336,126.26000213623047,124.56999969482422,125.62000274658203,4576000
2014-09-03,109.51099395751953,125.94000244140625,126.23999786376953,125.19999694824219,125.45999908447266,3966500
2014-09-04,109.09362030029297,125.45999908447266,126.75,125.26000213623047,126.37999725341797,2975300
2014-09-05,108.42407989501953,124.69000244140625,125.55000305175781,124.0999984741211,125.43000030517578,4913800
2014-09-08,111.28490447998047,127.9800033569336,128.25,125.9000015258789,125.9000015258789,6103500
2014-09-09,111.48487091064453,128.2100067138672,128.67999267578125,127.62000274658203,127.80999755859375,4866400
2014-09-10,111.49357604980469,128.22000122070312,128.47000122070312,127.4800033569336,128.47000122070312,3068200
2014-09-11,110.98925018310547,127.63999938964844,127.98999786376953,127.19999694824219,127.81999969482422,1988200
2014-09-12,110.38924407958984,126.94999694824219,127.55999755859375,126.61000061035156,127.48999786376953,3107300
2014-09-15,109.83273315429688,126.30999755859375,126.94999694824219,125.69000244140625,126.91999816894531,3261700
2014-09-16,110.71096801757812,127.31999969482422,127.69999694824219,125.72000122070312,126.19999694824219,3377500
2014-09-17,111.09358215332031,127.76000213623047,128.3800048828125,127.19999694824219,128.25,3135300
2014-09-18,111.80660247802734,128.5800018310547,128.89999389648438,128.0,128.0,2721800
2014-09-19,112.4761734008789,129.35000610351562,129.6999969482422,128.9199981689453,129.27000427246094,5635700
2014-09-22,111.83269500732422,128.61000061035156,129.8699951171875,128.4600067138672,129.3699951171875,2890300
2014-09-23,110.76314544677734,127.37999725341797,128.5399932861328,127.02999877929688,128.27999877929688,2963100
2014-09-24,111.80660247802734,128.5800018310547,128.8000030517578,127.2300033569336,127.45999908447266,2891400
2014-09-25,110.55445861816406,127.13999938964844,128.49000549316406,127.01000213623047,128.30999755859375,2913100
2014-09-26,111.90226745605469,128.69000244140625,129.0,126.95999908447266,127.19000244140625,2524100
2014-09-29,111.9718246459961,128.77000427246094,129.52999877929688,127.0,127.20999908447266,3484900
2014-09-30,110.76314544677734,127.37999725341797,129.38999938964844,127.30999755859375,128.57000732421875,4000200
2014-10-01,108.40668487548828,124.66999816894531,127.37000274658203,124.30999755859375,127.37000274658203,5265200
2014-10-02,107.97189331054688,124.16999816894531,125.55000305175781,123.83999633789062,124.4000015258789,3204500
2014-10-03,109.87621307373047,126.36000061035156,126.87000274658203,124.66000366210938,124.66000366210938,3075900
2014-10-06,109.78926086425781,126.26000213623047,127.19000244140625,125.37999725341797,127.08999633789062,2681000
2014-10-07,107.23278045654297,123.31999969482422,125.5199966430664,123.29000091552734,125.5199966430664,3554900
2014-10-08,108.67623901367188,124.9800033569336,125.08999633789062,122.1500015258789,123.47000122070312,3610300
2014-10-09,106.74584197998047,122.76000213623047,124.75,122.30999755859375,124.72000122070312,4874700
2014-10-10,105.65018463134766,121.5,123.36000061035156,121.5,122.87000274658203,4214200
2014-10-13,104.73716735839844,120.44999694824219,123.19000244140625,120.26000213623047,122.05000305175781,3878600
2014-10-14,106.3371353149414,122.29000091552734,123.37000274658203,120.72000122070312,121.83999633789062,3768200
2014-10-15,104.51109313964844,120.19000244140625,121.12000274658203,116.31999969482422,121.05999755859375,7819000
2014-10-16,104.59806060791016,120.29000091552734,121.30000305175781,118.38999938964844,118.91000366210938,4492500
2014-10-17,107.16321563720703,123.23999786376953,123.87000274658203,121.77999877929688,122.05000305175781,4872400
2014-10-20,108.0936508178711,124.30999755859375,124.72000122070312,123.0,123.38999938964844,3676300
2014-10-21,110.53706359863281,127.12000274658203,127.23999786376953,124.93000030517578,125.20999908447266,5204500
2014-10-22,105.6067123413086,121.44999694824219,128.0,121.33999633789062,127.98999786376953,13844400
2014-10-23,106.1110610961914,122.02999877929688,122.87999725341797,121.05999755859375,121.2699966430664,7799700
2014-10-24,106.29368591308594,122.23999786376953,122.83999633789062,121.26000213623047,122.19999694824219,4013300
2014-10-27,106.18932342529297,122.12000274658203,122.2300033569336,121.26000213623047,122.12999725341797,2940300
2014-10-28,107.48495483398438,123.61000061035156,123.79000091552734,121.95999908447266,122.5,4159000
2014-10-29,107.02409362792969,123.08000183105469,124.4800033569336,122.55999755859375,124.4800033569336,3241700
2014-10-30,107.66755676269531,123.81999969482422,124.12000274658203,122.01000213623047,122.5199966430664,2569900
2014-10-31,108.61536407470703,124.91000366210938,125.88999938964844,124.7300033569336,125.02999877929688,4665300
2014-11-03,109.58924865722656,126.02999877929688,126.25,124.88999938964844,125.3499984741211,3902700
2014-11-04,109.42403411865234,125.83999633789062,126.70999908447266,125.26000213623047,125.94000244140625,3684600
2014-11-05,108.6456298828125,124.22000122070312,126.25,124.19999694824219,126.01000213623047,3334000
2014-11-06,108.96050262451172,124.58000183105469,124.80000305175781,123.37000274658203,124.4800033569336,2341900
2014-11-07,108.84678649902344,124.44999694824219,124.94000244140625,124.16999816894531,124.93000030517578,2366700
2014-11-10,109.0129623413086,124.63999938964844,124.98999786376953,123.80000305175781,124.87000274658203,2622700
2014-11-11,109.6427001953125,125.36000061035156,125.7300033569336,124.44999694824219,124.58000183105469,3053500
2014-11-12,110.08876037597656,125.87000274658203,126.19000244140625,124.47000122070312,124.51000213623047,3075000
2014-11-13,112.41526794433594,128.52999877929688,128.9600067138672,125.73999786376953,125.73999786376953,5813900
2014-11-14,112.70386505126953,128.86000061035156,129.77999877929688,127.8499984741211,128.52999877929688,6235600
2014-11-17,112.31903076171875,128.4199981689453,129.1699981689453,127.55000305175781,128.6999969482422,3752900
2014-11-18,114.2781753540039,130.66000366210938,131.3300018310547,128.0399932861328,128.5500030517578,5701200
2014-11-19,115.10910034179688,131.61000061035156,132.74000549316406,130.25,130.58999633789062,5037600
2014-11-20,115.18782043457031,131.6999969482422,132.39999389648438,130.7100067138672,130.94000244140625,4052800
2014-11-21,116.13240814208984,132.77999877929688,133.36000061035156,132.50999450683594,132.72000122070312,4227100
2014-11-24,117.73295593261719,134.61000061035156,134.74000549316406,133.44000244140625,133.4499969482422,4161500
2014-11-25,117.90789031982422,134.80999755859375,135.60000610351562,134.74000549316406,134.74000549316406,4301600
2014-11-26,117.88165283203125,134.77999877929688,135.3000030517578,134.38999938964844,134.9499969482422,2660100
2014-11-28,117.51432800292969,134.36000061035156,135.77999877929688,134.0399932861328,135.50999450683594,2090000
2014-12-01,115.7912826538086,132.38999938964844,134.39999389648438,132.1999969482422,134.30999755859375,3473700
2014-12-02,115.69510650634766,132.27999877929688,132.9600067138672,131.75,132.5,2904900
2014-12-03,115.42395782470703,131.97000122070312,133.27999877929688,131.42999267578125,132.64999389648438,4627500
2014-12-04,114.85543823242188,131.32000732421875,132.52000427246094,130.9199981689453,131.97000122070312,2785500
2014-12-05,115.63385009765625,132.2100067138672,132.6199951171875,131.52999877929688,131.72000122070312,2580200
2014-12-08,113.94583892822266,130.27999877929688,132.07000732421875,129.8699951171875,132.02000427246094,2862400
2014-12-09,113.40355682373047,129.66000366210938,129.72000122070312,127.73999786376953,128.55999755859375,3084600
2014-12-10,109.0129623413086,124.63999938964844,128.97999572753906,124.54000091552734,128.80999755859375,6651700
2014-12-11,107.9021987915039,123.37000274658203,125.6500015258789,123.0,125.22000122070312,6702100
2014-12-12,105.628173828125,120.7699966430664,122.2699966430664,120.58000183105469,122.23999786376953,6661100
2014-12-15,106.77394104003906,122.08000183105469,122.87999725341797,120.5999984741211,121.4000015258789,6238800
2014-12-16,108.671875,124.25,125.54000091552734,123.91000366210938,125.04000091552734,7919900
2014-12-17,109.38029479980469,125.05999755859375,125.37999725341797,123.41999816894531,124.27999877929688,6726500
2014-12-18,109.91382598876953,125.66999816894531,127.3499984741211,124.7699966430664,127.12999725341797,6485900
2014-12-19,110.40361022949219,126.2300033569336,127.41999816894531,125.5,125.62999725341797,7680800
2014-12-22,112.14411926269531,128.22000122070312,128.5399932861328,126.7300033569336,126.7300033569336,3189300
2014-12-23,113.7271728515625,130.02999877929688,130.64999389648438,128.64999389648438,129.0399932861328,4028900
2014-12-24,114.78547668457031,131.24000549316406,132.3300018310547,130.1699981689453,130.3000030517578,2116900
2014-12-26,115.1265869140625,131.6300048828125,131.92999267578125,130.22999572753906,131.2899932861328,2242900
2014-12-29,115.70382690429688,132.2899932861328,132.72999572753906,131.1699981689453,131.72000122070312,2718400
2014-12-30,115.30148315429688,131.8300018310547,132.27999877929688,131.52000427246094,132.0,2447700
2014-12-31,113.68347930908203,129.97999572753906,132.3000030517578,129.86000061035156,132.25,2712400
2015-01-02,113.6572036743164,129.9499969482422,131.83999633789062,129.08999633789062,131.07000732421875,4294200
2015-01-05,112.87007141113281,129.0500030517578,129.9199981689453,128.61000061035156,129.66000366210938,5024800
2015-01-06,111.54063415527344,127.52999877929688,129.6199951171875,126.18000030517578,129.0500030517578,4992800
2015-01-07,113.27236938476562,129.50999450683594,129.97000122070312,128.72000122070312,128.74000549316406,3573200
2015-01-08,115.27527618408203,131.8000030517578,131.99000549316406,130.39999389648438,130.60000610351562,4503400
2015-01-09,115.0478515625,131.5399932861328,132.25999450683594,130.92999267578125,131.58999633789062,3056400
2015-01-12,114.46187591552734,130.8699951171875,132.25999450683594,129.9499969482422,132.24000549316406,3552700
2015-01-13,114.7242431640625,131.1699981689453,133.91000366210938,130.1699981689453,132.0,3441700
2015-01-14,114.03330993652344,130.3800048828125,131.2899932861328,128.9499969482422,129.02999877929688,3559500
2015-01-15,113.82339477539062,130.13999938964844,131.8300018310547,129.6999969482422,130.25,3902000
2015-01-16,114.38314819335938,130.77999877929688,131.02000427246094,129.11000061035156,129.75,4425600
2015-01-20,114.76799774169922,131.22000122070312,132.0,129.4499969482422,131.4499969482422,3143700
2015-01-21,115.80878448486328,132.41000366210938,132.8699951171875,130.57000732421875,130.8699951171875,2898000
2015-01-22,118.63383483886719,135.63999938964844,136.2100067138672,133.0500030517578,133.3800048828125,4971300
2015-01-23,117.74168395996094,134.6199951171875,135.77999877929688,134.60000610351562,135.57000732421875,3828300
2015-01-26,117.26067352294922,134.07000732421875,135.25,133.52999877929688,135.0,3900500
2015-01-27,115.8700180053711,132.47999572753906,132.99000549316406,130.74000549316406,132.39999389648438,5243900
2015-01-28,122.13231658935547,139.63999938964844,141.88999938964844,135.9199981689453,136.3000030517578,14355100
2015-01-29,129.25173950195312,147.77999877929688,148.25,139.6300048828125,139.69000244140625,15161700
2015-01-30,127.14386749267578,145.3699951171875,146.85000610351562,144.3699951171875,146.22000122070312,11271100
2015-02-02,127.92231750488281,146.25999450683594,146.58999633789062,143.0500030517578,143.72000122070312,6790900
2015-02-03,128.8668975830078,147.33999633789062,148.0,146.17999267578125,146.3699951171875,5978200
2015-02-04,128.76197814941406,147.22000122070312,148.38999938964844,145.92999267578125,145.97000122070312,4766200
2015-02-05,129.968994140625,148.60000610351562,148.8699951171875,146.4600067138672,147.25999450683594,4252600
2015-02-06,129.4441375732422,148.0,148.88999938964844,147.6999969482422,148.6199951171875,4398800
2015-02-09,129.0767822265625,147.5800018310547,148.16000366210938,145.6300048828125,146.16000366210938,4202900
2015-02-10,129.47914123535156,148.0399932861328,148.7100067138672,147.5,148.1999969482422,4034900
2015-02-11,130.17434692382812,147.9199981689453,148.3800048828125,147.08999633789062,147.50999450683594,3272700
2015-02-12,130.323974609375,148.08999633789062,148.57000732421875,147.67999267578125,148.25999450683594,2998900
2015-02-13,131.76722717285156,149.72999572753906,149.83999633789062,147.63999938964844,147.97999572753906,3418600
2015-02-17,131.93441772460938,149.9199981689453,149.9600067138672,148.52000427246094,148.72000122070312,3622400
2015-02-18,133.03445434570312,151.1699981689453,151.6199951171875,149.3699951171875,149.6999969482422,3722100
2015-02-19,135.30496215820312,153.75,154.24000549316406,151.0,151.0500030517578,4384000
2015-02-20,139.31787109375,158.30999755859375,158.8300018310547,153.8000030517578,153.8000030517578,9366000
2015-02-23,136.1761932373047,154.74000549316406,155.9199981689453,153.36000061035156,155.0,8653700
2015-02-24,135.85935974121094,154.3800048828125,154.77999877929688,153.2100067138672,153.5,4391700
2015-02-25,134.65374755859375,153.00999450683594,154.74000549316406,152.13999938964844,154.30999755859375,4800500
2015-02-26,133.52728271484375,151.72999572753906,152.3800048828125,150.80999755859375,152.30999755859375,5149300
2015-02-27,132.7528839111328,150.85000610351562,151.88999938964844,150.4499969482422,151.0,4330700
2015-03-02,135.34896850585938,153.8000030517578,154.14999389648438,150.75,150.85000610351562,4622800
2015-03-03,136.90660095214844,155.57000732421875,156.91000366210938,154.1699981689453,154.7100067138672,8656600
2015-03-04,135.83297729492188,154.35000610351562,155.22000122070312,154.0,154.6199951171875,4476200
2015-03-05,135.9385986328125,154.47000122070312,155.97999572753906,154.30999755859375,154.86000061035156,3327200
2015-03-06,134.75050354003906,153.1199951171875,155.02999877929688,152.80999755859375,153.9199981689453,3556200
2015-03-09,136.1849822998047,154.75,155.61000061035156,153.14999389648438,153.3000030517578,3433000
2015-03-10,134.13450622558594,152.4199981689453,154.1300048828125,152.4199981689453,153.3000030517578,3839600
2015-03-11,133.03445434570312,151.1699981689453,152.69000244140625,151.1699981689453,152.50999450683594,3395400
2015-03-12,133.80007934570312,152.0399932861328,152.9199981689453,151.27999877929688,151.27999877929688,2965100
2015-03-13,133.38648986816406,151.57000732421875,152.38999938964844,149.7899932861328,151.88999938964844,3569600
2015-03-16,135.2345428466797,153.6699981689453,154.19000244140625,152.27000427246094,152.38999938964844,2742900
2015-03-17,135.97378540039062,154.50999450683594,155.0,152.72999572753906,152.8800048828125,2927200
2015-03-18,137.04739379882812,155.72999572753906,155.99000549316406,152.11000061035156,154.0399932861328,4053600
2015-03-19,135.6217498779297,154.11000061035156,155.3300018310547,153.66000366210938,154.91000366210938,2539000
2015-03-20,135.96498107910156,154.5,155.49000549316406,154.47999572753906,155.0399932861328,4464300
2015-03-23,134.47772216796875,152.80999755859375,154.97999572753906,152.80999755859375,154.97999572753906,3029700
2015-03-24,133.4568634033203,151.64999389648438,152.6199951171875,151.35000610351562,151.9600067138672,3319300
2015-03-25,130.44715881347656,148.22999572753906,152.0399932861328,148.1300048828125,151.39999389648438,3747900
2015-03-26,130.3943634033203,148.1699981689453,148.85000610351562,145.9600067138672,147.8300018310547,3627400
2015-03-27,130.9927978515625,148.85000610351562,149.30999755859375,147.49000549316406,148.58999633789062,2600300
2015-03-30,134.3809356689453,152.6999969482422,153.1699981689453,149.97999572753906,150.0800018310547,3738700
2015-03-31,132.0752716064453,150.0800018310547,152.25,149.94000244140625,152.22999572753906,2975600
2015-04-01,130.80801391601562,148.63999938964844,150.02000427246094,146.82000732421875,149.97000122070312,4167600
2015-04-02,131.3712158203125,149.27999877929688,150.5,148.30999755859375,149.13999938964844,2934200
2015-04-06,132.82322692871094,150.92999267578125,151.4499969482422,148.0,148.14999389648438,3371500
2015-04-07,134.04652404785156,152.32000732421875,153.5,151.13999938964844,151.27000427246094,4299500
2015-04-08,134.96176147460938,153.36000061035156,153.5,152.19000244140625,152.19000244140625,2763400
2015-04-09,135.01455688476562,153.4199981689453,153.6699981689453,151.6300048828125,152.6199951171875,3966800
2015-04-10,135.85935974121094,154.3800048828125,154.9600067138672,153.25,153.5500030517578,3183000
2015-04-13,134.85614013671875,153.24000549316406,155.5,152.9600067138672,153.7899932861328,3034000
2015-04-14,134.8297119140625,153.2100067138672,153.5399932861328,151.58999633789062,152.92999267578125,2845800
2015-04-15,134.14328002929688,152.42999267578125,154.3699951171875,152.2100067138672,154.3699951171875,3687400
2015-04-16,133.73849487304688,151.97000122070312,152.52999877929688,151.0500030517578,151.66000366210938,2559900
2015-04-17,131.65280151367188,149.60000610351562,151.42999267578125,149.44000244140625,150.8800048828125,4671600
2015-04-20,134.35452270507812,152.6699981689453,153.5500030517578,151.00999450683594,151.05999755859375,3169100
2015-04-21,134.935302734375,153.3300018310547,154.08999633789062,152.0,153.50999450683594,3772900
2015-04-22,133.05209350585938,151.19000244140625,153.0,148.85000610351562,152.36000061035156,8468900
2015-04-23,131.8904266357422,149.8699951171875,150.8300018310547,149.72999572753906,150.8300018310547,4080800
2015-04-24,130.5968017578125,148.39999389648438,149.86000061035156,148.02000427246094,149.5399932861328,4889200
2015-04-27,130.06875610351562,147.8000030517578,149.0,147.7100067138672,148.58999633789062,4603500
2015-04-28,129.8135223388672,147.50999450683594,148.3699951171875,146.00999450683594,147.89999389648438,4352900
2015-04-29,128.61669921875,146.14999389648438,147.4600067138672,145.89999389648438,147.07000732421875,4761700
2015-04-30,126.14378356933594,143.33999633789062,145.94000244140625,142.75,145.25,4925300
2015-05-01,127.3142318725586,144.6699981689453,145.07000732421875,143.83999633789062,144.41000366210938,3556800
2015-05-04,126.74224090576172,144.02000427246094,144.7899932861328,143.17999267578125,143.85000610351562,8977500
2015-05-05,125.76539611816406,142.91000366210938,144.6999969482422,142.27000427246094,143.75999450683594,3670400
2015-05-06,124.91515350341797,141.0399932861328,143.14999389648438,140.42999267578125,143.00999450683594,5313500
2015-05-07,125.31375122070312,141.49000549316406,142.17999267578125,140.47999572753906,140.55999755859375,4868700
2015-05-08,128.82981872558594,145.4600067138672,145.94000244140625,142.97999572753906,143.0,7068000
2015-05-11,129.21067810058594,145.88999938964844,146.7899932861328,145.1300048828125,145.5500030517578,3969000
2015-05-12,128.80320739746094,145.42999267578125,146.0800018310547,144.00999450683594,144.94000244140625,3543900
2015-05-13,128.97154235839844,145.6199951171875,146.52999877929688,145.10000610351562,145.41000366210938,2679400
2015-05-14,131.04400634765625,147.9600067138672,148.25,146.64999389648438,146.8800048828125,3495800
2015-05-15,130.0874481201172,146.8800048828125,148.3000030517578,146.33999633789062,148.0500030517578,3368900
2015-05-18,129.9369354248047,146.7100067138672,147.24000549316406,146.3000030517578,146.8800048828125,2153200
2015-05-19,130.2380828857422,147.0500030517578,147.77000427246094,146.72999572753906,147.17999267578125,2366400
2015-05-20,129.68006896972656,146.4199981689453,147.33999633789062,146.10000610351562,147.13999938964844,2104000
2015-05-21,130.50376892089844,147.35000610351562,147.7100067138672,146.10000610351562,146.55999755859375,2676400
2015-05-22,128.254150390625,144.80999755859375,147.27000427246094,144.8000030517578,147.25999450683594,3878000
2015-05-26,126.47394561767578,142.8000030517578,144.42999267578125,142.16000366210938,144.33999633789062,3476800
2015-05-27,126.65108489990234,143.0,143.75,142.5800018310547,143.4199981689453,2837100
2015-05-28,126.05766296386719,142.3300018310547,145.2899932861328,141.5800018310547,142.50999450683594,3103200
2015-05-29,124.45462036132812,140.52000427246094,142.25999450683594,140.32000732421875,142.25999450683594,6199200
2015-06-01,125.10111999511719,141.25,142.0500030517578,140.27000427246094,141.4499969482422,3897000
2015-06-02,126.87247467041016,143.25,144.4600067138672,140.6300048828125,141.44000244140625,4986500
2015-06-03,127.36849975585938,143.80999755859375,145.05999755859375,142.88999938964844,143.77999877929688,3755800
2015-06-04,125.04801940917969,141.19000244140625,143.22999572753906,140.9499969482422,143.22000122070312,3239500
2015-06-05,124.64058685302734,140.72999572753906,141.3699951171875,140.0500030517578,141.0399932861328,3215600
2015-06-08,124.56085968017578,140.63999938964844,141.35000610351562,140.1999969482422,140.24000549316406,2756600
2015-06-09,124.0826187133789,140.10000610351562,140.99000549316406,139.89999389648438,140.5,2647600
2015-06-10,125.42886352539062,141.6199951171875,142.60000610351562,140.2899932861328,140.67999267578125,2784400
2015-06-11,126.61566925048828,142.9600067138672,143.97999572753906,141.75,142.00999450683594,2924500
2015-06-12,126.47394561767578,142.8000030517578,142.86000061035156,141.08999633789062,142.6199951171875,2395200
2015-06-15,126.02226257324219,142.2899932861328,142.58999633789062,141.27999877929688,142.0399932861328,2631400
2015-06-16,126.06652069091797,142.33999633789062,143.5800018310547,141.4199981689453,141.4199981689453,2450600
2015-06-17,127.03190612792969,143.42999267578125,144.0,141.89999389648438,142.8699951171875,2775400
2015-06-18,128.7589874267578,145.3800048828125,146.52999877929688,143.91000366210938,143.91000366210938,3728900
2015-06-19,128.5375518798828,145.1300048828125,146.10000610351562,144.9499969482422,145.19000244140625,4837300
2015-06-22,129.04237365722656,145.6999969482422,146.2100067138672,145.08999633789062,146.07000732421875,2086100
2015-06-23,127.9175796508789,144.42999267578125,146.4499969482422,143.8000030517578,146.3300018310547,2864400
2015-06-24,126.65108489990234,143.0,144.8000030517578,142.50999450683594,143.75999450683594,3989100
2015-06-25,126.16395568847656,142.4499969482422,143.75999450683594,142.33999633789062,143.27000427246094,2153800
2015-06-26,126.19051361083984,142.47999572753906,143.0399932861328,141.88999938964844,143.02999877929688,3153300
2015-06-29,122.8692626953125,138.72999572753906,141.32000732421875,138.5800018310547,140.9600067138672,3755500
2015-06-30,122.86039733886719,138.72000122070312,140.05999755859375,138.44000244140625,140.05999755859375,3434800
2015-07-01,124.64058685302734,140.72999572753906,141.13999938964844,140.02000427246094,140.47999572753906,3260900
2015-07-02,124.18006134033203,140.2100067138672,141.52000427246094,139.8800048828125,141.2899932861328,2116500
2015-07-06,124.45462036132812,140.52000427246094,140.72999572753906,139.0,139.02000427246094,2093400
2015-07-07,126.78394317626953,143.14999389648438,143.44000244140625,140.13999938964844,140.8000030517578,3712000
2015-07-08,125.6945571899414,141.9199981689453,143.14999389648438,141.52000427246094,142.5,3386500
2015-07-09,126.47394561767578,142.8000030517578,144.1999969482422,142.72999572753906,143.88999938964844,2486800
2015-07-10,127.96186065673828,144.47999572753906,145.19000244140625,143.8699951171875,144.13999938964844,2192100
2015-07-13,129.85719299316406,146.6199951171875,146.75,145.60000610351562,145.9600067138672,2194200
2015-07-14,130.85801696777344,147.75,148.3000030517578,146.4499969482422,146.75999450683594,3388800
2015-07-15,130.0963134765625,146.88999938964844,147.75,146.47999572753906,147.75,2653900
2015-07-16,131.51341247558594,148.49000549316406,148.8000030517578,147.77000427246094,147.7899932861328,2509600
2015-07-17,130.052001953125,146.83999633789062,147.44000244140625,146.02000427246094,147.25,3127100
2015-07-20,129.94578552246094,146.72000122070312,147.1999969482422,145.91000366210938,147.11000061035156,3016100
2015-07-21,128.42242431640625,145.0,146.58999633789062,144.22000122070312,146.58999633789062,4452600
2015-07-22,129.72434997558594,146.47000122070312,149.17999267578125,145.11000061035156,148.89999389648438,6238400
2015-07-23,129.405517578125,146.11000061035156,147.9499969482422,145.7899932861328,147.0,4116000
2015-07-24,127.58989715576172,144.05999755859375,146.47000122070312,143.97999572753906,145.80999755859375,2455000
2015-07-27,124.90628051757812,141.02999877929688,143.35000610351562,140.8000030517578,143.22000122070312,3532100
2015-07-28,125.59710693359375,141.80999755859375,142.1699981689453,139.50999450683594,141.61000061035156,4138200
2015-07-29,127.66075897216797,144.13999938964844,144.61000061035156,142.3699951171875,142.47999572753906,3260400
2015-07-30,126.65992736816406,143.00999450683594,143.9199981689453,142.2100067138672,143.35000610351562,2644000
2015-07-31,127.68732452392578,144.1699981689453,144.9199981689453,143.2899932861328,143.75999450683594,3163500
2015-08-03,127.26219177246094,143.69000244140625,144.75,142.58999633789062,144.44000244140625,3088000
2015-08-04,127.12933349609375,143.5399932861328,144.8699951171875,143.0399932861328,143.5500030517578,1973000
2015-08-05,129.19723510742188,144.9499969482422,145.60000610351562,143.77000427246094,143.89999389648438,2926100
2015-08-06,128.1900177001953,143.82000732421875,145.25,143.4199981689453,144.6999969482422,2457000
2015-08-07,126.9421157836914,142.4199981689453,143.83999633789062,141.6999969482422,143.22000122070312,2953200
2015-08-10,130.00831604003906,145.86000061035156,146.77000427246094,143.77999877929688,143.7899932861328,3432600
2015-08-11,128.39501953125,144.0500030517578,144.92999267578125,143.27999877929688,144.13999938964844,2816700
2015-08-12,126.95105743408203,142.42999267578125,143.00999450683594,139.86000061035156,142.5500030517578,4355800
2015-08-13,129.07241821289062,144.80999755859375,145.4499969482422,141.52999877929688,142.02999877929688,5129500
2015-08-14,129.32196044921875,145.08999633789062,145.47000122070312,143.75999450683594,144.61000061035156,2927100
2015-08-17,128.7426300048828,144.44000244140625,144.86000061035156,142.92999267578125,144.60000610351562,3746000
2015-08-18,128.88523864746094,144.60000610351562,145.2100067138672,143.82000732421875,144.38999938964844,1955500
2015-08-19,127.20951080322266,142.72000122070312,144.47999572753906,142.32000732421875,143.4199981689453,2967700
2015-08-20,122.12902069091797,137.02000427246094,141.89999389648438,136.89999389648438,141.6199951171875,6601400
2015-08-21,117.39610290527344,131.7100067138672,135.08999633789062,131.4600067138672,134.8800048828125,7957600
2015-08-24,113.3673095703125,127.19000244140625,135.5,115.13999938964844,123.63999938964844,9425800
2015-08-25,111.85204315185547,125.48999786376953,130.72000122070312,125.43000030517578,130.0,7159100
2015-08-26,115.28364562988281,129.33999633789062,129.75999450683594,125.2300033569336,129.33999633789062,6428400
2015-08-27,117.53868865966797,131.8699951171875,132.36000061035156,129.4600067138672,131.0800018310547,5754600
2015-08-28,118.75981140136719,133.24000549316406,133.72000122070312,130.86000061035156,131.42999267578125,4508800
2015-08-31,116.47801971435547,130.67999267578125,132.6999969482422,130.38999938964844,132.3699951171875,4231700
2015-09-01,113.59014129638672,127.44000244140625,128.99000549316406,126.94000244140625,128.16000366210938,5772700
2015-09-02,116.43346405029297,130.6300048828125,130.6699981689453,127.73999786376953,128.7100067138672,4809300
2015-09-03,116.78108978271484,131.02000427246094,132.35000610351562,130.47999572753906,132.30999755859375,3379500
2015-09-04,115.65798950195312,129.75999450683594,130.49000549316406,128.66000366210938,129.5500030517578,3746700
2015-09-08,119.27677154541016,133.82000732421875,133.99000549316406,132.0,132.27000427246094,3505800
2015-09-09,118.23393249511719,132.64999389648438,136.25,132.2100067138672,135.58999633789062,4713900
2015-09-10,119.03612518310547,133.5500030517578,134.57000732421875,132.27000427246094,132.33999633789062,2932200
2015-09-11,120.03438568115234,134.6699981689453,134.86000061035156,132.88999938964844,133.16000366210938,2628200
2015-09-14,119.82048034667969,134.42999267578125,135.1300048828125,133.72999572753906,134.72000122070312,2389600
2015-09-15,121.48725891113281,136.3000030517578,137.0,134.52000427246094,134.52000427246094,3761800
2015-09-16,122.28943634033203,137.1999969482422,137.42999267578125,136.00999450683594,136.25999450683594,2505000
2015-09-17,122.51227569580078,137.4499969482422,139.91000366210938,136.94000244140625,137.36000061035156,3405600
2015-09-18,121.30009460449219,136.08999633789062,137.69000244140625,134.39999389648438,135.75,7302700
2015-09-21,121.23771667480469,136.02000427246094,137.4499969482422,134.94000244140625,136.4199981689453,2460900
2015-09-22,119.42830657958984,133.99000549316406,134.49000549316406,132.52000427246094,134.49000549316406,3465000
2015-09-23,117.36043548583984,131.6699981689453,135.0,131.61000061035156,134.66000366210938,4907500
2015-09-24,115.64908599853516,129.75,130.77000427246094,127.18000030517578,130.72000122070312,5297800
2015-09-25,116.77216339111328,131.00999450683594,131.72999572753906,129.27999877929688,131.57000732421875,4149900
2015-09-28,114.20515441894531,128.1300048828125,130.47999572753906,128.02999877929688,130.44000244140625,4160000
2015-09-29,114.75777435302734,128.75,129.14999389648438,127.47000122070312,128.11000061035156,2935100
2015-09-30,116.71869659423828,130.9499969482422,131.41000366210938,129.6199951171875,130.27000427246094,3062500
2015-10-01,116.41561889648438,130.61000061035156,131.7899932861328,128.97999572753906,131.32000732421875,2878400
2015-10-02,118.15370178222656,132.55999755859375,132.58999633789062,128.55999755859375,129.0,3020500
2015-10-05,119.4550552368164,134.02000427246094,134.14999389648438,131.35000610351562,132.27999877929688,4587500
2015-10-06,119.99871826171875,134.6300048828125,135.5399932861328,133.6699981689453,134.10000610351562,3059600
2015-10-07,122.12902069091797,137.02000427246094,137.72999572753906,135.25999450683594,135.69000244140625,3263800
2015-10-08,123.92947387695312,139.0399932861328,139.35000610351562,136.07000732421875,136.66000366210938,2835700
2015-10-09,124.51775360107422,139.6999969482422,140.24000549316406,138.36000061035156,139.0399932861328,3065700
2015-10-12,125.39128875732422,140.67999267578125,141.07000732421875,139.32000732421875,139.92999267578125,1942200
2015-10-13,125.04361724853516,140.2899932861328,140.5,139.42999267578125,139.44000244140625,2339700
2015-10-14,119.63330078125,134.22000122070312,140.88999938964844,133.5800018310547,139.75,8752300
2015-10-15,122.45879364013672,137.38999938964844,137.6699981689453,135.0,135.16000366210938,6368300
2015-10-16,122.64599609375,137.60000610351562,138.72999572753906,136.52000427246094,137.42999267578125,3173700
2015-10-19,123.37686157226562,138.4199981689453,138.61000061035156,136.38999938964844,137.60000610351562,4022000
2015-10-20,123.78687286376953,138.8800048828125,139.92999267578125,137.5800018310547,137.94000244140625,4202600
2015-10-21,125.84583282470703,141.19000244140625,142.14999389648438,136.61000061035156,141.6999969482422,8927200
2015-10-22,130.40939331054688,146.30999755859375,147.36000061035156,141.92999267578125,142.0,6976300
2015-10-23,130.75701904296875,146.6999969482422,147.75,144.91000366210938,147.3699951171875,4691200
2015-10-26,130.75701904296875,146.6999969482422,147.22999572753906,145.5500030517578,146.2100067138672,3143400
2015-10-27,132.3257293701172,148.4600067138672,148.99000549316406,146.00999450683594,146.22000122070312,3411300
2015-10-28,131.8087921142578,147.8800048828125,148.80999755859375,145.13999938964844,147.99000549316406,4408300
2015-10-29,131.1848602294922,147.17999267578125,147.8699951171875,145.8300018310547,147.5399932861328,3072100
2015-10-30,131.97811889648438,148.07000732421875,149.60000610351562,147.08999633789062,147.39999389648438,3938000
2015-11-02,132.27227783203125,148.39999389648438,149.47000122070312,147.55999755859375,148.3800048828125,2516700
2015-11-03,131.99594116210938,148.08999633789062,148.4600067138672,147.13999938964844,148.02999877929688,2470000
2015-11-04,132.90176391601562,148.19000244140625,148.75999450683594,147.17999267578125,147.25999450683594,2771500
2015-11-05,132.70443725585938,147.97000122070312,148.83999633789062,146.49000549316406,148.19000244140625,2545400
2015-11-06,132.6775665283203,147.94000244140625,148.1699981689453,146.00999450683594,146.5800018310547,2294100
2015-11-09,130.91973876953125,145.97999572753906,147.47999572753906,145.17999267578125,146.89999389648438,2980800
2015-11-10,130.17535400390625,145.14999389648438,146.13999938964844,144.02999877929688,145.27999877929688,2524100
2015-11-11,130.03187561035156,144.99000549316406,145.8300018310547,144.52000427246094,145.1999969482422,1579600
2015-11-12,127.83464813232422,142.5399932861328,144.39999389648438,141.58999633789062,143.0,3796800
2015-11-13,127.87947082519531,142.58999633789062,143.88999938964844,141.86000061035156,142.3300018310547,3063800
2015-11-16,129.52069091796875,144.4199981689453,144.5,142.3300018310547,142.5800018310547,2378300
2015-11-17,131.0094451904297,146.0800018310547,146.58999633789062,144.63999938964844,145.2899932861328,3038300
2015-11-18,132.982421875,148.27999877929688,148.38999938964844,146.22999572753906,146.24000549316406,3101100
2015-11-19,133.84339904785156,149.24000549316406,149.47999572753906,148.25999450683594,148.7899932861328,2492600
2015-11-20,133.98690795898438,149.39999389648438,150.58999633789062,149.1199951171875,149.83999633789062,3210200
2015-11-23,133.03627014160156,148.33999633789062,149.6999969482422,147.7100067138672,149.38999938964844,3183700
2015-11-24,133.31427001953125,148.64999389648438,149.58999633789062,147.22000122070312,147.49000549316406,2626600
2015-11-25,132.22012329101562,147.42999267578125,149.14999389648438,147.3800048828125,149.0399932861328,1852200
2015-11-27,131.7896728515625,146.9499969482422,147.97000122070312,146.67999267578125,147.5,1282100
2015-11-30,130.4444122314453,145.4499969482422,147.25999450683594,145.36000061035156,146.97000122070312,3176700
2015-12-01,132.4981689453125,147.74000549316406,149.39999389648438,146.47000122070312,146.5399932861328,3444300
2015-12-02,131.79867553710938,146.9600067138672,148.02999877929688,146.3800048828125,147.5500030517578,2648800
2015-12-03,130.5430908203125,145.55999755859375,147.6300048828125,144.27999877929688,147.0500030517578,3008700
2015-12-04,133.1797637939453,148.5,148.77999877929688,146.08999633789062,146.35000610351562,3892900
2015-12-07,133.1349334716797,148.4499969482422,149.5,147.32000732421875,148.3000030517578,3417700
2015-12-08,130.03187561035156,144.99000549316406,147.22999572753906,144.64999389648438,146.82000732421875,5021100
2015-12-09,129.3592987060547,144.24000549316406,145.69000244140625,142.27000427246094,144.60000610351562,5124600
2015-12-10,131.30538940429688,146.41000366210938,147.4600067138672,144.16000366210938,144.6199951171875,3278500
2015-12-11,129.7000732421875,144.6199951171875,145.6999969482422,143.72000122070312,145.0,3684700
2015-12-14,128.24722290039062,143.0,144.5,141.4600067138672,144.5,4845000
2015-12-15,131.4130096435547,146.52999877929688,147.10000610351562,144.1199951171875,145.66000366210938,4705300
2015-12-16,132.8300018310547,148.11000061035156,148.61000061035156,146.22999572753906,147.97999572753906,3316000
2015-12-17,130.5430908203125,145.55999755859375,149.8000030517578,145.5,148.85000610351562,3448800
2015-12-18,125.18001556396484,139.5800018310547,144.41000366210938,138.88999938964844,144.41000366210938,9952000
2015-12-21,126.36380767822266,140.89999389648438,141.94000244140625,139.6999969482422,140.2100067138672,3746400
2015-12-22,127.69117736816406,142.3800048828125,142.7899932861328,140.5,141.72000122070312,2791700
2015-12-23,129.19784545898438,144.05999755859375,144.07000732421875,142.80999755859375,143.0800018310547,3353900
2015-12-24,128.72250366210938,143.52999877929688,143.92999267578125,143.36000061035156,143.60000610351562,1185000
2015-12-28,129.6282958984375,144.5399932861328,144.6699981689453,142.85000610351562,143.25999450683594,1980000
2015-12-29,132.1484375,147.35000610351562,147.55999755859375,145.0,145.05999755859375,3133600
2015-12-30,131.30538940429688,146.41000366210938,148.0,146.00999450683594,147.22000122070312,1619000
2015-12-31,129.67315673828125,144.58999633789062,145.9600067138672,144.5,145.9600067138672,2105200
2016-01-04,126.005126953125,140.5,141.6999969482422,139.42999267578125,141.3800048828125,5719500
2016-01-05,126.5163345336914,141.07000732421875,141.6999969482422,139.77000427246094,140.99000549316406,3357000
2016-01-06,124.50740814208984,138.8300018310547,139.35000610351562,137.25999450683594,138.8300018310547,4254100
2016-01-07,119.2878189086914,133.00999450683594,136.6699981689453,132.50999450683594,136.3800048828125,7013700
2016-01-08,116.57939910888672,129.99000549316406,135.10000610351562,129.8000030517578,133.6999969482422,5776900
2016-01-11,116.77670288085938,130.2100067138672,131.0,128.9199981689453,130.85000610351562,5551500
2016-01-12,118.31028747558594,131.9199981689453,132.1699981689453,129.63999938964844,131.5800018310547,4171500
2016-01-13,114.90230560302734,128.1199951171875,132.8800048828125,127.75,132.6999969482422,5073100
2016-01-14,115.87088012695312,129.1999969482422,130.07000732421875,125.80999755859375,129.58999633789062,6517800
2016-01-15,112.669189453125,125.62999725341797,127.13999938964844,124.51000213623047,125.80000305175781,6678400
2016-01-19,113.05482482910156,126.05999755859375,127.22000122070312,125.11000061035156,127.05999755859375,5478900
2016-01-20,109.53923797607422,122.13999938964844,124.94000244140625,119.81999969482422,124.0,7636600
2016-01-21,110.66924285888672,123.4000015258789,125.9800033569336,121.54000091552734,122.7699966430664,5546200
2016-01-22,111.75440979003906,124.61000061035156,125.68000030517578,123.31999969482422,124.41999816894531,5259900
2016-01-25,111.21632385253906,124.01000213623047,125.23999786376953,123.4000015258789,124.5999984741211,4551600
2016-01-26,114.80364990234375,128.00999450683594,128.14999389648438,124.5,124.9800033569336,5432600
2016-01-27,104.55284881591797,116.58000183105469,120.11000061035156,115.0199966430664,119.9000015258789,27945900
2016-01-28,105.83533477783203,118.01000213623047,118.02999877929688,115.05999755859375,117.0999984741211,10708400
2016-01-29,107.73661041259766,120.12999725341797,120.18000030517578,118.0199966430664,118.13999938964844,9195700
2016-02-01,109.01908111572266,121.55999755859375,122.29000091552734,118.6500015258789,119.63999938964844,6812800
2016-02-02,105.3958740234375,117.5199966430664,120.27999877929688,117.37000274658203,119.69000244140625,8646700
2016-02-03,109.2970962524414,121.87000274658203,122.12999725341797,117.1500015258789,118.80000305175781,7361900
2016-02-04,110.85759735107422,123.61000061035156,124.91000366210938,121.12000274658203,121.12000274658203,5837000
2016-02-05,109.91590881347656,122.55999755859375,124.16999816894531,121.02999877929688,123.62999725341797,6186700
2016-02-08,107.14469146728516,119.47000122070312,121.33000183105469,117.25,120.66999816894531,6453600
2016-02-09,106.61555480957031,118.87999725341797,119.9800033569336,117.43000030517578,117.9800033569336,4137600
2016-02-10,105.32122802734375,116.36000061035156,119.45999908447266,116.2699966430664,118.16000366210938,4888600
2016-02-11,98.15258026123047,108.44000244140625,113.4000015258789,102.0999984741211,113.18000030517578,33735600
2016-02-12,98.32454681396484,108.62999725341797,109.83999633789062,105.0,105.12000274658203,12973400
2016-02-16,101.91793823242188,112.5999984741211,112.76000213623047,109.0,109.7300033569336,7587700
2016-02-17,105.30310821533203,116.33999633789062,116.83000183105469,113.98999786376953,114.02999877929688,6619600
2016-02-18,106.41643524169922,117.56999969482422,118.2300033569336,116.68000030517578,116.91000366210938,6489000
2016-02-19,104.23506927490234,115.16000366210938,117.33000183105469,114.41999816894531,117.30999755859375,6920600
2016-02-22,106.2535171508789,117.38999938964844,118.97000122070312,115.16000366210938,115.16000366210938,4930300
2016-02-23,105.81000518798828,116.9000015258789,118.5,115.93000030517578,116.97000122070312,3762300
2016-02-24,104.62427520751953,115.58999633789062,115.95999908447266,112.51000213623047,115.37000274658203,6859300
2016-02-25,105.73758697509766,116.81999969482422,117.5999984741211,115.77999877929688,116.3499984741211,4667100
2016-02-26,106.9504623413086,118.16000366210938,119.44999694824219,117.5,117.75,3757800
2016-02-29,106.96855163574219,118.18000030517578,119.47000122070312,117.5,118.12000274658203,4569700
2016-03-01,108.5797119140625,119.95999908447266,120.98999786376953,118.25,119.01000213623047,4595400
2016-03-02,108.29911804199219,119.6500015258789,120.75,118.5,119.62999725341797,4292500
2016-03-03,108.26290893554688,119.61000061035156,119.7300033569336,118.25,118.83999633789062,3404600
2016-03-04,109.58441162109375,121.06999969482422,122.2300033569336,119.8499984741211,120.16999816894531,4421500
2016-03-07,111.24081420898438,122.9000015258789,123.31999969482422,120.56999969482422,120.80000305175781,4504700
2016-03-08,110.74296569824219,122.3499984741211,122.97000122070312,121.30999755859375,121.9800033569336,5257300
2016-03-09,111.20458221435547,122.86000061035156,123.26000213623047,122.02999877929688,122.37999725341797,3380300
2016-03-10,111.27700805664062,122.94000244140625,123.81999969482422,121.43000030517578,123.13999938964844,4111300
2016-03-11,112.80665588378906,124.62999725341797,125.5,123.86000061035156,124.12999725341797,3260100
2016-03-14,114.35443878173828,126.33999633789062,127.0,123.86000061035156,123.93000030517578,4283400
2016-03-15,114.37254333496094,126.36000061035156,126.37000274658203,124.20999908447266,125.55000305175781,3717500
2016-03-16,115.46776580810547,127.56999969482422,128.1300048828125,125.75,126.23999786376953,5154700
2016-03-17,118.30081176757812,130.6999969482422,131.60000610351562,127.41999816894531,128.07000732421875,5801000
2016-03-18,121.25155639648438,133.9600067138672,134.67999267578125,131.00999450683594,131.24000549316406,9108400
2016-03-21,122.9713363647461,135.86000061035156,136.77999877929688,133.38999938964844,133.4600067138672,5671400
2016-03-22,122.3015365600586,135.1199951171875,136.10000610351562,134.77999877929688,135.13999938964844,4989000
2016-03-23,120.25590515136719,132.86000061035156,135.0,132.74000549316406,134.99000549316406,4361200
2016-03-24,119.58612060546875,132.1199951171875,132.22999572753906,130.02999877929688,131.61000061035156,4573100
2016-03-28,118.83485412597656,131.2899932861328,132.6199951171875,130.5500030517578,132.52999877929688,3352200
2016-03-29,118.46376037597656,130.8800048828125,130.92999267578125,128.17999267578125,129.8300018310547,4910200
2016-03-30,116.3819580078125,128.5800018310547,132.72999572753906,128.02000427246094,131.47999572753906,5949000
2016-03-31,114.89752197265625,126.94000244140625,128.3800048828125,125.25,128.08999633789062,8758300
2016-04-01,114.9156265258789,126.95999908447266,127.08999633789062,125.11000061035156,126.2300033569336,5328000
2016-04-04,114.35443878173828,126.33999633789062,127.97000122070312,125.87999725341797,126.54000091552734,5036500
2016-04-05,114.9789810180664,127.02999877929688,128.58999633789062,125.58000183105469,126.1500015258789,4660100
2016-04-06,115.79360961914062,127.93000030517578,128.0399932861328,125.75,127.16000366210938,3998000
2016-04-07,114.95184326171875,127.0,128.94000244140625,126.55999755859375,127.0,4596300
2016-04-08,115.74834442138672,127.87999725341797,130.02000427246094,127.61000061035156,128.0399932861328,3939800
2016-04-11,115.77552032470703,127.91000366210938,129.89999389648438,127.68000030517578,128.25,3611700
2016-04-12,117.1875228881836,129.47000122070312,130.3800048828125,126.68000030517578,127.62000274658203,4239200
2016-04-13,118.69908905029297,131.13999938964844,131.5,129.80999755859375,130.49000549316406,3514800
2016-04-14,118.43659973144531,130.85000610351562,131.9499969482422,130.52999877929688,131.5,4527600
2016-04-15,118.69005584716797,131.1300048828125,131.60000610351562,130.67999267578125,130.9499969482422,5008700
2016-04-18,119.45035552978516,131.97000122070312,132.25,130.32000732421875,131.1300048828125,3056000
2016-04-19,120.09297943115234,132.67999267578125,133.85000610351562,132.2100067138672,132.57000732421875,2931000
2016-04-20,118.18316650390625,130.57000732421875,131.36000061035156,128.49000549316406,128.5500030517578,6799000
2016-04-21,118.33702850341797,130.74000549316406,132.63999938964844,130.3000030517578,130.97999572753906,4799600
2016-04-22,118.61763000488281,131.0500030517578,131.8300018310547,130.5,131.08999633789062,3858100
2016-04-25,118.3460693359375,130.75,131.0,129.30999755859375,130.4499969482422,4600100
2016-04-26,120.5998764038086,133.24000549316406,133.27000427246094,131.05999755859375,131.25,6103400
2016-04-27,124.07559967041016,137.0800018310547,137.88999938964844,131.9499969482422,133.1999969482422,6930800
2016-04-28,122.01187896728516,134.8000030517578,137.72000122070312,134.5,136.2899932861328,4938800
2016-04-29,122.01187896728516,134.8000030517578,135.22999572753906,132.80999755859375,134.4199981689453,3716700
2016-05-02,121.29684448242188,134.00999450683594,135.0,133.22999572753906,134.3800048828125,3703800
2016-05-03,119.9210205078125,132.49000549316406,133.30999755859375,131.4600067138672,132.6999969482422,4028700
2016-05-04,118.47280883789062,130.88999938964844,132.30999755859375,130.52999877929688,131.58999633789062,3340500
2016-05-05,119.54991149902344,132.0800018310547,132.63999938964844,131.1199951171875,131.72999572753906,4199200
2016-05-06,120.61795806884766,133.25999450683594,133.6300048828125,131.75999450683594,132.11000061035156,2466000
2016-05-09,119.56800079345703,132.10000610351562,133.80999755859375,131.82000732421875,132.8000030517578,3431100
2016-05-10,121.93946075439453,134.72000122070312,135.24000549316406,132.7899932861328,133.17999267578125,3382700
2016-05-11,121.36458587646484,133.0,134.99000549316406,132.94000244140625,133.80999755859375,3284100
2016-05-12,122.66036987304688,134.4199981689453,135.0399932861328,133.49000549316406,133.49000549316406,4591300
2016-05-13,120.56156921386719,132.1199951171875,134.94000244140625,131.91000366210938,133.74000549316406,3965900
2016-05-16,122.40483856201172,134.13999938964844,134.41000366210938,131.5500030517578,131.6300048828125,3165400
2016-05-17,120.96306610107422,132.55999755859375,134.49000549316406,131.9600067138672,133.6199951171875,4032000
2016-05-18,119.53042602539062,130.99000549316406,133.17999267578125,130.33999633789062,132.4499969482422,4060400
2016-05-19,116.87499237060547,128.0800018310547,130.42999267578125,127.08999633789062,130.24000549316406,5061600
2016-05-20,116.245361328125,127.38999938964844,129.25,127.20999908447266,129.1300048828125,3297700
2016-05-23,116.41873931884766,127.58000183105469,128.41000366210938,125.87999725341797,127.4000015258789,3977700
2016-05-24,116.34573364257812,127.5,128.80999755859375,126.31999969482422,127.76000213623047,5102400
2016-05-25,117.58676147460938,128.86000061035156,129.77999877929688,127.37000274658203,128.0,4656700
2016-05-26,117.99739837646484,129.30999755859375,129.89999389648438,128.32000732421875,128.47999572753906,2586300
2016-05-27,117.915283203125,129.22000122070312,129.6999969482422,128.8300018310547,128.9600067138672,3043700
2016-05-31,115.11384582519531,126.1500015258789,129.97999572753906,126.04000091552734,129.8800048828125,6894400
2016-06-01,115.35110473632812,126.41000366210938,126.5,124.77999877929688,126.0,4679600
2016-06-02,115.75262451171875,126.8499984741211,127.02999877929688,125.31999969482422,126.6500015258789,4802100
2016-06-03,116.23624420166016,127.37999725341797,127.58000183105469,125.94999694824219,126.41999816894531,5485600
2016-06-06,120.36082458496094,131.89999389648438,132.0800018310547,127.44999694824219,127.5999984741211,6996200
2016-06-07,120.38819122314453,131.92999267578125,133.38999938964844,131.82000732421875,132.41000366210938,4424000
2016-06-08,121.36458587646484,133.0,133.52999877929688,132.0399932861328,132.52000427246094,3883700
2016-06-09,121.45582580566406,133.10000610351562,133.82000732421875,131.9199981689453,132.10000610351562,3811200
2016-06-10,119.66728973388672,131.13999938964844,132.1199951171875,130.3699951171875,131.75999450683594,3828600
2016-06-13,118.55403137207031,129.9199981689453,131.50999450683594,129.8800048828125,130.7899932861328,3645000
2016-06-14,119.08329010009766,130.5,130.60000610351562,128.5,129.6300048828125,3717000
2016-06-15,118.7730484008789,130.16000366210938,131.75999450683594,129.97000122070312,130.8800048828125,3324800
2016-06-16,118.05213928222656,129.3699951171875,129.88999938964844,126.9000015258789,129.32000732421875,4066100
2016-06-17,118.46279907226562,129.82000732421875,129.99000549316406,128.80999755859375,129.8300018310547,6739600
2016-06-20,121.1364517211914,132.75,133.89999389648438,131.2100067138672,131.36000061035156,4331900
2016-06-21,120.01406860351562,131.52000427246094,133.27999877929688,131.49000549316406,133.19000244140625,2841100
2016-06-22,120.2421875,131.77000427246094,133.16000366210938,131.5800018310547,132.10000610351562,2640800
2016-06-23,121.866455078125,133.5500030517578,134.5500030517578,132.72999572753906,133.91000366210938,4113900
2016-06-24,115.45146942138672,126.5199966430664,129.38999938964844,126.20999908447266,128.13999938964844,9707300
2016-06-27,111.96566009521484,122.69999694824219,125.75,122.3499984741211,125.68000030517578,6169000
2016-06-28,113.05155181884766,123.88999938964844,124.76000213623047,122.69999694824219,124.5,4438100
2016-06-29,115.88037109375,126.98999786376953,127.31999969482422,124.16000366210938,125.48999786376953,4916700
2016-06-30,118.5083999633789,129.8699951171875,129.8699951171875,127.08000183105469,127.08000183105469,4110800
2016-07-01,118.34415435791016,129.69000244140625,130.33999633789062,129.16000366210938,129.5399932861328,3247900
2016-07-05,115.86210632324219,126.97000122070312,129.0,126.62999725341797,128.42999267578125,4829400
2016-07-06,115.85298156738281,126.95999908447266,127.30999755859375,123.95999908447266,127.25,3981700
2016-07-07,116.04461669921875,127.16999816894531,128.1699981689453,126.26000213623047,126.91999816894531,3049400
2016-07-08,118.70914459228516,130.08999633789062,130.4600067138672,127.66000366210938,128.60000610351562,3597800
2016-07-11,120.48854064941406,132.0399932861328,133.25,130.8000030517578,130.83999633789062,3929900
2016-07-12,119.36615753173828,130.80999755859375,133.0,130.3300018310547,132.8000030517578,4318400
2016-07-13,118.72740936279297,130.11000061035156,131.38999938964844,129.3699951171875,131.27999877929688,3061400
2016-07-14,120.04142761230469,131.5500030517578,131.9199981689453,130.1999969482422,131.6300048828125,3984100
2016-07-15,120.80792999267578,132.38999938964844,132.75,131.4499969482422,131.8000030517578,2944900
2016-07-18,121.75696563720703,133.42999267578125,133.88999938964844,131.9499969482422,132.3800048828125,3338400
2016-07-19,122.87934875488281,134.66000366210938,135.6699981689453,132.8300018310547,132.91000366210938,3390000
2016-07-20,122.9341049194336,134.72000122070312,135.17999267578125,134.0399932861328,134.5500030517578,2669400
2016-07-21,121.84820556640625,133.52999877929688,134.97999572753906,133.02999877929688,134.75999450683594,2814100
2016-07-22,121.79346466064453,133.47000122070312,133.49000549316406,130.57000732421875,131.75,4844900
2016-07-25,121.30979919433594,132.94000244140625,133.3000030517578,132.3800048828125,133.17999267578125,3078600
2016-07-26,123.052734375,134.85000610351562,134.97000122070312,132.50999450683594,132.89999389648438,4667300
2016-07-27,124.06562805175781,135.9600067138672,139.4499969482422,135.7100067138672,136.13999938964844,5661700
2016-07-28,121.37371063232422,133.00999450683594,135.86000061035156,132.5500030517578,135.39999389648438,5142400
2016-07-29,121.96682739257812,133.66000366210938,133.8000030517578,132.3000030517578,133.0500030517578,3559100
2016-08-01,121.55621337890625,133.2100067138672,134.22999572753906,132.6999969482422,133.2100067138672,3067300
2016-08-02,120.08706665039062,131.60000610351562,133.39999389648438,131.35000610351562,132.9499969482422,3156800
2016-08-03,120.33341979980469,131.8699951171875,132.4499969482422,131.6199951171875,131.77000427246094,2359300
2016-08-04,119.7311782836914,131.2100067138672,132.5500030517578,130.9600067138672,132.0,3008500
2016-08-05,120.20568084716797,131.72999572753906,132.44000244140625,131.00999450683594,132.2100067138672,3119500
2016-08-08,120.62544250488281,132.19000244140625,132.9499969482422,131.75,132.13999938964844,2443800
2016-08-09,121.01782989501953,132.6199951171875,132.99000549316406,132.22999572753906,132.72999572753906,3013900
2016-08-10,121.70787048339844,132.27999877929688,133.52999877929688,131.7100067138672,132.10000610351562,2642200
2016-08-11,122.3703384399414,133.0,133.55999755859375,132.3000030517578,132.85000610351562,2275700
2016-08-12,122.46234130859375,133.10000610351562,133.77999877929688,132.6300048828125,132.89999389648438,2522600
2016-08-15,123.89765167236328,134.66000366210938,135.0,133.5500030517578,133.6999969482422,2812600
2016-08-16,124.21048736572266,135.0,135.2100067138672,133.39999389648438,134.14999389648438,2759200
2016-08-17,123.95287322998047,134.72000122070312,134.99000549316406,134.11000061035156,134.85000610351562,2854600
2016-08-18,124.21048736572266,135.0,135.9600067138672,134.52999877929688,134.72000122070312,2030800
2016-08-19,123.69525146484375,134.44000244140625,135.0,133.83999633789062,134.5,1922600
2016-08-22,124.2012939453125,134.99000549316406,135.6699981689453,133.83999633789062,134.3000030517578,2520500
2016-08-23,123.4192123413086,134.13999938964844,136.3699951171875,133.63999938964844,135.32000732421875,3481900
2016-08-24,122.63713836669922,133.2899932861328,134.64999389648438,133.07000732421875,134.00999450683594,2135900
2016-08-25,122.3519287109375,132.97999572753906,133.3000030517578,132.4199981689453,133.3000030517578,1921400
2016-08-26,121.661865234375,132.22999572753906,134.0800018310547,131.82000732421875,133.5,1973700
2016-08-29,122.27831268310547,132.89999389648438,133.5800018310547,132.32000732421875,132.72000122070312,2380000
2016-08-30,120.3553466796875,130.80999755859375,133.44000244140625,130.67999267578125,133.19000244140625,3437300
2016-08-31,119.10404968261719,129.4499969482422,130.8300018310547,129.13999938964844,130.8300018310547,3639200
2016-09-01,119.5180892944336,129.89999389648438,130.02999877929688,128.36000061035156,130.02999877929688,2807200
2016-09-02,120.67739868164062,131.16000366210938,131.9600067138672,130.5800018310547,130.88999938964844,2631000
2016-09-06,122.36113739013672,132.99000549316406,132.99000549316406,131.27000427246094,131.6300048828125,4151800
2016-09-07,122.03911590576172,132.63999938964844,133.0800018310547,132.0,132.47999572753906,2198700
2016-09-08,122.27831268310547,132.89999389648438,132.91000366210938,131.50999450683594,132.32000732421875,2618300
2016-09-09,118.2575912475586,128.52999877929688,131.94000244140625,128.52000427246094,131.94000244140625,4892900
2016-09-12,119.72050476074219,130.1199951171875,130.67999267578125,126.30999755859375,126.87999725341797,6381100
2016-09-13,118.46920013427734,128.75999450683594,130.02000427246094,128.25999450683594,129.22000122070312,4552400
2016-09-14,117.46631622314453,127.66999816894531,129.30999755859375,127.33999633789062,128.91000366210938,3955400
2016-09-15,117.55831909179688,127.7699966430664,128.4600067138672,126.94000244140625,127.56999969482422,3462400
2016-09-16,116.5738296508789,126.69999694824219,127.70999908447266,126.33999633789062,127.70999908447266,8035600
2016-09-19,117.29151153564453,127.4800033569336,128.3000030517578,127.2699966430664,127.5,3168100
2016-09-20,117.57673645019531,127.79000091552734,128.5,127.56999969482422,127.94999694824219,2639300
2016-09-21,120.12532806396484,130.55999755859375,130.6300048828125,128.17999267578125,128.17999267578125,3227800
2016-09-22,121.33064270019531,131.8699951171875,132.47999572753906,131.1699981689453,131.4499969482422,3253100
2016-09-23,121.24785614013672,131.77999877929688,132.2899932861328,131.00999450683594,131.25,2330700
2016-09-26,120.13453674316406,130.57000732421875,131.5800018310547,130.42999267578125,131.07000732421875,2219900
2016-09-27,120.82459259033203,131.32000732421875,131.74000549316406,129.86000061035156,130.2899932861328,1939000
2016-09-28,121.661865234375,132.22999572753906,132.36000061035156,130.58999633789062,131.58999633789062,1773000
2016-09-29,120.55777740478516,131.02999877929688,132.77999877929688,130.67999267578125,131.8000030517578,2199400
2016-09-30,121.2110595703125,131.74000549316406,132.6300048828125,131.27000427246094,132.08999633789062,3118900
2016-10-03,121.79988098144531,132.3800048828125,132.72000122070312,130.74000549316406,131.27999877929688,2439400
2016-10-04,121.68028259277344,132.25,133.22999572753906,131.69000244140625,132.77000427246094,2829200
2016-10-05,123.89765167236328,134.66000366210938,134.89999389648438,132.5500030517578,132.92999267578125,3137500
2016-10-06,123.67684936523438,134.4199981689453,135.0,133.67999267578125,134.8300018310547,3614900
2016-10-07,123.15241241455078,133.85000610351562,134.66000366210938,132.5399932861328,133.92999267578125,4302000
2016-10-10,124.98336029052734,135.83999633789062,136.8699951171875,134.58999633789062,134.58999633789062,3343300
2016-10-11,123.05118560791016,133.74000549316406,135.69000244140625,133.27000427246094,134.94000244140625,3607300
2016-10-12,122.51753997802734,133.16000366210938,134.27999877929688,133.0,133.75999450683594,2264200
2016-10-13,122.719970703125,133.3800048828125,133.92999267578125,131.38999938964844,132.4199981689453,3544200
2016-10-14,122.83037567138672,133.5,135.25,133.47999572753906,134.55999755859375,2317400
2016-10-17,123.2904052734375,134.0,135.3800048828125,133.3300018310547,133.5,2435100
2016-10-18,124.30250549316406,135.10000610351562,135.74000549316406,134.9199981689453,135.02999877929688,2271000
2016-10-19,125.29618072509766,136.17999267578125,136.9499969482422,135.3300018310547,135.4199981689453,2265900
2016-10-20,124.98336029052734,135.83999633789062,136.75,135.3699951171875,135.9199981689453,2539700
2016-10-21,124.7901382446289,135.6300048828125,136.19000244140625,134.25,134.72000122070312,2205000
2016-10-24,126.46466827392578,137.4499969482422,138.8800048828125,136.41000366210938,136.41000366210938,3814200
2016-10-25,127.9092025756836,139.02000427246094,139.4199981689453,137.35000610351562,137.52999877929688,5209100
2016-10-26,133.90811157226562,145.5399932861328,146.19000244140625,136.72000122070312,138.42999267578125,13272000
2016-10-27,131.85633850097656,143.30999755859375,146.22999572753906,141.77999877929688,145.8300018310547,7857100
2016-10-28,131.58033752441406,143.00999450683594,144.0,142.1699981689453,143.72000122070312,4636100
2016-10-31,131.04669189453125,142.42999267578125,143.35000610351562,142.14999389648438,143.0500030517578,3075900
2016-11-01,131.02828979492188,142.41000366210938,143.89999389648438,141.80999755859375,142.9499969482422,3245000
2016-11-02,129.50094604492188,140.75,142.8699951171875,140.58999633789062,142.0,2782100
2016-11-03,128.82931518554688,140.02000427246094,140.89999389648438,139.35000610351562,140.75999450683594,2280800
2016-11-04,128.3876190185547,139.5399932861328,140.85000610351562,138.8000030517578,139.11000061035156,2951500
2016-11-07,131.59869384765625,143.02999877929688,143.10000610351562,141.49000549316406,141.5,3228200
2016-11-08,131.8397674560547,142.1999969482422,143.30999755859375,141.2899932861328,141.9199981689453,2823800
2016-11-09,134.51919555664062,145.08999633789062,145.85000610351562,141.5399932861328,141.60000610351562,5494400
2016-11-10,136.92977905273438,147.69000244140625,149.33999633789062,146.38999938964844,146.50999450683594,6508300
2016-11-11,137.6992950439453,148.52000427246094,148.60000610351562,146.55999755859375,147.1199951171875,3585200
2016-11-14,139.06222534179688,149.99000549316406,150.08999633789062,148.2100067138672,148.2100067138672,4490900
2016-11-15,137.31919860839844,148.11000061035156,149.4499969482422,147.19000244140625,148.44000244140625,3856600
2016-11-16,135.77084350585938,146.44000244140625,148.41000366210938,146.13999938964844,147.3000030517578,3559700
2016-11-17,134.74176025390625,145.3300018310547,147.1199951171875,145.0,146.8300018310547,3656100
2016-11-18,135.6874237060547,146.35000610351562,146.60000610351562,144.4600067138672,145.17999267578125,2214400
2016-11-21,136.30862426757812,147.02000427246094,148.49000549316406,146.52000427246094,147.2100067138672,2825900
2016-11-22,138.62644958496094,149.52000427246094,149.75999450683594,147.8800048828125,147.89999389648438,3770000
2016-11-23,138.83042907714844,149.74000549316406,150.80999755859375,149.02999877929688,149.61000061035156,2857500
2016-11-25,139.1085662841797,150.0399932861328,150.14999389648438,149.02999877929688,150.0,962300
2016-11-28,138.8582763671875,149.77000427246094,150.08999633789062,148.32000732421875,149.0,4728800
2016-11-29,140.5919952392578,151.63999938964844,152.11000061035156,149.11000061035156,149.8300018310547,3945600
2016-11-30,139.5906982421875,150.55999755859375,153.0800018310547,150.55999755859375,151.58999633789062,3991000
2016-12-01,141.287353515625,152.38999938964844,152.69000244140625,150.38999938964844,150.74000549316406,2843900
2016-12-02,141.1575469970703,152.25,152.49000549316406,151.1199951171875,152.4499969482422,2105600
2016-12-05,141.07411193847656,152.16000366210938,153.75,151.85000610351562,153.24000549316406,2855900
2016-12-06,141.1482696533203,152.24000549316406,152.63999938964844,150.02000427246094,150.83999633789062,3476300
2016-12-07,142.9098663330078,154.13999938964844,154.30999755859375,151.07000732421875,151.6699981689453,2955800
2016-12-08,144.0688018798828,155.38999938964844,155.97000122070312,154.13999938964844,154.60000610351562,2928400
2016-12-09,145.08860778808594,156.49000549316406,156.8800048828125,155.4199981689453,155.64999389648438,2707900
2016-12-12,145.70982360839844,157.16000366210938,158.0,154.3000030517578,156.0,4250600
2016-12-13,145.24624633789062,156.66000366210938,160.07000732421875,154.8800048828125,159.10000610351562,5650400
2016-12-14,143.21580505371094,154.47000122070312,156.3699951171875,154.17999267578125,156.22999572753906,3640200
2016-12-15,142.56678771972656,153.77000427246094,155.24000549316406,153.05999755859375,153.92999267578125,2889300
2016-12-16,143.2436065673828,154.5,156.0,153.13999938964844,153.8800048828125,5888300
2016-12-19,144.80123901367188,156.17999267578125,157.10000610351562,155.07000732421875,155.16000366210938,3002800
2016-12-20,144.9959259033203,156.38999938964844,157.88999938964844,155.9499969482422,156.9600067138672,2270100
2016-12-21,146.0065155029297,157.47999572753906,158.5,156.64999389648438,156.69000244140625,2326000
2016-12-22,145.9879913330078,157.4600067138672,158.99000549316406,156.25,158.5,3958500
2016-12-23,146.31246948242188,157.80999755859375,158.27000427246094,156.50999450683594,158.27000427246094,2135800
2016-12-27,146.0065155029297,157.47999572753906,158.47999572753906,156.91000366210938,158.41000366210938,1858700
2016-12-28,144.7270965576172,156.10000610351562,157.35000610351562,156.00999450683594,157.1199951171875,1810400
2016-12-29,144.346923828125,155.69000244140625,156.75,155.16000366210938,156.0,1804000
2016-12-30,144.33766174316406,155.67999267578125,156.7899932861328,154.9600067138672,156.49000549316406,2027700
2017-01-03,145.53369140625,156.97000122070312,157.13999938964844,155.2100067138672,156.3000030517578,3426100
2017-01-04,147.06346130371094,158.6199951171875,159.22999572753906,157.80999755859375,157.80999755859375,3189800
2017-01-05,147.1468963623047,158.7100067138672,159.6999969482422,157.39999389648438,158.41000366210938,2796000
2017-01-06,147.5084991455078,159.10000610351562,159.66000366210938,157.88999938964844,158.97999572753906,2426000
2017-01-09,146.7853240966797,158.32000732421875,159.24000549316406,158.1699981689453,159.0,2839400
2017-01-10,147.48068237304688,159.07000732421875,159.94000244140625,158.57000732421875,158.9600067138672,2988300
2017-01-11,147.78663635253906,159.39999389648438,159.6999969482422,158.27999877929688,159.5399932861328,2416500
2017-01-12,146.7575225830078,158.2899932861328,159.16000366210938,156.6699981689453,159.14999389648438,3020500
2017-01-13,147.25816345214844,158.8300018310547,159.5800018310547,158.33999633789062,158.74000549316406,2435400
2017-01-17,146.18267822265625,157.6699981689453,159.0399932861328,157.22999572753906,158.1999969482422,2758800
2017-01-18,146.7853240966797,158.32000732421875,159.0500030517578,156.75,157.5500030517578,2087000
2017-01-19,147.41575622558594,159.0,159.8699951171875,157.91000366210938,158.8699951171875,3144000
2017-01-20,147.9071502685547,159.52999877929688,160.3000030517578,158.22999572753906,159.80999755859375,3384500
2017-01-23,146.3402862548828,157.83999633789062,159.5,157.2899932861328,158.94000244140625,3931200
2017-01-24,148.8528594970703,160.5500030517578,160.92999267578125,157.83999633789062,158.5800018310547,3927500
2017-01-25,155.16671752929688,167.36000061035156,168.64999389648438,163.24000549316406,163.58999633789062,7480000
2017-01-26,156.79847717285156,169.1199951171875,170.0,167.25,167.25,5436800
2017-01-27,155.48191833496094,167.6999969482422,169.8000030517578,167.00999450683594,169.2100067138672,4883200
2017-01-30,153.5071258544922,165.57000732421875,165.99000549316406,163.82000732421875,165.9199981689453,5456300
2017-01-31,151.5137481689453,163.4199981689453,165.10000610351562,163.22000122070312,164.9600067138672,5350700
2017-02-01,152.02365112304688,163.97000122070312,165.80999755859375,163.1199951171875,164.25,3138000
2017-02-02,150.43826293945312,162.25999450683594,163.97000122070312,160.82000732421875,163.22000122070312,3791700
2017-02-03,150.5680389404297,162.39999389648438,163.55999755859375,162.30999755859375,162.99000549316406,2981700
2017-02-06,152.03294372558594,163.97999572753906,164.0800018310547,162.3800048828125,162.4199981689453,3110500
2017-02-07,154.36932373046875,166.5,167.4199981689453,164.8699951171875,165.0,4243200
2017-02-08,153.1817626953125,163.80999755859375,165.24000549316406,163.69000244140625,165.0,3041600
2017-02-09,153.62127685546875,164.27999877929688,165.08999633789062,164.05999755859375,164.6699981689453,3451100
2017-02-10,155.4447021484375,166.22999572753906,166.4499969482422,164.47000122070312,165.25,2689700
2017-02-13,157.12794494628906,168.02999877929688,169.07000732421875,166.35000610351562,166.4499969482422,3765000
2017-02-14,157.56744384765625,168.5,168.8000030517578,167.22000122070312,167.6999969482422,2580300
2017-02-15,158.31553649902344,169.3000030517578,169.9499969482422,168.35000610351562,168.4199981689453,4033200
2017-02-16,159.72756958007812,170.80999755859375,170.80999755859375,168.75,169.74000549316406,3070100
2017-02-17,161.5043182373047,172.7100067138672,173.25,170.39999389648438,170.41000366210938,4982900
2017-02-21,164.16940307617188,175.55999755859375,176.1699981689453,173.67999267578125,173.9199981689453,4231700
2017-02-22,163.98236083984375,175.36000061035156,175.75,174.00999450683594,174.97999572753906,2832100
2017-02-23,165.38504028320312,176.86000061035156,177.0,175.6999969482422,175.97000122070312,3502600
2017-02-24,165.92739868164062,177.44000244140625,178.8000030517578,176.10000610351562,176.75,4197200
2017-02-27,167.7882843017578,179.42999267578125,179.8800048828125,177.5500030517578,178.0,2892600
2017-02-28,168.536376953125,180.22999572753906,181.92999267578125,179.6699981689453,180.33999633789062,4785100
2017-03-01,171.97763061523438,183.91000366210938,184.8000030517578,181.82000732421875,181.85000610351562,5461800
2017-03-02,171.1173095703125,182.99000549316406,185.7100067138672,182.97000122070312,184.0,4909000
2017-03-03,170.35986328125,182.17999267578125,183.5800018310547,181.4499969482422,182.99000549316406,3917500
2017-03-06,169.1909637451172,180.92999267578125,182.3000030517578,180.42999267578125,181.39999389648438,4244000
2017-03-07,170.21026611328125,182.02000427246094,182.83999633789062,180.6199951171875,180.63999938964844,2452000
2017-03-08,169.94842529296875,181.74000549316406,182.69000244140625,181.49000549316406,182.39999389648438,2321700
2017-03-09,168.8543243408203,180.57000732421875,182.58999633789062,179.5800018310547,181.42999267578125,3100500
2017-03-10,167.10565185546875,178.6999969482422,181.97000122070312,177.9199981689453,181.89999389648438,4595600
2017-03-13,167.43295288085938,179.0500030517578,179.19000244140625,177.07000732421875,177.16000366210938,3499000
2017-03-14,167.13369750976562,178.72999572753906,179.69000244140625,177.7100067138672,178.5399932861328,2346700
2017-03-15,167.11502075195312,178.7100067138672,179.24000549316406,177.97000122070312,179.0,3569000
2017-03-16,166.62872314453125,178.19000244140625,180.0,177.63999938964844,179.82000732421875,3100700
2017-03-17,168.4148406982422,180.10000610351562,180.3800048828125,178.1699981689453,178.30999755859375,5037400
2017-03-20,167.7509002685547,179.38999938964844,180.14999389648438,179.13999938964844,180.10000610351562,2062200
2017-03-21,164.54344177246094,175.9600067138672,180.25,175.5,179.99000549316406,3239600
2017-03-22,165.49725341796875,176.97999572753906,177.10000610351562,175.5,175.9600067138672,2505700
2017-03-23,165.75909423828125,177.25999450683594,177.85000610351562,176.58999633789062,177.33999633789062,2006400
2017-03-24,164.41253662109375,175.82000732421875,177.52999877929688,174.77000427246094,176.85000610351562,2386800
2017-03-27,164.67434692382812,176.10000610351562,176.44000244140625,173.75,174.3699951171875,2750700
2017-03-28,165.8525848388672,177.36000061035156,177.67999267578125,175.0,176.2899932861328,2412600
2017-03-29,166.10507202148438,177.6300048828125,177.99000549316406,176.97000122070312,177.39999389648438,1640600
2017-03-30,166.43238830566406,177.97999572753906,178.49000549316406,177.22000122070312,177.25,1737200
2017-03-31,165.38504028320312,176.86000061035156,178.17999267578125,176.80999755859375,178.02000427246094,2032700
2017-04-03,165.1886749267578,176.64999389648438,177.72999572753906,175.5,177.0800018310547,2934800
2017-04-04,167.10565185546875,178.6999969482422,178.7899932861328,176.75999450683594,176.8800048828125,2326500
2017-04-05,165.5907745361328,177.0800018310547,180.17999267578125,176.88999938964844,179.0,2567200
2017-04-06,165.8619384765625,177.3699951171875,178.22000122070312,177.1199951171875,177.55999755859375,2343600
2017-04-07,167.2459259033203,178.85000610351562,179.08999633789062,177.25999450683594,178.38999938964844,2806900
2017-04-10,166.03965759277344,177.55999755859375,179.97000122070312,177.47999572753906,179.0,2309300
2017-04-11,166.98411560058594,178.57000732421875,178.60000610351562,176.9600067138672,177.5,2266300
2017-04-12,164.6276092529297,176.0500030517578,178.25,175.94000244140625,178.25,2922700
2017-04-13,164.2254638671875,175.6199951171875,176.8800048828125,175.55999755859375,175.74000549316406,2024100
2017-04-17,167.4049072265625,179.02000427246094,179.0800018310547,175.64999389648438,175.83999633789062,2450200
2017-04-18,166.31082153320312,177.85000610351562,179.97000122070312,177.1199951171875,178.58999633789062,2960200
2017-04-19,166.82513427734375,178.39999389648438,179.89999389648438,178.16000366210938,178.47000122070312,2124500
2017-04-20,167.66673278808594,179.3000030517578,179.82000732421875,178.35000610351562,178.74000549316406,2335200
2017-04-21,168.67666625976562,180.3800048828125,180.92999267578125,179.4199981689453,179.4199981689453,3146600
2017-04-24,170.24766540527344,182.05999755859375,182.4600067138672,181.61000061035156,181.75,3141900
2017-04-25,171.60360717773438,183.50999450683594,183.85000610351562,182.52999877929688,182.52999877929688,3735400
2017-04-26,169.92037963867188,181.7100067138672,183.0,180.11000061035156,182.30999755859375,4471600
2017-04-27,171.33241271972656,183.22000122070312,183.75999450683594,182.58999633789062,182.58999633789062,3129100
2017-04-28,172.8379364013672,184.8300018310547,184.92999267578125,183.02000427246094,183.4199981689453,2181600
2017-05-01,170.5562286376953,182.38999938964844,184.49000549316406,181.8000030517578,184.22999572753906,3516700
2017-05-02,171.5381317138672,183.44000244140625,183.91000366210938,182.52999877929688,182.5399932861328,1979800
2017-05-03,171.4913787841797,183.38999938964844,183.75,182.25,183.4499969482422,2983200
2017-05-04,171.19212341308594,183.07000732421875,184.25,182.17999267578125,183.3300018310547,2289300
2017-05-05,173.0062713623047,185.00999450683594,185.07000732421875,183.16000366210938,183.16000366210938,2636900
2017-05-08,173.95074462890625,186.02000427246094,186.38999938964844,185.0,185.3800048828125,1963400
2017-05-09,174.78297424316406,186.91000366210938,187.2100067138672,186.0500030517578,186.11000061035156,3004000
2017-05-10,172.60630798339844,183.17999267578125,185.64999389648438,178.17999267578125,185.13999938964844,7060100
2017-05-11,173.32244873046875,183.94000244140625,184.3300018310547,182.1699981689453,182.89999389648438,2883800
2017-05-12,172.67227172851562,183.25,183.97999572753906,182.6300048828125,183.7100067138672,3479200
2017-05-15,171.86192321777344,182.38999938964844,184.11000061035156,182.27999877929688,183.3000030517578,3365000
2017-05-16,172.154052734375,182.6999969482422,183.14999389648438,182.0399932861328,182.72999572753906,2156100
2017-05-17,168.46031188964844,178.77999877929688,182.6999969482422,178.67999267578125,182.6999969482422,2535700
2017-05-18,167.15994262695312,177.39999389648438,178.5,175.47000122070312,178.47999572753906,3118100
2017-05-19,170.3260040283203,180.75999450683594,181.4199981689453,176.77000427246094,177.72999572753906,4038900
2017-05-22,173.0680389404297,183.6699981689453,185.32000732421875,182.52000427246094,183.77999877929688,2946800
2017-05-23,172.89845275878906,183.49000549316406,184.4600067138672,182.86000061035156,184.0,2123800
2017-05-24,174.55685424804688,185.25,185.39999389648438,183.4600067138672,183.4600067138672,2424700
2017-05-25,176.27178955078125,187.07000732421875,187.4199981689453,185.58999633789062,185.6300048828125,2363300
2017-05-26,175.81948852539062,186.58999633789062,187.61000061035156,186.27000427246094,186.72999572753906,1735800
2017-05-30,176.09274291992188,186.8800048828125,187.4199981689453,186.19000244140625,186.75999450683594,2231600
2017-05-31,176.79946899414062,187.6300048828125,188.25999450683594,186.72000122070312,187.3699951171875,5186700
2017-06-01,176.50733947753906,187.32000732421875,187.91000366210938,184.52999877929688,187.41000366210938,2870200
2017-06-02,179.2493438720703,190.22999572753906,191.6999969482422,187.64999389648438,187.82000732421875,3034300
2017-06-05,178.0432891845703,188.9499969482422,190.74000549316406,188.80999755859375,190.07000732421875,2522100
2017-06-06,175.97023010253906,186.75,188.86000061035156,186.69000244140625,188.41000366210938,2725000
2017-06-07,177.2423553466797,188.10000610351562,188.5399932861328,186.38999938964844,186.85000610351562,2383500
2017-06-08,178.9666748046875,189.92999267578125,191.07000732421875,187.6999969482422,188.10000610351562,2340300
2017-06-09,179.0609130859375,190.02999877929688,190.99000549316406,189.25,190.0,3344900
2017-06-12,179.03262329101562,190.0,190.52999877929688,188.0500030517578,190.3000030517578,2730100
2017-06-13,180.0597381591797,191.08999633789062,191.55999755859375,189.35000610351562,190.0500030517578,1882700
2017-06-14,181.27525329589844,192.3800048828125,193.3800048828125,190.82000732421875,191.0500030517578,2210000
2017-06-15,184.16807556152344,195.4499969482422,195.5500030517578,191.3699951171875,191.42999267578125,2894100
2017-06-16,185.10092163085938,196.44000244140625,197.9499969482422,195.80999755859375,196.00999450683594,6939100
2017-06-19,187.5885467529297,199.0800018310547,199.47000122070312,197.0,197.8800048828125,2726400
2017-06-20,186.88182067871094,198.3300018310547,201.24000549316406,198.30999755859375,198.75,3077400
2017-06-21,187.67332458496094,199.1699981689453,199.7100067138672,197.55999755859375,199.5800018310547,3151100
2017-06-22,187.9277801513672,199.44000244140625,200.41000366210938,199.17999267578125,199.25,3339300
2017-06-23,190.5567169189453,202.22999572753906,202.35000610351562,198.67999267578125,199.25999450683594,4310100
2017-06-26,188.43653869628906,199.97999572753906,204.38999938964844,199.94000244140625,202.77000427246094,3077600
2017-06-27,187.4095001220703,198.88999938964844,200.9199981689453,198.88999938964844,199.8000030517578,2296900
2017-06-28,188.09735107421875,199.6199951171875,200.9499969482422,199.3000030517578,199.5,2096800
2017-06-29,186.06202697753906,197.4600067138672,199.75999450683594,196.4499969482422,199.6199951171875,2428900
2017-06-30,186.33531188964844,197.75,199.44000244140625,197.38999938964844,198.5,2225600
2017-07-03,187.12680053710938,198.58999633789062,199.44000244140625,197.75,198.07000732421875,1511200
2017-07-05,190.1609344482422,201.80999755859375,202.13999938964844,198.86000061035156,199.3000030517578,2716700
2017-07-06,189.8500213623047,201.47999572753906,202.49000549316406,200.77999877929688,201.63999938964844,2737400
2017-07-07,190.68862915039062,202.3699951171875,203.27999877929688,201.25999450683594,202.24000549316406,3090400
2017-07-10,192.1868438720703,203.9600067138672,204.5800018310547,202.19000244140625,202.32000732421875,2701900
2017-07-11,194.36351013183594,206.27000427246094,206.66000366210938,204.0,204.0,2815800
2017-07-12,194.52365112304688,206.44000244140625,208.61000061035156,206.32000732421875,206.9499969482422,2817400
2017-07-13,194.3258056640625,206.22999572753906,207.0,205.35000610351562,206.8000030517578,1943600
2017-07-14,196.4741668701172,208.50999450683594,208.72999572753906,206.74000549316406,206.8000030517578,3229000
2017-07-17,196.9359130859375,209.0,209.72000122070312,208.55999755859375,208.72999572753906,2416000
2017-07-18,196.21978759765625,208.24000549316406,209.19000244140625,207.52999877929688,209.11000061035156,1942300
2017-07-19,198.70741271972656,210.8800048828125,210.92999267578125,208.99000549316406,209.42999267578125,2258400
2017-07-20,198.1420440673828,210.27999877929688,211.25,209.9199981689453,211.10000610351562,2235100
2017-07-21,199.8946533203125,212.13999938964844,212.1999969482422,209.41000366210938,209.99000549316406,2098400
2017-07-24,199.93235778808594,212.17999267578125,212.63999938964844,211.39999389648438,212.0,2392700
2017-07-25,200.1962127685547,212.4600067138672,214.0,211.9499969482422,213.22000122070312,2889000
2017-07-26,219.97459411621094,233.4499969482422,233.97999572753906,223.02000427246094,223.47999572753906,14140000
2017-07-27,227.0887908935547,241.0,242.67999267578125,236.6999969482422,237.1300048828125,10860600
2017-07-28,227.3432159423828,241.27000427246094,242.0,238.5500030517578,240.82000732421875,4602400
2017-07-31,228.4645233154297,242.4600067138672,246.49000549316406,241.82000732421875,241.85000610351562,5777300
2017-08-01,225.6188507080078,239.44000244140625,243.99000549316406,239.16000366210938,243.3800048828125,5018400
2017-08-02,224.21484375,237.9499969482422,241.55999755859375,237.8800048828125,239.05999755859375,5119900
2017-08-03,224.49752807617188,238.25,239.58999633789062,236.0399932861328,237.05999755859375,5112700
2017-08-04,223.9887237548828,237.7100067138672,239.72999572753906,236.3800048828125,238.5800018310547,5590500
2017-08-07,226.36326599121094,240.22999572753906,241.42999267578125,237.2100067138672,237.60000610351562,3674700
2017-08-08,225.67535400390625,239.5,240.52000427246094,238.92999267578125,239.91000366210938,4871500
2017-08-09,222.101806640625,234.30999755859375,238.6999969482422,234.10000610351562,238.00999450683594,5680400
2017-08-10,220.74630737304688,232.8800048828125,236.16000366210938,231.91000366210938,234.02999877929688,6817700
2017-08-11,222.64210510253906,234.8800048828125,235.39999389648438,230.94000244140625,232.75999450683594,3461700
2017-08-14,224.79380798339844,237.14999389648438,237.47999572753906,235.72000122070312,236.00999450683594,2953500
2017-08-15,226.70860290527344,239.1699981689453,239.63999938964844,236.00999450683594,237.2100067138672,2851100
2017-08-16,225.21090698242188,237.58999633789062,240.25999450683594,237.41000366210938,239.6999969482422,3012700
2017-08-17,223.31509399414062,235.58999633789062,237.60000610351562,235.25,237.3800048828125,2810900
2017-08-18,223.48573303222656,235.77000427246094,237.25999450683594,234.57000732421875,235.0,2939500
2017-08-21,223.400390625,235.67999267578125,236.94000244140625,234.35000610351562,235.77000427246094,2545400
2017-08-22,227.2583465576172,239.75,239.88999938964844,236.11000061035156,236.16000366210938,2915700
2017-08-23,225.6848602294922,238.08999633789062,239.36000061035156,237.19000244140625,239.36000061035156,2518300
2017-08-24,226.3009796142578,238.74000549316406,238.89999389648438,236.60000610351562,238.52000427246094,2553100
2017-08-25,223.59947204589844,235.88999938964844,239.08999633789062,235.60000610351562,239.0,2270300
2017-08-28,224.822265625,237.17999267578125,237.5500030517578,234.61000061035156,236.22000122070312,2395000
2017-08-29,227.95980834960938,240.49000549316406,241.1699981689453,236.0800018310547,237.2100067138672,3535500
2017-08-30,227.93136596679688,240.4600067138672,241.44000244140625,239.0,240.99000549316406,2801100
2017-08-31,227.17306518554688,239.66000366210938,241.10000610351562,238.41000366210938,241.0,3075800
2017-09-01,227.80813598632812,240.3300018310547,242.52999877929688,239.1699981689453,239.66000366210938,3270700
2017-09-05,224.65164184570312,237.0,240.36000061035156,236.22999572753906,240.3000030517578,3866600
2017-09-06,222.3956298828125,234.6199951171875,237.86000061035156,234.33999633789062,237.52999877929688,4252700
2017-09-07,223.99757385253906,236.30999755859375,236.5399932861328,234.2899932861328,234.75,2994500
2017-09-08,226.33888244628906,238.77999877929688,239.38999938964844,235.2100067138672,235.75,3404200
2017-09-11,228.0546112060547,240.58999633789062,241.85000610351562,239.30999755859375,239.5,3628100
2017-09-12,228.0451202392578,240.5800018310547,241.7100067138672,238.9499969482422,240.58999633789062,2702700
2017-09-13,229.32476806640625,241.92999267578125,243.47999572753906,237.08999633789062,240.0,4529100
2017-09-14,232.4528350830078,245.22999572753906,245.61000061035156,242.5,243.0,4995200
2017-09-15,236.02639770507812,249.0,249.9499969482422,246.2100067138672,247.36000061035156,9033300
2017-09-18,239.8938446044922,253.0800018310547,253.7899932861328,248.91000366210938,249.97000122070312,5193000
2017-09-19,239.3061065673828,252.4600067138672,255.1699981689453,251.6300048828125,253.0800018310547,4124700
2017-09-20,242.14984130859375,255.4600067138672,256.69000244140625,252.25,253.25999450683594,3853200
2017-09-21,242.69961547851562,256.0400085449219,256.989990234375,254.4199981689453,256.1300048828125,2809400
2017-09-22,243.08828735351562,256.45001220703125,259.29998779296875,256.1300048828125,256.30999755859375,3475600
2017-09-25,241.06922912597656,254.32000732421875,256.9700012207031,251.5,256.9700012207031,3479200
2017-09-26,240.4815216064453,253.6999969482422,256.4800109863281,253.5399932861328,254.60000610351562,2173600
2017-09-27,241.9792022705078,255.27999877929688,258.7699890136719,253.97000122070312,255.27000427246094,3840100
2017-09-28,241.02183532714844,254.27000427246094,255.8000030517578,251.1699981689453,254.11000061035156,2586100
2017-09-29,240.9649658203125,254.2100067138672,255.25999450683594,252.58999633789062,253.85000610351562,2531100
2017-10-02,242.65220642089844,255.99000549316406,255.99000549316406,253.52999877929688,254.64999389648438,2685100
2017-10-03,242.14984130859375,255.4600067138672,258.260009765625,254.69000244140625,255.99000549316406,3163400
2017-10-04,242.43417358398438,255.75999450683594,257.1300048828125,254.07000732421875,256.1199951171875,3031000
2017-10-05,245.40115356445312,258.8900146484375,258.989990234375,254.77999877929688,255.27999877929688,3940200
2017-10-06,245.10723876953125,258.5799865722656,258.8999938964844,257.05999755859375,258.0,2736400
2017-10-09,244.9271697998047,258.3900146484375,259.0,257.1099853515625,259.0,2146100
2017-10-10,247.33480834960938,260.92999267578125,261.05999755859375,257.20001220703125,259.739990234375,2740700
2017-10-11,247.8182373046875,261.44000244140625,261.6499938964844,259.0199890136719,261.32000732421875,2890300
2017-10-12,248.26377868652344,261.9100036621094,262.9800109863281,260.0,260.95001220703125,2577900
2017-10-13,247.15472412109375,260.739990234375,263.7900085449219,260.739990234375,262.8999938964844,2243900
2017-10-16,246.21633911132812,259.75,262.0,259.69000244140625,261.5,1818900
2017-10-17,245.14520263671875,258.6199951171875,259.04998779296875,256.260009765625,256.489990234375,2515900
2017-10-18,246.49119567871094,260.0400085449219,260.7300109863281,256.6600036621094,258.4700012207031,2051700
2017-10-19,245.54331970214844,259.0400085449219,259.1000061035156,256.0299987792969,258.9800109863281,2589200
2017-10-20,250.95582580566406,264.75,264.8299865722656,259.44000244140625,260.3599853515625,3955900
2017-10-23,248.65243530273438,262.32000732421875,265.9800109863281,262.1400146484375,265.1300048828125,3302400
2017-10-24,252.14065551757812,266.0,267.2099914550781,263.239990234375,263.239990234375,4401600
2017-10-25,244.9556121826172,258.4200134277344,266.0,254.5,264.7799987792969,7895300
2017-10-26,245.76132202148438,259.2699890136719,261.44000244140625,257.30999755859375,259.7200012207031,3419100
2017-10-27,243.0977020263672,256.4599914550781,259.5,255.8000030517578,258.260009765625,2899200
2017-10-30,245.74237060546875,259.25,260.4100036621094,255.3300018310547,255.4499969482422,3025900
2017-10-31,244.5385284423828,257.9800109863281,259.92999267578125,257.4700012207031,259.3399963378906,2742800
2017-11-01,245.0314178466797,258.5,259.4100036621094,256.239990234375,258.2900085449219,2929500
2017-11-02,248.94627380371094,262.6300048828125,263.239990234375,258.0,258.30999755859375,2529900
2017-11-03,248.11209106445312,261.75,263.7900085449219,260.0799865722656,262.4200134277344,2610800
2017-11-06,250.3112030029297,264.07000732421875,265.8399963378906,262.5299987792969,262.6199951171875,2911600
2017-11-07,252.2638702392578,266.1300048828125,267.2799987792969,264.07000732421875,264.07000732421875,3205400
2017-11-08,251.73304748535156,265.57000732421875,267.6199951171875,265.2900085449219,266.1400146484375,2841800
2017-11-09,250.35122680664062,262.70001220703125,266.75,259.55999755859375,265.010009765625,3215900
2017-11-10,248.5882110595703,260.8500061035156,262.5,259.6000061035156,262.1099853515625,1740600
2017-11-13,250.08441162109375,262.4200134277344,263.3599853515625,260.489990234375,261.6700134277344,2604100
2017-11-14,249.4554443359375,261.760009765625,262.3999938964844,260.20001220703125,262.0,2358200
2017-11-15,250.5037078857422,262.8599853515625,264.7699890136719,260.1499938964844,261.4200134277344,2510500
2017-11-16,251.30426025390625,263.70001220703125,265.0400085449219,263.3399963378906,263.760009765625,2710200
2017-11-17,249.9319610595703,262.260009765625,263.739990234375,262.0299987792969,262.82000732421875,1724800
2017-11-20,252.19053649902344,264.6300048828125,265.6199951171875,262.760009765625,263.0,2447400
2017-11-21,254.43954467773438,266.989990234375,267.0,264.7099914550781,266.239990234375,2267100
2017-11-22,252.68605041503906,265.1499938964844,267.4800109863281,264.5299987792969,267.0,1471400
2017-11-24,253.38172912597656,265.8800048828125,266.57000732421875,264.5299987792969,265.260009765625,788900
2017-11-27,253.09585571289062,265.5799865722656,266.8399963378906,264.7200012207031,265.3800048828125,1772200
2017-11-28,255.39256286621094,267.989990234375,268.010009765625,265.2300109863281,267.0,2262100
2017-11-29,256.6409606933594,269.29998779296875,269.67999267578125,266.1499938964844,269.4800109863281,3029100
2017-11-30,263.7884216308594,276.79998779296875,277.0400085449219,269.42999267578125,269.9100036621094,4820300
2017-12-01,258.62322998046875,271.3800048828125,278.7300109863281,270.6000061035156,277.510009765625,4592500
2017-12-04,264.9034423828125,277.9700012207031,281.8299865722656,276.0,276.1600036621094,5523000
2017-12-05,262.58770751953125,275.5400085449219,279.44000244140625,274.8599853515625,279.010009765625,2806100
2017-12-06,265.1893005371094,278.2699890136719,279.1400146484375,274.0,276.5799865722656,2538100
2017-12-07,268.71539306640625,281.9700012207031,284.7900085449219,277.79998779296875,282.80999755859375,4264400
2017-12-08,272.460693359375,285.8999938964844,287.32000732421875,283.55999755859375,285.010009765625,4440500
2017-12-11,269.8494567871094,283.1600036621094,286.489990234375,279.8999938964844,286.2099914550781,4065200
2017-12-12,276.3107604980469,289.94000244140625,292.79998779296875,287.7200012207031,291.3399963378906,5517600
2017-12-13,278.1214294433594,291.8399963378906,295.8500061035156,289.70001220703125,290.5,5003300
2017-12-14,280.0655822753906,293.8800048828125,296.82000732421875,292.6000061035156,293.3500061035156,3913400
2017-12-15,280.12274169921875,293.94000244140625,297.3699951171875,293.0199890136719,295.8699951171875,6933500
2017-12-18,282.2193298339844,296.1400146484375,297.1400146484375,294.5199890136719,296.0,2901600
2017-12-19,283.2771301269531,297.25,297.5799865722656,294.17999267578125,296.5,2728400
2017-12-20,283.8966064453125,297.8999938964844,299.3299865722656,297.1099853515625,298.70001220703125,2533700
2017-12-21,281.16143798828125,295.0299987792969,298.3900146484375,294.1300048828125,298.04998779296875,5398300
2017-12-22,281.2281799316406,295.1000061035156,296.5199890136719,293.010009765625,296.3299865722656,2257400
2017-12-26,281.4759216308594,295.3599853515625,297.44000244140625,294.6499938964844,295.5400085449219,1394700
2017-12-27,281.7237548828125,295.6199951171875,296.79998779296875,294.79998779296875,296.4100036621094,1447800
2017-12-28,282.4194641113281,296.3500061035156,296.989990234375,294.739990234375,295.80999755859375,1436800
2017-12-29,281.04718017578125,294.9100036621094,297.29998779296875,294.8299865722656,296.94000244140625,1824600
2018-01-02,282.8863830566406,296.8399963378906,296.989990234375,295.3999938964844,295.75,2978900
2018-01-03,283.8013000488281,297.79998779296875,298.5,295.4700012207031,295.94000244140625,3211200
2018-01-04,282.7243957519531,296.6700134277344,298.4200134277344,295.4700012207031,297.94000244140625,4171700
2018-01-05,294.3222961425781,308.8399963378906,308.8900146484375,296.7200012207031,296.7699890136719,6177700
2018-01-08,295.5707092285156,310.1499938964844,310.8599853515625,305.75,308.6600036621094,4124900
2018-01-09,303.46148681640625,318.42999267578125,319.9100036621094,310.489990234375,310.5899963378906,5641300
2018-01-10,305.20550537109375,320.260009765625,322.1499938964844,315.5,317.489990234375,4479300
2018-01-11,312.6960144042969,328.1199951171875,328.3999938964844,321.19000244140625,322.1300048828125,4635300
2018-01-12,320.40570068359375,336.2099914550781,336.8800048828125,330.3800048828125,330.3800048828125,6559300
2018-01-16,319.40509033203125,335.1600036621094,347.7300109863281,331.3299865722656,339.8999938964844,12305500
2018-01-17,334.510009765625,351.010009765625,352.2300109863281,336.4100036621094,337.7300109863281,9699900
2018-01-18,324.1700439453125,340.1600036621094,350.8299865722656,339.1499938964844,350.70001220703125,9458600
2018-01-19,321.8542785644531,337.7300109863281,344.0,335.75,341.6700134277344,7264400
2018-01-22,322.1116027832031,338.0,341.3800048828125,332.0400085449219,335.2900085449219,6792900
2018-01-23,319.81488037109375,335.5899963378906,338.94000244140625,334.80999755859375,338.3399963378906,4537800
2018-01-24,318.9571838378906,334.69000244140625,338.989990234375,334.1400146484375,336.20001220703125,4205400
2018-01-25,326.98138427734375,343.1099853515625,343.6199951171875,335.29998779296875,336.2099914550781,4747500
2018-01-26,327.0862121582031,343.2200012207031,345.9800109863281,341.25,344.3299865722656,5236300
2018-01-29,324.799072265625,340.82000732421875,344.4800109863281,340.1000061035156,341.2300109863281,3324900
2018-01-30,321.8352355957031,337.7099914550781,339.9800109863281,334.1600036621094,339.1700134277344,4983100
2018-01-31,337.71209716796875,354.3699951171875,360.9700012207031,351.6199951171875,360.5,11409600
2018-02-01,340.1612548828125,356.94000244140625,361.45001220703125,352.0400085449219,352.95001220703125,6067600
2018-02-02,332.5086669921875,348.9100036621094,355.20001220703125,348.70001220703125,354.0,5486100
2018-02-05,313.4202880859375,328.8800048828125,350.0,317.3900146484375,342.6700134277344,10511300
2018-02-06,324.884765625,340.9100036621094,341.6700134277344,317.6499938964844,320.0,11935100
2018-02-07,331.7558288574219,348.1199951171875,353.5899963378906,339.8699951171875,340.5199890136719,7946700
2018-02-08,315.7144470214844,329.6600036621094,349.0,329.3999938964844,348.0,8295900
2018-02-09,318.75030517578125,332.8299865722656,337.80999755859375,319.25,333.54998779296875,8833000
2018-02-12,329.2562561035156,343.79998779296875,347.75,335.1300048828125,336.57000732421875,6885000
2018-02-13,328.6434020996094,343.1600036621094,347.8800048828125,340.2900085449219,340.45001220703125,4030200
2018-02-14,330.2618713378906,344.8500061035156,347.42999267578125,341.1700134277344,341.3399963378906,4340200
2018-02-15,341.3807067871094,356.4599914550781,356.54998779296875,348.04998779296875,348.4700012207031,5827500
2018-02-16,340.02081298828125,355.0400085449219,359.5,353.510009765625,356.5899963378906,5211600
2018-02-20,338.4023132324219,353.3500061035156,357.7900085449219,351.3999938964844,352.0,4303400
2018-02-21,337.4637451171875,352.3699951171875,360.80999755859375,351.75,352.55999755859375,5258600
2018-02-22,340.86358642578125,355.9200134277344,358.07000732421875,352.6400146484375,354.6499938964844,3414300
2018-02-23,341.5722961425781,356.6600036621094,358.7699890136719,353.07000732421875,358.17999267578125,3355400
2018-02-26,348.103759765625,363.4800109863281,364.04998779296875,358.2099914550781,359.5,4148100
2018-02-27,349.2147216796875,364.6400146484375,369.8900146484375,363.29998779296875,364.6000061035156,4774100
2018-02-28,346.8874816894531,362.2099914550781,371.6000061035156,362.2099914550781,366.79998779296875,5472900
2018-03-01,334.8971252441406,349.69000244140625,362.739990234375,346.3999938964844,362.3299865722656,8978000
2018-03-02,330.0895080566406,344.6700134277344,346.0899963378906,335.29998779296875,341.82000732421875,10021300
2018-03-05,337.82769775390625,352.75,354.7699890136719,336.6099853515625,338.0,8140200
2018-03-06,334.1596984863281,348.9200134277344,355.2099914550781,346.0199890136719,354.239990234375,4888300
2018-03-07,332.3592224121094,347.0400085449219,348.4100036621094,339.5,341.5199890136719,4575700
2018-03-08,333.9777526855469,348.7300109863281,352.5,343.95001220703125,349.510009765625,4319900
2018-03-09,339.5227966308594,354.5199890136719,354.8900146484375,350.2300109863281,352.6499938964844,3538300
2018-03-12,329.6297912597656,344.19000244140625,355.2300109863281,343.260009765625,355.20001220703125,6088800
2018-03-13,324.34332275390625,338.6700134277344,347.8800048828125,337.6099853515625,345.32000732421875,5443800
2018-03-14,316.2890930175781,330.260009765625,340.5199890136719,322.29998779296875,339.7900085449219,13057900
2018-03-15,316.02093505859375,329.9800109863281,332.9200134277344,322.9100036621094,332.29998779296875,8766000
2018-03-16,316.4902038574219,330.4700012207031,330.8299865722656,325.6300048828125,329.82000732421875,9329000
2018-03-19,317.7256164550781,331.760009765625,333.3299865722656,326.7799987792969,327.45001220703125,6328900
2018-03-20,323.3472900390625,337.6300048828125,339.70001220703125,331.0,331.8399963378906,6500500
2018-03-21,322.8397216796875,337.1000061035156,341.9100036621094,335.1700134277344,337.07000732421875,4056300
2018-03-22,306.089599609375,319.6099853515625,332.67999267578125,319.010009765625,330.1099853515625,7282200
2018-03-23,307.4207763671875,321.0,331.1400146484375,318.32000732421875,320.1499938964844,7237500
2018-03-26,315.0536804199219,328.9700012207031,331.94000244140625,323.5899963378906,330.4800109863281,5392900
2018-03-27,307.5356750488281,321.1199951171875,334.8800048828125,319.0,331.510009765625,5355500
2018-03-28,306.4822692871094,320.0199890136719,323.239990234375,311.1700134277344,321.8500061035156,5634700
2018-03-29,314.009765625,327.8800048828125,330.4800109863281,322.0,323.3800048828125,3652100
2018-04-02,308.79986572265625,322.44000244140625,329.94000244140625,317.1700134277344,325.20001220703125,5024900
2018-04-03,316.8254089355469,330.82000732421875,331.1000061035156,323.0899963378906,324.760009765625,4783100
2018-04-04,313.5883483886719,327.44000244140625,327.80999755859375,311.8800048828125,312.29998779296875,8235700
2018-04-05,322.1693420410156,336.3999938964844,338.9599914550781,330.260009765625,330.5899963378906,6220000
2018-04-06,312.32415771484375,326.1199951171875,334.5899963378906,322.2099914550781,330.6099853515625,5713600
2018-04-09,308.83819580078125,322.4800109863281,334.8800048828125,322.04998779296875,332.25,4931700
2018-04-10,320.6657409667969,334.8299865722656,336.69000244140625,329.54998779296875,331.3500061035156,5552000
2018-04-11,313.51171875,327.3599853515625,337.57000732421875,326.30999755859375,331.6000061035156,4573500
2018-04-12,323.2036437988281,337.4800109863281,338.3500061035156,330.4599914550781,331.9800109863281,4325000
2018-04-13,315.35052490234375,329.2799987792969,339.6700134277344,326.6000061035156,338.989990234375,4733500
2018-04-16,317.7351379394531,331.7699890136719,333.2200012207031,327.6300048828125,332.3399963378906,3901400
2018-04-17,322.475830078125,336.7200012207031,339.739990234375,333.6499938964844,334.7300109863281,3381800
2018-04-18,326.5747375488281,341.0,342.3999938964844,337.17999267578125,338.3299865722656,3117500
2018-04-19,326.22998046875,340.6400146484375,342.4100036621094,337.5,340.19000244140625,3006800
2018-04-20,324.34332275390625,338.6700134277344,341.3999938964844,335.04998779296875,340.7300109863281,3038000
2018-04-23,324.506103515625,338.8399963378906,341.260009765625,336.0,339.54998779296875,2765600
2018-04-24,315.1398010253906,329.05999755859375,347.6700134277344,323.2799987792969,343.1700134277344,7051800
2018-04-25,328.3560485839844,342.8599853515625,344.9100036621094,330.5199890136719,338.1199951171875,11023600
2018-04-26,328.28900146484375,342.7900085449219,345.6499938964844,338.3299865722656,344.010009765625,5273600
2018-04-27,326.4598693847656,340.8800048828125,342.9200134277344,337.7699890136719,341.25,3390400
2018-04-30,319.449462890625,333.55999755859375,342.5799865722656,333.3999938964844,341.1700134277344,3721600
2018-05-01,315.5994873046875,329.5400085449219,333.9100036621094,324.17999267578125,332.5,4313100
2018-05-02,310.47589111328125,324.19000244140625,330.7099914550781,323.9800109863281,329.5,3436100
2018-05-03,316.70086669921875,330.69000244140625,332.6300048828125,319.1300048828125,322.9700012207031,6383200
2018-05-04,320.28265380859375,334.42999267578125,335.8900146484375,328.0400085449219,328.0400085449219,3655100
2018-05-07,326.0288391113281,340.42999267578125,342.9800109863281,335.2099914550781,335.2300109863281,4192200
2018-05-08,324.0559997558594,338.3699951171875,341.94000244140625,336.6099853515625,339.7699890136719,4014100
2018-05-09,329.9266662597656,344.5,346.92999267578125,338.5799865722656,339.489990234375,4347000
2018-05-10,331.1585693359375,344.07000732421875,348.57000732421875,342.4100036621094,343.989990234375,3920400
2018-05-11,329.60906982421875,342.4599914550781,345.4200134277344,341.04998779296875,343.7699890136719,2332200
2018-05-14,331.65911865234375,344.5899963378906,347.739990234375,343.8900146484375,344.0,2520300
2018-05-15,329.2817687988281,342.1199951171875,343.8500061035156,340.260009765625,343.0,3009100
2018-05-16,328.1749267578125,340.9700012207031,343.55999755859375,340.29998779296875,342.0,2230100
2018-05-17,331.2259826660156,344.1400146484375,344.7699890136719,340.25,340.4700012207031,2483300
2018-05-18,338.0499267578125,351.2300109863281,352.04998779296875,345.19000244140625,345.6000061035156,4327700
2018-05-21,350.2637634277344,363.9200134277344,365.0,358.45001220703125,358.4599914550781,6785400
2018-05-22,341.69775390625,355.0199890136719,364.8500061035156,354.5199890136719,364.0,5389400
2018-05-23,345.73046875,359.2099914550781,359.6000061035156,351.6199951171875,352.2799987792969,4497500
2018-05-24,345.52838134765625,359.0,360.6600036621094,354.3699951171875,358.45001220703125,3932100
2018-05-25,346.57745361328125,360.0899963378906,360.6000061035156,357.04998779296875,358.1199951171875,2463700
2018-05-29,339.2530517578125,352.4800109863281,360.9700012207031,350.6600036621094,357.7099914550781,4249600
2018-05-30,344.7488098144531,358.19000244140625,358.9200134277344,354.1000061035156,355.6499938964844,2825200
2018-05-31,338.9450378417969,352.1600036621094,356.8299865722656,351.6199951171875,356.8299865722656,4406300
2018-06-01,343.333984375,356.7200012207031,358.1499938964844,354.4599914550781,355.7900085449219,2657800
2018-06-04,347.1934814453125,360.7300109863281,363.3900146484375,358.8500061035156,358.9700012207031,2950300
2018-06-05,346.5871276855469,360.1000061035156,363.3699951171875,358.8500061035156,360.5,2567800
2018-06-06,357.6170654296875,371.55999755859375,371.6000061035156,360.989990234375,362.4599914550781,4488400
2018-06-07,354.70074462890625,368.5299987792969,374.4800109863281,366.04998779296875,372.0,4517800
2018-06-08,355.63433837890625,369.5,371.4200134277344,365.4599914550781,368.1400146484375,3292900
2018-06-11,357.02032470703125,370.94000244140625,373.3299865722656,368.79998779296875,371.0,2468500
2018-06-12,356.7123718261719,370.6199951171875,372.7300109863281,367.989990234375,371.239990234375,2440400
2018-06-13,350.1963806152344,363.8500061035156,371.0,363.2900085449219,370.6700134277344,3867600
2018-06-14,348.8200378417969,362.4200134277344,367.6400146484375,358.8299865722656,366.1499938964844,4039500
2018-06-15,344.4504089355469,357.8800048828125,361.6600036621094,353.4700012207031,358.1499938964844,9946000
2018-06-18,341.4281921386719,354.739990234375,357.6499938964844,352.3699951171875,353.19000244140625,3363200
2018-06-19,328.3193359375,341.1199951171875,347.1700134277344,338.57000732421875,347.1700134277344,6857300
2018-06-20,329.83038330078125,342.69000244140625,346.9800109863281,340.4599914550781,346.0,4540000
2018-06-21,324.98919677734375,337.6600036621094,341.1499938964844,336.20001220703125,341.1499938964844,4048300
2018-06-22,326.1922912597656,338.9100036621094,340.94000244140625,336.6000061035156,340.42999267578125,3192000
2018-06-25,318.7716064453125,331.20001220703125,333.8500061035156,327.6000061035156,332.5199890136719,5006200
2018-06-26,318.8678283691406,331.29998779296875,334.3999938964844,330.4800109863281,332.3900146484375,3112400
2018-06-27,317.44342041015625,329.82000732421875,341.4200134277344,329.760009765625,334.8500061035156,4578900
2018-06-28,322.09210205078125,334.6499938964844,337.5400085449219,327.2900085449219,330.0,3348000
2018-06-29,322.91986083984375,335.510009765625,340.0,335.3599853515625,337.19000244140625,3108500
2018-07-02,323.46844482421875,336.0799865722656,336.3299865722656,329.32000732421875,330.69000244140625,2820700
2018-07-03,320.4366760253906,332.92999267578125,339.69000244140625,332.0,338.17999267578125,1464400
2018-07-05,320.6772766113281,333.17999267578125,337.2799987792969,329.1000061035156,336.1499938964844,2427900
2018-07-06,322.08251953125,334.6400146484375,336.1000061035156,330.45001220703125,332.8399963378906,2105100
2018-07-09,329.08929443359375,341.9200134277344,343.0400085449219,336.510009765625,337.5,3128700
2018-07-10,334.1326904296875,347.1600036621094,348.0,342.7799987792969,342.7799987792969,3278300
2018-07-11,327.81884765625,340.6000061035156,344.3900146484375,339.19000244140625,341.7300109863281,3056900
2018-07-12,333.04510498046875,346.0299987792969,346.6000061035156,342.739990234375,345.2799987792969,2030700
2018-07-13,337.62646484375,350.7900085449219,351.239990234375,346.20001220703125,347.0,2272300
2018-07-16,342.7372131347656,356.1000061035156,356.3399963378906,352.3500061035156,353.9700012207031,2889000
2018-07-17,343.4879455566406,356.8800048828125,359.0,355.0400085449219,357.6099853515625,2730500
2018-07-18,346.7122497558594,360.2300109863281,361.8599853515625,354.260009765625,359.0,3090100
2018-07-19,341.99609375,355.3299865722656,359.3900146484375,355.260009765625,357.69000244140625,2711700
2018-07-20,341.58221435546875,354.8999938964844,356.989990234375,353.0,353.0400085449219,1816700
2018-07-23,340.0133972167969,353.2699890136719,355.0,352.3900146484375,355.0,1943700
2018-07-24,344.8257751464844,358.2699890136719,359.4700012207031,354.6400146484375,356.75,3182000
2018-07-25,342.5639953613281,355.9200134277344,356.29998779296875,345.5,351.5199890136719,7378100
2018-07-26,345.83636474609375,359.32000732421875,360.20001220703125,355.2699890136719,355.3800048828125,3191200
2018-07-27,347.116455078125,360.6499938964844,364.5400085449219,359.4700012207031,361.05999755859375,2914700
2018-07-30,337.8863525390625,351.05999755859375,362.45001220703125,350.4700012207031,361.989990234375,3080400
2018-07-31,342.9296569824219,356.29998779296875,359.0199890136719,354.05999755859375,354.3800048828125,2728400
2018-08-01,339.5226135253906,352.760009765625,357.9100036621094,350.5,354.0899963378906,2717800
2018-08-02,336.6062316894531,349.7300109863281,350.7300109863281,346.0299987792969,348.6199951171875,2655900
2018-08-03,335.3646240234375,348.44000244140625,350.989990234375,345.6700134277344,349.5,2285200
2018-08-06,333.5648193359375,346.57000732421875,347.3699951171875,343.1199951171875,347.3699951171875,3251100
2018-08-07,337.5976257324219,350.760009765625,352.1199951171875,345.5,348.04998779296875,2267400
2018-08-08,334.7294616699219,347.7799987792969,351.6199951171875,346.25,350.5,2333600
2018-08-09,332.4564514160156,343.7200012207031,346.8399963378906,343.1199951171875,346.07000732421875,2301800
2018-08-10,328.2876281738281,339.4100036621094,341.0,336.45001220703125,341.0,2745700
2018-08-13,327.2720642089844,338.3599853515625,342.1499938964844,337.3399963378906,339.6000061035156,1877200
2018-08-14,328.0265197753906,339.1400146484375,340.1499938964844,337.6199951171875,339.1199951171875,2017300
2018-08-15,320.8883972167969,331.760009765625,337.1400146484375,328.0299987792969,336.57000732421875,3798600
2018-08-16,334.6423645019531,345.9800109863281,347.7200012207031,338.29998779296875,339.05999755859375,5867900
2018-08-17,335.04864501953125,346.3999938964844,348.5,341.6700134277344,346.0,3069200
2018-08-20,339.2463684082031,350.739990234375,352.6099853515625,347.1000061035156,348.6000061035156,3018200
2018-08-21,342.17706298828125,353.7699890136719,354.45001220703125,349.6300048828125,351.0,2967200
2018-08-22,338.5596618652344,350.0299987792969,355.8699951171875,349.8399963378906,354.32000732421875,2682900
2018-08-23,336.09320068359375,347.4800109863281,350.2799987792969,345.4599914550781,349.1499938964844,1833400
2018-08-24,337.93096923828125,349.3800048828125,350.6300048828125,348.1000061035156,348.7699890136719,1954100
2018-08-27,342.1480712890625,353.739990234375,355.0,351.010009765625,352.1099853515625,2279500
2018-08-28,339.7009582519531,351.2099914550781,355.67999267578125,350.6099853515625,355.0,2475100
2018-08-29,338.7144470214844,350.19000244140625,352.3500061035156,349.2099914550781,352.260009765625,1850100
2018-08-30,335.5322265625,346.8999938964844,350.95001220703125,345.75,350.3500061035156,3257700
2018-08-31,331.5569152832031,342.7900085449219,345.8500061035156,341.5799865722656,345.04998779296875,3462700
2018-09-04,334.90350341796875,346.25,346.32000732421875,339.2799987792969,341.6000061035156,2699400
2018-09-05,335.31939697265625,346.67999267578125,347.25,343.1600036621094,345.7699890136719,2959000
2018-09-06,339.759033203125,351.2699890136719,353.3500061035156,346.5799865722656,347.54998779296875,3585900
2018-09-07,337.834228515625,349.2799987792969,350.010009765625,344.4599914550781,348.82000732421875,3921900
2018-09-10,330.6573486328125,341.8599853515625,350.75,341.67999267578125,349.489990234375,3065500
2018-09-11,333.9363098144531,345.25,346.6199951171875,337.30999755859375,339.010009765625,2731800
2018-09-12,341.82891845703125,353.4100036621094,355.0400085449219,344.6099853515625,345.0,4003800
2018-09-13,343.81170654296875,355.4599914550781,360.4200134277344,354.29998779296875,356.3599853515625,3166500
2018-09-14,348.0094909667969,359.79998779296875,362.260009765625,356.1000061035156,356.44000244140625,2835800
2018-09-17,344.29534912109375,355.9599914550781,361.29998779296875,354.5400085449219,359.2799987792969,2554500
2018-09-18,351.66558837890625,363.5799865722656,365.80999755859375,356.1000061035156,357.29998779296875,3003500
2018-09-19,353.2518615722656,365.2200012207031,371.2300109863281,363.19000244140625,363.5799865722656,4753400
2018-09-20,355.41845703125,367.4599914550781,371.7300109863281,365.6700134277344,368.739990234375,4011100
2018-09-21,360.03216552734375,372.2300109863281,372.57000732421875,366.04998779296875,369.3999938964844,7144000
2018-09-24,355.93109130859375,367.989990234375,371.8900146484375,367.3299865722656,371.0,2800200
2018-09-25,355.19598388671875,367.2300109863281,370.4599914550781,366.8800048828125,369.0799865722656,2969200
2018-09-26,353.0680847167969,365.0299987792969,368.55999755859375,364.32000732421875,367.5,2368600
2018-09-27,355.35076904296875,367.3900146484375,368.9700012207031,364.3999938964844,368.3999938964844,2355900
2018-09-28,359.71295166015625,371.8999938964844,374.2200012207031,366.2200012207031,368.6300048828125,3600500
2018-10-01,369.76251220703125,382.2900085449219,383.2099914550781,375.0,375.1600036621094,4755700
2018-10-02,373.70880126953125,386.3699951171875,388.6199951171875,379.7699890136719,380.8500061035156,4622600
2018-10-03,379.4444885253906,392.29998779296875,394.2799987792969,386.69000244140625,388.8999938964844,4794300
2018-10-04,377.21014404296875,389.989990234375,391.0899963378906,385.2900085449219,390.739990234375,3822300
2018-10-05,373.80548095703125,386.4700012207031,392.3900146484375,383.0299987792969,389.0,2899700
2018-10-08,373.12847900390625,385.7699890136719,386.7300109863281,377.3500061035156,383.8399963378906,3324000
2018-10-09,372.8092346191406,385.44000244140625,386.82000732421875,381.1400146484375,384.3699951171875,2862700
2018-10-10,355.42816162109375,367.4700012207031,383.79998779296875,367.0899963378906,382.9599914550781,6033100
2018-10-11,346.3748474121094,358.1099853515625,369.8500061035156,355.1000061035156,363.44000244140625,6266800
2018-10-12,348.309326171875,360.1099853515625,367.1199951171875,352.260009765625,366.010009765625,5509700
2018-10-15,347.11968994140625,358.8800048828125,362.54998779296875,355.5,359.4599914550781,2979800
2018-10-16,356.1825866699219,368.25,368.57000732421875,358.54998779296875,360.45001220703125,2822500
2018-10-17,353.5226745605469,365.5,368.5,362.70001220703125,368.0,2238200
2018-10-18,347.57421875,359.3500061035156,367.760009765625,356.760009765625,364.82000732421875,3254900
2018-10-19,344.5854797363281,356.260009765625,359.8699951171875,354.2099914550781,359.79998779296875,3491600
2018-10-22,344.314697265625,355.9800109863281,358.760009765625,352.4599914550781,357.8500061035156,2263500
2018-10-23,338.5789794921875,350.04998779296875,353.55999755859375,342.8299865722656,349.5,4389600
2018-10-24,343.0282287597656,354.6499938964844,364.6000061035156,351.69000244140625,361.5899963378906,8442600
2018-10-25,351.8493957519531,363.7699890136719,364.3900146484375,354.9700012207031,357.29998779296875,4003500
2018-10-26,347.496826171875,359.2699890136719,363.29998779296875,354.1199951171875,360.70001220703125,4073000
2018-10-29,324.5928039550781,335.5899963378906,361.7099914550781,328.6300048828125,360.54998779296875,7462000
2018-10-30,338.4435729980469,349.9100036621094,351.04998779296875,329.7699890136719,330.3500061035156,5774000
2018-10-31,343.2313537597656,354.8599853515625,363.4100036621094,352.510009765625,352.510009765625,4175600
2018-11-01,351.1723937988281,363.07000732421875,364.57000732421875,353.20001220703125,357.4700012207031,3760700
2018-11-02,346.02667236328125,357.75,371.5400085449219,356.760009765625,366.9700012207031,4029800
2018-11-05,350.1180419921875,361.9800109863281,363.2900085449219,356.4800109863281,359.760009765625,2253900
2018-11-06,354.4609069824219,366.4700012207031,368.44000244140625,362.1099853515625,362.4100036621094,2471900
2018-11-07,359.82904052734375,372.0199890136719,372.8500061035156,359.5,367.6400146484375,4015300
2018-11-08,360.2760314941406,370.7699890136719,373.70001220703125,365.54998779296875,369.3299865722656,2751800
2018-11-09,358.886474609375,369.3399963378906,371.0,366.1199951171875,367.8299865722656,2590300
2018-11-12,346.9249267578125,357.0299987792969,370.4800109863281,355.989990234375,370.2099914550781,3088700
2018-11-13,339.6177673339844,349.510009765625,355.3800048828125,342.0400085449219,349.54998779296875,4960000
2018-11-14,334.96331787109375,344.7200012207031,355.8500061035156,343.8900146484375,352.0899963378906,3445800
2018-11-15,331.9024658203125,341.57000732421875,347.9800109863281,336.510009765625,341.1199951171875,4863000
2018-11-16,326.4415283203125,335.95001220703125,340.19000244140625,331.1600036621094,339.0,4425200
2018-11-19,311.85638427734375,320.94000244140625,336.0400085449219,317.20001220703125,335.54998779296875,6782800
2018-11-20,308.70806884765625,317.70001220703125,322.17999267578125,296.6099853515625,302.1000061035156,6875900
2018-11-21,308.3388366699219,317.32000732421875,326.8900146484375,315.57000732421875,325.07000732421875,4401000
2018-11-23,303.4803771972656,312.32000732421875,317.0,311.8699951171875,315.0,1599400
2018-11-26,307.40594482421875,316.3599853515625,318.5899963378906,310.6600036621094,315.55999755859375,3362300
2018-11-27,309.02874755859375,318.0299987792969,318.55999755859375,310.9599914550781,315.2799987792969,2946400
2018-11-28,324.0609130859375,333.5,334.010009765625,321.7300109863281,325.7200012207031,6117600
2018-11-29,332.8644714355469,342.55999755859375,343.2300109863281,334.05999755859375,335.9700012207031,5331900
2018-11-30,336.94561767578125,346.760009765625,347.5799865722656,337.5,341.94000244140625,5374000
2018-12-03,349.7720031738281,359.9599914550781,369.0,356.3699951171875,364.30999755859375,6573400
2018-12-04,332.80615234375,342.5,358.32000732421875,341.739990234375,357.0,5199100
2018-12-06,322.50616455078125,331.8999938964844,333.6300048828125,317.29998779296875,329.989990234375,9297400
2018-12-07,314.0718688964844,323.2200012207031,337.6099853515625,321.3900146484375,332.3500061035156,4526300
2018-12-10,317.11328125,326.3500061035156,327.20001220703125,315.510009765625,321.2699890136719,4400500
2018-12-11,312.91552734375,322.0299987792969,334.489990234375,318.75,333.25,3566400
2018-12-12,317.4436340332031,326.69000244140625,331.8999938964844,324.6600036621094,327.3800048828125,3424800
2018-12-13,316.2581481933594,325.4700012207031,328.739990234375,324.1700134277344,328.3999938964844,2247700
2018-12-14,309.7283630371094,318.75,323.9100036621094,315.55999755859375,322.45001220703125,3298400
2018-12-17,307.1825256347656,316.1300048828125,327.2200012207031,314.44000244140625,316.9100036621094,4968400
2018-12-18,318.7748718261719,328.05999755859375,332.0899963378906,323.20001220703125,325.4599914550781,5881100
2018-12-19,310.5057067871094,319.54998779296875,333.4800109863281,316.1000061035156,329.3299865722656,4871500
2018-12-20,304.1896667480469,313.04998779296875,321.82000732421875,308.0,317.0,5368600
2018-12-21,295.9302673339844,304.54998779296875,314.9700012207031,304.010009765625,309.0899963378906,7641700
2018-12-24,285.8343505859375,294.1600036621094,303.0,294.1600036621094,300.6499938964844,3435300
2018-12-26,305.0447998046875,313.92999267578125,314.0899963378906,292.4700012207031,298.6099853515625,4843400
2018-12-27,308.1639404296875,317.1400146484375,317.1400146484375,302.239990234375,309.0400085449219,4341100
2018-12-28,307.4254455566406,316.3800048828125,321.5299987792969,315.1499938964844,319.739990234375,3725200
2018-12-31,313.37225341796875,322.5,323.6400146484375,318.75,320.5,3557700
2019-01-02,314.6451416015625,323.80999755859375,323.95001220703125,313.7099914550781,316.19000244140625,3292200
2019-01-03,302.1005554199219,310.8999938964844,319.739990234375,309.3999938964844,319.489990234375,5705600
2019-01-04,317.82257080078125,327.0799865722656,328.44000244140625,316.0799865722656,316.69000244140625,4448800
2019-01-07,318.82342529296875,328.1099853515625,330.69000244140625,323.3500061035156,330.5199890136719,4030300
2019-01-08,330.89190673828125,340.5299987792969,341.25,332.6499938964844,334.1099853515625,4736500
2019-01-09,334.0985107421875,343.8299865722656,347.20001220703125,340.8699951171875,342.9599914550781,4213900
2019-01-10,342.6300048828125,352.6099853515625,353.4700012207031,343.0,346.510009765625,5358100
2019-01-11,342.9117736816406,352.8999938964844,354.3599853515625,348.0899963378906,348.55999755859375,3158900
2019-01-14,340.44366455078125,350.3599853515625,352.80999755859375,347.010009765625,348.20001220703125,2476400
2019-01-15,342.2704772949219,352.239990234375,353.32000732421875,347.9800109863281,352.0,2940900
2019-01-16,342.0955810546875,352.05999755859375,355.0,351.55999755859375,352.5,2731100
2019-01-17,348.92657470703125,359.0899963378906,363.8299865722656,350.7300109863281,350.75,4270400
2019-01-18,354.4069519042969,364.7300109863281,367.32000732421875,361.32000732421875,363.8800048828125,4256500
2019-01-22,347.7702941894531,357.8999938964844,364.20001220703125,354.2300109863281,362.8599853515625,4336500
2019-01-23,348.4601745605469,358.6099853515625,362.20001220703125,353.6700134277344,361.9100036621094,2924900
2019-01-24,348.12982177734375,358.2699890136719,363.17999267578125,356.8999938964844,358.9100036621094,2801300
2019-01-25,353.8919982910156,364.20001220703125,366.94000244140625,360.3299865722656,362.489990234375,3185600
2019-01-28,352.69677734375,362.9700012207031,363.1700134277344,357.5,360.6499938964844,3128900
2019-01-29,354.5818786621094,364.9100036621094,367.7799987792969,362.4100036621094,363.07000732421875,3202700
2019-01-30,376.7463073730469,387.7200012207031,391.9700012207031,380.5,387.3999938964844,12705300
2019-01-31,374.7057189941406,385.6199951171875,388.989990234375,382.0799865722656,387.1600036621094,6878500
2019-02-01,376.4645080566406,387.42999267578125,392.79998779296875,384.7300109863281,386.1099853515625,5625700
2019-02-04,385.763671875,397.0,397.07000732421875,388.1199951171875,388.9700012207031,4256600
2019-02-05,398.5705871582031,410.17999267578125,410.75,399.54998779296875,400.75,7230400
2019-02-06,399.4742736816406,411.1099853515625,413.8800048828125,405.6600036621094,411.510009765625,5356000
2019-02-07,395.6802673339844,405.1700134277344,410.3500061035156,402.2900085449219,407.92999267578125,5211400
2019-02-08,395.4263610839844,404.9100036621094,404.9599914550781,397.79998779296875,400.0,4570900
2019-02-11,394.4888916015625,403.95001220703125,409.8299865722656,402.69000244140625,408.1000061035156,3046900
2019-02-12,401.1003112792969,410.7200012207031,411.2099914550781,405.3999938964844,407.0,3263300
2019-02-13,400.9635314941406,410.5799865722656,412.7200012207031,407.6700134277344,412.5199890136719,3078700
2019-02-14,400.22137451171875,409.82000732421875,412.2200012207031,407.79998779296875,408.92999267578125,2724300
2019-02-15,408.18048095703125,417.9700012207031,418.04998779296875,411.42999267578125,412.4800109863281,4017300
2019-02-19,406.51055908203125,416.260009765625,417.94000244140625,414.5400085449219,415.5,3051500
2019-02-20,411.6766357421875,421.54998779296875,421.8399963378906,417.1099853515625,417.1400146484375,3990100
2019-02-21,407.7995910644531,417.5799865722656,422.4100036621094,415.67999267578125,421.5799865722656,2880500
2019-02-22,414.11810302734375,424.04998779296875,424.4700012207031,419.1400146484375,419.70001220703125,3132300
2019-02-25,416.8720397949219,426.8699951171875,429.9200134277344,426.5199890136719,427.489990234375,3276100
2019-02-26,416.7743835449219,426.7699890136719,429.0,424.25,426.0,2503700
2019-02-27,425.2413024902344,435.44000244140625,436.3299865722656,427.1499938964844,427.1700134277344,4603800
2019-02-28,429.6554260253906,439.9599914550781,441.4200134277344,437.0799865722656,438.70001220703125,5063100
2019-03-01,430.29998779296875,440.6199951171875,446.010009765625,440.19000244140625,446.010009765625,5124200
2019-03-04,422.5556945800781,432.69000244140625,444.5,426.6300048828125,443.2200012207031,5971000
2019-03-05,420.0458984375,430.1199951171875,433.8500061035156,428.6400146484375,431.0400085449219,2844300
2019-03-06,414.51849365234375,424.4599914550781,432.0,422.0799865722656,429.70001220703125,4159400
2019-03-07,412.6629943847656,422.55999755859375,434.3500061035156,416.44000244140625,423.3599853515625,4893600
2019-03-08,412.6434631347656,422.5400085449219,423.42999267578125,415.5,416.7699890136719,3794900
2019-03-11,390.64117431640625,400.010009765625,402.6700134277344,365.54998779296875,371.2699890136719,34742200
2019-03-12,366.6173095703125,375.4100036621094,390.0,368.0,384.7099914550781,36922600
2019-03-13,368.3067932128906,377.1400146484375,381.7699890136719,363.3299865722656,378.42999267578125,32662300
2019-03-14,364.5567321777344,373.29998779296875,380.3900146484375,372.1000061035156,374.989990234375,13514100
2019-03-15,370.11346435546875,378.989990234375,385.7099914550781,366.45001220703125,370.8800048828125,26697700
2019-03-18,363.56060791015625,372.2799987792969,373.07000732421875,367.20001220703125,370.0,13119200
2019-03-19,364.68365478515625,373.42999267578125,378.7699890136719,371.010009765625,371.1400146484375,9856100
2019-03-20,367.3497314453125,376.1600036621094,380.79998779296875,373.67999267578125,374.70001220703125,8737600
2019-03-21,363.97076416015625,372.70001220703125,377.0,372.2300109863281,374.0400085449219,6951000
2019-03-22,353.6874084472656,362.1700134277344,369.8599853515625,361.5299987792969,368.7900085449219,10143900
2019-03-25,361.7832336425781,370.4599914550781,371.2099914550781,362.8900146484375,365.0,7939600
2019-03-26,361.7051086425781,370.3800048828125,375.6000061035156,367.6000061035156,375.5799865722656,6479700
2019-03-27,365.4454345703125,374.2099914550781,376.6600036621094,365.54998779296875,371.8900146484375,9600000
2019-03-28,365.6700134277344,374.44000244140625,376.6600036621094,372.3299865722656,376.6000061035156,4921300
2019-03-29,372.486572265625,381.4200134277344,382.17999267578125,374.739990234375,376.5199890136719,7694700
2019-04-01,382.3695068359375,391.5400085449219,392.8999938964844,383.1000061035156,385.79998779296875,7735700
2019-04-02,381.5980224609375,390.75,394.8299865722656,388.5,388.5,6401000
2019-04-03,375.728759765625,384.739990234375,391.5400085449219,384.07000732421875,389.67999267578125,7350300
2019-04-04,386.58831787109375,395.8599853515625,397.05999755859375,385.1000061035156,385.989990234375,9388100
2019-04-05,382.7503967285156,391.92999267578125,398.6600036621094,390.95001220703125,398.07000732421875,6857200
2019-04-08,365.7481384277344,374.5199890136719,379.79998779296875,371.8599853515625,376.20001220703125,14482600
2019-04-09,360.3965148925781,369.0400085449219,372.239990234375,367.75,370.2900085449219,7980100
2019-04-10,356.39251708984375,364.94000244140625,368.7900085449219,362.9200134277344,368.3999938964844,8285000
2019-04-11,361.4902648925781,370.1600036621094,371.0799865722656,364.2099914550781,364.6199951171875,6598400
2019-04-12,370.74822998046875,379.6400146484375,379.95001220703125,372.0,375.75,7334600
2019-04-15,366.6661376953125,375.4599914550781,377.8999938964844,373.67999267578125,376.70001220703125,3822100
2019-04-16,372.779541015625,381.7200012207031,384.6400146484375,375.0299987792969,376.510009765625,7083800
2019-04-17,368.6778869628906,377.5199890136719,384.19000244140625,377.4800109863281,384.1000061035156,4424400
2019-04-18,371.1681823730469,380.07000732421875,382.1700134277344,377.5199890136719,377.5199890136719,4703100
2019-04-22,366.3829345703125,375.1700134277344,378.95001220703125,374.8999938964844,375.69000244140625,4147700
2019-04-23,365.25982666015625,374.0199890136719,376.8699951171875,372.6099853515625,375.5400085449219,4894500
2019-04-24,366.6661376953125,375.4599914550781,381.1499938964844,373.6600036621094,377.8900146484375,9855100
2019-04-25,373.8341979980469,382.79998779296875,384.79998779296875,372.760009765625,376.010009765625,6615000
2019-04-26,371.8713073730469,380.7900085449219,384.0,378.1400146484375,383.8900146484375,4259600
2019-04-29,370.1720275878906,379.04998779296875,385.29998779296875,376.760009765625,378.489990234375,5457300
2019-04-30,368.8439025878906,377.69000244140625,381.1400146484375,375.04998779296875,379.5,3732800
2019-05-01,367.9747314453125,376.79998779296875,381.20001220703125,376.3800048828125,378.5299987792969,2765600
2019-05-02,366.9981689453125,375.79998779296875,377.6499938964844,373.25,375.5,2438800
2019-05-03,367.6426696777344,376.4599914550781,377.8999938964844,374.2200012207031,376.0799865722656,2953800
2019-05-06,362.89654541015625,371.6000061035156,372.4800109863281,365.6300048828125,367.8800048828125,4747600
2019-05-07,348.86309814453125,357.2300109863281,367.7099914550781,355.0199890136719,366.3299865722656,9740300
2019-05-08,351.3240966796875,359.75,361.5199890136719,353.3299865722656,357.7699890136719,6030000
2019-05-09,347.8226013183594,354.1300048828125,355.6499938964844,347.4700012207031,354.760009765625,6075200
2019-05-10,348.35296630859375,354.6700134277344,355.5400085449219,347.54998779296875,351.8699951171875,4574100
2019-05-13,331.361083984375,337.3699951171875,346.6300048828125,337.0,344.510009765625,7757800
2019-05-14,336.93011474609375,343.0400085449219,346.1000061035156,337.2300109863281,339.8999938964844,4747800
2019-05-15,339.4837951660156,345.6400146484375,348.79998779296875,337.6400146484375,339.79998779296875,4810000
2019-05-16,347.5082702636719,353.80999755859375,356.5,345.82000732421875,348.6400146484375,6036500
2019-05-17,348.6966857910156,355.0199890136719,359.989990234375,351.1600036621094,351.5,5282900
2019-05-20,346.5064392089844,352.7900085449219,355.94000244140625,350.5299987792969,353.0,3219900
2019-05-21,352.36029052734375,358.75,360.7699890136719,354.8800048828125,358.0299987792969,4022600
2019-05-22,346.4966125488281,352.7799987792969,357.57000732421875,351.75,357.2200012207031,3841400
2019-05-23,344.3063049316406,350.54998779296875,351.4700012207031,341.1499938964844,345.9200134277344,5305400
2019-05-24,348.578857421875,354.8999938964844,361.3999938964844,353.0,355.0,5387500
2019-05-28,348.5592346191406,354.8800048828125,359.30999755859375,354.8800048828125,355.2900085449219,3504300
2019-05-29,342.5874938964844,348.79998779296875,352.7900085449219,346.04998779296875,352.5899963378906,4160500
2019-05-30,343.6384582519531,349.8699951171875,351.9200134277344,347.94000244140625,350.0,2183900
2019-05-31,335.5255432128906,341.6099853515625,345.8500061035156,341.3599853515625,345.8500061035156,3217600
2019-06-03,332.8540344238281,338.8900146484375,339.1099853515625,330.6700134277344,338.20001220703125,5148000
2019-06-04,338.48193359375,344.6199951171875,346.4100036621094,340.1199951171875,342.57000732421875,3592300
2019-06-05,342.53839111328125,348.75,353.25,332.489990234375,346.2200012207031,3188400
2019-06-06,344.3947448730469,350.6400146484375,351.6400146484375,345.5799865722656,348.17999267578125,2582300
2019-06-07,347.4002380371094,353.70001220703125,355.2799987792969,352.29998779296875,352.29998779296875,2470700
2019-06-10,347.4984436035156,353.79998779296875,357.3999938964844,353.54998779296875,356.0,2560800
2019-06-11,343.1080627441406,349.3299865722656,355.4700012207031,348.1300048828125,355.4200134277344,2702700
2019-06-12,340.8490295410156,347.0299987792969,349.2699890136719,342.79998779296875,349.0,2738300
2019-06-13,342.64642333984375,348.8599853515625,349.05999755859375,344.1000061035156,347.25,2621300
2019-06-14,340.9767150878906,347.1600036621094,349.1700134277344,345.8900146484375,348.0,2258400
2019-06-17,348.578857421875,354.8999938964844,356.04998779296875,347.04998779296875,348.6199951171875,3746400
2019-06-18,367.2993469238281,373.9599914550781,374.6499938964844,357.6000061035156,357.6099853515625,9199200
2019-06-19,361.99554443359375,368.55999755859375,379.30999755859375,368.3500061035156,375.3999938964844,5716000
2019-06-20,368.2029724121094,374.8800048828125,375.7900085449219,368.9599914550781,373.0,3794500
2019-06-21,365.21710205078125,371.8399963378906,376.1099853515625,371.7200012207031,374.3900146484375,4923700
2019-06-24,367.3288269042969,373.989990234375,375.489990234375,372.1000061035156,372.95001220703125,2323200
2019-06-25,362.7420349121094,369.32000732421875,375.25,368.0299987792969,374.75,3005400
2019-06-26,368.2619323730469,374.94000244140625,378.9800109863281,370.0,371.0199890136719,4542000
2019-06-27,357.5364074707031,364.0199890136719,369.92999267578125,362.3500061035156,367.5400085449219,8980000
2019-06-28,357.526611328125,364.010009765625,366.2300109863281,361.57000732421875,363.9200134277344,4737100
2019-07-01,350.1110534667969,356.4599914550781,365.2300109863281,353.32000732421875,364.8800048828125,6392600
2019-07-02,347.85205078125,354.1600036621094,356.7799987792969,352.69000244140625,355.6300048828125,3774700
2019-07-03,348.1565246582031,354.4700012207031,354.8500061035156,352.260009765625,354.5,2164900
2019-07-05,349.521728515625,355.8599853515625,357.25,351.42999267578125,354.0,3208200
2019-07-08,344.8661804199219,351.1199951171875,352.9599914550781,349.3999938964844,350.4100036621094,3262300
2019-07-09,346.80108642578125,353.0899963378906,353.8500061035156,347.8999938964844,349.04998779296875,4828200
2019-07-10,346.025146484375,352.29998779296875,356.5199890136719,351.25,354.489990234375,2946700
2019-07-11,352.6058044433594,359.0,359.260009765625,350.70001220703125,352.6199951171875,5059200
2019-07-12,358.82305908203125,365.3299865722656,365.45001220703125,358.1400146484375,360.0,3592800
2019-07-15,355.1693115234375,361.6099853515625,362.8500061035156,359.0199890136719,360.5,4814600
2019-07-16,356.2890319824219,362.75,365.3500061035156,361.20001220703125,361.260009765625,2960400
2019-07-17,362.9384765625,369.5199890136719,369.75,362.0,362.75,4010000
2019-07-18,354.6782531738281,361.1099853515625,368.45001220703125,359.75,367.6000061035156,4582800
2019-07-19,370.6388244628906,377.3599853515625,378.3999938964844,368.5,370.6700134277344,9504000
2019-07-22,366.7690124511719,373.4200134277344,382.4800109863281,371.8900146484375,376.94000244140625,4265100
2019-07-23,366.42523193359375,373.07000732421875,376.42999267578125,370.67999267578125,374.2699890136719,3354900
2019-07-24,354.9925537109375,361.42999267578125,371.3599853515625,360.0299987792969,370.2799987792969,7447900
2019-07-25,341.89013671875,348.0899963378906,357.69000244140625,345.7099914550781,356.17999267578125,9663700
2019-07-26,338.8551940917969,345.0,348.42999267578125,342.0,346.20001220703125,4441100
2019-07-29,334.1505126953125,340.2099914550781,346.0799865722656,339.1099853515625,344.989990234375,4116600
2019-07-30,341.2713623046875,347.4599914550781,347.489990234375,336.55999755859375,339.8399963378906,4528000
2019-07-31,335.1031799316406,341.17999267578125,351.2900085449219,341.04998779296875,348.489990234375,5219700
2019-08-01,328.3359680175781,334.2900085449219,344.2900085449219,333.0,341.9100036621094,6465300
2019-08-02,333.5120849609375,339.55999755859375,340.5400085449219,332.32000732421875,334.55999755859375,4675400
2019-08-05,325.1634521484375,331.05999755859375,333.3699951171875,326.9599914550781,332.4599914550781,5876100
2019-08-06,326.5287170410156,332.45001220703125,335.70001220703125,329.1400146484375,333.989990234375,3653300
2019-08-07,325.477783203125,331.3800048828125,333.6499938964844,324.57000732421875,328.6000061035156,4187600
2019-08-08,332.4206848144531,336.3500061035156,336.42999267578125,328.8599853515625,331.29998779296875,3673000
2019-08-09,333.6066589355469,337.54998779296875,339.0799865722656,333.1700134277344,334.05999755859375,3102900
2019-08-12,329.050537109375,332.94000244140625,336.010009765625,331.3699951171875,333.67999267578125,2683400
2019-08-13,328.9714660644531,332.8599853515625,337.3999938964844,330.5,331.82000732421875,3689700
2019-08-14,316.67681884765625,320.4200134277344,329.5400085449219,320.4100036621094,328.3500061035156,5110400
2019-08-15,324.1682434082031,328.0,328.07000732421875,319.54998779296875,323.0,4721800
2019-08-16,326.5896301269531,330.45001220703125,331.1600036621094,326.4800109863281,330.2200012207031,3866600
2019-08-19,329.8807373046875,333.7799987792969,335.9100036621094,331.3999938964844,334.17999267578125,2335600
2019-08-20,327.87445068359375,331.75,333.5,328.8800048828125,332.4700012207031,2039000
2019-08-21,336.0181579589844,339.989990234375,342.5799865722656,333.2099914550781,335.4800109863281,3265600
2019-08-22,350.2697448730469,354.4100036621094,356.44000244140625,341.010009765625,342.42999267578125,8320900
2019-08-23,351.8510437011719,356.010009765625,369.69000244140625,354.3500061035156,355.3500061035156,11518700
2019-08-26,354.84564208984375,359.0400085449219,367.3399963378906,356.8900146484375,365.0400085449219,4661100
2019-08-27,350.58599853515625,354.7300109863281,361.30999755859375,353.6199951171875,359.4200134277344,3740300
2019-08-28,355.7647705078125,359.9700012207031,360.19000244140625,351.17999267578125,353.30999755859375,2402000
2019-08-29,358.50238037109375,362.739990234375,366.0400085449219,360.1700134277344,363.8500061035156,2717500
2019-08-30,359.8366394042969,364.0899963378906,366.3699951171875,362.3999938964844,364.3699951171875,3147000
2019-09-03,350.2796325683594,354.4200134277344,355.32000732421875,350.6099853515625,354.1099853515625,4272200
2019-09-04,352.3649597167969,356.5299987792969,358.0299987792969,354.42999267578125,357.67999267578125,2737100
2019-09-05,356.0909118652344,360.29998779296875,364.7099914550781,359.1300048828125,360.1400146484375,3643300
2019-09-06,358.7593688964844,363.0,364.9100036621094,359.1199951171875,361.6099853515625,3022600
2019-09-09,354.5886535644531,358.7799987792969,360.92999267578125,354.7300109863281,357.9800109863281,4183300
2019-09-10,365.1735534667969,369.489990234375,369.489990234375,358.54998779296875,359.0,4547200
2019-09-11,378.4664306640625,382.94000244140625,383.5,368.0,368.739990234375,8437000
2019-09-12,371.2418518066406,375.6300048828125,384.0,374.30999755859375,383.7099914550781,4495300
2019-09-13,375.3235778808594,379.760009765625,381.75,377.04998779296875,377.3900146484375,3628900
2019-09-16,374.4241943359375,378.8500061035156,381.6300048828125,375.0,378.1400146484375,3055500
2019-09-17,379.71173095703125,384.20001220703125,385.30999755859375,377.79998779296875,378.4100036621094,3269500
2019-09-18,381.8959045410156,386.4100036621094,386.739990234375,379.79998779296875,383.25,4186400
2019-09-19,379.94891357421875,384.44000244140625,388.5199890136719,382.8999938964844,386.1400146484375,2928800
2019-09-20,374.9579162597656,379.3900146484375,384.7300109863281,377.9200134277344,384.1099853515625,6643000
2019-09-23,372.6254577636719,377.0299987792969,380.1000061035156,374.4200134277344,376.6099853515625,2674900
2019-09-24,377.1914978027344,381.6499938964844,381.8900146484375,375.30999755859375,379.5400085449219,3533300
2019-09-25,381.6883544921875,386.20001220703125,391.0,383.1000061035156,384.9100036621094,4705500
2019-09-26,382.37030029296875,386.8900146484375,388.2300109863281,383.3299865722656,387.1000061035156,2520400
2019-09-27,378.3873596191406,382.8599853515625,389.69000244140625,381.30999755859375,388.19000244140625,2730800
2019-09-30,376.0252685546875,380.4700012207031,383.7699890136719,376.69000244140625,383.0,3183300
2019-10-01,370.5599060058594,374.94000244140625,382.8500061035156,374.6300048828125,381.70001220703125,2943800
2019-10-02,363.06842041015625,367.3599853515625,372.989990234375,363.7699890136719,371.8500061035156,3698300
2019-10-03,367.7234191894531,372.07000732421875,372.25,363.2300109863281,366.2099914550781,2623900
2019-10-04,371.3110046386719,375.70001220703125,376.1300048828125,371.7200012207031,372.25,2008400
2019-10-07,372.1412048339844,376.5400085449219,378.1499938964844,373.05999755859375,374.05999755859375,1931800
2019-10-08,369.7297058105469,374.1000061035156,377.3399963378906,368.6400146484375,371.04998779296875,4030200
2019-10-09,370.57965087890625,374.9599914550781,377.8599853515625,373.5,376.0,2774100
2019-10-10,366.6659240722656,371.0,374.5400085449219,370.3299865722656,373.70001220703125,2723700
2019-10-11,370.5401611328125,374.9200134277344,376.94000244140625,370.0799865722656,373.0,3935400
2019-10-14,368.8204345703125,373.17999267578125,378.70001220703125,372.67999267578125,374.25,2124500
2019-10-15,366.6263732910156,370.9599914550781,373.5299987792969,370.5299987792969,372.5799865722656,2836600
2019-10-16,368.0791931152344,372.42999267578125,377.4200134277344,369.239990234375,370.2200012207031,3657100
2019-10-17,364.74859619140625,369.05999755859375,373.79998779296875,369.05999755859375,372.4200134277344,2397100
2019-10-18,339.9813232421875,344.0,369.3500061035156,344.0,369.0,13544300
2019-10-21,327.1925048828125,331.05999755859375,334.239990234375,324.3999938964844,332.8900146484375,15493100
2019-10-22,333.0631103515625,337.0,341.4800109863281,334.4599914550781,336.07000732421875,7949700
2019-10-23,336.522216796875,340.5,350.79998779296875,336.5,345.0,10960800
2019-10-24,340.5248718261719,344.54998779296875,345.739990234375,337.7699890136719,341.70001220703125,5382700
2019-10-25,335.86004638671875,339.8299865722656,343.3699951171875,338.8999938964844,342.9200134277344,4058000
2019-10-28,336.89776611328125,340.8800048828125,344.9800109863281,339.489990234375,341.5,3234500
2019-10-29,344.8537292480469,348.92999267578125,349.7200012207031,339.2200012207031,340.19000244140625,6113600
2019-10-30,342.0172424316406,346.05999755859375,350.0,343.2699890136719,346.6300048828125,3997600
2019-10-31,335.9391174316406,339.9100036621094,346.05999755859375,339.45001220703125,344.70001220703125,3868400
2019-11-01,341.1574401855469,345.19000244140625,345.19000244140625,339.5,340.5899963378906,3538200
2019-11-04,346.9884948730469,351.0899963378906,351.45001220703125,346.04998779296875,346.4599914550781,3703000
2019-11-05,354.1044006347656,358.2900085449219,361.6099853515625,353.19000244140625,355.2300109863281,5468900
2019-11-06,350.05230712890625,354.19000244140625,359.3999938964844,353.1300048828125,358.8599853515625,3815700
2019-11-07,355.1966857910156,357.30999755859375,359.3999938964844,355.04998779296875,356.1199951171875,2834500
2019-11-08,348.92401123046875,351.0,357.0,350.54998779296875,356.3999938964844,3218200
2019-11-11,364.78961181640625,366.9599914550781,369.75,345.55999755859375,349.0400085449219,11483400
2019-11-12,360.7337341308594,362.8800048828125,367.1099853515625,360.010009765625,366.489990234375,5769700
2019-11-13,360.3559875488281,362.5,366.6199951171875,361.1199951171875,361.8699951171875,3453700
2019-11-14,365.26678466796875,367.44000244140625,368.4800109863281,361.4800109863281,363.1000061035156,5339600
2019-11-15,369.481689453125,371.67999267578125,373.4800109863281,369.29998779296875,370.0,5493100
2019-11-18,367.2748107910156,369.4599914550781,375.6000061035156,367.8999938964844,371.6700134277344,3823800
2019-11-19,364.8293762207031,367.0,374.8299865722656,361.6099853515625,373.510009765625,6670200
2019-11-20,368.71624755859375,370.9100036621094,370.989990234375,365.75,366.0,3774800
2019-11-21,364.2726745605469,366.44000244140625,370.760009765625,366.260009765625,369.75,2703800
2019-11-22,369.1437072753906,371.3399963378906,373.54998779296875,366.6099853515625,368.2699890136719,3915700
2019-11-25,370.9231262207031,373.1300048828125,374.29998779296875,369.20001220703125,372.5199890136719,3324400
2019-11-26,371.3008728027344,373.510009765625,374.7699890136719,371.3599853515625,373.6600036621094,2859000
2019-11-27,365.8234558105469,368.0,371.8299865722656,366.79998779296875,369.9599914550781,4145000
2019-11-29,364.01422119140625,366.17999267578125,368.29998779296875,366.17999267578125,367.5,1390900
2019-12-02,353.07928466796875,355.17999267578125,367.3800048828125,355.1600036621094,367.0799865722656,4794500
2019-12-03,349.99761962890625,352.0799865722656,355.55999755859375,347.6099853515625,352.0899963378906,4683500
2019-12-04,346.7767639160156,348.8399963378906,355.2900085449219,348.82000732421875,354.70001220703125,3014200
2019-12-05,343.6354675292969,345.67999267578125,350.4200134277344,345.5899963378906,350.2200012207031,4719600
2019-12-06,351.9957275390625,354.0899963378906,354.3999938964844,347.1099853515625,347.739990234375,2856100
2019-12-09,349.13275146484375,351.2099914550781,353.6000061035156,349.57000732421875,352.6700134277344,2844600
2019-12-10,345.84234619140625,347.8999938964844,351.3999938964844,347.45001220703125,350.1499938964844,2920900
2019-12-11,347.929931640625,350.0,350.0299987792969,338.5,342.1000061035156,7369100
2019-12-12,344.24188232421875,346.2900085449219,351.07000732421875,341.0,348.25,5970000
2019-12-13,339.6492004394531,341.6700134277344,349.30999755859375,341.1000061035156,346.29998779296875,4526300
2019-12-16,325.0659484863281,327.0,336.2300109863281,326.42999267578125,328.5299987792969,16488200
2019-12-17,325.0659484863281,327.0,330.95001220703125,320.6099853515625,322.05999755859375,13526400
2019-12-18,328.72418212890625,330.67999267578125,335.25,328.1400146484375,328.7200012207031,7029300
2019-12-19,331.5274963378906,333.5,334.80999755859375,330.9800109863281,332.8999938964844,5492600
2019-12-20,326.0600280761719,328.0,335.5,328.0,334.6199951171875,9489400
2019-12-23,335.5535583496094,337.54998779296875,340.5899963378906,334.20001220703125,336.75,9534800
2019-12-24,331.03045654296875,333.0,339.75,332.6199951171875,339.510009765625,4120100
2019-12-26,327.96868896484375,329.9200134277344,333.3599853515625,329.29998779296875,332.70001220703125,4593400
2019-12-27,328.1874084472656,330.1400146484375,333.6499938964844,329.1700134277344,330.20001220703125,4124000
2019-12-30,324.4695129394531,326.3999938964844,330.6300048828125,325.7099914550781,330.5,4525500
2019-12-31,323.83331298828125,325.760009765625,326.57000732421875,323.32000732421875,325.4100036621094,4958800
2020-01-02,331.34857177734375,333.32000732421875,333.3500061035156,327.70001220703125,328.54998779296875,4544400
2020-01-03,330.7919006347656,332.760009765625,334.8900146484375,330.29998779296875,330.6300048828125,3875900
2020-01-06,331.7660827636719,333.739990234375,334.8599853515625,327.8800048828125,329.29998779296875,5355000
2020-01-07,335.28515625,337.2799987792969,344.19000244140625,330.7099914550781,334.260009765625,9898600
2020-01-08,329.41009521484375,331.3699951171875,334.0299987792969,329.6000061035156,332.3999938964844,8239200
2020-01-09,334.3507080078125,336.3399963378906,341.7300109863281,332.04998779296875,334.95001220703125,8175600
2020-01-10,327.96868896484375,329.9200134277344,337.70001220703125,329.45001220703125,335.55999755859375,7161700
2020-01-13,328.26690673828125,330.2200012207031,334.1000061035156,330.0799865722656,332.3999938964844,5648500
2020-01-14,330.3843078613281,332.3500061035156,335.3500061035156,328.2799987792969,330.760009765625,6945300
2020-01-15,327.8493957519531,329.79998779296875,333.1099853515625,329.69000244140625,332.3500061035156,4578300
2020-01-16,330.036376953125,332.0,332.8699951171875,329.30999755859375,331.04998779296875,4024100
2020-01-17,322.2328186035156,324.1499938964844,332.5,323.0,332.3900146484375,11061700
2020-01-21,311.5165710449219,313.3699951171875,326.6000061035156,305.75,322.6000061035156,19318000
2020-01-22,307.17242431640625,309.0,312.8399963378906,302.7200012207031,309.82000732421875,18792600
2020-01-23,315.9104309082031,317.7900085449219,318.1700134277344,307.70001220703125,308.5,9702100
2020-01-24,321.1393127441406,323.04998779296875,326.20001220703125,312.510009765625,322.0,17798200
2020-01-27,314.72747802734375,316.6000061035156,321.260009765625,314.5799865722656,316.2099914550781,7468100
2020-01-28,314.6877136230469,316.55999755859375,319.3599853515625,314.0,318.04998779296875,5502200
2020-01-29,320.1153869628906,322.0199890136719,327.17999267578125,319.1400146484375,324.3500061035156,12454700
2020-01-30,321.3878173828125,323.29998779296875,325.3500061035156,317.6400146484375,320.5,6022000
2020-01-31,316.3875732421875,318.2699890136719,321.92999267578125,316.989990234375,321.75,4999600
2020-02-03,314.1310119628906,316.0,320.739990234375,314.8800048828125,318.75,4841800
2020-02-04,316.0595397949219,317.94000244140625,319.4800109863281,315.0299987792969,318.2799987792969,3779800
2020-02-05,327.6008605957031,329.54998779296875,329.67999267578125,319.2300109863281,320.5,6071800
2020-02-06,339.4106140136719,341.42999267578125,343.44000244140625,325.6600036621094,330.9100036621094,12845500
2020-02-07,334.75830078125,336.75,340.739990234375,335.69000244140625,340.3699951171875,5337800
2020-02-10,342.6314697265625,344.6700134277344,345.94000244140625,336.32000732421875,337.2200012207031,5876400
2020-02-11,342.3829345703125,344.4200134277344,348.07000732421875,342.1000061035156,347.6400146484375,5311500
2020-02-12,345.39501953125,347.45001220703125,349.95001220703125,345.8500061035156,346.4200134277344,4421500
2020-02-13,342.82000732421875,342.82000732421875,347.8900146484375,342.6300048828125,344.32000732421875,3783100
2020-02-14,340.489990234375,340.489990234375,344.5,338.0,342.29998779296875,4199800
2020-02-18,338.8800048828125,338.8800048828125,339.989990234375,336.1000061035156,338.7699890136719,2904600
2020-02-19,338.29998779296875,338.29998779296875,341.4700012207031,335.8599853515625,338.1199951171875,4935700
2020-02-20,336.2799987792969,336.2799987792969,341.239990234375,335.3900146484375,338.2900085449219,2807500
2020-02-21,330.3800048828125,330.3800048828125,334.6600036621094,330.2300109863281,334.04998779296875,3709900
2020-02-24,317.8999938964844,317.8999938964844,321.739990234375,316.3299865722656,320.0,6073200
2020-02-25,304.1400146484375,304.1400146484375,320.6400146484375,303.6300048828125,318.260009765625,8052500
2020-02-26,305.5899963378906,305.5899963378906,315.2200012207031,304.05999755859375,307.0,6987300
2020-02-27,287.760009765625,287.760009765625,301.0,284.2900085449219,300.3699951171875,10982400
2020-02-28,275.1099853515625,275.1099853515625,282.8599853515625,269.6000061035156,278.07000732421875,15364300
2020-03-02,289.2699890136719,289.2699890136719,291.7099914550781,274.2900085449219,279.5400085449219,11012300
2020-03-03,280.6199951171875,280.6199951171875,297.44000244140625,278.0799865722656,292.0,7499300
2020-03-04,283.1199951171875,283.1199951171875,285.9100036621094,277.010009765625,284.54998779296875,6986100
2020-03-05,260.3699951171875,260.3699951171875,276.30999755859375,259.6499938964844,275.7900085449219,14669100
2020-03-06,262.3299865722656,262.3299865722656,264.2900085449219,249.8000030517578,253.6999969482422,12861800
2020-03-09,227.1699981689453,227.1699981689453,241.47999572753906,224.3699951171875,238.0,11585500
2020-03-10,231.00999450683594,231.00999450683594,237.8300018310547,215.0,237.0,13059600
2020-03-11,189.0800018310547,189.0800018310547,226.99000549316406,187.0,222.99000549316406,28503500
2020-03-12,154.83999633789062,154.83999633789062,189.85000610351562,154.80999755859375,160.52999877929688,31734400
2020-03-13,170.1999969482422,170.1999969482422,178.27999877929688,161.3800048828125,174.97000122070312,21168500
2020-03-16,129.61000061035156,129.61000061035156,151.0,128.75999450683594,149.4199981689453,26844400
2020-03-17,124.13999938964844,124.13999938964844,134.9600067138672,101.25,132.50999450683594,54492200
2020-03-18,101.88999938964844,101.88999938964844,107.8499984741211,89.0,99.86000061035156,61943200
2020-03-19,97.70999908447266,97.70999908447266,103.56999969482422,90.3499984741211,98.80000305175781,40210600
2020-03-20,95.01000213623047,95.01000213623047,107.0,94.27999877929688,99.8499984741211,41370700
2020-03-23,105.62000274658203,105.62000274658203,114.48999786376953,93.55999755859375,98.75,46140100
2020-03-24,127.68000030517578,127.68000030517578,127.95999908447266,116.12999725341797,123.68000030517578,43683100
2020-03-25,158.72999572753906,158.72999572753906,174.77000427246094,141.0,154.89999389648438,77826000
2020-03-26,180.5500030517578,180.5500030517578,186.47999572753906,167.17999267578125,172.2899932861328,63267300
2020-03-27,162.0,162.0,172.9199981689453,155.5399932861328,172.0,47880200
2020-03-30,152.27999877929688,152.27999877929688,153.80999755859375,140.67999267578125,153.80999755859375,51052500
2020-03-31,149.13999938964844,149.13999938964844,160.63999938964844,149.0,155.0,29954000
2020-04-01,130.6999969482422,130.6999969482422,144.3800048828125,130.0,138.91000366210938,41899700
2020-04-02,123.2699966430664,123.2699966430664,136.67999267578125,120.0199966430664,128.50999450683594,42372400
2020-04-03,124.5199966430664,124.5199966430664,131.2899932861328,122.5,125.0,37347400
2020-04-06,148.77000427246094,148.77000427246094,149.69000244140625,129.2100067138672,133.6999969482422,51085500
2020-04-07,141.5800018310547,141.5800018310547,164.8000030517578,140.25999450683594,162.0,56699100
2020-04-08,146.8699951171875,146.8699951171875,154.0,144.5500030517578,147.50999450683594,41351000
2020-04-09,151.83999633789062,151.83999633789062,157.97999572753906,150.08999633789062,154.7100067138672,37874200
2020-04-13,147.3300018310547,147.3300018310547,156.0,146.25999450683594,155.5,26034100
2020-04-14,141.0,141.0,152.39999389648438,140.0,150.50999450683594,33970500
2020-04-15,145.97999572753906,145.97999572753906,148.69000244140625,132.89999389648438,139.0,39297600
2020-04-16,134.24000549316406,134.24000549316406,143.24000549316406,134.0,141.4600067138672,41364800
2020-04-17,154.0,154.0,154.0,145.0,149.41000366210938,52389400
2020-04-20,143.61000061035156,143.61000061035156,151.6300048828125,142.5,147.2100067138672,34983800
2020-04-21,136.3300018310547,136.3300018310547,141.89999389648438,135.4499969482422,139.00999450683594,27043800
2020-04-22,134.97000122070312,134.97000122070312,140.82000732421875,134.52000427246094,140.4199981689453,22734500
2020-04-23,137.74000549316406,137.74000549316406,142.3800048828125,136.0500030517578,136.5,25936400
2020-04-24,128.97999572753906,128.97999572753906,137.57000732421875,128.3300018310547,137.0,35884700
2020-04-27,128.67999267578125,128.67999267578125,131.1999969482422,123.83000183105469,129.97000122070312,34563000
2020-04-28,131.3000030517578,131.3000030517578,137.1999969482422,127.73999786376953,133.8800048828125,37806900
2020-04-29,139.0,139.0,147.17999267578125,135.25,138.0800018310547,60454400
2020-04-30,141.02000427246094,141.02000427246094,144.64999389648438,132.30999755859375,137.6699981689453,37876600
2020-05-01,133.3699951171875,133.3699951171875,143.7100067138672,132.83999633789062,143.22999572753906,36613100
2020-05-04,131.4600067138672,131.4600067138672,131.5,124.3499984741211,127.12000274658203,30708900
2020-05-05,125.4000015258789,125.4000015258789,133.8000030517578,125.0,132.8800048828125,30621000
2020-05-06,121.86000061035156,121.86000061035156,126.86000061035156,121.37000274658203,125.80000305175781,29627700
2020-05-07,128.64999389648438,128.64999389648438,130.7100067138672,122.36000061035156,122.80999755859375,29525000
2020-05-08,133.44000244140625,133.44000244140625,135.5500030517578,131.55999755859375,132.57000732421875,22695700
2020-05-11,128.91000366210938,128.91000366210938,131.0,127.94999694824219,130.9199981689453,20055400
2020-05-12,125.22000122070312,125.22000122070312,133.1199951171875,125.19999694824219,129.72000122070312,22579000
2020-05-13,121.5,121.5,125.06999969482422,119.33000183105469,125.0,26002000
2020-05-14,122.5199966430664,122.5199966430664,122.61000061035156,113.88999938964844,118.9800033569336,37499200
2020-05-15,120.0,120.0,121.88999938964844,117.77999877929688,118.33000183105469,26756800
2020-05-18,135.44000244140625,135.44000244140625,136.1999969482422,125.80000305175781,126.18000030517578,43781800
2020-05-19,130.44000244140625,130.44000244140625,137.0399932861328,130.27999877929688,137.0,32373000
2020-05-20,133.32000732421875,133.32000732421875,135.4499969482422,131.30999755859375,133.27000427246094,21835500
2020-05-21,139.0,139.0,144.24000549316406,136.14999389648438,137.0,48263900
2020-05-22,137.52999877929688,137.52999877929688,141.0800018310547,135.77999877929688,141.00999450683594,21098800
2020-05-26,144.72999572753906,144.72999572753906,145.91000366210938,142.61000061035156,145.2100067138672,30338300
2020-05-27,149.52000427246094,149.52000427246094,149.64999389648438,141.24000549316406,149.13999938964844,32799900
2020-05-28,149.82000732421875,149.82000732421875,156.6999969482422,149.0500030517578,156.10000610351562,34734300
2020-05-29,145.85000610351562,145.85000610351562,152.0,142.94000244140625,145.3000030517578,33853900
2020-06-01,151.38999938964844,151.38999938964844,153.5500030517578,144.5500030517578,145.4499969482422,27127300
2020-06-02,153.30999755859375,153.30999755859375,155.85000610351562,151.80999755859375,154.0,24780500
2020-06-03,173.16000366210938,173.16000366210938,173.77999877929688,155.49000549316406,157.10000610351562,66486400
2020-06-04,184.3000030517578,184.3000030517578,188.60000610351562,177.39999389648438,181.27999877929688,67155600
2020-06-05,205.42999267578125,205.42999267578125,218.7899932861328,197.36000061035156,205.0,99846000
2020-06-08,230.5,230.5,234.1999969482422,218.92999267578125,222.94000244140625,80902800
2020-06-09,216.74000549316406,216.74000549316406,227.0,213.0800018310547,222.13999938964844,66688700
2020-06-10,203.41000366210938,203.41000366210938,213.02999877929688,197.39999389648438,211.1699981689453,90384900
2020-06-11,170.0,170.0,192.17999267578125,166.00999450683594,179.35000610351562,103212800
2020-06-12,189.50999450683594,189.50999450683594,191.3000030517578,176.25999450683594,187.14999389648438,89550100
2020-06-15,190.94000244140625,190.94000244140625,193.22999572753906,175.88999938964844,177.17999267578125,78612900
2020-06-16,197.77000427246094,197.77000427246094,208.3000030517578,192.60000610351562,207.14999389648438,76496900
2020-06-17,192.5399932861328,192.5399932861328,196.42999267578125,191.25,194.52000427246094,53085400
2020-06-18,192.2899932861328,192.2899932861328,198.02999877929688,187.1999969482422,188.24000549316406,60849900
2020-06-19,187.02000427246094,187.02000427246094,197.9600067138672,184.57000732421875,197.89999389648438,67262100
2020-06-22,188.52000427246094,188.52000427246094,188.6999969482422,181.89999389648438,184.55999755859375,53901500
2020-06-23,187.8800048828125,187.8800048828125,190.1199951171875,183.5500030517578,189.3000030517578,50281300
2020-06-24,176.69000244140625,176.69000244140625,185.1999969482422,176.07000732421875,183.61000061035156,56534800
2020-06-25,174.8800048828125,174.8800048828125,177.5,169.58999633789062,169.8699951171875,57335700
2020-06-26,170.00999450683594,170.00999450683594,173.85000610351562,167.60000610351562,173.4199981689453,50644400
2020-06-29,194.49000549316406,194.49000549316406,194.5,176.27000427246094,181.0,78499900
2020-06-30,183.3000030517578,183.3000030517578,188.49000549316406,180.3800048828125,188.02000427246094,65493100
2020-07-01,180.32000732421875,180.32000732421875,190.61000061035156,180.0399932861328,185.8800048828125,49036700
2020-07-02,180.80999755859375,180.80999755859375,187.7899932861328,180.42999267578125,185.5800018310547,41792300
2020-07-06,187.91000366210938,187.91000366210938,189.36000061035156,181.60000610351562,184.52000427246094,49471700
2020-07-07,178.8800048828125,178.8800048828125,185.07000732421875,178.64999389648438,185.07000732421875,37105300
2020-07-08,180.0800018310547,180.0800018310547,181.5800018310547,175.50999450683594,179.0500030517578,38116200
2020-07-09,173.27999877929688,173.27999877929688,180.75,172.80999755859375,179.6699981689453,33514500
2020-07-10,178.44000244140625,178.44000244140625,179.3300018310547,169.75,171.6999969482422,40955600
2020-07-13,175.64999389648438,175.64999389648438,183.25,174.36000061035156,180.1999969482422,43364700
2020-07-14,179.9600067138672,179.9600067138672,181.3000030517578,173.41000366210938,177.0,39256200
2020-07-15,187.94000244140625,187.94000244140625,189.52999877929688,181.25,185.5399932861328,48044800
2020-07-16,178.6999969482422,178.6999969482422,184.58999633789062,177.33999633789062,184.32000732421875,35050000
2020-07-17,175.66000366210938,175.66000366210938,181.10000610351562,175.5500030517578,178.41000366210938,26170500
2020-07-20,174.4199981689453,174.4199981689453,176.57000732421875,171.6199951171875,175.1300048828125,25294300
2020-07-21,178.6300048828125,178.6300048828125,182.64999389648438,176.75,178.42999267578125,40740500
2020-07-22,179.7899932861328,179.7899932861328,182.9499969482422,175.38999938964844,176.42999267578125,29790300
2020-07-23,176.4499969482422,176.4499969482422,182.5,175.4199981689453,178.0,29587200
2020-07-24,173.75999450683594,173.75999450683594,181.10000610351562,173.60000610351562,175.67999267578125,28548000
2020-07-27,170.2100067138672,170.2100067138672,174.13999938964844,169.0,173.19000244140625,30243800
2020-07-28,170.83999633789062,170.83999633789062,173.74000549316406,168.22999572753906,168.5,25349100
2020-07-29,166.00999450683594,166.00999450683594,173.00999450683594,162.25,172.89999389648438,51709600
2020-07-30,161.9499969482422,161.9499969482422,164.5500030517578,160.63999938964844,162.8800048828125,29140000
2020-07-31,158.0,158.0,163.39999389648438,156.25999450683594,161.5500030517578,30263100
2020-08-03,162.27000427246094,162.27000427246094,163.5800018310547,153.41000366210938,156.50999450683594,38520500
2020-08-04,165.07000732421875,165.07000732421875,167.39999389648438,163.00999450683594,164.6300048828125,30853500
2020-08-05,174.27999877929688,174.27999877929688,174.97999572753906,166.39999389648438,167.60000610351562,46189200
2020-08-06,172.1999969482422,172.1999969482422,175.57000732421875,170.60000610351562,172.8000030517578,32921600
2020-08-07,170.02000427246094,170.02000427246094,171.86000061035156,168.6999969482422,171.5,19318000
2020-08-10,179.41000366210938,179.41000366210938,179.7899932861328,171.3300018310547,171.36000061035156,35857700
2020-08-11,180.1300048828125,180.1300048828125,189.97000122070312,179.52999877929688,184.50999450683594,61036600
2020-08-12,175.44000244140625,175.44000244140625,184.14999389648438,173.19000244140625,184.00999450683594,40674400
2020-08-13,174.72999572753906,174.72999572753906,179.47000122070312,172.42999267578125,173.6199951171875,22958800
2020-08-14,178.0800018310547,178.0800018310547,179.47000122070312,172.35000610351562,173.08999633789062,32414100
2020-08-17,172.00999450683594,172.00999450683594,178.2899932861328,171.41000366210938,178.24000549316406,23352100
2020-08-18,170.22999572753906,170.22999572753906,173.24000549316406,169.00999450683594,172.00999450683594,21488500
2020-08-19,169.27000427246094,169.27000427246094,174.10000610351562,169.08999633789062,170.44000244140625,25601500
2020-08-20,169.5800018310547,169.5800018310547,170.83999633789062,165.86000061035156,168.5399932861328,23213400
2020-08-21,167.5,167.5,170.0800018310547,167.27000427246094,168.35000610351562,16945900
2020-08-24,178.27000427246094,178.27000427246094,178.27000427246094,167.92999267578125,168.77999877929688,39317100
2020-08-25,174.72999572753906,174.72999572753906,180.6300048828125,172.44000244140625,180.4600067138672,31318500
2020-08-26,171.89999389648438,171.89999389648438,174.42999267578125,171.35000610351562,173.8000030517578,16189800
2020-08-27,174.1999969482422,174.1999969482422,181.30999755859375,173.55999755859375,174.7100067138672,29548100
2020-08-28,175.8000030517578,175.8000030517578,177.27999877929688,172.57000732421875,175.11000061035156,20383900
2020-08-31,171.82000732421875,171.82000732421875,175.27000427246094,171.6999969482422,174.64999389648438,16264300
2020-09-01,172.10000610351562,172.10000610351562,175.49000549316406,169.25,170.7100067138672,18977300
2020-09-02,174.77999877929688,174.77999877929688,175.0,171.4499969482422,172.74000549316406,16552100
2020-09-03,168.77000427246094,168.77000427246094,180.85000610351562,168.1199951171875,175.0,27799400
2020-09-04,171.0500030517578,171.0500030517578,172.8300018310547,164.0,171.30999755859375,18867300
2020-09-08,161.0800018310547,161.0800018310547,166.89999389648438,160.5,165.8000030517578,22622700
2020-09-09,160.77999877929688,160.77999877929688,163.05999755859375,157.0,161.61000061035156,21951400
2020-09-10,157.69000244140625,157.69000244140625,163.77999877929688,157.57000732421875,160.9600067138672,14532600
2020-09-11,160.22999572753906,160.22999572753906,161.36000061035156,156.32000732421875,158.0,14722400
2020-09-14,165.35000610351562,165.35000610351562,165.94000244140625,158.89999389648438,161.75,17228400
2020-09-15,163.49000549316406,163.49000549316406,168.83999633789062,163.3300018310547,166.64999389648438,14881700
2020-09-16,167.4600067138672,167.4600067138672,170.57000732421875,160.30999755859375,161.9499969482422,21851400
2020-09-17,167.52999877929688,167.52999877929688,168.4600067138672,161.0500030517578,164.6300048828125,19717800
2020-09-18,161.13999938964844,161.13999938964844,169.72000122070312,161.02000427246094,165.66000366210938,22057100
2020-09-21,156.35000610351562,156.35000610351562,158.8300018310547,154.1999969482422,157.8300018310547,23125300
2020-09-22,156.8000030517578,156.8000030517578,160.07000732421875,154.9499969482422,156.80999755859375,17768900
2020-09-23,151.17999267578125,151.17999267578125,160.4199981689453,150.88999938964844,157.3300018310547,18247500
2020-09-24,146.0500030517578,146.0500030517578,150.30999755859375,145.02000427246094,150.2899932861328,27098100
2020-09-25,156.02999877929688,156.02999877929688,156.30999755859375,146.4199981689453,146.85000610351562,29123000
2020-09-28,166.0800018310547,166.0800018310547,168.0,159.1999969482422,160.3300018310547,38868200
2020-09-29,163.60000610351562,163.60000610351562,165.5,162.00999450683594,164.77000427246094,19874700
2020-09-30,165.25999450683594,165.25999450683594,170.97999572753906,164.11000061035156,164.5,38436700
2020-10-01,167.86000061035156,167.86000061035156,172.75999450683594,165.57000732421875,170.14999389648438,30677100
2020-10-02,168.0800018310547,168.0800018310547,169.77999877929688,161.8000030517578,161.86000061035156,31773800
2020-10-05,171.1999969482422,171.1999969482422,172.0800018310547,167.50999450683594,169.49000549316406,19082100
2020-10-06,159.5399932861328,159.5399932861328,175.55999755859375,159.3300018310547,173.0399932861328,47132500
2020-10-07,164.61000061035156,164.61000061035156,166.33999633789062,162.3800048828125,163.7100067138672,26019100
2020-10-08,168.0,168.0,168.08999633789062,163.5399932861328,166.22000122070312,20598600
2020-10-09,167.3300018310547,167.3300018310547,170.0,166.82000732421875,169.92999267578125,17406000
2020-10-12,167.35000610351562,167.35000610351562,169.1999969482422,165.9499969482422,167.75,12176600
2020-10-13,162.13999938964844,162.13999938964844,165.52999877929688,162.08999633789062,165.36000061035156,15182600
2020-10-14,163.24000549316406,163.24000549316406,165.1699981689453,162.49000549316406,162.6999969482422,10505500
2020-10-15,164.24000549316406,164.24000549316406,164.5399932861328,158.72999572753906,161.00999450683594,13226800
2020-10-16,167.35000610351562,167.35000610351562,173.4199981689453,167.27000427246094,171.22000122070312,31780600
2020-10-19,167.11000061035156,167.11000061035156,170.83999633789062,166.11000061035156,169.08999633789062,16519600
2020-10-20,167.24000549316406,167.24000549316406,169.2899932861328,166.17999267578125,168.2899932861328,12319900
2020-10-21,163.86000061035156,163.86000061035156,167.6300048828125,163.82000732421875,166.44000244140625,11450600
2020-10-22,169.07000732421875,169.07000732421875,169.6300048828125,164.10000610351562,164.6999969482422,14238200
2020-10-23,167.36000061035156,167.36000061035156,170.25999450683594,166.0500030517578,169.99000549316406,10024200
2020-10-26,160.8300018310547,160.8300018310547,165.5,159.0500030517578,164.9499969482422,16151100
2020-10-27,155.24000549316406,155.24000549316406,160.25,155.0,159.16000366210938,15491900
2020-10-28,148.13999938964844,148.13999938964844,153.9499969482422,148.0,153.0,20279800
2020-10-29,148.2899932861328,148.2899932861328,150.10000610351562,146.60000610351562,148.02999877929688,14554300
2020-10-30,144.38999938964844,144.38999938964844,149.1699981689453,141.5800018310547,147.1999969482422,15374700
2020-11-02,148.60000610351562,148.60000610351562,149.58999633789062,143.3800048828125,145.75,13854600
2020-11-03,153.64999389648438,153.64999389648438,154.82000732421875,150.63999938964844,151.8300018310547,12249800
2020-11-04,151.6300048828125,151.6300048828125,155.39999389648438,151.1699981689453,153.1699981689453,11344700
2020-11-05,157.08999633789062,157.08999633789062,157.6300048828125,152.10000610351562,152.47999572753906,12328300
2020-11-06,157.74000549316406,157.74000549316406,158.47000122070312,154.52000427246094,156.3300018310547,8995600
2020-11-09,179.36000061035156,179.36000061035156,184.4600067138672,172.16000366210938,179.0,49014400
2020-11-10,188.69000244140625,188.69000244140625,193.9499969482422,180.3800048828125,182.8000030517578,46404300
2020-11-11,182.14999389648438,182.14999389648438,190.0,180.41000366210938,189.88999938964844,29907800
2020-11-12,176.72000122070312,176.72000122070312,184.58999633789062,176.25,178.9499969482422,20288400
2020-11-13,187.11000061035156,187.11000061035156,187.27000427246094,178.7100067138672,179.0,19724500
2020-11-16,202.39999389648438,202.39999389648438,202.94000244140625,191.35000610351562,194.55999755859375,40562800
2020-11-17,210.0500030517578,210.0500030517578,211.1999969482422,196.0500030517578,200.25,38299300
2020-11-18,203.3000030517578,203.3000030517578,223.02000427246094,203.0,223.02000427246094,65990700
2020-11-19,205.6699981689453,205.6699981689453,209.44000244140625,199.89999389648438,200.4499969482422,34236100
2020-11-20,199.6199951171875,199.6199951171875,206.5800018310547,199.1699981689453,204.58999633789062,18230900
2020-11-23,211.52999877929688,211.52999877929688,214.2100067138672,201.8699951171875,203.24000549316406,28372400
2020-11-24,218.49000549316406,218.49000549316406,222.9499969482422,215.75999450683594,219.42999267578125,31132000
2020-11-25,217.61000061035156,217.61000061035156,221.0,213.08999633789062,217.7100067138672,19254100
2020-11-27,216.5,216.5,219.92999267578125,216.0399932861328,218.25,9970200
2020-11-30,210.7100067138672,210.7100067138672,217.77999877929688,208.52000427246094,215.6999969482422,16501900
2020-12-01,213.00999450683594,213.00999450683594,218.08999633789062,213.0,214.30999755859375,15754200
2020-12-02,223.85000610351562,223.85000610351562,224.99000549316406,210.3000030517578,213.00999450683594,25912300
2020-12-03,237.1999969482422,237.1999969482422,242.0,226.52999877929688,228.3000030517578,45945100
2020-12-04,232.7100067138672,232.7100067138672,238.17999267578125,230.25,236.36000061035156,29378400
2020-12-07,238.1699981689453,238.1699981689453,244.0800018310547,237.11000061035156,238.5,33246700
2020-12-08,236.57000732421875,236.57000732421875,241.6999969482422,234.4600067138672,238.6999969482422,19682000
2020-12-09,232.05999755859375,232.05999755859375,240.83999633789062,228.27999877929688,238.63999938964844,19043600
2020-12-10,234.42999267578125,234.42999267578125,237.00999450683594,228.02000427246094,228.10000610351562,16185000
2020-12-11,230.3300018310547,230.3300018310547,236.22000122070312,228.3300018310547,232.82000732421875,17311800
2020-12-14,228.6199951171875,228.6199951171875,237.6300048828125,228.3699951171875,235.0,19231200
2020-12-15,229.5,229.5,232.5,224.36000061035156,230.0,18993700
2020-12-16,225.8699951171875,225.8699951171875,232.3699951171875,225.3000030517578,229.3300018310547,17858400
2020-12-17,221.24000549316406,221.24000549316406,228.49000549316406,220.52999877929688,227.24000549316406,17465600
2020-12-18,219.75,219.75,223.4600067138672,218.61000061035156,222.0500030517578,19092800
2020-12-21,219.30999755859375,219.30999755859375,219.42999267578125,211.10000610351562,212.33999633789062,18726500
2020-12-22,218.77999877929688,218.77999877929688,223.88999938964844,217.6999969482422,223.27999877929688,13280000
2020-12-23,219.69000244140625,219.69000244140625,224.39999389648438,219.32000732421875,219.5500030517578,10869000
2020-12-24,217.14999389648438,217.14999389648438,219.8800048828125,216.0500030517578,219.6199951171875,6398500
2020-12-28,216.08999633789062,216.08999633789062,219.1999969482422,215.16000366210938,218.19000244140625,9090600
2020-12-29,216.25,216.25,221.67999267578125,215.39999389648438,218.3000030517578,14593800
2020-12-30,216.6699981689453,216.6699981689453,218.5500030517578,214.3699951171875,216.36000061035156,10812600
2020-12-31,214.05999755859375,214.05999755859375,216.89999389648438,212.6999969482422,216.24000549316406,10487600
2021-01-04,202.72000122070312,202.72000122070312,210.1999969482422,202.49000549316406,210.0,21225600
2021-01-05,211.6300048828125,211.6300048828125,213.35000610351562,204.60000610351562,204.74000549316406,19338300
2021-01-06,211.02999877929688,211.02999877929688,215.61000061035156,209.33999633789062,210.22000122070312,16202200
2021-01-07,212.7100067138672,212.7100067138672,216.60000610351562,211.77999877929688,213.38999938964844,14474100
2021-01-08,209.89999389648438,209.89999389648438,214.10000610351562,208.16000366210938,213.61000061035156,14144000
2021-01-11,206.7899932861328,206.7899932861328,207.77999877929688,201.00999450683594,203.02999877929688,16770300
2021-01-12,208.41000366210938,208.41000366210938,209.05999755859375,204.80999755859375,206.64999389648438,12836200
2021-01-13,207.2100067138672,207.2100067138672,208.7899932861328,204.85000610351562,207.14999389648438,8570500
2021-01-14,209.91000366210938,209.91000366210938,214.19000244140625,208.2100067138672,208.7899932861328,12446800
2021-01-15,204.32000732421875,204.32000732421875,209.25,204.1999969482422,208.9600067138672,11103300
2021-01-19,210.7100067138672,210.7100067138672,211.52000427246094,206.52000427246094,206.99000549316406,11947200
2021-01-20,211.4499969482422,211.4499969482422,215.58999633789062,211.2100067138672,213.24000549316406,9727000
2021-01-21,207.41000366210938,207.41000366210938,211.92999267578125,206.33999633789062,211.72000122070312,11091300
2021-01-22,205.83999633789062,205.83999633789062,206.6999969482422,204.27000427246094,205.5500030517578,7514600
2021-01-25,203.36000061035156,203.36000061035156,203.8000030517578,199.3000030517578,203.27000427246094,14276200
2021-01-26,202.05999755859375,202.05999755859375,208.35000610351562,201.7899932861328,205.33999633789062,11011800
2021-01-27,194.02999877929688,194.02999877929688,199.47000122070312,191.85000610351562,196.89999389648438,20948500
2021-01-28,197.22999572753906,197.22999572753906,200.4199981689453,196.0,198.0500030517578,10403200
2021-01-29,194.19000244140625,194.19000244140625,201.57000732421875,193.1199951171875,198.3000030517578,13683700
2021-02-01,195.83999633789062,195.83999633789062,197.3800048828125,192.86000061035156,196.0,9061900
2021-02-02,200.94000244140625,200.94000244140625,203.02999877929688,198.08999633789062,198.97999572753906,11130600
2021-02-03,207.38999938964844,207.38999938964844,208.16000366210938,201.25999450683594,202.0,11836900
2021-02-04,210.63999938964844,210.63999938964844,212.47999572753906,208.02000427246094,209.8699951171875,11869900
2021-02-05,207.92999267578125,207.92999267578125,213.1999969482422,206.66000366210938,212.25,9546100
2021-02-08,211.9499969482422,211.9499969482422,211.99000549316406,208.3000030517578,209.5500030517578,11182100
2021-02-09,215.1199951171875,215.1199951171875,216.72999572753906,208.89999389648438,210.60000610351562,13615700
2021-02-10,211.9199981689453,211.9199981689453,217.49000549316406,211.1199951171875,215.64999389648438,11510700
2021-02-11,210.66000366210938,210.66000366210938,213.99000549316406,208.57000732421875,212.24000549316406,7140200
2021-02-12,210.97999572753906,210.97999572753906,213.16000366210938,209.6699981689453,210.36000061035156,6010800
2021-02-16,217.17999267578125,217.17999267578125,217.39999389648438,212.3300018310547,213.0800018310547,10171100
2021-02-17,215.52000427246094,215.52000427246094,218.7100067138672,212.67999267578125,215.52000427246094,9276000
2021-02-18,208.47999572753906,208.47999572753906,214.33999633789062,208.0800018310547,213.4499969482422,9121300
2021-02-19,217.47000122070312,217.47000122070312,217.63999938964844,209.14999389648438,209.97000122070312,12415300
2021-02-22,212.8800048828125,212.8800048828125,220.38999938964844,210.8000030517578,211.88999938964844,21413700
2021-02-23,212.1199951171875,212.1199951171875,214.75,206.60000610351562,214.14999389648438,15996700
2021-02-24,229.33999633789062,229.33999633789062,229.61000061035156,211.60000610351562,212.10000610351562,30709300
2021-02-25,216.4499969482422,216.4499969482422,228.5,214.7100067138672,227.8000030517578,19283000
2021-02-26,212.00999450683594,212.00999450683594,220.66000366210938,211.2899932861328,218.50999450683594,12838400
2021-03-01,224.38999938964844,224.38999938964844,226.97999572753906,219.02000427246094,219.60000610351562,18735400
2021-03-02,223.13999938964844,223.13999938964844,227.19000244140625,222.14999389648438,224.7899932861328,11114400
2021-03-03,228.55999755859375,228.55999755859375,235.39999389648438,225.0399932861328,226.36000061035156,30426000
2021-03-04,224.7100067138672,224.7100067138672,237.10000610351562,218.6999969482422,232.72999572753906,26645100
2021-03-05,223.22000122070312,223.22000122070312,229.9199981689453,213.8000030517578,229.00999450683594,20026600
2021-03-08,224.02999877929688,224.02999877929688,229.88999938964844,223.7100067138672,226.6699981689453,13836800
2021-03-09,230.61000061035156,230.61000061035156,234.05999755859375,222.5800018310547,226.80999755859375,21001200
2021-03-10,245.33999633789062,245.33999633789062,246.8000030517578,232.8800048828125,233.80999755859375,27753400
2021-03-11,252.0,252.0,256.6499938964844,246.5500030517578,248.77000427246094,30139200
2021-03-12,269.19000244140625,269.19000244140625,269.7200012207031,253.5,253.86000061035156,35264300
2021-03-15,265.6300048828125,265.6300048828125,278.57000732421875,264.3299865722656,274.1499938964844,34816700
2021-03-16,255.2100067138672,255.2100067138672,264.1700134277344,254.02000427246094,263.2300109863281,28785800
2021-03-17,263.5899963378906,263.5899963378906,263.6099853515625,253.67999267578125,254.6999969482422,23785500
2021-03-18,256.05999755859375,256.05999755859375,267.3699951171875,254.72999572753906,261.32000732421875,24595500
2021-03-19,255.82000732421875,255.82000732421875,258.8800048828125,251.30999755859375,257.75,17330800
2021-03-22,251.22999572753906,251.22999572753906,257.6700134277344,250.16000366210938,255.82000732421875,15230000
2021-03-23,241.25,241.25,251.3000030517578,239.42999267578125,249.25999450683594,21358200
2021-03-24,239.24000549316406,239.24000549316406,248.8000030517578,239.05999755859375,243.75,24055100
2021-03-25,247.19000244140625,247.19000244140625,247.5800018310547,231.6999969482422,234.33999633789062,27553600
2021-03-26,244.8699951171875,244.8699951171875,250.89999389648438,240.3000030517578,249.6199951171875,17157100
2021-03-29,250.52000427246094,250.52000427246094,254.7100067138672,248.02999877929688,251.3000030517578,22198800
2021-03-30,252.00999450683594,252.00999450683594,253.5,248.91000366210938,251.24000549316406,12577300
2021-03-31,254.72000122070312,254.72000122070312,257.8800048828125,253.36000061035156,254.6999969482422,14138500
2021-04-01,252.9600067138672,252.9600067138672,257.8800048828125,251.30999755859375,256.6700134277344,10934500
2021-04-05,259.3599853515625,259.3599853515625,260.4800109863281,256.25,256.55999755859375,13750300
2021-04-06,255.1699981689453,255.1699981689453,259.3500061035156,254.66000366210938,257.2099914550781,11180300
2021-04-07,252.5800018310547,252.5800018310547,255.89999389648438,250.8300018310547,255.30999755859375,9925700
2021-04-08,254.9499969482422,254.9499969482422,254.9499969482422,249.30999755859375,251.6999969482422,9899900
2021-04-09,252.36000061035156,252.36000061035156,252.83999633789062,249.44000244140625,250.50999450683594,12255900
2021-04-12,249.52000427246094,249.52000427246094,251.5500030517578,246.2899932861328,250.57000732421875,10383600
2021-04-13,253.27000427246094,253.27000427246094,254.49000549316406,246.10000610351562,248.3300018310547,15901400
2021-04-14,252.42999267578125,252.42999267578125,258.3699951171875,251.27999877929688,255.32000732421875,12661800
2021-04-15,251.11000061035156,251.11000061035156,254.1199951171875,249.42999267578125,253.55999755859375,9479000
2021-04-16,248.17999267578125,248.17999267578125,253.0500030517578,246.22999572753906,252.0,14606000
2021-04-19,244.14999389648438,244.14999389648438,247.0,242.22000122070312,247.0,9249300
2021-04-20,234.05999755859375,234.05999755859375,241.08999633789062,232.33999633789062,241.02999877929688,19483600
2021-04-21,235.9199981689453,235.9199981689453,236.75999450683594,230.22000122070312,232.22000122070312,12847000
2021-04-22,234.3300018310547,234.3300018310547,239.64999389648438,233.3800048828125,235.9600067138672,13854400
2021-04-23,238.3800048828125,238.3800048828125,238.5800018310547,233.11000061035156,233.88999938964844,11533100
2021-04-26,241.44000244140625,241.44000244140625,244.64999389648438,240.10000610351562,240.24000549316406,10599600
2021-04-27,242.47000122070312,242.47000122070312,243.49000549316406,239.41000366210938,241.8800048828125,10583300
2021-04-28,235.4600067138672,235.4600067138672,239.64999389648438,232.85000610351562,239.0,19054100
2021-04-29,235.94000244140625,235.94000244140625,237.67999267578125,231.8000030517578,237.0,12296100
2021-04-30,234.30999755859375,234.30999755859375,236.77000427246094,232.6999969482422,233.67999267578125,10380400
2021-05-03,235.19000244140625,235.19000244140625,237.10000610351562,233.80999755859375,234.11000061035156,9887800
2021-05-04,233.6300048828125,233.6300048828125,236.64999389648438,225.64999389648438,235.75,17807200
2021-05-05,228.17999267578125,228.17999267578125,233.49000549316406,227.55999755859375,232.4499969482422,14913500
2021-05-06,229.80999755859375,229.80999755859375,231.1699981689453,226.5500030517578,229.3000030517578,11857100
2021-05-07,235.47000122070312,235.47000122070312,235.91000366210938,227.99000549316406,229.8000030517578,12823000
2021-05-10,232.92999267578125,232.92999267578125,241.10000610351562,232.5,236.83999633789062,14813900
2021-05-11,228.8800048828125,228.8800048828125,230.1300048828125,223.85000610351562,226.55999755859375,16273200
2021-05-12,220.77999877929688,220.77999877929688,229.74000549316406,220.6300048828125,227.25,14931200
2021-05-13,222.63999938964844,222.63999938964844,229.27000427246094,219.07000732421875,223.0,16503400
2021-05-14,228.47000122070312,228.47000122070312,228.80999755859375,224.35000610351562,225.99000549316406,10162400
2021-05-17,227.97999572753906,227.97999572753906,228.25999450683594,223.5800018310547,226.24000549316406,9559300
2021-05-18,227.5500030517578,227.5500030517578,232.27000427246094,226.42999267578125,227.25,10081100
2021-05-19,224.4199981689453,224.4199981689453,225.1199951171875,220.27999877929688,223.17999267578125,13162700
2021-05-20,227.64999389648438,227.64999389648438,228.44000244140625,223.77000427246094,225.1300048828125,9218900
2021-05-21,234.82000732421875,234.82000732421875,236.3000030517578,231.38999938964844,232.89999389648438,16579000
2021-05-24,237.44000244140625,237.44000244140625,238.5,232.60000610351562,235.13999938964844,10106000
2021-05-25,240.74000549316406,240.74000549316406,243.77999877929688,239.22999572753906,240.0,12908000
2021-05-26,241.3699951171875,241.3699951171875,242.49000549316406,239.8699951171875,241.6999969482422,7240200
2021-05-27,250.6999969482422,250.6999969482422,252.60000610351562,247.19000244140625,248.11000061035156,18404400
2021-05-28,247.02000427246094,247.02000427246094,248.97999572753906,245.3699951171875,247.47999572753906,11197400
2021-06-01,254.72999572753906,254.72999572753906,255.63999938964844,251.52000427246094,253.0,13562800
2021-06-02,255.6199951171875,255.6199951171875,258.3999938964844,254.6199951171875,255.60000610351562,10820400
2021-06-03,250.32000732421875,250.32000732421875,254.8000030517578,249.69000244140625,252.97999572753906,10402000
2021-06-04,249.9199981689453,249.9199981689453,251.8000030517578,248.49000549316406,251.50999450683594,8799000
2021-06-07,252.66000366210938,252.66000366210938,253.1999969482422,248.80999755859375,251.5,10606000
2021-06-08,252.75999450683594,252.75999450683594,256.30999755859375,250.0,256.260009765625,15113900
2021-06-09,248.05999755859375,248.05999755859375,253.1699981689453,247.91000366210938,251.1999969482422,10693200
2021-06-10,248.33999633789062,248.33999633789062,255.13999938964844,248.10000610351562,251.72000122070312,14519200
2021-06-11,247.27999877929688,247.27999877929688,251.1199951171875,245.77999877929688,250.35000610351562,9934200
2021-06-14,245.13999938964844,245.13999938964844,249.1999969482422,244.39999389648438,246.44000244140625,9344400
2021-06-15,246.5399932861328,246.5399932861328,248.50999450683594,244.94000244140625,245.36000061035156,10630900
2021-06-16,242.27000427246094,242.27000427246094,246.05999755859375,241.5500030517578,245.25,10529200
2021-06-17,239.22000122070312,239.22000122070312,243.5,237.3300018310547,241.9600067138672,10774400
2021-06-18,237.35000610351562,237.35000610351562,239.30999755859375,235.8000030517578,237.7899932861328,11965000
2021-06-21,245.27999877929688,245.27999877929688,245.6199951171875,237.25,238.66000366210938,15301800
2021-06-22,243.77999877929688,243.77999877929688,244.6300048828125,241.0800018310547,244.5,10042500
2021-06-23,243.57000732421875,243.57000732421875,246.8699951171875,243.1699981689453,244.8000030517578,9874700
2021-06-24,250.57000732421875,250.57000732421875,250.74000549316406,243.6999969482422,245.1999969482422,13755600
2021-06-25,248.3800048828125,248.3800048828125,252.3000030517578,248.25,250.75,9625800
2021-06-28,239.9600067138672,239.9600067138672,245.0800018310547,238.8800048828125,244.72999572753906,18152000
2021-06-29,235.75999450683594,235.75999450683594,244.3699951171875,235.66000366210938,243.74000549316406,16743900
2021-06-30,239.55999755859375,239.55999755859375,241.1699981689453,236.0,236.24000549316406,12089100
2021-07-01,239.72999572753906,239.72999572753906,241.8000030517578,238.61000061035156,240.36000061035156,9516200
2021-07-02,236.67999267578125,236.67999267578125,240.11000061035156,233.47000122070312,239.5500030517578,15706600
2021-07-06,236.13999938964844,236.13999938964844,237.1699981689453,233.47000122070312,236.85000610351562,11045800
2021-07-07,231.77999877929688,231.77999877929688,238.00999450683594,230.52000427246094,235.1699981689453,11497000
2021-07-08,236.77000427246094,236.77000427246094,237.47000122070312,226.16000366210938,227.47999572753906,17964300
2021-07-09,239.58999633789062,239.58999633789062,240.3800048828125,236.22000122070312,237.77000427246094,12385400
2021-07-12,238.2899932861328,238.2899932861328,240.77000427246094,236.4600067138672,237.99000549316406,9071500
2021-07-13,228.1999969482422,228.1999969482422,234.49000549316406,228.16000366210938,232.27000427246094,21029500
2021-07-14,224.4499969482422,224.4499969482422,230.52000427246094,224.3000030517578,229.02000427246094,12137000
2021-07-15,222.75999450683594,222.75999450683594,226.6699981689453,220.8000030517578,222.8800048828125,12228600
2021-07-16,217.74000549316406,217.74000549316406,224.0,217.02999877929688,223.11000061035156,12413400
2021-07-19,206.99000549316406,206.99000549316406,211.5500030517578,204.8000030517578,211.17999267578125,24123600
2021-07-20,217.14999389648438,217.14999389648438,217.3699951171875,206.6199951171875,208.10000610351562,17027300
2021-07-21,222.5399932861328,222.5399932861328,224.08999633789062,218.89999389648438,219.5,11437600
2021-07-22,220.8699951171875,220.8699951171875,222.25,218.30999755859375,221.52000427246094,9768900
2021-07-23,221.52000427246094,221.52000427246094,224.6300048828125,220.94000244140625,222.97000122070312,9379500
2021-07-26,225.85000610351562,225.85000610351562,226.1199951171875,219.88999938964844,220.0,8933200
2021-07-27,222.27000427246094,222.27000427246094,225.6999969482422,220.4199981689453,223.1699981689453,8784200
2021-07-28,231.57000732421875,231.57000732421875,237.49000549316406,231.3300018310547,234.0500030517578,19330500
2021-07-29,231.6300048828125,231.6300048828125,234.82000732421875,231.1199951171875,233.69000244140625,8667900
2021-07-30,226.47999572753906,226.47999572753906,231.17999267578125,225.39999389648438,229.38999938964844,9940100
2021-08-02,225.33999633789062,225.33999633789062,230.47000122070312,224.8699951171875,227.19000244140625,8889100
2021-08-03,229.08999633789062,229.08999633789062,229.10000610351562,221.3000030517578,225.89999389648438,7326400
2021-08-04,226.6300048828125,226.6300048828125,232.35000610351562,225.3300018310547,226.4199981689453,9756300
2021-08-05,229.94000244140625,229.94000244140625,231.5399932861328,226.49000549316406,226.67999267578125,8362600
2021-08-06,231.3300018310547,231.3300018310547,233.57000732421875,230.4199981689453,231.5500030517578,6061900
2021-08-09,232.27000427246094,232.27000427246094,233.57000732421875,226.88999938964844,229.0,8358600
2021-08-10,235.77999877929688,235.77999877929688,236.85000610351562,231.6199951171875,231.97000122070312,9603500
2021-08-11,239.49000549316406,239.49000549316406,239.58999633789062,234.5800018310547,236.61000061035156,9664000
2021-08-12,238.17999267578125,238.17999267578125,241.14999389648438,236.50999450683594,240.0,6810000
2021-08-13,234.4600067138672,234.4600067138672,239.69000244140625,234.27999877929688,238.00999450683594,6390300
2021-08-16,229.05999755859375,229.05999755859375,232.02999877929688,227.13999938964844,231.89999389648438,7622000
2021-08-17,222.22000122070312,222.22000122070312,226.24000549316406,219.8000030517578,226.1999969482422,13124000
2021-08-18,219.0,219.0,223.64999389648438,218.89999389648438,221.72999572753906,9000900
2021-08-19,212.16000366210938,212.16000366210938,218.3000030517578,211.72999572753906,216.3000030517578,11404400
2021-08-20,212.6699981689453,212.6699981689453,214.74000549316406,210.94000244140625,212.30999755859375,9335700
2021-08-23,219.39999389648438,219.39999389648438,220.17999267578125,215.3800048828125,215.8300018310547,10392100
2021-08-24,221.42999267578125,221.42999267578125,223.10000610351562,219.8000030517578,220.11000061035156,8942600
2021-08-25,221.02999877929688,221.02999877929688,222.3000030517578,219.10000610351562,221.5,6528900
2021-08-26,216.5,216.5,222.89999389648438,215.91000366210938,221.41000366210938,8341400
2021-08-27,221.75,221.75,222.42999267578125,216.86000061035156,217.47000122070312,7684900
2021-08-30,217.66000366210938,217.66000366210938,222.3699951171875,217.52999877929688,222.35000610351562,7587800
2021-08-31,219.5,219.5,221.3300018310547,217.08999633789062,217.3300018310547,6764500
2021-09-01,218.1199951171875,218.1199951171875,221.75999450683594,217.6199951171875,220.0,7157400
2021-09-02,220.8300018310547,220.8300018310547,223.83999633789062,218.0800018310547,218.9499969482422,8899500
2021-09-03,218.1699981689453,218.1699981689453,221.17999267578125,217.4600067138672,219.4499969482422,6393500
2021-09-07,214.24000549316406,214.24000549316406,216.7100067138672,212.1699981689453,215.91000366210938,13196100
2021-09-08,211.3800048828125,211.3800048828125,216.0800018310547,210.50999450683594,213.60000610351562,8877600
2021-09-09,213.94000244140625,213.94000244140625,216.61000061035156,210.72000122070312,211.14999389648438,9242800
2021-09-10,210.3000030517578,210.3000030517578,215.88999938964844,210.1199951171875,215.16000366210938,6959700
2021-09-13,214.47999572753906,214.47999572753906,215.63999938964844,209.8800048828125,211.35000610351562,10175900
2021-09-14,211.57000732421875,211.57000732421875,216.11000061035156,210.7100067138672,215.83999633789062,9947000
2021-09-15,214.22000122070312,214.22000122070312,214.35000610351562,210.32000732421875,211.7899932861328,7916300
2021-09-16,213.36000061035156,213.36000061035156,216.30999755859375,213.30999755859375,213.9600067138672,6370900
2021-09-17,213.36000061035156,213.36000061035156,215.3699951171875,211.91000366210938,213.1199951171875,7932700
2021-09-20,209.5,209.5,212.42999267578125,206.52999877929688,210.80999755859375,10567400
2021-09-21,208.50999450683594,208.50999450683594,211.75999450683594,207.72000122070312,210.25,7139000
2021-09-22,216.97999572753906,216.97999572753906,217.99000549316406,209.64999389648438,210.0,10953000
2021-09-23,221.10000610351562,221.10000610351562,222.6199951171875,217.14999389648438,217.80999755859375,9344600
2021-09-24,221.38999938964844,221.38999938964844,222.41000366210938,218.66000366210938,219.1300048828125,6498200
2021-09-27,224.16000366210938,224.16000366210938,228.60000610351562,223.8800048828125,224.0,9749200
2021-09-28,218.41000366210938,218.41000366210938,224.5800018310547,216.4199981689453,222.89999389648438,9639800
2021-09-29,225.36000061035156,225.36000061035156,229.94000244140625,224.86000061035156,227.8000030517578,16808000
2021-09-30,219.94000244140625,219.94000244140625,226.14999389648438,219.4600067138672,226.0800018310547,10366900
2021-10-01,226.0,226.0,226.72000122070312,220.60000610351562,222.85000610351562,9113600
2021-10-04,223.7899932861328,223.7899932861328,227.97000122070312,222.0,225.67999267578125,6946100
2021-10-05,224.4199981689453,224.4199981689453,226.4499969482422,222.4199981689453,224.27000427246094,5687300
2021-10-06,224.99000549316406,224.99000549316406,225.07000732421875,219.1999969482422,221.0800018310547,7157600
2021-10-07,226.47999572753906,226.47999572753906,229.0,225.89999389648438,227.33999633789062,7748500
2021-10-08,226.38999938964844,226.38999938964844,228.7100067138672,225.39999389648438,226.75,4515000
2021-10-11,226.4499969482422,226.4499969482422,232.10000610351562,225.32000732421875,226.5,7287000
2021-10-12,223.57000732421875,223.57000732421875,228.66000366210938,223.1199951171875,226.0,8486800
2021-10-13,221.77999877929688,221.77999877929688,224.3000030517578,219.36000061035156,224.0,8240200
2021-10-14,217.44000244140625,217.44000244140625,222.17999267578125,217.0399932861328,221.07000732421875,10427300
2021-10-15,217.0399932861328,217.0399932861328,219.61000061035156,216.27999877929688,218.1699981689453,8773400
2021-10-18,216.97999572753906,216.97999572753906,217.27999877929688,214.0500030517578,216.0,6553500
2021-10-19,215.97000122070312,215.97000122070312,217.66000366210938,215.27999877929688,217.47000122070312,5963400
2021-10-20,216.1699981689453,216.1699981689453,218.66000366210938,214.35000610351562,215.49000549316406,8485200
2021-10-21,214.33999633789062,214.33999633789062,218.11000061035156,213.80999755859375,216.5399932861328,8691500
2021-10-22,212.97000122070312,212.97000122070312,216.72000122070312,212.5800018310547,214.60000610351562,7077600
2021-10-25,212.8699951171875,212.8699951171875,213.97999572753906,211.6999969482422,213.25,7239100
2021-10-26,209.80999755859375,209.80999755859375,214.85000610351562,208.17999267578125,213.19000244140625,11014500
2021-10-27,206.61000061035156,206.61000061035156,212.89999389648438,205.63999938964844,212.85000610351562,14761700
2021-10-28,207.85000610351562,207.85000610351562,208.74000549316406,204.60000610351562,206.0,8825500
2021-10-29,207.02999877929688,207.02999877929688,208.24000549316406,205.2899932861328,206.83999633789062,8559500
2021-11-01,214.5800018310547,214.5800018310547,214.69000244140625,206.80999755859375,207.0,9284900
2021-11-02,212.77000427246094,212.77000427246094,215.72000122070312,210.6999969482422,213.8300018310547,6160200
2021-11-03,213.3800048828125,213.3800048828125,213.75999450683594,210.8699951171875,211.47000122070312,4636100
2021-11-04,213.02999877929688,213.02999877929688,214.82000732421875,211.8699951171875,213.8000030517578,5849600
2021-11-05,224.4600067138672,224.4600067138672,224.5800018310547,217.6999969482422,217.6999969482422,16936300
2021-11-08,222.67999267578125,222.67999267578125,226.99000549316406,222.11000061035156,225.24000549316406,9456100
2021-11-09,220.7899932861328,220.7899932861328,222.85000610351562,217.5399932861328,222.49000549316406,6863700
2021-11-10,218.5,218.5,225.67999267578125,217.27000427246094,219.36000061035156,8197600
2021-11-11,219.3800048828125,219.3800048828125,222.64999389648438,218.89999389648438,220.5,6567300
2021-11-12,220.9600067138672,220.9600067138672,223.75,218.89999389648438,219.72000122070312,6419900
2021-11-15,233.08999633789062,233.08999633789062,233.94000244140625,226.9199981689453,227.3699951171875,21921900
2021-11-16,225.8000030517578,225.8000030517578,232.9499969482422,225.50999450683594,232.94000244140625,10120200
2021-11-17,226.6199951171875,226.6199951171875,231.32000732421875,224.1999969482422,229.5399932861328,10750900
2021-11-18,227.25,227.25,231.5,224.9499969482422,230.3000030517578,10983700
2021-11-19,214.1300048828125,214.1300048828125,225.3300018310547,213.22999572753906,225.07000732421875,20844100
2021-11-22,209.89999389648438,209.89999389648438,215.02000427246094,208.9499969482422,215.0,10764300
2021-11-23,209.1300048828125,209.1300048828125,212.99000549316406,207.77000427246094,211.5,8882800
2021-11-24,210.60000610351562,210.60000610351562,211.22000122070312,206.8699951171875,207.52000427246094,5437600
2021-11-26,199.2100067138672,199.2100067138672,199.4199981689453,194.0,197.57000732421875,17636600
2021-11-29,198.5,198.5,204.27999877929688,195.3300018310547,201.8699951171875,12276200
2021-11-30,197.85000610351562,197.85000610351562,198.82000732421875,193.85000610351562,196.02000427246094,12638900
2021-12-01,188.19000244140625,188.19000244140625,201.6199951171875,188.0,200.80999755859375,13268700
2021-12-02,202.3800048828125,202.3800048828125,202.5399932861328,192.41000366210938,196.8000030517578,20435400
2021-12-03,198.49000549316406,198.49000549316406,199.89999389648438,195.4199981689453,198.6999969482422,10742700
2021-12-06,205.8800048828125,205.8800048828125,206.4199981689453,199.1999969482422,199.77000427246094,11587900
2021-12-07,208.8300018310547,208.8300018310547,211.64999389648438,206.3800048828125,207.05999755859375,10387900
2021-12-08,211.02999877929688,211.02999877929688,212.67999267578125,207.7100067138672,209.17999267578125,6986800
2021-12-09,207.55999755859375,207.55999755859375,208.5500030517578,205.1999969482422,207.52999877929688,7011000
2021-12-10,205.05999755859375,205.05999755859375,209.0,203.47999572753906,208.80999755859375,6040000
2021-12-13,197.39999389648438,197.39999389648438,202.80999755859375,195.5500030517578,202.5,10619600
2021-12-14,195.5,195.5,200.5,195.17999267578125,195.60000610351562,8445100
2021-12-15,195.42999267578125,195.42999267578125,196.5800018310547,190.32000732421875,195.27999877929688,10535900
2021-12-16,190.7899932861328,190.7899932861328,198.32000732421875,190.44000244140625,197.0,8216800
2021-12-17,192.6300048828125,192.6300048828125,194.77000427246094,187.8800048828125,190.27000427246094,12618300
2021-12-20,188.47999572753906,188.47999572753906,190.36000061035156,185.25999450683594,188.11000061035156,10256400
2021-12-21,199.52000427246094,199.52000427246094,199.69000244140625,190.0399932861328,190.27999877929688,12082300
2021-12-22,201.69000244140625,201.69000244140625,202.92999267578125,197.94000244140625,199.4600067138672,8145300
2021-12-23,204.22000122070312,204.22000122070312,205.1300048828125,201.32000732421875,202.1300048828125,7415200
2021-12-27,203.1699981689453,203.1699981689453,203.42999267578125,199.10000610351562,201.99000549316406,7818900
2021-12-28,206.1300048828125,206.1300048828125,208.94000244140625,201.64999389648438,202.22999572753906,8879700
2021-12-29,203.66000366210938,203.66000366210938,205.41000366210938,202.60000610351562,205.36000061035156,6119000
2021-12-30,202.7100067138672,202.7100067138672,206.0,202.60000610351562,203.0,7012600
2021-12-31,201.32000732421875,201.32000732421875,203.69000244140625,200.02999877929688,202.1999969482422,8053000
2022-01-03,207.86000061035156,207.86000061035156,210.5500030517578,203.33999633789062,204.0,9060200
2022-01-04,213.6300048828125,213.6300048828125,214.55999755859375,209.77999877929688,211.3000030517578,11414600
2022-01-05,213.07000732421875,213.07000732421875,218.92999267578125,211.80999755859375,216.63999938964844,11564700
2022-01-06,211.33999633789062,211.33999633789062,216.0,207.86000061035156,214.63999938964844,7142200
2022-01-07,215.5,215.5,218.32000732421875,212.3800048828125,212.97999572753906,9526400
2022-01-10,209.30999755859375,209.30999755859375,215.27999877929688,207.1300048828125,214.25999450683594,8229000
2022-01-11,216.02000427246094,216.02000427246094,217.02999877929688,208.41000366210938,209.0,8098400
2022-01-12,217.4499969482422,217.4499969482422,221.24000549316406,216.3000030517578,217.08999633789062,9134500
2022-01-13,223.89999389648438,223.89999389648438,226.88999938964844,220.0500030517578,222.25,17628000
2022-01-14,225.9600067138672,225.9600067138672,226.1999969482422,220.25,222.16000366210938,8053500
2022-01-18,225.00999450683594,225.00999450683594,229.6699981689453,224.25999450683594,224.5,8930700
2022-01-19,217.0800018310547,217.0800018310547,225.4199981689453,216.94000244140625,225.10000610351562,9382800
2022-01-20,214.19000244140625,214.19000244140625,221.9499969482422,213.4199981689453,217.3800048828125,7636800
2022-01-21,205.44000244140625,205.44000244140625,213.7899932861328,204.57000732421875,213.7899932861328,11548500
2022-01-24,204.1999969482422,204.1999969482422,204.8000030517578,192.50999450683594,199.85000610351562,13796500
2022-01-25,204.10000610351562,204.10000610351562,205.6300048828125,197.5500030517578,200.10000610351562,8824500
2022-01-26,194.27000427246094,194.27000427246094,206.2100067138672,191.9199981689453,206.2100067138672,19974400
2022-01-27,189.75,189.75,199.7100067138672,188.63999938964844,196.3800048828125,12670100
2022-01-28,190.57000732421875,190.57000732421875,190.72000122070312,183.77000427246094,188.77999877929688,10966700
2022-01-31,200.24000549316406,200.24000549316406,200.33999633789062,190.0,190.72999572753906,15504600
2022-02-01,208.33999633789062,208.33999633789062,208.88999938964844,200.5,202.47999572753906,12265100
2022-02-02,207.52000427246094,207.52000427246094,208.38999938964844,203.2100067138672,205.42999267578125,7843700
2022-02-03,206.38999938964844,206.38999938964844,209.10000610351562,204.25999450683594,206.05999755859375,7054700
2022-02-04,206.4499969482422,206.4499969482422,208.25,203.10000610351562,205.0,5952600
2022-02-07,211.9199981689453,211.9199981689453,214.3699951171875,205.4199981689453,205.7899932861328,11816900
2022-02-08,213.27000427246094,213.27000427246094,213.8699951171875,209.69000244140625,212.67999267578125,7356200
2022-02-09,215.86000061035156,215.86000061035156,217.0399932861328,213.3000030517578,214.91000366210938,7587700
2022-02-10,218.75,218.75,223.22999572753906,213.6999969482422,213.7100067138672,11695900
2022-02-11,212.3000030517578,212.3000030517578,221.4199981689453,210.27000427246094,217.8699951171875,11443700
2022-02-14,210.0399932861328,210.0399932861328,215.6300048828125,208.75999450683594,213.0,6481400
2022-02-15,217.72999572753906,217.72999572753906,219.5399932861328,213.69000244140625,214.83999633789062,10448500
2022-02-16,218.92999267578125,218.92999267578125,219.67999267578125,215.27999877929688,216.10000610351562,5698900
2022-02-17,213.5800018310547,213.5800018310547,218.5800018310547,212.6699981689453,218.47000122070312,6176600
2022-02-18,209.02999877929688,209.02999877929688,214.72999572753906,208.60000610351562,212.55999755859375,6973600
2022-02-22,198.74000549316406,198.74000549316406,206.89999389648438,197.82000732421875,205.0,10382100
2022-02-23,196.4199981689453,196.4199981689453,203.25,195.91000366210938,201.1300048828125,7326300
2022-02-24,198.42999267578125,198.42999267578125,198.86000061035156,186.8800048828125,189.2899932861328,12207600
2022-02-25,201.47999572753906,201.47999572753906,204.07000732421875,199.10000610351562,201.08999633789062,8730300
2022-02-28,205.33999633789062,205.33999633789062,207.30999755859375,196.75,198.5800018310547,9859300
2022-03-01,194.91000366210938,194.91000366210938,203.5,192.92999267578125,203.11000061035156,11799500
2022-03-02,197.80999755859375,197.80999755859375,199.85000610351562,194.63999938964844,196.27000427246094,7463400
2022-03-03,188.85000610351562,188.85000610351562,198.5,188.7100067138672,197.94000244140625,12424500
2022-03-04,180.83999633789062,180.83999633789062,188.32000732421875,178.97000122070312,187.3699951171875,13084000
2022-03-07,169.1699981689453,169.1699981689453,182.72000122070312,169.05999755859375,181.02999877929688,12847500
2022-03-08,173.8000030517578,173.8000030517578,180.82000732421875,167.5800018310547,169.72999572753906,13715500
2022-03-09,178.55999755859375,178.55999755859375,182.8699951171875,177.41000366210938,179.8000030517578,10062100
2022-03-10,178.38999938964844,178.38999938964844,182.02000427246094,175.38999938964844,175.75999450683594,8364100
2022-03-11,176.22999572753906,176.22999572753906,184.86000061035156,175.9499969482422,183.58999633789062,9373600
2022-03-14,175.52000427246094,175.52000427246094,178.22999572753906,172.57000732421875,175.8800048828125,8138900
2022-03-15,179.88999938964844,179.88999938964844,180.5,175.60000610351562,176.3000030517578,8051500
2022-03-16,188.99000549316406,188.99000549316406,189.60000610351562,182.3000030517578,183.38999938964844,12077500
2022-03-17,190.19000244140625,190.19000244140625,190.24000549316406,185.27000427246094,186.36000061035156,8126600
2022-03-18,192.8300018310547,192.8300018310547,193.3800048828125,190.10000610351562,192.07000732421875,12849600
2022-03-21,185.89999389648438,185.89999389648438,187.27000427246094,180.61000061035156,184.39999389648438,27369600
2022-03-22,191.0399932861328,191.0399932861328,192.86000061035156,184.52000427246094,185.24000549316406,14378500
2022-03-23,186.0399932861328,186.0399932861328,190.16000366210938,185.02999877929688,189.6699981689453,8297800
2022-03-24,189.0500030517578,189.0500030517578,189.19000244140625,184.72000122070312,186.35000610351562,7094400
2022-03-25,188.9499969482422,188.9499969482422,191.6999969482422,186.92999267578125,187.75999450683594,6365600
2022-03-28,188.16000366210938,188.16000366210938,189.25999450683594,184.47000122070312,188.42999267578125,6904100
2022-03-29,193.8000030517578,193.8000030517578,196.36000061035156,191.1999969482422,191.6199951171875,8438700
2022-03-30,194.91000366210938,194.91000366210938,197.4499969482422,191.36000061035156,192.32000732421875,9959300
2022-03-31,191.5,191.5,197.5800018310547,191.4499969482422,195.0,6447900
2022-04-01,190.75999450683594,190.75999450683594,192.6199951171875,188.77999877929688,192.5800018310547,4862100
2022-04-04,191.17999267578125,191.17999267578125,191.83999633789062,186.91000366210938,190.02000427246094,7792100
2022-04-05,182.64999389648438,182.64999389648438,192.35000610351562,182.52000427246094,189.6999969482422,9371600
2022-04-06,178.72000122070312,178.72000122070312,180.57000732421875,176.5800018310547,180.39999389648438,8173900
2022-04-07,177.97000122070312,177.97000122070312,178.66000366210938,173.8699951171875,178.1300048828125,7517800
2022-04-08,175.1999969482422,175.1999969482422,178.1300048828125,174.24000549316406,176.5399932861328,6524100
2022-04-11,175.02999877929688,175.02999877929688,179.6699981689453,173.39999389648438,173.83999633789062,6001100
2022-04-12,176.27999877929688,176.27999877929688,178.5,174.52999877929688,175.5,6125100
2022-04-13,182.8699951171875,182.8699951171875,183.4600067138672,176.9600067138672,176.9600067138672,7399900
2022-04-14,181.94000244140625,181.94000244140625,185.5399932861328,181.63999938964844,182.75,5144600
2022-04-18,179.85000610351562,179.85000610351562,182.4600067138672,178.5500030517578,181.4499969482422,5042600
2022-04-19,185.97999572753906,185.97999572753906,187.61000061035156,180.27999877929688,180.36000061035156,7485600
2022-04-20,183.5500030517578,183.5500030517578,187.33999633789062,182.86000061035156,187.24000549316406,6824300
2022-04-21,181.02000427246094,181.02000427246094,189.85000610351562,180.5500030517578,188.72999572753906,7446100
2022-04-22,176.9199981689453,176.9199981689453,182.6699981689453,176.5,180.77999877929688,6372400
2022-04-25,175.91000366210938,175.91000366210938,176.0800018310547,172.4499969482422,174.50999450683594,6293100
2022-04-26,167.0399932861328,167.0399932861328,174.8699951171875,166.85000610351562,174.75999450683594,9277300
2022-04-27,154.4600067138672,154.4600067138672,161.25,146.0,161.25,40371700
2022-04-28,154.22000122070312,154.22000122070312,156.7899932861328,149.0,156.61000061035156,13518800
2022-04-29,148.83999633789062,148.83999633789062,157.02999877929688,148.52000427246094,153.44000244140625,10880300
2022-05-02,148.61000061035156,148.61000061035156,149.4499969482422,143.3800048828125,148.02000427246094,12399200
2022-05-03,153.5800018310547,153.5800018310547,154.4499969482422,147.91000366210938,149.08999633789062,10149500
2022-05-04,156.97000122070312,156.97000122070312,157.13999938964844,150.77000427246094,152.91000366210938,9550600
2022-05-05,150.47000122070312,150.47000122070312,157.99000549316406,149.0500030517578,155.69000244140625,7950800
2022-05-06,148.89999389648438,148.89999389648438,150.89999389648438,145.85000610351562,149.9600067138672,7697900
2022-05-09,133.30999755859375,133.30999755859375,146.9499969482422,132.64999389648438,146.0,12593800
2022-05-10,132.9499969482422,132.9499969482422,137.83999633789062,130.3300018310547,136.75999450683594,11781400
2022-05-11,129.38999938964844,129.38999938964844,138.9600067138672,129.11000061035156,132.9499969482422,11388400
2022-05-12,123.13999938964844,123.13999938964844,128.52999877929688,120.27999877929688,126.88999938964844,15891300
2022-05-13,127.19999694824219,127.19999694824219,130.8000030517578,122.37999725341797,124.9800033569336,20891500
2022-05-16,124.05000305175781,124.05000305175781,131.1199951171875,122.3499984741211,127.05000305175781,10631600
2022-05-17,132.0500030517578,132.0500030517578,132.8300018310547,125.79000091552734,126.91000366210938,12154200
2022-05-18,125.5199966430664,125.5199966430664,132.10000610351562,124.36000061035156,130.33999633789062,9567600
2022-05-19,127.13999938964844,127.13999938964844,128.39999389648438,123.69999694824219,124.4000015258789,8075800
2022-05-20,120.69999694824219,120.69999694824219,128.85000610351562,117.08000183105469,128.77000427246094,18822200
2022-05-23,124.06999969482422,124.06999969482422,124.4800033569336,120.33999633789062,121.69999694824219,9341500
2022-05-24,119.4000015258789,119.4000015258789,122.69999694824219,117.29000091552734,122.44000244140625,9092400
2022-05-25,122.05999755859375,122.05999755859375,122.5999984741211,118.76000213623047,119.16999816894531,7707900
2022-05-26,127.7300033569336,127.7300033569336,128.83999633789062,122.73999786376953,123.0999984741211,8333900
2022-05-27,132.22999572753906,132.22999572753906,132.22999572753906,128.32000732421875,128.77000427246094,7261500
2022-05-31,131.39999389648438,131.39999389648438,132.99000549316406,128.86000061035156,131.02999877929688,7953700
2022-06-01,130.64999389648438,130.64999389648438,134.3300018310547,127.01000213623047,133.0,9991600
2022-06-02,140.5,140.5,140.5500030517578,131.8699951171875,132.13999938964844,12777000
2022-06-03,139.25,139.25,140.6999969482422,137.58999633789062,138.52000427246094,10091800
2022-06-06,139.24000549316406,139.24000549316406,141.13999938964844,136.8300018310547,139.99000549316406,6354800
2022-06-07,140.82000732421875,140.82000732421875,141.24000549316406,135.91000366210938,137.49000549316406,5436100
2022-06-08,139.6300048828125,139.6300048828125,142.2100067138672,138.44000244140625,139.1300048828125,5833700
2022-06-09,133.72999572753906,133.72999572753906,139.66000366210938,133.6999969482422,139.35000610351562,6010100
2022-06-10,127.0,127.0,132.19000244140625,126.8499984741211,130.27000427246094,7770700
2022-06-13,115.86000061035156,115.86000061035156,123.25,114.13999938964844,123.0,16778500
2022-06-14,122.16000366210938,122.16000366210938,122.19000244140625,113.0199966430664,116.6500015258789,17549800
2022-06-15,133.72000122070312,133.72000122070312,134.99000549316406,123.83000183105469,124.3499984741211,25997800
2022-06-16,133.36000061035156,133.36000061035156,135.33999633789062,131.25999450683594,131.6999969482422,19543600
2022-06-17,136.8000030517578,136.8000030517578,138.97999572753906,131.5,132.25,16042500
2022-06-21,136.75,136.75,140.94000244140625,135.83999633789062,139.1699981689453,10519900
2022-06-22,137.16000366210938,137.16000366210938,138.7899932861328,133.27999877929688,134.02999877929688,7713300
2022-06-23,133.97000122070312,133.97000122070312,137.4199981689453,130.08999633789062,136.4199981689453,10746900
2022-06-24,141.52999877929688,141.52999877929688,141.8699951171875,134.9499969482422,135.00999450683594,13626200
2022-06-27,138.72000122070312,138.72000122070312,140.57000732421875,136.22000122070312,140.27999877929688,8457400
2022-06-28,138.6999969482422,138.6999969482422,147.17999267578125,138.5399932861328,140.88999938964844,12125400
2022-06-29,138.4499969482422,138.4499969482422,138.9199981689453,134.83999633789062,138.61000061035156,7489200
2022-06-30,136.72000122070312,136.72000122070312,137.49000549316406,131.60000610351562,134.3000030517578,8455100
2022-07-01,139.83999633789062,139.83999633789062,141.7899932861328,135.39999389648438,135.8800048828125,7627100
2022-07-05,137.6999969482422,137.6999969482422,138.07000732421875,131.2899932861328,136.25,10065900
2022-07-06,136.30999755859375,136.30999755859375,138.7100067138672,134.4600067138672,137.5399932861328,6608000
2022-07-07,139.97000122070312,139.97000122070312,142.27999877929688,137.89999389648438,137.92999267578125,7674400
2022-07-08,139.07000732421875,139.07000732421875,140.74000549316406,137.3699951171875,139.6999969482422,5655500
2022-07-11,136.99000549316406,136.99000549316406,139.24000549316406,134.88999938964844,137.77000427246094,6176500
2022-07-12,147.14999389648438,147.14999389648438,149.32000732421875,136.80999755859375,136.86000061035156,18598200
2022-07-13,143.9499969482422,143.9499969482422,146.41000366210938,142.17999267578125,142.7899932861328,9038700
2022-07-14,147.14999389648438,147.14999389648438,147.49000549316406,140.61000061035156,141.11000061035156,9456100
2022-07-15,147.74000549316406,147.74000549316406,149.74000549316406,144.64999389648438,149.1699981689453,7910400
2022-07-18,147.72000122070312,147.72000122070312,155.94000244140625,147.1999969482422,153.30999755859375,13948500
2022-07-19,156.1300048828125,156.1300048828125,156.27999877929688,148.97000122070312,149.61000061035156,14183000
2022-07-20,158.3800048828125,158.3800048828125,159.39999389648438,154.25999450683594,156.0,8668600
2022-07-21,161.41000366210938,161.41000366210938,161.66000366210938,156.19000244140625,158.88999938964844,8044100
2022-07-22,158.16000366210938,158.16000366210938,163.33999633789062,157.77000427246094,161.8000030517578,7594900
2022-07-25,156.63999938964844,156.63999938964844,157.30999755859375,152.83999633789062,156.94000244140625,5764700
2022-07-26,155.9199981689453,155.9199981689453,158.17999267578125,154.5,155.24000549316406,6053100
2022-07-27,156.08999633789062,156.08999633789062,162.74000549316406,152.8000030517578,161.1199951171875,16356600
2022-07-28,159.08999633789062,159.08999633789062,160.10000610351562,153.02999877929688,154.02000427246094,8729100
2022-07-29,159.30999755859375,159.30999755859375,159.83999633789062,155.5399932861328,157.9499969482422,5743500
2022-08-01,169.07000732421875,169.07000732421875,171.75999450683594,164.25,165.9499969482422,18321600
2022-08-02,163.27999877929688,163.27999877929688,167.3300018310547,163.13999938964844,167.0,10874300
2022-08-03,166.63999938964844,166.63999938964844,167.52000427246094,162.3300018310547,164.50999450683594,6709100
2022-08-04,166.5,166.5,168.1199951171875,164.41000366210938,165.77000427246094,5039600
2022-08-05,165.0399932861328,165.0399932861328,167.07000732421875,163.92999267578125,164.39999389648438,4709100
2022-08-08,165.88999938964844,165.88999938964844,171.08999633789062,164.7100067138672,166.41000366210938,11293200
2022-08-09,164.85000610351562,164.85000610351562,166.50999450683594,163.4499969482422,166.50999450683594,6064800
2022-08-10,169.02000427246094,169.02000427246094,171.13999938964844,167.25,168.35000610351562,7181700
2022-08-11,167.8800048828125,167.8800048828125,171.75999450683594,167.0500030517578,170.5,4996800
2022-08-12,169.99000549316406,169.99000549316406,170.11000061035156,167.57000732421875,168.38999938964844,4345200
2022-08-15,170.47000122070312,170.47000122070312,172.5500030517578,168.32000732421875,169.2899932861328,4734700
2022-08-16,172.0800018310547,172.0800018310547,173.85000610351562,169.14999389648438,170.0,5259600
2022-08-17,167.1999969482422,167.1999969482422,169.85000610351562,166.08999633789062,169.61000061035156,6533500
2022-08-18,168.69000244140625,168.69000244140625,169.17999267578125,165.77000427246094,167.1999969482422,4404600
2022-08-19,162.9199981689453,162.9199981689453,166.83999633789062,162.5800018310547,166.3300018310547,5736100
2022-08-22,158.97999572753906,158.97999572753906,160.27000427246094,157.91000366210938,159.39999389648438,5312300
2022-08-23,160.07000732421875,160.07000732421875,161.69000244140625,159.0800018310547,159.13999938964844,3425200
2022-08-24,163.60000610351562,163.60000610351562,164.13999938964844,161.3800048828125,162.27000427246094,4211300
2022-08-25,169.3800048828125,169.3800048828125,169.64999389648438,163.6999969482422,164.55999755859375,4949400
2022-08-26,164.52999877929688,164.52999877929688,171.3699951171875,164.27000427246094,170.0,4957400
2022-08-29,165.4199981689453,165.4199981689453,166.89999389648438,162.1999969482422,162.27999877929688,4727600
2022-08-30,162.2100067138672,162.2100067138672,169.9199981689453,160.72000122070312,167.27000427246094,6248600
2022-08-31,160.25,160.25,163.5500030517578,160.13999938964844,163.0,4123500
2022-09-01,153.66000366210938,153.66000366210938,158.89999389648438,150.82000732421875,158.0,7652000
2022-09-02,151.82000732421875,151.82000732421875,156.99000549316406,151.47999572753906,155.19000244140625,5262800
2022-09-06,152.38999938964844,152.38999938964844,154.47999572753906,150.4600067138672,152.38999938964844,5210500
2022-09-07,155.9499969482422,155.9499969482422,156.35000610351562,150.8699951171875,151.25999450683594,5298600
2022-09-08,157.7899932861328,157.7899932861328,158.3000030517578,153.83999633789062,155.0,4949100
2022-09-09,157.52000427246094,157.52000427246094,159.75,156.9499969482422,158.0,5775800
2022-09-12,158.72000122070312,158.72000122070312,160.97000122070312,157.4499969482422,158.4600067138672,5363100
2022-09-13,147.30999755859375,147.30999755859375,155.19000244140625,147.1300048828125,153.60000610351562,8724900
2022-09-14,149.25999450683594,149.25999450683594,149.6999969482422,144.3000030517578,146.89999389648438,8478000
2022-09-15,149.77999877929688,149.77999877929688,153.4499969482422,147.27999877929688,147.8800048828125,9792800
2022-09-16,144.2899932861328,144.2899932861328,145.6300048828125,141.35000610351562,145.22999572753906,10310700
2022-09-19,144.8800048828125,144.8800048828125,146.99000549316406,142.35000610351562,142.6199951171875,5150700
2022-09-20,145.94000244140625,145.94000244140625,147.6699981689453,143.89999389648438,145.25999450683594,6737600
2022-09-21,143.2899932861328,143.2899932861328,149.8699951171875,143.2100067138672,146.77000427246094,6244300
2022-09-22,138.7100067138672,138.7100067138672,143.6999969482422,138.2899932861328,143.1300048828125,6311800
2022-09-23,131.25999450683594,131.25999450683594,136.19000244140625,129.5,135.64999389648438,8927900
2022-09-26,127.33999633789062,127.33999633789062,132.4499969482422,126.87999725341797,129.77000427246094,7095100
2022-09-27,127.51000213623047,127.51000213623047,130.4499969482422,125.5999984741211,129.32000732421875,6682300
2022-09-28,133.44000244140625,133.44000244140625,133.88999938964844,127.4000015258789,128.0399932861328,10257200
2022-09-29,125.33000183105469,125.33000183105469,131.61000061035156,123.80000305175781,131.1999969482422,8905400
2022-09-30,121.08000183105469,121.08000183105469,125.4800033569336,120.98999786376953,123.13999938964844,8383000
2022-10-03,126.05000305175781,126.05000305175781,127.1500015258789,121.0199966430664,122.0,7962400
2022-10-04,133.50999450683594,133.50999450683594,133.57000732421875,129.3300018310547,129.39999389648438,7235700
2022-10-05,132.11000061035156,132.11000061035156,133.5500030517578,128.25999450683594,130.27999877929688,6268300
2022-10-06,132.1999969482422,132.1999969482422,133.30999755859375,129.74000549316406,131.1300048828125,4454700
2022-10-07,129.7899932861328,129.7899932861328,130.61000061035156,128.02000427246094,130.36000061035156,5097400
2022-10-10,131.89999389648438,131.89999389648438,135.74000549316406,130.1999969482422,131.4199981689453,6829900
2022-10-11,131.57000732421875,131.57000732421875,135.36000061035156,129.50999450683594,132.9600067138672,8508400
2022-10-12,130.4199981689453,130.4199981689453,131.33999633789062,127.86000061035156,128.42999267578125,6393000
2022-10-13,132.39999389648438,132.39999389648438,134.6999969482422,124.16999816894531,126.5,7842300
2022-10-14,133.14999389648438,133.14999389648438,136.41000366210938,131.3699951171875,135.58999633789062,6093900
2022-10-17,136.08999633789062,136.08999633789062,137.27999877929688,133.25999450683594,136.97999572753906,9073500
2022-10-18,137.33999633789062,137.33999633789062,139.4199981689453,135.22000122070312,139.0,6146300
2022-10-19,138.38999938964844,138.38999938964844,141.1999969482422,136.6300048828125,137.1699981689453,6321900
2022-10-20,139.1300048828125,139.1300048828125,141.8800048828125,138.36000061035156,138.36000061035156,4331700
2022-10-21,141.32000732421875,141.32000732421875,141.3300018310547,136.6199951171875,138.47999572753906,5451300
2022-10-24,142.0500030517578,142.0500030517578,142.8800048828125,139.27999877929688,142.85000610351562,5177800
2022-10-25,146.64999389648438,146.64999389648438,146.8800048828125,141.8800048828125,142.08999633789062,6515600
2022-10-26,133.7899932861328,133.7899932861328,150.13999938964844,132.2100067138672,147.0500030517578,29406500
2022-10-27,139.75999450683594,139.75999450683594,143.10000610351562,136.6199951171875,137.10000610351562,13754900
2022-10-28,143.83999633789062,143.83999633789062,144.72999572753906,139.92999267578125,141.16000366210938,7941100
2022-10-31,142.50999450683594,142.50999450683594,144.4499969482422,139.52000427246094,141.8800048828125,6212200
2022-11-01,143.3800048828125,143.3800048828125,145.25,141.83999633789062,143.99000549316406,5758600
2022-11-02,147.41000366210938,147.41000366210938,153.58999633789062,141.5399932861328,142.1199951171875,20236100
2022-11-03,156.75,156.75,158.69000244140625,147.5,148.7899932861328,16212600
2022-11-04,160.00999450683594,160.00999450683594,160.97999572753906,154.5,156.66000366210938,9396200
2022-11-07,164.91000366210938,164.91000366210938,166.6999969482422,160.6300048828125,161.39999389648438,10220300
2022-11-08,169.6199951171875,169.6199951171875,170.5500030517578,164.91000366210938,166.0,11274500
2022-11-09,168.74000549316406,168.74000549316406,171.6199951171875,166.86000061035156,169.2899932861328,8893800
2022-11-10,177.5800018310547,177.5800018310547,179.32000732421875,171.75,172.13999938964844,12375000
2022-11-11,177.49000549316406,177.49000549316406,178.02999877929688,172.99000549316406,176.39999389648438,8894300
2022-11-14,173.5500030517578,173.5500030517578,178.19000244140625,173.5,176.5,5598300
2022-11-15,175.35000610351562,175.35000610351562,176.69000244140625,172.75,175.49000549316406,7207900
2022-11-16,172.69000244140625,172.69000244140625,174.7899932861328,171.85000610351562,174.11000061035156,4438600
2022-11-17,172.77999877929688,172.77999877929688,173.14999389648438,168.52000427246094,169.3000030517578,4878600
2022-11-18,173.88999938964844,173.88999938964844,175.19000244140625,171.52999877929688,173.97999572753906,4693200
2022-11-21,172.94000244140625,172.94000244140625,174.72000122070312,171.1199951171875,172.52999877929688,3501800
2022-11-22,172.5,172.5,174.99000549316406,171.0,173.64999389648438,4370600
2022-11-23,174.85000610351562,174.85000610351562,175.0,171.77000427246094,172.08999633789062,3523500
2022-11-25,178.36000061035156,178.36000061035156,178.4600067138672,174.02999877929688,174.35000610351562,3476900
2022-11-28,171.8300018310547,171.8300018310547,177.13999938964844,171.6999969482422,176.1699981689453,5355500
2022-11-29,175.32000732421875,175.32000732421875,175.9499969482422,172.55999755859375,172.8800048828125,5077800
2022-11-30,178.8800048828125,178.8800048828125,179.97999572753906,174.1999969482422,178.0,6778700
2022-12-01,175.77999877929688,175.77999877929688,179.6999969482422,174.69000244140625,178.8800048828125,4517500
2022-12-02,182.8699951171875,182.8699951171875,183.4499969482422,172.85000610351562,173.1199951171875,10563800
2022-12-05,185.10000610351562,185.10000610351562,188.4499969482422,180.8000030517578,182.0,10456300
2022-12-06,178.42999267578125,178.42999267578125,184.7899932861328,177.00999450683594,184.00999450683594,8236900
2022-12-07,176.5,176.5,178.42999267578125,174.6199951171875,176.27999877929688,5871200
2022-12-08,179.0800018310547,179.0800018310547,184.8800048828125,178.61000061035156,179.32000732421875,6707700
2022-12-09,179.5399932861328,179.5399932861328,183.88999938964844,179.25,180.75,6359000
2022-12-12,186.27000427246094,186.27000427246094,186.69000244140625,180.5,180.8000030517578,8098400
2022-12-13,187.1300048828125,187.1300048828125,191.11000061035156,184.85000610351562,191.11000061035156,10975300
2022-12-14,188.25,188.25,189.6699981689453,185.41000366210938,187.3300018310547,5814900
2022-12-15,183.72000122070312,183.72000122070312,187.97999572753906,181.27999877929688,186.25,5343200
2022-12-16,184.6999969482422,184.6999969482422,186.61000061035156,181.3000030517578,182.7899932861328,7906800
2022-12-19,185.67999267578125,185.67999267578125,188.0399932861328,184.7100067138672,184.9199981689453,6605400
2022-12-20,188.2899932861328,188.2899932861328,189.91000366210938,185.74000549316406,186.17999267578125,6156800
2022-12-21,196.0,196.0,196.39999389648438,189.72000122070312,190.0399932861328,9175400
2022-12-22,188.25,188.25,194.1699981689453,185.6699981689453,193.82000732421875,6924800
2022-12-23,189.05999755859375,189.05999755859375,189.42999267578125,184.72000122070312,188.25,3983600
2022-12-27,189.39999389648438,189.39999389648438,192.44000244140625,187.6199951171875,189.5800018310547,5014800
2022-12-28,188.3800048828125,188.3800048828125,191.32000732421875,187.42999267578125,189.32000732421875,4426300
2022-12-29,188.91000366210938,188.91000366210938,190.25,186.19000244140625,189.0,4518900
2022-12-30,190.49000549316406,190.49000549316406,190.64999389648438,187.0399932861328,187.5,4007400
2023-01-03,195.38999938964844,195.38999938964844,197.17999267578125,192.39999389648438,192.9499969482422,8624600
2023-01-04,203.63999938964844,203.63999938964844,203.75999450683594,195.17999267578125,195.17999267578125,9746900
2023-01-05,204.99000549316406,204.99000549316406,204.99000549316406,200.77999877929688,201.72000122070312,6913300
2023-01-06,213.0,213.0,213.0399932861328,203.5500030517578,205.3000030517578,11256400
2023-01-09,208.57000732421875,208.57000732421875,213.8800048828125,207.91000366210938,212.36000061035156,9005600
2023-01-10,206.69000244140625,206.69000244140625,209.60000610351562,203.4600067138672,203.89999389648438,8183200
2023-01-11,208.02999877929688,208.02999877929688,210.47000122070312,206.69000244140625,209.8699951171875,7190700
2023-01-12,214.32000732421875,214.32000732421875,214.9199981689453,207.3699951171875,209.5800018310547,8208100
2023-01-13,214.1300048828125,214.1300048828125,216.63999938964844,211.5800018310547,212.0,6213200
2023-01-17,211.41000366210938,211.41000366210938,213.33999633789062,209.07000732421875,212.7100067138672,6150700
2023-01-18,209.41000366210938,209.41000366210938,213.4199981689453,209.1999969482422,212.89999389648438,5403100
2023-01-19,207.08999633789062,207.08999633789062,209.6699981689453,204.82000732421875,206.77000427246094,5813500
2023-01-20,206.75999450683594,206.75999450683594,207.99000549316406,204.77999877929688,207.47000122070312,5475400
2023-01-23,209.97000122070312,209.97000122070312,211.08999633789062,206.99000549316406,208.36000061035156,5481900
2023-01-24,211.97999572753906,211.97999572753906,212.14999389648438,205.0,205.0,4753700
2023-01-25,212.67999267578125,212.67999267578125,214.75,203.11000061035156,205.8000030517578,16106500
2023-01-26,212.72999572753906,212.72999572753906,213.7899932861328,207.1999969482422,213.47999572753906,7288100
2023-01-27,211.1699981689453,211.1699981689453,212.8800048828125,209.4199981689453,211.32000732421875,5237900
2023-01-30,209.6699981689453,209.6699981689453,211.36000061035156,207.7100067138672,209.19000244140625,6066800
2023-01-31,213.0,213.0,213.11000061035156,208.24000549316406,210.14999389648438,5163000
2023-02-01,214.75,214.75,218.97000122070312,211.89999389648438,212.11000061035156,8462100
2023-02-02,209.33999633789062,209.33999633789062,215.2899932861328,208.3000030517578,215.14999389648438,6513400
2023-02-03,206.00999450683594,206.00999450683594,210.75,205.6199951171875,207.7100067138672,5400300
2023-02-06,206.80999755859375,206.80999755859375,208.2100067138672,203.69000244140625,205.19000244140625,3903000
2023-02-07,214.75999450683594,214.75999450683594,215.14999389648438,206.9199981689453,208.0399932861328,7311200
2023-02-08,213.5,213.5,215.77000427246094,211.77999877929688,213.07000732421875,4229800
2023-02-09,211.99000549316406,211.99000549316406,215.4499969482422,210.05999755859375,214.4600067138672,5018900
2023-02-10,212.88999938964844,212.88999938964844,214.5,210.5,212.00999450683594,4862900
2023-02-13,215.64999389648438,215.64999389648438,216.36000061035156,211.5,213.60000610351562,5193300
2023-02-14,218.4499969482422,218.4499969482422,221.3300018310547,213.14999389648438,214.02000427246094,10033100
2023-02-15,217.44000244140625,217.44000244140625,218.25,214.60000610351562,217.16000366210938,4846800
2023-02-16,212.2100067138672,212.2100067138672,216.52000427246094,212.1699981689453,215.0,4388000
2023-02-17,211.66000366210938,211.66000366210938,211.75999450683594,207.6199951171875,211.2100067138672,4985700
2023-02-21,205.52000427246094,205.52000427246094,210.83999633789062,205.0500030517578,208.99000549316406,4663800
2023-02-22,205.75999450683594,205.75999450683594,207.6699981689453,204.64999389648438,205.30999755859375,2920000
2023-02-23,208.1300048828125,208.1300048828125,209.69000244140625,205.75999450683594,207.4499969482422,4139400
2023-02-24,198.14999389648438,198.14999389648438,201.6999969482422,197.36000061035156,200.0,9658700
2023-02-27,200.4600067138672,200.4600067138672,203.1300048828125,199.05999755859375,199.8699951171875,4318900
2023-02-28,201.5500030517578,201.5500030517578,202.3800048828125,199.32000732421875,201.0,3589900
2023-03-01,204.5500030517578,204.5500030517578,205.44000244140625,200.85000610351562,201.47000122070312,4402300
2023-03-02,210.05999755859375,210.05999755859375,210.3300018310547,203.14999389648438,203.77999877929688,5451500
2023-03-03,215.11000061035156,215.11000061035156,216.1199951171875,209.39999389648438,210.25,7496800
2023-03-06,211.9199981689453,211.9199981689453,214.75,209.60000610351562,214.1199951171875,7004400
2023-03-07,207.9199981689453,207.9199981689453,213.17999267578125,207.77999877929688,211.30999755859375,4619700
2023-03-08,207.1999969482422,207.1999969482422,208.8800048828125,205.94000244140625,208.25,2406900
2023-03-09,201.24000549316406,201.24000549316406,209.02000427246094,200.3000030517578,208.32000732421875,4284000
2023-03-10,203.07000732421875,203.07000732421875,205.0,197.7899932861328,201.42999267578125,8547100
2023-03-13,203.3699951171875,203.3699951171875,207.0800018310547,197.11000061035156,200.1999969482422,6671200
2023-03-14,207.27999877929688,207.27999877929688,213.55999755859375,205.0,207.52999877929688,8245700
2023-03-15,198.2100067138672,198.2100067138672,202.2100067138672,192.41000366210938,201.9199981689453,10894200
2023-03-16,203.19000244140625,203.19000244140625,203.91000366210938,194.42999267578125,196.2100067138672,6747300
2023-03-17,201.0500030517578,201.0500030517578,202.8300018310547,199.0,201.35000610351562,9858900
2023-03-20,204.77000427246094,204.77000427246094,205.8699951171875,200.8699951171875,201.1199951171875,4764000
2023-03-21,204.6999969482422,204.6999969482422,207.86000061035156,203.88999938964844,207.3000030517578,4673300
2023-03-22,196.16000366210938,196.16000366210938,203.8300018310547,196.00999450683594,203.67999267578125,7311600
2023-03-23,197.89999389648438,197.89999389648438,201.5,195.13999938964844,197.89999389648438,6266900
2023-03-24,197.52999877929688,197.52999877929688,197.57000732421875,193.9199981689453,195.5,4511600
2023-03-27,200.57000732421875,200.57000732421875,201.5500030517578,198.6300048828125,198.6300048828125,3891700
2023-03-28,204.9600067138672,204.9600067138672,206.3000030517578,200.49000549316406,200.82000732421875,5460600
2023-03-29,207.97000122070312,207.97000122070312,208.64999389648438,205.8800048828125,206.5,3572200
2023-03-30,211.0399932861328,211.0399932861328,212.8699951171875,206.52000427246094,208.97000122070312,6583400
2023-03-31,212.42999267578125,212.42999267578125,214.8000030517578,211.38999938964844,211.75,5147500
2023-04-03,215.38999938964844,215.38999938964844,218.57000732421875,212.52999877929688,212.8000030517578,6085900
2023-04-04,213.89999389648438,213.89999389648438,213.99000549316406,209.1199951171875,212.0,6192300
2023-04-05,210.0,210.0,214.22999572753906,208.6699981689453,212.22999572753906,4138400
2023-04-06,211.3699951171875,211.3699951171875,212.3699951171875,208.22000122070312,210.0,5618100
2023-04-10,210.77999877929688,210.77999877929688,214.10000610351562,209.72999572753906,211.0,3729300
2023-04-11,212.32000732421875,212.32000732421875,214.5,211.86000061035156,213.2899932861328,5277500
2023-04-12,212.33999633789062,212.33999633789062,214.3000030517578,210.1300048828125,213.66000366210938,4600300
2023-04-13,213.58999633789062,213.58999633789062,213.67999267578125,211.5,213.0,4501600
2023-04-14,201.7100067138672,201.7100067138672,204.27999877929688,198.14999389648438,202.58999633789062,19066500
2023-04-17,205.02999877929688,205.02999877929688,206.10000610351562,200.8000030517578,202.0,6306800
2023-04-18,208.3699951171875,208.3699951171875,208.94000244140625,203.72000122070312,205.5,7445800
2023-04-19,208.7100067138672,208.7100067138672,210.8699951171875,206.94000244140625,207.1199951171875,4757400
2023-04-20,207.22999572753906,207.22999572753906,209.8800048828125,206.0800018310547,207.4199981689453,3322900
2023-04-21,205.14999389648438,205.14999389648438,208.3800048828125,204.17999267578125,208.0,3432300
2023-04-24,205.77000427246094,205.77000427246094,206.5,203.25,204.8699951171875,3058900
2023-04-25,202.19000244140625,202.19000244140625,204.94000244140625,201.1199951171875,204.5399932861328,4699500
2023-04-26,203.02999877929688,203.02999877929688,211.6999969482422,202.67999267578125,208.25,9137200
2023-04-27,206.0399932861328,206.0399932861328,209.08999633789062,203.52999877929688,204.64999389648438,5105200
2023-04-28,206.77999877929688,206.77999877929688,206.9499969482422,202.89999389648438,204.50999450683594,3716100
2023-05-01,203.8699951171875,203.8699951171875,208.52000427246094,203.6199951171875,206.25,3776800
2023-05-02,203.25,203.25,204.19000244140625,200.08999633789062,203.0,3970800
2023-05-03,200.92999267578125,200.92999267578125,206.10000610351562,200.5500030517578,204.36000061035156,4537900
2023-05-04,197.0500030517578,197.0500030517578,201.25,193.27000427246094,200.64999389648438,6934100
2023-05-05,198.33999633789062,198.33999633789062,199.0399932861328,196.75999450683594,198.08999633789062,3872200
2023-05-08,197.25999450683594,197.25999450683594,199.66000366210938,196.39999389648438,199.16000366210938,4677400
2023-05-09,201.8800048828125,201.8800048828125,204.61000061035156,198.77999877929688,201.2100067138672,9329500
2023-05-10,200.83999633789062,200.83999633789062,203.1999969482422,198.25,203.13999938964844,3923700
2023-05-11,201.83999633789062,201.83999633789062,202.5500030517578,198.07000732421875,199.38999938964844,3322000
2023-05-12,200.6999969482422,200.6999969482422,203.11000061035156,198.82000732421875,201.83999633789062,3169800
2023-05-15,202.77000427246094,202.77000427246094,203.32000732421875,198.64999389648438,200.00999450683594,2842700
2023-05-16,200.8699951171875,200.8699951171875,202.36000061035156,199.94000244140625,201.82000732421875,3012100
2023-05-17,206.8699951171875,206.8699951171875,208.5800018310547,202.7100067138672,202.7100067138672,6641900
2023-05-18,207.24000549316406,207.24000549316406,208.1699981689453,204.00999450683594,206.4499969482422,4349700
2023-05-19,205.49000549316406,205.49000549316406,208.3699951171875,204.6300048828125,208.11000061035156,3896200
2023-05-22,205.91000366210938,205.91000366210938,206.97999572753906,203.89999389648438,205.50999450683594,3094300
2023-05-23,202.60000610351562,202.60000610351562,207.49000549316406,202.4499969482422,204.5800018310547,4011100
2023-05-24,199.27000427246094,199.27000427246094,201.32000732421875,197.5,201.32000732421875,4371600
2023-05-25,200.8699951171875,200.8699951171875,201.75,196.60000610351562,199.99000549316406,3909200
2023-05-26,203.6300048828125,203.6300048828125,204.8000030517578,201.17999267578125,201.60000610351562,3820300
2023-05-30,204.69000244140625,204.69000244140625,207.8000030517578,203.30999755859375,204.08999633789062,3978200
2023-05-31,205.6999969482422,205.6999969482422,206.19000244140625,200.91000366210938,203.5,5461600
2023-06-01,207.9600067138672,207.9600067138672,210.22999572753906,206.0,206.4600067138672,5125100
2023-06-02,213.32000732421875,213.32000732421875,215.24000549316406,210.0,210.0,7486300
2023-06-05,208.77999877929688,208.77999877929688,213.27999877929688,207.5,213.27999877929688,4996800
2023-06-06,207.2899932861328,207.2899932861328,211.67999267578125,200.61000061035156,208.3699951171875,10957200
2023-06-07,211.92999267578125,211.92999267578125,212.3800048828125,207.1999969482422,207.99000549316406,6462400
2023-06-08,218.11000061035156,218.11000061035156,220.0,212.0500030517578,212.33999633789062,9359300
2023-06-09,217.30999755859375,217.30999755859375,219.16000366210938,215.69000244140625,217.99000549316406,5297800
2023-06-12,221.55999755859375,221.55999755859375,223.91000366210938,216.6300048828125,217.16000366210938,8065400
2023-06-13,220.3800048828125,220.3800048828125,223.1199951171875,219.35000610351562,222.35000610351562,5881000
2023-06-14,216.89999389648438,216.89999389648438,221.58999633789062,216.02999877929688,221.39999389648438,5629100
2023-06-15,219.41000366210938,219.41000366210938,220.61000061035156,215.30999755859375,217.1699981689453,5001400
2023-06-16,219.99000549316406,219.99000549316406,223.8699951171875,218.97999572753906,220.72000122070312,7803900
2023-06-20,212.3699951171875,212.3699951171875,219.2899932861328,211.8800048828125,218.88999938964844,8226400
2023-06-21,212.0800018310547,212.0800018310547,212.99000549316406,209.38999938964844,211.8300018310547,5356400
2023-06-22,205.61000061035156,205.61000061035156,208.5,203.64999389648438,205.61000061035156,7057500
2023-06-23,205.41000366210938,205.41000366210938,205.61000061035156,202.5500030517578,204.02000427246094,6338200
2023-06-26,205.5800018310547,205.5800018310547,207.08999633789062,204.66000366210938,206.11000061035156,3444900
2023-06-27,209.42999267578125,209.42999267578125,209.66000366210938,206.0800018310547,206.14999389648438,4465500
2023-06-28,210.72000122070312,210.72000122070312,212.19000244140625,209.4499969482422,211.2100067138672,4276100
2023-06-29,211.8300018310547,211.8300018310547,213.22000122070312,210.22999572753906,211.1199951171875,3443600
2023-06-30,211.16000366210938,211.16000366210938,213.24000549316406,209.3800048828125,213.13999938964844,5488700
2023-07-03,210.9199981689453,210.9199981689453,212.1699981689453,210.24000549316406,210.5,2143000
2023-07-05,213.30999755859375,213.30999755859375,214.27999877929688,207.88999938964844,210.0,4921000
2023-07-06,212.6199951171875,212.6199951171875,213.61000061035156,209.5800018310547,212.47999572753906,4674700
2023-07-07,212.10000610351562,212.10000610351562,215.66000366210938,211.8300018310547,212.94000244140625,4893600
2023-07-10,213.30999755859375,213.30999755859375,213.58999633789062,211.22000122070312,211.83999633789062,3497100
2023-07-11,218.75999450683594,218.75999450683594,218.97999572753906,211.35000610351562,212.9199981689453,7451400
2023-07-12,217.11000061035156,217.11000061035156,221.55999755859375,216.9199981689453,219.50999450683594,5123200
2023-07-13,216.85000610351562,216.85000610351562,218.89999389648438,216.3000030517578,218.1300048828125,4291700
2023-07-14,213.1199951171875,213.1199951171875,217.02000427246094,212.80999755859375,217.0,4294800
2023-07-17,211.8699951171875,211.8699951171875,214.22999572753906,211.74000549316406,212.5,3621500
2023-07-18,211.57000732421875,211.57000732421875,213.0399932861328,209.57000732421875,211.0,5895800
2023-07-19,208.60000610351562,208.60000610351562,211.8699951171875,208.24000549316406,211.1199951171875,4814100
2023-07-20,213.61000061035156,213.61000061035156,215.10000610351562,208.8000030517578,208.8300018310547,5782200
2023-07-21,211.8000030517578,211.8000030517578,215.60000610351562,211.63999938964844,213.88999938964844,4056800
2023-07-24,215.8699951171875,215.8699951171875,215.94000244140625,211.4600067138672,212.05999755859375,4898300
2023-07-25,214.1199951171875,214.1199951171875,214.82000732421875,210.80999755859375,214.1999969482422,6513300
2023-07-26,232.8000030517578,232.8000030517578,233.08999633789062,221.77000427246094,222.16000366210938,24923800
2023-07-27,233.75,233.75,238.6699981689453,231.8300018310547,235.25,12018300
2023-07-28,238.69000244140625,238.69000244140625,240.1300048828125,235.6999969482422,236.1199951171875,7054600
2023-07-31,238.85000610351562,238.85000610351562,239.07000732421875,236.2100067138672,238.99000549316406,4894900
2023-08-01,238.00999450683594,238.00999450683594,243.10000610351562,237.30999755859375,237.5500030517578,4975200
2023-08-02,231.3800048828125,231.3800048828125,236.67999267578125,230.69000244140625,234.99000549316406,5326700
2023-08-03,231.36000061035156,231.36000061035156,233.5800018310547,230.39999389648438,231.0,3282900
2023-08-04,231.36000061035156,231.36000061035156,234.91000366210938,230.0800018310547,232.2899932861328,3500700
2023-08-07,238.25,238.25,238.97999572753906,232.74000549316406,232.74000549316406,6068000
2023-08-08,238.0399932861328,238.0399932861328,240.72999572753906,236.0,236.52000427246094,5149200
2023-08-09,237.86000061035156,237.86000061035156,241.24000549316406,236.41000366210938,238.5399932861328,4044400
2023-08-10,238.25999450683594,238.25999450683594,241.5800018310547,237.0399932861328,238.4499969482422,3710800
2023-08-11,235.72000122070312,235.72000122070312,238.25999450683594,235.1199951171875,237.61000061035156,2652100
2023-08-14,236.7100067138672,236.7100067138672,238.64999389648438,235.75,237.0,2486300
2023-08-15,232.25999450683594,232.25999450683594,235.55999755859375,231.5399932861328,235.0,3201900
2023-08-16,229.9499969482422,229.9499969482422,234.6699981689453,229.60000610351562,231.5,2273300
2023-08-17,224.5399932861328,224.5399932861328,231.63999938964844,224.25999450683594,230.57000732421875,4359400
2023-08-18,226.64999389648438,226.64999389648438,226.7899932861328,221.67999267578125,222.22999572753906,3583200
2023-08-21,227.22000122070312,227.22000122070312,227.69000244140625,225.10000610351562,226.8000030517578,2734600
2023-08-22,230.07000732421875,230.07000732421875,230.47999572753906,226.92999267578125,228.0800018310547,3011000
2023-08-23,228.5800018310547,228.5800018310547,230.5399932861328,227.11000061035156,230.0,3004500
2023-08-24,217.30999755859375,217.30999755859375,224.1999969482422,217.08999633789062,222.50999450683594,9132600
2023-08-25,223.41000366210938,223.41000366210938,223.77000427246094,212.8800048828125,218.41000366210938,12352300
2023-08-28,227.05999755859375,227.05999755859375,227.4499969482422,223.2899932861328,224.2100067138672,4641800
2023-08-29,227.25,227.25,229.39999389648438,225.66000366210938,225.8800048828125,3716700
2023-08-30,228.85000610351562,228.85000610351562,231.1699981689453,226.64999389648438,227.0800018310547,3328300
2023-08-31,224.02999877929688,224.02999877929688,230.42999267578125,222.92999267578125,229.3300018310547,6953800
2023-09-01,223.39999389648438,223.39999389648438,226.22999572753906,221.9499969482422,226.0,3658400
2023-09-05,222.57000732421875,222.57000732421875,224.08999633789062,221.1999969482422,223.10000610351562,3246500
2023-09-06,217.9499969482422,217.9499969482422,222.7899932861328,216.4199981689453,221.77000427246094,4233500
2023-09-07,216.0500030517578,216.0500030517578,220.5500030517578,214.86000061035156,217.5,4929600
2023-09-08,211.27000427246094,211.27000427246094,216.0,210.50999450683594,215.8300018310547,5752000
2023-09-11,211.00999450683594,211.00999450683594,214.1999969482422,208.77000427246094,213.75999450683594,4522300
2023-09-12,210.64999389648438,210.64999389648438,212.25999450683594,208.5800018310547,209.35000610351562,3256500
2023-09-13,208.39999389648438,208.39999389648438,212.17999267578125,207.75,210.0,3538100
2023-09-14,209.0500030517578,209.0500030517578,210.44000244140625,208.10000610351562,209.13999938964844,3974800
2023-09-15,208.11000061035156,208.11000061035156,209.8300018310547,206.8800048828125,209.27999877929688,4670600
2023-09-18,205.1199951171875,205.1199951171875,207.91000366210938,204.97999572753906,207.91000366210938,4299200
2023-09-19,204.47999572753906,204.47999572753906,205.66000366210938,202.38999938964844,205.39999389648438,4039900
2023-09-20,202.3699951171875,202.3699951171875,206.25,202.30999755859375,205.8699951171875,3738800
2023-09-21,199.9499969482422,199.9499969482422,203.60000610351562,199.7100067138672,201.0,4745700
2023-09-22,197.7100067138672,197.7100067138672,200.74000549316406,197.13999938964844,199.9600067138672,4450900
2023-09-25,198.77999877929688,198.77999877929688,198.97999572753906,195.19000244140625,196.83999633789062,3527100
2023-09-26,195.63999938964844,195.63999938964844,199.38999938964844,195.4199981689453,197.7899932861328,3666300
2023-09-27,195.4600067138672,195.4600067138672,196.39999389648438,192.77000427246094,196.00999450683594,4015500
2023-09-28,190.42999267578125,190.42999267578125,195.25999450683594,190.02999877929688,193.6999969482422,8009500
2023-09-29,191.67999267578125,191.67999267578125,192.9499969482422,190.1699981689453,191.9199981689453,5158400
2023-10-02,187.8300018310547,187.8300018310547,192.44000244140625,186.92999267578125,191.47000122070312,5244700
2023-10-03,188.9199981689453,188.9199981689453,192.49000549316406,188.1999969482422,188.6300048828125,7285500
2023-10-04,186.72999572753906,186.72999572753906,190.6300048828125,184.33999633789062,188.85000610351562,7419800
2023-10-05,186.2899932861328,186.2899932861328,188.10000610351562,184.13999938964844,186.16000366210938,4331700
2023-10-06,187.3800048828125,187.3800048828125,188.63999938964844,182.5500030517578,185.3699951171875,5364300
2023-10-09,188.49000549316406,188.49000549316406,189.49000549316406,185.67999267578125,188.0,4575800
2023-10-10,193.52999877929688,193.52999877929688,194.3000030517578,188.75999450683594,190.00999450683594,8062400
2023-10-11,196.07000732421875,196.07000732421875,199.6199951171875,194.27000427246094,195.47000122070312,7394000
2023-10-12,191.3000030517578,191.3000030517578,195.6999969482422,189.9600067138672,195.10000610351562,5668300
2023-10-13,184.91000366210938,184.91000366210938,187.2899932861328,183.17999267578125,186.27000427246094,8215700
2023-10-16,184.92999267578125,184.92999267578125,186.22999572753906,182.5,185.91000366210938,4701000
2023-10-17,185.60000610351562,185.60000610351562,188.3300018310547,183.3000030517578,183.75,5121800
2023-10-18,185.69000244140625,185.69000244140625,190.25,185.0500030517578,187.22000122070312,6268100
2023-10-19,182.7899932861328,182.7899932861328,187.0500030517578,182.5399932861328,185.5,4043700
2023-10-20,180.0399932861328,180.0399932861328,183.38999938964844,179.85000610351562,182.67999267578125,4523500
2023-10-23,181.02999877929688,181.02999877929688,183.72000122070312,178.42999267578125,179.44000244140625,4146200
2023-10-24,182.36000061035156,182.36000061035156,184.35000610351562,181.8000030517578,183.2100067138672,4652900
2023-10-25,177.72999572753906,177.72999572753906,187.0,176.25,186.0,13806400
2023-10-26,179.08999633789062,179.08999633789062,182.9499969482422,176.52999877929688,177.11000061035156,6961800
2023-10-27,179.69000244140625,179.69000244140625,182.3300018310547,179.00999450683594,180.0,4606300
2023-10-30,182.35000610351562,182.35000610351562,184.16000366210938,179.4199981689453,179.4199981689453,5507100
2023-10-31,186.82000732421875,186.82000732421875,187.2899932861328,181.32000732421875,183.3800048828125,5043000
2023-11-01,189.3800048828125,189.3800048828125,190.77999877929688,187.5,189.69000244140625,5832200
2023-11-02,192.00999450683594,192.00999450683594,192.94000244140625,190.33999633789062,190.89999389648438,4313000
2023-11-03,195.0500030517578,195.0500030517578,197.13999938964844,193.7100067138672,194.0,4485100
2023-11-06,192.9499969482422,192.9499969482422,196.14999389648438,192.4600067138672,195.8800048828125,4222200
2023-11-07,191.41000366210938,191.41000366210938,192.1699981689453,189.57000732421875,192.1699981689453,4012900
2023-11-08,191.8300018310547,191.8300018310547,192.44000244140625,190.13999938964844,191.4499969482422,2984200
2023-11-09,193.3300018310547,193.3300018310547,197.07000732421875,192.55999755859375,193.02999877929688,4576300
2023-11-10,196.64999389648438,196.64999389648438,197.25999450683594,194.2100067138672,195.0,4788500
2023-11-13,204.5399932861328,204.5399932861328,206.85000610351562,202.50999450683594,203.49000549316406,13040300
2023-11-14,207.47000122070312,207.47000122070312,208.55999755859375,205.97999572753906,207.25,7280100
2023-11-15,208.7100067138672,208.7100067138672,211.08999633789062,207.60000610351562,208.2100067138672,5205900
2023-11-16,206.60000610351562,206.60000610351562,207.88999938964844,204.80999755859375,207.5,4655100
2023-11-17,208.0399932861328,208.0399932861328,209.4199981689453,206.82000732421875,208.36000061035156,3564600
2023-11-20,217.7100067138672,217.7100067138672,218.8800048828125,210.94000244140625,211.00999450683594,11568100
2023-11-21,218.27000427246094,218.27000427246094,219.3800048828125,216.07000732421875,216.5,5362100
2023-11-22,219.91000366210938,219.91000366210938,221.5,217.6999969482422,218.0,5384400
2023-11-24,220.0,220.0,221.58999633789062,218.9600067138672,220.61000061035156,2312100
2023-11-27,219.3000030517578,219.3000030517578,219.52999877929688,217.66000366210938,218.80999755859375,3691200
2023-11-28,222.3699951171875,222.3699951171875,224.8000030517578,219.41000366210938,222.00999450683594,7817800
2023-11-29,224.42999267578125,224.42999267578125,224.99000549316406,221.33999633789062,223.35000610351562,5424400
2023-11-30,231.6300048828125,231.6300048828125,233.0,225.0,225.0,8736200
2023-12-01,233.8699951171875,233.8699951171875,235.3800048828125,231.3800048828125,231.77000427246094,6956200
2023-12-04,234.8699951171875,234.8699951171875,234.94000244140625,230.07000732421875,231.3000030517578,5228500
2023-12-05,234.16000366210938,234.16000366210938,234.74000549316406,231.49000549316406,233.5399932861328,3589800
2023-12-06,236.88999938964844,236.88999938964844,239.22999572753906,234.42999267578125,234.77999877929688,4740600
2023-12-07,237.3300018310547,237.3300018310547,238.3000030517578,230.0,236.89999389648438,6363700
2023-12-08,244.6999969482422,244.6999969482422,244.6999969482422,237.32000732421875,237.32000732421875,7171200
2023-12-11,248.0800018310547,248.0800018310547,248.0800018310547,243.30999755859375,243.5,7545000
2023-12-12,248.6300048828125,248.6300048828125,250.57000732421875,247.39999389648438,247.9499969482422,5719200
2023-12-13,250.91000366210938,250.91000366210938,251.8699951171875,247.52999877929688,249.10000610351562,5513400
2023-12-14,256.239990234375,256.239990234375,257.1199951171875,249.25999450683594,250.91000366210938,7883600
2023-12-15,264.2699890136719,264.2699890136719,265.5199890136719,255.6999969482422,255.6999969482422,14995900
2023-12-18,260.4100036621094,260.4100036621094,263.1300048828125,260.25,260.6300048828125,6140100
2023-12-19,263.510009765625,263.510009765625,265.3399963378906,260.79998779296875,261.0400085449219,6089500
2023-12-20,260.25,260.25,266.1300048828125,260.1499938964844,262.25,5151700
2023-12-21,262.0199890136719,262.0199890136719,267.5400085449219,260.19000244140625,265.95001220703125,6487200
2023-12-22,260.44000244140625,260.44000244140625,262.8399963378906,259.20001220703125,261.8299865722656,4434000
2023-12-26,262.7900085449219,262.7900085449219,263.760009765625,259.5400085449219,259.79998779296875,3938600
2023-12-27,262.1000061035156,262.1000061035156,264.6600036621094,260.8999938964844,262.6300048828125,3484900
2023-12-28,260.3500061035156,260.3500061035156,262.1000061035156,257.67999267578125,261.5299987792969,5096400
2023-12-29,260.6600036621094,260.6600036621094,262.2200012207031,259.55999755859375,260.6700134277344,3686600
2024-01-02,251.75999450683594,251.75999450683594,258.5899963378906,250.8699951171875,257.2799987792969,5815200
2024-01-03,243.91000366210938,243.91000366210938,250.1300048828125,243.0,248.32000732421875,7219900
2024-01-04,244.94000244140625,244.94000244140625,248.27999877929688,244.17999267578125,244.5800018310547,5170700
2024-01-05,249.0,249.0,250.19000244140625,245.0399932861328,245.0399932861328,3849700
2024-01-08,229.0,229.0,233.85000610351562,225.7899932861328,228.0,40730400
2024-01-09,225.75999450683594,225.75999450683594,228.7899932861328,223.1999969482422,225.66000366210938,20687500
2024-01-10,227.83999633789062,227.83999633789062,231.61000061035156,226.63999938964844,226.89999389648438,12883700
2024-01-11,222.66000366210938,222.66000366210938,228.27999877929688,222.6199951171875,228.07000732421875,11830500
2024-01-12,217.6999969482422,217.6999969482422,222.07000732421875,217.0399932861328,219.97000122070312,11285500
2024-01-16,200.52000427246094,200.52000427246094,210.97999572753906,199.5,210.07000732421875,35290000
2024-01-17,203.05999755859375,203.05999755859375,206.3000030517578,201.64999389648438,202.6300048828125,20140100
2024-01-18,211.61000061035156,211.61000061035156,213.0399932861328,203.32000732421875,205.63999938964844,20046800
2024-01-19,215.02000427246094,215.02000427246094,215.16000366210938,209.22999572753906,210.88999938964844,14345400
2024-01-22,214.92999267578125,214.92999267578125,217.0,212.36000061035156,213.07000732421875,10760800
2024-01-23,211.5,211.5,216.85000610351562,211.1300048828125,215.35000610351562,9076900
2024-01-24,214.1300048828125,214.1300048828125,217.58999633789062,209.36000061035156,209.8300018310547,15119100
2024-01-25,201.8800048828125,201.8800048828125,208.72999572753906,198.32000732421875,208.1999969482422,22112500
2024-01-26,205.47000122070312,205.47000122070312,206.75,203.0,203.0800018310547,9911200
2024-01-29,205.19000244140625,205.19000244140625,207.0399932861328,203.85000610351562,206.05999755859375,7535400
2024-01-30,200.44000244140625,200.44000244140625,203.97999572753906,199.13999938964844,203.64999389648438,13321200
2024-01-31,211.0399932861328,211.0399932861328,213.77000427246094,203.25,204.9199981689453,22409400
2024-02-01,209.80999755859375,209.80999755859375,214.6300048828125,206.80999755859375,213.83999633789062,10679200
2024-02-02,209.3800048828125,209.3800048828125,209.5399932861328,206.35000610351562,209.05999755859375,6275300
2024-02-05,206.6300048828125,206.6300048828125,207.33999633789062,202.0,204.63999938964844,8682500
2024-02-06,208.5800018310547,208.5800018310547,210.63999938964844,203.88999938964844,206.02000427246094,7556900
2024-02-07,211.9199981689453,211.9199981689453,213.77000427246094,207.99000549316406,208.75999450683594,7747700
2024-02-08,209.22000122070312,209.22000122070312,213.10000610351562,208.72000122070312,212.39999389648438,5787700
2024-02-09,209.1999969482422,209.1999969482422,211.44000244140625,207.89999389648438,209.77000427246094,4349700
2024-02-12,209.3300018310547,209.3300018310547,209.8000030517578,207.60000610351562,208.6999969482422,4077400
2024-02-13,204.4600067138672,204.4600067138672,207.80999755859375,202.3300018310547,206.89999389648438,8263600
2024-02-14,203.3800048828125,203.3800048828125,206.5800018310547,202.2100067138672,205.9499969482422,6503000
2024-02-15,205.3300018310547,205.3300018310547,206.5500030517578,203.39999389648438,204.1199951171875,5309100
2024-02-16,203.88999938964844,203.88999938964844,205.0500030517578,202.80999755859375,204.8800048828125,5986500
2024-02-20,203.3699951171875,203.3699951171875,205.5800018310547,202.7100067138672,203.5500030517578,5248400
2024-02-21,201.57000732421875,201.57000732421875,203.6300048828125,201.2100067138672,202.89999389648438,4171600
2024-02-22,201.5,201.5,204.10000610351562,200.39999389648438,202.0,6513500
2024-02-23,200.8300018310547,200.8300018310547,202.07000732421875,197.14999389648438,200.99000549316406,7433400
2024-02-26,200.5399932861328,200.5399932861328,202.75,200.0,201.00999450683594,4807200
2024-02-27,201.39999389648438,201.39999389648438,202.0,200.0399932861328,200.92999267578125,3932900
2024-02-28,207.0,207.0,208.10000610351562,200.17999267578125,201.13999938964844,9654700
2024-02-29,203.72000122070312,203.72000122070312,206.6199951171875,202.6999969482422,206.44000244140625,6670300
2024-03-01,200.0,200.0,205.05999755859375,199.00999450683594,204.0,11609500
2024-03-04,200.5399932861328,200.5399932861328,201.5399932861328,196.9199981689453,199.5,7213900
2024-03-05,201.13999938964844,201.13999938964844,202.85000610351562,198.6999969482422,199.49000549316406,5034700
2024-03-06,201.0,201.0,202.35000610351562,199.86000061035156,201.77000427246094,4736600
2024-03-07,203.02999877929688,203.02999877929688,203.72999572753906,200.57000732421875,200.6999969482422,5965300
2024-03-08,198.49000549316406,198.49000549316406,203.8000030517578,198.4600067138672,201.83999633789062,9010200
2024-03-11,192.49000549316406,192.49000549316406,196.07000732421875,189.8000030517578,194.2100067138672,14160600
2024-03-12,184.24000549316406,184.24000549316406,188.5800018310547,183.16000366210938,188.24000549316406,18714800
2024-03-13,182.35000610351562,182.35000610351562,185.97000122070312,182.0800018310547,183.16000366210938,10196100
2024-03-14,181.14999389648438,181.14999389648438,184.94000244140625,180.52000427246094,182.0,10016200
2024-03-15,182.52999877929688,182.52999877929688,184.17999267578125,180.91000366210938,180.99000549316406,10800700
2024-03-18,179.83999633789062,179.83999633789062,181.19000244140625,177.52000427246094,180.25999450683594,9497800
2024-03-19,181.13999938964844,181.13999938964844,181.86000061035156,179.74000549316406,180.11000061035156,7648000
2024-03-20,187.77999877929688,187.77999877929688,188.3000030517578,178.60000610351562,178.99000549316406,12770000
2024-03-21,187.6999969482422,187.6999969482422,190.3800048828125,187.5500030517578,189.7899932861328,7436400
2024-03-22,188.85000610351562,188.85000610351562,192.94000244140625,188.19000244140625,188.75,7827000
2024-03-25,191.41000366210938,191.41000366210938,196.17999267578125,189.5,196.00999450683594,12953000
2024-03-26,187.5,187.5,192.02999877929688,186.80999755859375,192.02000427246094,8972200
2024-03-27,191.9499969482422,191.9499969482422,191.99000549316406,188.3300018310547,188.83999633789062,7372800
2024-03-28,192.99000549316406,192.99000549316406,193.3800048828125,191.1999969482422,192.0,4471700
2024-04-01,189.5,189.5,192.8699951171875,189.02999877929688,192.24000549316406,5107800
2024-04-02,188.0399932861328,188.0399932861328,189.22999572753906,187.1300048828125,189.0,4477200
2024-04-03,184.9199981689453,184.9199981689453,188.77999877929688,184.27000427246094,187.67999267578125,6609300
2024-04-04,183.2899932861328,183.2899932861328,188.0,182.80999755859375,185.92999267578125,6513800
2024-04-05,183.13999938964844,183.13999938964844,184.66000366210938,182.44000244140625,184.16000366210938,4130400
2024-04-08,181.55999755859375,181.55999755859375,184.5500030517578,181.49000549316406,182.13999938964844,6176400
2024-04-09,178.1199951171875,178.1199951171875,183.0500030517578,176.57000732421875,181.50999450683594,11427800
2024-04-10,174.6300048828125,174.6300048828125,178.10000610351562,172.44000244140625,176.30999755859375,9727700
2024-04-11,173.36000061035156,173.36000061035156,174.6999969482422,171.3800048828125,174.47000122070312,7625100
2024-04-12,169.5500030517578,169.5500030517578,173.24000549316406,169.3699951171875,172.1999969482422,7568300
2024-04-15,167.82000732421875,167.82000732421875,171.17999267578125,167.52999877929688,170.74000549316406,6490700
2024-04-16,170.5500030517578,170.5500030517578,170.63999938964844,167.75,168.13999938964844,7986700
2024-04-17,170.2100067138672,170.2100067138672,170.85000610351562,168.1199951171875,170.0,8162600
2024-04-18,170.22999572753906,170.22999572753906,172.0399932861328,169.10000610351562,169.47999572753906,5123000
2024-04-19,169.82000732421875,169.82000732421875,172.0,169.64999389648438,170.0,4693900
2024-04-22,170.47999572753906,170.47999572753906,172.14999389648438,168.16000366210938,169.82000732421875,4724900
2024-04-23,169.17999267578125,169.17999267578125,171.17999267578125,168.42999267578125,170.9499969482422,7632100
2024-04-24,164.3300018310547,164.3300018310547,177.63999938964844,162.74000549316406,176.5,20889300
2024-04-25,166.80999755859375,166.80999755859375,168.1300048828125,159.6999969482422,163.58999633789062,12504700
2024-04-26,167.22000122070312,167.22000122070312,168.64999389648438,164.92999267578125,165.97999572753906,7208100
2024-04-29,173.49000549316406,173.49000549316406,173.80999755859375,167.5500030517578,167.89999389648438,7788600
2024-04-30,167.83999633789062,167.83999633789062,174.07000732421875,167.75999450683594,171.49000549316406,8248800
2024-05-01,171.4600067138672,171.4600067138672,173.86000061035156,167.5,167.5,6191900
2024-05-02,178.85000610351562,178.85000610351562,178.89999389648438,172.25,173.0,10223700
2024-05-03,179.7899932861328,179.7899932861328,180.49000549316406,177.89999389648438,179.58999633789062,5416300
2024-05-06,178.35000610351562,178.35000610351562,183.97999572753906,174.7100067138672,180.8800048828125,11913400
2024-05-07,176.7100067138672,176.7100067138672,178.35000610351562,176.1300048828125,177.22000122070312,5097500
2024-05-08,180.35000610351562,180.35000610351562,181.66000366210938,175.9499969482422,175.9499969482422,4956800
2024-05-09,181.25,181.25,181.75,179.30999755859375,179.5500030517578,5107400
2024-05-10,178.50999450683594,178.50999450683594,181.8800048828125,177.9199981689453,181.25,3715500
2024-05-13,178.44000244140625,178.44000244140625,180.75,178.07000732421875,179.0399932861328,3105200
2024-05-14,180.75999450683594,180.75999450683594,183.66000366210938,179.6300048828125,180.22999572753906,4686500
2024-05-15,176.99000549316406,176.99000549316406,180.6699981689453,176.1699981689453,180.13999938964844,5858900
2024-05-16,182.9600067138672,182.9600067138672,183.75999450683594,177.25,177.60000610351562,6993200
2024-05-17,184.9499969482422,184.9499969482422,185.3800048828125,181.22000122070312,183.25,5562400
2024-05-20,186.61000061035156,186.61000061035156,188.6300048828125,184.00999450683594,184.64999389648438,6228600
2024-05-21,184.77999877929688,184.77999877929688,186.38999938964844,183.11000061035156,185.3000030517578,4349100
2024-05-22,186.27999877929688,186.27999877929688,186.82000732421875,183.41000366210938,184.60000610351562,3785400
2024-05-23,172.2100067138672,172.2100067138672,186.0,171.61000061035156,185.7899932861328,17116000
2024-05-24,174.52000427246094,174.52000427246094,174.86000061035156,169.57000732421875,173.1999969482422,9489400
2024-05-28,175.0800018310547,175.0800018310547,178.49000549316406,173.3800048828125,174.72999572753906,5274400
2024-05-29,171.64999389648438,171.64999389648438,175.8300018310547,171.61000061035156,173.61000061035156,3666400
2024-05-30,172.75,172.75,174.67999267578125,171.5500030517578,172.63999938964844,3924700
2024-05-31,177.61000061035156,177.61000061035156,177.89999389648438,172.2100067138672,173.1199951171875,5774500
2024-06-03,184.57000732421875,184.57000732421875,186.00999450683594,178.02000427246094,178.08999633789062,8951600
2024-06-04,188.6199951171875,188.6199951171875,188.83999633789062,183.25,185.0500030517578,7176800
2024-06-05,189.85000610351562,189.85000610351562,190.33999633789062,186.52999877929688,187.89999389648438,5944000
2024-06-06,191.4199981689453,191.4199981689453,192.10000610351562,187.35000610351562,188.8300018310547,5942200
2024-06-07,190.24000549316406,190.24000549316406,191.97999572753906,189.66000366210938,190.4600067138672,3374500
2024-06-10,190.1199951171875,190.1199951171875,192.6300048828125,189.60000610351562,190.0,4385000
2024-06-11,185.5,185.5,189.32000732421875,182.75,189.32000732421875,5010100
2024-06-12,182.6699981689453,182.6699981689453,187.16000366210938,181.7100067138672,186.5,5245200
2024-06-13,180.6999969482422,180.6999969482422,183.8699951171875,178.99000549316406,181.74000549316406,4201000
2024-06-14,177.27000427246094,177.27000427246094,180.2899932861328,175.22000122070312,178.89999389648438,5106000
2024-06-17,178.38999938964844,178.38999938964844,180.4499969482422,176.32000732421875,176.75,4790000
2024-06-18,174.99000549316406,174.99000549316406,178.0,173.82000732421875,177.61000061035156,6179900
2024-06-20,176.3000030517578,176.3000030517578,176.64999389648438,172.0500030517578,173.02000427246094,5479300
2024-06-21,176.55999755859375,176.55999755859375,178.41000366210938,175.66000366210938,176.8300018310547,8628200
2024-06-24,179.10000610351562,179.10000610351562,180.60000610351562,175.58999633789062,176.14999389648438,7388300
2024-06-25,175.10000610351562,175.10000610351562,178.75999450683594,173.2899932861328,176.2899932861328,7434000
2024-06-26,178.5,178.5,178.82000732421875,173.75999450683594,174.9600067138672,6553900
2024-06-27,182.50999450683594,182.50999450683594,183.67999267578125,178.00999450683594,178.91000366210938,8199000
2024-06-28,182.00999450683594,182.00999450683594,184.44000244140625,180.64999389648438,182.60000610351562,5899900
2024-07-01,186.6999969482422,186.6999969482422,189.47000122070312,182.1999969482422,182.1999969482422,9056700
2024-07-02,185.4199981689453,185.4199981689453,189.22999572753906,184.52000427246094,186.33999633789062,4110500
2024-07-03,184.30999755859375,184.30999755859375,185.4199981689453,182.85000610351562,185.0500030517578,2764800
2024-07-05,184.8300018310547,184.8300018310547,185.3800048828125,182.22999572753906,184.0,3290400
2024-07-08,185.83999633789062,185.83999633789062,191.5,182.27999877929688,186.94000244140625,9878100
2024-07-09,183.24000549316406,183.24000549316406,186.25,183.14999389648438,185.11000061035156,3942900
2024-07-10,183.72999572753906,183.72999572753906,184.89999389648438,182.8000030517578,183.60000610351562,3583200
2024-07-11,183.91000366210938,183.91000366210938,186.10000610351562,183.39999389648438,184.1699981689453,4840600
2024-07-12,182.30999755859375,182.30999755859375,184.49000549316406,180.4499969482422,183.72999572753906,5129300
2024-07-15,179.11000061035156,179.11000061035156,183.72000122070312,178.8800048828125,183.5,5189000
2024-07-16,186.0500030517578,186.0500030517578,187.44000244140625,179.1999969482422,180.0500030517578,8546400
2024-07-17,184.83999633789062,184.83999633789062,188.4499969482422,183.7899932861328,185.32000732421875,4899600
2024-07-18,180.22999572753906,180.22999572753906,187.3699951171875,179.8800048828125,184.24000549316406,5354800
2024-07-19,179.6699981689453,179.6699981689453,181.5,177.38999938964844,181.39999389648438,5121300
2024-07-22,178.89999389648438,178.89999389648438,182.72000122070312,177.22999572753906,181.36000061035156,4883500
2024-07-23,186.47999572753906,186.47999572753906,187.0399932861328,179.0,179.10000610351562,7614300
2024-07-24,180.07000732421875,180.07000732421875,187.0,179.97000122070312,185.6199951171875,5109100
2024-07-25,184.35000610351562,184.35000610351562,188.35000610351562,179.4499969482422,179.4499969482422,6128000
2024-07-26,186.88999938964844,186.88999938964844,189.58999633789062,184.6300048828125,185.86000061035156,6272000
2024-07-29,185.42999267578125,185.42999267578125,187.0800018310547,183.8300018310547,186.6999969482422,3608600
2024-07-30,186.86000061035156,186.86000061035156,188.1300048828125,185.14999389648438,186.10000610351562,4789000
2024-07-31,190.60000610351562,190.60000610351562,196.9499969482422,183.86000061035156,189.8800048828125,15417000
2024-08-01,178.30999755859375,178.30999755859375,191.1699981689453,176.69000244140625,190.0,13887000
2024-08-02,169.9499969482422,169.9499969482422,175.4600067138672,167.25,175.22000122070312,11742800
2024-08-05,167.02999877929688,167.02999877929688,167.67999267578125,162.5,162.52000427246094,9255100
2024-08-06,165.0399932861328,165.0399932861328,169.19000244140625,163.38999938964844,168.88999938964844,5817300
2024-08-07,163.24000549316406,163.24000549316406,167.97999572753906,162.99000549316406,167.0,5186400
2024-08-08,168.8699951171875,168.8699951171875,169.35000610351562,164.0,164.22999572753906,6063800
2024-08-09,167.91000366210938,167.91000366210938,169.85000610351562,166.89999389648438,168.38999938964844,3635600
2024-08-12,164.1300048828125,164.1300048828125,168.0500030517578,163.52000427246094,167.72999572753906,4715600
2024-08-13,168.75999450683594,168.75999450683594,168.8800048828125,162.6199951171875,164.5,6475500
2024-08-14,168.5,168.5,169.75,167.3300018310547,167.88999938964844,3852700
2024-08-15,176.41000366210938,176.41000366210938,176.55999755859375,169.97999572753906,170.0,5942200
2024-08-16,179.99000549316406,179.99000549316406,180.50999450683594,176.3000030517578,176.3000030517578,6731500
2024-08-19,179.63999938964844,179.63999938964844,180.6999969482422,177.6300048828125,180.0399932861328,3894200
2024-08-20,172.10000610351562,172.10000610351562,177.5,170.0399932861328,176.49000549316406,9549100
2024-08-21,173.42999267578125,173.42999267578125,174.1999969482422,171.0399932861328,173.0,4493600
2024-08-22,172.75999450683594,172.75999450683594,175.2100067138672,172.3000030517578,173.0,2788000
2024-08-23,174.9600067138672,174.9600067138672,176.9199981689453,173.1699981689453,173.8800048828125,4405900
2024-08-26,173.47999572753906,173.47999572753906,174.9199981689453,172.3000030517578,173.0,4034300
2024-08-27,173.0500030517578,173.0500030517578,173.92999267578125,171.25,173.6199951171875,3295800
2024-08-28,170.7100067138672,170.7100067138672,174.25,170.14999389648438,172.3000030517578,4550300
2024-08-29,172.25999450683594,172.25999450683594,175.27999877929688,170.6199951171875,171.7100067138672,4119500
2024-08-30,173.74000549316406,173.74000549316406,174.36000061035156,171.49000549316406,173.13999938964844,4146200
2024-09-03,161.02000427246094,161.02000427246094,169.60000610351562,158.3000030517578,167.02999877929688,17925400
2024-09-04,163.22000122070312,163.22000122070312,166.6999969482422,160.27999877929688,160.27999877929688,7316300
2024-09-05,162.14999389648438,162.14999389648438,164.6199951171875,160.10000610351562,164.14999389648438,4717500
2024-09-06,157.6199951171875,157.6199951171875,162.85000610351562,156.6999969482422,162.5,7328600
2024-09-09,162.91000366210938,162.91000366210938,164.5500030517578,161.11000061035156,162.3000030517578,9091500
2024-09-10,160.07000732421875,160.07000732421875,163.89999389648438,157.92999267578125,162.61000061035156,6367100
2024-09-11,161.3300018310547,161.3300018310547,161.8699951171875,156.10000610351562,159.7899932861328,6664800
2024-09-12,162.77000427246094,162.77000427246094,163.5,159.05999755859375,159.4199981689453,4742700
2024-09-13,156.77000427246094,156.77000427246094,162.88999938964844,155.60000610351562,159.77999877929688,19003400
2024-09-16,155.5500030517578,155.5500030517578,157.75999450683594,154.02000427246094,156.25,9955200
2024-09-17,156.38999938964844,156.38999938964844,158.8800048828125,155.13999938964844,156.1699981689453,8123200
2024-09-18,155.11000061035156,155.11000061035156,158.4499969482422,154.8000030517578,157.0,7714400
2024-09-19,154.58999633789062,154.58999633789062,157.17999267578125,154.27000427246094,157.0,9570000
2024-09-20,153.2899932861328,153.2899932861328,154.63999938964844,152.60000610351562,154.00999450683594,13919400
2024-09-23,156.3000030517578,156.3000030517578,158.42999267578125,151.64999389648438,153.0,12476800
2024-09-24,155.80999755859375,155.80999755859375,155.89999389648438,153.69000244140625,155.8000030517578,7414900
2024-09-25,152.22000122070312,152.22000122070312,157.22000122070312,152.0399932861328,156.4199981689453,9587700
2024-09-26,154.5800018310547,154.5800018310547,157.3300018310547,152.66000366210938,153.94000244140625,11414400
2024-09-27,156.32000732421875,156.32000732421875,157.3300018310547,154.38999938964844,155.3699951171875,7637000
2024-09-30,152.0399932861328,152.0399932861328,155.3000030517578,151.24000549316406,154.7899932861328,10902200
2024-10-01,154.22000122070312,154.22000122070312,156.39999389648438,149.49000549316406,151.4600067138672,12588800
2024-10-02,152.88999938964844,152.88999938964844,154.85000610351562,152.83999633789062,153.75999450683594,4357000
2024-10-03,150.52000427246094,150.52000427246094,152.74000549316406,150.50999450683594,152.1199951171875,5704800
2024-10-04,155.0,155.0,155.0,150.85000610351562,152.25999450683594,6657500
2024-10-07,155.91000366210938,155.91000366210938,158.75999450683594,154.67999267578125,155.0,6267900
2024-10-08,154.64999389648438,154.64999389648438,156.6999969482422,154.13999938964844,155.99000549316406,5336300
2024-10-09,149.3699951171875,149.3699951171875,152.19000244140625,148.8000030517578,152.0500030517578,12488500
2024-10-10,146.6199951171875,146.6199951171875,149.11000061035156,146.25999450683594,149.07000732421875,11275800
2024-10-11,151.02000427246094,151.02000427246094,151.1199951171875,146.3000030517578,146.3000030517578,10688600
2024-10-14,148.99000549316406,148.99000549316406,150.08999633789062,146.02000427246094,148.0,9737000
2024-10-15,152.35000610351562,152.35000610351562,153.9499969482422,148.5500030517578,150.5,11241700
2024-10-16,154.89999389648438,154.89999389648438,154.99000549316406,151.33999633789062,151.91000366210938,8356200
2024-10-17,155.30999755859375,155.30999755859375,157.13999938964844,154.25,155.0,6291800
2024-10-18,155.0,155.0,156.3699951171875,153.89999389648438,155.83999633789062,6030200
2024-10-21,159.82000732421875,159.82000732421875,163.44000244140625,158.36000061035156,160.25,13277600
2024-10-22,159.8800048828125,159.8800048828125,160.66000366210938,158.3699951171875,160.5,7380800
2024-10-23,157.05999755859375,157.05999755859375,161.47000122070312,153.52999877929688,160.0,15931500
2024-10-24,155.1999969482422,155.1999969482422,155.88999938964844,151.97999572753906,152.61000061035156,9774400
2024-10-25,155.00999450683594,155.00999450683594,157.47999572753906,154.52000427246094,156.1999969482422,8153000
2024-10-28,150.69000244140625,150.69000244140625,155.1999969482422,150.61000061035156,153.5,20992500
2024-10-29,152.97999572753906,152.97999572753906,155.99000549316406,147.5800018310547,147.86000061035156,66387700
2024-10-30,154.2899932861328,154.2899932861328,156.91000366210938,152.50999450683594,152.50999450683594,50738400
2024-10-31,149.30999755859375,149.30999755859375,154.47999572753906,147.8800048828125,154.30999755859375,29388200
2024-11-01,154.58999633789062,154.58999633789062,156.0,151.22999572753906,152.77999877929688,18894500
2024-11-04,155.07000732421875,155.07000732421875,156.72000122070312,152.4600067138672,154.6199951171875,10290400
2024-11-05,151.0,151.0,157.66000366210938,150.64999389648438,157.47000122070312,23126600
2024-11-06,147.16000366210938,147.16000366210938,153.1999969482422,144.1300048828125,152.3000030517578,28069300
2024-11-07,150.97999572753906,150.97999572753906,152.8000030517578,148.02999877929688,148.8000030517578,14709200
2024-11-08,151.67999267578125,151.67999267578125,152.60000610351562,149.42999267578125,151.1199951171875,12996800
2024-11-11,148.9600067138672,148.9600067138672,152.5,148.07000732421875,152.0,12799100
2024-11-12,145.1699981689453,145.1699981689453,148.5,143.85000610351562,148.39999389648438,16746700
2024-11-13,139.97000122070312,139.97000122070312,145.5800018310547,139.10000610351562,145.5800018310547,21249600
2024-11-14,138.13999938964844,138.13999938964844,141.5500030517578,137.22000122070312,140.8000030517578,15646700
2024-11-15,140.19000244140625,140.19000244140625,140.32000732421875,137.02999877929688,138.13999938964844,12120100
2024-11-18,143.8699951171875,143.8699951171875,144.69000244140625,138.1999969482422,140.25999450683594,12251600
2024-11-19,145.60000610351562,145.60000610351562,145.99000549316406,142.69000244140625,143.0,8247300
2024-11-20,146.0800018310547,146.0800018310547,147.3000030517578,145.02000427246094,146.0399932861328,9232100
2024-11-21,143.41000366210938,143.41000366210938,146.4199981689453,141.33999633789062,146.38999938964844,7845100
2024-11-22,149.2899932861328,149.2899932861328,150.33999633789062,143.49000549316406,143.61000061035156,13353100
2024-11-25,153.10000610351562,153.10000610351562,153.27999877929688,150.25999450683594,150.6999969482422,11479400
2024-11-26,150.75999450683594,150.75999450683594,153.13999938964844,149.8000030517578,152.5,8235000
2024-11-27,152.39999389648438,152.39999389648438,152.91000366210938,150.25,151.11000061035156,5210100
2024-11-29,155.44000244140625,155.44000244140625,157.5,152.85000610351562,153.0,7100100
2024-12-02,156.5399932861328,156.5399932861328,160.35000610351562,155.6999969482422,155.91000366210938,10097900
2024-12-03,155.0,155.0,156.64999389648438,154.4199981689453,156.0,6130300
2024-12-04,158.27999877929688,158.27999877929688,160.1999969482422,154.2100067138672,155.8800048828125,9269300
2024-12-05,156.6699981689453,156.6699981689453,160.02000427246094,156.0500030517578,158.5,7119800
2024-12-06,153.92999267578125,153.92999267578125,158.9499969482422,153.3699951171875,157.02999877929688,8182700
2024-12-09,157.0399932861328,157.0399932861328,161.9499969482422,154.27000427246094,154.27000427246094,13540000
2024-12-10,164.10000610351562,164.10000610351562,166.67999267578125,159.4199981689453,160.0,17149200
2024-12-11,165.9600067138672,165.9600067138672,169.3000030517578,164.3800048828125,165.52000427246094,13116600
2024-12-12,167.75,167.75,168.82000732421875,165.64999389648438,168.22999572753906,10617700
2024-12-13,169.64999389648438,169.64999389648438,170.42999267578125,166.3300018310547,168.0,9754900
2024-12-16,173.1699981689453,173.1699981689453,175.1999969482422,166.10000610351562,168.08999633789062,13050700
2024-12-17,173.02999877929688,173.02999877929688,175.7899932861328,171.7100067138672,173.0399932861328,13557100
2024-12-18,172.6199951171875,172.6199951171875,177.94000244140625,171.0,173.27999877929688,15437200
2024-12-19,177.0399932861328,177.0399932861328,179.5800018310547,173.72000122070312,175.0,14777100
2024-12-20,177.35000610351562,177.35000610351562,182.0,175.30999755859375,176.86000061035156,23233700
2024-12-23,177.69000244140625,177.69000244140625,179.64999389648438,174.2899932861328,178.1199951171875,8486400
2024-12-24,179.33999633789062,179.33999633789062,180.9499969482422,177.5,177.69000244140625,4317000
2024-12-26,180.3800048828125,180.3800048828125,182.57000732421875,178.3300018310547,178.97999572753906,5905700
2024-12-27,180.72000122070312,180.72000122070312,181.42999267578125,179.39999389648438,180.00999450683594,6806900
2024-12-30,176.5500030517578,176.5500030517578,178.1699981689453,170.14999389648438,173.72000122070312,18082300
2024-12-31,177.0,177.0,179.35000610351562,175.82000732421875,177.5399932861328,9748600
2025-01-02,171.8699951171875,171.8699951171875,179.19000244140625,169.82000732421875,178.30999755859375,12450000
2025-01-03,169.89999389648438,169.89999389648438,173.97999572753906,169.8000030517578,171.39999389648438,10513800
2025-01-06,170.77999877929688,170.77999877929688,173.94000244140625,170.19000244140625,173.5,11133400
2025-01-07,172.50999450683594,172.50999450683594,175.02000427246094,170.8000030517578,171.1699981689453,7045000
2025-01-08,171.75999450683594,171.75999450683594,173.77999877929688,169.61000061035156,171.14999389648438,5108700
2025-01-10,172.0,172.0,173.5399932861328,167.41000366210938,171.49000549316406,7556800
2025-01-13,170.57000732421875,170.57000732421875,172.5,167.91000366210938,171.17999267578125,6049600
2025-01-14,167.02000427246094,167.02000427246094,171.8800048828125,164.6199951171875,171.3699951171875,7966900
2025-01-15,166.1999969482422,166.1999969482422,169.99000549316406,165.97000122070312,169.00999450683594,6451000
2025-01-16,168.92999267578125,168.92999267578125,170.63999938964844,166.57000732421875,166.7899932861328,5812300
2025-01-17,171.08999633789062,171.08999633789062,171.77000427246094,169.4499969482422,169.8000030517578,9557100
2025-01-21,175.55999755859375,175.55999755859375,177.08999633789062,171.92999267578125,172.3800048828125,8755300
2025-01-22,174.8000030517578,174.8000030517578,176.22999572753906,173.8800048828125,175.2899932861328,5134400
2025-01-23,178.5,178.5,178.6699981689453,173.75,174.00999450683594,7097300
2025-01-24,176.05999755859375,176.05999755859375,180.42999267578125,174.3699951171875,176.0,9304200
2025-01-27,175.16000366210938,175.16000366210938,178.17999267578125,174.39999389648438,175.5500030517578,7148600
2025-01-28,177.77999877929688,177.77999877929688,188.47999572753906,174.02000427246094,181.30999755859375,22768900
2025-01-29,173.66000366210938,173.66000366210938,182.5500030517578,170.64999389648438,179.1300048828125,12263500
2025-01-30,179.52999877929688,179.52999877929688,179.94000244140625,173.72000122070312,174.58999633789062,6996300
2025-01-31,176.52000427246094,176.52000427246094,181.77999877929688,175.74000549316406,180.50999450683594,6104000
2025-02-03,175.8699951171875,175.8699951171875,178.1999969482422,173.1300048828125,174.11000061035156,6501700
2025-02-04,176.22999572753906,176.22999572753906,177.4499969482422,174.25,176.89999389648438,4503600
2025-02-05,181.83999633789062,181.83999633789062,181.86000061035156,175.50999450683594,176.0,7430400
2025-02-06,184.8000030517578,184.8000030517578,185.85000610351562,182.0,182.0,6919400
2025-02-07,181.49000549316406,181.49000549316406,186.11000061035156,180.92999267578125,185.25999450683594,5392300
2025-02-10,180.5500030517578,180.5500030517578,183.5500030517578,179.89999389648438,183.1199951171875,3989100
2025-02-11,180.44000244140625,180.44000244140625,182.13999938964844,177.60000610351562,179.77999877929688,4366700
2025-02-12,186.25,186.25,186.27000427246094,178.25,178.33999633789062,7686800
2025-02-13,185.44000244140625,185.44000244140625,188.24000549316406,185.08999633789062,187.0,6846300
2025-02-14,184.4199981689453,184.4199981689453,186.82000732421875,183.5800018310547,186.75,5044700
2025-02-18,184.97000122070312,184.97000122070312,188.66000366210938,184.22000122070312,185.67999267578125,6929600
2025-02-19,186.14999389648438,186.14999389648438,187.22999572753906,181.8300018310547,185.30999755859375,7264800
2025-02-20,180.8800048828125,180.8800048828125,185.8000030517578,180.11000061035156,185.5800018310547,7863000
2025-02-21,177.14999389648438,177.14999389648438,182.1999969482422,174.7100067138672,181.27999877929688,8980300
2025-02-24,179.91000366210938,179.91000366210938,183.0399932861328,176.5500030517578,177.47999572753906,8392900
2025-02-25,178.27000427246094,178.27000427246094,181.8800048828125,176.33999633789062,180.4499969482422,5613900
2025-02-26,173.0399932861328,173.0399932861328,179.49000549316406,171.8300018310547,179.49000549316406,7111700
2025-02-27,173.8300018310547,173.8300018310547,177.14999389648438,173.58999633789062,174.52000427246094,4695200
2025-02-28,174.6300048828125,174.6300048828125,176.3000030517578,173.47999572753906,174.36000061035156,5803300
2025-03-03,170.05999755859375,170.05999755859375,178.39999389648438,169.4600067138672,177.02000427246094,6045600
2025-03-04,158.89999389648438,158.89999389648438,168.3800048828125,156.69000244140625,167.3699951171875,15870200
2025-03-05,163.16000366210938,163.16000366210938,164.3300018310547,158.80999755859375,159.9600067138672,7355800
2025-03-06,158.42999267578125,158.42999267578125,162.69000244140625,157.94000244140625,161.4199981689453,6892600
2025-03-07,154.17999267578125,154.17999267578125,158.36000061035156,149.0500030517578,157.19000244140625,12526700
2025-03-10,148.14999389648438,148.14999389648438,150.38999938964844,146.3000030517578,150.02999877929688,10204000
2025-03-11,154.05999755859375,154.05999755859375,155.00999450683594,145.4499969482422,148.0,10030500
2025-03-12,158.8000030517578,158.8000030517578,159.5399932861328,153.61000061035156,157.0,8706900
2025-03-13,159.32000732421875,159.32000732421875,161.74000549316406,157.25,159.22000122070312,5701600
2025-03-14,161.80999755859375,161.80999755859375,162.32000732421875,159.1999969482422,160.9199981689453,5215100
2025-03-17,161.85000610351562,161.85000610351562,162.77000427246094,159.6199951171875,160.5,5602700
2025-03-18,161.57000732421875,161.57000732421875,162.22999572753906,158.7899932861328,161.44000244140625,4195200
2025-03-19,172.6199951171875,172.6199951171875,174.1999969482422,165.0,165.32000732421875,14114800
2025-03-20,172.8300018310547,172.8300018310547,173.10000610351562,170.30999755859375,171.13999938964844,4934400
2025-03-21,178.11000061035156,178.11000061035156,183.4600067138672,170.77000427246094,172.05999755859375,26802400
2025-03-24,180.89999389648438,180.89999389648438,184.39999389648438,180.44000244140625,182.02999877929688,9986100
2025-03-25,182.58999633789062,182.58999633789062,183.85000610351562,180.36000061035156,182.16000366210938,7174400
2025-03-26,178.5500030517578,178.5500030517578,183.22999572753906,177.27999877929688,182.52999877929688,6615900
2025-03-27,179.11000061035156,179.11000061035156,182.22000122070312,178.02999877929688,178.52999877929688,4788600
2025-03-28,173.30999755859375,173.30999755859375,178.5,172.4499969482422,177.75,8211100
2025-03-31,170.5500030517578,170.5500030517578,172.2100067138672,166.7899932861328,170.64999389648438,7477500
2025-04-01,168.1699981689453,168.1699981689453,170.97999572753906,164.22000122070312,170.0,8252800
2025-04-02,168.55999755859375,168.55999755859375,170.3800048828125,165.5500030517578,166.39999389648438,5826600
2025-04-03,150.91000366210938,150.91000366210938,160.2100067138672,150.41000366210938,160.0,15877400
2025-04-04,136.58999633789062,136.58999633789062,146.0,132.7899932861328,143.3000030517578,22282000
2025-04-07,138.86000061035156,138.86000061035156,143.97000122070312,128.8800048828125,132.0500030517578,18825000
2025-04-08,139.38999938964844,139.38999938964844,147.77000427246094,137.39999389648438,146.85000610351562,14527900
2025-04-09,160.82000732421875,160.82000732421875,162.42999267578125,137.94000244140625,138.85000610351562,16775200
2025-04-10,155.52000427246094,155.52000427246094,157.35000610351562,149.41000366210938,154.97999572753906,10375000
2025-04-11,156.83999633789062,156.83999633789062,157.58999633789062,152.0,154.6199951171875,8810700
2025-04-14,159.27999877929688,159.27999877929688,162.5500030517578,157.60000610351562,159.82000732421875,7288700
2025-04-15,155.52000427246094,155.52000427246094,159.1199951171875,155.27999877929688,155.27999877929688,11541100
2025-04-16,156.47000122070312,156.47000122070312,157.66000366210938,153.5399932861328,154.3699951171875,6809600
2025-04-17,161.89999389648438,161.89999389648438,163.89999389648438,157.0,157.1300048828125,9227300
2025-04-21,159.33999633789062,159.33999633789062,160.0,156.47000122070312,160.0,5703800
2025-04-22,162.52000427246094,162.52000427246094,163.08999633789062,158.5,162.5,9147300
2025-04-23,172.3699951171875,172.3699951171875,176.5800018310547,169.91000366210938,174.0,16264700
2025-04-24,176.25999450683594,176.25999450683594,177.39999389648438,169.0,171.1999969482422,10984200
2025-04-25,177.9499969482422,177.9499969482422,180.3300018310547,175.86000061035156,176.5,7644200
2025-04-28,182.3000030517578,182.3000030517578,184.52999877929688,180.75,182.75,9302600
2025-04-29,182.0,182.0,184.25,181.1999969482422,182.52000427246094,6795000
2025-04-30,183.24000549316406,183.24000549316406,183.7899932861328,177.6300048828125,178.47000122070312,6266800
2025-05-01,182.88999938964844,182.88999938964844,184.75,182.02999877929688,182.85000610351562,7322900
2025-05-02,185.4600067138672,185.4600067138672,187.5800018310547,184.0800018310547,185.0,8695900
2025-05-05,186.4600067138672,186.4600067138672,187.5800018310547,184.38999938964844,184.38999938964844,5413700
2025-05-06,185.9600067138672,185.9600067138672,186.1999969482422,183.6300048828125,184.7100067138672,4948000
2025-05-07,185.55999755859375,185.55999755859375,186.72000122070312,183.5,185.0,6094800
2025-05-08,191.6999969482422,191.6999969482422,194.75,186.22000122070312,186.75999450683594,15344100
2025-05-09,194.85000610351562,194.85000610351562,195.3000030517578,192.17999267578125,193.5500030517578,7669900
2025-05-12,198.52999877929688,198.52999877929688,198.77999877929688,193.05999755859375,198.16000366210938,9340700
2025-05-13,203.4199981689453,203.4199981689453,205.72999572753906,199.6699981689453,200.3000030517578,13509500
2025-05-14,204.72000122070312,204.72000122070312,209.66000366210938,204.0500030517578,205.8000030517578,16872300
2025-05-15,206.24000549316406,206.24000549316406,208.60000610351562,205.4199981689453,207.35000610351562,9583900
2025-05-16,205.82000732421875,205.82000732421875,206.24000549316406,203.02000427246094,205.69000244140625,8496800
2025-05-19,205.25,205.25,205.60000610351562,202.3000030517578,203.0,5740200
2025-05-20,207.6699981689453,207.6699981689453,208.6199951171875,205.0,205.0,5876000
2025-05-21,203.2100067138672,203.2100067138672,207.1199951171875,202.42999267578125,206.60000610351562,6616300
2025-05-22,203.41000366210938,203.41000366210938,204.72999572753906,201.85000610351562,202.52999877929688,3634500
2025-05-23,202.36000061035156,202.36000061035156,203.1999969482422,198.75,199.9499969482422,5255200
2025-05-27,201.02999877929688,201.02999877929688,205.0,200.8800048828125,204.27999877929688,5857900
2025-05-28,201.5,201.5,202.4499969482422,200.22000122070312,201.9499969482422,5481500
2025-05-29,208.17999267578125,208.17999267578125,212.27999877929688,201.5,201.77999877929688,16334000
2025-05-30,207.32000732421875,207.32000732421875,207.6999969482422,204.35000610351562,206.77000427246094,7485100
2025-06-02,211.47000122070312,211.47000122070312,212.33999633789062,207.89999389648438,210.97999572753906,7561800
2025-06-03,213.42999267578125,213.42999267578125,215.8000030517578,211.77000427246094,212.0,8106100
2025-06-04,211.97999572753906,211.97999572753906,214.99000549316406,211.02999877929688,214.77000427246094,5705300
2025-06-05,209.02000427246094,209.02000427246094,212.99000549316406,208.22000122070312,212.5,4733800
2025-06-06,210.8000030517578,210.8000030517578,211.11000061035156,208.0399932861328,210.24000549316406,6079700
2025-06-09,217.50999450683594,217.50999450683594,218.8000030517578,211.08999633789062,211.22999572753906,9419200
2025-06-10,215.72999572753906,215.72999572753906,217.89999389648438,213.25,217.5800018310547,8190100
2025-06-11,214.0,214.0,216.2100067138672,212.2100067138672,215.5,5398800
2025-06-12,203.75,203.75,206.33999633789062,201.27999877929688,202.1699981689453,30586600
2025-06-13,200.32000732421875,200.32000732421875,202.22999572753906,195.27999877929688,200.67999267578125,16093500
2025-06-16,201.6999969482422,201.6999969482422,204.0,199.0800018310547,200.57000732421875,6902700
2025-06-17,200.25999450683594,200.25999450683594,205.30999755859375,198.8699951171875,201.30999755859375,10844600
2025-06-18,197.67999267578125,197.67999267578125,201.05999755859375,196.8000030517578,199.0,7928300
2025-06-20,198.75,198.75,200.67999267578125,197.4499969482422,198.66000366210938,8934700
2025-06-23,201.30999755859375,201.30999755859375,202.1999969482422,197.47000122070312,197.8300018310547,5875200
2025-06-24,200.94000244140625,200.94000244140625,203.50999450683594,200.17999267578125,203.0,5900900
2025-06-25,198.89999389648438,198.89999389648438,201.1300048828125,198.3000030517578,201.0,4690900
2025-06-26,202.5800018310547,202.5800018310547,204.38999938964844,199.75999450683594,200.41000366210938,6931700
2025-06-27,214.5500030517578,214.5500030517578,214.80999755859375,204.3800048828125,205.11000061035156,14805400
2025-06-30,209.52999877929688,209.52999877929688,214.7100067138672,208.02000427246094,213.8800048828125,9087100
2025-07-01,209.7899932861328,209.7899932861328,211.86000061035156,206.77000427246094,209.5,5978900
2025-07-02,212.02999877929688,212.02999877929688,214.39999389648438,208.25,210.39999389648438,5870900
2025-07-03,215.9199981689453,215.9199981689453,217.67999267578125,211.6699981689453,211.7899932861328,4476100
2025-07-07,218.6300048828125,218.6300048828125,218.6300048828125,214.5,215.60000610351562,5807400
2025-07-08,218.52000427246094,218.52000427246094,220.0,214.72000122070312,219.0,6769600
2025-07-09,226.60000610351562,226.60000610351562,230.1999969482422,220.00999450683594,220.1199951171875,16462300
2025-07-10,226.08999633789062,226.08999633789062,228.5,223.92999267578125,226.64999389648438,6116600
2025-07-11,226.83999633789062,226.83999633789062,228.74000549316406,225.42999267578125,225.42999267578125,6632000
2025-07-14,230.50999450683594,230.50999450683594,233.0399932861328,227.27000427246094,231.39999389648438,8750200
2025-07-15,230.0,230.0,233.61000061035156,228.4199981689453,230.1199951171875,9156800
2025-07-16,229.89999389648438,229.89999389648438,233.57000732421875,227.3000030517578,232.1300048828125,7474300
2025-07-17,231.0,231.0,232.58999633789062,227.75,230.11000061035156,7892600
2025-07-18,229.33999633789062,229.33999633789062,232.25,227.52000427246094,231.42999267578125,5974500
2025-07-21,229.32000732421875,229.32000732421875,232.5,228.02000427246094,229.39999389648438,4183300
2025-07-22,228.47999572753906,228.47999572753906,230.30999755859375,225.5500030517578,228.3000030517578,4737700
2025-07-23,233.8800048828125,233.8800048828125,235.27000427246094,229.30999755859375,230.32000732421875,7302900
2025-07-24,231.27000427246094,231.27000427246094,235.22999572753906,231.0500030517578,233.91000366210938,6160200
2025-07-25,233.05999755859375,233.05999755859375,233.30999755859375,228.83999633789062,232.02000427246094,4628500
2025-07-28,236.41000366210938,236.41000366210938,236.6300048828125,232.91000366210938,233.24000549316406,7923800
2025-07-29,226.0800018310547,226.0800018310547,242.69000244140625,225.25999450683594,239.5,20163600
2025-07-30,225.83999633789062,225.83999633789062,231.72000122070312,224.35000610351562,227.83999633789062,9354600
2025-07-31,221.83999633789062,221.83999633789062,225.0,221.14999389648438,224.02000427246094,7825000
2025-08-01,221.89999389648438,221.89999389648438,222.4600067138672,215.89999389648438,219.4499969482422,8572200
2025-08-04,222.33999633789062,222.33999633789062,222.85000610351562,218.02999877929688,220.14999389648438,5997300
2025-08-05,224.86000061035156,224.86000061035156,226.02999877929688,221.07000732421875,222.3699951171875,5687400
2025-08-06,225.0399932861328,225.0399932861328,226.57000732421875,224.0399932861328,225.6999969482422,3898800
2025-08-07,227.3300018310547,227.3300018310547,230.38999938964844,224.5800018310547,226.14999389648438,4563100
2025-08-08,229.1199951171875,229.1199951171875,230.89999389648438,227.3800048828125,227.5,4724200
2025-08-11,225.9600067138672,225.9600067138672,229.32000732421875,225.1699981689453,229.0,4872700
2025-08-12,232.61000061035156,232.61000061035156,232.61000061035156,226.4600067138672,226.9499969482422,7396400
2025-08-13,233.3699951171875,233.3699951171875,235.60000610351562,229.3300018310547,233.25,6670400
2025-08-14,233.19000244140625,233.19000244140625,233.97000122070312,230.86000061035156,231.64999389648438,5320800
2025-08-15,235.25999450683594,235.25999450683594,236.4499969482422,231.42999267578125,233.36000061035156,6291400
2025-08-18,232.41000366210938,232.41000366210938,235.16000366210938,229.11000061035156,234.47000122070312,8456000
2025-08-19,225.0,225.0,232.42999267578125,223.75,232.0,9061100
2025-08-20,225.6199951171875,225.6199951171875,226.3699951171875,223.60000610351562,224.49000549316406,5016000
2025-08-21,224.4600067138672,224.4600067138672,227.5800018310547,223.7100067138672,227.1300048828125,6101100
2025-08-22,230.1199951171875,230.1199951171875,233.6999969482422,225.24000549316406,225.41000366210938,8678400
2025-08-25,226.8699951171875,226.8699951171875,230.25,226.60000610351562,229.60000610351562,4757600
2025-08-26,234.8300018310547,234.8300018310547,234.8300018310547,227.97999572753906,228.0,7380200
2025-08-27,235.6199951171875,235.6199951171875,236.33999633789062,232.39999389648438,235.36000061035156,4757400
2025-08-28,236.16000366210938,236.16000366210938,237.35000610351562,234.5,235.85000610351562,4039600
2025-08-29,234.67999267578125,234.67999267578125,238.0500030517578,233.1699981689453,236.1300048828125,5008600
2025-09-02,237.3800048828125,237.3800048828125,238.3300018310547,230.8000030517578,231.27999877929688,6339100
2025-09-03,232.3800048828125,232.3800048828125,237.05999755859375,230.75999450683594,237.05999755859375,5999000
2025-09-04,230.75,230.75,233.10000610351562,229.2100067138672,233.00999450683594,4093200
2025-09-05,229.61000061035156,229.61000061035156,232.22999572753906,225.5,231.8000030517578,8203600
2025-09-08,230.9499969482422,230.9499969482422,232.1999969482422,228.08999633789062,231.6999969482422,5955000
2025-09-09,229.52000427246094,229.52000427246094,232.27999877929688,228.4499969482422,231.00999450683594,5510400
2025-09-10,227.52000427246094,227.52000427246094,230.10000610351562,226.58999633789062,229.60000610351562,4949500
2025-09-11,219.99000549316406,219.99000549316406,229.69000244140625,219.64999389648438,228.0,12010800
2025-09-12,215.94000244140625,215.94000244140625,220.0,215.6999969482422,219.88999938964844,11094900
2025-09-15,215.75,215.75,217.25999450683594,214.07000732421875,216.25,6896200
2025-09-16,215.02000427246094,215.02000427246094,217.1300048828125,213.75,216.86000061035156,6330600
2025-09-17,214.6300048828125,214.6300048828125,218.0500030517578,213.1300048828125,215.58999633789062,6019500
2025-09-18,215.66000366210938,215.66000366210938,217.39999389648438,213.6999969482422,215.22999572753906,6414000
2025-09-19,215.64999389648438,215.64999389648438,217.72999572753906,213.6199951171875,217.72999572753906,10513700
2025-09-22,212.08999633789062,212.08999633789062,215.89999389648438,211.42999267578125,215.1699981689453,7467700
2025-09-23,216.33999633789062,216.33999633789062,219.82000732421875,214.00999450683594,217.1199951171875,12760900
2025-09-24,215.10000610351562,215.10000610351562,218.17999267578125,214.77000427246094,217.55999755859375,7354800
2025-09-25,213.52999877929688,213.52999877929688,216.86000061035156,211.97999572753906,214.8699951171875,6649300
2025-09-26,221.25999450683594,221.25999450683594,224.10000610351562,219.11000061035156,223.36000061035156,17281700
2025-09-29,217.0800018310547,217.0800018310547,222.80999755859375,215.1199951171875,222.3699951171875,11290600
2025-09-30,215.8300018310547,215.8300018310547,217.67999267578125,212.8300018310547,217.10000610351562,9289300
2025-10-01,215.1999969482422,215.1999969482422,215.6300048828125,213.6999969482422,214.00999450683594,7178000
2025-10-02,217.42999267578125,217.42999267578125,218.86000061035156,215.30999755859375,215.4499969482422,8281100
2025-10-03,216.3000030517578,216.3000030517578,218.8300018310547,215.25,216.75,6634100
2025-10-06,219.72999572753906,219.72999572753906,221.8000030517578,215.89999389648438,217.8699951171875,7665300
2025-10-07,221.82000732421875,221.82000732421875,223.9499969482422,219.1999969482422,220.11000061035156,7610600
2025-10-08,225.32000732421875,225.32000732421875,226.19000244140625,221.47000122070312,222.72999572753906,6189700
2025-10-09,216.0,216.0,225.6999969482422,215.89999389648438,225.6999969482422,12974800
2025-10-10,210.72999572753906,210.72999572753906,217.89999389648438,210.72999572753906,217.0,10647900
2025-10-13,215.55999755859375,215.55999755859375,215.8000030517578,212.05999755859375,212.08999633789062,5657300
2025-10-14,214.3000030517578,214.3000030517578,217.9499969482422,212.24000549316406,213.5399932861328,5975700
2025-10-15,214.0,214.0,215.92999267578125,212.47999572753906,215.0399932861328,5055600
2025-10-16,211.88999938964844,211.88999938964844,214.9600067138672,210.66000366210938,214.66000366210938,5555200
2025-10-17,212.94000244140625,212.94000244140625,214.67999267578125,210.75,210.91000366210938,6482700
2025-10-20,216.82000732421875,216.82000732421875,217.3800048828125,214.55999755859375,215.1300048828125,5865100
2025-10-21,217.25999450683594,217.25999450683594,217.6999969482422,215.5500030517578,217.2100067138672,4209500
2025-10-22,216.58999633789062,216.58999633789062,217.39999389648438,213.8000030517578,216.67999267578125,6310300
2025-10-23,217.77000427246094,217.77000427246094,219.3000030517578,216.25,216.39999389648438,5356200
2025-10-24,221.35000610351562,221.35000610351562,221.74000549316406,218.50999450683594,219.0399932861328,5238100
2025-10-27,223.0,223.0,223.5800018310547,221.82000732421875,222.77999877929688,6084300
2025-10-28,223.3300018310547,223.3300018310547,225.55999755859375,222.60000610351562,224.36000061035156,7027200
2025-10-29,213.5800018310547,213.5800018310547,221.89999389648438,212.5,221.36000061035156,20940100
2025-10-30,200.0800018310547,200.0800018310547,210.27999877929688,200.02000427246094,210.00999450683594,19417000
2025-10-31,201.02000427246094,201.02000427246094,202.60000610351562,198.3000030517578,201.25,10696600
2025-11-03,204.5500030517578,204.5500030517578,205.66000366210938,201.5800018310547,202.0399932861328,8103900
2025-11-04,198.0500030517578,198.0500030517578,202.22000122070312,197.57000732421875,201.8000030517578,8619600
2025-11-05,197.6199951171875,197.6199951171875,198.50999450683594,195.30999755859375,197.75,9885700
2025-11-06,196.5,196.5,201.27000427246094,195.4499969482422,198.10000610351562,7740500
2025-11-07,194.61000061035156,194.61000061035156,195.85000610351562,191.49000549316406,195.5,7869500
2025-11-10,194.80999755859375,194.80999755859375,196.44000244140625,193.19000244140625,195.88999938964844,7447400
2025-11-11,195.2100067138672,195.2100067138672,196.39999389648438,194.35000610351562,194.74000549316406,5783400
2025-11-12,195.5,195.5,196.66000366210938,193.8000030517578,195.75,8288300
2025-11-13,194.5800018310547,194.5800018310547,196.1999969482422,193.11000061035156,195.6300048828125,6739300
2025-11-14,194.52000427246094,194.52000427246094,197.02999877929688,192.14999389648438,192.8800048828125,6189800
2025-11-17,191.80999755859375,191.80999755859375,194.83999633789062,190.22999572753906,194.83999633789062,5877800
2025-11-18,189.6300048828125,189.6300048828125,191.16000366210938,187.85000610351562,190.0,8195800
2025-11-19,185.6999969482422,185.6999969482422,189.2100067138672,183.00999450683594,189.2100067138672,12550400
2025-11-20,179.3800048828125,179.3800048828125,188.10000610351562,178.4199981689453,187.74000549316406,13706400
2025-11-21,179.6999969482422,179.6999969482422,181.42999267578125,176.77000427246094,180.55999755859375,10134000
2025-11-24,179.1199951171875,179.1199951171875,180.30999755859375,177.3000030517578,180.30999755859375,9386000
2025-11-25,182.44000244140625,182.44000244140625,183.47999572753906,177.52000427246094,179.49000549316406,9676200
2025-11-26,186.9199981689453,186.9199981689453,188.17999267578125,183.02999877929688,184.0,7644500
2025-11-28,189.0,189.0,189.75,186.91000366210938,187.8699951171875,3757000
2025-12-01,186.4600067138672,186.4600067138672,189.9499969482422,186.41000366210938,188.9600067138672,6763700
2025-12-02,205.3800048828125,205.3800048828125,205.77999877929688,195.50999450683594,198.3000030517578,22624000
2025-12-03,202.5399932861328,202.5399932861328,205.85000610351562,197.39999389648438,204.60000610351562,14139900
2025-12-04,201.8699951171875,201.8699951171875,202.88999938964844,198.52999877929688,202.85000610351562,9513300
2025-12-05,201.88999938964844,201.88999938964844,202.9499969482422,200.55999755859375,201.39999389648438,6857200
2025-12-08,206.27000427246094,206.27000427246094,206.86000061035156,202.55999755859375,203.61000061035156,8823900
2025-12-09,200.3699951171875,200.3699951171875,207.10000610351562,200.02000427246094,205.35000610351562,9101900
2025-12-10,198.72000122070312,198.72000122070312,201.35000610351562,198.35000610351562,200.3699951171875,15159600
2025-12-11,200.7100067138672,200.7100067138672,201.86000061035156,198.0500030517578,198.72999572753906,7917800
2025-12-12,204.3800048828125,204.3800048828125,206.1199951171875,201.5800018310547,202.1999969482422,7069700
2025-12-15,205.5,205.5,206.6300048828125,203.1699981689453,204.3800048828125,6721600
2025-12-16,206.7100067138672,206.7100067138672,208.64999389648438,204.38999938964844,205.0,6120200
2025-12-17,206.3300018310547,206.3300018310547,210.66000366210938,205.82000732421875,206.77999877929688,7301100
2025-12-18,208.27000427246094,208.27000427246094,210.5500030517578,207.66000366210938,207.99000549316406,5652100
2025-12-19,214.0800018310547,214.0800018310547,215.97999572753906,209.27000427246094,209.75999450683594,14793700
2025-12-22,216.83999633789062,216.83999633789062,217.14999389648438,214.22000122070312,215.33999633789062,5458900
2025-12-23,216.85000610351562,216.85000610351562,217.55999755859375,215.32000732421875,216.89999389648438,4496300
2025-12-24,218.16000366210938,218.16000366210938,219.27000427246094,216.19000244140625,217.0,2943500
2025-12-26,216.44000244140625,216.44000244140625,218.6699981689453,216.13999938964844,218.0500030517578,2801500
2025-12-29,217.25,217.25,218.13999938964844,215.11000061035156,215.89999389648438,5292000
2025-12-30,218.5,218.5,221.8800048828125,218.39999389648438,219.13999938964844,5653500
2025-12-31,217.1199951171875,217.1199951171875,219.32000732421875,216.13999938964844,218.92999267578125,5563000
2026-01-02,227.77000427246094,227.77000427246094,227.77000427246094,215.24000549316406,218.14999389648438,11261000
2026-01-05,228.1300048828125,228.1300048828125,230.9600067138672,227.5,228.7899932861328,8278800
2026-01-06,229.83999633789062,229.83999633789062,231.63999938964844,228.60000610351562,229.22999572753906,6714300
2026-01-07,228.1199951171875,228.1199951171875,233.57000732421875,227.30999755859375,232.14999389648438,9693100
2026-01-08,227.3800048828125,227.3800048828125,233.11000061035156,225.10000610351562,231.7899932861328,7126800
2026-01-09,234.52999877929688,234.52999877929688,235.13999938964844,228.3000030517578,228.33999633789062,8621600
2026-01-12,239.80999755859375,239.80999755859375,239.9499969482422,234.0,234.2899932861328,7894000
2026-01-13,244.5500030517578,244.5500030517578,247.39999389648438,240.10000610351562,241.1199951171875,11460500
2026-01-14,242.61000061035156,242.61000061035156,244.88999938964844,239.60000610351562,244.44000244140625,7748600
2026-01-15,247.74000549316406,247.74000549316406,248.75,243.97000122070312,244.3800048828125,6517200
2026-01-16,247.67999267578125,247.67999267578125,248.19000244140625,244.9600067138672,247.75,5944200
2026-01-20,249.0,249.0,249.52000427246094,243.6999969482422,244.39999389648438,11293200
2026-01-21,250.07000732421875,250.07000732421875,251.30999755859375,244.67999267578125,248.88999938964844,8160700
2026-01-22,251.41000366210938,251.41000366210938,254.13999938964844,249.77999877929688,252.0,9742600
2026-01-23,252.14999389648438,252.14999389648438,253.77000427246094,249.02000427246094,252.74000549316406,7078700
2026-01-26,248.42999267578125,248.42999267578125,251.58999633789062,247.41000366210938,251.49000549316406,8469200
2026-01-27,244.55999755859375,244.55999755859375,254.35000610351562,238.75,242.5,20509200
2026-01-28,241.58999633789062,241.58999633789062,245.86000061035156,237.10000610351562,244.08999633789062,9999200
2026-01-29,234.0399932861328,234.0399932861328,243.77000427246094,233.35000610351562,242.0800018310547,9142500
2026-01-30,233.72000122070312,233.72000122070312,234.64999389648438,229.94000244140625,233.5,6916100
2026-02-02,233.02000427246094,233.02000427246094,236.2899932861328,230.3300018310547,232.63999938964844,6105300
2026-02-03,233.14999389648438,233.14999389648438,238.85000610351562,228.9600067138672,236.4199981689453,7655200
2026-02-04,235.9499969482422,235.9499969482422,236.57000732421875,229.91000366210938,233.24000549316406,7053400
2026-02-05,236.9499969482422,236.9499969482422,240.3300018310547,232.60000610351562,234.11000061035156,7377300
2026-02-06,243.02999877929688,243.02999877929688,246.3000030517578,239.39999389648438,239.39999389648438,6701200
2026-02-09,244.7100067138672,244.7100067138672,245.83999633789062,240.5,242.0,4707200
2026-02-10,242.58999633789062,242.58999633789062,247.86000061035156,240.86000061035156,245.0,5184400
2026-02-11,236.25999450683594,236.25999450683594,244.6999969482422,235.5,244.47999572753906,5791000
2026-02-12,239.35000610351562,239.35000610351562,245.6699981689453,235.97000122070312,239.25999450683594,6980800
2026-02-13,242.9600067138672,242.9600067138672,246.50999450683594,240.72000122070312,241.24000549316406,6835400
2026-02-17,244.0399932861328,244.0399932861328,245.4199981689453,238.92999267578125,243.61000061035156,4864700
2026-02-18,238.92999267578125,238.92999267578125,245.0800018310547,238.60000610351562,244.5500030517578,4923000
2026-02-19,233.7100067138672,233.7100067138672,240.0,233.4199981689453,238.91000366210938,5827500
2026-02-20,232.02999877929688,232.02999877929688,236.0800018310547,231.13999938964844,232.6300048828125,5460900
2026-02-23,230.44000244140625,230.44000244140625,233.5,227.4600067138672,231.5,5380000
2026-02-24,233.38999938964844,233.38999938964844,236.1300048828125,228.38999938964844,229.27000427246094,4408900
2026-02-25,230.36000061035156,230.36000061035156,234.16000366210938,229.19000244140625,234.10000610351562,4442600
2026-02-26,229.41000366210938,229.41000366210938,230.66000366210938,225.6699981689453,230.3800048828125,4613300
2026-02-27,227.52999877929688,227.52999877929688,228.8000030517578,224.91000366210938,227.47000122070312,6278100
2026-03-02,229.74000549316406,229.74000549316406,230.22999572753906,223.6199951171875,226.0,4709000
2026-03-03,224.1199951171875,224.1199951171875,226.5,221.11000061035156,225.75,6211600
2026-03-04,227.30999755859375,227.30999755859375,227.52999877929688,221.7899932861328,226.3800048828125,5068700
2026-03-05,222.05999755859375,222.05999755859375,227.67999267578125,218.1300048828125,226.1199951171875,7199300
2026-03-06,231.11000061035156,231.11000061035156,231.9600067138672,218.63999938964844,219.47999572753906,10684700
2026-03-09,225.0,225.0,227.58999633789062,220.4499969482422,226.75,8400100
2026-03-10,217.75999450683594,217.75999450683594,226.11000061035156,217.02999877929688,224.10000610351562,9285300
2026-03-11,214.10000610351562,214.10000610351562,217.94000244140625,213.52999877929688,217.94000244140625,7937400
2026-03-12,204.75999450683594,204.75999450683594,212.61000061035156,204.3000030517578,212.2100067138672,10758600
2026-03-13,209.88999938964844,209.88999938964844,210.83999633789062,204.9199981689453,205.0,8926600
2026-03-16,213.47000122070312,213.47000122070312,216.14999389648438,210.75,210.75,7347100
2026-03-17,210.82000732421875,210.82000732421875,217.14999389648438,206.6699981689453,214.67999267578125,7308100
2026-03-18,205.99000549316406,205.99000549316406,210.5,205.75,209.0,5881900
2026-03-19,201.17999267578125,201.17999267578125,203.0500030517578,197.4600067138672,203.0500030517578,9967600
2026-03-20,195.1199951171875,195.1199951171875,201.99000549316406,192.5399932861328,201.0500030517578,12925400
2026-03-23,198.41000366210938,198.41000366210938,201.69000244140625,197.19000244140625,198.91000366210938,6247900
2026-03-24,196.4199981689453,196.4199981689453,197.6199951171875,194.36000061035156,196.11000061035156,5691800
2026-03-25,199.61000061035156,199.61000061035156,200.75,198.0,198.19000244140625,5055900
2026-03-26,194.36000061035156,194.36000061035156,198.24000549316406,194.27000427246094,197.3000030517578,5772600
2026-03-27,190.52000427246094,190.52000427246094,193.63999938964844,189.27999877929688,192.92999267578125,6000100
2026-03-30,189.2100067138672,189.2100067138672,192.5,187.72000122070312,191.47999572753906,6606100
2026-03-31,199.02999877929688,199.02999877929688,199.3300018310547,190.35000610351562,191.1300048828125,9668300
2026-04-01,207.32000732421875,207.32000732421875,210.27999877929688,203.5,203.5,9664500
2026-04-02,208.22000122070312,208.22000122070312,208.77999877929688,202.3000030517578,203.0,6698600
2026-04-06,212.3000030517578,212.3000030517578,212.39999389648438,207.3699951171875,207.3699951171875,4172300
2026-04-07,210.0,210.0,211.99000549316406,206.9199981689453,211.00999450683594,4084800
2026-04-08,217.8000030517578,217.8000030517578,220.85000610351562,216.0,218.94000244140625,6267200
2026-04-09,220.05999755859375,220.05999755859375,221.2899932861328,216.0,216.0,4768700
2026-04-10,217.6300048828125,217.6300048828125,220.3699951171875,216.66000366210938,220.1699981689453,4829000
2026-04-13,222.13999938964844,222.13999938964844,222.2100067138672,215.4600067138672,216.25,4136900
2026-04-14,223.77000427246094,223.77000427246094,225.10000610351562,221.32000732421875,221.69000244140625,4820900
2026-04-15,223.92999267578125,223.92999267578125,224.72000122070312,221.64999389648438,224.17999267578125,4397700
2026-04-16,218.8800048828125,218.8800048828125,225.10000610351562,215.39999389648438,225.0,7089600
2026-04-17,223.3800048828125,223.3800048828125,230.24000549316406,222.5,223.07000732421875,8874900
2026-04-20,225.0800018310547,225.0800018310547,225.3699951171875,220.35000610351562,222.22999572753906,5014500
2026-04-21,219.16000366210938,219.16000366210938,225.66000366210938,218.89999389648438,223.2899932861328,7566300
2026-04-22,231.27999877929688,231.27999877929688,232.60000610351562,221.22000122070312,227.0500030517578,15779500
2026-04-23,234.14999389648438,234.14999389648438,235.91000366210938,228.77000427246094,231.50999450683594,8087600
2026-04-24,232.44000244140625,232.44000244140625,236.4499969482422,232.07000732421875,234.99000549316406,5732700
2026-04-27,231.3300018310547,231.3300018310547,235.4499969482422,229.38999938964844,233.0,4402600
2026-04-28,230.72000122070312,230.72000122070312,231.3300018310547,227.07000732421875,231.0500030517578,3807800
2026-04-29,224.11000061035156,224.11000061035156,230.25999450683594,221.14999389648438,230.22000122070312,6377700
2026-04-30,229.02999877929688,229.02999877929688,229.5500030517578,224.61000061035156,225.89999389648438,4841300
2026-05-01,227.3800048828125,227.3800048828125,231.50999450683594,227.25999450683594,230.39999389648438,3494200
2026-05-04,221.3000030517578,221.3000030517578,227.8699951171875,221.0399932861328,226.49000549316406,4860900
2026-05-05,224.3800048828125,224.3800048828125,225.55999755859375,221.74000549316406,223.10000610351562,3852100
2026-05-06,229.92999267578125,229.92999267578125,232.0800018310547,228.10000610351562,230.92999267578125,7166900
2026-05-07,231.02999877929688,231.02999877929688,236.6300048828125,229.60000610351562,231.4499969482422,8489800
2026-05-08,237.36000061035156,237.36000061035156,238.5399932861328,231.75,233.8000030517578,7525300
2026-05-11,238.2100067138672,238.2100067138672,241.2100067138672,236.52000427246094,239.44000244140625,6267000
2026-05-12,236.8699951171875,236.8699951171875,239.02000427246094,231.11000061035156,239.0,7041000
2026-05-13,240.60000610351562,240.60000610351562,242.27000427246094,234.39999389648438,237.22999572753906,7438700
2026-05-14,229.2100067138672,229.2100067138672,244.07000732421875,227.5,243.52000427246094,17761100
2026-05-15,220.49000549316406,220.49000549316406,226.85000610351562,220.4499969482422,226.85000610351562,9479900
2026-05-18,220.61000061035156,220.61000061035156,221.1699981689453,216.7899932861328,220.47999572753906,6568200
2026-05-19,215.00999450683594,215.00999450683594,220.0500030517578,214.0,218.83999633789062,5355300
2026-05-20,222.1999969482422,222.1999969482422,223.02000427246094,216.5,216.8000030517578,7708500
2026-05-21,219.61000061035156,219.61000061035156,221.1699981689453,215.72000122070312,219.38999938964844,6412800
2026-05-22,219.02000427246094,219.02000427246094,221.11000061035156,217.1699981689453,220.85000610351562,4647100
2026-05-26,218.89999389648438,218.89999389648438,222.41000366210938,217.91000366210938,221.3000030517578,5908000
2026-05-27,224.3000030517578,224.3000030517578,226.89999389648438,220.6999969482422,221.5,11049100
2026-05-28,228.77999877929688,228.77999877929688,229.91000366210938,222.85000610351562,224.0,6526400
2026-05-29,231.14999389648438,231.14999389648438,232.3000030517578,226.25,228.44000244140625,6938100
2026-06-01,224.3000030517578,224.3000030517578,228.8000030517578,222.2100067138672,228.36000061035156,6400900
2026-06-02,217.6999969482422,217.6999969482422,224.69000244140625,215.00999450683594,222.52000427246094,7655600
2026-06-03,210.5800018310547,210.5800018310547,216.35000610351562,209.6300048828125,216.10000610351562,9105900
2026-06-04,217.4199981689453,217.4199981689453,221.60000610351562,212.8000030517578,213.0,8055000
2026-06-05,215.4499969482422,215.4499969482422,218.3699951171875,213.6300048828125,216.5800018310547,4804000
2026-06-08,215.9199981689453,215.9199981689453,217.7899932861328,215.0,216.3000030517578,3711700
2026-06-09,214.50999450683594,214.50999450683594,220.00999450683594,212.22999572753906,216.5,5198800
2026-06-10,209.0,209.0,213.6999969482422,207.9499969482422,213.07000732421875,7038100
2026-06-11,221.6300048828125,221.6300048828125,221.77000427246094,209.8000030517578,209.83999633789062,6651500
2026-06-12,219.0500030517578,219.0500030517578,223.50999450683594,216.6999969482422,222.3699951171875,5665800
2026-06-15,228.9499969482422,228.9499969482422,231.33999633789062,225.22000122070312,225.3000030517578,8596000
2026-06-16,227.49000549316406,227.49000549316406,230.3000030517578,225.3000030517578,229.47000122070312,3705900
2026-06-17,225.6300048828125,225.6300048828125,230.5399932861328,225.3000030517578,227.02000427246094,5006800
2026-06-18,222.72000122070312,222.72000122070312,228.99000549316406,220.1199951171875,227.75,8822500
2026-06-22,220.8300018310547,220.8300018310547,223.5500030517578,220.11000061035156,223.0,4300300
2026-06-23,216.7100067138672,216.7100067138672,221.47999572753906,216.63999938964844,218.88999938964844,4572500
2026-06-24,220.25,220.25,222.25,217.67999267578125,218.19000244140625,4354300
2026-06-25,218.1199951171875,218.1199951171875,224.1300048828125,217.16000366210938,220.60000610351562,4687600
2026-06-26,217.25,217.25,222.5800018310547,215.36000061035156,217.5500030517578,11704500
2026-06-29,214.69000244140625,214.69000244140625,219.50999450683594,213.9499969482422,218.6300048828125,5848500
2026-06-30,216.47000122070312,216.47000122070312,219.22999572753906,214.72999572753906,216.5,7013700
2026-07-01,218.5800018310547,218.5800018310547,220.75,216.16000366210938,217.25999450683594,4205600
2026-07-02,226.49000549316406,226.49000549316406,227.52000427246094,220.67999267578125,221.0,6050800
2026-07-06,234.5399932861328,234.5399932861328,234.85000610351562,227.0,227.14999389648438,7029200
2026-07-07,231.67999267578125,231.67999267578125,237.47999572753906,230.4600067138672,235.89999389648438,4364700
2026-07-08,224.9499969482422,224.9499969482422,228.89999389648438,222.75,227.0,4732800
2026-07-09,223.11000061035156,223.11000061035156,225.5,222.69000244140625,225.3000030517578,3474500
2026-07-10,222.27999877929688,222.27999877929688,223.83999633789062,219.57000732421875,223.69000244140625,3828300
2026-07-13,215.50999450683594,215.50999450683594,222.0,215.11000061035156,222.0,4675700
2026-07-14,217.11000061035156,217.11000061035156,220.2899932861328,216.3800048828125,216.9600067138672,3849700
2026-07-15,218.1199951171875,218.1199951171875,221.92999267578125,217.25,217.7899932861328,3305100
2026-07-16,214.33999633789062,214.33999633789062,217.9600067138672,214.1999969482422,216.52000427246094,4763900
2026-07-17,214.02999877929688,214.02999877929688,216.9600067138672,211.0,211.5,4220500
2026-07-20,209.47999572753906,209.47999572753906,216.72999572753906,208.6999969482422,216.17999267578125,5896700
2026-07-21,204.8000030517578,204.8000030517578,211.6999969482422,203.89999389648438,209.47999572753906,10037900
2026-07-22,208.64999389648438,208.64999389648438,209.25,204.8800048828125,205.0,6061400
2026-07-23,209.22999572753906,209.22999572753906,211.3000030517578,205.05999755859375,206.0,4853800
2026-07-24,209.52000427246094,209.52000427246094,212.49000549316406,208.39999389648438,210.08999633789062,3742700
2026-07-27,211.5,211.5,215.22000122070312,211.14999389648438,212.5399932861328,6657300
2026-07-28,221.55999755859375,221.55999755859375,223.77000427246094,209.35000610351562,214.0,10465400
2026-07-29,214.00999450683594,214.00999450683594,219.7899932861328,210.5399932861328,218.5,9030600
2026-07-30,220.89999389648438,220.89999389648438,221.63999938964844,213.0,214.94000244140625,5661300
2026-07-31,216.13999938964844,216.13999938964844,221.5,211.3000030517578,221.16000366210938,7320700
2026-08-03,233.49000549316406,233.49000549316406,234.08999633789062,219.2100067138672,221.0,10994600
2026-08-04,237.16000366210938,237.16000366210938,238.1699981689453,232.8800048828125,236.75999450683594,7932100
2026-08-05,240.19000244140625,240.19000244140625,241.08999633789062,236.6199951171875,237.9499969482422,6574700
2026-08-06,232.19000244140625,232.19000244140625,240.3699951171875,231.3300018310547,240.0,7130500
2026-08-07,234.4199981689453,234.4199981689453,235.60000610351562,230.86000061035156,234.05999755859375,4107500
2026-08-10,232.7899932861328,232.7899932861328,236.49000549316406,231.67999267578125,234.25,3678100
2026-08-11,233.24000549316406,233.24000549316406,237.11000061035156,232.8300018310547,235.61000061035156,2771900
2026-08-12,231.1999969482422,231.1999969482422,234.58999633789062,229.25,234.3000030517578,3372800
2026-08-13,230.3300018310547,230.3300018310547,233.5800018310547,228.17999267578125,232.27000427246094,2971400
2026-08-14,231.6699981689453,231.6699981689453,233.42999267578125,229.8800048828125,231.6300048828125,2649100
2026-08-17,225.9499969482422,225.9499969482422,231.35000610351562,225.9499969482422,230.33999633789062,5020300
2026-08-18,223.05999755859375,223.05999755859375,226.11000061035156,222.5800018310547,225.10000610351562,4772500
2026-08-19,222.1999969482422,222.1999969482422,224.1999969482422,220.1999969482422,223.50999450683594,5797500
2026-08-20,215.10000610351562,215.10000610351562,221.11000061035156,214.1199951171875,220.39999389648438,7860600
2026-08-21,214.1999969482422,214.1999969482422,216.4600067138672,212.75,215.6699981689453,6233400
2026-08-24,210.4600067138672,210.4600067138672,213.30999755859375,208.6999969482422,212.86000061035156,7144100
2026-08-25,211.0800018310547,211.0800018310547,212.94000244140625,210.11000061035156,212.5,4854600
2026-08-26,212.08999633789062,212.08999633789062,212.60000610351562,209.66000366210938,211.77999877929688,4365800
2026-08-27,209.88999938964844,209.88999938964844,211.94000244140625,209.11000061035156,211.50999450683594,4455700
2026-08-28,209.82000732421875,209.82000732421875,210.61000061035156,207.5500030517578,209.99000549316406,4564100
2026-08-31,207.77999877929688,207.77999877929688,208.77000427246094,206.27000427246094,208.5,5212300
2026-09-01,205.66000366210938,205.66000366210938,208.11000061035156,205.5,206.6999969482422,5010400
2026-09-02,208.8699951171875,208.8699951171875,210.64999389648438,206.4199981689453,207.0,6426300
2026-09-03,210.50999450683594,210.50999450683594,211.05999755859375,205.8300018310547,209.94000244140625,6252300
2026-09-04,212.25,212.25,212.25999450683594,208.8000030517578,209.44000244140625,4585700
2026-09-08,210.72999572753906,210.72999572753906,215.2899932861328,210.58999633789062,212.10000610351562,4367800
2026-09-09,206.4199981689453,206.4199981689453,212.22000122070312,206.4199981689453,209.97999572753906,4374200
2026-09-10,204.8000030517578,204.8000030517578,208.82000732421875,204.6699981689453,205.74000549316406,4625300
2026-09-11,210.4499969482422,210.4499969482422,211.6199951171875,207.22000122070312,207.55999755859375,4137700
2026-09-14,210.27000427246094,210.27000427246094,211.88999938964844,207.97999572753906,208.2100067138672,3380000
2026-09-15,209.69000244140625,209.69000244140625,212.39999389648438,208.64999389648438,210.8699951171875,3594300
2026-09-16,201.9600067138672,201.9600067138672,212.22000122070312,197.00999450683594,210.19000244140625,12877400
2026-09-17,197.0,197.0,203.63999938964844,197.0,202.25,11790500
2026-09-18,198.1999969482422,198.1999969482422,199.6300048828125,195.4600067138672,196.8300018310547,9814400
